fila,fold,puntaje
3,1,0.006666666666666667
11,1,0.02744444444444444
13,1,0.0
14,1,0.0
40,1,0.08
42,1,0.013333333333333334
52,1,0.013333333333333334
59,1,0.05333333333333334
65,1,0.011111111111111112
68,1,0.006666666666666667
69,1,0.01
79,1,0.0
85,1,0.02
89,1,0.0
90,1,0.0
94,1,0.023333333333333334
95,1,0.03
102,1,0.01
105,1,0.0033333333333333335
109,1,0.04666666666666667
121,1,0.0
139,1,0.0
169,1,0.0033333333333333335
174,1,0.0033333333333333335
180,1,0.0
182,1,0.023333333333333334
187,1,0.04666666666666667
191,1,0.01
194,1,0.016666666666666666
208,1,0.043333333333333335
215,1,0.02
222,1,0.013333333333333334
228,1,0.02666666666666667
236,1,0.0
245,1,0.02
252,1,0.013333333333333334
257,1,0.03333333333333333
263,1,0.01
274,1,0.01
286,1,0.02
287,1,0.01
290,1,0.0
315,1,0.013333333333333334
319,1,0.013333333333333334
322,1,0.02
323,1,0.0
332,1,0.016666666666666666
336,1,0.09333333333333334
337,1,0.03
341,1,0.013333333333333334
344,1,0.02
349,1,0.0
357,1,0.023333333333333334
360,1,0.03666666666666667
367,1,0.013333333333333334
368,1,0.0
369,1,0.0033333333333333335
373,1,0.03716666666666667
381,1,0.0
383,1,0.01
388,1,0.006666666666666667
394,1,0.0
395,1,0.0
404,1,0.0
406,1,0.09
410,1,0.0
420,1,0.0033333333333333335
427,1,0.0033333333333333335
428,1,0.006666666666666667
435,1,0.0
443,1,0.03
448,1,0.013333333333333334
452,1,0.08
458,1,0.0
465,1,0.023333333333333334
466,1,0.023333333333333334
467,1,0.06666666666666667
483,1,0.0033333333333333335
484,1,0.006666666666666667
485,1,0.0033333333333333335
491,1,0.01
505,1,0.02666666666666667
509,1,0.02
514,1,0.023333333333333334
515,1,0.01
522,1,0.0033333333333333335
540,1,0.016666666666666666
541,1,0.007777777777777777
557,1,0.0033333333333333335
559,1,0.0033333333333333335
563,1,0.0
566,1,0.006666666666666667
572,1,0.0
574,1,0.006666666666666667
575,1,0.32
578,1,0.0033333333333333335
590,1,0.006666666666666667
593,1,0.0033333333333333335
614,1,0.01
615,1,0.0033333333333333335
626,1,0.0
633,1,0.03
644,1,0.0
650,1,0.0
659,1,0.043333333333333335
661,1,0.09666666666666666
665,1,0.0033333333333333335
675,1,0.006666666666666667
678,1,0.023333333333333334
687,1,0.006666666666666667
689,1,0.01
690,1,0.006666666666666667
692,1,0.01
698,1,0.01
699,1,0.006666666666666667
700,1,0.013333333333333334
703,1,0.0033333333333333335
714,1,0.0033333333333333335
724,1,0.01
728,1,0.0
734,1,0.02222222222222222
738,1,0.04
746,1,0.03
759,1,0.006666666666666667
760,1,0.006666666666666667
763,1,0.013333333333333334
765,1,0.006666666666666667
772,1,0.0033333333333333335
784,1,0.013333333333333334
788,1,0.0033333333333333335
789,1,0.07666666666666666
794,1,0.02666666666666667
796,1,0.023333333333333334
826,1,0.0033333333333333335
827,1,0.01
828,1,0.0033333333333333335
830,1,0.06
837,1,0.0033333333333333335
844,1,0.0
864,1,0.0033333333333333335
869,1,0.20666666666666667
871,1,0.05
881,1,0.0
885,1,0.0
892,1,0.013333333333333334
909,1,0.016666666666666666
910,1,0.027777777777777773
913,1,0.043333333333333335
917,1,0.02
921,1,0.0033333333333333335
922,1,0.0
924,1,0.05333333333333334
938,1,0.05333333333333334
939,1,0.013333333333333334
940,1,0.04
946,1,0.006666666666666667
968,1,0.06333333333333334
969,1,0.023333333333333334
972,1,0.0033333333333333335
976,1,0.04
988,1,0.0
991,1,0.02
995,1,0.06333333333333334
997,1,0.03
1001,1,0.013333333333333334
1007,1,0.0033333333333333335
1012,1,0.02
1015,1,0.6166666666666667
1017,1,0.023333333333333334
1036,1,0.02666666666666667
1042,1,0.0
1044,1,0.0033333333333333335
1047,1,0.0033333333333333335
1056,1,0.013333333333333334
1057,1,0.01
1087,1,0.0033333333333333335
1094,1,0.006666666666666667
1100,1,0.0
1110,1,0.03333333333333333
1111,1,0.06333333333333334
1114,1,0.09
1118,1,0.0
1135,1,0.0
1144,1,0.013333333333333334
1156,1,0.12
1165,1,0.01
1174,1,0.016666666666666666
1181,1,0.0
1182,1,0.023333333333333334
1188,1,0.0033333333333333335
1228,1,0.0033333333333333335
1232,1,0.0033333333333333335
1240,1,0.023333333333333334
1245,1,0.0
1251,1,0.0
1257,1,0.006666666666666667
1260,1,0.11
1267,1,0.02
1272,1,0.05333333333333334
1276,1,0.013333333333333334
1285,1,0.006666666666666667
1289,1,0.0033333333333333335
1291,1,0.0033333333333333335
1313,1,0.006666666666666667
1314,1,0.13333333333333333
1317,1,0.03666666666666667
1320,1,0.0
1323,1,0.03
1331,1,0.006666666666666667
1335,1,0.30333333333333334
1337,1,0.13666666666666666
1346,1,0.06333333333333334
1349,1,0.0
1354,1,0.05
1368,1,0.03
1388,1,0.01
1408,1,0.0033333333333333335
1442,1,0.0033333333333333335
1450,1,0.0033333333333333335
1454,1,0.01
1457,1,0.03333333333333333
1485,1,0.08
1489,1,0.07
1501,1,0.04
1514,1,0.006666666666666667
1519,1,0.006666666666666667
1525,1,0.06666666666666667
1531,1,0.03666666666666667
1533,1,0.016666666666666666
1542,1,0.0033333333333333335
1564,1,0.0033333333333333335
1567,1,0.07
1573,1,0.01
1587,1,0.07666666666666666
1602,1,0.006666666666666667
1605,1,0.13
1609,1,0.0033333333333333335
1614,1,0.12333333333333334
1627,1,0.006666666666666667
1629,1,0.0033333333333333335
1630,1,0.01
1633,1,0.17333333333333334
1636,1,0.08666666666666667
1639,1,0.09666666666666666
1640,1,0.02
1644,1,0.07666666666666666
1646,1,0.01
1653,1,0.03
1654,1,0.006666666666666667
1665,1,0.33666666666666667
1676,1,0.043333333333333335
1704,1,0.013333333333333334
1718,1,0.09666666666666666
1722,1,0.045
1726,1,0.07333333333333333
1730,1,0.0033333333333333335
1762,1,0.1
1769,1,0.036111111111111115
1775,1,0.0033333333333333335
1780,1,0.006666666666666667
1781,1,0.043333333333333335
1787,1,0.0
1793,1,0.0
1795,1,0.06666666666666667
1801,1,0.06666666666666667
1805,1,0.02666666666666667
1808,1,0.02
1811,1,0.0
1817,1,0.0
1819,1,0.03
1820,1,0.08
1824,1,0.0033333333333333335
1835,1,0.0011111111111111111
1854,1,0.006666666666666667
1855,1,0.006666666666666667
1860,1,0.016666666666666666
1861,1,0.006666666666666667
1864,1,0.0033333333333333335
1865,1,0.013333333333333334
1874,1,0.023333333333333334
1875,1,0.0
1876,1,0.03666666666666667
1883,1,0.013333333333333334
1884,1,0.0
1890,1,0.0033333333333333335
1897,1,0.03666666666666667
1900,1,0.0033333333333333335
1905,1,0.023333333333333334
1906,1,0.03666666666666667
1911,1,0.02666666666666667
1919,1,0.03333333333333333
1926,1,0.02
1959,1,0.016666666666666666
1972,1,0.05
1976,1,0.0
1978,1,0.016666666666666666
1986,1,0.0
1989,1,0.006666666666666667
1990,1,0.02
1998,1,0.04
2012,1,0.01
2015,1,0.0
2016,1,0.0
2021,1,0.0
2047,1,0.05333333333333334
2054,1,0.02
2065,1,0.023333333333333334
2068,1,0.0033333333333333335
2088,1,0.0033333333333333335
2103,1,0.0033333333333333335
2108,1,0.03
2112,1,0.013333333333333334
2114,1,0.013333333333333334
2116,1,0.07666666666666666
2118,1,0.01
2128,1,0.0
2130,1,0.0
2131,1,0.01
2141,1,0.06666666666666667
2148,1,0.0
2154,1,0.0
2161,1,0.006666666666666667
2163,1,0.0
2164,1,0.0
2166,1,0.0
2167,1,0.019166666666666665
2173,1,0.0
2181,1,0.006666666666666667
2188,1,0.006666666666666667
2189,1,0.028333333333333332
2191,1,0.01
2193,1,0.019166666666666665
2198,1,0.0033333333333333335
2210,1,0.01
2232,1,0.006666666666666667
2240,1,0.027222222222222228
2253,1,0.016666666666666666
2256,1,0.0
2264,1,0.02666666666666667
2268,1,0.056666666666666664
2270,1,0.01
2275,1,0.01
2278,1,0.0
2303,1,0.0
2309,1,0.006666666666666667
2313,1,0.0
2314,1,0.043333333333333335
2317,1,0.0
2318,1,0.08144444444444444
2322,1,0.0033333333333333335
2323,1,0.03333333333333333
2325,1,0.06333333333333334
2342,1,0.01
2347,1,0.0
2350,1,0.02
2354,1,0.0
2356,1,0.10333333333333333
2391,1,0.0
2395,1,0.006666666666666667
2399,1,0.006666666666666667
2409,1,0.006666666666666667
2412,1,0.0033333333333333335
2421,1,0.016666666666666666
2429,1,0.03333333333333333
2432,1,0.0033333333333333335
2442,1,0.04666666666666667
2443,1,0.02
2447,1,0.0033333333333333335
2450,1,0.016666666666666666
2451,1,0.0
2470,1,0.0
2471,1,0.0
2474,1,0.0033333333333333335
2476,1,0.0033333333333333335
2485,1,0.03422222222222222
2501,1,0.013333333333333334
2505,1,0.006666666666666667
2506,1,0.01
2512,1,0.023333333333333334
2513,1,0.006666666666666667
2525,1,0.0033333333333333335
2528,1,0.0
2536,1,0.006666666666666667
2537,1,0.0033333333333333335
2539,1,0.05333333333333334
2541,1,0.0
2547,1,0.0033333333333333335
2559,1,0.07
2562,1,0.0033333333333333335
2566,1,0.013333333333333334
2570,1,0.006666666666666667
2572,1,0.056666666666666664
2579,1,0.02666666666666667
2587,1,0.0
2589,1,0.016666666666666666
2604,1,0.01
2610,1,0.023333333333333334
2615,1,0.01
2619,1,0.0
2630,1,0.07333333333333333
2635,1,0.02
2640,1,0.013333333333333334
2652,1,0.006666666666666667
2656,1,0.08333333333333333
2658,1,0.006666666666666667
2664,1,0.0
2678,1,0.006666666666666667
2685,1,0.08666666666666667
2687,1,0.013333333333333334
2696,1,0.07
2700,1,0.22666666666666666
2708,1,0.03666666666666667
2711,1,0.02138888888888889
2715,1,0.11666666666666667
2721,1,0.0033333333333333335
2730,1,0.013333333333333334
2734,1,0.01
2741,1,0.0033333333333333335
2745,1,0.01
2746,1,0.016666666666666666
2747,1,0.016666666666666666
2765,1,0.006666666666666667
2767,1,0.01
2768,1,0.016666666666666666
2780,1,0.016666666666666666
2783,1,0.04
2784,1,0.016666666666666666
2792,1,0.01
2795,1,0.04444444444444444
2797,1,0.013333333333333334
2802,1,0.023333333333333334
2803,1,0.0
2820,1,0.013333333333333334
2821,1,0.006666666666666667
2824,1,0.02
2825,1,0.016666666666666666
2830,1,0.08
2841,1,0.023333333333333334
2872,1,0.02
2876,1,0.023333333333333334
2890,1,0.0
2891,1,0.21333333333333335
2901,1,0.006666666666666667
2917,1,0.0
2919,1,0.0033333333333333335
2933,1,0.0
2944,1,0.006666666666666667
2946,1,0.01
2961,1,0.07666666666666666
2966,1,0.056666666666666664
2976,1,0.09
2981,1,0.006666666666666667
2991,1,0.0
3000,1,0.0
3006,1,0.013333333333333334
3007,1,0.01
3016,1,0.0033333333333333335
3019,1,0.006666666666666667
3022,1,0.03333333333333333
3027,1,0.06333333333333334
3028,1,0.0033333333333333335
3029,1,0.006666666666666667
3031,1,0.02
3038,1,0.0033333333333333335
3042,1,0.01
3046,1,0.0033333333333333335
3048,1,0.14666666666666667
3049,1,0.07666666666666666
3050,1,0.04666666666666667
3061,1,0.03
3071,1,0.04666666666666667
3074,1,0.0
3093,1,0.023333333333333334
3097,1,0.02
3101,1,0.3333333333333333
3107,1,0.05
3113,1,0.056666666666666664
3137,1,0.013333333333333334
3139,1,0.22333333333333333
3145,1,0.0
3152,1,0.01
3155,1,0.01
3157,1,0.02666666666666667
3161,1,0.07
3162,1,0.17666666666666667
3166,1,0.0033333333333333335
3181,1,0.0
3187,1,0.03333333333333333
3190,1,0.013333333333333334
3204,1,0.0033333333333333335
3205,1,0.0
3206,1,0.03333333333333333
3210,1,0.04
3220,1,0.013333333333333334
3223,1,0.0
3225,1,0.05333333333333334
3242,1,0.0
3250,1,0.03666666666666667
3257,1,0.006666666666666667
3263,1,0.006666666666666667
3264,1,0.01
3266,1,0.0
3279,1,0.016666666666666666
3284,1,0.056666666666666664
3302,1,0.006666666666666667
3305,1,0.12666666666666668
3312,1,0.06
3323,1,0.03
3324,1,0.07666666666666666
3326,1,0.02
3329,1,0.0
3334,1,0.0
3363,1,0.016666666666666666
3366,1,0.0033333333333333335
3378,1,0.03
3396,1,0.02
3401,1,0.006666666666666667
3402,1,0.0
3414,1,0.0033333333333333335
3424,1,0.04
3425,1,0.1
3431,1,0.013333333333333334
3433,1,0.03
3439,1,0.0
3440,1,0.016666666666666666
3460,1,0.0011111111111111111
3466,1,0.02
3471,1,0.11333333333333333
3474,1,0.016666666666666666
3487,1,0.0
3488,1,0.01
3491,1,0.006666666666666667
3502,1,0.03333333333333333
3509,1,0.0
3515,1,0.04666666666666667
3531,1,0.17
3536,1,0.0033333333333333335
3546,1,0.023333333333333334
3552,1,0.013333333333333334
3555,1,0.013333333333333334
3557,1,0.11
3559,1,0.04
3567,1,0.01
3571,1,0.06
3573,1,0.03
3580,1,0.05333333333333334
3583,1,0.0
3587,1,0.37333333333333335
3590,1,0.03666666666666667
3592,1,0.0033333333333333335
3595,1,0.0
3600,1,0.0
3606,1,0.08
3617,1,0.006666666666666667
3621,1,0.03
3623,1,0.03
3631,1,0.05333333333333334
3633,1,0.06666666666666667
3641,1,0.05
3656,1,0.016666666666666666
3661,1,0.07333333333333333
3662,1,0.016666666666666666
3663,1,0.10666666666666667
3667,1,0.023333333333333334
3669,1,0.13
3670,1,0.013333333333333334
3677,1,0.056666666666666664
3682,1,0.0033333333333333335
3694,1,0.05333333333333334
3696,1,0.0033333333333333335
3699,1,0.006666666666666667
3712,1,0.023333333333333334
3717,1,0.016666666666666666
3720,1,0.01
3737,1,0.01
3738,1,0.03611111111111111
3739,1,0.02666666666666667
3745,1,0.006666666666666667
3750,1,0.016666666666666666
3756,1,0.01
3758,1,0.0
3766,1,0.03333333333333333
3768,1,0.09333333333333334
3770,1,0.0033333333333333335
3775,1,0.03666666666666667
3795,1,0.023333333333333334
3806,1,0.023333333333333334
3809,1,0.02
3811,1,0.32666666666666666
3813,1,0.013333333333333334
3815,1,0.013333333333333334
3817,1,0.043333333333333335
3828,1,0.051666666666666666
3840,1,0.0033333333333333335
3842,1,0.04
3847,1,0.03
3848,1,0.0033333333333333335
3849,1,0.1
3850,1,0.06833333333333333
3853,1,0.006666666666666667
3863,1,0.006666666666666667
3869,1,0.06333333333333334
3877,1,0.016666666666666666
3885,1,0.14333333333333334
3897,1,0.2633333333333333
3901,1,0.006666666666666667
3903,1,0.04
3917,1,0.013333333333333334
3925,1,0.11666666666666667
3933,1,0.0033333333333333335
3934,1,0.01
3936,1,0.043333333333333335
3943,1,0.03
3944,1,0.06666666666666667
3947,1,0.02
3953,1,0.0
3960,1,0.04
3962,1,0.0
3975,1,0.0033333333333333335
3978,1,0.12333333333333334
3979,1,0.006666666666666667
3988,1,0.02
3989,1,0.0033333333333333335
4008,1,0.0
4010,1,0.09
4015,1,0.04666666666666667
4016,1,0.05
4018,1,0.15666666666666668
4031,1,0.03
4034,1,0.013333333333333334
4046,1,0.023333333333333334
4049,1,0.03333333333333333
4054,1,0.0033333333333333335
4055,1,0.04
4061,1,0.04666666666666667
4067,1,0.01
4071,1,0.03
4077,1,0.018333333333333333
4084,1,0.036111111111111115
4085,1,0.0033333333333333335
4092,1,0.023333333333333334
4103,1,0.03333333333333333
4120,1,0.043333333333333335
4128,1,0.13
4143,1,0.18666666666666668
4144,1,0.04
4151,1,0.006666666666666667
4165,1,0.08666666666666667
4169,1,0.02666666666666667
4173,1,0.016666666666666666
4178,1,0.023333333333333334
4179,1,0.07
4202,1,0.07666666666666666
4203,1,0.03
4226,1,0.03333333333333333
4230,1,0.006666666666666667
4231,1,0.0
4232,1,0.013333333333333334
4237,1,0.056666666666666664
4243,1,0.023333333333333334
4271,1,0.016666666666666666
4276,1,0.0
4277,1,0.006666666666666667
4287,1,0.0
4288,1,0.06666666666666667
4295,1,0.11222222222222224
4306,1,0.0
4316,1,0.006666666666666667
4317,1,0.0033333333333333335
4318,1,0.004166666666666667
4322,1,0.16666666666666666
4327,1,0.01
4339,1,0.0
4340,1,0.01
4341,1,0.08
4347,1,0.023333333333333334
4355,1,0.006666666666666667
4359,1,0.01
4360,1,0.0
4361,1,0.006666666666666667
4386,1,0.10333333333333333
4388,1,0.033
4397,1,0.0033333333333333335
4402,1,0.12333333333333334
4413,1,0.01
4414,1,0.0
4423,1,0.006666666666666667
4426,1,0.016666666666666666
4428,1,0.05
4433,1,0.023333333333333334
4435,1,0.006666666666666667
4446,1,0.006666666666666667
4458,1,0.20666666666666667
4461,1,0.006666666666666667
4471,1,0.0
4473,1,0.13666666666666666
4479,1,0.03666666666666667
4480,1,0.15444444444444444
4499,1,0.006666666666666667
4518,1,0.03333333333333333
4522,1,0.01
4528,1,0.0
4534,1,0.01
4542,1,0.05333333333333334
4554,1,0.006666666666666667
4568,1,0.01
4571,1,0.01
4577,1,0.006666666666666667
4578,1,0.023333333333333334
4583,1,0.0
4587,1,0.02
4601,1,0.21
4615,1,0.006666666666666667
4617,1,0.0033333333333333335
4618,1,0.0033333333333333335
4627,1,0.0
4637,1,0.05333333333333334
4638,1,0.013333333333333334
4644,1,0.0
4647,1,0.0033333333333333335
4652,1,0.043333333333333335
4669,1,0.006666666666666667
4678,1,0.016666666666666666
4679,1,0.1
4680,1,0.03333333333333333
4694,1,0.0033333333333333335
4696,1,0.006666666666666667
4697,1,0.03333333333333333
4703,1,0.013333333333333334
4704,1,0.03666666666666667
4708,1,0.02666666666666667
4720,1,0.03666666666666667
4740,1,0.0033333333333333335
4741,1,0.0
4777,1,0.013333333333333334
4787,1,0.016666666666666666
4791,1,0.11333333333333333
4798,1,0.07333333333333333
4801,1,0.006666666666666667
4802,1,0.17
4808,1,0.01
4810,1,0.006666666666666667
4811,1,0.013333333333333334
4826,1,0.02
4829,1,0.006666666666666667
4830,1,0.01
4831,1,0.0
4841,1,0.0033333333333333335
4844,1,0.006666666666666667
4848,1,0.0
4851,1,0.0033333333333333335
4857,1,0.0
4869,1,0.03666666666666667
4886,1,0.006666666666666667
4891,1,0.11
4896,1,0.03666666666666667
4902,1,0.03666666666666667
4916,1,0.01
4919,1,0.02666666666666667
4924,1,0.05
4929,1,0.0033333333333333335
4936,1,0.02666666666666667
4939,1,0.02666666666666667
4942,1,0.023333333333333334
4950,1,0.013333333333333334
4962,1,0.01
4969,1,0.12
4974,1,0.0033333333333333335
4982,1,0.02
4987,1,0.03333333333333333
4988,1,0.0033333333333333335
4993,1,0.06666666666666667
4995,1,0.023333333333333334
4998,1,0.02
5014,1,0.023333333333333334
5015,1,0.016666666666666666
5023,1,0.043333333333333335
5024,1,0.0033333333333333335
5038,1,0.19333333333333333
5040,1,0.0
5047,1,0.05
5057,1,0.013333333333333334
5063,1,0.03
5067,1,0.006666666666666667
5074,1,0.02666666666666667
5085,1,0.0033333333333333335
5088,1,0.01
5104,1,0.0
5110,1,0.02
5113,1,0.0
5123,1,0.02666666666666667
5128,1,0.023333333333333334
5129,1,0.15
5131,1,0.013333333333333334
5141,1,0.021944444444444447
5160,1,0.05
5163,1,0.056666666666666664
5173,1,0.06
5179,1,0.006666666666666667
5187,1,0.03
5196,1,0.15333333333333332
5198,1,0.03
5199,1,0.03
5201,1,0.016666666666666666
5205,1,0.05333333333333334
5208,1,0.33
5212,1,0.02666666666666667
5216,1,0.02
5217,1,0.0
5219,1,0.016666666666666666
5222,1,0.05
5237,1,0.0
5238,1,0.03333333333333333
5240,1,0.02666666666666667
5245,1,0.02666666666666667
5249,1,0.043055555555555555
5250,1,0.011666666666666667
5256,1,0.1
5275,1,0.07333333333333333
5286,1,0.018333333333333333
5288,1,0.0
5289,1,0.006666666666666667
5293,1,0.0033333333333333335
5294,1,0.03666666666666667
5295,1,0.02666666666666667
5300,1,0.016666666666666666
5301,1,0.10333333333333333
5302,1,0.006666666666666667
5305,1,0.11
5309,1,0.006666666666666667
5313,1,0.23
5317,1,0.016666666666666666
5320,1,0.056666666666666664
5330,1,0.23333333333333334
5339,1,0.07333333333333333
5343,1,0.023333333333333334
5350,1,0.013333333333333334
5356,1,0.03666666666666667
5358,1,0.0
5359,1,0.07
5378,1,0.15666666666666668
5381,1,0.08333333333333333
5394,1,0.0033333333333333335
5405,1,0.0033333333333333335
5407,1,0.0033333333333333335
5410,1,0.38666666666666666
5411,1,0.03666666666666667
5420,1,0.03
5423,1,0.023333333333333334
5426,1,0.08944444444444444
5428,1,0.02
5430,1,0.0033333333333333335
5438,1,0.05333333333333334
5439,1,0.013333333333333334
5440,1,0.04666666666666667
5448,1,0.07666666666666666
5453,1,0.016666666666666666
5463,1,0.03333333333333333
5472,1,0.006666666666666667
5485,1,0.016666666666666666
5490,1,0.0033333333333333335
5504,1,0.03333333333333333
5507,1,0.0044444444444444444
5508,1,0.0
5511,1,0.01
5516,1,0.013333333333333334
5521,1,0.006666666666666667
5525,1,0.0033333333333333335
5529,1,0.0033333333333333335
5538,1,0.0
5548,1,0.02
5551,1,0.36666666666666664
5554,1,0.006666666666666667
5558,1,0.0
5579,1,0.016666666666666666
5585,1,0.006666666666666667
5587,1,0.006666666666666667
5589,1,0.013333333333333334
5592,1,0.0
5601,1,0.0033333333333333335
5605,1,0.018333333333333333
5609,1,0.006666666666666667
5612,1,0.02666666666666667
5621,1,0.006666666666666667
5629,1,0.0
5635,1,0.0
5639,1,0.03666666666666667
5641,1,0.01
5644,1,0.0
5652,1,0.006666666666666667
5675,1,0.03666666666666667
5681,1,0.0033333333333333335
5687,1,0.0
5694,1,0.0033333333333333335
5696,1,0.07666666666666666
5718,1,0.006666666666666667
5766,1,0.02
5778,1,0.0033333333333333335
5788,1,0.006666666666666667
5797,1,0.013333333333333334
5798,1,0.02
5810,1,0.01
5812,1,0.0
5820,1,0.02666666666666667
5825,1,0.0
5831,1,0.0
5832,1,0.02
5837,1,0.09333333333333334
5838,1,0.04
5841,1,0.023333333333333334
5843,1,0.030555555555555558
5846,1,0.03333333333333333
5848,1,0.0033333333333333335
5850,1,0.0
5861,1,0.006666666666666667
5863,1,0.013333333333333334
5868,1,0.006666666666666667
5879,1,0.043333333333333335
5886,1,0.023333333333333334
5889,1,0.013333333333333334
5898,1,0.04
5904,1,0.03166666666666667
5906,1,0.006666666666666667
5926,1,0.02
5934,1,0.0
5938,1,0.0
5940,1,0.0
5942,1,0.0
5945,1,0.0
5968,1,0.016388888888888887
5970,1,0.013333333333333334
5975,1,0.016666666666666666
5988,1,0.04
5989,1,0.016666666666666666
6002,1,0.0
6005,1,0.016666666666666666
6008,1,0.11666666666666667
6014,1,0.03666666666666667
6016,1,0.011666666666666667
6020,1,0.03333333333333333
6025,1,0.006666666666666667
6027,1,0.0033333333333333335
6038,1,0.023333333333333334
6041,1,0.013333333333333334
6042,1,0.13111111111111112
6051,1,0.016666666666666666
6054,1,0.05333333333333334
6055,1,0.0033333333333333335
6057,1,0.006666666666666667
6061,1,0.013333333333333334
6067,1,0.0
6074,1,0.05
6078,1,0.07
6081,1,0.012777777777777779
6083,1,0.03666666666666667
6089,1,0.006666666666666667
6094,1,0.023333333333333334
6102,1,0.13666666666666666
6110,1,0.006666666666666667
6114,1,0.0033333333333333335
6127,1,0.0
6129,1,0.0
6130,1,0.006666666666666667
6135,1,0.013333333333333334
6145,1,0.16138888888888892
6146,1,0.0
6153,1,0.03555555555555556
6171,1,0.01
6187,1,0.0
6191,1,0.013333333333333334
6195,1,0.6675555555555556
6203,1,0.0
6210,1,0.29
6214,1,0.006666666666666667
6219,1,0.0
6231,1,0.016666666666666666
6234,1,0.0
6240,1,0.056666666666666664
6250,1,0.02
6251,1,0.0
6260,1,0.0033333333333333335
6268,1,0.0033333333333333335
6269,1,0.006666666666666667
6272,1,0.006666666666666667
6280,1,0.013333333333333334
6281,1,0.0
6293,1,0.03333333333333333
6306,1,0.0033333333333333335
6311,1,0.0
6319,1,0.0033333333333333335
6320,1,0.013333333333333334
6324,1,0.0033333333333333335
6348,1,0.02
6362,1,0.0033333333333333335
6371,1,0.006666666666666667
6379,1,0.03
6381,1,0.02
6388,1,0.006666666666666667
6395,1,0.0
6396,1,0.01
6397,1,0.011333333333333332
6403,1,0.02
6407,1,0.006666666666666667
6412,1,0.0033333333333333335
6414,1,0.01
6415,1,0.013333333333333334
6420,1,0.016666666666666666
6421,1,0.006666666666666667
6434,1,0.08666666666666667
6435,1,0.006666666666666667
6447,1,0.02
6467,1,0.11333333333333333
6472,1,0.02
6475,1,0.0
6489,1,0.01
6496,1,0.043333333333333335
6498,1,0.013333333333333334
6513,1,0.006666666666666667
6514,1,0.07333333333333333
6519,1,0.03
6531,1,0.0033333333333333335
6532,1,0.0
6533,1,0.006666666666666667
6537,1,0.0
6545,1,0.023333333333333334
6554,1,0.02666666666666667
6564,1,0.043333333333333335
6580,1,0.006666666666666667
6583,1,0.03333333333333333
6591,1,0.006666666666666667
6594,1,0.03333333333333333
6595,1,0.006666666666666667
6597,1,0.03
6605,1,0.02
6609,1,0.04
6612,1,0.013333333333333334
6625,1,0.056666666666666664
6635,1,0.0
6641,1,0.03666666666666667
6647,1,0.013333333333333334
6653,1,0.02
6657,1,0.013333333333333334
6661,1,0.01
6663,1,0.0
6670,1,0.02
6687,1,0.006666666666666667
6690,1,0.16666666666666666
6691,1,0.01
6698,1,0.02666666666666667
6703,1,0.02666666666666667
6704,1,0.023333333333333334
6707,1,0.0033333333333333335
6711,1,0.0
6714,1,0.016666666666666666
6717,1,0.02
6728,1,0.06666666666666667
6737,1,0.0033333333333333335
6744,1,0.006666666666666667
6756,1,0.08666666666666667
6765,1,0.0033333333333333335
6774,1,0.006666666666666667
6776,1,0.0033333333333333335
6777,1,0.0
6780,1,0.006666666666666667
6783,1,0.016666666666666666
6784,1,0.013333333333333334
6802,1,0.06666666666666667
6806,1,0.0
6807,1,0.09333333333333334
6810,1,0.0
6822,1,0.0033333333333333335
6824,1,0.02666666666666667
6843,1,0.01
6851,1,0.006666666666666667
6853,1,0.006666666666666667
6855,1,0.04
6865,1,0.08333333333333333
6881,1,0.006666666666666667
6885,1,0.0033333333333333335
6887,1,0.03666666666666667
6890,1,0.013333333333333334
6896,1,0.01
6908,1,0.0
6915,1,0.01
6916,1,0.023333333333333334
6923,1,0.006666666666666667
6926,1,0.01
6935,1,0.01
6938,1,0.03
6945,1,0.02
6947,1,0.011666666666666667
6959,1,0.04
6962,1,0.03
6971,1,0.0033333333333333335
6975,1,0.01
6982,1,0.0
6984,1,0.08666666666666667
6988,1,0.016666666666666666
6993,1,0.02
7005,1,0.006666666666666667
7012,1,0.02666666666666667
7013,1,0.05333333333333334
7020,1,0.016666666666666666
7021,1,0.02
7032,1,0.023333333333333334
7034,1,0.01
7051,1,0.03
7059,1,0.056666666666666664
7063,1,0.043333333333333335
7083,1,0.06333333333333334
7085,1,0.006666666666666667
7091,1,0.03
7093,1,0.07666666666666666
7094,1,0.0033333333333333335
7099,1,0.013333333333333334
7108,1,0.016666666666666666
7117,1,0.03666666666666667
7129,1,0.0
7136,1,0.01
7142,1,0.02
7147,1,0.08333333333333333
7154,1,0.006666666666666667
7180,1,0.006666666666666667
7185,1,0.023333333333333334
7190,1,0.006666666666666667
7194,1,0.0033333333333333335
7216,1,0.03333333333333333
7223,1,0.006666666666666667
7228,1,0.013333333333333334
7234,1,0.03
7238,1,0.006666666666666667
7239,1,0.043333333333333335
7241,1,0.03666666666666667
7270,1,0.013333333333333334
7307,1,0.09333333333333334
7314,1,0.08
7317,1,0.016666666666666666
7324,1,0.0033333333333333335
7327,1,0.07666666666666666
7339,1,0.4166666666666667
7354,1,0.43333333333333335
7359,1,0.04
7370,1,0.17333333333333334
7381,1,0.04
7385,1,0.023333333333333334
7387,1,0.04666666666666667
7399,1,0.02
7407,1,0.06333333333333334
7426,1,0.05
7429,1,0.01
7431,1,0.03333333333333333
7443,1,0.01
7457,1,0.03
7469,1,0.02666666666666667
7488,1,0.023333333333333334
7493,1,0.06333333333333334
7501,1,0.0033333333333333335
7505,1,0.02666666666666667
7511,1,0.0
7528,1,0.07
7529,1,0.056666666666666664
7538,1,0.013333333333333334
7540,1,0.07666666666666666
7544,1,0.01
7546,1,0.08666666666666667
7556,1,0.006666666666666667
7561,1,0.02666666666666667
7563,1,0.06333333333333334
7572,1,0.023333333333333334
7575,1,0.10333333333333333
7576,1,0.04
7583,1,0.023333333333333334
7591,1,0.016666666666666666
7596,1,0.03333333333333333
7614,1,0.05333333333333334
7617,1,0.013333333333333334
7622,1,0.05
7632,1,0.03
7633,1,0.0033333333333333335
7636,1,0.013333333333333334
7637,1,0.013333333333333334
7638,1,0.023333333333333334
7648,1,0.056666666666666664
7649,1,0.01
7656,1,0.03333333333333333
7659,1,0.01
7670,1,0.0
7692,1,0.06666666666666667
7700,1,0.1
7707,1,0.09666666666666666
7719,1,0.0033333333333333335
7720,1,0.08333333333333333
7724,1,0.05
7737,1,0.006666666666666667
7741,1,0.02666666666666667
7744,1,0.03
7748,1,0.0033333333333333335
7751,1,0.2
7752,1,0.01
7753,1,0.06666666666666667
7757,1,0.04
7765,1,0.0033333333333333335
7767,1,0.02
7769,1,0.006666666666666667
7777,1,0.03
7778,1,0.05333333333333334
7781,1,0.14
7789,1,0.17
7794,1,0.03
7802,1,0.013333333333333334
7827,1,0.0
7833,1,0.03
7834,1,0.01777777777777778
7839,1,0.03
7841,1,0.023333333333333334
7856,1,0.03333333333333333
7858,1,0.05333333333333334
7859,1,0.07
7862,1,0.0033333333333333335
7863,1,0.006666666666666667
7869,1,0.04
7872,1,0.03
7882,1,0.03666666666666667
7884,1,0.043333333333333335
7886,1,0.07666666666666666
7890,1,0.03
7891,1,0.02666666666666667
7912,1,0.04
7923,1,0.01
7924,1,0.043333333333333335
7929,1,0.03
7949,1,0.06333333333333334
7954,1,0.19
7955,1,0.021111111111111112
7958,1,0.056666666666666664
7959,1,0.22333333333333333
7961,1,0.07
7968,1,0.013333333333333334
7970,1,0.0033333333333333335
7971,1,0.0033333333333333335
7975,1,0.06333333333333334
7988,1,0.043333333333333335
7990,1,0.023333333333333334
7992,1,0.0
7996,1,0.006666666666666667
8000,1,0.01
8003,1,0.016666666666666666
8014,1,0.043333333333333335
8022,1,0.02666666666666667
8029,1,0.03333333333333333
8031,1,0.02
8041,1,0.04666666666666667
8042,1,0.023333333333333334
8055,1,0.016666666666666666
8058,1,0.03333333333333333
8074,1,0.043333333333333335
8075,1,0.06
8082,1,0.023333333333333334
8084,1,0.03333333333333333
8089,1,0.043333333333333335
8097,1,0.03666666666666667
8098,1,0.006666666666666667
8103,1,0.04666666666666667
8105,1,0.09
8112,1,0.03666666666666667
8113,1,0.03333333333333333
8114,1,0.04666666666666667
8115,1,0.016666666666666666
8134,1,0.03666666666666667
8135,1,0.013333333333333334
8140,1,0.02
8142,1,0.0033333333333333335
8145,1,0.01
8150,1,0.03666666666666667
8155,1,0.013333333333333334
8164,1,0.08666666666666667
8169,1,0.06
8174,1,0.07666666666666666
8177,1,0.0
8183,1,0.07333333333333333
8187,1,0.013333333333333334
8198,1,0.0033333333333333335
8205,1,0.0033333333333333335
8212,1,0.11333333333333333
8215,1,0.04666666666666667
8218,1,0.013333333333333334
8220,1,0.013333333333333334
8221,1,0.06
8227,1,0.11666666666666667
8231,1,0.05333333333333334
8234,1,0.06
8235,1,0.05
8241,1,0.10333333333333333
8254,1,0.02666666666666667
8262,1,0.02
8266,1,0.02
8267,1,0.14
8273,1,0.15333333333333332
8277,1,0.0033333333333333335
8282,1,0.2866666666666667
8292,1,0.02666666666666667
8294,1,0.09666666666666666
8316,1,0.01
8320,1,0.03
8324,1,0.016666666666666666
8325,1,0.03333333333333333
8338,1,0.07
8342,1,0.06
8346,1,0.03666666666666667
8347,1,0.03666666666666667
8353,1,0.07
8359,1,0.013333333333333334
8364,1,0.02
8368,1,0.07666666666666666
8372,1,0.013333333333333334
8383,1,0.043333333333333335
8397,1,0.02
8426,1,0.02
8436,1,0.08
8439,1,0.09
8440,1,0.13333333333333333
8443,1,0.03666666666666667
8444,1,0.05
8454,1,0.006666666666666667
8460,1,0.05333333333333334
8465,1,0.013333333333333334
8467,1,0.013333333333333334
8472,1,0.11666666666666667
8473,1,0.05
8474,1,0.02666666666666667
8483,1,0.09333333333333334
8486,1,0.02
8493,1,0.14666666666666667
8499,1,0.016666666666666666
8503,1,0.22666666666666666
8509,1,0.06333333333333334
8510,1,0.08
8519,1,0.07333333333333333
8522,1,0.06333333333333334
8524,1,0.06333333333333334
8527,1,0.03
8532,1,0.05
8537,1,0.5233333333333333
8538,1,0.04
8547,1,0.07
8557,1,0.04472222222222222
8561,1,0.13
8570,1,0.25333333333333335
8572,1,0.03
8573,1,0.056666666666666664
8578,1,0.12333333333333334
8580,1,0.24333333333333335
8583,1,0.006666666666666667
8584,1,0.05
8587,1,0.06
8588,1,0.06666666666666667
8595,1,0.023333333333333334
8596,1,0.006666666666666667
8597,1,0.08333333333333333
8624,1,0.03666666666666667
8627,1,0.08666666666666667
8632,1,0.09333333333333334
8634,1,0.06666666666666667
8636,1,0.02
8637,1,0.0033333333333333335
8644,1,0.02
8645,1,0.11666666666666667
8648,1,0.16333333333333333
8650,1,0.22333333333333333
8658,1,0.07333333333333333
8659,1,0.05333333333333334
8660,1,0.01
8664,1,0.12666666666666668
8666,1,0.02666666666666667
8679,1,0.07666666666666666
8681,1,0.07
8693,1,0.07
8696,1,0.09333333333333334
8698,1,0.09666666666666666
8701,1,0.03333333333333333
8703,1,0.03333333333333333
8705,1,0.10666666666666667
8736,1,0.023333333333333334
8739,1,0.12666666666666668
8744,1,0.0
8749,1,0.01
8750,1,0.024555555555555556
8762,1,0.12783333333333333
8766,1,0.02666666666666667
8778,1,0.09
8788,1,0.25
8794,1,0.043333333333333335
8796,1,0.0
8814,1,0.09666666666666666
8816,1,0.04
8824,1,0.0033333333333333335
8825,1,0.05622222222222222
8835,1,0.03
8846,1,0.0033333333333333335
8852,1,0.07666666666666666
8857,1,0.0033333333333333335
8865,1,0.01
8873,1,0.02666666666666667
8875,1,0.016666666666666666
8876,1,0.013333333333333334
8884,1,0.0033333333333333335
8885,1,0.06
8890,1,0.17666666666666667
8899,1,0.22
8913,1,0.03666666666666667
8926,1,0.03333333333333333
8943,1,0.01861111111111111
8949,1,0.14333333333333334
8958,1,0.02666666666666667
8964,1,0.013333333333333334
8966,1,0.0
8969,1,0.03
8982,1,0.11
8984,1,0.0033333333333333335
9005,1,0.043333333333333335
9047,1,0.02
9051,1,0.08333333333333333
9064,1,0.02
9065,1,0.023333333333333334
9068,1,0.0
9071,1,0.0
9074,1,0.10333333333333333
9075,1,0.03
9080,1,0.1
9085,1,0.3233333333333333
9090,1,0.06
9094,1,0.043333333333333335
9095,1,0.17333333333333334
9098,1,0.06
9104,1,0.02
9110,1,0.04
9112,1,0.04
9122,1,0.04
9124,1,0.67
9125,1,0.07
9128,1,0.12333333333333334
9130,1,0.01
9137,1,0.04
9142,1,0.023333333333333334
9147,1,0.013333333333333334
9154,1,0.02
9159,1,0.021111111111111112
9164,1,0.02
9172,1,0.30333333333333334
9176,1,0.03666666666666667
9179,1,0.016666666666666666
9186,1,0.006666666666666667
9187,1,0.03666666666666667
9199,1,0.06333333333333334
9201,1,0.06666666666666667
9209,1,0.0
9223,1,0.03666666666666667
9231,1,0.09333333333333334
9244,1,0.06
9245,1,0.016666666666666666
9246,1,0.043333333333333335
9263,1,0.03666666666666667
9265,1,0.03666666666666667
9270,1,0.02666666666666667
9273,1,0.02666666666666667
9275,1,0.02
9290,1,0.01
9300,1,0.01
9303,1,0.06333333333333334
9311,1,0.02
9313,1,0.023333333333333334
9324,1,0.10666666666666667
9331,1,0.03
9337,1,0.02
9344,1,0.006666666666666667
9353,1,0.09666666666666666
9362,1,0.006666666666666667
9368,1,0.016666666666666666
9373,1,0.22333333333333333
9385,1,0.05
9389,1,0.08
9395,1,0.17
9399,1,0.056666666666666664
9406,1,0.05
9410,1,0.03666666666666667
9419,1,0.13
9437,1,0.20666666666666667
9442,1,0.02666666666666667
9445,1,0.04
9450,1,0.013333333333333334
9465,1,0.02
9474,1,0.02
9475,1,0.10333333333333333
9490,1,0.023333333333333334
9503,1,0.0
9510,1,0.0
9515,1,0.0
9519,1,0.08
9524,1,0.02666666666666667
9525,1,0.02666666666666667
9527,1,0.02666666666666667
9530,1,0.02
9545,1,0.06666666666666667
9549,1,0.0033333333333333335
9552,1,0.06
9553,1,0.013333333333333334
9561,1,0.0
9565,1,0.01
9573,1,0.03666666666666667
9586,1,0.08333333333333333
9588,1,0.01
9589,1,0.024444444444444446
9594,1,0.013333333333333334
9605,1,0.023333333333333334
9609,1,0.01
9618,1,0.29
9625,1,0.023333333333333334
9631,1,0.04666666666666667
9633,1,0.016666666666666666
9637,1,0.07
9638,1,0.0
9643,1,0.043333333333333335
9646,1,0.03
9647,1,0.03333333333333333
9654,1,0.03666666666666667
9673,1,0.04666666666666667
9679,1,0.03333333333333333
9688,1,0.016666666666666666
9701,1,0.03
9706,1,0.01
9721,1,0.01
9722,1,0.013333333333333334
9723,1,0.013333333333333334
9727,1,0.056666666666666664
9730,1,0.0033333333333333335
9734,1,0.006666666666666667
9741,1,0.02666666666666667
9754,1,0.03666666666666667
9756,1,0.02
9779,1,0.05333333333333334
9785,1,0.056666666666666664
9786,1,0.06666666666666667
9790,1,0.10666666666666667
9799,1,0.023333333333333334
9801,1,0.08
9806,1,0.1
9812,1,0.18
9827,1,0.12666666666666668
9829,1,0.013333333333333334
9834,1,0.03
9837,1,0.05333333333333334
9855,1,0.07333333333333333
9864,1,0.04
9866,1,0.06866666666666667
9869,1,0.09333333333333334
9873,1,0.07333333333333333
9883,1,0.08
9886,1,0.08333333333333333
9895,1,0.21666666666666667
9905,1,0.06
9910,1,0.013333333333333334
9915,1,0.02
9922,1,0.04
9923,1,0.03666666666666667
9928,1,0.18
9947,1,0.03666666666666667
9950,1,0.07333333333333333
9951,1,0.01
9954,1,0.03333333333333333
9956,1,0.03666666666666667
9957,1,0.01
9964,1,0.06
9968,1,0.006666666666666667
9972,1,0.04
9973,1,0.023333333333333334
9979,1,0.023333333333333334
9981,1,0.05333333333333334
9993,1,0.056666666666666664
9994,1,0.06666666666666667
10003,1,0.13666666666666666
10005,1,0.04666666666666667
10006,1,0.02666666666666667
10010,1,0.03333333333333333
10012,1,0.0763888888888889
10014,1,0.10666666666666667
10016,1,0.08333333333333333
10020,1,0.09
10028,1,0.03333333333333333
10034,1,0.013333333333333334
10039,1,0.0033333333333333335
10040,1,0.043333333333333335
10041,1,0.0
10043,1,0.023333333333333334
10044,1,0.09
10054,1,0.08388888888888889
10057,1,0.02666666666666667
10058,1,0.01
10061,1,0.08033333333333334
10062,1,0.02666666666666667
10065,1,0.023333333333333334
10068,1,0.06666666666666667
10072,1,0.06
10073,1,0.01
10077,1,0.006666666666666667
10083,1,0.023333333333333334
10086,1,0.06
10087,1,0.006666666666666667
10097,1,0.0
10101,1,0.016666666666666666
10106,1,0.05333333333333334
10112,1,0.1
10113,1,0.043333333333333335
10116,1,0.0033333333333333335
10120,1,0.02666666666666667
10124,1,0.15
10126,1,0.013333333333333334
10130,1,0.04
10133,1,0.01
10139,1,0.06333333333333334
10152,1,0.016666666666666666
10153,1,0.03333333333333333
10159,1,0.04666666666666667
10163,1,0.006666666666666667
10170,1,0.016666666666666666
10174,1,0.07333333333333333
10180,1,0.02666666666666667
10181,1,0.06333333333333334
10186,1,0.05
10190,1,0.03333333333333333
10195,1,0.023333333333333334
10198,1,0.02
10204,1,0.13666666666666666
10205,1,0.05333333333333334
10206,1,0.0033333333333333335
10211,1,0.02666666666666667
10215,1,0.02
10217,1,0.04666666666666667
10235,1,0.11
10245,1,0.03666666666666667
10255,1,0.01
10261,1,0.023333333333333334
10273,1,0.0033333333333333335
10284,1,0.0033333333333333335
10288,1,0.03666666666666667
10295,1,0.0033333333333333335
10308,1,0.01
10313,1,0.07666666666666666
10314,1,0.0033333333333333335
10316,1,0.01
10334,1,0.0
10337,1,0.10333333333333333
10343,1,0.08
10344,1,0.0033333333333333335
10345,1,0.016666666666666666
10349,1,0.0033333333333333335
10352,1,0.05333333333333334
10353,1,0.06333333333333334
10354,1,0.04
10359,1,0.006666666666666667
10362,1,0.02
10367,1,0.03333333333333333
10370,1,0.05333333333333334
10399,1,0.04
10426,1,0.1
10427,1,0.016666666666666666
10432,1,0.04
10444,1,0.013333333333333334
10445,1,0.013333333333333334
10463,1,0.02666666666666667
10468,1,0.013333333333333334
10469,1,0.056666666666666664
10477,1,0.016666666666666666
10479,1,0.016666666666666666
10480,1,0.016666666666666666
10481,1,0.03666666666666667
10482,1,0.04666666666666667
10483,1,0.01
10492,1,0.02666666666666667
10493,1,0.023333333333333334
10544,1,0.056666666666666664
10553,1,0.05333333333333334
10556,1,0.19111111111111112
10562,1,0.02666666666666667
10585,1,0.02666666666666667
10590,1,0.05333333333333334
10599,1,0.013333333333333334
10605,1,0.01
10607,1,0.14666666666666667
10613,1,0.04666666666666667
10629,1,0.013333333333333334
10635,1,0.02
10640,1,0.016666666666666666
10644,1,0.0033333333333333335
10645,1,0.08
10646,1,0.056666666666666664
10650,1,0.023333333333333334
10656,1,0.03
10657,1,0.013333333333333334
10660,1,0.11
10670,1,0.0
10678,1,0.07
10694,1,0.05333333333333334
10695,1,0.043333333333333335
10699,1,0.06666666666666667
10706,1,0.08333333333333333
10708,1,0.006666666666666667
10710,1,0.03
10719,1,0.013333333333333334
10721,1,0.016666666666666666
10723,1,0.016666666666666666
10732,1,0.016666666666666666
10745,1,0.043333333333333335
10758,1,0.0033333333333333335
10760,1,0.0
10783,1,0.05
10786,1,0.03
10789,1,0.023333333333333334
10790,1,0.03
10796,1,0.06
10799,1,0.06
10806,1,0.02666666666666667
10821,1,0.08666666666666667
10830,1,0.05333333333333334
10831,1,0.08666666666666667
10832,1,0.04
10834,1,0.08666666666666667
10849,1,0.02666666666666667
10871,1,0.01
10872,1,0.02666666666666667
10874,1,0.023333333333333334
10879,1,0.02666666666666667
10894,1,0.06666666666666667
10904,1,0.02666666666666667
10915,1,0.08666666666666667
10919,1,0.11666666666666667
10927,1,0.03
10937,1,0.6866666666666666
10946,1,0.09333333333333334
10958,1,0.006666666666666667
10961,1,0.09
10966,1,0.1
10968,1,0.1
10969,1,0.12333333333333334
10973,1,0.06333333333333334
10991,1,0.08333333333333333
11019,1,0.05333333333333334
11022,1,0.06666666666666667
11024,1,0.043333333333333335
11027,1,0.14333333333333334
11037,1,0.023333333333333334
11042,1,0.03666666666666667
11044,1,0.05333333333333334
11048,1,0.02
11058,1,0.02666666666666667
11068,1,0.03666666666666667
11070,1,0.023333333333333334
11087,1,0.01
11089,1,0.0033333333333333335
11115,1,0.023333333333333334
11117,1,0.11
11131,1,0.0
11155,1,0.03333333333333333
11161,1,0.05
11167,1,0.02666666666666667
11170,1,0.17666666666666667
11175,1,0.03
11177,1,0.0
11187,1,0.023333333333333334
11194,1,0.023333333333333334
11198,1,0.023333333333333334
11212,1,0.051666666666666666
11223,1,0.0033333333333333335
11225,1,0.11333333333333333
11227,1,0.09666666666666666
11233,1,0.023333333333333334
11242,1,0.03666666666666667
11252,1,0.05
11254,1,0.01
11255,1,0.0033333333333333335
11260,1,0.02666666666666667
11287,1,0.08355555555555555
11294,1,0.07333333333333333
11307,1,0.021111111111111112
11308,1,0.0
11313,1,0.01
11317,1,0.016666666666666666
11320,1,0.06
11325,1,0.04666666666666667
11326,1,0.15561111111111112
11327,1,0.0033333333333333335
11337,1,0.06
11366,1,0.013333333333333334
11371,1,0.016666666666666666
11373,1,0.013333333333333334
11381,1,0.0
11394,1,0.0033333333333333335
11401,1,0.013333333333333334
11402,1,0.0
11408,1,0.03
11432,1,0.016666666666666666
11450,1,0.006666666666666667
11454,1,0.006666666666666667
11455,1,0.023333333333333334
11461,1,0.7
11468,1,0.03666666666666667
11470,1,0.02
11472,1,0.0033333333333333335
11473,1,0.0033333333333333335
11475,1,0.033
11497,1,0.056666666666666664
11503,1,0.10333333333333333
11515,1,0.03333333333333333
11524,1,0.043333333333333335
11536,1,0.0033333333333333335
11544,1,0.013333333333333334
11551,1,0.0033333333333333335
11552,1,0.0
11554,1,0.16333333333333333
11555,1,0.03333333333333333
11559,1,0.14333333333333334
11561,1,0.0033333333333333335
11563,1,0.06666666666666667
11573,1,0.01
11578,1,0.23
11584,1,0.043333333333333335
11587,1,0.09333333333333334
11594,1,0.023333333333333334
11597,1,0.056666666666666664
11600,1,0.013333333333333334
11616,1,0.10333333333333333
11623,1,0.013333333333333334
11627,1,0.006666666666666667
11628,1,0.01
11640,1,0.03
11641,1,0.0
11643,1,0.04666666666666667
11644,1,0.02
11646,1,0.01
11652,1,0.02
11658,1,0.006666666666666667
11660,1,0.006666666666666667
11663,1,0.03
11674,1,0.02
11675,1,0.05333333333333334
11682,1,0.0
11683,1,0.013333333333333334
11690,1,0.02666666666666667
11698,1,0.02666666666666667
11708,1,0.37333333333333335
11710,1,0.17
11715,1,0.05333333333333334
11725,1,0.006666666666666667
11728,1,0.05
11730,1,0.07666666666666666
11737,1,0.0
11746,1,0.016666666666666666
11754,1,0.006666666666666667
11756,1,0.0
11759,1,0.043333333333333335
11767,1,0.02666666666666667
11770,1,0.013333333333333334
11779,1,0.07
11780,1,0.06
11802,1,0.011666666666666667
11808,1,0.013333333333333334
11824,1,0.0
11833,1,0.013333333333333334
11837,1,0.01
11841,1,0.02666666666666667
11842,1,0.043333333333333335
11849,1,0.04
11851,1,0.03
11899,1,0.016666666666666666
11909,1,0.013333333333333334
11913,1,0.07333333333333333
11914,1,0.013333333333333334
11920,1,0.19666666666666666
11922,1,0.0033333333333333335
11926,1,0.01
11930,1,0.03666666666666667
11936,1,0.03666666666666667
11938,1,0.02
11939,1,0.0033333333333333335
11943,1,0.0033333333333333335
11944,1,0.023333333333333334
11950,1,0.03222222222222222
11959,1,0.05
11964,1,0.06
11969,1,0.06
11971,1,0.065
11996,1,0.05
12006,1,0.21333333333333335
12024,1,0.06333333333333334
12027,1,0.006666666666666667
12034,1,0.10333333333333333
12049,1,0.03666666666666667
12053,1,0.10666666666666667
12057,1,0.056666666666666664
12061,1,0.02
12073,1,0.016666666666666666
12083,1,0.43
12084,1,0.05333333333333334
12098,1,0.05
12100,1,0.02
12120,1,0.02
12124,1,0.013333333333333334
12127,1,0.03666666666666667
12130,1,0.04666666666666667
12140,1,0.02666666666666667
12142,1,0.0033333333333333335
12145,1,0.0033333333333333335
12147,1,0.013333333333333334
12150,1,0.03333333333333333
12157,1,0.056666666666666664
12159,1,0.023333333333333334
12181,1,0.06
12188,1,0.04666666666666667
12190,1,0.06333333333333334
12199,1,0.08333333333333333
12203,1,0.03666666666666667
12214,1,0.0675
12219,1,0.02
12225,1,0.02
12226,1,0.09833333333333333
12231,1,0.09
12233,1,0.0033333333333333335
12236,1,0.0033333333333333335
12237,1,0.03666666666666667
12238,1,0.013333333333333334
12239,1,0.0
12245,1,0.016666666666666666
12252,1,0.04047619047619047
12259,1,0.006666666666666667
12267,1,0.02666666666666667
12272,1,0.043333333333333335
12273,1,0.006666666666666667
12285,1,0.013333333333333334
12295,1,0.03
12297,1,0.03333333333333333
12306,1,0.023333333333333334
12312,1,0.0033333333333333335
12316,1,0.03777777777777777
12325,1,0.0
12337,1,0.01
12359,1,0.016666666666666666
12375,1,0.20666666666666667
12378,1,0.09666666666666666
12383,1,0.07333333333333333
12391,1,0.1
12401,1,0.04
12416,1,0.02
12424,1,0.09333333333333334
12432,1,0.02
12436,1,0.05
12453,1,0.1225
12457,1,0.02666666666666667
12462,1,0.0
12465,1,0.05333333333333334
12466,1,0.043333333333333335
12474,1,0.0033333333333333335
12481,1,0.056666666666666664
12486,1,0.03333333333333333
12495,1,0.023333333333333334
12499,1,0.14333333333333334
12502,1,0.006666666666666667
12520,1,0.09333333333333334
12533,1,0.06994588744588744
12540,1,0.0325
12547,1,0.04666666666666667
12556,1,0.057999999999999996
12559,1,0.05
12566,1,0.023333333333333334
12574,1,0.03666666666666667
12579,1,0.14
12584,1,0.07
12594,1,0.02666666666666667
12602,1,0.03638888888888889
12607,1,0.07666666666666666
12616,1,0.05333333333333334
12639,1,0.04666666666666667
12641,1,0.06
12646,1,0.06666666666666667
12652,1,0.020555555555555553
12661,1,0.006666666666666667
12662,1,0.03333333333333333
12679,1,0.12
12683,1,0.03
12692,1,0.023333333333333334
12693,1,0.04666666666666667
12695,1,0.05333333333333334
12707,1,0.03333333333333333
12709,1,0.056666666666666664
12712,1,0.019166666666666665
12715,1,0.16333333333333333
12721,1,0.01
12730,1,0.056666666666666664
12736,1,0.33916666666666667
12741,1,0.043333333333333335
12743,1,0.005
12744,1,0.03
12745,1,0.023333333333333334
12754,1,0.03333333333333333
12756,1,0.06444444444444444
12757,1,0.043333333333333335
12767,1,0.08333333333333333
12772,1,0.10666666666666667
12776,1,0.04
12777,1,0.013333333333333334
12789,1,0.07166666666666667
12791,1,0.33666666666666667
12797,1,0.11972222222222224
12798,1,0.013333333333333334
12806,1,0.08595238095238095
12807,1,0.006666666666666667
12808,1,0.1
12840,1,0.02
12846,1,0.035
12865,1,0.04666666666666667
12868,1,0.01
12871,1,0.04666666666666667
12882,1,0.01
12891,1,0.013333333333333334
12899,1,0.03666666666666667
12905,1,0.04666666666666667
12906,1,0.04666666666666667
12908,1,0.013333333333333334
12916,1,0.07
12928,1,0.02
12929,1,0.006666666666666667
12931,1,0.056666666666666664
12950,1,0.11
12962,1,0.0775
12964,1,0.06666666666666667
12996,1,0.05333333333333334
12997,1,0.03666666666666667
12999,1,0.0
13003,1,0.02
13004,1,0.0
13008,1,0.021666666666666667
13014,1,0.006666666666666667
13017,1,0.12333333333333334
13022,1,0.07055555555555555
13025,1,0.016666666666666666
13026,1,0.016666666666666666
13032,1,0.013333333333333334
13034,1,0.11666666666666667
13035,1,0.01
13036,1,0.04
13043,1,0.016666666666666666
13045,1,0.03722222222222222
13055,1,0.03333333333333333
13056,1,0.13
13060,1,0.056666666666666664
13071,1,0.01
13076,1,0.0
13077,1,0.03333333333333333
13080,1,0.0033333333333333335
13083,1,0.03
13086,1,0.43333333333333335
13087,1,0.07
13090,1,0.10333333333333333
13091,1,0.0
13096,1,0.006666666666666667
13100,1,0.04555555555555556
13113,1,0.03666666666666667
13116,1,0.016666666666666666
13120,1,0.03
13121,1,0.05733333333333334
13133,1,0.0033333333333333335
13136,1,0.07333333333333335
13138,1,0.25722222222222224
13141,1,0.0033333333333333335
13144,1,0.0033333333333333335
13145,1,0.0033333333333333335
13183,1,0.055
13187,1,0.016666666666666666
13191,1,0.030555555555555555
13199,1,0.03
13201,1,0.023333333333333334
13207,1,0.09666666666666666
13208,1,0.06722222222222222
13227,1,0.6419312169312169
13228,1,0.0033333333333333335
13236,1,0.006666666666666667
13238,1,0.0033333333333333335
13239,1,0.13755555555555554
13240,1,0.006666666666666667
13241,1,0.08066666666666666
13255,1,0.02
13256,1,0.016666666666666666
13265,1,0.04666666666666667
13270,1,0.20333333333333334
13273,1,0.03
13275,1,0.016666666666666666
13281,1,0.024444444444444442
13285,1,0.08833333333333333
13294,1,0.025500000000000002
13303,1,0.023333333333333334
13304,1,0.03666666666666667
13306,1,0.01
13307,1,0.03666666666666667
13308,1,0.07
13312,1,0.03
13320,1,0.05333333333333334
13323,1,0.013333333333333334
13324,1,0.04
13325,1,0.014444444444444444
13329,1,0.02
13330,1,0.02
13336,1,0.006666666666666667
13337,1,0.02666666666666667
13338,1,0.16883333333333334
13340,1,0.0033333333333333335
13353,1,0.03
13356,1,0.07333333333333333
13364,1,0.12
13367,1,0.11333333333333333
13374,1,0.0
13385,1,0.058333333333333334
13387,1,0.14027777777777778
13393,1,0.0725
13397,1,0.04
13402,1,0.016666666666666666
13403,1,0.03888888888888889
13406,1,0.03555555555555556
13407,1,0.05433333333333334
13412,1,0.03833333333333333
13422,1,0.01
13423,1,0.1487777777777778
13453,1,0.06555555555555555
13458,1,0.024666666666666667
13461,1,0.04666666666666667
13462,1,0.07
13466,1,0.0
13468,1,0.006666666666666667
13483,1,0.09
13488,1,0.01
13493,1,0.21333333333333335
13494,1,0.05222222222222222
13510,1,0.0033333333333333335
13513,1,0.07555555555555554
13516,1,0.0
13526,1,0.03644444444444444
13541,1,0.016666666666666666
13542,1,0.08333333333333333
13551,1,0.01
13553,1,0.10722222222222222
13558,1,0.06
13565,1,0.006666666666666667
13573,1,0.08416666666666667
13574,1,0.02
13588,1,0.013333333333333334
13595,1,0.025555555555555554
13596,1,0.021388888888888888
13601,1,0.03
13603,1,0.008888888888888889
13607,1,0.006666666666666667
13608,1,0.006
13613,1,0.031083333333333324
13620,1,0.043333333333333335
13622,1,0.006666666666666667
13629,1,0.08777777777777777
13653,1,0.06583333333333334
13659,1,0.026055555555555554
13663,1,0.05388888888888888
13672,1,0.02666666666666667
13677,1,0.06333333333333334
13678,1,0.018888888888888886
13686,1,0.06572222222222222
13694,1,0.006666666666666667
13708,1,0.46758730158730155
13710,1,0.020833333333333332
13711,1,0.020833333333333332
13716,1,0.0033333333333333335
13722,1,0.016666666666666666
13725,1,0.03
13730,1,0.02666666666666667
13736,1,0.06387301587301587
13737,1,0.10200000000000001
13739,1,0.03666666666666667
13746,1,0.12733333333333335
13758,1,0.0
13764,1,0.048
13782,1,0.016666666666666666
13788,1,0.02666666666666667
13805,1,0.016666666666666666
13810,1,0.008333333333333333
13811,1,0.006666666666666667
13816,1,0.02727777777777778
13824,1,0.0688888888888889
13825,1,0.058333333333333334
13828,1,0.6666666666666666
13830,1,0.04
13847,1,0.09888888888888889
13855,1,0.05448412698412698
13859,1,0.09357142857142857
13862,1,0.03833333333333333
13869,1,0.03666666666666667
13878,1,0.11523809523809524
13881,1,0.06
13888,1,0.016666666666666666
13901,1,0.031111111111111107
13904,1,0.023333333333333334
13913,1,0.021111111111111112
13915,1,0.52
13929,1,0.051666666666666666
13930,1,0.016666666666666666
13935,1,0.07688888888888888
13940,1,0.12888888888888891
13942,1,0.2526825396825398
13944,1,0.006666666666666667
13948,1,0.105
13953,1,0.02666666666666667
13958,1,0.02
13977,1,0.03222222222222223
13979,1,0.11919444444444446
13993,1,0.4733888888888889
14000,1,0.06583333333333333
14008,1,0.012222222222222221
14024,1,0.05194444444444444
14025,1,0.0033333333333333335
14028,1,0.01
14036,1,0.013333333333333334
14041,1,0.08222222222222222
14045,1,0.18305555555555558
14050,1,0.03
14062,1,0.013333333333333334
14068,1,0.0275
14069,1,0.030833333333333334
14072,1,0.023333333333333334
14096,1,0.05
14107,1,0.016666666666666666
14115,1,0.04
14116,1,0.02
14119,1,0.051944444444444446
14124,1,0.16666666666666666
14125,1,0.023333333333333334
14138,1,0.016666666666666666
14148,1,0.08
14155,1,0.1185
14168,1,0.04
14170,1,0.02
14173,1,0.06333333333333334
14179,1,0.07333333333333333
14183,1,0.25
14184,1,0.016666666666666666
14187,1,0.01
14202,1,0.006666666666666667
14207,1,0.043333333333333335
14208,1,0.06333333333333334
14209,1,0.023333333333333334
14225,1,0.016666666666666666
14227,1,0.20866666666666667
14236,1,0.0033333333333333335
14251,1,0.04666666666666667
14255,1,0.10027777777777779
14262,1,0.03333333333333333
14268,1,0.07
14277,1,0.07
14279,1,0.006666666666666667
14286,1,0.034666666666666665
14288,1,0.03
14308,1,0.0033333333333333335
14321,1,0.056666666666666664
14328,1,0.05722222222222222
14349,1,0.021666666666666667
14386,1,0.04666666666666667
14388,1,0.016666666666666666
14398,1,0.07
14404,1,0.02
14408,1,0.01
14417,1,0.03333333333333333
14420,1,0.01
14421,1,0.02666666666666667
14428,1,0.043333333333333335
14429,1,0.04
14431,1,0.04666666666666667
14443,1,0.03
14444,1,0.013333333333333334
14461,1,0.04666666666666667
14464,1,0.023333333333333334
14475,1,0.06333333333333334
14488,1,0.07
14490,1,0.01
14504,1,0.08
14511,1,0.12
14522,1,0.07555555555555554
14526,1,0.023333333333333334
14527,1,0.07
14535,1,0.03333333333333333
14538,1,0.05
14553,1,0.18333333333333332
14570,1,0.03
14572,1,0.13666666666666666
14575,1,0.05333333333333334
14604,1,0.2866666666666667
14608,1,0.013333333333333334
14610,1,0.01
14615,1,0.11666666666666667
14620,1,0.023333333333333334
14621,1,0.12
14623,1,0.05
14631,1,0.21333333333333335
14641,1,0.018888888888888886
14642,1,0.15
14645,1,0.006666666666666667
14651,1,0.08666666666666667
14654,1,0.04666666666666667
14658,1,0.18166666666666667
14659,1,0.06333333333333334
14670,1,0.023333333333333334
14678,1,0.08
14680,1,0.016666666666666666
14708,1,0.0033333333333333335
14711,1,0.08666666666666667
14726,1,0.07
14732,1,0.07722222222222222
14733,1,0.07333333333333333
14736,1,0.19066666666666668
14747,1,0.013333333333333334
14751,1,0.016666666666666666
14754,1,0.03
14756,1,0.052222222222222225
14759,1,0.09666666666666666
14765,1,0.03892439967439967
14772,1,0.03892439967439967
14773,1,0.06916666666666667
14776,1,0.007777777777777778
14780,1,0.02666666666666667
14782,1,0.03666666666666667
14795,1,0.0
14799,1,0.15666666666666668
14806,1,0.04448412698412698
14807,1,0.12666666666666668
14808,1,0.06666666666666667
14813,1,0.13333333333333333
14819,1,0.10333333333333333
14841,1,0.0465
14845,1,0.03
14862,1,0.0033333333333333335
14864,1,0.06344444444444446
14867,1,0.13655555555555557
14877,1,0.15888888888888889
14889,1,0.10666666666666667
14899,1,0.14888888888888888
14911,1,0.09333333333333334
14913,1,0.016666666666666666
14921,1,0.06277777777777778
14927,1,0.03666666666666667
14930,1,0.08333333333333333
14945,1,0.04666666666666667
14950,1,0.07333333333333333
14952,1,0.012777777777777779
14958,1,0.16166666666666665
14967,1,0.11
14968,1,0.06333333333333334
14972,1,0.06
14984,1,0.04
15004,1,0.22666666666666666
15010,1,0.013333333333333334
15011,1,0.0
15015,1,0.01
15017,1,0.02972222222222222
15022,1,0.12666666666666668
15025,1,0.03
15026,1,0.09085714285714284
15027,1,0.05333333333333334
15029,1,0.03
15033,1,0.10666666666666667
15036,1,0.056666666666666664
15038,1,0.04777777777777778
15041,1,0.10666666666666667
15042,1,0.041111111111111105
15047,1,0.02666666666666667
15051,1,0.0
15062,1,0.058333333333333334
15066,1,0.03666666666666667
15077,1,0.03311111111111111
15079,1,0.11555555555555558
15085,1,0.11555555555555558
15105,1,0.03333333333333333
15113,1,0.0
15120,1,0.30394444444444446
15127,1,0.02
15134,1,0.16138888888888892
15138,1,0.08333333333333333
15141,1,0.010277777777777778
15156,1,0.0
15160,1,0.043333333333333335
15201,1,0.35333333333333333
15208,1,0.044444444444444446
15223,1,0.10103174603174603
15247,1,0.035
15255,1,0.013333333333333334
15260,1,0.03333333333333333
15270,1,0.03916666666666667
15272,1,0.03333333333333333
15279,1,0.0
15285,1,0.013333333333333334
15290,1,0.0033333333333333335
15302,1,0.016666666666666666
15313,1,0.08611111111111111
15318,1,0.08333333333333333
15319,1,0.08027777777777778
15320,1,0.061111111111111116
15327,1,0.03
15336,1,0.14
15340,1,0.03
15342,1,0.043333333333333335
15354,1,0.024444444444444446
15362,1,0.006666666666666667
15364,1,0.04
15373,1,0.06333333333333334
15378,1,0.04
15389,1,0.06
15418,1,0.07333333333333333
15423,1,0.06694444444444446
15431,1,0.02222222222222222
15432,1,0.05888888888888888
15433,1,0.08333333333333333
15447,1,0.02
15451,1,0.1252777777777778
15452,1,0.05
15469,1,0.07333333333333333
15470,1,0.016666666666666666
15480,1,0.04
15485,1,0.04
15487,1,0.005
15491,1,0.21
15495,1,0.07666666666666666
15500,1,0.04611111111111111
15504,1,0.016666666666666666
15511,1,0.12
15519,1,0.24916666666666668
15525,1,0.1611111111111111
15526,1,0.056666666666666664
15535,1,0.19666666666666668
15537,1,0.02666666666666667
15547,1,0.06666666666666667
15557,1,0.031111111111111107
15563,1,0.07333333333333333
15566,1,0.09666666666666666
15572,1,0.05333333333333334
15575,1,0.03333333333333333
15578,1,0.19333333333333333
15580,1,0.02
15585,1,0.12111111111111111
15607,1,0.03666666666666667
15620,1,0.04611111111111111
15624,1,0.02
15625,1,0.04444444444444444
15627,1,0.013333333333333334
15638,1,0.023333333333333334
15647,1,0.013333333333333334
15659,1,0.06333333333333334
15660,1,0.03
15663,1,0.21333333333333335
15666,1,0.0
15703,1,0.01
15711,1,0.06
15712,1,0.01
15714,1,0.006666666666666667
15715,1,0.08
15716,1,0.03333333333333333
15720,1,0.17777777777777778
15726,1,0.01
15727,1,0.12
15732,1,0.02
15737,1,0.02666666666666667
15742,1,0.075
15745,1,0.08972222222222223
15746,1,0.013777777777777776
15757,1,0.016666666666666666
15758,1,0.0
15762,1,0.03666666666666667
15764,1,0.06888888888888887
15770,1,0.035
15775,1,0.29333333333333333
15777,1,0.06333333333333334
15778,1,0.04666666666666667
15789,1,0.14833333333333334
15802,1,0.006666666666666667
15805,1,0.18299999999999997
15808,1,0.10666666666666667
15810,1,0.05533333333333334
15812,1,0.056666666666666664
15813,1,0.0
15815,1,0.07333333333333333
15818,1,0.0033333333333333335
15821,1,0.02
15827,1,0.022222222222222223
15834,1,0.01
15846,1,0.03
15848,1,0.06333333333333334
15856,1,0.016666666666666666
15857,1,0.0558888888888889
15860,1,0.023333333333333334
15864,1,0.03666666666666667
15865,1,0.03
15868,1,0.0667593795093795
15871,1,0.04666666666666667
15872,1,0.3655555555555555
15876,1,0.022222222222222223
15884,1,0.03
15888,1,0.03
15891,1,0.09666666666666666
15893,1,0.0
15896,1,0.02
15898,1,0.1511111111111111
15903,1,0.03
15912,1,0.08333333333333333
15917,1,0.04666666666666667
15934,1,0.05333333333333334
15954,1,0.006666666666666667
15963,1,0.18
15964,1,0.02
15965,1,0.043333333333333335
15974,1,0.08
15978,1,0.03666666666666667
15979,1,0.0033333333333333335
15991,1,0.06666666666666667
15996,1,0.0033333333333333335
16001,1,0.07666666666666666
16005,1,0.04
16011,1,0.01
16019,1,0.11
16027,1,0.013333333333333334
16032,1,0.06
16037,1,0.006666666666666667
16050,1,0.018888888888888886
16070,1,0.07
16075,1,0.006666666666666667
16080,1,0.04666666666666667
16083,1,0.07
16084,1,0.02666666666666667
16088,1,0.0033333333333333335
16092,1,0.04666666666666667
16095,1,0.05333333333333334
16098,1,0.01
16153,1,0.005
16154,1,0.03333333333333333
16157,1,0.023333333333333334
16166,1,0.03333333333333333
16190,1,0.0
16193,1,0.035555555555555556
16198,1,0.035
16199,1,0.016666666666666666
16200,1,0.08
16205,1,0.045
16207,1,0.044444444444444446
16230,1,0.08
16235,1,0.2
16238,1,0.03333333333333333
16239,1,0.043333333333333335
16242,1,0.043333333333333335
16243,1,0.06
16248,1,0.08666666666666667
16252,1,0.014166666666666666
16255,1,0.023333333333333334
16269,1,0.05
16271,1,0.07
16272,1,0.07
16277,1,0.03666666666666667
16278,1,0.06666666666666667
16279,1,0.02666666666666667
16290,1,0.016666666666666666
16293,1,0.14
16294,1,0.01111111111111111
16304,1,0.043333333333333335
16306,1,0.03666666666666667
16307,1,0.12
16322,1,0.0033333333333333335
16331,1,0.23666666666666666
16335,1,0.021666666666666667
16336,1,0.09833333333333333
16337,1,0.01
16347,1,0.04
16351,1,0.04583333333333333
16364,1,0.07333333333333333
16365,1,0.1
16367,1,0.08
16371,1,0.014555555555555558
16380,1,0.1795
16393,1,0.03722222222222222
16400,1,0.06666666666666667
16404,1,0.18666666666666668
16417,1,0.042222222222222223
16420,1,0.4066666666666667
16422,1,0.09333333333333334
16429,1,0.1795
16441,1,0.03
16445,1,0.005396825396825396
16448,1,0.006666666666666667
16454,1,0.05333333333333334
16457,1,0.06333333333333334
16466,1,0.03722222222222222
16472,1,0.08
16481,1,0.0075
16487,1,0.03
16491,1,0.03194444444444444
16492,1,0.2422222222222222
16498,1,0.05777777777777779
16531,1,0.023333333333333334
16532,1,0.1313888888888889
16534,1,0.06333333333333334
16537,1,0.027777777777777773
16545,1,0.0
16547,1,0.013333333333333334
16568,1,0.03333333333333333
16572,1,0.18611111111111112
16576,1,0.018222222222222223
16578,1,0.010833333333333334
16579,1,0.09222222222222222
16582,1,0.013333333333333334
16590,1,0.04494444444444445
16593,1,0.44
16601,1,0.07333333333333333
16602,1,0.026
16614,1,0.024666666666666667
16616,1,0.09
16622,1,0.051666666666666666
16628,1,0.05333333333333334
16634,1,0.005555555555555555
16637,1,0.08666666666666667
16640,1,0.056666666666666664
16653,1,0.025833333333333333
16659,1,0.07711111111111112
16660,1,0.055
16663,1,0.03333333333333333
16664,1,0.005
16667,1,0.0125
16673,1,0.03888888888888889
16677,1,0.023333333333333334
16680,1,0.0788888888888889
16685,1,0.006666666666666667
16686,1,0.023333333333333334
16693,1,0.09
16694,1,0.056666666666666664
16699,1,0.07666666666666666
16701,1,0.04666666666666667
16704,1,0.11083333333333334
16710,1,0.016666666666666666
16734,1,0.043333333333333335
16755,1,0.11523809523809524
16761,1,0.051666666666666666
16768,1,0.16333333333333333
16770,1,0.016666666666666666
16782,1,0.034166666666666665
16787,1,0.01
16788,1,0.03333333333333333
16796,1,0.006666666666666667
16803,1,0.07333333333333333
16814,1,0.04
16822,1,0.03333333333333333
16825,1,0.016666666666666666
16838,1,0.03666666666666667
16843,1,0.015
16849,1,0.0033333333333333335
16850,1,0.03333333333333333
16860,1,0.016666666666666666
16863,1,0.0033333333333333335
16870,1,0.02
16871,1,0.013333333333333334
16872,1,0.018000000000000002
16873,1,0.10883333333333332
16875,1,0.05333333333333334
16879,1,0.03666666666666667
16890,1,0.01
16895,1,0.0
16919,1,0.006666666666666667
16925,1,0.01
16929,1,0.3233333333333333
16933,1,0.016666666666666666
16940,1,0.046928571428571424
16951,1,0.02666666666666667
16953,1,0.043333333333333335
16955,1,0.02
16966,1,0.006666666666666667
16971,1,0.02
16975,1,0.016666666666666666
16979,1,0.02
16980,1,0.025
16985,1,0.08333333333333333
16990,1,0.0061111111111111106
16991,1,0.07666666666666666
17015,1,0.006666666666666667
17017,1,0.03666666666666667
17018,1,0.04
17033,1,0.02
17036,1,0.02
17044,1,0.006666666666666667
17056,1,0.0033333333333333335
17061,1,0.07555555555555556
17068,1,0.06768253968253968
17069,1,0.11722222222222221
17076,1,0.013333333333333334
17078,1,0.013333333333333334
17088,1,0.08194444444444446
17096,1,0.0275
17099,1,0.03
17101,1,0.0033333333333333335
17111,1,0.08333333333333333
17117,1,0.023333333333333334
17118,1,0.03333333333333333
17120,1,0.07333333333333333
17124,1,0.03
17133,1,0.04666666666666667
17134,1,0.04122222222222222
17139,1,0.06
17146,1,0.08333333333333333
17149,1,0.04
17151,1,0.0033333333333333335
17172,1,0.02
17188,1,0.035833333333333335
17191,1,0.013333333333333334
17193,1,0.1838888888888889
17195,1,0.006666666666666667
17198,1,0.09333333333333334
17205,1,0.06333333333333334
17208,1,0.09666666666666666
17215,1,0.07283333333333333
17235,1,0.14
17241,1,0.013333333333333334
17249,1,0.03611111111111111
17255,1,0.02666666666666667
17260,1,0.08666666666666667
17263,1,0.01
17269,1,0.006666666666666667
17277,1,0.08666666666666667
17280,1,0.03333333333333333
17291,1,0.05
17297,1,0.07555555555555556
17299,1,0.08916666666666667
17303,1,0.03666666666666667
17304,1,0.016666666666666666
17312,1,0.07527777777777778
17315,1,0.0033333333333333335
17321,1,0.0033333333333333335
17322,1,0.23333333333333334
17324,1,0.09
17326,1,0.006666666666666667
17329,1,0.02666666666666667
17336,1,0.10333333333333333
17346,1,0.5233333333333333
17347,1,0.04
17348,1,0.0033333333333333335
17350,1,0.05583333333333333
17358,1,0.04666666666666667
17359,1,0.006666666666666667
17368,1,0.08
17371,1,0.023333333333333334
17377,1,0.023333333333333334
17389,1,0.08277777777777777
17395,1,0.03
17400,1,0.08333333333333333
17408,1,0.14333333333333334
17410,1,0.1
17412,1,0.10811111111111113
17414,1,0.0033333333333333335
17424,1,0.16333333333333333
17431,1,0.018333333333333333
17436,1,0.043333333333333335
17440,1,0.004666666666666666
17442,1,0.016666666666666666
17449,1,0.023333333333333334
17455,1,0.02666666666666667
17466,1,0.02
17474,1,0.03833333333333333
17475,1,0.03333333333333333
17482,1,0.01
17484,1,0.016666666666666666
17488,1,0.24444444444444446
17499,1,0.04
17502,1,0.04
17520,1,0.03
17521,1,0.06333333333333334
17524,1,0.15333333333333332
17535,1,0.016666666666666666
17537,1,0.01
17554,1,0.01
17555,1,0.03333333333333333
17558,1,0.11
17577,1,0.03
17596,1,0.07
17599,1,0.07
17611,1,0.04
17615,1,0.2861190476190476
17623,1,0.04
17624,1,0.01
17627,1,0.02666666666666667
17630,1,0.043333333333333335
17647,1,0.09244444444444445
17651,1,0.03666666666666667
17653,1,0.07666666666666666
17659,1,0.02666666666666667
17661,1,0.08666666666666667
17666,1,0.03333333333333333
17689,1,0.006666666666666667
17695,1,0.013333333333333334
17701,1,0.0033333333333333335
17711,1,0.0033333333333333335
17722,1,0.23
17723,1,0.02
17725,1,0.023333333333333334
17734,1,0.07
17740,1,0.05333333333333334
17751,1,0.03222222222222222
17771,1,0.06666666666666667
17774,1,0.0
17775,1,0.07
17777,1,0.04
17782,1,0.013333333333333334
17793,1,0.0033333333333333335
17794,1,0.03333333333333333
17809,1,0.01
17810,1,0.03
17817,1,0.09666666666666666
17819,1,0.016666666666666666
17824,1,0.04
17829,1,0.06
17843,1,0.016666666666666666
17846,1,0.023333333333333334
17855,1,0.03666666666666667
17860,1,0.19666666666666666
17862,1,0.14
17878,1,0.016666666666666666
17883,1,0.013333333333333334
17884,1,0.016666666666666666
17885,1,0.03333333333333333
17889,1,0.008888888888888889
17894,1,0.013333333333333334
17899,1,0.05
17905,1,0.05
17914,1,0.03333333333333333
17922,1,0.013333333333333334
17928,1,0.07166666666666667
17938,1,0.03333333333333333
17948,1,0.07
17954,1,0.016666666666666666
17957,1,0.03666666666666667
17960,1,0.016666666666666666
17962,1,0.06
17989,1,0.07388888888888889
17990,1,0.05
17992,1,0.05416666666666667
18004,1,0.061111111111111116
18011,1,0.03666666666666667
18017,1,0.03333333333333333
18025,1,0.22333333333333333
18029,1,0.02666666666666667
18030,1,0.03833333333333333
18068,1,0.10666666666666667
18070,1,0.4066666666666667
18071,1,0.06
18074,1,0.03333333333333333
18076,1,0.02
18086,1,0.03
18098,1,0.024444444444444442
18102,1,0.03
18104,1,0.11299999999999999
18111,1,0.045
18127,1,0.02666666666666667
18143,1,0.41528571428571437
18173,1,0.06666666666666667
18191,1,0.016666666666666666
18208,1,0.016666666666666666
18216,1,0.05888888888888888
18235,1,0.03
18236,1,0.023333333333333334
18244,1,0.07333333333333333
18245,1,0.02666666666666667
18251,1,0.08166666666666667
18255,1,0.2837777777777778
18264,1,0.05333333333333334
18269,1,0.02
18272,1,0.03333333333333333
18291,1,0.02
18295,1,0.03333333333333333
18312,1,0.016666666666666666
18313,1,0.043333333333333335
18314,1,0.073
18328,1,0.04
18330,1,0.06833333333333333
18352,1,0.0033333333333333335
18354,1,0.01
18355,1,0.18666666666666668
18359,1,0.04
18360,1,0.02666666666666667
18363,1,0.01
18369,1,0.13927777777777778
18374,1,0.03333333333333333
18384,1,0.0033333333333333335
18385,1,0.07666666666666666
18400,1,0.03222222222222223
18412,1,0.023333333333333334
18416,1,0.03666666666666667
18422,1,0.05
18426,1,0.08666666666666667
18427,1,0.048095238095238094
18432,1,0.63
18447,1,0.013333333333333334
18454,1,0.0
18473,1,0.0
18474,1,0.12
18475,1,0.004666666666666666
18479,1,0.013333333333333334
18481,1,0.006666666666666667
18502,1,0.03333333333333333
18503,1,0.08166666666666667
18504,1,0.01
18511,1,0.08333333333333333
18514,1,0.02666666666666667
18521,1,0.013333333333333334
18523,1,0.0
18525,1,0.06333333333333334
18530,1,0.03333333333333333
18532,1,0.013333333333333334
18540,1,0.03
18541,1,0.06233333333333333
18545,1,0.006666666666666667
18559,1,0.06894444444444446
18562,1,0.08
18564,1,0.07
18589,1,0.0033333333333333335
18600,1,0.021111111111111112
18606,1,0.023333333333333334
18615,1,0.06027777777777777
18617,1,0.048
18620,1,0.02666666666666667
18622,1,0.013333333333333334
18640,1,0.006666666666666667
18642,1,0.02666666666666667
18651,1,0.006666666666666667
18652,1,0.0033333333333333335
18653,1,0.0033333333333333335
18666,1,0.25666666666666665
18675,1,0.03
18683,1,0.013333333333333334
18699,1,0.006666666666666667
18706,1,0.013333333333333334
18707,1,0.1
18708,1,0.03222222222222222
18711,1,0.01
18716,1,0.0033333333333333335
18719,1,0.02666666666666667
18730,1,0.0033333333333333335
18737,1,0.023333333333333334
18740,1,0.0033333333333333335
18749,1,0.03666666666666667
18756,1,0.043333333333333335
18758,1,0.013333333333333334
18760,1,0.0
18765,1,0.006666666666666667
18766,1,0.014444444444444447
18769,1,0.01
18778,1,0.07
18782,1,0.016666666666666666
18791,1,0.03
18799,1,0.023333333333333334
18801,1,0.013333333333333334
18803,1,0.0
18810,1,0.06
18822,1,0.01
18832,1,0.03333333333333333
18846,1,0.03166666666666667
18849,1,0.07
18855,1,0.043333333333333335
18856,1,0.35
18862,1,0.016666666666666666
18875,1,0.030333333333333334
18889,1,0.07
18890,1,0.04666666666666667
18895,1,0.056666666666666664
18908,1,0.016666666666666666
18918,1,0.02
18920,1,0.013333333333333334
18922,1,0.0061111111111111106
18925,1,0.01
18927,1,0.01
18938,1,0.006666666666666667
18949,1,0.03944444444444445
18951,1,0.02
18956,1,0.04
18959,1,0.006666666666666667
18963,1,0.041111111111111105
18965,1,0.03666666666666667
18966,1,0.05333333333333334
18973,1,0.10666666666666667
18974,1,0.05333333333333334
18989,1,0.11416666666666667
18990,1,0.15333333333333332
18994,1,0.08544444444444445
18997,1,0.16
19005,1,0.06888888888888887
19007,1,0.03666666666666667
19016,1,0.006666666666666667
19026,1,0.07983333333333333
19028,1,0.0
19031,1,0.0
19047,1,0.023333333333333334
19054,1,0.052055555555555556
19057,1,0.02
19060,1,0.11
19063,1,0.14333333333333334
19064,1,0.025
19068,1,0.041666666666666664
19071,1,0.0
19082,1,0.02
19101,1,0.01
19103,1,0.03333333333333333
19105,1,0.028333333333333332
19109,1,0.006666666666666667
19110,1,0.01
19116,1,0.03666666666666667
19121,1,0.5666666666666667
19130,1,0.06
19131,1,0.09
19135,1,0.04294444444444445
19136,1,0.011666666666666667
19144,1,0.01
19155,1,0.05477777777777778
19160,1,0.023333333333333334
19166,1,0.02666666666666667
19167,1,0.04388888888888889
19176,1,0.013333333333333334
19177,1,0.0033333333333333335
19180,1,0.05
19191,1,0.49
19193,1,0.04
19194,1,0.02
19205,1,0.006666666666666667
19214,1,0.04
19215,1,0.1847777777777778
19226,1,0.11333333333333333
19229,1,0.006666666666666667
19232,1,0.06833333333333333
19234,1,0.11166666666666666
19236,1,0.06
19248,1,0.05138888888888889
19250,1,0.013333333333333334
19251,1,0.09
19258,1,0.026666666666666665
19274,1,0.05333333333333334
19282,1,0.006666666666666667
19288,1,0.05
19295,1,0.0033333333333333335
19322,1,0.0
19331,1,0.3021111111111111
19340,1,0.02
19349,1,0.01
19350,1,0.04555555555555556
19363,1,0.03333333333333333
19368,1,0.043333333333333335
19370,1,0.08666666666666667
19373,1,0.07333333333333333
19392,1,0.09666666666666666
19398,1,0.035
19404,1,0.023333333333333334
19405,1,0.023333333333333334
19406,1,0.08666666666666667
19414,1,0.0225
19416,1,0.15
19426,1,0.11333333333333333
19432,1,0.09333333333333334
19439,1,0.016666666666666666
19442,1,0.05
19451,1,0.0
19453,1,0.006666666666666667
19455,1,0.0033333333333333335
19456,1,0.0033333333333333335
19460,1,0.0
19464,1,0.0
19465,1,0.0033333333333333335
19478,1,0.025
19479,1,0.0033333333333333335
19480,1,0.0033333333333333335
19483,1,0.05138888888888889
19484,1,0.06333333333333334
19486,1,0.02
19491,1,0.06
19524,1,0.0033333333333333335
19530,1,0.04666666666666667
19537,1,0.0033333333333333335
19546,1,0.07111111111111111
19563,1,0.02
19572,1,0.006666666666666667
19575,1,0.01
19577,1,0.2
19599,1,0.01
19607,1,0.07333333333333333
19611,1,0.03333333333333333
19613,1,0.02
19619,1,0.18666666666666668
19624,1,0.043055555555555555
19627,1,0.0033333333333333335
19632,1,0.07333333333333333
19636,1,0.03
19642,1,0.09
19651,1,0.07666666666666666
19654,1,0.013333333333333334
19655,1,0.06333333333333334
19664,1,0.0033333333333333335
19665,1,0.325
19666,1,0.05616666666666667
19668,1,0.028611111111111108
19676,1,0.017777777777777778
19681,1,0.03
19688,1,0.2
19691,1,0.09
19700,1,0.01
19710,1,0.043333333333333335
19712,1,0.04
19722,1,0.21333333333333335
19723,1,0.16111111111111112
19729,1,0.011666666666666667
19749,1,0.05333333333333334
19756,1,0.03333333333333333
19758,1,0.019444444444444445
19780,1,0.03
19789,1,0.043333333333333335
19796,1,0.043333333333333335
19811,1,0.013333333333333334
19819,1,0.065
19820,1,0.02
19821,1,0.07666666666666666
19826,1,0.01
19832,1,0.0033333333333333335
19834,1,0.04
19842,1,0.05
19844,1,0.04
19852,1,0.01
19853,1,0.03666666666666667
19864,1,0.0033333333333333335
19867,1,0.0033333333333333335
19872,1,0.02222222222222222
19873,1,0.02
19876,1,0.11166666666666666
19878,1,0.01
19895,1,0.0033333333333333335
19898,1,0.0
19904,1,0.01
19905,1,0.02666666666666667
19909,1,0.016111111111111114
19914,1,0.013333333333333334
19923,1,0.0
19931,1,0.6683333333333333
19941,1,0.05333333333333334
19942,1,0.05333333333333334
19950,1,0.05333333333333334
19956,1,0.09
19958,1,0.054722222222222214
19975,1,0.023333333333333334
19976,1,0.17166666666666666
19977,1,0.03333333333333333
19981,1,0.006666666666666667
19985,1,0.02666666666666667
19994,1,0.03833333333333333
19995,1,0.0911111111111111
19998,1,0.006666666666666667
20000,1,0.04
20007,1,0.07333333333333333
20008,1,0.09666666666666666
20022,1,0.11333333333333333
20029,1,0.043333333333333335
20030,1,0.02
20032,1,0.37
20036,1,0.006666666666666667
20058,1,0.01
20060,1,0.0225
20073,1,0.02
20077,1,0.03638888888888889
20092,1,0.34222222222222226
20102,1,0.6883333333333334
20122,1,0.05333333333333334
20128,1,0.06
20134,1,0.03
20135,1,0.32699999999999996
20141,1,0.0
20145,1,0.09666666666666666
20148,1,0.09666666666666666
20165,1,0.03
20170,1,0.0033333333333333335
20172,1,0.0
20180,1,0.056666666666666664
20182,1,0.05555555555555556
20190,1,0.043333333333333335
20194,1,0.013333333333333334
20197,1,0.15488888888888888
20200,1,0.05166666666666667
20202,1,0.3433333333333333
20207,1,0.14333333333333334
20209,1,0.006666666666666667
20222,1,0.36
20229,1,0.023333333333333334
20230,1,0.0033333333333333335
20231,1,0.02666666666666667
20234,1,0.01
20242,1,0.09
20250,1,0.13
20253,1,0.04666666666666667
20255,1,0.043333333333333335
20282,1,0.0033333333333333335
20283,1,0.08
20287,1,0.07
20294,1,0.013333333333333334
20296,1,0.0033333333333333335
20298,1,0.023333333333333334
20304,1,0.2735555555555556
20306,1,0.0
20316,1,0.006666666666666667
20317,1,0.34222222222222226
20322,1,0.07666666666666666
20331,1,0.023333333333333334
20332,1,0.016666666666666666
20338,1,0.006666666666666667
20340,1,0.09666666666666666
20349,1,0.010333333333333333
20374,1,0.023333333333333334
20378,1,0.018333333333333333
20379,1,0.08666666666666667
20389,1,0.08444444444444445
20397,1,0.0033333333333333335
20399,1,0.06666666666666667
20401,1,0.030238095238095238
20404,1,0.05
20407,1,0.018333333333333333
20409,1,0.056666666666666664
20410,1,0.030238095238095238
20412,1,0.006666666666666667
20413,1,0.07
20414,1,0.09
20415,1,0.0033333333333333335
20417,1,0.0
20429,1,0.0425
20434,1,0.6833333333333333
20444,1,0.016666666666666666
20445,1,0.16
20454,1,0.008333333333333333
20455,1,0.006666666666666667
20460,1,0.05222222222222222
20464,1,0.0
20469,1,0.04528174603174603
20474,1,0.07333333333333333
20490,1,0.03927777777777778
20494,1,0.05
20499,1,0.06
20500,1,0.01
20502,1,0.1
20504,1,0.03333333333333333
20524,1,0.43783333333333324
20537,1,0.18166666666666667
20539,1,0.02666666666666667
20542,1,0.056666666666666664
20556,1,0.006666666666666667
20557,1,0.059166666666666666
20560,1,0.09
20565,1,0.06666666666666667
20576,1,0.13666666666666666
20585,1,0.006666666666666667
20586,1,0.23666666666666666
20599,1,0.013333333333333334
20614,1,0.12333333333333334
20619,1,0.006666666666666667
20622,1,0.10666666666666667
20626,1,0.013333333333333334
20629,1,0.006666666666666667
20634,1,0.07
20640,1,0.043333333333333335
20643,1,0.012
20648,1,0.01
20653,1,0.023333333333333334
20654,1,0.02666666666666667
20665,1,0.0033333333333333335
20668,1,0.0033333333333333335
20680,1,0.008888888888888889
20684,1,0.006666666666666667
20686,1,0.016666666666666666
20707,1,0.13666666666666666
20727,1,0.03
20737,1,0.16666666666666666
20739,1,0.03333333333333333
20748,1,0.04833333333333333
20750,1,0.03666666666666667
20753,1,0.03333333333333333
20754,1,0.13666666666666666
20762,1,0.25
20766,1,0.03
20767,1,0.02666666666666667
20781,1,0.04
20785,1,0.11666666666666667
20787,1,0.17666666666666667
20798,1,0.06
20799,1,0.01
20802,1,0.1
20804,1,0.05
20806,1,0.05
20810,1,0.03333333333333333
20814,1,0.0033333333333333335
20818,1,0.18333333333333332
20820,1,0.0033333333333333335
20828,1,0.0
20838,1,0.021111111111111112
20841,1,0.006666666666666667
20850,1,0.013333333333333334
20855,1,0.0033333333333333335
20859,1,0.0033333333333333335
20868,1,0.012666666666666666
20878,1,0.01
20881,1,0.0033333333333333335
20883,1,0.06044444444444444
20889,1,0.019333333333333334
20890,1,0.023333333333333334
20891,1,0.016666666666666666
20903,1,0.05
20905,1,0.03666666666666667
20909,1,0.006666666666666667
20921,1,0.0
20932,1,0.0033333333333333335
20934,1,0.08333333333333333
20944,1,0.01
20959,1,0.12
20962,1,0.0033333333333333335
20965,1,0.005
20986,1,0.02
20988,1,0.0033333333333333335
20999,1,0.01888888888888889
21009,1,0.03755555555555555
21011,1,0.01
21012,1,0.07
21014,1,0.03666666666666667
21026,1,0.02666666666666667
21030,1,0.03333333333333333
21034,1,0.0033333333333333335
21064,1,0.01
21076,1,0.05
21081,1,0.0
21087,1,0.023333333333333334
21092,1,0.025555555555555557
21093,1,0.05
21094,1,0.0033333333333333335
21106,1,0.02666666666666667
21121,1,0.12
21123,1,0.09
21134,1,0.07
21148,1,0.09
21149,1,0.006666666666666667
21150,1,0.15222222222222223
21151,1,0.1
21152,1,0.016666666666666666
21158,1,0.016666666666666666
21161,1,0.09666666666666666
21165,1,0.07333333333333333
21171,1,0.05333333333333334
21174,1,0.21
21184,1,0.06666666666666667
21199,1,0.056666666666666664
21203,1,0.03444444444444444
21207,1,0.03333333333333333
21212,1,0.06
21232,1,0.023333333333333334
21235,1,0.07333333333333333
21236,1,0.03
21244,1,0.06472222222222221
21254,1,0.0033333333333333335
21256,1,0.07
21257,1,0.06333333333333334
21264,1,0.014444444444444447
21269,1,0.018333333333333333
21272,1,0.01
21278,1,0.06333333333333334
21287,1,0.05333333333333334
21291,1,0.01
21300,1,0.09333333333333334
21301,1,0.056666666666666664
21305,1,0.05
21310,1,0.021333333333333336
21313,1,0.0
21322,1,0.20333333333333334
21329,1,0.023333333333333334
21330,1,0.23
21348,1,0.30333333333333334
21350,1,0.01
21359,1,0.04
21361,1,0.05
21368,1,0.07666666666666666
21371,1,0.02
21376,1,0.06666666666666667
21387,1,0.006666666666666667
21392,1,0.0033333333333333335
21393,1,0.0
21406,1,0.013333333333333334
21407,1,0.012666666666666666
21408,1,0.0033333333333333335
21410,1,0.006666666666666667
21414,1,0.006666666666666667
21422,1,0.016666666666666666
21423,1,0.016666666666666666
21426,1,0.03722222222222222
21432,1,0.006666666666666667
21433,1,0.056666666666666664
21435,1,0.03722222222222222
21449,1,0.016666666666666666
21472,1,0.03486507936507937
21474,1,0.041666666666666664
21480,1,0.0
21486,1,0.023333333333333334
21489,1,0.03333333333333333
21498,1,0.07666666666666666
21503,1,0.09666666666666666
21511,1,0.0
21513,1,0.02138888888888889
21527,1,0.06333333333333334
21532,1,0.013333333333333334
21537,1,0.21465873015873016
21552,1,0.013333333333333334
21555,1,0.007777777777777777
21557,1,0.006666666666666667
21563,1,0.02666666666666667
21579,1,0.03333333333333333
21584,1,0.043333333333333335
21587,1,0.12333333333333334
21602,1,0.006666666666666667
21609,1,0.06588888888888889
21612,1,0.006666666666666667
21617,1,0.02
21621,1,0.01
21623,1,0.03333333333333333
21624,1,0.015555555555555553
21627,1,0.0033333333333333335
21633,1,0.05333333333333334
21640,1,0.0033333333333333335
21652,1,0.19
21657,1,0.05333333333333334
21663,1,0.02666666666666667
21666,1,0.0
21671,1,0.01833333333333333
21680,1,0.11
21704,1,0.016666666666666666
21705,1,0.03333333333333333
21711,1,0.0033333333333333335
21712,1,0.01
21730,1,0.08433333333333332
21736,1,0.07666666666666666
21745,1,0.01
21750,1,0.06333333333333334
21753,1,0.023333333333333334
21755,1,0.04
21762,1,0.05333333333333334
21767,1,0.006666666666666667
21768,1,0.03
21770,1,0.02
21771,1,0.03333333333333333
21786,1,0.0
21788,1,0.013333333333333334
21790,1,0.02
21794,1,0.01
21799,1,0.12333333333333334
21806,1,0.03666666666666667
21817,1,0.02
21824,1,0.04555555555555555
21825,1,0.006666666666666667
21830,1,0.0033333333333333335
21834,1,0.61
21843,1,0.012222222222222221
21851,1,0.006666666666666667
21872,1,0.0
21877,1,0.023333333333333334
21880,1,0.0
21883,1,0.03333333333333333
21884,1,0.043333333333333335
21885,1,0.03
21910,1,0.03
21911,1,0.0033333333333333335
21919,1,0.016666666666666666
21926,1,0.011666666666666667
21932,1,0.08666666666666667
21935,1,0.016666666666666666
21944,1,0.11333333333333333
21946,1,0.016666666666666666
21947,1,0.016666666666666666
21949,1,0.023333333333333334
21953,1,0.01
21958,1,0.06666666666666667
21959,1,0.07333333333333333
21972,1,0.02
21973,1,0.09666666666666666
21979,1,0.1
21982,1,0.0
21984,1,0.02
21985,1,0.023333333333333334
21988,1,0.016666666666666666
21991,1,0.03666666666666667
21996,1,0.0033333333333333335
21997,1,0.03333333333333333
22000,1,0.04666666666666667
22007,1,0.006666666666666667
22008,1,0.26
22014,1,0.0033333333333333335
22016,1,0.03666666666666667
22020,1,0.023333333333333334
22026,1,0.04666666666666667
22027,1,0.18
22029,1,0.0
22032,1,0.02
22043,1,0.02
22049,1,0.11027777777777778
22053,1,0.016666666666666666
22060,1,0.006666666666666667
22064,1,0.18333333333333332
22065,1,0.16333333333333333
22067,1,0.0033333333333333335
22072,1,0.006666666666666667
22078,1,0.02666666666666667
22091,1,0.2966666666666667
22092,1,0.0
22097,1,0.043333333333333335
22102,1,0.06333333333333334
22112,1,0.02
22114,1,0.006666666666666667
22115,1,0.0
22116,1,0.023333333333333334
22121,1,0.013333333333333334
22124,1,0.0
22126,1,0.013333333333333334
22129,1,0.0
22136,1,0.0
22139,1,0.006666666666666667
22144,1,0.7233333333333334
22150,1,0.02666666666666667
22154,1,0.019111111111111113
22166,1,0.01
22189,1,0.006666666666666667
22190,1,0.006666666666666667
22192,1,0.09666666666666666
22198,1,0.04
22202,1,0.006666666666666667
22215,1,0.016666666666666666
22220,1,0.007333333333333334
22222,1,0.01
22227,1,0.01
22234,1,0.006666666666666667
22241,1,0.013333333333333334
22268,1,0.20333333333333334
22274,1,0.006666666666666667
22288,1,0.02666666666666667
22289,1,0.056666666666666664
22300,1,0.0033333333333333335
22305,1,0.0
22310,1,0.006666666666666667
22311,1,0.006666666666666667
22312,1,0.006666666666666667
22318,1,0.01
22327,1,0.023333333333333334
22330,1,0.03666666666666667
22333,1,0.03933333333333334
22339,1,0.056666666666666664
22347,1,0.016666666666666666
22367,1,0.05333333333333334
22368,1,0.016666666666666666
22372,1,0.023333333333333334
22378,1,0.03255555555555555
22383,1,0.023333333333333334
22388,1,0.03944444444444444
22401,1,0.0033333333333333335
22405,1,0.04555555555555555
22414,1,0.011666666666666667
22429,1,0.03333333333333333
22432,1,0.0
22442,1,0.06111111111111111
22460,1,0.0033333333333333335
22477,1,0.013333333333333334
22481,1,0.26166666666666666
22490,1,0.04555555555555555
22491,1,0.04555555555555555
22494,1,0.01
22495,1,0.013333333333333334
22497,1,0.043333333333333335
22532,1,0.021666666666666667
22535,1,0.004
22538,1,0.09666666666666666
22545,1,0.01
22546,1,0.006666666666666667
22551,1,0.013333333333333334
22553,1,0.016666666666666666
22557,1,0.06333333333333334
22559,1,0.006666666666666667
22564,1,0.016666666666666666
22567,1,0.02
22590,1,0.06333333333333334
22605,1,0.01
22607,1,0.03666666666666667
22608,1,0.49666666666666665
22619,1,0.02
22624,1,0.013888888888888886
22638,1,0.013333333333333334
22640,1,0.0033333333333333335
22644,1,0.033888888888888885
22649,1,0.01
22651,1,0.04
22671,1,0.01
22675,1,0.07
22679,1,0.023333333333333334
22682,1,0.04666666666666667
22689,1,0.01
22723,1,0.01
22729,1,0.006666666666666667
22750,1,0.15888888888888889
22754,1,0.13
22761,1,0.07
22764,1,0.16
22791,1,0.016666666666666666
22796,1,0.023333333333333334
22797,1,0.02
22805,1,0.07777777777777778
22810,1,0.18666666666666668
22814,1,0.006666666666666667
22824,1,0.25333333333333335
22826,1,0.03666666666666667
22833,1,0.02666666666666667
22837,1,0.03
22843,1,0.023333333333333334
22845,1,0.06333333333333334
22846,1,0.06333333333333334
22847,1,0.0
22854,1,0.07666666666666666
22863,1,0.07333333333333333
22866,1,0.39666666666666667
22867,1,0.04777777777777778
22868,1,0.08666666666666667
22881,1,0.023333333333333334
22883,1,0.05283333333333333
22892,1,0.01
22903,1,0.12
22913,1,0.03666666666666667
22918,1,0.01
22921,1,0.16666666666666666
22922,1,0.03666666666666667
22930,1,0.0956111111111111
22935,1,0.11666666666666667
22939,1,0.056666666666666664
22946,1,0.31666666666666665
22948,1,0.016666666666666666
22957,1,0.02
22961,1,0.09666666666666666
22965,1,0.13333333333333333
22969,1,0.03
22971,1,0.32666666666666666
22976,1,0.05333333333333334
22978,1,0.09666666666666666
22983,1,0.02
22986,1,0.03666666666666667
23005,1,0.15333333333333332
23010,1,0.023333333333333334
23021,1,0.023333333333333334
23033,1,0.17
23039,1,0.0033333333333333335
23053,1,0.013333333333333334
23057,1,0.09666666666666666
23062,1,0.1484444444444444
23064,1,0.02
23073,1,0.16
23085,1,0.006666666666666667
23086,1,0.12
23111,1,0.08333333333333333
23117,1,0.0033333333333333335
23121,1,0.023333333333333334
23122,1,0.023888888888888887
23126,1,0.021111111111111112
23129,1,0.01777777777777778
23140,1,0.006666666666666667
23159,1,0.08
23172,1,0.03
23177,1,0.06944444444444443
23178,1,0.02
23179,1,0.033999999999999996
23188,1,0.018611111111111106
23190,1,0.0
23198,1,0.02666666666666667
23214,1,0.10077777777777779
23230,1,0.07333333333333333
23232,1,0.023333333333333334
23239,1,0.03666666666666667
23250,1,0.006666666666666667
23283,1,0.25666666666666665
23309,1,0.043333333333333335
23320,1,0.035555555555555556
23333,1,0.02666666666666667
23334,1,0.03666666666666667
23335,1,0.37
23355,1,0.04666666666666667
23360,1,0.12333333333333334
23367,1,0.07333333333333333
23368,1,0.04666666666666667
23370,1,0.01
23373,1,0.03333333333333333
23383,1,0.37666666666666665
23386,1,0.05
23394,1,0.043333333333333335
23403,1,0.64
23408,1,0.043333333333333335
23411,1,0.0
23415,1,0.02666666666666667
23425,1,0.03333333333333333
23429,1,0.006666666666666667
23444,1,0.07666666666666666
23457,1,0.013333333333333334
23462,1,0.013333333333333334
23477,1,0.02
23478,1,0.0033333333333333335
23488,1,0.016666666666666666
23489,1,0.0033333333333333335
23490,1,0.0033333333333333335
23501,1,0.01
23534,1,0.02
23536,1,0.07333333333333333
23548,1,0.016666666666666666
23557,1,0.06333333333333334
23558,1,0.01
23561,1,0.0033333333333333335
23563,1,0.07222222222222222
23567,1,0.035
23572,1,0.09333333333333334
23574,1,0.06666666666666667
23577,1,0.016666666666666666
23579,1,0.013333333333333334
23582,1,0.03977777777777777
23584,1,0.023333333333333334
23588,1,0.03
23589,1,0.016666666666666666
23602,1,0.02666666666666667
23606,1,0.06666666666666667
23610,1,0.013333333333333334
23620,1,0.02
23621,1,0.006666666666666667
23626,1,0.01
23628,1,0.09666666666666666
23629,1,0.016666666666666666
23633,1,0.03
23634,1,0.020277777777777777
23639,1,0.07
23640,1,0.006666666666666667
23644,1,0.18666666666666668
23647,1,0.08833333333333333
23649,1,0.06
23663,1,0.01
23666,1,0.02
23684,1,0.023333333333333334
23694,1,0.11333333333333333
23696,1,0.04666666666666667
23711,1,0.023333333333333334
23712,1,0.04
23714,1,0.04666666666666667
23725,1,0.04
23733,1,0.05966666666666666
23745,1,0.04666666666666667
23747,1,0.03
23748,1,0.4266666666666667
23750,1,0.08666666666666667
23765,1,0.095
23770,1,0.03
23771,1,0.02666666666666667
23772,1,0.0033333333333333335
23783,1,0.02666666666666667
23791,1,0.006666666666666667
23792,1,0.20666666666666667
23795,1,0.02
23801,1,0.11333333333333333
23810,1,0.0033333333333333335
23815,1,0.0033333333333333335
23818,1,0.02
23825,1,0.0
23836,1,0.01
23837,1,0.011666666666666667
23838,1,0.0022222222222222222
23845,1,0.0033333333333333335
23858,1,0.08277777777777778
23864,1,0.012666666666666666
23865,1,0.0
23867,1,0.05783333333333334
23869,1,0.04066666666666667
23872,1,0.03666666666666667
23890,1,0.02666666666666667
23899,1,0.01
23901,1,0.09
23904,1,0.006666666666666667
23908,1,0.0
23914,1,0.015333333333333332
23919,1,0.01
23921,1,0.006666666666666667
23924,1,0.05
23928,1,0.0033333333333333335
23929,1,0.08666666666666667
23935,1,0.013333333333333334
23937,1,0.06583333333333333
23938,1,0.0016666666666666668
23940,1,0.004166666666666667
23954,1,0.043333333333333335
23956,1,0.023333333333333334
23963,1,0.010833333333333334
23971,1,0.06666666666666667
23979,1,0.058333333333333334
23984,1,0.023333333333333334
23985,1,0.02666666666666667
23986,1,0.02666666666666667
23987,1,0.01
23994,1,0.05
23995,1,0.08
23998,1,0.48
24015,1,0.5566666666666666
24024,1,0.7166666666666667
24033,1,0.3377777777777778
24035,1,0.61
24039,1,0.77
24055,1,0.7
24058,1,0.8133333333333334
24062,1,0.6016666666666667
24070,1,0.29333333333333333
24080,1,0.29
24083,1,0.21
24086,1,0.18
24125,1,0.14333333333333334
24129,1,0.023333333333333334
24134,1,0.03
24136,1,0.01
24137,1,0.07
24142,1,0.0033333333333333335
24145,1,0.11333333333333333
24154,1,0.03
24156,1,0.09222222222222222
24160,1,0.03
24169,1,0.0
24173,1,0.08
24174,1,0.005916666666666666
24175,1,0.0033333333333333335
24177,1,0.01
24187,1,0.013333333333333334
24188,1,0.006666666666666667
24193,1,0.62
24197,1,0.0
24203,1,0.03333333333333333
24209,1,0.19666666666666666
24215,1,0.043333333333333335
24218,1,0.03333333333333333
24221,1,0.03333333333333333
24224,1,0.12
24228,1,0.0
24230,1,0.0033333333333333335
24232,1,0.043333333333333335
24243,1,0.0033333333333333335
24256,1,0.006666666666666667
24264,1,0.18
24265,1,0.09333333333333334
24270,1,0.0
24280,1,0.0033333333333333335
24287,1,0.13333333333333333
24301,1,0.0
24305,1,0.04
24314,1,0.095
24315,1,0.016666666666666666
24325,1,0.01
24333,1,0.056666666666666664
24345,1,0.0033333333333333335
24365,1,0.0
24371,1,0.07666666666666666
24399,1,0.01
24400,1,0.22666666666666666
24405,1,0.0033333333333333335
24406,1,0.07
24411,1,0.01
24417,1,0.01
24420,1,0.0
24429,1,0.04
24431,1,0.03
24436,1,0.0016666666666666668
24441,1,0.01
24445,1,0.006666666666666667
24449,1,0.09
24452,1,0.04
24453,1,0.0
24457,1,0.0033333333333333335
24461,1,0.01
24465,1,0.0
24471,1,0.02666666666666667
24472,1,0.0033333333333333335
24481,1,0.06666666666666667
24484,1,0.02666666666666667
24490,1,0.0
24494,1,0.05
24505,1,0.04
24509,1,0.0033333333333333335
24512,1,0.016666666666666666
24526,1,0.056666666666666664
24529,1,0.005
24536,1,0.0033333333333333335
24541,1,0.03333333333333333
24542,1,0.043333333333333335
24543,1,0.006666666666666667
24553,1,0.043333333333333335
24556,1,0.013333333333333334
24560,1,0.02666666666666667
24582,1,0.01
24585,1,0.005333333333333334
24587,1,0.01
24594,1,0.15
24600,1,0.1
24601,1,0.11333333333333333
24603,1,0.023333333333333334
24606,1,0.1
24608,1,0.013333333333333334
24624,1,0.006666666666666667
24626,1,0.02
24636,1,0.02
24637,1,0.0033333333333333335
24645,1,0.03
24651,1,0.02666666666666667
24658,1,0.11333333333333333
24687,1,0.01
24688,1,0.006666666666666667
24691,1,0.03333333333333333
24701,1,0.006666666666666667
24706,1,0.013333333333333334
24727,1,0.05333333333333334
24728,1,0.0033333333333333335
24731,1,0.3233333333333333
24734,1,0.0033333333333333335
24735,1,0.023333333333333334
24736,1,0.023333333333333334
24737,1,0.02
24746,1,0.013333333333333334
24750,1,0.02666666666666667
24755,1,0.023333333333333334
24757,1,0.03333333333333333
24763,1,0.0
24770,1,0.04
24772,1,0.03333333333333333
24774,1,0.03333333333333333
24776,1,0.0
24788,1,0.0
24789,1,0.006666666666666667
24791,1,0.0033333333333333335
24792,1,0.08333333333333333
24805,1,0.0033333333333333335
24806,1,0.0
24812,1,0.006666666666666667
24822,1,0.023333333333333334
24826,1,0.02666666666666667
24832,1,0.25
24834,1,0.03666666666666667
24836,1,0.013333333333333334
24837,1,0.0033333333333333335
24847,1,0.014444444444444447
24851,1,0.016666666666666666
24856,1,0.15666666666666668
24862,1,0.006666666666666667
24867,1,0.01
24871,1,0.03
24873,1,0.02
24886,1,0.0033333333333333335
24888,1,0.02
24905,1,0.0
24906,1,0.01
24910,1,0.17333333333333334
24928,1,0.0033333333333333335
24931,1,0.03333333333333333
24932,1,0.12666666666666668
24934,1,0.013333333333333334
24938,1,0.0
24940,1,0.0033333333333333335
24954,1,0.0
24973,1,0.03
24975,1,0.023333333333333334
24979,1,0.08
24986,1,0.04
24992,1,0.016666666666666666
24996,1,0.013333333333333334
24999,1,0.08666666666666667
25000,1,0.03333333333333333
25015,1,0.0
25016,1,0.32
25019,1,0.1683333333333333
25020,1,0.01
25027,1,0.01
25044,1,0.03666666666666667
25051,1,0.03
25069,1,0.0
25074,1,0.006666666666666667
25076,1,0.04
25080,1,0.023333333333333334
25088,1,0.03
25089,1,0.03
25091,1,0.06666666666666667
25116,1,0.0
25117,1,0.05333333333333334
25128,1,0.02
25132,1,0.03333333333333333
25145,1,0.056666666666666664
25155,1,0.006666666666666667
25174,1,0.04666666666666667
25178,1,0.04
25183,1,0.023333333333333334
25185,1,0.023333333333333334
25192,1,0.0033333333333333335
25200,1,0.0
25207,1,0.0033333333333333335
25212,1,0.006666666666666667
25213,1,0.02666666666666667
25216,1,0.03
25219,1,0.016666666666666666
25220,1,0.07
25223,1,0.03666666666666667
25226,1,0.043333333333333335
25232,1,0.006666666666666667
25259,1,0.043333333333333335
25263,1,0.01
25279,1,0.056666666666666664
25283,1,0.0033333333333333335
25289,1,0.02
25291,1,0.04666666666666667
25293,1,0.06666666666666667
25305,1,0.023333333333333334
25311,1,0.0022222222222222222
25323,1,0.0033333333333333335
25334,1,0.006666666666666667
25337,1,0.03333333333333333
25343,1,0.03666666666666667
25356,1,0.3233333333333333
25364,1,0.016666666666666666
25366,1,0.013333333333333334
25368,1,0.0033333333333333335
25370,1,0.08333333333333333
25389,1,0.04
25390,1,0.0
25393,1,0.023333333333333334
25403,1,0.0
25406,1,0.0
25426,1,0.0033333333333333335
25428,1,0.03666666666666667
25432,1,0.62
25436,1,0.16333333333333333
25447,1,0.04666666666666667
25456,1,0.04857142857142857
25458,1,0.04
25460,1,0.04666666666666667
25461,1,0.0033333333333333335
25470,1,0.0
25472,1,0.011904761904761904
25478,1,0.016666666666666666
25479,1,0.01
25491,1,0.013333333333333334
25501,1,0.04666666666666667
25507,1,0.03
25508,1,0.41357623857623893
25522,1,0.0019047619047619048
25540,1,0.06666666666666667
25543,1,0.03666666666666667
25550,1,0.03666666666666667
25556,1,0.02
25575,1,0.3233333333333333
25585,1,0.07
25594,1,0.02677777777777778
25599,1,0.08247883597883598
25600,1,0.12333333333333334
25601,1,0.006666666666666667
25602,1,0.006666666666666667
25609,1,0.01
25613,1,0.02666666666666667
25629,1,0.21333333333333335
25641,1,0.0033333333333333335
25644,1,0.2966666666666667
25660,1,0.16125
25663,1,0.2
25664,1,0.06
25681,1,0.15868253968253968
25693,1,0.0033333333333333335
25694,1,0.0033333333333333335
25695,1,0.1288888888888889
25702,1,0.8933333333333333
25703,1,0.29777777777777775
25712,1,0.012380952380952381
25717,1,0.01
25722,1,0.03
25733,1,0.008
25736,1,0.01
25754,1,0.013333333333333334
25757,1,0.13333333333333333
25761,1,0.01
25763,1,0.03888888888888889
25769,1,0.053947089947089945
25784,1,0.02666666666666667
25785,1,0.6033333333333334
25796,1,0.023333333333333334
25802,1,0.023333333333333334
25807,1,0.0033333333333333335
25812,1,0.013333333333333334
25813,1,0.030555555555555558
25816,1,0.023333333333333334
25820,1,0.0
25821,1,0.02666666666666667
25823,1,0.01
25826,1,0.24
25829,1,0.0033333333333333335
25861,1,0.28713576238576255
25873,1,0.028285714285714286
25882,1,0.043333333333333335
25888,1,0.03666666666666667
25889,1,0.01
25903,1,0.05333333333333334
25905,1,0.00857142857142857
25909,1,0.016666666666666666
25914,1,0.1511111111111111
25921,1,0.08666666666666667
25925,1,0.057555555555555554
25926,1,0.03
25927,1,0.13666666666666666
25934,1,0.023333333333333334
25938,1,0.09
25944,1,0.03333333333333333
25952,1,0.0033333333333333335
25959,1,0.0033333333333333335
25972,1,0.09333333333333334
25980,1,0.02
25984,1,0.13333333333333333
25994,1,0.0033333333333333335
25996,1,0.23666666666666666
26002,1,0.0033333333333333335
26005,1,0.12666666666666668
26010,1,0.04666666666666667
26019,1,0.54
26058,1,0.03
26065,1,0.03
26069,1,0.016666666666666666
26070,1,0.06666666666666667
26073,1,0.09476190476190476
26080,1,0.023333333333333334
26085,1,0.02
26092,1,0.09666666666666666
26096,1,0.03333333333333333
26097,1,0.02666666666666667
26099,1,0.0
26101,1,0.35333333333333333
26109,1,0.01
26110,1,0.06666666666666667
26125,1,0.08333333333333333
26127,1,0.05333333333333334
26132,1,0.0
26133,1,0.11333333333333333
26137,1,0.02666666666666667
26139,1,0.01
26145,1,0.24822222222222223
26164,1,0.043333333333333335
26193,1,0.03
26195,1,0.2733333333333333
26202,1,0.006666666666666667
26214,1,0.07
26218,1,0.09666666666666666
26219,1,0.05
26230,1,0.04666666666666667
26239,1,0.07666666666666666
26242,1,0.07
26245,1,0.02
26253,1,0.03666666666666667
26266,1,0.04
26269,1,0.05333333333333334
26275,1,0.05333333333333334
26280,1,0.0033333333333333335
26283,1,0.03
26308,1,0.02
26311,1,0.11
26314,1,0.09666666666666666
26316,1,0.08
26326,1,0.02666666666666667
26334,1,0.013333333333333334
26339,1,0.01
26348,1,0.06666666666666667
26353,1,0.03
26354,1,0.20333333333333334
26359,1,0.20333333333333334
26367,1,0.3566666666666667
26371,1,0.06333333333333334
26386,1,0.4166666666666667
26388,1,0.05458333333333333
26391,1,0.07666666666666666
26404,1,0.016666666666666666
26407,1,0.043333333333333335
26410,1,0.15333333333333332
26431,1,0.013333333333333334
26436,1,0.09333333333333334
26441,1,0.07
26442,1,0.04
26445,1,0.0033333333333333335
26455,1,0.06555555555555556
26466,1,0.06733333333333333
26467,1,0.11666666666666667
26469,1,0.01
26476,1,0.043333333333333335
26478,1,0.04
26479,1,0.01
26482,1,0.11666666666666667
26502,1,0.03666666666666667
26504,1,0.0
26506,1,0.0033333333333333335
26513,1,0.03666666666666667
26525,1,0.013333333333333334
26535,1,0.013333333333333334
26538,1,0.03333333333333333
26539,1,0.30666666666666664
26543,1,0.32
26544,1,0.04
26555,1,0.010833333333333334
26567,1,0.0
26573,1,0.01
26577,1,0.043333333333333335
26579,1,0.16333333333333333
26584,1,0.013333333333333334
26587,1,0.0
26591,1,0.006666666666666667
26598,1,0.041111111111111105
26599,1,0.023333333333333334
26607,1,0.02666666666666667
26614,1,0.19333333333333333
26619,1,0.07
26623,1,0.0
26624,1,0.056666666666666664
26629,1,0.006666666666666667
26634,1,0.10333333333333333
26638,1,0.07133333333333335
26645,1,0.006666666666666667
26648,1,0.08333333333333333
26650,1,0.03333333333333333
26659,1,0.013333333333333334
26668,1,0.16
26670,1,0.0011111111111111111
26678,1,0.05
26683,1,0.016666666666666666
26689,1,0.016666666666666666
26692,1,0.02666666666666667
26694,1,0.013333333333333334
26696,1,0.16666666666666666
26698,1,0.04666666666666667
26699,1,0.03666666666666667
26703,1,0.043333333333333335
26731,1,0.01
26732,1,0.63
26740,1,0.04416666666666667
26742,1,0.07333333333333333
26744,1,0.12
26750,1,0.02
26752,1,0.03666666666666667
26758,1,0.041111111111111105
26763,1,0.05
26765,1,0.02
26766,1,0.08399999999999999
26767,1,0.06
26772,1,0.056666666666666664
26773,1,0.05
26774,1,0.013333333333333334
26777,1,0.006666666666666667
26785,1,0.0009523809523809524
26786,1,0.36666666666666664
26789,1,0.013333333333333334
26797,1,0.08333333333333333
26799,1,0.06333333333333334
26823,1,0.03333333333333333
26829,1,0.0033333333333333335
26834,1,0.016666666666666666
26835,1,0.043333333333333335
26843,1,0.006666666666666667
26851,1,0.06
26860,1,0.006666666666666667
26865,1,0.04666666666666667
26867,1,0.016666666666666666
26873,1,0.10833333333333334
26877,1,0.02
26893,1,0.07333333333333333
26903,1,0.011111111111111112
26911,1,0.63
26914,1,0.1
26916,1,0.03333333333333333
26919,1,0.04
26936,1,0.07166666666666667
26938,1,0.2
26943,1,0.08
26946,1,0.08666666666666667
26955,1,0.013333333333333334
26972,1,0.14
26975,1,0.006666666666666667
26976,1,0.08333333333333333
26993,1,0.056666666666666664
27008,1,0.0033333333333333335
27012,1,0.023333333333333334
27014,1,0.08
27017,1,0.11666666666666667
27022,1,0.03666666666666667
27026,1,0.038
27031,1,0.02
27035,1,0.043333333333333335
27038,1,0.008333333333333333
27044,1,0.03253968253968254
27057,1,0.08666666666666667
27060,1,0.015
27062,1,0.023333333333333334
27067,1,0.1
27068,1,0.08888888888888888
27069,1,0.02666666666666667
27072,1,0.013333333333333334
27074,1,0.0033333333333333335
27079,1,0.0
27083,1,0.06935185185185186
27084,1,0.01
27087,1,0.013333333333333334
27092,1,0.023333333333333334
27093,1,0.10111111111111111
27102,1,0.02
27104,1,0.03666666666666667
27107,1,0.043333333333333335
27108,1,0.018333333333333333
27109,1,0.01
27114,1,0.023333333333333334
27115,1,0.030833333333333334
27121,1,0.06666666666666667
27151,1,0.24
27154,1,0.03666666666666667
27157,1,0.0
27159,1,0.03233333333333333
27160,1,0.0033333333333333335
27163,1,0.04388888888888889
27165,1,0.135
27167,1,0.016666666666666666
27171,1,0.03666666666666667
27176,1,0.0
27178,1,0.03233333333333333
27182,1,0.10499999999999998
27184,1,0.14666666666666667
27198,1,0.03
27199,1,0.15
27233,1,0.03333333333333333
27235,1,0.013333333333333334
27240,1,0.31666666666666665
27243,1,0.0
27250,1,0.14666666666666667
27254,1,0.14333333333333334
27264,1,0.08666666666666667
27276,1,0.10833333333333334
27277,1,0.0033333333333333335
27278,1,0.0
27283,1,0.0033333333333333335
27292,1,0.06
27299,1,0.21666666666666667
27303,1,0.02
27304,1,0.01
27309,1,0.016666666666666666
27316,1,0.0
27322,1,0.03333333333333333
27327,1,0.043333333333333335
27329,1,0.07333333333333333
27331,1,0.07666666666666666
27332,1,0.06761904761904762
27340,1,0.016666666666666666
27345,1,0.17
27349,1,0.013333333333333334
27351,1,0.02
27355,1,0.07
27363,1,0.06611111111111112
27374,1,0.03666666666666667
27377,1,0.0033333333333333335
27380,1,0.05333333333333334
27384,1,0.07
27388,1,0.08666666666666667
27392,1,0.031111111111111114
27393,1,0.02
27402,1,0.045
27403,1,0.013333333333333334
27426,1,0.013333333333333334
27441,1,0.006666666666666667
27445,1,0.08
27458,1,0.008333333333333333
27464,1,0.021666666666666667
27469,1,0.016666666666666666
27479,1,0.06
27480,1,0.013333333333333334
27482,1,0.23
27487,1,0.01
27489,1,0.013333333333333334
27491,1,0.2916666666666667
27492,1,0.03
27495,1,0.03666666666666667
27497,1,0.005
27502,1,0.057999999999999996
27525,1,0.016666666666666666
27529,1,0.07333333333333333
27532,1,0.08333333333333333
27536,1,0.03722222222222222
27548,1,0.08
27550,1,0.03
27560,1,0.0016666666666666668
27569,1,0.016666666666666666
27582,1,0.07444444444444444
27585,1,0.028888888888888895
27589,1,0.48
27591,1,0.29355555555555557
27593,1,0.16333333333333333
27594,1,0.06
27599,1,0.20666666666666667
27601,1,0.07777777777777778
27611,1,0.01
27614,1,0.05333333333333334
27618,1,0.016666666666666666
27621,1,0.043333333333333335
27622,1,0.08333333333333333
27632,1,0.07
27637,1,0.07
27641,1,0.05333333333333334
27653,1,0.02
27656,1,0.08333333333333333
27663,1,0.0033333333333333335
27665,1,0.043333333333333335
27666,1,0.006666666666666667
27672,1,0.09666666666666666
27687,1,0.21166666666666667
27730,1,0.77
27735,1,0.29333333333333333
27736,1,0.384
27742,1,0.5571111111111111
27744,1,0.26555555555555554
27763,1,0.3545634920634921
27765,1,0.7393650793650793
27766,1,0.3566666666666667
27767,1,0.5996666666666666
27776,1,0.4033333333333333
27779,1,0.2733333333333333
27781,1,0.2733333333333333
27789,1,0.23
27794,1,0.3333333333333333
27811,1,0.6422142857142856
27817,1,0.8084047619047618
27826,1,0.511563492063492
27836,1,0.30333333333333334
27844,1,0.4515714285714285
27847,1,0.4141666666666667
27858,1,0.595
27870,1,0.5533333333333333
27877,1,0.4088888888888889
27879,1,0.44666666666666666
27880,1,0.40305555555555556
27884,1,0.7016666666666667
27889,1,0.23333333333333334
27893,1,0.8533333333333334
27896,1,0.52
27901,1,0.2695
27902,1,0.5285555555555557
27909,1,0.25
27917,1,0.44600000000000006
27920,1,0.41694444444444445
27927,1,0.40722222222222226
27935,1,0.3447222222222222
27945,1,0.20833333333333334
27950,1,0.5177777777777778
27957,1,0.43666666666666665
27970,1,0.2522222222222222
27972,1,0.054444444444444455
27979,1,0.3
27980,1,0.29111111111111115
27981,1,0.3358333333333333
27996,1,0.11333333333333333
28014,1,0.08333333333333333
28019,1,0.07666666666666666
28021,1,0.5866666666666667
28027,1,0.12333333333333334
28028,1,0.06333333333333334
28032,1,0.08333333333333333
28036,1,0.7433333333333333
28042,1,0.13666666666666666
28045,1,0.24
28051,1,0.29333333333333333
28054,1,0.32
28056,1,0.4533333333333333
28063,1,0.13333333333333333
28074,1,0.12666666666666668
28080,1,0.13
28086,1,0.18666666666666668
28087,1,0.05333333333333334
28089,1,0.2
28093,1,0.33666666666666667
28099,1,0.03333333333333333
28109,1,0.17
28110,1,0.06333333333333334
28123,1,0.058333333333333334
28128,1,0.20333333333333334
28129,1,0.08666666666666667
28132,1,0.06333333333333334
28135,1,0.31333333333333335
28145,1,0.006666666666666667
28149,1,0.10666666666666667
28155,1,0.13
28167,1,0.18666666666666668
28172,1,0.04
28175,1,0.17
28176,1,0.2905555555555555
28195,1,0.08333333333333333
28198,1,0.016666666666666666
28202,1,0.07
28205,1,0.09
28206,1,0.24166666666666667
28207,1,0.07
28211,1,0.07333333333333333
28213,1,0.18
28226,1,0.09333333333333334
28238,1,0.12666666666666668
28240,1,0.07833333333333334
28245,1,0.056666666666666664
28252,1,0.36
28257,1,0.17833333333333334
28268,1,0.21333333333333335
28269,1,0.16611111111111113
28300,1,0.01
28310,1,0.11333333333333333
28315,1,0.25333333333333335
28327,1,0.035
28344,1,0.04666666666666667
28366,1,0.12
28373,1,0.15
28389,1,0.7333333333333333
28391,1,0.24333333333333335
28392,1,0.10333333333333333
28395,1,0.11627777777777777
28397,1,0.14166666666666666
28403,1,0.7727777777777778
28405,1,0.24
28415,1,0.02
28416,1,0.04933333333333333
28418,1,0.41
28419,1,0.21666666666666667
28421,1,0.6833333333333333
28439,1,0.08333333333333333
28443,1,0.20833333333333334
28445,1,0.06666666666666667
28455,1,0.45
28463,1,0.235
28466,1,0.21
28468,1,0.05333333333333334
28475,1,0.10666666666666667
28484,1,0.4011111111111111
28485,1,0.16833333333333333
28486,1,0.37333333333333335
28497,1,0.07611111111111112
28500,1,0.016666666666666666
28505,1,0.5986111111111111
28509,1,0.15666666666666668
28519,1,0.43888888888888894
28522,1,0.24666666666666667
28523,1,0.477
28531,1,0.36666666666666664
28539,1,0.07666666666666666
28545,1,0.075
28551,1,0.08
28553,1,0.149
28575,1,0.22627777777777774
28580,1,0.92
28586,1,0.49666666666666665
28590,1,0.16055555555555553
28593,1,0.24666666666666667
28601,1,0.35
28603,1,0.26
28615,1,0.29
28620,1,0.06666666666666667
28631,1,0.16333333333333333
28655,1,0.07
28660,1,0.17333333333333334
28677,1,0.05333333333333334
28682,1,0.05333333333333334
28691,1,0.63
28693,1,0.07333333333333333
28695,1,0.023333333333333334
28699,1,0.03183333333333333
28700,1,0.029055555555555557
28703,1,0.03
28705,1,0.05
28707,1,0.2844444444444445
28714,1,0.33166666666666667
28722,1,0.17
28726,1,0.06666666666666667
28729,1,0.15666666666666668
28735,1,0.24666666666666667
28745,1,0.0033333333333333335
28753,1,0.07
28755,1,0.06333333333333334
28766,1,0.29
28770,1,0.2733333333333333
28771,1,0.39666666666666667
28778,1,0.043333333333333335
28793,1,0.15666666666666668
28794,1,0.14722222222222223
28795,1,0.022222222222222223
28797,1,0.02
28798,1,0.07333333333333333
28804,1,0.05333333333333334
28814,1,0.013333333333333334
28836,1,0.15333333333333332
28838,1,0.4583333333333333
28852,1,0.043333333333333335
28853,1,0.3333333333333333
28855,1,0.16333333333333333
28871,1,0.15333333333333332
28874,1,0.6466666666666666
28880,1,0.03666666666666667
28881,1,0.07333333333333333
28889,1,0.20333333333333334
28892,1,0.05
28894,1,0.02
28896,1,0.0033333333333333335
28919,1,0.04666666666666667
28931,1,0.0033333333333333335
28932,1,0.04
28941,1,0.013333333333333334
28947,1,0.3233333333333333
28953,1,0.31666666666666665
28954,1,0.05
28960,1,0.31666666666666665
28962,1,0.0
28972,1,0.13
28977,1,0.02666666666666667
28980,1,0.07
28981,1,0.03333333333333333
28988,1,0.023333333333333334
28995,1,0.01
28998,1,0.028333333333333332
29001,1,0.02
29005,1,0.06333333333333334
29006,1,0.014444444444444447
29008,1,0.013333333333333334
29011,1,0.02
29015,1,0.18333333333333332
29019,1,0.21833333333333332
29028,1,0.0
29029,1,0.14333333333333334
29034,1,0.07666666666666666
29038,1,0.03666666666666667
29040,1,0.03333333333333333
29041,1,0.14333333333333334
29051,1,0.0033333333333333335
29054,1,0.24777777777777776
29060,1,0.06666666666666667
29077,1,0.043333333333333335
29081,1,0.04666666666666667
29086,1,0.18666666666666668
29094,1,0.04
29098,1,0.03
29108,1,0.006666666666666667
29113,1,0.15
29119,1,0.01
29131,1,0.11333333333333333
29133,1,0.14
29141,1,0.03666666666666667
29144,1,0.03
29165,1,0.04666666666666667
29178,1,0.07666666666666666
29192,1,0.18333333333333332
29193,1,0.17666666666666667
29195,1,0.17
29197,1,0.03666666666666667
29200,1,0.08333333333333333
29206,1,0.07
29212,1,0.0
29218,1,0.35333333333333333
29227,1,0.17333333333333334
29272,1,0.04666666666666667
29278,1,0.6426666666666667
29282,1,0.22
29286,1,0.04
29291,1,0.04666666666666667
29292,1,0.08833333333333333
29299,1,0.07666666666666666
29301,1,0.09666666666666666
29302,1,0.17666666666666667
29306,1,0.6825
29308,1,0.2
29309,1,0.23666666666666666
29315,1,0.08666666666666667
29322,1,0.09333333333333334
29323,1,0.4294444444444444
29325,1,0.0
29328,1,0.016666666666666666
29332,1,0.21666666666666667
29334,1,0.23333333333333334
29338,1,0.08
29349,1,0.35333333333333333
29371,1,0.14
29373,1,0.18
29375,1,0.07
29382,1,0.016666666666666666
29385,1,0.07333333333333333
29393,1,0.31
29394,1,0.06666666666666667
29395,1,0.17
29406,1,0.0033333333333333335
29408,1,0.13333333333333333
29410,1,0.07
29412,1,0.38666666666666666
29428,1,0.056666666666666664
29430,1,0.05
29432,1,0.03333333333333333
29443,1,0.11916666666666667
29449,1,0.03666666666666667
29456,1,0.02
29458,1,0.07666666666666666
29469,1,0.14
29477,1,0.03
29485,1,0.06333333333333334
29488,1,0.023333333333333334
29493,1,0.016666666666666666
29512,1,0.041111111111111105
29518,1,0.06333333333333334
29519,1,0.02666666666666667
29527,1,0.043333333333333335
29530,1,0.28
29532,1,0.006666666666666667
29534,1,0.33
29535,1,0.08166666666666667
29538,1,0.041666666666666664
29546,1,0.056666666666666664
29547,1,0.22
29548,1,0.006666666666666667
29550,1,0.07
29551,1,0.0
29552,1,0.013333333333333334
29556,1,0.08
29565,1,0.013333333333333334
29567,1,0.04
29570,1,0.03333333333333333
29572,1,0.011666666666666667
29585,1,0.03
29588,1,0.25
29589,1,0.0033333333333333335
29591,1,0.07333333333333333
29624,1,0.08333333333333333
29627,1,0.02666666666666667
29629,1,0.06
29632,1,0.5122222222222222
29636,1,0.03666666666666667
29652,1,0.056666666666666664
29662,1,0.04
29671,1,0.056666666666666664
29681,1,0.21666666666666667
29688,1,0.05
29689,1,0.0033333333333333335
29691,1,0.2633333333333333
29692,1,0.09
29694,1,0.03333333333333333
29695,1,0.14333333333333334
29704,1,0.22333333333333333
29718,1,0.01
29724,1,0.021666666666666667
29729,1,0.04
29735,1,0.41
29744,1,0.7433333333333333
29746,1,0.04
29748,1,0.62
29754,1,0.12
29756,1,0.26166666666666666
29759,1,0.03
29768,1,0.056666666666666664
29784,1,0.07
29806,1,0.03333333333333333
29807,1,0.023333333333333334
29812,1,0.045
29813,1,0.17666666666666667
29818,1,0.16333333333333333
29819,1,0.04666666666666667
29820,1,0.01
29827,1,0.0033333333333333335
29838,1,0.016666666666666666
29857,1,0.03
29858,1,0.01
29867,1,0.0
29868,1,0.08
29877,1,0.03333333333333333
29883,1,0.10333333333333333
29885,1,0.08666666666666667
29888,1,0.01
29898,1,0.07666666666666666
29899,1,0.01
29903,1,0.03333333333333333
29913,1,0.10666666666666667
29915,1,0.016666666666666666
29923,1,0.04
29926,1,0.04
29930,1,0.03
29941,1,0.09666666666666666
29946,1,0.03333333333333333
29953,1,0.023333333333333334
29963,1,0.3466666666666667
29966,1,0.3233333333333333
29969,1,0.2227222222222222
29974,1,0.5
29989,1,0.3371666666666666
29990,1,0.5166666666666667
30008,1,0.285
30016,1,0.37333333333333335
30017,1,0.57
30029,1,0.7683333333333333
30043,1,0.6666666666666666
30052,1,0.22666666666666666
30060,1,0.24
30061,1,0.33666666666666667
30070,1,0.14333333333333334
30071,1,0.29
30084,1,0.43333333333333335
30089,1,0.24333333333333335
30090,1,0.4766666666666667
30098,1,0.12
30125,1,0.35333333333333333
30136,1,0.47333333333333333
30138,1,0.39
30143,1,0.23
30153,1,0.686
30184,1,0.7636111111111111
30187,1,0.06
30190,1,0.6555555555555556
30194,1,0.7466666666666667
30205,1,0.3433333333333333
30212,1,0.07666666666666666
30215,1,0.2
30222,1,0.13111111111111112
30224,1,0.58
30233,1,0.7375
30238,1,0.8333333333333334
30245,1,0.3233333333333333
30250,1,0.16666666666666666
30257,1,0.1137222222222222
30265,1,0.8533333333333334
30268,1,0.21
30269,1,0.27666666666666667
30270,1,0.11333333333333333
30282,1,0.14333333333333334
30290,1,0.63
30291,1,0.5933333333333334
30296,1,0.265
30307,1,0.78
30308,1,0.6566666666666666
30315,1,0.45166666666666666
30317,1,0.13666666666666666
30323,1,0.25066666666666665
30330,1,0.18666666666666668
30332,1,0.8166666666666667
30334,1,0.3619047619047619
30335,1,0.20666666666666667
30362,1,0.23666666666666666
30367,1,0.3597222222222222
30373,1,0.22333333333333333
30388,1,0.5906269841269842
30401,1,0.13
30404,1,0.17
30411,1,0.4675
30415,1,0.7844444444444445
30418,1,0.3522222222222222
30423,1,0.4766666666666667
30426,1,0.22333333333333333
30435,1,0.23333333333333334
30444,1,0.2
30452,1,0.3
30471,1,0.24
30476,1,0.07
30483,1,0.10666666666666667
30490,1,0.11666666666666667
30496,1,0.20333333333333334
30508,1,0.043333333333333335
30513,1,0.11
30519,1,0.02666666666666667
30521,1,0.11666666666666667
30530,1,0.02666666666666667
30544,1,0.20333333333333334
30551,1,0.31
30553,1,0.22
30558,1,0.09666666666666666
30563,1,0.6733333333333333
30565,1,0.19333333333333333
30567,1,0.07333333333333333
30575,1,0.1
30583,1,0.32
30585,1,0.13666666666666666
30588,1,0.04666666666666667
30598,1,0.19333333333333333
30599,1,0.22333333333333333
30600,1,0.2
30601,1,0.25166666666666665
30610,1,0.24
30613,1,0.2633333333333333
30619,1,0.08
30625,1,0.08333333333333333
30630,1,0.17
30637,1,0.07666666666666666
30648,1,0.10866666666666668
30649,1,0.07666666666666666
30669,1,0.03666666666666667
30672,1,0.016666666666666666
30674,1,0.33
30675,1,0.08333333333333333
30683,1,0.016666666666666663
30692,1,0.02
30694,1,0.02
30697,1,0.0
30701,1,0.006666666666666667
30704,1,0.013333333333333334
30721,1,0.02666666666666667
30723,1,0.05
30736,1,0.02666666666666667
30740,1,0.05333333333333334
30749,1,0.09333333333333334
30753,1,0.05277777777777777
30771,1,0.12333333333333334
30772,1,0.24
30780,1,0.12666666666666668
30789,1,0.0125
30799,1,0.05
30803,1,0.08361111111111111
30806,1,0.043333333333333335
30807,1,0.008333333333333333
30811,1,0.0033333333333333335
30821,1,0.18333333333333332
30828,1,0.056666666666666664
30838,1,0.08
30847,1,0.016666666666666666
30855,1,0.08333333333333333
30856,1,0.04555555555555555
30860,1,0.1
30862,1,0.09094444444444444
30866,1,0.04
30872,1,0.02
30873,1,0.112
30878,1,0.006666666666666667
30883,1,0.09
30889,1,0.055555555555555546
30897,1,0.06
30903,1,0.013333333333333334
30904,1,0.006666666666666667
30905,1,0.04
30906,1,0.20666666666666667
30913,1,0.22333333333333333
30919,1,0.02
30920,1,0.08583333333333333
30926,1,0.03666666666666667
30933,1,0.025833333333333333
30935,1,0.0
30936,1,0.10538888888888888
30938,1,0.016666666666666666
30940,1,0.08666666666666667
30945,1,0.02666666666666667
30951,1,0.06666666666666667
30952,1,0.016666666666666666
30977,1,0.06666666666666667
30980,1,0.22666666666666666
31002,1,0.12333333333333334
31018,1,0.11777777777777776
31023,1,0.02666666666666667
31035,1,0.013333333333333334
31038,1,0.0875
31050,1,0.04
31066,1,0.0033333333333333335
31073,1,0.02
31074,1,0.02083333333333333
31098,1,0.17666666666666667
31103,1,0.057777777777777775
31105,1,0.0033333333333333335
31107,1,0.14
31109,1,0.07666666666666666
31110,1,0.016666666666666666
31112,1,0.04
31113,1,0.006666666666666667
31122,1,0.04577777777777778
31129,1,0.05722222222222222
31135,1,0.10333333333333333
31144,1,0.013333333333333334
31156,1,0.23666666666666666
31160,1,0.06055555555555556
31180,1,0.031111111111111107
31194,1,0.02
31204,1,0.013333333333333334
31205,1,0.07388888888888889
31212,1,0.02
31220,1,0.07
31226,1,0.065
31227,1,0.17
31228,1,0.07333333333333333
31237,1,0.19
31239,1,0.19333333333333333
31240,1,0.3233333333333333
31242,1,0.06333333333333334
31246,1,0.056666666666666664
31257,1,0.03
31264,1,0.02666666666666667
31267,1,0.14
31275,1,0.21333333333333335
31277,1,0.11333333333333333
31284,1,0.016666666666666666
31286,1,0.0
31298,1,0.03333333333333333
31309,1,0.013333333333333334
31311,1,0.10222222222222223
31312,1,0.07
31315,1,0.0033333333333333335
31324,1,0.11
31325,1,0.02666666666666667
31326,1,0.023333333333333334
31332,1,0.09333333333333334
31336,1,0.023333333333333334
31351,1,0.1522222222222222
31352,1,0.01
31357,1,0.04
31361,1,0.1452222222222222
31378,1,0.04
31385,1,0.0033333333333333335
31386,1,0.023333333333333334
31390,1,0.21666666666666667
31391,1,0.06777777777777778
31401,1,0.06
31406,1,0.15666666666666668
31407,1,0.07666666666666666
31417,1,0.03666666666666667
31452,1,0.01
31459,1,0.14
31469,1,0.15333333333333332
31470,1,0.14333333333333334
31471,1,0.22
31474,1,0.016666666666666666
31475,1,0.03
31481,1,0.12333333333333334
31485,1,0.06333333333333334
31487,1,0.09
31496,1,0.049166666666666664
31497,1,0.03333333333333333
31507,1,0.07
31508,1,0.02666666666666667
31528,1,0.041666666666666664
31529,1,0.02666666666666667
31536,1,0.09666666666666666
31543,1,0.09666666666666666
31553,1,0.01
31574,1,0.06
31582,1,0.09666666666666666
31589,1,0.0033333333333333335
31594,1,0.01
31598,1,0.22666666666666666
31601,1,0.09333333333333334
31605,1,0.38666666666666666
31611,1,0.03
31612,1,0.016666666666666666
31615,1,0.06333333333333334
31619,1,0.056666666666666664
31623,1,0.016666666666666666
31632,1,0.10633333333333334
31644,1,0.02666666666666667
31649,1,0.07333333333333333
31657,1,0.016666666666666666
31664,1,0.06166666666666667
31680,1,0.0033333333333333335
31681,1,0.05
31682,1,0.04
31685,1,0.03333333333333333
31688,1,0.07
31691,1,0.02666666666666667
31694,1,0.043333333333333335
31701,1,0.01
31717,1,0.013333333333333334
31721,1,0.02
31723,1,0.006666666666666667
31737,1,0.08333333333333333
31741,1,0.02666666666666667
31744,1,0.31
31747,1,0.0033333333333333335
31752,1,0.023333333333333334
31755,1,0.005
31760,1,0.03333333333333333
31765,1,0.05333333333333334
31770,1,0.0033333333333333335
31771,1,0.03333333333333333
31773,1,0.15133333333333332
31781,1,0.08666666666666667
31788,1,0.11
31792,1,0.05
31801,1,0.023333333333333334
31808,1,0.0
31818,1,0.013333333333333334
31826,1,0.03666666666666667
31827,1,0.016666666666666666
31834,1,0.016666666666666666
31837,1,0.06
31847,1,0.04666666666666667
31848,1,0.0033333333333333335
31850,1,0.03333333333333333
31858,1,0.019444444444444445
31863,1,0.02
31871,1,0.07666666666666666
31878,1,0.08333333333333333
31881,1,0.18333333333333332
31891,1,0.01
31901,1,0.041666666666666664
31911,1,0.14
31912,1,0.03666666666666667
31934,1,0.16
31939,1,0.09
31941,1,0.01
31945,1,0.01
31953,1,0.31333333333333335
31964,1,0.02
31966,1,0.24166666666666667
31967,1,0.02
31969,1,0.06
31979,1,0.07577777777777778
31980,1,0.0
31981,1,0.02666666666666667
31982,1,0.29333333333333333
32000,1,0.016666666666666666
32008,1,0.006666666666666667
32009,1,0.21333333333333335
32014,1,0.05333333333333334
32035,1,0.18333333333333332
32045,1,0.18
32057,1,0.13666666666666666
32066,1,0.09333333333333334
32070,1,0.013333333333333334
32071,1,0.07333333333333333
32072,1,0.07666666666666666
32075,1,0.02
32076,1,0.043333333333333335
32081,1,0.06
32083,1,0.023333333333333334
32084,1,0.023333333333333334
32101,1,0.55
32106,1,0.12
32107,1,0.15
32112,1,0.01777777777777778
32114,1,0.02666666666666667
32117,1,0.02222222222222222
32125,1,0.043333333333333335
32127,1,0.06666666666666667
32128,1,0.027777777777777773
32133,1,0.02777777777777778
32141,1,0.023333333333333334
32142,1,0.2
32146,1,0.012222222222222221
32150,1,0.0
32152,1,0.0033333333333333335
32158,1,0.056666666666666664
32162,1,0.05333333333333334
32171,1,0.02
32190,1,0.02666666666666667
32201,1,0.043333333333333335
32214,1,0.05333333333333334
32221,1,0.06666666666666667
32222,1,0.03666666666666667
32232,1,0.08333333333333333
32239,1,0.0
32245,1,0.024166666666666666
32253,1,0.04666666666666667
32256,1,0.024166666666666666
32259,1,0.02666666666666667
32261,1,0.13666666666666666
32262,1,0.02666666666666667
32269,1,0.14333333333333334
32273,1,0.12666666666666668
32274,1,0.006666666666666667
32276,1,0.006666666666666667
32279,1,0.025
32286,1,0.3611111111111111
32289,1,0.08666666666666667
32300,1,0.08333333333333333
32308,1,0.006666666666666667
32315,1,0.065
32331,1,0.006666666666666667
32342,1,0.09333333333333334
32346,1,0.13
32348,1,0.6366666666666667
32349,1,0.13
32350,1,0.02
32353,1,0.0033333333333333335
32361,1,0.02
32362,1,0.041666666666666664
32363,1,0.043333333333333335
32365,1,0.03666666666666667
32368,1,0.024444444444444442
32378,1,0.0325
32383,1,0.04666666666666667
32384,1,0.06333333333333334
32386,1,0.10444444444444445
32392,1,0.016666666666666666
32394,1,0.0
32395,1,0.02666666666666667
32400,1,0.01
32401,1,0.05333333333333334
32402,1,0.09333333333333334
32415,1,0.043333333333333335
32417,1,0.0325
32421,1,0.12944444444444442
32429,1,0.023333333333333334
32430,1,0.03666666666666667
32437,1,0.09333333333333334
32444,1,0.02
32445,1,0.04666666666666667
32447,1,0.06833333333333333
32455,1,0.01
32462,1,0.01
32467,1,0.11333333333333333
32477,1,0.11
32480,1,0.01
32484,1,0.05333333333333334
32485,1,0.03333333333333333
32489,1,0.043333333333333335
32491,1,0.02666666666666667
32505,1,0.16333333333333333
32510,1,0.07666666666666666
32524,1,0.006666666666666667
32534,1,0.006666666666666667
32546,1,0.08
32554,1,0.10333333333333333
32563,1,0.02
32568,1,0.03
32574,1,0.09394444444444446
32595,1,0.01
32599,1,0.10666666666666667
32602,1,0.006666666666666667
32605,1,0.041666666666666664
32610,1,0.045
32611,1,0.06
32624,1,0.18666666666666668
32632,1,0.016666666666666666
32633,1,0.3433333333333334
32637,1,0.37666666666666665
32642,1,0.08333333333333333
32643,1,0.02
32648,1,0.01
32660,1,0.0
32661,1,0.03
32662,1,0.013333333333333334
32669,1,0.24777777777777782
32673,1,0.08
32674,1,0.07333333333333333
32676,1,0.07333333333333333
32677,1,0.0
32684,1,0.08605555555555555
32688,1,0.013333333333333334
32691,1,0.02
32693,1,0.0033333333333333335
32699,1,0.03333333333333333
32706,1,0.03
32708,1,0.056666666666666664
32710,1,0.02
32716,1,0.06666666666666667
32724,1,0.12836111111111112
32727,1,0.03
32735,1,0.06
32744,1,0.04011111111111112
32749,1,0.048888888888888885
32757,1,0.043333333333333335
32770,1,0.03333333333333333
32771,1,0.0033333333333333335
32780,1,0.17888888888888888
32784,1,0.013333333333333334
32786,1,0.02
32789,1,0.044960317460317464
32791,1,0.043333333333333335
32797,1,0.1
32805,1,0.02
32817,1,0.05333333333333334
32829,1,0.11833333333333333
32838,1,0.049444444444444444
32843,1,0.01
32850,1,0.06333333333333334
32858,1,0.02666666666666667
32863,1,0.06555555555555555
32864,1,0.06333333333333334
32867,1,0.043333333333333335
32879,1,0.13333333333333333
32885,1,0.09
32895,1,0.042777777777777776
32898,1,0.11
32899,1,0.029333333333333336
32907,1,0.03666666666666667
32913,1,0.024444444444444442
32915,1,0.0
32919,1,0.19666666666666666
32923,1,0.03666666666666667
32930,1,0.07333333333333333
32935,1,0.0
32938,1,0.08166666666666667
32949,1,0.07333333333333333
32957,1,0.06125
32963,1,0.016666666666666666
32968,1,0.005333333333333334
32971,1,0.03777777777777777
32972,1,0.02666666666666667
32979,1,0.11333333333333333
33002,1,0.03666666666666667
33005,1,0.023333333333333334
33006,1,0.04666666666666667
33007,1,0.013333333333333334
33008,1,0.04
33021,1,0.0
33029,1,0.04666666666666667
33031,1,0.05
33041,1,0.06666666666666667
33052,1,0.03
33054,1,0.030833333333333334
33060,1,0.023333333333333334
33074,1,0.115
33080,1,0.14527777777777776
33081,1,0.20333333333333334
33091,1,0.18333333333333332
33101,1,0.03666666666666667
33103,1,0.13333333333333333
33107,1,0.03333333333333333
33124,1,0.013333333333333334
33132,1,0.02666666666666667
33140,1,0.04666666666666667
33153,1,0.06666666666666667
33157,1,0.10666666666666667
33159,1,0.04666666666666667
33166,1,0.07111111111111111
33173,1,0.028888888888888888
33180,1,0.04666666666666667
33183,1,0.20333333333333334
33194,1,0.04
33200,1,0.043333333333333335
33201,1,0.01
33204,1,0.13
33206,1,0.09666666666666666
33221,1,0.013333333333333334
33246,1,0.06
33254,1,0.006666666666666667
33258,1,0.01
33262,1,0.061000000000000006
33268,1,0.08355555555555555
33271,1,0.04666666666666667
33283,1,0.0033333333333333335
33287,1,0.06333333333333334
33295,1,0.05333333333333334
33300,1,0.0033333333333333335
33302,1,0.006666666666666667
33310,1,0.06
33322,1,0.2866666666666667
33327,1,0.01
33329,1,0.6566666666666666
33331,1,0.06666666666666667
33333,1,0.03166666666666667
33335,1,0.03166666666666667
33343,1,0.14666666666666667
33348,1,0.05
33367,1,0.16666666666666666
33372,1,0.028055555555555552
33375,1,0.056666666666666664
33377,1,0.013333333333333334
33394,1,0.04
33395,1,0.02
33404,1,0.023333333333333334
33416,1,0.08333333333333333
33419,1,0.016666666666666666
33420,1,0.01
33421,1,0.08333333333333333
33432,1,0.14333333333333334
33434,1,0.05333333333333334
33435,1,0.10933333333333332
33437,1,0.12333333333333334
33440,1,0.07333333333333333
33442,1,0.02666666666666667
33460,1,0.03666666666666667
33463,1,0.02666666666666667
33465,1,0.043333333333333335
33473,1,0.02666666666666667
33483,1,0.01
33523,1,0.02327777777777778
33526,1,0.13133333333333333
33527,1,0.07
33549,1,0.023333333333333334
33554,1,0.02
33557,1,0.0698968253968254
33561,1,0.01
33570,1,0.006666666666666667
33581,1,0.0033333333333333335
33583,1,0.023333333333333334
33587,1,0.02666666666666667
33592,1,0.01
33599,1,0.020833333333333332
33602,1,0.03
33603,1,0.08666666666666667
33624,1,0.006666666666666667
33625,1,0.07333333333333333
33629,1,0.04666666666666667
33630,1,0.06666666666666667
33632,1,0.056666666666666664
33640,1,0.07666666666666666
33641,1,0.04666666666666667
33644,1,0.06666666666666667
33650,1,0.09
33652,1,0.44
33663,1,0.22888888888888886
33672,1,0.0
33676,1,0.11666666666666667
33682,1,0.10333333333333333
33683,1,0.028333333333333332
33687,1,0.028333333333333332
33688,1,0.013333333333333334
33696,1,0.07666666666666666
33700,1,0.0875
33701,1,0.02
33703,1,0.06333333333333334
33708,1,0.08583333333333332
33709,1,0.065
33710,1,0.023333333333333334
33718,1,0.10333333333333333
33721,1,0.025555555555555557
33729,1,0.01
33742,1,0.09666666666666666
33751,1,0.06333333333333334
33754,1,0.27
33762,1,0.0365
33772,1,0.14666666666666667
33790,1,0.07333333333333333
33807,1,0.01
33813,1,0.06666666666666667
33821,1,0.05
33832,1,0.0
33835,1,0.1
33837,1,0.11333333333333333
33840,1,0.009166666666666667
33841,1,0.043333333333333335
33845,1,0.08666666666666667
33848,1,0.18333333333333332
33852,1,0.02
33859,1,0.2148888888888889
33861,1,0.06643121693121692
33865,1,0.07333333333333333
33866,1,0.15666666666666668
33873,1,0.02666666666666667
33874,1,0.03333333333333333
33885,1,0.03
33891,1,0.05333333333333334
33895,1,0.04
33896,1,0.006666666666666667
33906,1,0.02666666666666667
33908,1,0.12333333333333334
33909,1,0.23333333333333334
33917,1,0.08
33920,1,0.017666666666666667
33923,1,0.18444444444444444
33926,1,0.056666666666666664
33928,1,0.07333333333333333
33930,1,0.06333333333333334
33934,1,0.05
33944,1,0.0
33946,1,0.05
33950,1,0.07
33969,1,0.0
33972,1,0.03333333333333333
33973,1,0.19
33975,1,0.043333333333333335
33981,1,0.095
33982,1,0.02
33985,1,0.0033333333333333335
33988,1,0.35
33991,1,0.0033333333333333335
33998,1,0.025185185185185185
34001,1,0.03333333333333333
34002,1,0.056666666666666664
34004,1,0.11333333333333333
34005,1,0.09444444444444444
34017,1,0.20805555555555555
34021,1,0.10444444444444444
34023,1,0.06833333333333333
34037,1,0.05
34040,1,0.04
34044,1,0.05888888888888889
34047,1,0.04
34056,1,0.006666666666666667
34057,1,0.035
34066,1,0.16
34093,1,0.23555555555555552
34097,1,0.05333333333333334
34098,1,0.03685185185185185
34109,1,0.09666666666666666
34121,1,0.43
34123,1,0.07734126984126984
34130,1,0.10333333333333333
34133,1,0.13
34148,1,0.043333333333333335
34163,1,0.04666666666666667
34166,1,0.06666666666666667
34181,1,0.11
34191,1,0.09666666666666666
34198,1,0.03
34204,1,0.12222222222222223
34205,1,0.023333333333333334
34217,1,0.17333333333333334
34222,1,0.03666666666666667
34223,1,0.04992063492063492
34224,1,0.043333333333333335
34253,1,0.11
34259,1,0.02666666666666667
34264,1,0.04
34272,1,0.07
34273,1,0.013333333333333334
34275,1,0.17
34277,1,0.023333333333333334
34278,1,0.18333333333333332
34284,1,0.03333333333333333
34303,1,0.05
34304,1,0.07100000000000001
34319,1,0.02666666666666667
34320,1,0.006666666666666667
34323,1,0.02
34328,1,0.08333333333333333
34330,1,0.02666666666666667
34340,1,0.04666666666666667
34350,1,0.09666666666666666
34353,1,0.11555555555555558
34363,1,0.16
34366,1,0.0
34382,1,0.07
34386,1,0.05
34392,1,0.02
34400,1,0.1763888888888889
34411,1,0.01
34412,1,0.12
34415,1,0.023333333333333334
34416,1,0.04666666666666667
34420,1,0.013333333333333334
34435,1,0.04666666666666667
34436,1,0.043333333333333335
34446,1,0.07333333333333333
34455,1,0.13333333333333333
34457,1,0.016666666666666666
34465,1,0.006666666666666667
34474,1,0.07333333333333333
34489,1,0.07333333333333333
34494,1,0.03
34507,1,0.043333333333333335
34511,1,0.11333333333333333
34514,1,0.03333333333333333
34519,1,0.08666666666666667
34527,1,0.023333333333333334
34532,1,0.06133333333333333
34541,1,0.11333333333333333
34547,1,0.02
34561,1,0.035
34567,1,0.11
34583,1,0.0033333333333333335
34589,1,0.03666666666666667
34604,1,0.6733333333333333
34620,1,0.19333333333333333
34626,1,0.05
34628,1,0.11
34632,1,0.062222222222222213
34635,1,0.058333333333333334
34640,1,0.10666666666666667
34641,1,0.12
34642,1,0.02
34645,1,0.016666666666666666
34647,1,0.21333333333333335
34661,1,0.03333333333333333
34670,1,0.02666666666666667
34672,1,0.006666666666666667
34676,1,0.03666666666666667
34689,1,0.056666666666666664
34695,1,0.006666666666666667
34704,1,0.12333333333333334
34710,1,0.03666666666666667
34717,1,0.08333333333333333
34721,1,0.016666666666666666
34726,1,0.01
34731,1,0.11666666666666667
34737,1,0.04
34742,1,0.17333333333333334
34743,1,0.15666666666666668
34752,1,0.008
34753,1,0.03
34754,1,0.02666666666666667
34759,1,0.11666666666666667
34770,1,0.01
34772,1,0.02666666666666667
34778,1,0.023333333333333334
34787,1,0.06
34793,1,0.03
34795,1,0.08
34799,1,0.05333333333333334
34800,1,0.16666666666666666
34804,1,0.056666666666666664
34811,1,0.05
34817,1,0.02
34820,1,0.02666666666666667
34828,1,0.08
34831,1,0.11333333333333333
34838,1,0.05333333333333334
34840,1,0.21
34855,1,0.07333333333333333
34856,1,0.11
34861,1,0.12
34867,1,0.06333333333333334
34868,1,0.03
34869,1,0.21583333333333332
34871,1,0.1125
34883,1,0.12333333333333334
34910,1,0.13583333333333333
34911,1,0.03
34912,1,0.01
34920,1,0.09666666666666666
34959,1,0.07
34970,1,0.03666666666666667
34977,1,0.05333333333333334
34988,1,0.27666666666666667
34996,1,0.013333333333333334
34999,1,0.48
35003,1,0.07733333333333334
35011,1,0.03666666666666667
35028,1,0.12333333333333334
35040,1,0.13333333333333333
35043,1,0.04
35048,1,0.18
35050,1,0.08666666666666667
35052,1,0.22277777777777777
35070,1,0.0025
35076,1,0.14
35110,1,0.18857142857142856
35116,1,0.08666666666666667
35118,1,0.11333333333333333
35119,1,0.15566666666666668
35133,1,0.056666666666666664
35134,1,0.056666666666666664
35136,1,0.05
35146,1,0.17833333333333334
35149,1,0.145
35154,1,0.13666666666666666
35157,1,0.056666666666666664
35170,1,0.26
35179,1,0.06666666666666667
35186,1,0.20666666666666667
35187,1,0.11483333333333334
35188,1,0.05333333333333334
35192,1,0.11333333333333333
35195,1,0.06666666666666667
35196,1,0.016666666666666666
35202,1,0.006666666666666667
35207,1,0.07333333333333333
35209,1,0.0806111111111111
35211,1,0.14722222222222223
35219,1,0.09666666666666666
35221,1,0.02
35231,1,0.11666666666666667
35233,1,0.13666666666666666
35236,1,0.043333333333333335
35242,1,0.13333333333333333
35251,1,0.20333333333333334
35254,1,0.045
35262,1,0.08666666666666667
35267,1,0.11333333333333333
35285,1,0.29333333333333333
35290,1,0.18666666666666668
35295,1,0.03666666666666667
35301,1,0.09333333333333334
35309,1,0.19
35339,1,0.16494444444444442
35344,1,0.01
35345,1,0.10083333333333333
35347,1,0.04666666666666667
35348,1,0.062222222222222213
35352,1,0.015
35355,1,0.056666666666666664
35365,1,0.056666666666666664
35370,1,0.016666666666666666
35371,1,0.06666666666666667
35386,1,0.2
35394,1,0.05
35403,1,0.043333333333333335
35405,1,0.15666666666666668
35419,1,0.01
35420,1,0.05333333333333334
35423,1,0.08166666666666667
35440,1,0.1
35447,1,0.10333333333333333
35457,1,0.05966666666666666
35460,1,0.021574074074074075
35463,1,0.043333333333333335
35467,1,0.03333333333333333
35474,1,0.04
35492,1,0.016666666666666666
35503,1,0.13666666666666666
35522,1,0.03666666666666667
35525,1,0.09333333333333334
35541,1,0.05277777777777777
35543,1,0.07333333333333333
35548,1,0.10666666666666667
35550,1,0.10333333333333333
35560,1,0.28
35561,1,0.29333333333333333
35567,1,0.016666666666666666
35570,1,0.055
35574,1,0.08999999999999998
35582,1,0.26211111111111113
35589,1,0.016666666666666666
35601,1,0.6666666666666666
35607,1,0.15666666666666668
35610,1,0.04
35615,1,0.11333333333333333
35630,1,0.031111111111111107
35632,1,0.25333333333333335
35634,1,0.08549999999999999
35641,1,0.11333333333333333
35648,1,0.09
35655,1,0.028333333333333332
35657,1,0.28
35680,1,0.04
35682,1,0.042777777777777776
35686,1,0.016666666666666666
35689,1,0.1
35695,1,0.03666666666666667
35714,1,0.04666666666666667
35717,1,0.007777777777777777
35721,1,0.016666666666666666
35730,1,0.0
35731,1,0.11
35732,1,0.03652777777777778
35736,1,0.2622222222222222
35738,1,0.05
35740,1,0.10666666666666667
35742,1,0.15666666666666668
35744,1,0.07
35754,1,0.1622222222222222
35755,1,0.05
35764,1,0.22333333333333333
35769,1,0.03333333333333333
35771,1,0.06333333333333334
35786,1,0.19083333333333333
35799,1,0.05
35822,1,0.19333333333333333
35826,1,0.29333333333333333
35828,1,0.22
35830,1,0.08
35834,1,0.25916666666666666
35835,1,0.33
35840,1,0.18333333333333332
35846,1,0.11333333333333333
35858,1,0.14
35861,1,0.16333333333333333
35865,1,0.02
35866,1,0.14333333333333334
35867,1,0.13666666666666666
35875,1,0.14666666666666667
35878,1,0.20666666666666667
35884,1,0.10333333333333333
35885,1,0.09666666666666666
35888,1,0.18333333333333332
35894,1,0.13333333333333333
35895,1,0.18
35900,1,0.1411111111111111
35905,1,0.09
35907,1,0.07
35914,1,0.12
35920,1,0.04
35922,1,0.065
35924,1,0.08333333333333333
35929,1,0.18472222222222223
35937,1,0.12666666666666668
35939,1,0.05333333333333334
35960,1,0.06666666666666667
35967,1,0.5366666666666666
35969,1,0.11
35976,1,0.16
35979,1,0.14
35989,1,0.056666666666666664
35995,1,0.006666666666666667
35998,1,0.05
36001,1,0.13666666666666666
36004,1,0.0033333333333333335
36005,1,0.023333333333333334
36007,1,0.04666666666666667
36008,1,0.07666666666666666
36009,1,0.03666666666666667
36012,1,0.17666666666666667
36013,1,0.32
36014,1,0.09333333333333334
36016,1,0.10333333333333333
36021,1,0.34
36033,1,0.03
36037,1,0.34
36057,1,0.14666666666666667
36065,1,0.24
36067,1,0.62
36077,1,0.12
36078,1,0.06333333333333334
36086,1,0.025
36088,1,0.07
36102,1,0.1311111111111111
36105,1,0.28
36106,1,0.11
36120,1,0.09185185185185185
36121,1,0.1025
36124,1,0.17
36138,1,0.35833333333333334
36140,1,0.45666666666666667
36148,1,0.10583333333333333
36155,1,0.22444444444444442
36156,1,0.04583333333333333
36162,1,0.15
36163,1,0.10833333333333334
36168,1,0.38
36169,1,0.0725
36171,1,0.07194444444444444
36175,1,0.03333333333333333
36177,1,0.11333333333333333
36179,1,0.05555555555555556
36184,1,0.5
36191,1,0.07333333333333333
36205,1,0.18333333333333332
36206,1,0.05273015873015873
36211,1,0.03666666666666667
36225,1,0.36
36236,1,0.5692777777777777
36241,1,0.49833333333333335
36245,1,0.511
36250,1,0.11333333333333333
36254,1,0.205
36263,1,0.25333333333333335
36271,1,0.39
36272,1,0.23166666666666666
36288,1,0.11333333333333333
36299,1,0.21
36307,1,0.5816666666666666
36312,1,0.6896666666666667
36323,1,0.18
36324,1,0.4555555555555556
36330,1,0.32
36336,1,0.37777777777777777
36340,1,0.24555555555555553
36341,1,0.5875555555555555
36358,1,0.5266666666666666
36359,1,0.11
36361,1,0.38666666666666666
36363,1,0.48555555555555563
36368,1,0.653888888888889
36371,1,0.2544444444444445
36387,1,0.23333333333333334
36391,1,0.6766666666666666
36398,1,0.34305555555555556
36399,1,0.37
36411,1,0.3433333333333333
36426,1,0.23333333333333334
36436,1,0.15333333333333332
36438,1,0.23333333333333334
36449,1,0.5066666666666667
36464,1,0.2400555555555556
36465,1,0.8633333333333333
36474,1,0.14
36480,1,0.44333333333333336
36495,1,0.4343888888888889
36499,1,0.3265
36503,1,0.21
36507,1,0.3378333333333333
36512,1,0.43055555555555564
36517,1,0.6211428571428572
36543,1,0.13177777777777777
36549,1,0.5293333333333333
36553,1,0.2563333333333334
36554,1,0.3605555555555556
36557,1,0.4545555555555556
36569,1,0.25333333333333335
36572,1,0.3937777777777778
36573,1,0.11
36575,1,0.7002222222222223
36580,1,0.6866666666666666
36582,1,0.55
36599,1,0.6066666666666667
36600,1,0.2633333333333333
36624,1,0.6209523809523809
36627,1,0.36583333333333334
36631,1,0.6516666666666666
36632,1,0.24333333333333335
36642,1,0.53
36649,1,0.25666666666666665
36650,1,0.5166666666666667
36652,1,0.5572222222222223
36665,1,0.205
36670,1,0.29333333333333333
36676,1,0.175
36685,1,0.5333333333333333
36698,1,0.16333333333333333
36710,1,0.4066666666666667
36717,1,0.13666666666666666
36722,1,0.4431111111111111
36727,1,0.3466666666666667
36733,1,0.3855555555555556
36734,1,0.4666666666666667
36740,1,0.35638888888888887
36741,1,0.21916666666666668
36742,1,0.36333333333333334
36744,1,0.25
36759,1,0.62
36771,1,0.14333333333333334
36772,1,0.41555555555555557
36775,1,0.23
36787,1,0.5491666666666667
36791,1,0.53
36795,1,0.39
36819,1,0.42
36829,1,0.5433333333333333
36843,1,0.5466666666666666
36858,1,0.5622222222222222
36859,1,0.45916666666666667
36864,1,0.5033333333333333
36877,1,0.368
36882,1,0.15666666666666668
36883,1,0.64
36886,1,0.22555555555555554
36890,1,0.6066666666666667
36891,1,0.3566666666666667
36905,1,0.41833333333333333
36906,1,0.3983333333333333
36916,1,0.2633333333333333
36919,1,0.16
36921,1,0.16555555555555554
36923,1,0.5844444444444444
36924,1,0.41333333333333333
36931,1,0.25777777777777783
36936,1,0.305
36943,1,0.5533333333333333
36956,1,0.64
36967,1,0.2833333333333333
36973,1,0.6166666666666667
36980,1,0.45388888888888884
36982,1,0.2688888888888889
36983,1,0.5333333333333333
36985,1,0.31722222222222224
36987,1,0.37333333333333335
37012,1,0.24111111111111114
37027,1,0.21333333333333335
37028,1,0.29833333333333334
37034,1,0.11
37038,1,0.2866666666666667
37048,1,0.3394444444444445
37052,1,0.24
37062,1,0.36333333333333334
37064,1,0.38666666666666666
37073,1,0.635
37076,1,0.3566666666666667
37080,1,0.36333333333333334
37083,1,0.745
37097,1,0.17
37112,1,0.16666666666666666
37113,1,0.14333333333333334
37116,1,0.23
37118,1,0.2861111111111111
37130,1,0.1922222222222222
37134,1,0.45
37138,1,0.3216666666666666
37144,1,0.19
37145,1,0.5883333333333334
37146,1,0.6633333333333333
37149,1,0.30833333333333335
37161,1,0.2866666666666667
37185,1,0.19833333333333333
37186,1,0.23666666666666666
37190,1,0.145
37194,1,0.24194444444444443
37196,1,0.5333333333333333
37198,1,0.37333333333333335
37199,1,0.14
37200,1,0.225
37201,1,0.3194444444444445
37203,1,0.135
37210,1,0.39849999999999997
37222,1,0.30083333333333334
37225,1,0.22100000000000003
37242,1,0.14666666666666667
37243,1,0.5272222222222221
37274,1,0.11333333333333333
37285,1,0.5966666666666667
37287,1,0.6233333333333333
37289,1,0.14666666666666667
37296,1,0.19
37298,1,0.4938888888888889
37310,1,0.235
37311,1,0.3795
37321,1,0.3233333333333333
37322,1,0.11972222222222224
37331,1,0.24
37333,1,0.06
37353,1,0.24333333333333335
37358,1,0.64
37364,1,0.3275
37365,1,0.27666666666666667
37372,1,0.3769444444444444
37373,1,0.3288888888888889
37374,1,0.325
37376,1,0.6727777777777777
37383,1,0.30527777777777776
37388,1,0.6
37393,1,0.24333333333333335
37395,1,0.12777777777777777
37405,1,0.4866666666666667
37411,1,0.23461111111111113
37412,1,0.39722222222222225
37423,1,0.32866666666666666
37425,1,0.26666666666666666
37427,1,0.31333333333333335
37441,1,0.43555555555555553
37446,1,0.55
37449,1,0.27366666666666667
37455,1,0.29
37463,1,0.506
37486,1,0.2086111111111111
37495,1,0.36
37498,1,0.3233333333333333
37499,1,0.345
37532,1,0.3333333333333333
37533,1,0.30133333333333334
37549,1,0.29633333333333334
37554,1,0.23083333333333333
37563,1,0.44666666666666666
37565,1,0.3433333333333333
37567,1,0.2816666666666667
37577,1,0.22333333333333333
37587,1,0.6066666666666667
37590,1,0.35
37593,1,0.2
37596,1,0.39972222222222226
37601,1,0.37333333333333335
37610,1,0.6333333333333333
37617,1,0.10666666666666667
37621,1,0.29333333333333333
37624,1,0.10105555555555555
37628,1,0.10666666666666667
37631,1,0.20166666666666666
37634,1,0.1602777777777778
37636,1,0.16388888888888892
37649,1,0.2
37652,1,0.11555555555555558
37653,1,0.1861111111111111
37660,1,0.274
37666,1,0.3466666666666667
37674,1,0.31333333333333335
37687,1,0.2733333333333333
37689,1,0.32416666666666666
37695,1,0.66
37698,1,0.2835555555555556
37708,1,0.5133333333333333
37712,1,0.33666666666666667
37717,1,0.24666666666666667
37719,1,0.1425
37721,1,0.1425
37731,1,0.56
37732,1,0.30666666666666664
37733,1,0.10333333333333333
37740,1,0.4266666666666667
37744,1,0.15666666666666668
37745,1,0.25333333333333335
37746,1,0.25666666666666665
37753,1,0.6966666666666667
37756,1,0.5966666666666667
37757,1,0.34011111111111114
37773,1,0.20833333333333334
37781,1,0.19316666666666668
37788,1,0.39
37790,1,0.14833333333333334
37815,1,0.26
37821,1,0.39
37830,1,0.39666666666666667
37831,1,0.52
37837,1,0.6733333333333333
37839,1,0.20166666666666666
37841,1,0.27666666666666667
37844,1,0.1617222222222222
37848,1,0.23666666666666666
37849,1,0.21666666666666667
37850,1,0.6333333333333333
37853,1,0.32916666666666666
37859,1,0.28583333333333333
37863,1,0.598
37875,1,0.6183333333333333
37886,1,0.3794444444444444
37889,1,0.19666666666666666
37895,1,0.42
37896,1,0.81
37899,1,0.21333333333333335
37902,1,0.48333333333333334
37909,1,0.38333333333333336
37917,1,0.33666666666666667
37918,1,0.7733333333333333
37936,1,0.35
37940,1,0.44166666666666665
37944,1,0.29555555555555557
37950,1,0.33666666666666667
37951,1,0.225
37952,1,0.225
37955,1,0.37666666666666665
37961,1,0.31333333333333335
37982,1,0.356
37990,1,0.24166666666666667
38021,1,0.421
38028,1,0.11
38029,1,0.29333333333333333
38039,1,0.5051269841269842
38041,1,0.5566666666666666
38042,1,0.12333333333333334
38044,1,0.17
38050,1,0.2788888888888889
38057,1,0.5633333333333334
38061,1,0.21
38062,1,0.33
38072,1,0.28022222222222215
38084,1,0.9033333333333333
38088,1,0.8933333333333333
38089,1,0.6166666666666667
38092,1,0.22666666666666666
38093,1,0.10666666666666667
38095,1,0.275
38096,1,0.275
38100,1,0.2633333333333333
38107,1,0.252
38111,1,0.7733333333333333
38124,1,0.13
38126,1,0.19255555555555554
38134,1,0.16822222222222222
38156,1,0.31666666666666665
38160,1,0.12699999999999997
38167,1,0.163
38183,1,0.13555555555555557
38187,1,0.40644444444444444
38190,1,0.255
38191,1,0.26337301587301587
38200,1,0.49906349206349204
38215,1,0.31333333333333335
38216,1,0.43
38225,1,0.3377777777777778
38233,1,0.3377777777777778
38239,1,0.14166666666666666
38242,1,0.14666666666666667
38243,1,0.12666666666666668
38244,1,0.67
38260,1,0.31166666666666665
38269,1,0.6544444444444444
38286,1,0.2680873015873016
38289,1,0.27666666666666667
38291,1,0.4023333333333333
38310,1,0.2783333333333333
38314,1,0.7233333333333334
38317,1,0.22333333333333333
38324,1,0.3433333333333333
38339,1,0.39
38341,1,0.38333333333333336
38344,1,0.54
38351,1,0.30666666666666664
38359,1,0.20666666666666667
38368,1,0.365
38370,1,0.5816666666666667
38380,1,0.19333333333333333
38390,1,0.043333333333333335
38393,1,0.7566666666666667
38407,1,0.8966666666666666
38427,1,0.2833333333333333
38431,1,0.81
38436,1,0.8533333333333334
38444,1,0.44
38448,1,0.5766666666666667
38455,1,0.3859444444444444
38458,1,0.5533333333333333
38474,1,0.21333333333333335
38477,1,0.45
38479,1,0.29083333333333333
38480,1,0.33
38495,1,0.235
38515,1,0.6066666666666667
38523,1,0.41583333333333333
38528,1,0.3675
38530,1,0.7858333333333334
38537,1,0.37
38547,1,0.3433333333333333
38558,1,0.5676666666666667
38564,1,0.18333333333333332
38568,1,0.2866666666666667
38571,1,0.44
38580,1,0.43166666666666664
38583,1,0.35833333333333334
38584,1,0.551111111111111
38594,1,0.39
38621,1,0.27666666666666667
38625,1,0.38
38629,1,0.5033333333333333
38643,1,0.38666666666666666
38645,1,0.4266666666666667
38646,1,0.3501666666666667
38652,1,0.5910000000000001
38662,1,0.52
38673,1,0.47
38678,1,0.19333333333333333
38681,1,0.42833333333333334
38696,1,0.36875
38703,1,0.5533333333333333
38706,1,0.76
38713,1,0.42499999999999993
38728,1,0.25
38739,1,0.07666666666666666
38741,1,0.77
38745,1,0.35444444444444445
38750,1,0.74
38777,1,0.3616666666666667
38789,1,0.545
38790,1,0.6333333333333333
38797,1,0.7466666666666667
38817,1,0.7366666666666667
38821,1,0.15666666666666668
38822,1,0.39666666666666667
38830,1,0.35
38836,1,0.4919444444444444
38839,1,0.58
38842,1,0.10333333333333333
38846,1,0.58
38851,1,0.06666666666666667
38856,1,0.3475
38857,1,0.14333333333333334
38860,1,0.30666666666666664
38865,1,0.2175
38866,1,0.6
38869,1,0.3466666666666667
38878,1,0.39666666666666667
38883,1,0.4
38898,1,0.6733333333333333
38902,1,0.4713333333333333
38903,1,0.8633333333333333
38905,1,0.8333333333333334
38909,1,0.3844444444444445
38912,1,0.68
38914,1,0.7766666666666666
38920,1,0.44333333333333336
38938,1,0.7633333333333333
38943,1,0.4675
38951,1,0.09
38963,1,0.6016666666666667
38964,1,0.62
38981,1,0.32
38987,1,0.4066666666666667
38993,1,0.57
38994,1,0.3933333333333333
38995,1,0.32
39000,1,0.5966666666666667
39002,1,0.6666666666666666
39004,1,0.7466666666666667
39007,1,0.7275
39016,1,0.25333333333333335
39026,1,0.7266666666666667
39029,1,0.7233333333333334
39033,1,0.2733333333333333
39034,1,0.66
39067,1,0.5191666666666667
39071,1,0.57
39079,1,0.45
39082,1,0.5010277777777778
39097,1,0.3933333333333333
39107,1,0.47833333333333333
39111,1,0.29
39114,1,0.3322222222222222
39119,1,0.17166666666666666
39125,1,0.7016666666666667
39126,1,0.485
39127,1,0.4266666666666667
39153,1,0.8366666666666667
39164,1,0.79
39178,1,0.48333333333333334
39182,1,0.7766666666666666
39183,1,0.7633333333333333
39184,1,0.63
39196,1,0.81
39198,1,0.61
39199,1,0.56
39203,1,0.22333333333333333
39209,1,0.47
39212,1,0.48333333333333334
39215,1,0.9033333333333333
39243,1,0.6566666666666666
39248,1,0.5966666666666667
39250,1,0.48
39254,1,0.23666666666666666
39255,1,0.7533333333333333
39262,1,0.5333333333333333
39271,1,0.26666666666666666
39276,1,0.39666666666666667
39277,1,0.28
39286,1,0.8566666666666667
39294,1,0.7166666666666667
39295,1,0.8366666666666667
39299,1,0.5166666666666667
39307,1,0.25333333333333335
39309,1,0.26666666666666666
39313,1,0.6366666666666667
39315,1,0.6766666666666666
39332,1,0.5433333333333333
39335,1,0.45
39337,1,0.7066666666666667
39343,1,0.38666666666666666
39344,1,0.7733333333333333
39352,1,0.46
39355,1,0.29
39358,1,0.57
39364,1,0.5133333333333333
39370,1,0.20333333333333334
39377,1,0.58
39384,1,0.6166666666666667
39391,1,0.7966666666666666
39395,1,0.34
39396,1,0.76
39409,1,0.44666666666666666
39410,1,0.45666666666666667
39411,1,0.5322222222222222
39412,1,0.64
39413,1,0.4633333333333333
39415,1,0.5
39418,1,0.47333333333333333
39429,1,0.6366666666666667
39444,1,0.85
39445,1,0.4533333333333333
39447,1,0.56
39450,1,0.3233333333333333
39459,1,0.21333333333333335
39460,1,0.7866666666666666
39462,1,0.57
39463,1,0.3566666666666667
39465,1,0.6333333333333333
39469,1,0.12666666666666668
39477,1,0.6683333333333333
39478,1,0.8366666666666667
39481,1,0.8533333333333334
39488,1,0.8333333333333334
39489,1,0.49666666666666665
39497,1,0.7066666666666667
39513,1,0.23
39518,1,0.27666666666666667
39524,1,0.20333333333333334
39525,1,0.22333333333333333
39535,1,0.6166666666666667
39539,1,0.7733333333333333
39543,1,0.5833333333333334
39548,1,0.7366666666666667
39557,1,0.8066666666666666
39562,1,0.5
39563,1,0.42333333333333334
39564,1,0.47333333333333333
39565,1,0.7666666666666667
39570,1,0.8266666666666667
39575,1,0.6966666666666667
39580,1,0.6333333333333333
39584,1,0.7433333333333333
39598,1,0.34
39600,1,0.2866666666666667
39603,1,0.8433333333333334
39604,1,0.55
39607,1,0.86
39618,1,0.18666666666666668
39625,1,0.38
39629,1,0.6766666666666666
39635,1,0.43
39650,1,0.6933333333333334
39653,1,0.30333333333333334
39656,1,0.91
39660,1,0.84
39662,1,0.8033333333333333
39670,1,0.45
39696,1,0.7533333333333333
39699,1,0.3466666666666667
39711,1,0.8066666666666666
39713,1,0.38666666666666666
39721,1,0.5733333333333334
39730,1,0.4666666666666667
39735,1,0.42
39739,1,0.66
39744,1,0.65
39756,1,0.49666666666666665
39762,1,0.37333333333333335
39777,1,0.6166666666666667
39792,1,0.4977777777777778
39798,1,0.12666666666666668
39800,1,0.23
39803,1,0.7166666666666667
39812,1,0.5166666666666667
39831,1,0.39666666666666667
39838,1,0.14
39849,1,0.59
39858,1,0.056666666666666664
39862,1,0.6566666666666666
39877,1,0.056666666666666664
39879,1,0.55
39898,1,0.04666666666666667
39903,1,0.4794444444444444
39923,1,0.31
39940,1,0.27666666666666667
39941,1,0.7033333333333334
39943,1,0.73
39949,1,0.2633333333333333
39952,1,0.09
39954,1,0.43666666666666665
39957,1,0.31
39960,1,0.6666666666666666
39962,1,0.06333333333333334
39964,1,0.6366666666666667
39972,1,0.45666666666666667
39979,1,0.42333333333333334
39982,1,0.5616666666666666
39983,1,0.67
39988,1,0.12333333333333334
39996,1,0.06
39999,1,0.76
40004,1,0.29333333333333333
40009,1,0.4
40011,1,0.3233333333333333
40017,1,0.9158333333333334
40020,1,0.7166666666666667
40021,1,0.41333333333333333
40032,1,0.7866666666666666
40045,1,0.45666666666666667
40051,1,0.21333333333333335
40052,1,0.46
40059,1,0.6
40060,1,0.5633333333333334
40062,1,0.5166666666666667
40068,1,0.08333333333333333
40073,1,0.5133333333333333
40078,1,0.7763333333333332
40083,1,0.6066666666666667
40089,1,0.16
40094,1,0.6866666666666666
40095,1,0.3333333333333333
40100,1,0.79
40110,1,0.43333333333333335
40111,1,0.6666666666666666
40112,1,0.8066666666666666
40114,1,0.77
40118,1,0.15666666666666668
40120,1,0.7633333333333333
40129,1,0.5433333333333333
40143,1,0.47
40145,1,0.2833333333333333
40155,1,0.9366666666666666
40161,1,0.85
40164,1,0.9166666666666666
40169,1,0.6666666666666666
40180,1,0.6066666666666667
40196,1,0.75
40207,1,0.5166666666666667
40208,1,0.829111111111111
40216,1,0.4633333333333333
40230,1,0.73
40231,1,0.5266666666666666
40233,1,0.1
40240,1,0.49
40248,1,0.5366666666666666
40253,1,0.04666666666666667
40264,1,0.47
40274,1,0.5066666666666667
40276,1,0.9022222222222221
40308,1,0.6466666666666666
40313,1,0.8333333333333334
40320,1,0.25
40322,1,0.5033333333333333
40324,1,0.22
40325,1,0.2
40335,1,0.5
40337,1,0.16333333333333333
40355,1,0.4666666666666667
40359,1,0.8511111111111112
40360,1,0.8608333333333333
40368,1,0.9
40369,1,0.14
40372,1,0.75
40391,1,0.8666666666666667
40394,1,0.48333333333333334
40407,1,0.27666666666666667
40410,1,0.6833333333333333
40414,1,0.39166666666666666
40415,1,0.07
40441,1,0.69
40448,1,0.5166666666666667
40458,1,0.8920000000000001
40464,1,0.09333333333333334
40467,1,0.8633333333333333
40468,1,0.4
40474,1,0.35333333333333333
40479,1,0.24333333333333335
40485,1,0.86
40487,1,0.9533333333333334
40493,1,0.07666666666666666
40499,1,0.72
40500,1,0.09333333333333334
40501,1,0.3933333333333333
40505,1,0.21333333333333335
40513,1,0.21333333333333335
40515,1,0.14
40531,1,0.03666666666666667
40534,1,0.6566666666666666
40539,1,0.075
40540,1,0.10333333333333333
40551,1,0.06
40555,1,0.26
40565,1,0.24666666666666667
40583,1,0.3
40592,1,0.32
40595,1,0.78
40607,1,0.61
40625,1,0.07666666666666666
40636,1,0.5216666666666666
40640,1,0.12333333333333334
40643,1,0.6533333333333333
40647,1,0.5366666666666666
40654,1,0.8666666666666667
40671,1,0.8166666666666667
40677,1,0.37666666666666665
40679,1,0.8166666666666667
40680,1,0.32
40683,1,0.9266666666666666
40692,1,0.39666666666666667
40707,1,0.03333333333333333
40711,1,0.22
40734,1,0.85
40748,1,0.4166666666666667
40752,1,0.5266666666666666
40753,1,0.6
40762,1,0.4977777777777777
40767,1,0.5433333333333333
40769,1,0.8133333333333334
40772,1,0.45666666666666667
40774,1,0.8066666666666666
40778,1,0.16333333333333333
40785,1,0.85
40805,1,0.22333333333333333
40825,1,0.18333333333333332
40834,1,0.33666666666666667
40847,1,0.19333333333333333
40861,1,0.36333333333333334
40874,1,0.762
40885,1,0.6366666666666667
40893,1,0.23666666666666666
40896,1,0.4033333333333333
40901,1,0.7683333333333333
40902,1,0.6
40904,1,0.7433333333333333
40906,1,0.28833333333333333
40913,1,0.76
40917,1,0.37
40932,1,0.39
40950,1,0.8166666666666667
40955,1,0.26911111111111113
40963,1,0.21
40965,1,0.49047619047619045
40966,1,0.8733333333333333
40969,1,0.36047619047619045
40991,1,0.44
40992,1,0.27466666666666667
40998,1,0.09666666666666666
40999,1,0.36
41002,1,0.27666666666666667
41007,1,0.95
41018,1,0.7433333333333333
41033,1,0.4533333333333333
41034,1,0.6133333333333333
41040,1,0.7866666666666666
41041,1,0.7966666666666666
41052,1,0.5266666666666666
41065,1,0.4166666666666667
41070,1,0.06333333333333334
41072,1,0.47300000000000003
41080,1,0.6033333333333334
41084,1,0.2
41085,1,0.4502777777777777
41087,1,0.643611111111111
41093,1,0.195
41096,1,0.20444444444444446
41099,1,0.6766666666666666
41100,1,0.6633333333333333
41115,1,0.21
41122,1,0.38005555555555554
41133,1,0.6333333333333333
41135,1,0.17166666666666666
41136,1,0.4216666666666667
41141,1,0.8616666666666667
41143,1,0.731111111111111
41144,1,0.19944444444444442
41163,1,0.7233333333333334
41164,1,0.7811111111111111
41166,1,0.25
41169,1,0.40561111111111114
41172,1,0.43333333333333335
41173,1,0.24333333333333335
41174,1,0.69
41182,1,0.66
41184,1,0.7516666666666667
4,2,0.006666666666666667
6,2,0.056666666666666664
12,2,0.07
20,2,0.006666666666666667
21,2,0.023333333333333334
25,2,0.0033333333333333335
26,2,0.016666666666666666
30,2,0.006666666666666667
32,2,0.013333333333333334
44,2,0.02
47,2,0.04666666666666667
62,2,0.023333333333333334
63,2,0.0033333333333333335
70,2,0.0
77,2,0.07
80,2,0.023333333333333334
81,2,0.006666666666666667
82,2,0.0033333333333333335
86,2,0.0
88,2,0.02
91,2,0.006666666666666667
104,2,0.006666666666666667
110,2,0.013333333333333334
118,2,0.01
127,2,0.0033333333333333335
133,2,0.0
136,2,0.0033333333333333335
138,2,0.0
140,2,0.05
145,2,0.013333333333333334
153,2,0.0033333333333333335
162,2,0.0
172,2,0.016666666666666666
177,2,0.016666666666666666
186,2,0.11333333333333333
188,2,0.0
189,2,0.0
211,2,0.013333333333333334
231,2,0.02
238,2,0.04
240,2,0.06
258,2,0.01
260,2,0.0
265,2,0.0
296,2,0.02666666666666667
299,2,0.006666666666666667
301,2,0.01
313,2,0.02666666666666667
318,2,0.006666666666666667
330,2,0.0
339,2,0.0033333333333333335
351,2,0.06
352,2,0.0033333333333333335
353,2,0.17
356,2,0.006666666666666667
376,2,0.01
386,2,0.0033333333333333335
397,2,0.0033333333333333335
405,2,0.07333333333333333
416,2,0.02
422,2,0.0033333333333333335
425,2,0.0
433,2,0.02
436,2,0.03333333333333333
442,2,0.0175
447,2,0.01
450,2,0.0
464,2,0.0
478,2,0.01
487,2,0.0
488,2,0.16
490,2,0.023333333333333334
495,2,0.07
504,2,0.0033333333333333335
533,2,0.05
534,2,0.0
545,2,0.01
551,2,0.0
561,2,0.0
573,2,0.013333333333333334
577,2,0.0033333333333333335
584,2,0.006666666666666667
586,2,0.0033333333333333335
595,2,0.06
604,2,0.0033333333333333335
613,2,0.0033333333333333335
621,2,0.013333333333333334
624,2,0.08333333333333333
629,2,0.0
630,2,0.02
634,2,0.0
636,2,0.0
638,2,0.006666666666666667
642,2,0.0033333333333333335
646,2,0.014444444444444444
649,2,0.052833333333333336
651,2,0.018888888888888886
653,2,0.013333333333333334
656,2,0.03666666666666667
668,2,0.019595238095238093
688,2,0.013333333333333334
710,2,0.0
722,2,0.013333333333333334
723,2,0.01111111111111111
730,2,0.11
732,2,0.01
736,2,0.01
744,2,0.09333333333333334
750,2,0.07666666666666666
752,2,0.07666666666666666
757,2,0.0
770,2,0.02
773,2,0.01
776,2,0.03333333333333333
777,2,0.0033333333333333335
804,2,0.0033333333333333335
805,2,0.04
809,2,0.10666666666666667
814,2,0.01
820,2,0.11
824,2,0.023333333333333334
835,2,0.0011111111111111111
839,2,0.0
842,2,0.05
845,2,0.016666666666666666
849,2,0.013333333333333334
858,2,0.01
867,2,0.01
887,2,0.17055555555555552
890,2,0.03
911,2,0.045
915,2,0.016666666666666666
919,2,0.016666666666666666
927,2,0.0
930,2,0.01
933,2,0.0
934,2,0.0
944,2,0.0
952,2,0.0033333333333333335
958,2,0.08
963,2,0.0033333333333333335
974,2,0.019468253968253968
977,2,0.04
993,2,0.09333333333333334
994,2,0.0
1028,2,0.01
1030,2,0.006666666666666667
1037,2,0.0
1041,2,0.013333333333333334
1043,2,0.04
1048,2,0.02666666666666667
1050,2,0.0
1052,2,0.043333333333333335
1053,2,0.022666666666666665
1054,2,0.0
1069,2,0.01
1071,2,0.0
1074,2,0.0
1079,2,0.0
1085,2,0.043333333333333335
1088,2,0.013333333333333334
1091,2,0.04
1095,2,0.01
1096,2,0.006666666666666667
1112,2,0.006666666666666667
1120,2,0.08
1136,2,0.01
1140,2,0.01
1142,2,0.0
1154,2,0.03666666666666667
1159,2,0.04
1160,2,0.016666666666666666
1167,2,0.0033333333333333335
1175,2,0.03333333333333333
1177,2,0.013333333333333334
1186,2,0.016666666666666666
1192,2,0.0033333333333333335
1199,2,0.07666666666666666
1201,2,0.023333333333333334
1208,2,0.0
1210,2,0.0
1218,2,0.11
1220,2,0.06666666666666667
1222,2,0.06333333333333334
1224,2,0.04666666666666667
1225,2,0.0
1226,2,0.01
1239,2,0.06
1241,2,0.03666666666666667
1244,2,0.006666666666666667
1247,2,0.013333333333333334
1249,2,0.0
1256,2,0.05
1259,2,0.0
1261,2,0.03333333333333333
1263,2,0.0033333333333333335
1265,2,0.0033333333333333335
1279,2,0.03333333333333333
1292,2,0.06333333333333334
1300,2,0.0
1308,2,0.1
1330,2,0.01
1357,2,0.006666666666666667
1359,2,0.0
1366,2,0.0
1372,2,0.01
1373,2,0.043333333333333335
1374,2,0.0
1383,2,0.0033333333333333335
1384,2,0.03666666666666667
1393,2,0.016666666666666666
1397,2,0.0
1398,2,0.03666666666666667
1423,2,0.0
1428,2,0.0033333333333333335
1431,2,0.04
1432,2,0.06666666666666667
1438,2,0.013333333333333334
1441,2,0.0
1443,2,0.01
1458,2,0.21
1486,2,0.006666666666666667
1488,2,0.03
1492,2,0.0033333333333333335
1503,2,0.04
1507,2,0.01
1509,2,0.0033333333333333335
1512,2,0.13333333333333333
1518,2,0.0
1520,2,0.006666666666666667
1522,2,0.0
1526,2,0.013333333333333334
1534,2,0.016666666666666666
1543,2,0.006666666666666667
1545,2,0.05
1549,2,0.04666666666666667
1560,2,0.02
1576,2,0.0
1580,2,0.0
1582,2,0.02
1615,2,0.0033333333333333335
1618,2,0.03
1631,2,0.0
1637,2,0.09666666666666666
1642,2,0.01
1650,2,0.006666666666666667
1652,2,0.03666666666666667
1661,2,0.17333333333333334
1668,2,0.023333333333333334
1669,2,0.013333333333333334
1671,2,0.013333333333333334
1672,2,0.006666666666666667
1680,2,0.01
1683,2,0.01
1686,2,0.03
1693,2,0.09
1697,2,0.0
1701,2,0.02666666666666667
1707,2,0.08
1708,2,0.043333333333333335
1719,2,0.01
1720,2,0.006666666666666667
1735,2,0.01
1738,2,0.023333333333333334
1743,2,0.023333333333333334
1744,2,0.0033333333333333335
1748,2,0.04
1754,2,0.21333333333333335
1760,2,0.08
1763,2,0.0033333333333333335
1773,2,0.017777777777777778
1776,2,0.043333333333333335
1777,2,0.09666666666666666
1783,2,0.02666666666666667
1792,2,0.0033333333333333335
1796,2,0.013333333333333334
1802,2,0.02
1807,2,0.0
1812,2,0.06333333333333334
1813,2,0.0033333333333333335
1825,2,0.36333333333333334
1844,2,0.0
1846,2,0.08333333333333333
1847,2,0.03
1851,2,0.013333333333333334
1852,2,0.0
1858,2,0.02666666666666667
1866,2,0.013333333333333334
1877,2,0.03666666666666667
1882,2,0.043333333333333335
1886,2,0.04
1887,2,0.05
1888,2,0.0033333333333333335
1889,2,0.07666666666666666
1903,2,0.02
1915,2,0.04
1932,2,0.0
1935,2,0.0033333333333333335
1938,2,0.03333333333333333
1940,2,0.01
1947,2,0.02
1948,2,0.0033333333333333335
1949,2,0.05333333333333334
1956,2,0.07666666666666666
1962,2,0.06333333333333334
1967,2,0.04666666666666667
1974,2,0.0033333333333333335
1980,2,0.0
1988,2,0.02
1995,2,0.006666666666666667
2008,2,0.04
2010,2,0.021666666666666667
2018,2,0.038
2022,2,0.013333333333333334
2037,2,0.01
2040,2,0.013333333333333334
2045,2,0.0033333333333333335
2048,2,0.0033333333333333335
2051,2,0.013333333333333334
2053,2,0.01
2055,2,0.0
2057,2,0.013333333333333334
2083,2,0.006666666666666667
2085,2,0.0
2097,2,0.0
2111,2,0.0
2117,2,0.013333333333333334
2122,2,0.005
2134,2,0.12666666666666668
2142,2,0.03222222222222223
2159,2,0.0
2177,2,0.01
2180,2,0.02
2183,2,0.36666666666666664
2187,2,0.07333333333333333
2200,2,0.0
2208,2,0.04
2213,2,0.016666666666666666
2220,2,0.09666666666666666
2221,2,0.01
2227,2,0.0033333333333333335
2230,2,0.06666666666666667
2231,2,0.006666666666666667
2236,2,0.04777777777777778
2238,2,0.01
2243,2,0.005
2244,2,0.07
2249,2,0.15
2261,2,0.03666666666666667
2262,2,0.006666666666666667
2263,2,0.006666666666666667
2277,2,0.005
2280,2,0.01
2285,2,0.01
2288,2,0.023333333333333334
2296,2,0.01
2306,2,0.25666666666666665
2315,2,0.016666666666666666
2316,2,0.0033333333333333335
2320,2,0.0
2321,2,0.016666666666666666
2326,2,0.01
2329,2,0.0033333333333333335
2331,2,0.03666666666666667
2332,2,0.0033333333333333335
2334,2,0.006666666666666667
2336,2,0.08
2346,2,0.1
2358,2,0.0033333333333333335
2359,2,0.0016666666666666668
2363,2,0.013333333333333334
2370,2,0.15
2372,2,0.2966666666666667
2377,2,0.01
2381,2,0.04666666666666667
2393,2,0.013333333333333334
2401,2,0.0
2403,2,0.6333333333333333
2424,2,0.0
2426,2,0.006666666666666667
2427,2,0.006666666666666667
2440,2,0.0
2446,2,0.0033333333333333335
2449,2,0.05
2453,2,0.006666666666666667
2456,2,0.31666666666666665
2458,2,0.04
2460,2,0.04
2465,2,0.006666666666666667
2468,2,0.01
2479,2,0.043333333333333335
2482,2,0.04666666666666667
2483,2,0.0
2484,2,0.013333333333333334
2490,2,0.0
2496,2,0.011666666666666667
2497,2,0.01
2507,2,0.0
2508,2,0.013333333333333334
2511,2,0.02666666666666667
2519,2,0.04
2527,2,0.0
2530,2,0.0
2533,2,0.0
2534,2,0.0033333333333333335
2538,2,0.02
2545,2,0.01
2554,2,0.01
2557,2,0.0
2560,2,0.0
2575,2,0.0033333333333333335
2576,2,0.0
2577,2,0.043333333333333335
2578,2,0.0033333333333333335
2582,2,0.016666666666666666
2588,2,0.023333333333333334
2591,2,0.03
2593,2,0.0
2601,2,0.016666666666666666
2609,2,0.05333333333333334
2622,2,0.03666666666666667
2629,2,0.056666666666666664
2634,2,0.12
2639,2,0.04666666666666667
2665,2,0.44333333333333336
2671,2,0.06666666666666667
2677,2,0.03333333333333333
2688,2,0.04666666666666667
2695,2,0.03333333333333333
2697,2,0.043333333333333335
2702,2,0.05
2705,2,0.0033333333333333335
2714,2,0.14333333333333334
2722,2,0.04666666666666667
2731,2,0.01
2740,2,0.016666666666666666
2744,2,0.013333333333333334
2752,2,0.05333333333333334
2759,2,0.02666666666666667
2769,2,0.02
2770,2,0.02
2773,2,0.023333333333333334
2776,2,0.0033333333333333335
2778,2,0.14
2788,2,0.06666666666666667
2790,2,0.01
2798,2,0.006666666666666667
2799,2,0.043333333333333335
2809,2,0.03333333333333333
2814,2,0.02
2838,2,0.11
2839,2,0.0
2851,2,0.043333333333333335
2854,2,0.006666666666666667
2856,2,0.023333333333333334
2862,2,0.01
2865,2,0.013333333333333334
2868,2,0.0
2869,2,0.11666666666666667
2874,2,0.07666666666666666
2886,2,0.013333333333333334
2887,2,0.013333333333333334
2895,2,0.0033333333333333335
2900,2,0.0033333333333333335
2909,2,0.0033333333333333335
2920,2,0.07333333333333333
2927,2,0.0
2947,2,0.006666666666666667
2949,2,0.03
2963,2,0.013333333333333334
2970,2,0.013333333333333334
2974,2,0.03666666666666667
2975,2,0.01
2990,2,0.006666666666666667
2994,2,0.0
3009,2,0.02666666666666667
3020,2,0.0033333333333333335
3035,2,0.0033333333333333335
3039,2,0.043333333333333335
3040,2,0.07
3044,2,0.27
3087,2,0.06
3092,2,0.0
3104,2,0.013333333333333334
3106,2,0.0033333333333333335
3111,2,0.01
3114,2,0.006666666666666667
3120,2,0.02
3124,2,0.08333333333333333
3130,2,0.03333333333333333
3134,2,0.04
3136,2,0.53
3140,2,0.006666666666666667
3142,2,0.03666666666666667
3144,2,0.01
3149,2,0.16666666666666666
3151,2,0.006666666666666667
3171,2,0.056666666666666664
3174,2,0.03666666666666667
3182,2,0.043333333333333335
3192,2,0.04666666666666667
3196,2,0.5066666666666667
3200,2,0.03
3209,2,0.016666666666666666
3227,2,0.01
3235,2,0.0033333333333333335
3237,2,0.16
3243,2,0.016666666666666666
3245,2,0.06333333333333334
3268,2,0.01
3270,2,0.0
3276,2,0.006666666666666667
3282,2,0.013333333333333334
3287,2,0.041111111111111105
3292,2,0.4166666666666667
3296,2,0.06666666666666667
3303,2,0.08333333333333333
3304,2,0.0033333333333333335
3308,2,0.016666666666666666
3313,2,0.06
3325,2,0.02
3343,2,0.0033333333333333335
3347,2,0.023333333333333334
3353,2,0.05333333333333334
3354,2,0.006666666666666667
3364,2,0.006666666666666667
3376,2,0.04666666666666667
3377,2,0.006666666666666667
3379,2,0.013333333333333334
3380,2,0.1
3392,2,0.056666666666666664
3408,2,0.01
3409,2,0.03
3410,2,0.04
3411,2,0.01
3420,2,0.02
3423,2,0.04666666666666667
3427,2,0.01
3445,2,0.0033333333333333335
3453,2,0.0033333333333333335
3455,2,0.07
3461,2,0.006666666666666667
3472,2,0.03333333333333333
3477,2,0.04666666666666667
3484,2,0.09
3490,2,0.0033333333333333335
3492,2,0.17333333333333334
3493,2,0.006666666666666667
3500,2,0.08666666666666667
3507,2,0.023333333333333334
3508,2,0.03666666666666667
3519,2,0.006666666666666667
3524,2,0.013333333333333334
3528,2,0.0
3532,2,0.01
3541,2,0.09333333333333334
3547,2,0.05
3548,2,0.03333333333333333
3551,2,0.04
3554,2,0.006666666666666667
3561,2,0.013333333333333334
3564,2,0.0
3565,2,0.0
3569,2,0.12333333333333334
3578,2,0.03666666666666667
3581,2,0.0
3582,2,0.02
3597,2,0.0033333333333333335
3599,2,0.01
3608,2,0.0
3611,2,0.006666666666666667
3613,2,0.005555555555555555
3620,2,0.03
3625,2,0.016666666666666666
3627,2,0.08
3630,2,0.013333333333333334
3636,2,0.07666666666666666
3637,2,0.0
3640,2,0.03666666666666667
3644,2,0.056666666666666664
3645,2,0.023333333333333334
3651,2,0.06
3658,2,0.006666666666666667
3664,2,0.013333333333333334
3671,2,0.06666666666666667
3686,2,0.0033333333333333335
3687,2,0.013333333333333334
3693,2,0.023333333333333334
3703,2,0.0033333333333333335
3714,2,0.02
3715,2,0.056666666666666664
3723,2,0.26666666666666666
3724,2,0.0
3725,2,0.11
3727,2,0.006666666666666667
3729,2,0.01
3744,2,0.0
3746,2,0.06333333333333334
3749,2,0.0033333333333333335
3753,2,0.0033333333333333335
3755,2,0.03666666666666667
3759,2,0.016666666666666666
3762,2,0.0
3764,2,0.11666666666666667
3767,2,0.11333333333333333
3773,2,0.03
3774,2,0.2966666666666667
3778,2,0.04
3779,2,0.013333333333333334
3781,2,0.0033333333333333335
3784,2,0.0
3785,2,0.013333333333333334
3787,2,0.0033333333333333335
3789,2,0.01
3792,2,0.06
3793,2,0.023333333333333334
3802,2,0.0033333333333333335
3807,2,0.023333333333333334
3808,2,0.016666666666666666
3825,2,0.023333333333333334
3860,2,0.02
3867,2,0.04
3878,2,0.0033333333333333335
3886,2,0.07
3887,2,0.013333333333333334
3889,2,0.08666666666666667
3894,2,0.03
3899,2,0.006666666666666667
3912,2,0.016666666666666666
3913,2,0.013333333333333334
3915,2,0.006666666666666667
3928,2,0.016666666666666666
3929,2,0.23
3930,2,0.006666666666666667
3950,2,0.11333333333333333
3952,2,0.0
3956,2,0.06666666666666667
3957,2,0.08666666666666667
3968,2,0.0
3973,2,0.02666666666666667
3980,2,0.013333333333333334
3981,2,0.03666666666666667
3990,2,0.0033333333333333335
3992,2,0.02666666666666667
3995,2,0.05
4004,2,0.023333333333333334
4005,2,0.01
4011,2,0.0
4013,2,0.043333333333333335
4022,2,0.006666666666666667
4032,2,0.01
4036,2,0.1
4041,2,0.08333333333333333
4045,2,0.05
4047,2,0.09333333333333334
4050,2,0.0033333333333333335
4053,2,0.0
4056,2,0.11327777777777778
4062,2,0.023333333333333334
4072,2,0.0
4081,2,0.0
4088,2,0.01
4091,2,0.07666666666666666
4094,2,0.07666666666666666
4106,2,0.006666666666666667
4114,2,0.08361111111111112
4125,2,0.04666666666666667
4138,2,0.01
4142,2,0.016666666666666666
4145,2,0.01
4150,2,0.04666666666666667
4159,2,0.01
4161,2,0.06333333333333334
4166,2,0.023333333333333334
4171,2,0.0
4176,2,0.07333333333333333
4180,2,0.013333333333333334
4183,2,0.03
4190,2,0.06333333333333334
4199,2,0.056666666666666664
4200,2,0.02666666666666667
4215,2,0.0033333333333333335
4217,2,0.0
4249,2,0.03
4252,2,0.03333333333333333
4260,2,0.0033333333333333335
4264,2,0.01
4269,2,0.023333333333333334
4274,2,0.03333333333333333
4278,2,0.0
4279,2,0.043333333333333335
4301,2,0.01777777777777778
4310,2,0.06322222222222224
4319,2,0.013333333333333334
4329,2,0.006666666666666667
4330,2,0.03333333333333333
4346,2,0.06
4369,2,0.13333333333333333
4370,2,0.023333333333333334
4400,2,0.006666666666666667
4404,2,0.0
4405,2,0.11666666666666667
4407,2,0.02666666666666667
4415,2,0.0033333333333333335
4418,2,0.03333333333333333
4425,2,0.03333333333333333
4431,2,0.006666666666666667
4432,2,0.006666666666666667
4436,2,0.1475
4447,2,0.0
4449,2,0.01
4450,2,0.056666666666666664
4452,2,0.05416666666666667
4457,2,0.0033333333333333335
4475,2,0.016666666666666666
4478,2,0.0
4488,2,0.016666666666666666
4490,2,0.09333333333333334
4507,2,0.016666666666666666
4509,2,0.08
4513,2,0.01
4515,2,0.02
4519,2,0.0
4520,2,0.03
4527,2,0.05333333333333334
4532,2,0.006666666666666667
4545,2,0.12666666666666668
4547,2,0.09666666666666666
4551,2,0.016666666666666666
4556,2,0.02666666666666667
4560,2,0.03
4563,2,0.006666666666666667
4566,2,0.19333333333333333
4570,2,0.006666666666666667
4580,2,0.0033333333333333335
4584,2,0.06305555555555555
4586,2,0.0
4588,2,0.056666666666666664
4595,2,0.006666666666666667
4598,2,0.11333333333333333
4609,2,0.0
4610,2,0.013333333333333334
4611,2,0.023333333333333334
4625,2,0.0
4633,2,0.04666666666666667
4639,2,0.07
4640,2,0.0033333333333333335
4654,2,0.01
4658,2,0.04666666666666667
4664,2,0.016666666666666666
4666,2,0.13666666666666666
4667,2,0.07333333333333333
4670,2,0.38
4671,2,0.0
4673,2,0.006666666666666667
4674,2,0.0
4675,2,0.01
4683,2,0.013333333333333334
4687,2,0.0
4689,2,0.05333333333333334
4711,2,0.056666666666666664
4712,2,0.016666666666666666
4719,2,0.02666666666666667
4738,2,0.0033333333333333335
4742,2,0.0
4746,2,0.023333333333333334
4759,2,0.05
4772,2,0.0033333333333333335
4778,2,0.013333333333333334
4784,2,0.006666666666666667
4806,2,0.02666666666666667
4818,2,0.05
4823,2,0.01
4824,2,0.02666666666666667
4854,2,0.0033333333333333335
4855,2,0.023333333333333334
4864,2,0.013333333333333334
4865,2,0.006666666666666667
4875,2,0.013333333333333334
4877,2,0.04
4884,2,0.08
4897,2,0.13
4906,2,0.08
4907,2,0.3333333333333333
4913,2,0.0033333333333333335
4918,2,0.02
4920,2,0.013333333333333334
4927,2,0.02666666666666667
4937,2,0.02666666666666667
4944,2,0.05
4945,2,0.05333333333333334
4955,2,0.11333333333333333
4957,2,0.08666666666666667
4959,2,0.09333333333333334
4964,2,0.023333333333333334
4975,2,0.016666666666666666
4979,2,0.013333333333333334
4986,2,0.01
4989,2,0.05
5007,2,0.0
5008,2,0.07666666666666666
5011,2,0.04666666666666667
5013,2,0.023333333333333334
5046,2,0.01
5048,2,0.05333333333333334
5052,2,0.01
5059,2,0.06333333333333334
5064,2,0.013333333333333334
5070,2,0.0
5073,2,0.03666666666666667
5075,2,0.056666666666666664
5078,2,0.013333333333333334
5096,2,0.013333333333333334
5098,2,0.0033333333333333335
5103,2,0.013333333333333334
5105,2,0.02
5115,2,0.0
5119,2,0.005
5121,2,0.10333333333333333
5125,2,0.016666666666666666
5130,2,0.0
5132,2,0.0033333333333333335
5162,2,0.07333333333333333
5165,2,0.09
5175,2,0.013333333333333334
5180,2,0.03333333333333333
5182,2,0.02666666666666667
5189,2,0.0061111111111111106
5200,2,0.03666666666666667
5218,2,0.013333333333333334
5223,2,0.01
5225,2,0.006666666666666667
5227,2,0.04666666666666667
5228,2,0.06666666666666667
5233,2,0.016666666666666666
5235,2,0.04666666666666667
5236,2,0.02
5246,2,0.16
5254,2,0.056666666666666664
5261,2,0.11666666666666667
5262,2,0.02666666666666667
5267,2,0.013333333333333334
5268,2,0.016666666666666666
5269,2,0.0033333333333333335
5278,2,0.023333333333333334
5285,2,0.08
5291,2,0.043333333333333335
5307,2,0.08944444444444444
5311,2,0.04666666666666667
5322,2,0.01888888888888889
5324,2,0.02
5327,2,0.17333333333333334
5329,2,0.03333333333333333
5331,2,0.0033333333333333335
5335,2,0.0
5337,2,0.023333333333333334
5345,2,0.023333333333333334
5348,2,0.006666666666666667
5353,2,0.016666666666666666
5357,2,0.11333333333333333
5380,2,0.03666666666666667
5383,2,0.02
5384,2,0.056666666666666664
5386,2,0.18333333333333332
5395,2,0.01
5403,2,0.056666666666666664
5404,2,0.08333333333333333
5409,2,0.013333333333333334
5422,2,0.013333333333333334
5427,2,0.006666666666666667
5433,2,0.03333333333333333
5436,2,0.07
5441,2,0.013333333333333334
5443,2,0.31333333333333335
5451,2,0.016666666666666666
5460,2,0.006666666666666667
5465,2,0.03333333333333333
5467,2,0.04
5468,2,0.043333333333333335
5477,2,0.01
5479,2,0.03
5480,2,0.03333333333333333
5484,2,0.013333333333333334
5488,2,0.0
5489,2,0.0
5494,2,0.03
5501,2,0.0
5523,2,0.0
5527,2,0.0
5539,2,0.35333333333333333
5542,2,0.006666666666666667
5549,2,0.013333333333333334
5556,2,0.0033333333333333335
5563,2,0.0
5569,2,0.02666666666666667
5572,2,0.0
5582,2,0.0033333333333333335
5593,2,0.12666666666666668
5594,2,0.0
5597,2,0.0
5603,2,0.013333333333333334
5619,2,0.4166666666666667
5620,2,0.023333333333333334
5630,2,0.0
5632,2,0.006666666666666667
5650,2,0.03333333333333333
5660,2,0.023333333333333334
5661,2,0.013333333333333334
5671,2,0.013333333333333334
5679,2,0.013333333333333334
5680,2,0.0
5689,2,0.03666666666666667
5691,2,0.018333333333333333
5693,2,0.006666666666666667
5704,2,0.02666666666666667
5707,2,0.03333333333333333
5708,2,0.01
5719,2,0.0033333333333333335
5720,2,0.013333333333333334
5733,2,0.006666666666666667
5741,2,0.01
5746,2,0.03
5758,2,0.016666666666666666
5760,2,0.006666666666666667
5772,2,0.006666666666666667
5784,2,0.02666666666666667
5786,2,0.0
5787,2,0.046388888888888896
5794,2,0.0
5796,2,0.01
5800,2,0.02
5813,2,0.02
5822,2,0.04388888888888889
5827,2,0.0
5835,2,0.19666666666666666
5840,2,0.04666666666666667
5852,2,0.013333333333333334
5853,2,0.0033333333333333335
5866,2,0.006666666666666667
5871,2,0.2833333333333333
5874,2,0.022222222222222223
5884,2,0.023333333333333334
5894,2,0.13972222222222222
5896,2,0.0
5902,2,0.01
5909,2,0.043333333333333335
5910,2,0.04666666666666667
5917,2,0.06
5925,2,0.0
5931,2,0.013333333333333334
5937,2,0.01
5939,2,0.0
5941,2,0.0
5946,2,0.03555555555555556
5947,2,0.01
5949,2,0.0
5956,2,0.0033333333333333335
5958,2,0.06666666666666667
5961,2,0.019595238095238093
5962,2,0.0
5969,2,0.04527777777777777
5973,2,0.012
5981,2,0.0033333333333333335
5992,2,0.015
5993,2,0.07666666666666666
5999,2,0.03333333333333333
6000,2,0.02666666666666667
6006,2,0.03972222222222222
6010,2,0.01
6017,2,0.02
6022,2,0.01
6029,2,0.0033333333333333335
6030,2,0.0
6034,2,0.02
6036,2,0.023333333333333334
6045,2,0.006666666666666667
6052,2,0.013333333333333334
6066,2,0.0033333333333333335
6069,2,0.056666666666666664
6072,2,0.0033333333333333335
6090,2,0.006666666666666667
6091,2,0.01
6095,2,0.0
6097,2,0.0
6113,2,0.0
6115,2,0.02
6116,2,0.043333333333333335
6119,2,0.01
6123,2,0.006666666666666667
6124,2,0.0033333333333333335
6125,2,0.03333333333333333
6140,2,0.007777777777777778
6142,2,0.0033333333333333335
6160,2,0.0033333333333333335
6162,2,0.0
6177,2,0.0125
6184,2,0.016666666666666666
6190,2,0.0
6199,2,0.023333333333333334
6209,2,0.013333333333333334
6226,2,0.013333333333333334
6230,2,0.09333333333333334
6237,2,0.0033333333333333335
6242,2,0.0033333333333333335
6248,2,0.006666666666666667
6249,2,0.04455555555555556
6254,2,0.016666666666666666
6273,2,0.0
6282,2,0.0
6284,2,0.016666666666666666
6299,2,0.006666666666666667
6309,2,0.0
6316,2,0.024999999999999998
6322,2,0.006666666666666667
6330,2,0.006666666666666667
6331,2,0.0
6338,2,0.016666666666666666
6344,2,0.0
6355,2,0.0
6360,2,0.03333333333333333
6364,2,0.023333333333333334
6374,2,0.0033333333333333335
6380,2,0.006666666666666666
6383,2,0.0
6391,2,0.0
6406,2,0.03333333333333333
6410,2,0.04733333333333333
6424,2,0.006666666666666667
6428,2,0.12666666666666668
6429,2,0.0033333333333333335
6430,2,0.016666666666666666
6436,2,0.0016666666666666668
6440,2,0.0027777777777777775
6445,2,0.0
6449,2,0.006666666666666667
6452,2,0.043333333333333335
6454,2,0.09333333333333334
6456,2,0.01
6478,2,0.20666666666666667
6487,2,0.056666666666666664
6490,2,0.02
6500,2,0.0033333333333333335
6503,2,0.0033333333333333335
6505,2,0.02666666666666667
6508,2,0.016666666666666666
6512,2,0.02
6523,2,0.023333333333333334
6524,2,0.04666666666666667
6526,2,0.013333333333333334
6528,2,0.04666666666666667
6529,2,0.06333333333333334
6530,2,0.013333333333333334
6538,2,0.0033333333333333335
6557,2,0.006666666666666667
6563,2,0.013333333333333334
6569,2,0.0033333333333333335
6585,2,0.011111111111111112
6587,2,0.01
6590,2,0.02388888888888889
6592,2,0.0
6611,2,0.11333333333333333
6616,2,0.02
6621,2,0.03
6631,2,0.0
6637,2,0.0033333333333333335
6639,2,0.12333333333333334
6649,2,0.0
6655,2,0.0
6656,2,0.06699999999999999
6658,2,0.006666666666666667
6682,2,0.02
6688,2,0.023333333333333334
6692,2,0.054
6701,2,0.0033333333333333335
6709,2,0.04666666666666667
6720,2,0.0
6721,2,0.006666666666666667
6723,2,0.006666666666666667
6724,2,0.013333333333333334
6725,2,0.013333333333333334
6730,2,0.07
6738,2,0.04
6754,2,0.01
6755,2,0.0033333333333333335
6757,2,0.013333333333333334
6761,2,0.0
6773,2,0.6133333333333333
6775,2,0.02
6786,2,0.013333333333333334
6799,2,0.0
6804,2,0.11333333333333333
6805,2,0.023333333333333334
6812,2,0.01
6819,2,0.0
6826,2,0.06666666666666667
6827,2,0.006666666666666667
6831,2,0.23666666666666666
6836,2,0.01
6840,2,0.09333333333333334
6847,2,0.0033333333333333335
6852,2,0.13333333333333333
6858,2,0.016666666666666666
6859,2,0.013333333333333334
6866,2,0.006666666666666667
6876,2,0.07
6882,2,0.006666666666666667
6898,2,0.04
6903,2,0.013333333333333334
6910,2,0.05333333333333334
6911,2,0.11666666666666667
6918,2,0.0033333333333333335
6928,2,0.023333333333333334
6933,2,0.023333333333333334
6937,2,0.08
6940,2,0.013333333333333334
6953,2,0.0033333333333333335
6963,2,0.023333333333333334
6965,2,0.11666666666666667
6997,2,0.03333333333333333
7023,2,0.01
7026,2,0.19
7043,2,0.013333333333333334
7062,2,0.023333333333333334
7079,2,0.6033333333333334
7080,2,0.013333333333333334
7081,2,0.0
7092,2,0.0033333333333333335
7096,2,0.0
7098,2,0.03666666666666667
7100,2,0.043333333333333335
7106,2,0.006666666666666667
7110,2,0.0033333333333333335
7116,2,0.013333333333333334
7121,2,0.0033333333333333335
7126,2,0.10666666666666667
7130,2,0.03666666666666667
7132,2,0.155
7138,2,0.056666666666666664
7143,2,0.0
7155,2,0.05
7158,2,0.006666666666666667
7160,2,0.04
7164,2,0.0
7167,2,0.05
7168,2,0.08666666666666667
7178,2,0.08666666666666667
7179,2,0.023333333333333334
7188,2,0.07666666666666666
7189,2,0.006666666666666667
7203,2,0.08666666666666667
7226,2,0.0
7227,2,0.11666666666666667
7235,2,0.006666666666666667
7237,2,0.02
7257,2,0.08666666666666667
7258,2,0.03333333333333333
7264,2,0.056666666666666664
7265,2,0.02666666666666667
7268,2,0.023333333333333334
7273,2,0.0
7280,2,0.006666666666666667
7290,2,0.05
7291,2,0.0033333333333333335
7297,2,0.09333333333333334
7320,2,0.016666666666666666
7330,2,0.023333333333333334
7332,2,0.01
7337,2,0.03
7343,2,0.013333333333333334
7346,2,0.03333333333333333
7351,2,0.006666666666666667
7361,2,0.013333333333333334
7363,2,0.07583333333333334
7389,2,0.02
7390,2,0.12
7393,2,0.07583333333333334
7395,2,0.01
7396,2,0.016666666666666666
7397,2,0.023333333333333334
7402,2,0.03
7412,2,0.0033333333333333335
7416,2,0.023333333333333334
7421,2,0.07
7423,2,0.03666666666666667
7424,2,0.02
7434,2,0.07
7442,2,0.05
7456,2,0.07
7460,2,0.06
7489,2,0.043333333333333335
7490,2,0.03666666666666667
7503,2,0.0
7510,2,0.2633333333333333
7514,2,0.01
7517,2,0.04
7521,2,0.03
7530,2,0.01
7533,2,0.016666666666666666
7541,2,0.07
7542,2,0.02666666666666667
7547,2,0.01
7553,2,0.03
7566,2,0.0
7586,2,0.006666666666666667
7593,2,0.0
7597,2,0.03
7607,2,0.006666666666666667
7611,2,0.09
7619,2,0.016666666666666666
7621,2,0.016666666666666666
7628,2,0.06333333333333334
7631,2,0.03
7641,2,0.03333333333333333
7644,2,0.02666666666666667
7645,2,0.06
7651,2,0.12666666666666668
7655,2,0.1
7661,2,0.03666666666666667
7664,2,0.05333333333333334
7665,2,0.006666666666666667
7666,2,0.0
7672,2,0.07333333333333333
7678,2,0.0033333333333333335
7687,2,0.03833333333333333
7708,2,0.08
7711,2,0.016666666666666666
7713,2,0.11
7717,2,0.006666666666666667
7722,2,0.006666666666666667
7726,2,0.0033333333333333335
7746,2,0.013333333333333334
7747,2,0.051666666666666666
7749,2,0.023333333333333334
7755,2,0.012222222222222221
7771,2,0.0033333333333333335
7775,2,0.006666666666666667
7779,2,0.03333333333333333
7785,2,0.06
7788,2,0.05
7797,2,0.02666666666666667
7798,2,0.01
7807,2,0.0016666666666666668
7810,2,0.02
7815,2,0.01
7819,2,0.0
7823,2,0.02
7825,2,0.07
7837,2,0.09333333333333334
7838,2,0.01
7840,2,0.04
7852,2,0.02666666666666667
7855,2,0.12222222222222222
7861,2,0.023333333333333334
7865,2,0.09333333333333334
7877,2,0.07666666666666666
7899,2,0.02
7903,2,0.03666666666666667
7906,2,0.02666666666666667
7908,2,0.09
7918,2,0.10666666666666667
7921,2,0.01
7928,2,0.006666666666666667
7934,2,0.01
7936,2,0.13
7938,2,0.023333333333333334
7940,2,0.09
7944,2,0.03333333333333333
7945,2,0.0033333333333333335
7947,2,0.02
7948,2,0.007142857142857143
7965,2,0.04666666666666667
7976,2,0.03666666666666667
7978,2,0.02666666666666667
7981,2,0.0033333333333333335
7982,2,0.0033333333333333335
7983,2,0.016666666666666666
7984,2,0.0
7989,2,0.03
8001,2,0.02
8002,2,0.0
8004,2,0.05
8007,2,0.14333333333333334
8016,2,0.013333333333333334
8048,2,0.006666666666666667
8054,2,0.013333333333333334
8063,2,0.016666666666666666
8064,2,0.04
8076,2,0.10333333333333333
8078,2,0.13333333333333333
8081,2,0.03666666666666667
8088,2,0.04
8111,2,0.03
8127,2,0.16333333333333333
8130,2,0.056666666666666664
8133,2,0.01
8141,2,0.006666666666666667
8166,2,0.11
8168,2,0.03666666666666667
8173,2,0.02666666666666667
8175,2,0.006666666666666667
8179,2,0.016666666666666666
8188,2,0.028888888888888888
8190,2,0.006666666666666667
8193,2,0.013333333333333334
8194,2,0.023333333333333334
8201,2,0.12
8223,2,0.012222222222222221
8228,2,0.006666666666666667
8239,2,0.0033333333333333335
8250,2,0.05333333333333334
8261,2,0.06833333333333333
8269,2,0.03333333333333333
8270,2,0.06666666666666667
8271,2,0.013333333333333334
8274,2,0.006666666666666667
8276,2,0.07
8279,2,0.06333333333333334
8284,2,0.037222222222222226
8285,2,0.01
8291,2,0.03333333333333333
8293,2,0.12666666666666668
8301,2,0.013333333333333334
8302,2,0.05
8304,2,0.006666666666666667
8329,2,0.03333333333333333
8336,2,0.013333333333333334
8349,2,0.016666666666666666
8350,2,0.03333333333333333
8354,2,0.06333333333333334
8362,2,0.03
8371,2,0.01
8387,2,0.016666666666666666
8409,2,0.056666666666666664
8416,2,0.02666666666666667
8429,2,0.07333333333333333
8432,2,0.013333333333333334
8433,2,0.16027777777777777
8438,2,0.03666666666666667
8446,2,0.02
8457,2,0.023333333333333334
8463,2,0.03
8464,2,0.013333333333333334
8485,2,0.09666666666666666
8488,2,0.006666666666666667
8500,2,0.023333333333333334
8502,2,0.01
8512,2,0.03333333333333333
8513,2,0.05333333333333334
8521,2,0.01
8529,2,0.023333333333333334
8530,2,0.06666666666666667
8531,2,0.03666666666666667
8535,2,0.013333333333333334
8550,2,0.07
8564,2,0.0
8569,2,0.006666666666666667
8574,2,0.05333333333333334
8577,2,0.20333333333333334
8590,2,0.04666666666666667
8599,2,0.18
8614,2,0.023333333333333334
8621,2,0.0033333333333333335
8629,2,0.03333333333333333
8641,2,0.013333333333333334
8647,2,0.013333333333333334
8657,2,0.006666666666666667
8662,2,0.013333333333333334
8675,2,0.49666666666666665
8676,2,0.06666666666666667
8678,2,0.09333333333333334
8683,2,0.03
8688,2,0.0033333333333333335
8689,2,0.016666666666666666
8690,2,0.06166666666666667
8692,2,0.02666666666666667
8722,2,0.02666666666666667
8728,2,0.0033333333333333335
8735,2,0.09666666666666666
8738,2,0.01
8743,2,0.006666666666666667
8745,2,0.023333333333333334
8761,2,0.0
8770,2,0.016666666666666666
8774,2,0.023333333333333334
8782,2,0.006666666666666667
8785,2,0.0033333333333333335
8786,2,0.05
8789,2,0.006666666666666667
8792,2,0.016666666666666666
8793,2,0.0033333333333333335
8798,2,0.0033333333333333335
8802,2,0.013333333333333334
8803,2,0.04666666666666667
8806,2,0.0033333333333333335
8809,2,0.14666666666666667
8813,2,0.006666666666666667
8817,2,0.09666666666666666
8833,2,0.02
8864,2,0.13666666666666666
8866,2,0.04
8887,2,0.09666666666666666
8891,2,0.0
8902,2,0.03027777777777778
8909,2,0.0
8910,2,0.013333333333333334
8915,2,0.03333333333333333
8920,2,0.03
8921,2,0.08666666666666667
8936,2,0.01
8937,2,0.0
8951,2,0.16
8952,2,0.04666666666666667
8963,2,0.043333333333333335
8968,2,0.0
8972,2,0.006666666666666667
8983,2,0.04
8986,2,0.12
8988,2,0.006666666666666667
8991,2,0.07
8993,2,0.08333333333333333
8998,2,0.0
9017,2,0.03666666666666667
9019,2,0.03666666666666667
9025,2,0.11666666666666667
9032,2,0.02666666666666667
9035,2,0.12666666666666668
9039,2,0.03666666666666667
9045,2,0.016666666666666666
9050,2,0.006666666666666667
9055,2,0.01
9059,2,0.05333333333333334
9060,2,0.07
9062,2,0.08333333333333333
9063,2,0.08666666666666667
9070,2,0.02
9076,2,0.18333333333333332
9077,2,0.013333333333333334
9088,2,0.20333333333333334
9092,2,0.056666666666666664
9096,2,0.023333333333333334
9099,2,0.0125
9107,2,0.10333333333333333
9116,2,0.09
9126,2,0.0033333333333333335
9131,2,0.05333333333333334
9134,2,0.0
9140,2,0.04666666666666667
9141,2,0.37
9156,2,0.08888888888888888
9158,2,0.03666666666666667
9165,2,0.04666666666666667
9167,2,0.01
9170,2,0.08638888888888889
9175,2,0.01
9184,2,0.023333333333333334
9188,2,0.03
9193,2,0.03
9196,2,0.01
9198,2,0.01
9202,2,0.006666666666666667
9208,2,0.03666666666666667
9220,2,0.02666666666666667
9228,2,0.02666666666666667
9235,2,0.02
9239,2,0.02722222222222222
9240,2,0.04416666666666667
9242,2,0.10888888888888888
9251,2,0.09
9258,2,0.07666666666666666
9260,2,0.09
9262,2,0.25055555555555553
9264,2,0.016666666666666666
9266,2,0.023333333333333334
9272,2,0.02666666666666667
9278,2,0.006666666666666667
9280,2,0.016666666666666666
9281,2,0.02
9282,2,0.0
9288,2,0.023333333333333334
9299,2,0.14
9308,2,0.03333333333333333
9309,2,0.03666666666666667
9314,2,0.0033333333333333335
9315,2,0.10666666666666667
9319,2,0.09
9321,2,0.01
9338,2,0.0033333333333333335
9342,2,0.04666666666666667
9343,2,0.02
9348,2,0.02
9349,2,0.0
9351,2,0.013333333333333334
9358,2,0.09888888888888889
9359,2,0.05
9364,2,0.0033333333333333335
9380,2,0.12666666666666668
9381,2,0.14833333333333334
9383,2,0.013333333333333334
9390,2,0.009444444444444443
9391,2,0.06877777777777777
9400,2,0.01
9402,2,0.016666666666666666
9404,2,0.0033333333333333335
9416,2,0.0033333333333333335
9423,2,0.22333333333333333
9424,2,0.09222222222222222
9426,2,0.013333333333333334
9427,2,0.11333333333333333
9436,2,0.01722222222222222
9452,2,0.05333333333333334
9456,2,0.023333333333333334
9463,2,0.07
9488,2,0.02
9491,2,0.0033333333333333335
9493,2,0.013333333333333334
9495,2,0.02
9497,2,0.04
9501,2,0.023333333333333334
9506,2,0.02
9507,2,0.0033333333333333335
9526,2,0.02722222222222222
9528,2,0.023333333333333334
9541,2,0.03
9542,2,0.043333333333333335
9546,2,0.06
9555,2,0.0033333333333333335
9556,2,0.02
9558,2,0.013333333333333334
9559,2,0.0033333333333333335
9560,2,0.01
9564,2,0.04666666666666667
9566,2,0.006666666666666667
9568,2,0.06666666666666667
9575,2,0.023333333333333334
9592,2,0.023333333333333334
9595,2,0.10666666666666667
9604,2,0.03666666666666667
9607,2,0.03
9620,2,0.02666666666666667
9623,2,0.03666666666666667
9626,2,0.0033333333333333335
9628,2,0.04
9629,2,0.07333333333333333
9636,2,0.01
9639,2,0.006666666666666667
9641,2,0.06
9645,2,0.09222222222222222
9648,2,0.07
9652,2,0.02666666666666667
9653,2,0.02
9656,2,0.08333333333333333
9657,2,0.02
9658,2,0.04666666666666667
9659,2,0.05
9668,2,0.04
9671,2,0.03666666666666667
9676,2,0.04
9680,2,0.04
9682,2,0.03666666666666667
9689,2,0.09
9691,2,0.02
9696,2,0.0033333333333333335
9697,2,0.03666666666666667
9702,2,0.013333333333333334
9703,2,0.02666666666666667
9709,2,0.023333333333333334
9711,2,0.03333333333333333
9712,2,0.01
9713,2,0.13333333333333333
9716,2,0.09
9717,2,0.0033333333333333335
9725,2,0.075
9728,2,0.013333333333333334
9729,2,0.043333333333333335
9733,2,0.04666666666666667
9739,2,0.06666666666666667
9748,2,0.06666666666666667
9762,2,0.023333333333333334
9763,2,0.016666666666666666
9771,2,0.02
9780,2,0.0
9781,2,0.04
9800,2,0.08
9818,2,0.02
9820,2,0.01
9825,2,0.09833333333333333
9830,2,0.07333333333333333
9833,2,0.028333333333333332
9836,2,0.09888888888888889
9839,2,0.0033333333333333335
9842,2,0.020833333333333332
9847,2,0.07
9853,2,0.04666666666666667
9858,2,0.006666666666666667
9859,2,0.01
9862,2,0.01
9867,2,0.01
9871,2,0.23
9879,2,0.023333333333333334
9891,2,0.0
9893,2,0.04
9903,2,0.03666666666666667
9904,2,0.11777777777777779
9909,2,0.043333333333333335
9913,2,0.03
9916,2,0.15666666666666668
9917,2,0.016666666666666666
9927,2,0.05
9929,2,0.006666666666666667
9931,2,0.04666666666666667
9940,2,0.02666666666666667
9945,2,0.03
9948,2,0.01
9965,2,0.04
9966,2,0.08666666666666667
9980,2,0.03333333333333333
9985,2,0.07333333333333333
10000,2,0.016666666666666666
10009,2,0.0033333333333333335
10022,2,0.0033333333333333335
10023,2,0.05
10030,2,0.02
10046,2,0.016666666666666666
10056,2,0.013333333333333334
10059,2,0.03
10066,2,0.03666666666666667
10078,2,0.04
10081,2,0.05
10088,2,0.03333333333333333
10090,2,0.05
10094,2,0.01
10095,2,0.03138888888888889
10100,2,0.28
10105,2,0.12666666666666668
10108,2,0.04666666666666667
10110,2,0.03
10117,2,0.05
10119,2,0.006666666666666667
10127,2,0.023333333333333334
10132,2,0.02666666666666667
10134,2,0.013333333333333334
10141,2,0.01
10148,2,0.006666666666666667
10150,2,0.02666666666666667
10155,2,0.04
10156,2,0.08666666666666667
10164,2,0.11333333333333333
10171,2,0.03666666666666667
10172,2,0.26
10173,2,0.03
10182,2,0.05333333333333334
10191,2,0.023333333333333334
10208,2,0.05
10218,2,0.4922222222222223
10224,2,0.0
10228,2,0.006666666666666667
10232,2,0.013333333333333334
10239,2,0.043333333333333335
10241,2,0.22666666666666666
10247,2,0.02666666666666667
10254,2,0.2866666666666667
10258,2,0.02
10268,2,0.016666666666666666
10277,2,0.04666666666666667
10282,2,0.006666666666666667
10286,2,0.09333333333333334
10297,2,0.07333333333333333
10301,2,0.05
10310,2,0.011666666666666667
10312,2,0.023333333333333334
10318,2,0.006666666666666667
10325,2,0.02
10348,2,0.07
10355,2,0.12333333333333334
10360,2,0.03333333333333333
10363,2,0.10333333333333333
10372,2,0.03333333333333333
10374,2,0.023333333333333334
10379,2,0.02
10381,2,0.01
10384,2,0.0033333333333333335
10388,2,0.06333333333333334
10389,2,0.01
10391,2,0.02
10394,2,0.0
10409,2,0.02666666666666667
10410,2,0.05
10411,2,0.016666666666666666
10415,2,0.03
10424,2,0.0
10437,2,0.09666666666666666
10440,2,0.043333333333333335
10441,2,0.01
10449,2,0.02666666666666667
10451,2,0.01
10453,2,0.023333333333333334
10459,2,0.006666666666666667
10462,2,0.04
10467,2,0.07
10473,2,0.06
10476,2,0.03333333333333333
10485,2,0.11
10486,2,0.016666666666666666
10488,2,0.13333333333333333
10507,2,0.013333333333333334
10510,2,0.09
10511,2,0.0
10515,2,0.17333333333333334
10517,2,0.03166666666666667
10526,2,0.0033333333333333335
10531,2,0.01
10534,2,0.03666666666666667
10540,2,0.03666666666666667
10542,2,0.02666666666666667
10548,2,0.01
10561,2,0.01
10569,2,0.03
10574,2,0.04666666666666667
10575,2,0.0033333333333333335
10578,2,0.01
10587,2,0.006666666666666667
10594,2,0.065
10595,2,0.15333333333333332
10598,2,0.016666666666666666
10600,2,0.09333333333333334
10609,2,0.03
10610,2,0.01
10615,2,0.035
10618,2,0.13666666666666666
10621,2,0.016666666666666666
10622,2,0.023333333333333334
10624,2,0.011666666666666667
10627,2,0.0033333333333333335
10628,2,0.08333333333333333
10639,2,0.08666666666666667
10649,2,0.01
10666,2,0.06333333333333334
10671,2,0.02666666666666667
10676,2,0.05333333333333334
10681,2,0.0033333333333333335
10683,2,0.05333333333333334
10684,2,0.04666666666666667
10687,2,0.006666666666666667
10689,2,0.07333333333333333
10696,2,0.05
10698,2,0.023333333333333334
10701,2,0.06666666666666667
10718,2,0.03333333333333333
10720,2,0.0
10739,2,0.03
10742,2,0.043333333333333335
10750,2,0.02
10752,2,0.02666666666666667
10755,2,0.07333333333333333
10759,2,0.15666666666666668
10772,2,0.0
10773,2,0.02
10775,2,0.12
10787,2,0.02666666666666667
10801,2,0.07
10807,2,0.07
10814,2,0.023333333333333334
10822,2,0.0
10823,2,0.16333333333333333
10826,2,0.05
10828,2,0.043333333333333335
10833,2,0.012222222222222221
10837,2,0.01
10841,2,0.17
10858,2,0.023333333333333334
10878,2,0.07666666666666666
10882,2,0.011666666666666667
10887,2,0.03
10889,2,0.45
10897,2,0.01
10907,2,0.04
10913,2,0.05222222222222222
10920,2,0.013333333333333334
10923,2,0.016666666666666666
10930,2,0.006666666666666667
10936,2,0.01
10938,2,0.023333333333333334
10940,2,0.0033333333333333335
10945,2,0.043333333333333335
10947,2,0.03666666666666667
10948,2,0.07416666666666667
10950,2,0.043333333333333335
10960,2,0.0033333333333333335
10963,2,0.13666666666666666
10964,2,0.12
10967,2,0.007222222222222222
10975,2,0.08
10977,2,0.0033333333333333335
10995,2,0.07333333333333333
10996,2,0.02
11023,2,0.09333333333333334
11031,2,0.04
11032,2,0.03333333333333333
11036,2,0.03333333333333333
11050,2,0.04666666666666667
11059,2,0.05333333333333334
11066,2,0.18
11078,2,0.07
11081,2,0.08
11105,2,0.03333333333333333
11113,2,0.0
11118,2,0.02222222222222222
11142,2,0.011666666666666667
11157,2,0.03
11162,2,0.02666666666666667
11179,2,0.07666666666666666
11189,2,0.09866666666666667
11192,2,0.06
11195,2,0.014222222222222221
11205,2,0.12
11224,2,0.08666666666666667
11244,2,0.02
11246,2,0.10472222222222222
11251,2,0.023333333333333334
11253,2,0.043333333333333335
11259,2,0.006666666666666667
11263,2,0.02666666666666667
11265,2,0.0
11269,2,0.018888888888888886
11271,2,0.03666666666666667
11278,2,0.11666666666666667
11279,2,0.022777777777777775
11289,2,0.013333333333333334
11291,2,0.11416666666666667
11298,2,0.03
11299,2,0.006666666666666667
11302,2,0.03
11305,2,0.0033333333333333335
11316,2,0.02666666666666667
11318,2,0.056666666666666664
11321,2,0.0033333333333333335
11323,2,0.016666666666666666
11335,2,0.016666666666666666
11341,2,0.25666666666666665
11343,2,0.1
11349,2,0.43666666666666665
11353,2,0.04
11354,2,0.03
11361,2,0.03333333333333333
11375,2,0.13
11376,2,0.07
11383,2,0.03333333333333333
11393,2,0.08666666666666667
11426,2,0.11333333333333333
11448,2,0.006666666666666667
11453,2,0.01
11466,2,0.01
11476,2,0.013333333333333334
11491,2,0.02
11499,2,0.0033333333333333335
11500,2,0.006666666666666667
11504,2,0.05277777777777778
11514,2,0.11388888888888889
11521,2,0.023333333333333334
11527,2,0.02
11537,2,0.056666666666666664
11538,2,0.035
11539,2,0.03
11542,2,0.0
11546,2,0.07333333333333333
11548,2,0.09
11550,2,0.05333333333333334
11564,2,0.013333333333333334
11565,2,0.03666666666666667
11574,2,0.05349999999999999
11575,2,0.016666666666666666
11577,2,0.023333333333333334
11583,2,0.04666666666666667
11586,2,0.0033333333333333335
11592,2,0.08666666666666667
11596,2,0.06
11608,2,0.013333333333333334
11611,2,0.22666666666666666
11617,2,0.016666666666666666
11624,2,0.08666666666666667
11625,2,0.03333333333333333
11634,2,0.056666666666666664
11638,2,0.0
11645,2,0.013333333333333334
11650,2,0.011666666666666667
11655,2,0.11333333333333333
11668,2,0.0
11671,2,0.02666666666666667
11672,2,0.04666666666666667
11679,2,0.023333333333333334
11686,2,0.016666666666666666
11691,2,0.006666666666666667
11694,2,0.0033333333333333335
11697,2,0.016666666666666666
11716,2,0.1
11719,2,0.0033333333333333335
11721,2,0.013333333333333334
11732,2,0.0
11743,2,0.016666666666666666
11748,2,0.030833333333333334
11750,2,0.006666666666666667
11752,2,0.03333333333333333
11783,2,0.006666666666666667
11789,2,0.028333333333333332
11800,2,0.05333333333333334
11801,2,0.006666666666666667
11804,2,0.028333333333333332
11811,2,0.02666666666666667
11814,2,0.08333333333333333
11817,2,0.06333333333333334
11818,2,0.023333333333333334
11821,2,0.006666666666666667
11827,2,0.08666666666666667
11832,2,0.47333333333333333
11839,2,0.04666666666666667
11844,2,0.023333333333333334
11859,2,0.013333333333333334
11862,2,0.0033333333333333335
11863,2,0.006666666666666667
11868,2,0.006666666666666667
11870,2,0.04666666666666667
11871,2,0.31
11877,2,0.023333333333333334
11881,2,0.03666666666666667
11885,2,0.02
11898,2,0.05333333333333334
11903,2,0.056666666666666664
11906,2,0.08833333333333332
11919,2,0.0175
11923,2,0.006666666666666667
11931,2,0.04833333333333333
11940,2,0.12
11945,2,0.09
11946,2,0.08
11952,2,0.043333333333333335
11973,2,0.02
11991,2,0.23666666666666666
11992,2,0.10333333333333333
11995,2,0.09333333333333334
12000,2,0.056666666666666664
12005,2,0.10666666666666667
12007,2,0.09
12010,2,0.04
12011,2,0.01
12021,2,0.05333333333333334
12022,2,0.07666666666666666
12028,2,0.09333333333333334
12043,2,0.02666666666666667
12048,2,0.0
12050,2,0.04
12066,2,0.04666666666666667
12068,2,0.04666666666666667
12071,2,0.06666666666666667
12077,2,0.023333333333333334
12082,2,0.02666666666666667
12106,2,0.12666666666666668
12107,2,0.11333333333333333
12114,2,0.06
12116,2,0.06333333333333334
12118,2,0.016666666666666666
12125,2,0.03
12126,2,0.09333333333333334
12141,2,0.08
12154,2,0.03
12156,2,0.0033333333333333335
12163,2,0.06
12187,2,0.2886666666666666
12192,2,0.06
12201,2,0.016666666666666666
12205,2,0.023333333333333334
12216,2,0.023333333333333334
12217,2,0.056666666666666664
12218,2,0.023333333333333334
12240,2,0.02
12243,2,0.03333333333333333
12244,2,0.03666666666666667
12246,2,0.004111111111111111
12260,2,0.02
12266,2,0.006666666666666667
12268,2,0.016666666666666666
12276,2,0.0033333333333333335
12279,2,0.016666666666666666
12281,2,0.08666666666666667
12293,2,0.013333333333333334
12294,2,0.09
12300,2,0.06666666666666667
12310,2,0.006666666666666667
12314,2,0.0033333333333333335
12315,2,0.013333333333333334
12318,2,0.006666666666666667
12328,2,0.0
12336,2,0.0033333333333333335
12347,2,0.10666666666666667
12348,2,0.05
12350,2,0.013333333333333334
12354,2,0.03
12358,2,0.03
12377,2,0.05944444444444445
12382,2,0.08138888888888889
12415,2,0.03
12417,2,0.02
12418,2,0.11666666666666667
12419,2,0.006666666666666667
12427,2,0.013333333333333334
12433,2,0.11933333333333332
12442,2,0.04
12448,2,0.02
12449,2,0.11333333333333333
12451,2,0.07
12452,2,0.03333333333333333
12459,2,0.08777777777777777
12460,2,0.11
12471,2,0.013333333333333334
12473,2,0.10666666666666667
12475,2,0.09666666666666666
12477,2,0.0033333333333333335
12487,2,0.03944444444444445
12501,2,0.03
12510,2,0.14
12515,2,0.03
12516,2,0.060277777777777784
12521,2,0.06666666666666667
12522,2,0.056666666666666664
12525,2,0.006666666666666667
12530,2,0.1761111111111111
12532,2,0.18
12534,2,0.05333333333333334
12543,2,0.06277777777777778
12546,2,0.013333333333333334
12551,2,0.07333333333333333
12552,2,0.3466666666666667
12553,2,0.056666666666666664
12558,2,0.08666666666666667
12561,2,0.04666666666666667
12564,2,0.01
12571,2,0.01
12580,2,0.06166666666666667
12582,2,0.09666666666666666
12592,2,0.056666666666666664
12597,2,0.018333333333333333
12599,2,0.0033333333333333335
12609,2,0.02666666666666667
12618,2,0.0
12621,2,0.03666666666666667
12623,2,0.10194444444444445
12626,2,0.04666666666666667
12654,2,0.02666666666666667
12655,2,0.03833333333333333
12665,2,0.08
12666,2,0.05333333333333334
12668,2,0.04666666666666667
12670,2,0.17666666666666667
12674,2,0.008333333333333333
12680,2,0.08027777777777777
12686,2,0.06333333333333334
12697,2,0.06
12698,2,0.023333333333333334
12700,2,0.013333333333333334
12704,2,0.06
12716,2,0.035
12719,2,0.0
12732,2,0.013333333333333334
12739,2,0.07
12759,2,0.0033333333333333335
12763,2,0.02666666666666667
12768,2,0.041111111111111105
12770,2,0.02666666666666667
12774,2,0.09333333333333334
12775,2,0.013333333333333334
12780,2,0.023333333333333334
12781,2,0.05888888888888889
12782,2,0.11
12790,2,0.013333333333333334
12803,2,0.013333333333333334
12804,2,0.23368253968253963
12810,2,0.03333333333333333
12813,2,0.06888888888888887
12814,2,0.42923809523809525
12822,2,0.006666666666666667
12824,2,0.016666666666666666
12825,2,0.008888888888888889
12833,2,0.03
12838,2,0.04666666666666667
12844,2,0.043333333333333335
12852,2,0.37666666666666665
12859,2,0.03666666666666667
12860,2,0.03666666666666667
12863,2,0.07
12869,2,0.14116666666666663
12873,2,0.0033333333333333335
12876,2,0.023333333333333334
12881,2,0.03666666666666667
12884,2,0.05333333333333334
12887,2,0.016666666666666666
12894,2,0.08083333333333333
12909,2,0.0033333333333333335
12926,2,0.01
12932,2,0.021666666666666667
12939,2,0.43555555555555553
12940,2,0.08
12944,2,0.02666666666666667
12961,2,0.013333333333333334
12963,2,0.07611111111111112
12972,2,0.03222222222222222
12978,2,0.08444444444444445
12980,2,0.04
12982,2,0.013333333333333334
12983,2,0.044444444444444446
12991,2,0.03
12992,2,0.08666666666666667
12995,2,0.10416666666666667
13009,2,0.043333333333333335
13010,2,0.01
13013,2,0.023333333333333334
13016,2,0.13
13018,2,0.016666666666666666
13021,2,0.0033333333333333335
13023,2,0.03
13028,2,0.0636111111111111
13029,2,0.013333333333333334
13031,2,0.02
13039,2,0.023333333333333334
13040,2,0.06
13044,2,0.24666666666666667
13047,2,0.06904761904761905
13048,2,0.006666666666666667
13052,2,0.163
13062,2,0.006666666666666667
13066,2,0.08
13070,2,0.04666666666666667
13074,2,0.245
13084,2,0.04666666666666667
13088,2,0.07972222222222222
13099,2,0.01
13101,2,0.0016666666666666668
13107,2,0.12638888888888888
13114,2,0.15
13135,2,0.01
13148,2,0.046
13155,2,0.08394444444444445
13164,2,0.006666666666666667
13166,2,0.0638888888888889
13168,2,0.175
13178,2,0.03133333333333333
13184,2,0.03
13190,2,0.07944444444444444
13193,2,0.006666666666666667
13195,2,0.03
13198,2,0.03
13211,2,0.04
13213,2,0.023333333333333334
13225,2,0.013333333333333334
13226,2,0.03333333333333333
13243,2,0.057777777777777775
13246,2,0.10333333333333333
13258,2,0.04133333333333333
13260,2,0.09666666666666666
13267,2,0.023333333333333334
13278,2,0.12
13280,2,0.05
13292,2,0.023333333333333334
13298,2,0.20666666666666667
13301,2,0.016666666666666666
13316,2,0.02666666666666667
13318,2,0.11
13321,2,0.06833333333333333
13328,2,0.0038888888888888883
13331,2,0.03166666666666667
13332,2,0.065
13342,2,0.025
13358,2,0.04
13377,2,0.06666666666666667
13379,2,0.07333333333333333
13384,2,0.04666666666666667
13391,2,0.016666666666666666
13400,2,0.3
13414,2,0.03
13417,2,0.01
13420,2,0.07666666666666666
13431,2,0.32666666666666666
13434,2,0.023333333333333334
13443,2,0.02
13456,2,0.01
13457,2,0.05333333333333334
13463,2,0.15333333333333332
13465,2,0.02
13470,2,0.08
13472,2,0.047888888888888884
13474,2,0.020666666666666667
13499,2,0.0033333333333333335
13504,2,0.0016666666666666668
13506,2,0.11555555555555558
13514,2,0.06666666666666667
13515,2,0.08333333333333333
13529,2,0.0
13534,2,0.0125
13535,2,0.04666666666666667
13543,2,0.08166666666666667
13545,2,0.6933333333333334
13546,2,0.01
13547,2,0.016666666666666666
13548,2,0.07169841269841269
13557,2,0.10916666666666666
13561,2,0.03166666666666667
13576,2,0.02277777777777778
13589,2,0.0033333333333333335
13597,2,0.05
13612,2,0.0
13618,2,0.006666666666666667
13626,2,0.23
13640,2,0.1205
13648,2,0.12177777777777778
13660,2,0.0
13664,2,0.006666666666666667
13674,2,0.018333333333333333
13683,2,0.04
13697,2,0.02666666666666667
13699,2,0.07666666666666666
13712,2,0.03263888888888889
13715,2,0.006666666666666667
13720,2,0.043333333333333335
13723,2,0.02
13728,2,0.006666666666666667
13734,2,0.03172619047619048
13741,2,0.03172619047619048
13749,2,0.11333333333333333
13760,2,0.006666666666666667
13766,2,0.10333333333333333
13785,2,0.025
13789,2,0.17
13793,2,0.03333333333333333
13796,2,0.07333333333333333
13809,2,0.0033333333333333335
13813,2,0.0033333333333333335
13817,2,0.07666666666666666
13819,2,0.21666666666666667
13822,2,0.011666666666666667
13835,2,0.07611111111111112
13836,2,0.021666666666666667
13837,2,0.013333333333333334
13839,2,0.10038888888888889
13841,2,0.056666666666666664
13863,2,0.09322222222222222
13871,2,0.051333333333333335
13890,2,0.022777777777777775
13895,2,0.04666666666666667
13900,2,0.11
13943,2,0.006666666666666667
13951,2,0.6866666666666666
13955,2,0.08333333333333333
13957,2,0.031111111111111107
13961,2,0.016666666666666666
13965,2,0.04079365079365079
13974,2,0.7173333333333333
13980,2,0.0033333333333333335
13986,2,0.03333333333333333
13994,2,0.051333333333333335
13998,2,0.056666666666666664
14012,2,0.04
14016,2,0.04761904761904762
14040,2,0.04
14049,2,0.08777777777777777
14055,2,0.06333333333333334
14058,2,0.0033333333333333335
14070,2,0.07416666666666667
14077,2,0.029750000000000002
14078,2,0.03222222222222222
14086,2,0.6266666666666667
14088,2,0.24666666666666667
14093,2,0.01
14094,2,0.016666666666666666
14097,2,0.11327777777777778
14099,2,0.055555555555555546
14114,2,0.016666666666666666
14126,2,0.0033333333333333335
14136,2,0.07555555555555554
14139,2,0.023333333333333334
14144,2,0.056666666666666664
14146,2,0.043333333333333335
14151,2,0.24
14154,2,0.006666666666666667
14159,2,0.06666666666666667
14171,2,0.043333333333333335
14178,2,0.013333333333333334
14186,2,0.08
14188,2,0.04
14191,2,0.03
14206,2,0.016666666666666666
14211,2,0.01
14220,2,0.2966666666666667
14221,2,0.03666666666666667
14222,2,0.0033333333333333335
14233,2,0.04
14245,2,0.016666666666666666
14248,2,0.0788888888888889
14259,2,0.013333333333333334
14261,2,0.06
14263,2,0.18666666666666668
14264,2,0.021111111111111112
14266,2,0.016666666666666666
14274,2,0.03333333333333333
14280,2,0.06
14284,2,0.008333333333333333
14292,2,0.013333333333333334
14293,2,0.023333333333333334
14294,2,0.2733333333333333
14304,2,0.023333333333333334
14306,2,0.056666666666666664
14314,2,0.04
14315,2,0.056666666666666664
14319,2,0.016666666666666666
14322,2,0.051111111111111114
14323,2,0.013333333333333334
14341,2,0.22833333333333333
14342,2,0.075
14345,2,0.02
14347,2,0.043333333333333335
14350,2,0.06583333333333333
14356,2,0.03333333333333333
14360,2,0.08333333333333333
14361,2,0.043333333333333335
14366,2,0.24111111111111114
14367,2,0.02
14368,2,0.08666666666666667
14372,2,0.08
14376,2,0.006666666666666667
14377,2,0.006666666666666667
14378,2,0.06333333333333334
14381,2,0.03666666666666667
14385,2,0.03
14392,2,0.09666666666666666
14426,2,0.006666666666666667
14430,2,0.12200000000000001
14434,2,0.02
14435,2,0.0818888888888889
14437,2,0.05
14438,2,0.023333333333333334
14440,2,0.013333333333333334
14447,2,0.2922222222222222
14457,2,0.16333333333333333
14467,2,0.016666666666666666
14469,2,0.30666666666666664
14471,2,0.22
14473,2,0.08
14474,2,0.02666666666666667
14486,2,0.056111111111111105
14499,2,0.03333333333333333
14505,2,0.14666666666666667
14512,2,0.13666666666666666
14514,2,0.0033333333333333335
14516,2,0.02666666666666667
14519,2,0.08416666666666667
14524,2,0.01
14528,2,0.0033333333333333335
14531,2,0.02666666666666667
14532,2,0.025
14537,2,0.15666666666666668
14539,2,0.03
14545,2,0.16333333333333333
14554,2,0.08333333333333333
14563,2,0.02
14567,2,0.018333333333333333
14583,2,0.10666666666666667
14584,2,0.03666666666666667
14594,2,0.023333333333333334
14611,2,0.34
14616,2,0.056666666666666664
14627,2,0.06
14635,2,0.08133333333333333
14663,2,0.08905555555555555
14667,2,0.29
14673,2,0.0033333333333333335
14674,2,0.0033333333333333335
14677,2,0.033333333333333326
14679,2,0.05333333333333334
14685,2,0.01
14689,2,0.0033333333333333335
14691,2,0.03
14695,2,0.20305555555555554
14699,2,0.0
14700,2,0.01
14705,2,0.016666666666666666
14709,2,0.006666666666666667
14713,2,0.03666666666666667
14737,2,0.12
14740,2,0.10333333333333333
14745,2,0.19666666666666666
14749,2,0.0688095238095238
14781,2,0.056666666666666664
14786,2,0.056666666666666664
14794,2,0.17333333333333334
14798,2,0.25
14805,2,0.06027777777777777
14815,2,0.014345238095238097
14820,2,0.006666666666666667
14821,2,0.0
14825,2,0.04666666666666667
14831,2,0.016666666666666666
14838,2,0.02
14842,2,0.6688888888888889
14844,2,0.34733333333333327
14853,2,0.06248809523809523
14856,2,0.18333333333333332
14861,2,0.023333333333333334
14872,2,0.05416666666666667
14875,2,0.03333333333333333
14879,2,0.013333333333333334
14880,2,0.09109126984126985
14887,2,0.155
14902,2,0.3506666666666667
14904,2,0.11098015873015875
14907,2,0.10095238095238095
14910,2,0.016666666666666666
14922,2,0.05
14926,2,0.07
14951,2,0.15333333333333332
14957,2,0.13722222222222225
14961,2,0.10333333333333333
14966,2,0.03888888888888889
14970,2,0.08
14973,2,0.02
14990,2,0.0325
15012,2,0.09888888888888889
15013,2,0.13666666666666666
15019,2,0.013333333333333334
15035,2,0.05
15058,2,0.016666666666666666
15059,2,0.07444444444444445
15061,2,0.023333333333333334
15065,2,0.11333333333333333
15082,2,0.20065500240500247
15088,2,0.10666666666666667
15089,2,0.09666666666666666
15107,2,0.13666666666666666
15108,2,0.14216666666666666
15125,2,0.07333333333333333
15135,2,0.0
15143,2,0.04666666666666667
15146,2,0.030833333333333334
15152,2,0.12047619047619046
15163,2,0.013333333333333334
15164,2,0.045
15165,2,0.03333333333333333
15167,2,0.02666666666666667
15178,2,0.13
15179,2,0.10666666666666667
15184,2,0.023333333333333334
15187,2,0.135
15191,2,0.03666666666666667
15195,2,0.01
15199,2,0.03333333333333333
15205,2,0.043333333333333335
15210,2,0.056666666666666664
15213,2,0.016666666666666666
15214,2,0.03333333333333333
15215,2,0.07
15220,2,0.013333333333333334
15222,2,0.07
15225,2,0.02666666666666667
15226,2,0.05
15248,2,0.12333333333333334
15251,2,0.09333333333333334
15254,2,0.22333333333333333
15265,2,0.08
15273,2,0.02
15274,2,0.016666666666666666
15276,2,0.07
15277,2,0.07555555555555554
15278,2,0.03
15282,2,0.06
15288,2,0.01
15292,2,0.01
15300,2,0.03333333333333333
15301,2,0.03
15304,2,0.2833333333333333
15310,2,0.28166666666666673
15315,2,0.07333333333333333
15324,2,0.59
15325,2,0.006666666666666667
15328,2,0.06666666666666667
15334,2,0.10694444444444443
15335,2,0.09833333333333333
15345,2,0.30866666666666664
15349,2,0.63
15363,2,0.2778333333333334
15365,2,0.2777777777777778
15374,2,0.08333333333333333
15385,2,0.03
15397,2,0.03
15404,2,0.15716666666666665
15409,2,0.02
15416,2,0.05444444444444444
15417,2,0.09
15421,2,0.10461904761904763
15435,2,0.07333333333333333
15436,2,0.10333333333333333
15439,2,0.18583333333333332
15440,2,0.06216666666666666
15441,2,0.11333333333333333
15450,2,0.065
15458,2,0.18488095238095237
15466,2,0.012222222222222221
15471,2,0.03
15477,2,0.05
15479,2,0.08333333333333333
15509,2,0.17716666666666667
15510,2,0.06333333333333334
15513,2,0.10333333333333333
15516,2,0.06
15517,2,0.03
15521,2,0.39
15528,2,0.15666666666666668
15536,2,0.024666666666666667
15538,2,0.03
15546,2,0.6333333333333333
15556,2,0.03666666666666667
15558,2,0.20722222222222222
15588,2,0.012
15605,2,0.016666666666666666
15606,2,0.11333333333333333
15617,2,0.02
15618,2,0.03666666666666667
15619,2,0.07
15632,2,0.03
15633,2,0.17333333333333334
15644,2,0.023333333333333334
15649,2,0.2866666666666667
15661,2,0.03333333333333333
15662,2,0.11666666666666667
15664,2,0.13233333333333333
15673,2,0.08
15683,2,0.06666666666666667
15684,2,0.013333333333333334
15702,2,0.016666666666666666
15705,2,0.03666666666666667
15708,2,0.13
15713,2,0.08666666666666667
15723,2,0.054722222222222214
15734,2,0.03
15735,2,0.008888888888888889
15736,2,0.09
15740,2,0.03
15741,2,0.08333333333333333
15751,2,0.0033333333333333335
15752,2,0.02
15754,2,0.006666666666666667
15760,2,0.24
15761,2,0.006666666666666667
15766,2,0.035
15767,2,0.043333333333333335
15771,2,0.02
15779,2,0.013333333333333334
15782,2,0.056666666666666664
15785,2,0.0033333333333333335
15788,2,0.105
15790,2,0.02666666666666667
15791,2,0.04416666666666667
15792,2,0.07428571428571429
15804,2,0.019166666666666665
15816,2,0.12
15824,2,0.10333333333333333
15831,2,0.03666666666666667
15832,2,0.01
15833,2,0.006666666666666667
15843,2,0.06
15851,2,0.03666666666666667
15852,2,0.1
15859,2,0.11
15863,2,0.0475
15877,2,0.016666666666666666
15897,2,0.015555555555555557
15909,2,0.02666666666666667
15916,2,0.02666666666666667
15928,2,0.006666666666666667
15933,2,0.04833333333333333
15947,2,0.02
15949,2,0.06666666666666667
15951,2,0.11666666666666667
15952,2,0.043333333333333335
15956,2,0.007777777777777777
15958,2,0.12666666666666668
15969,2,0.02666666666666667
15972,2,0.23
15975,2,0.02666666666666667
15985,2,0.05
15986,2,0.07444444444444444
15997,2,0.013333333333333334
16000,2,0.10666666666666667
16004,2,0.1
16015,2,0.02
16020,2,0.043333333333333335
16021,2,0.03666666666666667
16023,2,0.05333333333333334
16026,2,0.041999999999999996
16028,2,0.47
16030,2,0.06333333333333334
16040,2,0.006666666666666667
16049,2,0.06055555555555555
16055,2,0.09666666666666666
16065,2,0.05
16073,2,0.006666666666666667
16074,2,0.023333333333333334
16078,2,0.24666666666666667
16081,2,0.02666666666666667
16094,2,0.04
16096,2,0.17444444444444443
16116,2,0.03666666666666667
16118,2,0.0
16122,2,0.023333333333333334
16124,2,0.013333333333333334
16131,2,0.1
16134,2,0.03666666666666667
16137,2,0.023333333333333334
16139,2,0.02666666666666667
16144,2,0.10944444444444443
16155,2,0.006666666666666667
16161,2,0.05
16162,2,0.03333333333333333
16163,2,0.20333333333333334
16172,2,0.05
16173,2,0.05
16175,2,0.006666666666666667
16178,2,0.4211111111111111
16187,2,0.02
16206,2,0.016666666666666666
16209,2,0.14533333333333334
16224,2,0.016666666666666666
16225,2,0.14533333333333334
16226,2,0.016666666666666666
16236,2,0.42
16240,2,0.02666666666666667
16251,2,0.32166666666666666
16256,2,0.04
16259,2,0.016666666666666666
16260,2,0.08805555555555555
16265,2,0.048666666666666664
16267,2,0.04666666666666667
16273,2,0.056666666666666664
16284,2,0.12666666666666668
16286,2,0.03333333333333333
16295,2,0.0033333333333333335
16298,2,0.05866666666666667
16305,2,0.34
16308,2,0.013333333333333334
16309,2,0.20666666666666667
16315,2,0.02
16319,2,0.2
16330,2,0.30333333333333334
16338,2,0.02666666666666667
16345,2,0.043333333333333335
16358,2,0.02
16362,2,0.04
16397,2,0.01
16398,2,0.05333333333333334
16408,2,0.017166666666666667
16411,2,0.05690476190476191
16415,2,0.00861111111111111
16428,2,0.03333333333333333
16437,2,0.016666666666666666
16438,2,0.06333333333333334
16446,2,0.0033333333333333335
16449,2,0.01
16462,2,0.03666666666666667
16464,2,0.0011111111111111111
16469,2,0.035
16474,2,0.06611111111111112
16475,2,0.10694444444444443
16476,2,0.04527777777777778
16480,2,0.04
16497,2,0.21611111111111114
16505,2,0.18666666666666668
16514,2,0.05111111111111111
16515,2,0.13688888888888887
16520,2,0.030833333333333334
16529,2,0.1322222222222222
16536,2,0.05333333333333334
16553,2,0.013333333333333334
16555,2,0.25333333333333335
16557,2,0.17666666666666667
16563,2,0.57
16574,2,0.03666666666666667
16575,2,0.016666666666666666
16577,2,0.12666666666666668
16581,2,0.06777777777777778
16592,2,0.06777777777777778
16607,2,0.0033333333333333335
16612,2,0.056277777777777774
16618,2,0.12244444444444445
16625,2,0.12244444444444445
16638,2,0.0033333333333333335
16645,2,0.235
16647,2,0.2086111111111111
16648,2,0.11686507936507937
16649,2,0.01
16650,2,0.12
16657,2,0.15666666666666668
16658,2,0.23333333333333334
16668,2,0.016666666666666666
16669,2,0.13666666666666666
16682,2,0.21166666666666667
16684,2,0.08666666666666667
16705,2,0.0033333333333333335
16707,2,0.02
16714,2,0.18266666666666664
16717,2,0.355
16719,2,0.04
16727,2,0.02
16738,2,0.016666666666666666
16744,2,0.23285714285714287
16754,2,0.11666666666666667
16756,2,0.18
16759,2,0.03
16764,2,0.03
16771,2,0.03
16775,2,0.02666666666666667
16777,2,0.05333333333333334
16785,2,0.06666666666666667
16798,2,0.04666666666666667
16806,2,0.15333333333333332
16815,2,0.08
16816,2,0.08
16819,2,0.0
16823,2,0.03666666666666667
16834,2,0.06466666666666666
16839,2,0.05333333333333334
16841,2,0.035944444444444446
16855,2,0.018333333333333333
16857,2,0.10111111111111111
16861,2,0.12666666666666668
16866,2,0.023333333333333334
16874,2,0.008333333333333333
16876,2,0.02666666666666667
16880,2,0.016666666666666666
16897,2,0.01
16899,2,0.016666666666666666
16901,2,0.07491161616161617
16907,2,0.02
16916,2,0.063
16927,2,0.06666666666666667
16928,2,0.0033333333333333335
16937,2,0.03666666666666667
16942,2,0.023333333333333334
16945,2,0.018333333333333333
16952,2,0.013333333333333334
16954,2,0.10333333333333333
16957,2,0.30879629629629635
16973,2,0.17597222222222222
16978,2,0.17333333333333334
16987,2,0.016666666666666666
16988,2,0.0033333333333333335
16993,2,0.06333333333333334
16994,2,0.01
16999,2,0.023333333333333334
17002,2,0.01
17003,2,0.02
17005,2,0.023333333333333334
17009,2,0.023333333333333334
17011,2,0.07333333333333333
17031,2,0.04666666666666667
17039,2,0.02
17054,2,0.07333333333333333
17055,2,0.06666666666666667
17066,2,0.01
17071,2,0.15666666666666668
17073,2,0.06666666666666667
17079,2,0.21666666666666667
17086,2,0.030833333333333334
17089,2,0.03666666666666667
17098,2,0.02666666666666667
17100,2,0.01903968253968254
17108,2,0.21
17115,2,0.02
17127,2,0.04277777777777778
17129,2,0.1
17135,2,0.03
17143,2,0.01
17144,2,0.07155555555555555
17147,2,0.016666666666666666
17157,2,0.09333333333333334
17164,2,0.03
17168,2,0.006666666666666667
17169,2,0.03
17178,2,0.0033333333333333335
17184,2,0.1
17189,2,0.19666666666666666
17202,2,0.05333333333333334
17206,2,0.03
17216,2,0.19
17217,2,0.2633333333333333
17219,2,0.013333333333333334
17220,2,0.1
17223,2,0.03
17227,2,0.042222222222222223
17247,2,0.07333333333333333
17258,2,0.05
17270,2,0.02
17275,2,0.04
17276,2,0.04666666666666667
17289,2,0.02
17308,2,0.11
17310,2,0.03333333333333333
17316,2,0.06333333333333334
17317,2,0.02
17333,2,0.06666666666666667
17335,2,0.013333333333333334
17349,2,0.28
17353,2,0.08
17357,2,0.016666666666666666
17360,2,0.018333333333333333
17362,2,0.016666666666666666
17363,2,0.15
17365,2,0.056666666666666664
17372,2,0.14
17373,2,0.006666666666666667
17376,2,0.6577777777777778
17380,2,0.12333333333333334
17382,2,0.06
17392,2,0.22333333333333333
17393,2,0.08666666666666667
17394,2,0.08
17396,2,0.09
17416,2,0.02666666666666667
17422,2,0.016666666666666666
17423,2,0.03833333333333333
17430,2,0.0
17453,2,0.09
17456,2,0.02277777777777778
17458,2,0.105
17461,2,0.04666666666666667
17468,2,0.02666666666666667
17471,2,0.05
17473,2,0.08666666666666667
17490,2,0.19666666666666666
17498,2,0.09
17510,2,0.02666666666666667
17513,2,0.012777777777777777
17518,2,0.17583333333333334
17519,2,0.03333333333333333
17529,2,0.07722222222222222
17538,2,0.21166666666666667
17540,2,0.09333333333333334
17543,2,0.016666666666666666
17551,2,0.0
17552,2,0.023333333333333334
17556,2,0.09
17561,2,0.02666666666666667
17566,2,0.01
17569,2,0.023333333333333334
17579,2,0.05333333333333334
17582,2,0.03333333333333333
17593,2,0.13855555555555552
17600,2,0.09333333333333334
17602,2,0.02
17604,2,0.04
17619,2,0.03333333333333333
17626,2,0.023333333333333334
17646,2,0.032
17656,2,0.041666666666666664
17657,2,0.01
17658,2,0.01
17667,2,0.09444444444444444
17669,2,0.09
17674,2,0.01
17679,2,0.05333333333333334
17686,2,0.03333333333333333
17690,2,0.3466666666666667
17693,2,0.03666666666666667
17697,2,0.08333333333333333
17699,2,0.04666666666666667
17702,2,0.04666666666666667
17704,2,0.03333333333333333
17706,2,0.08333333333333333
17708,2,0.03333333333333333
17714,2,0.1523015873015873
17738,2,0.02
17739,2,0.019
17742,2,0.023333333333333334
17757,2,0.07
17761,2,0.04
17767,2,0.0
17773,2,0.0033333333333333335
17800,2,0.04
17805,2,0.03666666666666667
17814,2,0.05333333333333334
17821,2,0.04666666666666667
17831,2,0.07333333333333333
17832,2,0.12533333333333332
17838,2,0.056666666666666664
17845,2,0.05333333333333334
17859,2,0.02666666666666667
17868,2,0.043333333333333335
17874,2,0.06
17881,2,0.07
17886,2,0.016666666666666666
17891,2,0.12333333333333334
17892,2,0.09833333333333333
17897,2,0.02
17898,2,0.05333333333333334
17900,2,0.11866666666666667
17906,2,0.03333333333333333
17907,2,0.09147619047619047
17912,2,0.02
17921,2,0.06333333333333334
17923,2,0.02
17934,2,0.08666666666666667
17943,2,0.013333333333333334
17947,2,0.38333333333333336
17963,2,0.18
17965,2,0.07833333333333334
17970,2,0.01
17977,2,0.03
17980,2,0.04666666666666667
17981,2,0.108
17986,2,0.10333333333333333
17991,2,0.03
17995,2,0.03
17997,2,0.06
18005,2,0.03333333333333333
18007,2,0.11466666666666667
18016,2,0.0525
18031,2,0.06694444444444445
18039,2,0.02
18040,2,0.07
18049,2,0.03666666666666667
18056,2,0.07
18057,2,0.04666666666666667
18058,2,0.08666666666666667
18089,2,0.043333333333333335
18092,2,0.09666666666666666
18096,2,0.0033333333333333335
18101,2,0.02
18119,2,0.09527777777777778
18120,2,0.013333333333333334
18121,2,0.04666666666666667
18124,2,0.03916666666666667
18130,2,0.02666666666666667
18140,2,0.027
18142,2,0.02
18148,2,0.17666666666666667
18156,2,0.013333333333333334
18160,2,0.0
18175,2,0.05
18194,2,0.06678571428571427
18202,2,0.01
18206,2,0.23666666666666666
18215,2,0.115
18218,2,0.06333333333333334
18219,2,0.16333333333333333
18238,2,0.01
18240,2,0.013333333333333334
18253,2,0.01888888888888889
18254,2,0.07
18256,2,0.016666666666666666
18262,2,0.05333333333333334
18273,2,0.07333333333333333
18276,2,0.023333333333333334
18277,2,0.028333333333333332
18279,2,0.04833333333333333
18285,2,0.05333333333333334
18286,2,0.04666666666666667
18290,2,0.023333333333333334
18294,2,0.59
18305,2,0.105
18310,2,0.06
18322,2,0.05
18335,2,0.03666666666666667
18345,2,0.03666666666666667
18346,2,0.16726190476190478
18350,2,0.056666666666666664
18357,2,0.02
18368,2,0.06
18370,2,0.013333333333333334
18371,2,0.0
18379,2,0.013333333333333334
18381,2,0.006666666666666667
18387,2,0.0275
18393,2,0.011666666666666667
18407,2,0.01111111111111111
18419,2,0.006666666666666667
18420,2,0.0
18421,2,0.056666666666666664
18431,2,0.06666666666666667
18436,2,0.07
18437,2,0.0033333333333333335
18451,2,0.03
18463,2,0.006666666666666667
18464,2,0.03333333333333333
18471,2,0.08
18476,2,0.0
18484,2,0.03333333333333333
18485,2,0.26416666666666666
18486,2,0.043333333333333335
18494,2,0.03666666666666667
18499,2,0.07666666666666666
18516,2,0.006666666666666667
18517,2,0.16958333333333334
18519,2,0.013333333333333334
18520,2,0.06666666666666667
18533,2,0.006666666666666667
18546,2,0.056666666666666664
18553,2,0.05333333333333334
18556,2,0.08222222222222222
18566,2,0.27304761904761915
18574,2,0.2537619047619048
18579,2,0.04666666666666667
18581,2,0.056666666666666664
18597,2,0.02666666666666667
18604,2,0.04
18605,2,0.0033333333333333335
18621,2,0.02
18623,2,0.09416666666666666
18624,2,0.05611111111111112
18636,2,0.011111111111111112
18638,2,0.0
18648,2,0.10333333333333333
18649,2,0.20333333333333334
18657,2,0.013333333333333334
18659,2,0.018333333333333333
18665,2,0.10333333333333333
18679,2,0.11449999999999998
18682,2,0.0033333333333333335
18685,2,0.006666666666666667
18689,2,0.0033333333333333335
18693,2,0.01
18697,2,0.03
18703,2,0.05
18709,2,0.0
18715,2,0.0033333333333333335
18729,2,0.01
18733,2,0.05
18734,2,0.04666666666666667
18744,2,0.016666666666666666
18745,2,0.02
18747,2,0.006666666666666667
18750,2,0.04
18752,2,0.016666666666666666
18755,2,0.03666666666666667
18757,2,0.03333333333333333
18768,2,0.06333333333333334
18771,2,0.02666666666666667
18781,2,0.023333333333333334
18783,2,0.013333333333333334
18797,2,0.006666666666666667
18800,2,0.013333333333333334
18811,2,0.07
18818,2,0.04
18819,2,0.016666666666666666
18821,2,0.013333333333333334
18823,2,0.07666666666666666
18827,2,0.02
18837,2,0.0
18839,2,0.03
18842,2,0.008333333333333333
18847,2,0.016666666666666666
18848,2,0.02666666666666667
18851,2,0.12
18853,2,0.1061111111111111
18854,2,0.06
18857,2,0.04666666666666667
18859,2,0.006666666666666667
18866,2,0.08166666666666665
18874,2,0.05
18882,2,0.21333333333333335
18887,2,0.05333333333333334
18900,2,0.07333333333333333
18917,2,0.09266666666666667
18923,2,0.06666666666666667
18929,2,0.03666666666666667
18932,2,0.05722222222222222
18933,2,0.04666666666666667
18935,2,0.03666666666666667
18939,2,0.043333333333333335
18943,2,0.05333333333333334
18946,2,0.07333333333333333
18948,2,0.0
18952,2,0.016666666666666666
18962,2,0.10527777777777778
18970,2,0.16
18971,2,0.06666666666666667
18972,2,0.03333333333333333
18981,2,0.03333333333333333
18987,2,0.016666666666666666
18991,2,0.01888888888888889
18996,2,0.03333333333333333
18998,2,0.02666666666666667
19001,2,0.2733333333333333
19009,2,0.07
19010,2,0.03666666666666667
19012,2,0.04
19020,2,0.0
19027,2,0.06666666666666667
19036,2,0.67
19041,2,0.0033333333333333335
19045,2,0.025
19046,2,0.013333333333333334
19050,2,0.10333333333333333
19051,2,0.41333333333333333
19053,2,0.03666666666666667
19061,2,0.11
19070,2,0.09
19072,2,0.056666666666666664
19076,2,0.01
19077,2,0.06
19095,2,0.08416666666666667
19096,2,0.03333333333333333
19108,2,0.06
19125,2,0.016666666666666666
19132,2,0.14
19139,2,0.12833333333333333
19151,2,0.09
19159,2,0.09666666666666666
19163,2,0.18
19168,2,0.06
19178,2,0.32
19181,2,0.04
19184,2,0.03
19185,2,0.08
19196,2,0.09
19197,2,0.15
19202,2,0.02666666666666667
19207,2,0.15
19208,2,0.01
19209,2,0.10333333333333333
19216,2,0.0
19224,2,0.0788888888888889
19233,2,0.08666666666666667
19244,2,0.0375
19255,2,0.011333333333333332
19262,2,0.0
19266,2,0.0925
19270,2,0.06666666666666667
19278,2,0.18333333333333332
19279,2,0.09833333333333333
19289,2,0.11666666666666667
19292,2,0.016666666666666666
19299,2,0.02
19303,2,0.01
19305,2,0.06666666666666667
19310,2,0.16166666666666665
19314,2,0.06
19317,2,0.13766666666666666
19328,2,0.006666666666666667
19332,2,0.02666666666666667
19338,2,0.07333333333333333
19346,2,0.016666666666666666
19347,2,0.03
19353,2,0.025
19354,2,0.0033333333333333335
19355,2,0.04
19359,2,0.06166666666666667
19360,2,0.06333333333333334
19365,2,0.035555555555555556
19379,2,0.07333333333333333
19382,2,0.24333333333333335
19390,2,0.07333333333333333
19403,2,0.17
19411,2,0.056666666666666664
19415,2,0.028888888888888895
19419,2,0.09666666666666666
19422,2,0.08666666666666667
19431,2,0.19333333333333333
19434,2,0.27666666666666667
19447,2,0.06333333333333334
19448,2,0.05333333333333334
19457,2,0.03766666666666666
19458,2,0.0
19469,2,0.23666666666666666
19477,2,0.1761111111111111
19488,2,0.21666666666666667
19493,2,0.006666666666666667
19497,2,0.0
19503,2,0.19333333333333333
19507,2,0.0
19522,2,0.016666666666666666
19542,2,0.043333333333333335
19549,2,0.01
19550,2,0.02
19554,2,0.04666666666666667
19555,2,0.02
19564,2,0.085
19568,2,0.056666666666666664
19569,2,0.008333333333333333
19576,2,0.028333333333333332
19580,2,0.023333333333333334
19590,2,0.09444444444444446
19596,2,0.0
19608,2,0.006666666666666667
19621,2,0.12333333333333334
19634,2,0.09388888888888888
19635,2,0.10694444444444445
19641,2,0.006666666666666667
19646,2,0.006666666666666667
19652,2,0.015833333333333335
19657,2,0.06666666666666667
19662,2,0.06
19685,2,0.12866666666666668
19692,2,0.06333333333333334
19693,2,0.006666666666666667
19695,2,0.11166666666666666
19714,2,0.0033333333333333335
19716,2,0.030277777777777775
19727,2,0.13799999999999998
19728,2,0.016666666666666666
19740,2,0.3102777777777778
19741,2,0.12666666666666668
19742,2,0.21444444444444447
19743,2,0.0033333333333333335
19747,2,0.023333333333333334
19754,2,0.013333333333333334
19767,2,0.07666666666666666
19773,2,0.056666666666666664
19785,2,0.08600000000000001
19800,2,0.01
19802,2,0.03666666666666667
19806,2,0.03
19810,2,0.10833333333333334
19823,2,0.01888888888888889
19829,2,0.016666666666666666
19833,2,0.056111111111111105
19835,2,0.006666666666666667
19836,2,0.0016666666666666668
19849,2,0.06666666666666667
19855,2,0.0033333333333333335
19869,2,0.01
19871,2,0.01
19874,2,0.01111111111111111
19875,2,0.009444444444444445
19880,2,0.09666666666666666
19883,2,0.016666666666666666
19894,2,0.07
19901,2,0.05
19910,2,0.0
19911,2,0.02
19918,2,0.09
19921,2,0.07444444444444444
19932,2,0.0033333333333333335
19936,2,0.009444444444444445
19938,2,0.006666666666666667
19945,2,0.075
19960,2,0.09
19964,2,0.02666666666666667
19971,2,0.0
19978,2,0.10666666666666667
19986,2,0.095
19991,2,0.08
19992,2,0.07833333333333334
19993,2,0.09
20001,2,0.3333333333333333
20002,2,0.07666666666666666
20010,2,0.17666666666666667
20020,2,0.3225
20023,2,0.07833333333333334
20025,2,0.016666666666666666
20027,2,0.023333333333333334
20035,2,0.03
20041,2,0.09888888888888889
20051,2,0.0033333333333333335
20052,2,0.03
20055,2,0.03
20063,2,0.02
20064,2,0.07100000000000001
20070,2,0.0033333333333333335
20084,2,0.09622222222222222
20091,2,0.21
20096,2,0.01
20119,2,0.1567777777777778
20120,2,0.1263333333333333
20137,2,0.02
20147,2,0.006666666666666667
20157,2,0.006666666666666667
20159,2,0.005
20168,2,0.01
20173,2,0.01
20176,2,0.2782777777777778
20179,2,0.15766666666666665
20185,2,0.02666666666666667
20189,2,0.02666666666666667
20192,2,0.02666666666666667
20237,2,0.08
20240,2,0.01
20248,2,0.006666666666666667
20252,2,0.08777777777777777
20254,2,0.03333333333333333
20258,2,0.0033333333333333335
20261,2,0.03
20265,2,0.05733333333333333
20268,2,0.016666666666666666
20270,2,0.03666666666666667
20277,2,0.007333333333333334
20280,2,0.07666666666666666
20288,2,0.21027777777777779
20291,2,0.03666666666666667
20303,2,0.13666666666666666
20305,2,0.0033333333333333335
20314,2,0.03079365079365079
20337,2,0.0033333333333333335
20339,2,0.12
20350,2,0.016666666666666666
20351,2,0.02666666666666667
20361,2,0.014444444444444444
20364,2,0.62
20367,2,0.061111111111111116
20371,2,0.0
20373,2,0.09666666666666666
20386,2,0.23
20392,2,0.027777777777777773
20393,2,0.026
20400,2,0.013333333333333334
20406,2,0.04
20416,2,0.22666666666666666
20427,2,0.043333333333333335
20433,2,0.05333333333333334
20440,2,0.04433333333333333
20441,2,0.14427777777777778
20466,2,0.07666666666666666
20476,2,0.0033333333333333335
20479,2,0.03666666666666667
20481,2,0.013333333333333334
20483,2,0.14
20484,2,0.03
20486,2,0.09333333333333334
20503,2,0.016666666666666666
20507,2,0.043333333333333335
20511,2,0.02
20518,2,0.09
20529,2,0.05
20533,2,0.08666666666666667
20568,2,0.065
20573,2,0.02666666666666667
20575,2,0.3566666666666667
20577,2,0.08
20587,2,0.056666666666666664
20598,2,0.02
20603,2,0.07
20605,2,0.0975
20606,2,0.02
20608,2,0.08333333333333333
20609,2,0.04361111111111111
20624,2,0.10333333333333333
20655,2,0.03
20663,2,0.0
20666,2,0.01
20670,2,0.04666666666666667
20672,2,0.0275
20673,2,0.026333333333333334
20674,2,0.01722222222222222
20675,2,0.016666666666666666
20681,2,0.07
20682,2,0.021666666666666667
20688,2,0.017777777777777778
20690,2,0.020555555555555556
20691,2,0.056666666666666664
20694,2,0.0
20698,2,0.01
20711,2,0.16666666666666666
20712,2,0.016666666666666666
20717,2,0.016666666666666666
20722,2,0.09666666666666666
20723,2,0.03333333333333333
20725,2,0.023333333333333334
20730,2,0.05
20732,2,0.06333333333333334
20746,2,0.006666666666666667
20759,2,0.043333333333333335
20768,2,0.013333333333333334
20772,2,0.0911111111111111
20776,2,0.01
20777,2,0.6066666666666667
20793,2,0.006666666666666667
20794,2,0.15
20795,2,0.08
20800,2,0.056666666666666664
20817,2,0.03
20819,2,0.006666666666666667
20823,2,0.043333333333333335
20830,2,0.03
20842,2,0.01111111111111111
20846,2,0.013333333333333334
20862,2,0.07
20867,2,0.08487301587301588
20874,2,0.06666666666666667
20899,2,0.055555555555555546
20911,2,0.19
20913,2,0.22333333333333333
20922,2,0.02666666666666667
20925,2,0.013333333333333334
20935,2,0.04
20949,2,0.004166666666666667
20952,2,0.01
20968,2,0.02666666666666667
20971,2,0.0
20974,2,0.0125
20993,2,0.09
20994,2,0.013333333333333334
20997,2,0.26
21001,2,0.058333333333333334
21019,2,0.03833333333333333
21024,2,0.03333333333333333
21027,2,0.006666666666666667
21031,2,0.041111111111111105
21038,2,0.006666666666666667
21044,2,0.013333333333333334
21045,2,0.08
21046,2,0.024
21049,2,0.01
21055,2,0.1
21056,2,0.0033333333333333335
21057,2,0.013333333333333334
21059,2,0.03166666666666667
21066,2,0.09666666666666666
21071,2,0.006666666666666667
21073,2,0.03
21077,2,0.03333333333333333
21080,2,0.12333333333333334
21086,2,0.006666666666666667
21091,2,0.006666666666666667
21096,2,0.13
21097,2,0.006666666666666667
21099,2,0.04
21103,2,0.09666666666666666
21109,2,0.023333333333333334
21111,2,0.03
21117,2,0.19111111111111115
21138,2,0.24666666666666667
21153,2,0.225
21154,2,0.03
21160,2,0.006666666666666667
21166,2,0.03
21169,2,0.013333333333333334
21179,2,0.045
21183,2,0.04
21191,2,0.13333333333333333
21192,2,0.05
21198,2,0.016666666666666666
21208,2,0.013333333333333334
21215,2,0.06666666666666667
21218,2,0.05333333333333334
21226,2,0.04
21238,2,0.23666666666666666
21245,2,0.03333333333333333
21247,2,0.06333333333333334
21250,2,0.03
21251,2,0.01
21275,2,0.25666666666666665
21276,2,0.08
21284,2,0.18333333333333332
21285,2,0.038214285714285715
21289,2,0.013333333333333334
21295,2,0.02666666666666667
21303,2,0.006666666666666667
21308,2,0.05333333333333334
21314,2,0.09666666666666666
21316,2,0.15666666666666668
21321,2,0.02666666666666667
21328,2,0.08
21332,2,0.03666666666666667
21333,2,0.04666666666666667
21339,2,0.13333333333333333
21340,2,0.02611111111111111
21343,2,0.10333333333333333
21344,2,0.08666666666666667
21346,2,0.0825
21355,2,0.07333333333333333
21364,2,0.021666666666666667
21365,2,0.10333333333333333
21372,2,0.10833333333333334
21375,2,0.06333333333333334
21382,2,0.11166666666666666
21385,2,0.06333333333333334
21396,2,0.05
21403,2,0.013333333333333334
21412,2,0.016666666666666666
21413,2,0.006666666666666667
21417,2,0.03166666666666667
21439,2,0.0
21454,2,0.024444444444444446
21458,2,0.02
21461,2,0.013333333333333334
21475,2,0.006666666666666667
21476,2,0.11833333333333333
21482,2,0.08444444444444445
21494,2,0.01
21504,2,0.1
21506,2,0.02
21508,2,0.013333333333333334
21509,2,0.0
21514,2,0.016666666666666666
21522,2,0.0033333333333333335
21535,2,0.02
21538,2,0.04666666666666667
21539,2,0.15666666666666668
21548,2,0.016666666666666666
21558,2,0.023333333333333334
21572,2,0.01
21575,2,0.01
21577,2,0.04
21585,2,0.010833333333333334
21594,2,0.07333333333333333
21596,2,0.007
21598,2,0.013333333333333334
21614,2,0.02666666666666667
21637,2,0.10377777777777776
21638,2,0.16833333333333333
21642,2,0.02666666666666667
21646,2,0.05376190476190477
21649,2,0.05333333333333334
21656,2,0.006666666666666667
21661,2,0.013333333333333334
21664,2,0.12
21668,2,0.006666666666666667
21670,2,0.043333333333333335
21672,2,0.03666666666666667
21673,2,0.043333333333333335
21678,2,0.01
21679,2,0.011666666666666667
21685,2,0.08666666666666667
21688,2,0.05
21689,2,0.043333333333333335
21690,2,0.06
21693,2,0.11666666666666667
21707,2,0.043333333333333335
21708,2,0.006666666666666667
21709,2,0.21
21710,2,0.05
21713,2,0.023333333333333334
21714,2,0.06805555555555555
21727,2,0.11333333333333333
21729,2,0.04666666666666667
21733,2,0.011833333333333333
21738,2,0.043333333333333335
21739,2,0.03
21752,2,0.04
21754,2,0.075
21757,2,0.016666666666666666
21763,2,0.01
21772,2,0.007222222222222222
21773,2,0.007222222222222222
21783,2,0.11333333333333333
21801,2,0.02
21809,2,0.07666666666666666
21810,2,0.0125
21813,2,0.01
21822,2,0.043333333333333335
21832,2,0.05061111111111112
21833,2,0.0
21842,2,0.011666666666666667
21846,2,0.0033333333333333335
21850,2,0.07333333333333333
21857,2,0.014166666666666666
21862,2,0.17
21874,2,0.016666666666666666
21878,2,0.016666666666666666
21896,2,0.009166666666666667
21903,2,0.06666666666666667
21907,2,0.02
21909,2,0.041666666666666664
21915,2,0.21150000000000002
21928,2,0.07063492063492063
21930,2,0.013333333333333334
21936,2,0.043333333333333335
21955,2,0.017777777777777778
21963,2,0.0033333333333333335
21964,2,0.006666666666666667
21965,2,0.05
21978,2,0.006666666666666667
21981,2,0.0033333333333333335
21987,2,0.03666666666666667
22005,2,0.08666666666666667
22023,2,0.44444444444444436
22024,2,0.023333333333333334
22030,2,0.05333333333333334
22040,2,0.28
22044,2,0.016666666666666666
22052,2,0.013333333333333334
22054,2,0.04
22066,2,0.09333333333333334
22069,2,0.06
22090,2,0.0
22095,2,0.02
22096,2,0.06
22107,2,0.06666666666666667
22110,2,0.008333333333333333
22117,2,0.09166666666666666
22120,2,0.07227777777777779
22140,2,0.025
22143,2,0.056666666666666664
22151,2,0.010555555555555556
22152,2,0.0
22155,2,0.023333333333333334
22159,2,0.023333333333333334
22176,2,0.0
22180,2,0.04
22181,2,0.06166666666666667
22195,2,0.0
22197,2,0.0
22199,2,0.056666666666666664
22204,2,0.025
22211,2,0.013333333333333334
22213,2,0.02666666666666667
22214,2,0.08666666666666667
22217,2,0.03
22226,2,0.03
22235,2,0.01
22237,2,0.023333333333333334
22238,2,0.01
22247,2,0.03
22249,2,0.031111111111111107
22253,2,0.02
22262,2,0.5666666666666667
22266,2,0.013333333333333334
22272,2,0.019444444444444445
22280,2,0.043333333333333335
22285,2,0.006666666666666667
22299,2,0.06
22301,2,0.0
22304,2,0.6433333333333333
22319,2,0.006666666666666667
22328,2,0.0
22337,2,0.0
22338,2,0.011666666666666667
22340,2,0.023333333333333334
22345,2,0.02666666666666667
22354,2,0.04666666666666667
22356,2,0.016666666666666666
22359,2,0.14333333333333334
22362,2,0.02666666666666667
22385,2,0.05466666666666666
22391,2,0.013333333333333334
22392,2,0.09
22396,2,0.021944444444444444
22410,2,0.07333333333333333
22427,2,0.02666666666666667
22431,2,0.4753968253968256
22434,2,0.043333333333333335
22440,2,0.08
22445,2,0.0025
22448,2,0.013333333333333334
22452,2,0.0025
22467,2,0.07
22472,2,0.013333333333333334
22478,2,0.025277777777777777
22483,2,0.013333333333333334
22485,2,0.03361111111111111
22492,2,0.023333333333333334
22506,2,0.22416666666666665
22515,2,0.013333333333333334
22529,2,0.05333333333333334
22533,2,0.007777777777777777
22558,2,0.0033333333333333335
22568,2,0.030555555555555555
22571,2,0.041944444444444444
22580,2,0.03333333333333333
22585,2,0.03888888888888889
22604,2,0.013333333333333334
22609,2,0.056666666666666664
22610,2,0.07666666666666666
22613,2,0.016666666666666666
22617,2,0.013333333333333334
22621,2,0.016666666666666666
22622,2,0.04
22627,2,0.02
22631,2,0.03666666666666667
22643,2,0.006666666666666667
22647,2,0.09799999999999999
22652,2,0.016666666666666666
22656,2,0.02
22659,2,0.06
22665,2,0.004166666666666667
22667,2,0.056666666666666664
22669,2,0.07333333333333333
22670,2,0.02666666666666667
22678,2,0.11666666666666667
22681,2,0.03666666666666667
22683,2,0.1829444444444444
22694,2,0.03833333333333333
22696,2,0.041944444444444444
22705,2,0.4416428571428571
22710,2,0.0016666666666666668
22720,2,0.016666666666666666
22727,2,0.041666666666666664
22734,2,0.02666666666666667
22735,2,0.07333333333333333
22736,2,0.14666666666666667
22737,2,0.14666666666666667
22739,2,0.02
22740,2,0.03333333333333333
22752,2,0.03357142857142857
22763,2,0.043333333333333335
22768,2,0.11
22770,2,0.07
22774,2,0.0225
22776,2,0.051111111111111114
22778,2,0.085
22779,2,0.0033333333333333335
22780,2,0.02361111111111111
22787,2,0.15333333333333332
22799,2,0.021111111111111112
22818,2,0.11722222222222221
22820,2,0.03
22850,2,0.09333333333333334
22851,2,0.02666666666666667
22853,2,0.07157142857142856
22861,2,0.15333333333333332
22864,2,0.006666666666666667
22865,2,0.04
22871,2,0.07194444444444444
22875,2,0.006666666666666667
22887,2,0.04666666666666667
22890,2,0.06666666666666667
22908,2,0.01
22912,2,0.013333333333333334
22919,2,0.16333333333333333
22931,2,0.09111111111111111
22945,2,0.04666666666666667
22950,2,0.11666666666666667
22954,2,0.043333333333333335
22959,2,0.01
22963,2,0.07
22966,2,0.14666666666666667
22973,2,0.044111111111111115
22980,2,0.024444444444444446
22989,2,0.3
22994,2,0.07468253968253968
22995,2,0.03333333333333333
22999,2,0.043333333333333335
23001,2,0.006666666666666667
23007,2,0.16333333333333333
23017,2,0.013333333333333334
23031,2,0.043333333333333335
23032,2,0.10333333333333333
23044,2,0.04
23063,2,0.0
23067,2,0.02666666666666667
23076,2,0.06666666666666667
23078,2,0.006666666666666667
23081,2,0.013333333333333334
23090,2,0.0
23092,2,0.02666666666666667
23113,2,0.18
23124,2,0.03333333333333333
23128,2,0.03
23134,2,0.013333333333333334
23137,2,0.04
23142,2,0.013333333333333334
23147,2,0.006666666666666667
23149,2,0.32666666666666666
23153,2,0.05944444444444444
23156,2,0.08333333333333333
23161,2,0.02666666666666667
23162,2,0.18
23167,2,0.16
23171,2,0.029333333333333336
23173,2,0.006666666666666667
23174,2,0.14666666666666667
23192,2,0.13333333333333333
23194,2,0.03333333333333333
23197,2,0.03666666666666667
23209,2,0.10666666666666667
23220,2,0.056666666666666664
23222,2,0.006666666666666667
23223,2,0.035444444444444445
23229,2,0.15333333333333332
23231,2,0.016666666666666666
23237,2,0.016666666666666666
23238,2,0.05333333333333334
23243,2,0.056666666666666664
23247,2,0.07
23254,2,0.005
23262,2,0.03666666666666667
23266,2,0.017777777777777778
23273,2,0.03333333333333333
23277,2,0.05
23292,2,0.04666666666666667
23297,2,0.016666666666666666
23298,2,0.03333333333333333
23303,2,0.3127724867724869
23313,2,0.0
23325,2,0.016666666666666666
23329,2,0.06
23336,2,0.08
23341,2,0.07
23349,2,0.006666666666666667
23351,2,0.043333333333333335
23364,2,0.006666666666666667
23366,2,0.1
23377,2,0.03666666666666667
23380,2,0.0911111111111111
23381,2,0.012222222222222221
23382,2,0.09333333333333334
23384,2,0.02666666666666667
23390,2,0.07666666666666666
23393,2,0.03
23395,2,0.03
23427,2,0.006666666666666667
23431,2,0.05333333333333334
23435,2,0.16444444444444442
23436,2,0.04666666666666667
23437,2,0.10333333333333333
23443,2,0.0033333333333333335
23448,2,0.0033333333333333335
23459,2,0.06
23475,2,0.04
23476,2,0.04
23482,2,0.10666666666666667
23495,2,0.10333333333333333
23496,2,0.0033333333333333335
23515,2,0.023333333333333334
23523,2,0.005555555555555555
23537,2,0.043333333333333335
23542,2,0.023333333333333334
23564,2,0.2
23566,2,0.043333333333333335
23568,2,0.0033333333333333335
23570,2,0.03
23580,2,0.02
23595,2,0.06
23599,2,0.006666666666666667
23613,2,0.005833333333333334
23619,2,0.006666666666666667
23622,2,0.023333333333333334
23624,2,0.0
23631,2,0.006666666666666667
23637,2,0.0033333333333333335
23638,2,0.09
23641,2,0.03666666666666667
23657,2,0.03333333333333333
23660,2,0.0
23662,2,0.0033333333333333335
23682,2,0.056666666666666664
23683,2,0.06333333333333334
23690,2,0.043333333333333335
23701,2,0.027666666666666662
23706,2,0.0033333333333333335
23708,2,0.03666666666666667
23709,2,0.056666666666666664
23717,2,0.013333333333333334
23719,2,0.01
23732,2,0.016666666666666666
23736,2,0.09666666666666666
23739,2,0.01
23744,2,0.04666666666666667
23756,2,0.03666666666666667
23759,2,0.003666666666666667
23761,2,0.0033333333333333335
23778,2,0.0
23796,2,0.04
23797,2,0.013333333333333334
23799,2,0.0
23804,2,0.06666666666666667
23807,2,0.0033333333333333335
23812,2,0.07333333333333333
23822,2,0.043333333333333335
23827,2,0.006666666666666667
23833,2,0.02666666666666667
23843,2,0.02361111111111111
23852,2,0.08
23881,2,0.020999999999999998
23883,2,0.02
23884,2,0.006666666666666667
23892,2,0.08
23896,2,0.11777777777777776
23911,2,0.013333333333333334
23930,2,0.013333333333333334
23931,2,0.028888888888888895
23939,2,0.01
23943,2,0.006666666666666667
23949,2,0.02
23951,2,0.05333333333333334
23953,2,0.04888888888888888
23958,2,0.023333333333333334
23960,2,0.01472222222222222
23962,2,0.03666666666666667
23968,2,0.022222222222222223
23992,2,0.01
24002,2,0.6866666666666666
24006,2,0.3433333333333333
24014,2,0.62
24018,2,0.44666666666666666
24020,2,0.5066666666666667
24022,2,0.76
24023,2,0.8266666666666667
24034,2,0.58
24038,2,0.45
24040,2,0.4866666666666667
24049,2,0.85
24052,2,0.6733333333333333
24059,2,0.6966666666666667
24060,2,0.6933333333333334
24074,2,0.49666666666666665
24075,2,0.37333333333333335
24081,2,0.38
24088,2,0.43
24097,2,0.29333333333333333
24105,2,0.3194444444444445
24107,2,0.27
24117,2,0.16333333333333333
24122,2,0.06
24130,2,0.043333333333333335
24131,2,0.19666666666666666
24133,2,0.0
24135,2,0.08666666666666667
24138,2,0.09666666666666666
24139,2,0.01
24151,2,0.0
24170,2,0.0
24186,2,0.006666666666666667
24204,2,0.017777777777777778
24235,2,0.04
24236,2,0.028333333333333332
24238,2,0.009444444444444443
24253,2,0.18666666666666668
24266,2,0.05
24272,2,0.056666666666666664
24285,2,0.05
24291,2,0.013333333333333334
24297,2,0.0033333333333333335
24298,2,0.016666666666666666
24299,2,0.03333333333333333
24306,2,0.010888888888888889
24316,2,0.02
24318,2,0.008888888888888889
24319,2,0.07
24322,2,0.0
24328,2,0.023333333333333334
24338,2,0.006666666666666667
24341,2,0.023333333333333334
24343,2,0.016666666666666666
24356,2,0.0033333333333333335
24375,2,0.04666666666666667
24376,2,0.02
24386,2,0.03666666666666667
24389,2,0.006666666666666667
24392,2,0.09
24393,2,0.01
24395,2,0.0033333333333333335
24396,2,0.025555555555555557
24397,2,0.08
24398,2,0.31666666666666665
24401,2,0.006666666666666667
24407,2,0.07666666666666666
24408,2,0.01
24415,2,0.06333333333333334
24424,2,0.0033333333333333335
24435,2,0.006666666666666667
24448,2,0.02
24459,2,0.04666666666666667
24475,2,0.02666666666666667
24498,2,0.042222222222222223
24499,2,0.03666666666666667
24502,2,0.013333333333333334
24507,2,0.0033333333333333335
24519,2,0.02666666666666667
24521,2,0.02
24528,2,0.0
24539,2,0.013333333333333334
24552,2,0.03
24554,2,0.016666666666666666
24557,2,0.03333333333333333
24568,2,0.023333333333333334
24593,2,0.016666666666666666
24614,2,0.03666666666666667
24615,2,0.04
24618,2,0.02666666666666667
24620,2,0.043333333333333335
24625,2,0.02666666666666667
24633,2,0.05
24643,2,0.013333333333333334
24666,2,0.11
24673,2,0.03333333333333333
24680,2,0.013333333333333334
24685,2,0.0
24697,2,0.05
24710,2,0.13666666666666666
24721,2,0.02
24726,2,0.05333333333333334
24730,2,0.016666666666666666
24732,2,0.023333333333333334
24740,2,0.22333333333333333
24744,2,0.02666666666666667
24749,2,0.006666666666666667
24787,2,0.02666666666666667
24808,2,0.023333333333333334
24810,2,0.016666666666666666
24817,2,0.11666666666666667
24818,2,0.008333333333333333
24835,2,0.032777777777777774
24845,2,0.05333333333333334
24852,2,0.0
24858,2,0.0
24861,2,0.13
24870,2,0.05
24872,2,0.015555555555555553
24878,2,0.043333333333333335
24881,2,0.03333333333333333
24882,2,0.0033333333333333335
24885,2,0.0
24887,2,0.0
24889,2,0.06
24890,2,0.01
24893,2,0.006666666666666667
24900,2,0.0
24903,2,0.025555555555555557
24926,2,0.06333333333333334
24929,2,0.63
24930,2,0.035833333333333335
24943,2,0.006666666666666667
24944,2,0.0033333333333333335
24957,2,0.0033333333333333335
24959,2,0.007333333333333334
24963,2,0.07666666666666666
24974,2,0.0033333333333333335
24980,2,0.01
24989,2,0.03
24993,2,0.016666666666666666
24995,2,0.10333333333333333
24997,2,0.01
24998,2,0.17944444444444446
25002,2,0.04
25008,2,0.018333333333333333
25017,2,0.0033333333333333335
25023,2,0.006666666666666667
25028,2,0.17333333333333334
25033,2,0.0033333333333333335
25052,2,0.06833333333333333
25068,2,0.01
25078,2,0.05
25087,2,0.0
25094,2,0.0225
25104,2,0.04583333333333333
25107,2,0.0
25115,2,0.006666666666666667
25118,2,0.09333333333333334
25126,2,0.006666666666666667
25131,2,0.37666666666666665
25140,2,0.013333333333333334
25141,2,0.10422222222222223
25144,2,0.03333333333333333
25149,2,0.0033333333333333335
25151,2,0.0
25157,2,0.016666666666666666
25158,2,0.03877777777777778
25159,2,0.0033333333333333335
25170,2,0.03333333333333333
25181,2,0.016666666666666666
25189,2,0.0
25191,2,0.01
25214,2,0.05333333333333334
25218,2,0.016666666666666666
25229,2,0.0033333333333333335
25233,2,0.0033333333333333335
25234,2,0.013333333333333334
25237,2,0.043333333333333335
25239,2,0.013333333333333334
25242,2,0.0033333333333333335
25247,2,0.013333333333333334
25256,2,0.12
25271,2,0.0033333333333333335
25275,2,0.0033333333333333335
25277,2,0.05
25294,2,0.031111111111111107
25307,2,0.03333333333333333
25308,2,0.006666666666666667
25312,2,0.05333333333333334
25321,2,0.0033333333333333335
25322,2,0.056666666666666664
25324,2,0.0033333333333333335
25331,2,0.02
25340,2,0.01
25345,2,0.023333333333333334
25353,2,0.006666666666666667
25355,2,0.016666666666666666
25357,2,0.01
25361,2,0.04666666666666667
25377,2,0.08666666666666667
25379,2,0.09366666666666666
25381,2,0.06666666666666667
25388,2,0.01
25392,2,0.08666666666666667
25402,2,0.006666666666666667
25409,2,0.08333333333333333
25420,2,0.0033333333333333335
25429,2,0.016666666666666666
25439,2,0.03833333333333333
25443,2,0.009615384615384616
25450,2,0.08583333333333333
25451,2,0.02
25453,2,0.04777777777777777
25455,2,0.006666666666666667
25464,2,0.013333333333333334
25485,2,0.013333333333333334
25499,2,0.006666666666666667
25502,2,0.05605555555555555
25521,2,0.016543650793650794
25529,2,0.009027777777777779
25531,2,0.006666666666666667
25551,2,0.3279470899470898
25572,2,0.0
25574,2,0.04666666666666667
25580,2,0.016666666666666666
25582,2,0.16333333333333333
25605,2,0.04
25606,2,0.013333333333333334
25616,2,0.006666666666666667
25618,2,0.04
25621,2,0.006666666666666667
25623,2,0.22
25628,2,0.0033333333333333335
25631,2,0.01
25635,2,0.03
25642,2,0.0
25646,2,0.05
25661,2,0.0661111111111111
25668,2,0.013333333333333334
25669,2,0.02
25676,2,0.017777777777777778
25677,2,0.06562698412698412
25680,2,0.013333333333333334
25688,2,0.005555555555555555
25705,2,0.006666666666666667
25714,2,0.7366397306397306
25734,2,0.04666666666666667
25739,2,0.016666666666666666
25740,2,0.06575
25741,2,0.10444444444444444
25747,2,0.09333333333333334
25753,2,0.044722222222222226
25774,2,0.07666666666666666
25780,2,0.01
25781,2,0.043333333333333335
25782,2,0.05
25789,2,0.013333333333333334
25790,2,0.2958492063492064
25793,2,0.07
25794,2,0.0033333333333333335
25795,2,0.02277777777777778
25798,2,0.06027777777777777
25801,2,0.10666666666666667
25803,2,0.03333333333333333
25815,2,0.12666666666666668
25832,2,0.006666666666666667
25833,2,0.08
25839,2,0.01
25843,2,0.006666666666666667
25846,2,0.08333333333333333
25853,2,0.06333333333333334
25855,2,0.03
25857,2,0.11333333333333333
25859,2,0.043333333333333335
25871,2,0.023333333333333334
25880,2,0.005333333333333334
25887,2,0.006666666666666667
25893,2,0.03666666666666667
25894,2,0.02666666666666667
25895,2,0.023333333333333334
25899,2,0.010666666666666668
25900,2,0.02
25906,2,0.056666666666666664
25910,2,0.18666666666666668
25916,2,0.043333333333333335
25922,2,0.0027777777777777775
25923,2,0.016666666666666666
25924,2,0.07
25935,2,0.01
25940,2,0.26
25942,2,0.030833333333333334
25945,2,0.023333333333333334
25954,2,0.03333333333333333
25956,2,0.04666666666666667
25958,2,0.00125
25964,2,0.015555555555555557
25974,2,0.14694444444444446
25982,2,0.08
25989,2,0.03666666666666667
26000,2,0.022222222222222223
26003,2,0.0033333333333333335
26009,2,0.11
26015,2,0.01
26028,2,0.02
26035,2,0.03333333333333333
26039,2,0.006666666666666667
26042,2,0.042083333333333334
26043,2,0.023333333333333334
26049,2,0.02
26056,2,0.04494444444444445
26061,2,0.0033333333333333335
26067,2,0.016666666666666666
26082,2,0.03333333333333333
26108,2,0.07523809523809524
26115,2,0.016666666666666666
26118,2,0.0575
26126,2,0.06166666666666667
26129,2,0.013333333333333334
26135,2,0.023333333333333334
26138,2,0.15444444444444444
26148,2,0.01
26151,2,0.02
26153,2,0.04666666666666667
26154,2,0.0033333333333333335
26167,2,0.11
26178,2,0.08333333333333333
26196,2,0.17666666666666667
26223,2,0.016666666666666666
26236,2,0.27611111111111114
26241,2,0.06504232804232804
26247,2,0.06
26248,2,0.06555555555555556
26249,2,0.06666666666666667
26255,2,0.15333333333333332
26258,2,0.043333333333333335
26272,2,0.09166666666666666
26274,2,0.12222222222222223
26279,2,0.016666666666666666
26287,2,0.006666666666666667
26288,2,0.12333333333333334
26293,2,0.04
26299,2,0.24
26302,2,0.26666666666666666
26304,2,0.07666666666666666
26305,2,0.07
26306,2,0.014444444444444447
26307,2,0.07666666666666666
26318,2,0.0
26320,2,0.055
26322,2,0.08
26325,2,0.05222222222222222
26327,2,0.020303030303030302
26328,2,0.06023809523809523
26332,2,0.13194444444444445
26333,2,0.1262843915343915
26336,2,0.12666666666666668
26352,2,0.0
26355,2,0.04666666666666667
26357,2,0.03666666666666667
26361,2,0.023333333333333334
26363,2,0.0033333333333333335
26365,2,0.06
26373,2,0.05
26375,2,0.095
26378,2,0.14
26385,2,0.15244444444444444
26392,2,0.0
26396,2,0.05333333333333334
26397,2,0.07333333333333333
26398,2,0.0033333333333333335
26399,2,0.08600000000000001
26401,2,0.009333333333333332
26411,2,0.02666666666666667
26420,2,0.023333333333333334
26426,2,0.06333333333333334
26457,2,0.03333333333333333
26463,2,0.03333333333333333
26473,2,0.02666666666666667
26485,2,0.05
26489,2,0.023333333333333334
26492,2,0.05333333333333334
26497,2,0.06
26503,2,0.0
26508,2,0.08666666666666667
26509,2,0.16844444444444442
26516,2,0.02
26517,2,0.08533333333333334
26518,2,0.17333333333333334
26519,2,0.04416666666666667
26527,2,0.1262843915343915
26532,2,0.07
26534,2,0.11333333333333333
26536,2,0.006666666666666667
26541,2,0.11666666666666667
26542,2,0.18
26548,2,0.1
26552,2,0.03333333333333333
26564,2,0.006666666666666667
26566,2,0.04666666666666667
26570,2,0.0033333333333333335
26575,2,0.07944444444444446
26578,2,0.04833333333333333
26582,2,0.043333333333333335
26583,2,0.016111111111111114
26585,2,0.13666666666666666
26592,2,0.03
26595,2,0.04666666666666667
26597,2,0.17138888888888887
26600,2,0.04
26608,2,0.013333333333333334
26613,2,0.0033333333333333335
26615,2,0.024880952380952382
26626,2,0.0033333333333333335
26627,2,0.16333333333333333
26630,2,0.09
26633,2,0.018333333333333333
26637,2,0.017861111111111112
26662,2,0.014444444444444444
26663,2,0.052
26664,2,0.03333333333333333
26671,2,0.03
26676,2,0.03
26681,2,0.025
26704,2,0.0
26707,2,0.04
26708,2,0.05
26718,2,0.03666666666666667
26719,2,0.03966666666666667
26729,2,0.02
26735,2,0.009296296296296296
26736,2,0.05191666666666667
26741,2,0.12333333333333334
26757,2,0.058333333333333334
26759,2,0.27
26780,2,0.01
26782,2,0.0033333333333333335
26807,2,0.10333333333333333
26827,2,0.03666666666666667
26831,2,0.05555555555555556
26842,2,0.023333333333333334
26844,2,0.02
26849,2,0.07
26854,2,0.021611111111111112
26857,2,0.02
26863,2,0.10694444444444443
26864,2,0.016666666666666666
26868,2,0.023333333333333334
26869,2,0.05
26870,2,0.01
26876,2,0.043333333333333335
26878,2,0.07
26882,2,0.05674074074074074
26886,2,0.32
26887,2,0.04
26888,2,0.08666666666666667
26891,2,0.09333333333333334
26896,2,0.05
26897,2,0.02733333333333333
26898,2,0.2833333333333333
26902,2,0.12666666666666668
26904,2,0.04055555555555556
26905,2,0.04
26906,2,0.02666666666666667
26920,2,0.02
26923,2,0.01
26926,2,0.0033333333333333335
26927,2,0.1391111111111111
26930,2,0.05333333333333334
26931,2,0.016666666666666666
26937,2,0.02
26942,2,0.09666666666666666
26947,2,0.05333333333333334
26948,2,0.34
26952,2,0.02
26953,2,0.023333333333333334
26961,2,0.03666666666666667
26964,2,0.01
26967,2,0.095
26974,2,0.08666666666666667
26984,2,0.006666666666666667
26995,2,0.08399999999999999
27001,2,0.049111111111111105
27003,2,0.12333333333333334
27007,2,0.0525
27032,2,0.01
27033,2,0.013333333333333334
27042,2,0.023333333333333334
27046,2,0.05
27047,2,0.07333333333333333
27051,2,0.06666666666666667
27058,2,0.08666666666666667
27071,2,0.13333333333333333
27081,2,0.013333333333333334
27082,2,0.016666666666666666
27089,2,0.05333333333333334
27090,2,0.03
27113,2,0.14666666666666667
27116,2,0.2275
27123,2,0.02
27127,2,0.0
27129,2,0.016666666666666666
27143,2,0.09
27147,2,0.049555555555555554
27168,2,0.0
27174,2,0.09333333333333334
27181,2,0.01
27183,2,0.04666666666666667
27185,2,0.048888888888888885
27191,2,0.03333333333333333
27208,2,0.0825
27225,2,0.4066666666666667
27227,2,0.07666666666666666
27234,2,0.21666666666666667
27238,2,0.0775
27241,2,0.07666666666666666
27251,2,0.013333333333333334
27258,2,0.03666666666666667
27261,2,0.0
27270,2,0.07666666666666666
27272,2,0.09227777777777778
27279,2,0.06416666666666666
27281,2,0.02
27282,2,0.1
27285,2,0.042222222222222223
27289,2,0.05333333333333334
27291,2,0.15255555555555556
27301,2,0.08633333333333333
27306,2,0.02666666666666667
27330,2,0.03666666666666667
27336,2,0.01
27339,2,0.013333333333333334
27342,2,0.4716666666666667
27354,2,0.0
27368,2,0.016666666666666666
27390,2,0.1622222222222222
27394,2,0.2816666666666667
27416,2,0.07666666666666666
27420,2,0.0033333333333333335
27424,2,0.05333333333333334
27435,2,0.060833333333333336
27446,2,0.016666666666666666
27447,2,0.13
27462,2,0.013333333333333334
27463,2,0.023333333333333334
27477,2,0.02
27483,2,0.07666666666666666
27498,2,0.15
27499,2,0.043333333333333335
27500,2,0.29531746031746037
27506,2,0.03
27509,2,0.03666666666666667
27512,2,0.08333333333333333
27516,2,0.05333333333333334
27527,2,0.006666666666666667
27537,2,0.006666666666666667
27539,2,0.25666666666666665
27552,2,0.013333333333333334
27561,2,0.0033333333333333335
27562,2,0.0033333333333333335
27566,2,0.14333333333333334
27568,2,0.02
27576,2,0.42
27577,2,0.006666666666666667
27578,2,0.1188888888888889
27583,2,0.006666666666666667
27584,2,0.02
27592,2,0.09666666666666666
27596,2,0.023333333333333334
27597,2,0.11333333333333333
27600,2,0.04861111111111111
27609,2,0.06
27623,2,0.0033333333333333335
27624,2,0.06611111111111112
27626,2,0.0033333333333333335
27634,2,0.0
27636,2,0.08022222222222221
27647,2,0.4766666666666667
27659,2,0.07666666666666666
27660,2,0.07
27662,2,0.02666666666666667
27668,2,0.0033333333333333335
27670,2,0.03333333333333333
27681,2,0.16799999999999998
27685,2,0.44666666666666666
27690,2,0.6566666666666666
27693,2,0.38666666666666666
27697,2,0.19666666666666666
27700,2,0.26166666666666666
27705,2,0.44
27707,2,0.18333333333333332
27717,2,0.13833333333333334
27722,2,0.5666666666666667
27728,2,0.6218888888888888
27729,2,0.7342777777777779
27740,2,0.3465396825396827
27762,2,0.7725
27770,2,0.5632936507936509
27782,2,0.22666666666666666
27797,2,0.35845634920634917
27801,2,0.24407407407407408
27803,2,0.20666666666666667
27810,2,0.11666666666666667
27818,2,0.11666666666666667
27820,2,0.3933333333333333
27827,2,0.46
27845,2,0.2869444444444445
27846,2,0.4266666666666667
27848,2,0.6155238095238096
27849,2,0.54
27852,2,0.21361111111111114
27861,2,0.3022222222222222
27862,2,0.3233333333333333
27867,2,0.17222222222222222
27872,2,0.5733333333333334
27876,2,0.8
27878,2,0.17666666666666667
27887,2,0.4633333333333333
27905,2,0.435
27908,2,0.2932777777777778
27911,2,0.475
27926,2,0.5416666666666666
27938,2,0.27
27960,2,0.5677777777777777
27963,2,0.30333333333333334
27965,2,0.13
27984,2,0.12
27987,2,0.12
27990,2,0.27666666666666667
27993,2,0.28444444444444444
27999,2,0.29833333333333334
28002,2,0.08
28010,2,0.19333333333333333
28026,2,0.04666666666666667
28029,2,0.11027777777777777
28037,2,0.07333333333333333
28039,2,0.1322222222222222
28041,2,0.6233333333333333
28055,2,0.20166666666666666
28059,2,0.12888888888888891
28062,2,0.16
28071,2,0.11333333333333333
28079,2,0.10666666666666667
28083,2,0.05333333333333334
28096,2,0.02666666666666667
28101,2,0.29833333333333334
28111,2,0.19111111111111112
28115,2,0.03666666666666667
28130,2,0.09
28131,2,0.2753333333333333
28134,2,0.09333333333333334
28157,2,0.11916666666666667
28158,2,0.4633333333333333
28163,2,0.016666666666666666
28168,2,0.14
28169,2,0.1
28171,2,0.043333333333333335
28181,2,0.0375
28189,2,0.31333333333333335
28190,2,0.14
28196,2,0.09
28212,2,0.5365555555555556
28217,2,0.24633333333333335
28220,2,0.5766666666666667
28225,2,0.4825
28230,2,0.12
28231,2,0.05333333333333334
28243,2,0.11966666666666666
28248,2,0.016666666666666666
28260,2,0.6433333333333333
28262,2,0.02666666666666667
28272,2,0.043333333333333335
28281,2,0.013333333333333334
28282,2,0.15666666666666668
28286,2,0.15
28296,2,0.35833333333333334
28297,2,0.28678571428571425
28301,2,0.15333333333333332
28305,2,0.18666666666666668
28307,2,0.07
28323,2,0.09666666666666666
28324,2,0.023333333333333334
28326,2,0.023333333333333334
28334,2,0.03
28337,2,0.3882857142857143
28339,2,0.19
28347,2,0.04666666666666667
28351,2,0.06333333333333334
28355,2,0.12
28356,2,0.07666666666666666
28357,2,0.11666666666666667
28360,2,0.2811111111111111
28365,2,0.1743333333333333
28370,2,0.14
28371,2,0.27666666666666667
28372,2,0.11722222222222224
28377,2,0.04
28387,2,0.23296825396825394
28390,2,0.6025
28393,2,0.08666666666666667
28394,2,0.07333333333333333
28398,2,0.22
28399,2,0.11
28400,2,0.14838888888888888
28409,2,0.2725555555555555
28420,2,0.12694444444444444
28423,2,0.4134444444444443
28426,2,0.15166666666666667
28432,2,0.42916666666666664
28437,2,0.14
28438,2,0.06333333333333334
28444,2,0.02666666666666667
28448,2,0.19666666666666666
28457,2,0.19
28460,2,0.2819444444444445
28470,2,0.3463333333333333
28478,2,0.5791666666666667
28491,2,0.44
28493,2,0.45138888888888884
28503,2,0.35333333333333333
28508,2,0.06333333333333334
28512,2,0.11833333333333333
28529,2,0.16
28530,2,0.5566666666666666
28537,2,0.13666666666666666
28540,2,0.49666666666666665
28541,2,0.06
28543,2,0.13333333333333333
28547,2,0.11333333333333333
28552,2,0.62
28554,2,0.06444444444444444
28561,2,0.02
28565,2,0.09
28571,2,0.5354444444444445
28576,2,0.085
28587,2,0.48694444444444446
28589,2,0.48333333333333334
28595,2,0.3113888888888889
28600,2,0.13333333333333333
28607,2,0.19444444444444442
28608,2,0.06333333333333334
28618,2,0.1
28619,2,0.53
28626,2,0.4533333333333333
28628,2,0.6733333333333333
28638,2,0.09333333333333334
28641,2,0.5166666666666667
28652,2,0.2
28661,2,0.1627777777777778
28668,2,0.019333333333333334
28683,2,0.06666666666666667
28688,2,0.02666666666666667
28690,2,0.20166666666666666
28715,2,0.12333333333333334
28725,2,0.56
28727,2,0.3016666666666667
28754,2,0.18333333333333332
28762,2,0.11333333333333333
28777,2,0.29333333333333333
28781,2,0.18666666666666668
28789,2,0.11666666666666667
28805,2,0.03666666666666667
28806,2,0.14333333333333334
28820,2,0.11666666666666667
28824,2,0.06333333333333334
28825,2,0.06666666666666667
28829,2,0.22333333333333333
28839,2,0.1325
28845,2,0.07888888888888888
28847,2,0.04377777777777778
28857,2,0.03
28862,2,0.12666666666666668
28866,2,0.041
28868,2,0.23328571428571426
28875,2,0.016666666666666666
28879,2,0.026
28885,2,0.0033333333333333335
28886,2,0.16
28888,2,0.043333333333333335
28906,2,0.013333333333333334
28909,2,0.04666666666666667
28912,2,0.056666666666666664
28914,2,0.08166666666666667
28917,2,0.016666666666666666
28933,2,0.21
28938,2,0.006666666666666667
28942,2,0.006666666666666667
28951,2,0.15
28952,2,0.07333333333333333
28959,2,0.06
28969,2,0.10666666666666667
28971,2,0.02
28979,2,0.47
28984,2,0.056666666666666664
28985,2,0.02
28994,2,0.023333333333333334
28996,2,0.061388888888888896
29007,2,0.21
29024,2,0.18666666666666668
29026,2,0.11666666666666667
29027,2,0.12333333333333334
29032,2,0.045
29037,2,0.16
29039,2,0.06
29042,2,0.006666666666666667
29045,2,0.15
29046,2,0.12333333333333334
29050,2,0.04666666666666667
29053,2,0.056666666666666664
29055,2,0.029444444444444447
29062,2,0.26666666666666666
29073,2,0.016666666666666666
29075,2,0.05
29078,2,0.07666666666666666
29085,2,0.13
29090,2,0.04
29091,2,0.01
29099,2,0.07333333333333333
29115,2,0.01
29121,2,0.01
29122,2,0.19
29125,2,0.02
29128,2,0.023333333333333334
29132,2,0.28
29140,2,0.0
29142,2,0.105
29150,2,0.0
29151,2,0.043333333333333335
29171,2,0.0033333333333333335
29175,2,0.016666666666666666
29179,2,0.08333333333333333
29182,2,0.013333333333333334
29194,2,0.13855555555555554
29204,2,0.03
29213,2,0.08333333333333333
29219,2,0.11666666666666667
29222,2,0.11
29234,2,0.03333333333333333
29238,2,0.42333333333333334
29244,2,0.14
29245,2,0.07
29251,2,0.02666666666666667
29257,2,0.013333333333333334
29259,2,0.04
29266,2,0.12
29269,2,0.09333333333333334
29273,2,0.16166666666666665
29277,2,0.07333333333333333
29281,2,0.20666666666666667
29294,2,0.06416666666666666
29319,2,0.013333333333333334
29324,2,0.185
29326,2,0.07
29333,2,0.0033333333333333335
29339,2,0.64
29342,2,0.02666666666666667
29352,2,0.2966666666666667
29367,2,0.05333333333333334
29377,2,0.11333333333333333
29383,2,0.49555555555555564
29392,2,0.04666666666666667
29399,2,0.12
29400,2,0.0033333333333333335
29415,2,0.3566666666666667
29424,2,0.30666666666666664
29427,2,0.06
29436,2,0.31333333333333335
29450,2,0.12
29454,2,0.0033333333333333335
29465,2,0.01
29473,2,0.08666666666666667
29474,2,0.03
29475,2,0.08666666666666667
29490,2,0.17333333333333334
29492,2,0.0
29494,2,0.006666666666666667
29495,2,0.03
29497,2,0.07
29500,2,0.03
29506,2,0.08616666666666667
29511,2,0.05333333333333334
29514,2,0.02666666666666667
29520,2,0.09666666666666666
29521,2,0.043333333333333335
29544,2,0.06666666666666667
29557,2,0.07
29560,2,0.043333333333333335
29573,2,0.07944444444444444
29576,2,0.04666666666666667
29579,2,0.0
29596,2,0.215
29601,2,0.013333333333333334
29603,2,0.05333333333333334
29605,2,0.4866666666666667
29606,2,0.016666666666666666
29607,2,0.04666666666666667
29613,2,0.0375
29614,2,0.0375
29616,2,0.43
29622,2,0.10333333333333333
29625,2,0.3466666666666667
29630,2,0.01
29633,2,0.11166666666666666
29638,2,0.11166666666666666
29649,2,0.14333333333333334
29650,2,0.2866666666666667
29656,2,0.03
29661,2,0.0
29665,2,0.03
29699,2,0.11666666666666667
29702,2,0.0033333333333333335
29717,2,0.07
29719,2,0.2113888888888889
29721,2,0.016666666666666666
29725,2,0.031111111111111107
29728,2,0.61
29731,2,0.19666666666666666
29734,2,0.03333333333333333
29741,2,0.07666666666666666
29760,2,0.15
29766,2,0.03
29771,2,0.04444444444444444
29774,2,0.006666666666666667
29775,2,0.26916666666666667
29777,2,0.02
29779,2,0.043333333333333335
29783,2,0.023333333333333334
29787,2,0.13333333333333333
29788,2,0.05333333333333334
29789,2,0.013333333333333334
29797,2,0.08333333333333333
29798,2,0.11
29801,2,0.043333333333333335
29817,2,0.05333333333333334
29821,2,0.06
29823,2,0.41933333333333334
29828,2,0.05
29830,2,0.0033333333333333335
29834,2,0.01
29835,2,0.013333333333333334
29839,2,0.05
29843,2,0.32666666666666666
29844,2,0.07333333333333333
29847,2,0.13
29851,2,0.1
29854,2,0.08333333333333333
29856,2,0.08666666666666667
29862,2,0.09666666666666666
29864,2,0.013333333333333334
29870,2,0.225
29876,2,0.04666666666666667
29878,2,0.02
29893,2,0.17666666666666667
29894,2,0.0033333333333333335
29896,2,0.05
29904,2,0.043333333333333335
29906,2,0.006666666666666667
29917,2,0.08333333333333333
29921,2,0.08
29925,2,0.32
29934,2,0.17666666666666667
29945,2,0.0033333333333333335
29947,2,0.006666666666666667
29948,2,0.01
29949,2,0.06666666666666667
29977,2,0.2
29982,2,0.20166666666666666
29984,2,0.43
29986,2,0.5566666666666666
29992,2,0.33805555555555555
29999,2,0.26666666666666666
30001,2,0.44105555555555565
30004,2,0.26
30007,2,0.44
30013,2,0.5633333333333334
30022,2,0.11277777777777777
30026,2,0.20133333333333334
30028,2,0.36916666666666664
30030,2,0.3233333333333333
30031,2,0.25666666666666665
30032,2,0.35333333333333333
30034,2,0.20844444444444446
30039,2,0.4325
30057,2,0.10900000000000001
30058,2,0.3516666666666667
30062,2,0.2683333333333333
30069,2,0.18166666666666667
30100,2,0.2833333333333333
30110,2,0.22
30116,2,0.2447222222222222
30118,2,0.20333333333333334
30119,2,0.09333333333333334
30120,2,0.1
30129,2,0.1538888888888889
30131,2,0.52
30132,2,0.79
30135,2,0.36333333333333334
30142,2,0.3433333333333333
30145,2,0.20133333333333334
30150,2,0.5233333333333333
30163,2,0.3234444444444444
30164,2,0.5784841269841269
30165,2,0.5784841269841269
30170,2,0.23333333333333334
30180,2,0.31666666666666665
30188,2,0.47
30201,2,0.42
30202,2,0.6733333333333333
30217,2,0.445
30218,2,0.03
30225,2,0.28
30226,2,0.27
30244,2,0.285
30259,2,0.05888888888888889
30262,2,0.05055555555555556
30272,2,0.45133333333333336
30274,2,0.5033333333333333
30275,2,0.3933333333333333
30281,2,0.23563492063492064
30288,2,0.43177777777777776
30289,2,0.53
30303,2,0.59
30306,2,0.5768888888888889
30312,2,0.2733333333333333
30322,2,0.1201111111111111
30331,2,0.7720238095238097
30333,2,0.33666666666666667
30336,2,0.5244444444444445
30337,2,0.31666666666666665
30346,2,0.35
30350,2,0.5433333333333333
30353,2,0.38
30355,2,0.17833333333333334
30372,2,0.56
30377,2,0.33
30378,2,0.29833333333333334
30380,2,0.7566666666666667
30382,2,0.165
30387,2,0.3383333333333333
30389,2,0.6016666666666667
30405,2,0.36
30406,2,0.23666666666666666
30412,2,0.21666666666666667
30416,2,0.3161111111111111
30417,2,0.48333333333333334
30420,2,0.27546825396825403
30424,2,0.31
30427,2,0.8333333333333334
30428,2,0.40716005291005286
30434,2,0.24
30436,2,0.18888888888888888
30440,2,0.04
30441,2,0.18333333333333332
30442,2,0.14666666666666667
30447,2,0.2633333333333333
30454,2,0.021666666666666667
30464,2,0.2633333333333333
30479,2,0.15
30492,2,0.26666666666666666
30501,2,0.44
30507,2,0.3566666666666667
30510,2,0.09333333333333334
30514,2,0.03666666666666667
30533,2,0.07
30534,2,0.07333333333333333
30536,2,0.13666666666666666
30538,2,0.22666666666666666
30545,2,0.2
30546,2,0.2633333333333333
30554,2,0.16666666666666666
30578,2,0.35
30581,2,0.24133333333333334
30582,2,0.04666666666666667
30593,2,0.22666666666666666
30605,2,0.11
30606,2,0.03333333333333333
30612,2,0.20333333333333334
30616,2,0.19666666666666666
30620,2,0.3466666666666667
30631,2,0.09333333333333334
30636,2,0.25333333333333335
30653,2,0.1
30655,2,0.06666666666666667
30656,2,0.023333333333333334
30663,2,0.07
30665,2,0.05333333333333334
30666,2,0.2076666666666667
30696,2,0.0
30710,2,0.1482222222222222
30743,2,0.29333333333333333
30746,2,0.0925
30747,2,0.02
30752,2,0.07666666666666666
30758,2,0.15783333333333335
30764,2,0.09133333333333332
30769,2,0.20666666666666667
30770,2,0.06
30775,2,0.006666666666666667
30782,2,0.09333333333333334
30783,2,0.24333333333333335
30784,2,0.07627777777777779
30794,2,0.10222222222222221
30827,2,0.0275
30839,2,0.05977777777777778
30846,2,0.02666666666666667
30864,2,0.15
30869,2,0.04666666666666667
30876,2,0.13
30881,2,0.0033333333333333335
30887,2,0.056666666666666664
30888,2,0.056666666666666664
30898,2,0.30333333333333334
30910,2,0.16222222222222224
30944,2,0.03777777777777777
30946,2,0.06666666666666667
30947,2,0.02666666666666667
30949,2,0.02
30959,2,0.03333333333333333
30963,2,0.03333333333333333
30964,2,0.05
30973,2,0.11666666666666667
30974,2,0.043333333333333335
30981,2,0.05333333333333334
30982,2,0.20166666666666666
30985,2,0.043333333333333335
30990,2,0.09333333333333334
30995,2,0.09333333333333334
31001,2,0.04416666666666667
31012,2,0.04666666666666667
31015,2,0.04
31022,2,0.49166666666666664
31026,2,0.09333333333333334
31029,2,0.02666666666666667
31031,2,0.10216666666666667
31034,2,0.04666666666666667
31041,2,0.05
31049,2,0.03333333333333333
31052,2,0.006666666666666667
31064,2,0.03666666666666667
31067,2,0.013333333333333334
31068,2,0.04
31070,2,0.043333333333333335
31079,2,0.26666666666666666
31091,2,0.013333333333333334
31102,2,0.0911111111111111
31114,2,0.04694444444444444
31116,2,0.056666666666666664
31119,2,0.013333333333333334
31121,2,0.04
31134,2,0.02666666666666667
31138,2,0.08666666666666667
31145,2,0.09
31148,2,0.3333333333333333
31152,2,0.08666666666666667
31163,2,0.03333333333333333
31173,2,0.006666666666666667
31179,2,0.04
31182,2,0.04666666666666667
31189,2,0.11666666666666667
31193,2,0.1
31196,2,0.03333333333333333
31197,2,0.04666666666666667
31198,2,0.02
31201,2,0.01
31206,2,0.013333333333333334
31207,2,0.04666666666666667
31210,2,0.021111111111111112
31218,2,0.07
31223,2,0.10333333333333333
31234,2,0.1
31261,2,0.016666666666666666
31262,2,0.0
31263,2,0.03
31265,2,0.07
31285,2,0.0
31287,2,0.15
31319,2,0.66
31329,2,0.03
31335,2,0.0
31341,2,0.01
31343,2,0.023333333333333334
31350,2,0.0
31356,2,0.0125
31360,2,0.03333333333333333
31362,2,0.01
31364,2,0.03333333333333333
31371,2,0.06666666666666667
31375,2,0.09333333333333334
31383,2,0.023333333333333334
31384,2,0.016666666666666666
31397,2,0.04
31400,2,0.09666666666666666
31408,2,0.06
31412,2,0.013333333333333334
31416,2,0.03333333333333333
31427,2,0.18666666666666668
31434,2,0.12
31439,2,0.03333333333333333
31440,2,0.08666666666666667
31443,2,0.31666666666666665
31446,2,0.031111111111111107
31460,2,0.04666666666666667
31463,2,0.03666666666666667
31482,2,0.03
31491,2,0.05
31505,2,0.14666666666666667
31510,2,0.10333333333333333
31511,2,0.023333333333333334
31512,2,0.12333333333333334
31515,2,0.13666666666666666
31517,2,0.1575
31531,2,0.07666666666666666
31534,2,0.25
31557,2,0.0033333333333333335
31559,2,0.09666666666666666
31573,2,0.01
31576,2,0.01
31592,2,0.0033333333333333335
31600,2,0.06
31622,2,0.03333333333333333
31636,2,0.05333333333333334
31641,2,0.013333333333333334
31646,2,0.05
31658,2,0.06666666666666667
31660,2,0.06333333333333334
31672,2,0.06333333333333334
31675,2,0.10333333333333333
31684,2,0.006666666666666667
31695,2,0.04666666666666667
31700,2,0.02
31703,2,0.006666666666666667
31709,2,0.07111111111111112
31714,2,0.0033333333333333335
31715,2,0.03666666666666667
31716,2,0.041888888888888885
31726,2,0.043333333333333335
31727,2,0.06333333333333334
31749,2,0.0011111111111111111
31757,2,0.04
31761,2,0.02
31767,2,0.03
31772,2,0.0033333333333333335
31775,2,0.22
31787,2,0.0
31789,2,0.0033333333333333335
31797,2,0.05333333333333334
31805,2,0.06
31821,2,0.04555555555555556
31822,2,0.03666666666666667
31824,2,0.04572222222222222
31825,2,0.03333333333333333
31855,2,0.06333333333333334
31865,2,0.016666666666666666
31879,2,0.03
31886,2,0.06333333333333334
31902,2,0.04666666666666667
31907,2,0.02
31914,2,0.02
31922,2,0.4533333333333333
31923,2,0.043333333333333335
31926,2,0.08333333333333333
31927,2,0.09
31933,2,0.01
31935,2,0.3566666666666667
31936,2,0.04
31942,2,0.016666666666666666
31971,2,0.02
31973,2,0.10333333333333333
31978,2,0.16
32006,2,0.09666666666666666
32010,2,0.14666666666666667
32012,2,0.013333333333333334
32023,2,0.0033333333333333335
32043,2,0.014666666666666668
32049,2,0.01
32051,2,0.006666666666666667
32052,2,0.006666666666666667
32060,2,0.09333333333333334
32063,2,0.04
32065,2,0.12066666666666667
32082,2,0.08
32086,2,0.043333333333333335
32088,2,0.013333333333333334
32090,2,0.05
32093,2,0.006666666666666667
32094,2,0.03333333333333333
32099,2,0.015555555555555553
32100,2,0.006666666666666667
32102,2,0.04555555555555555
32104,2,0.13
32108,2,0.265
32110,2,0.09666666666666666
32121,2,0.016666666666666666
32126,2,0.09
32131,2,0.03666666666666667
32137,2,0.6466666666666666
32138,2,0.18604761904761905
32145,2,0.023333333333333334
32157,2,0.02
32160,2,0.03666666666666667
32187,2,0.34654761904761905
32189,2,0.10333333333333333
32192,2,0.023333333333333334
32200,2,0.02
32213,2,0.06
32225,2,0.13333333333333333
32229,2,0.6040000000000001
32240,2,0.6266666666666667
32242,2,0.01
32246,2,0.03333333333333333
32252,2,0.22666666666666666
32282,2,0.07333333333333333
32283,2,0.006666666666666667
32287,2,0.15666666666666668
32291,2,0.17666666666666667
32294,2,0.08666666666666667
32298,2,0.1
32302,2,0.021666666666666667
32304,2,0.02
32306,2,0.01
32311,2,0.17455555555555557
32314,2,0.05
32329,2,0.043333333333333335
32333,2,0.07983333333333333
32335,2,0.03666666666666667
32345,2,0.0033333333333333335
32351,2,0.6583333333333333
32354,2,0.016666666666666666
32358,2,0.41833333333333333
32359,2,0.274
32374,2,0.013333333333333334
32375,2,0.02666666666666667
32388,2,0.07
32389,2,0.15333333333333332
32391,2,0.08555555555555555
32393,2,0.02
32407,2,0.19333333333333333
32416,2,0.06
32418,2,0.013333333333333334
32426,2,0.043333333333333335
32427,2,0.013333333333333334
32428,2,0.10833333333333334
32440,2,0.006666666666666667
32456,2,0.016666666666666666
32487,2,0.028888888888888888
32492,2,0.06
32495,2,0.013333333333333334
32498,2,0.02666666666666667
32506,2,0.06166666666666667
32508,2,0.061666666666666654
32528,2,0.02
32540,2,0.043333333333333335
32542,2,0.31666666666666665
32555,2,0.12166666666666667
32557,2,0.016666666666666666
32558,2,0.10666666666666667
32559,2,0.006666666666666667
32570,2,0.03333333333333333
32577,2,0.08666666666666667
32579,2,0.21333333333333335
32581,2,0.043333333333333335
32584,2,0.023333333333333334
32592,2,0.01
32612,2,0.11333333333333333
32614,2,0.07333333333333333
32619,2,0.018333333333333333
32621,2,0.6333333333333333
32636,2,0.0
32644,2,0.11666666666666667
32646,2,0.05333333333333334
32647,2,0.023333333333333334
32652,2,0.24666666666666667
32653,2,0.03
32665,2,0.11666666666666667
32666,2,0.02
32668,2,0.02
32675,2,0.07777777777777778
32700,2,0.0033333333333333335
32705,2,0.03666666666666667
32709,2,0.023333333333333334
32713,2,0.05
32714,2,0.03666666666666667
32717,2,0.023333333333333334
32720,2,0.23333333333333334
32728,2,0.3
32738,2,0.005
32768,2,0.023333333333333334
32773,2,0.13333333333333333
32796,2,0.13
32811,2,0.02
32814,2,0.06333333333333334
32825,2,0.10944444444444443
32827,2,0.19
32833,2,0.043333333333333335
32834,2,0.13
32835,2,0.10355555555555555
32840,2,0.0
32842,2,0.10333333333333333
32851,2,0.03444444444444444
32853,2,0.0033333333333333335
32865,2,0.02
32870,2,0.043333333333333335
32886,2,0.03333333333333333
32896,2,0.06666666666666667
32918,2,0.04666666666666667
32920,2,0.11
32925,2,0.04
32933,2,0.016666666666666666
32946,2,0.1688888888888889
32956,2,0.043333333333333335
32958,2,0.06333333333333334
32959,2,0.043333333333333335
32977,2,0.04
32981,2,0.09
32985,2,0.02
32990,2,0.13
32997,2,0.016666666666666666
32999,2,0.11
33001,2,0.011111111111111112
33003,2,0.023333333333333334
33009,2,0.12666666666666668
33012,2,0.02
33028,2,0.056666666666666664
33034,2,0.006666666666666667
33035,2,0.07666666666666666
33039,2,0.016666666666666666
33040,2,0.02
33049,2,0.02666666666666667
33050,2,0.051666666666666666
33055,2,0.051944444444444446
33058,2,0.06
33066,2,0.01
33077,2,0.006666666666666667
33078,2,0.006666666666666667
33082,2,0.07444444444444445
33088,2,0.07666666666666666
33089,2,0.10333333333333333
33098,2,0.03666666666666667
33100,2,0.06861111111111112
33110,2,0.0475
33111,2,0.013333333333333334
33135,2,0.05
33143,2,0.06583333333333333
33161,2,0.07333333333333333
33184,2,0.15
33190,2,0.15666666666666668
33193,2,0.13666666666666666
33205,2,0.013333333333333334
33208,2,0.04666666666666667
33214,2,0.030555555555555555
33215,2,0.043333333333333335
33216,2,0.12333333333333334
33237,2,0.32
33240,2,0.09
33242,2,0.043333333333333335
33259,2,0.10833333333333334
33265,2,0.04666666666666667
33266,2,0.0575
33284,2,0.17933333333333332
33290,2,0.07
33294,2,0.03666666666666667
33306,2,0.0
33311,2,0.4349603174603174
33315,2,0.05
33336,2,0.07333333333333333
33337,2,0.033777777777777775
33362,2,0.018000000000000002
33370,2,0.15257142857142858
33371,2,0.08666666666666667
33382,2,0.11
33384,2,0.02666666666666667
33391,2,0.041111111111111105
33407,2,0.0033333333333333335
33409,2,0.07444444444444444
33444,2,0.15
33448,2,0.03333333333333333
33449,2,0.025555555555555557
33452,2,0.25833333333333336
33453,2,0.013333333333333334
33462,2,0.09911111111111111
33468,2,0.08555555555555555
33470,2,0.035
33486,2,0.07222222222222222
33493,2,0.02
33501,2,0.11544444444444445
33504,2,0.0
33506,2,0.025
33507,2,0.2833333333333333
33512,2,0.07333333333333333
33517,2,0.07981481481481481
33522,2,0.05333333333333334
33529,2,0.056666666666666664
33530,2,0.0
33534,2,0.05944444444444444
33545,2,0.04
33564,2,0.09972222222222221
33578,2,0.09144444444444445
33584,2,0.07111111111111111
33585,2,0.04666666666666667
33593,2,0.04
33604,2,0.06666666666666667
33613,2,0.023333333333333334
33615,2,0.03
33619,2,0.05333333333333334
33621,2,0.01
33623,2,0.006666666666666667
33633,2,0.07333333333333333
33638,2,0.12077777777777778
33646,2,0.35383333333333333
33658,2,0.3233333333333333
33662,2,0.03
33680,2,0.135
33684,2,0.15833333333333333
33686,2,0.08
33691,2,0.02666666666666667
33694,2,0.02666666666666667
33698,2,0.0033333333333333335
33699,2,0.02666666666666667
33706,2,0.07333333333333333
33719,2,0.02666666666666667
33720,2,0.05333333333333334
33723,2,0.023333333333333334
33724,2,0.03
33741,2,0.02
33744,2,0.07666666666666666
33745,2,0.1525
33756,2,0.016666666666666666
33759,2,0.27
33760,2,0.1186111111111111
33777,2,0.013333333333333334
33779,2,0.016666666666666666
33792,2,0.03666666666666667
33799,2,0.13666666666666666
33801,2,0.056666666666666664
33804,2,0.17111111111111113
33805,2,0.07805555555555556
33809,2,0.09333333333333334
33824,2,0.02666666666666667
33834,2,0.03
33836,2,0.11361111111111112
33847,2,0.14666666666666667
33851,2,0.03555555555555556
33855,2,0.0033333333333333335
33857,2,0.09333333333333334
33860,2,0.0033333333333333335
33871,2,0.03333333333333333
33872,2,0.07
33879,2,0.023333333333333334
33880,2,0.06
33882,2,0.03
33889,2,0.08
33890,2,0.013333333333333334
33898,2,0.0033333333333333335
33915,2,0.013333333333333334
33959,2,0.48
33960,2,0.20666666666666667
33961,2,0.03666666666666667
34012,2,0.24222222222222223
34016,2,0.49416666666666664
34018,2,0.0033333333333333335
34022,2,0.05333333333333334
34024,2,0.06333333333333334
34026,2,0.02666666666666667
34036,2,0.03333333333333333
34038,2,0.10533333333333333
34041,2,0.07
34045,2,0.02
34048,2,0.2833333333333333
34052,2,0.14416666666666667
34060,2,0.08
34067,2,0.66
34087,2,0.02666666666666667
34090,2,0.06333333333333334
34096,2,0.06666666666666667
34101,2,0.055
34104,2,0.11333333333333333
34107,2,0.13416666666666666
34110,2,0.07
34113,2,0.13333333333333333
34114,2,0.021111111111111112
34126,2,0.05
34128,2,0.02
34146,2,0.06166666666666667
34149,2,0.08
34153,2,0.14333333333333334
34154,2,0.06666666666666667
34159,2,0.06666666666666667
34175,2,0.15333333333333332
34178,2,0.23666666666666666
34180,2,0.03666666666666667
34185,2,0.09
34207,2,0.013333333333333334
34215,2,0.02
34220,2,0.10666666666666667
34225,2,0.07666666666666666
34231,2,0.013333333333333334
34234,2,0.042222222222222223
34246,2,0.11444444444444443
34247,2,0.05
34249,2,0.043333333333333335
34250,2,0.04
34261,2,0.04
34263,2,0.16022222222222224
34269,2,0.04115873015873016
34274,2,0.07
34282,2,0.0033333333333333335
34285,2,0.1
34286,2,0.10666666666666667
34288,2,0.023333333333333334
34291,2,0.02
34297,2,0.03666666666666667
34298,2,0.25333333333333335
34302,2,0.08
34307,2,0.1
34309,2,0.10888888888888888
34321,2,0.21784126984126984
34324,2,0.013333333333333334
34329,2,0.43666666666666665
34343,2,0.0075
34354,2,0.06361111111111112
34362,2,0.04666666666666667
34375,2,0.006666666666666667
34376,2,0.0325
34381,2,0.06
34387,2,0.07666666666666666
34390,2,0.06333333333333334
34391,2,0.03333333333333333
34404,2,0.0635
34408,2,0.09
34417,2,0.27666666666666667
34425,2,0.06916666666666667
34426,2,0.24333333333333335
34428,2,0.043333333333333335
34431,2,0.03333333333333333
34438,2,0.12666666666666668
34441,2,0.02666666666666667
34444,2,0.10472222222222222
34452,2,0.014166666666666666
34456,2,0.10472222222222222
34466,2,0.01
34471,2,0.03333333333333333
34480,2,0.0911111111111111
34484,2,0.19333333333333333
34492,2,0.07
34493,2,0.03666666666666667
34498,2,0.08222222222222222
34501,2,0.02
34502,2,0.0
34505,2,0.05055555555555556
34509,2,0.04
34518,2,0.015833333333333335
34525,2,0.04666666666666667
34542,2,0.06
34558,2,0.07
34560,2,0.2733333333333333
34563,2,0.02
34572,2,0.09
34573,2,0.006666666666666667
34600,2,0.03333333333333333
34606,2,0.04
34629,2,0.03222222222222223
34633,2,0.23333333333333334
34634,2,0.03
34638,2,0.09666666666666666
34644,2,0.09
34646,2,0.02
34657,2,0.03666666666666667
34659,2,0.07333333333333333
34663,2,0.04266666666666667
34668,2,0.13
34671,2,0.055
34685,2,0.075
34690,2,0.07666666666666666
34692,2,0.07666666666666666
34705,2,0.03666666666666667
34706,2,0.2754999999999999
34711,2,0.11333333333333333
34715,2,0.04666666666666667
34740,2,0.16916666666666666
34747,2,0.013333333333333334
34756,2,0.031111111111111107
34758,2,0.02
34762,2,0.06722222222222221
34765,2,0.04666666666666667
34773,2,0.13666666666666666
34780,2,0.013333333333333334
34785,2,0.013333333333333334
34786,2,0.056666666666666664
34788,2,0.023333333333333334
34797,2,0.25
34801,2,0.09333333333333334
34807,2,0.20333333333333334
34816,2,0.03666666666666667
34819,2,0.17333333333333334
34836,2,0.16666666666666666
34849,2,0.05
34857,2,0.21666666666666667
34860,2,0.4216666666666667
34865,2,0.03
34874,2,0.21666666666666667
34877,2,0.056666666666666664
34886,2,0.041111111111111105
34891,2,0.09333333333333334
34892,2,0.1061111111111111
34894,2,0.056666666666666664
34901,2,0.015555555555555553
34905,2,0.10333333333333333
34909,2,0.20666666666666667
34913,2,0.09666666666666666
34939,2,0.21333333333333335
34944,2,0.006666666666666667
34953,2,0.056666666666666664
34956,2,0.13666666666666666
34960,2,0.16
34972,2,0.013333333333333334
34980,2,0.05333333333333334
34987,2,0.19
35001,2,0.04
35002,2,0.30333333333333334
35007,2,0.18333333333333332
35022,2,0.025833333333333333
35023,2,0.05833333333333335
35034,2,0.22
35035,2,0.21
35044,2,0.02
35045,2,0.06333333333333334
35046,2,0.09
35049,2,0.014166666666666666
35053,2,0.0033333333333333335
35056,2,0.07333333333333333
35064,2,0.12
35069,2,0.09666666666666666
35077,2,0.011666666666666667
35081,2,0.09
35086,2,0.06
35087,2,0.10333333333333333
35105,2,0.055
35108,2,0.08
35112,2,0.058333333333333334
35126,2,0.01
35131,2,0.09
35137,2,0.07333333333333333
35147,2,0.09333333333333334
35151,2,0.11333333333333333
35153,2,0.26666666666666666
35173,2,0.24666666666666667
35177,2,0.16333333333333333
35178,2,0.016666666666666666
35184,2,0.07555555555555556
35189,2,0.06666666666666667
35190,2,0.6133333333333333
35191,2,0.01
35198,2,0.21333333333333335
35208,2,0.02666666666666667
35210,2,0.05333333333333334
35212,2,0.26666666666666666
35225,2,0.02
35228,2,0.31333333333333335
35229,2,0.08555555555555557
35246,2,0.05
35248,2,0.09333333333333334
35250,2,0.5866666666666667
35253,2,0.2108888888888889
35268,2,0.14333333333333334
35273,2,0.06
35276,2,0.09333333333333334
35284,2,0.04
35296,2,0.032777777777777774
35300,2,0.4633333333333333
35305,2,0.1325
35306,2,0.11555555555555555
35315,2,0.08666666666666667
35318,2,0.03333333333333333
35326,2,0.09666666666666666
35330,2,0.14388888888888887
35331,2,0.07166666666666667
35333,2,0.04
35337,2,0.023333333333333334
35338,2,0.1
35349,2,0.18
35360,2,0.14162698412698413
35379,2,0.13333333333333333
35380,2,0.02666666666666667
35381,2,0.04
35398,2,0.06577777777777778
35404,2,0.1248888888888889
35412,2,0.16
35413,2,0.006666666666666667
35416,2,0.06333333333333334
35428,2,0.14055555555555557
35430,2,0.03666666666666667
35441,2,0.37666666666666665
35448,2,0.18666666666666668
35449,2,0.05333333333333334
35452,2,0.03333333333333333
35464,2,0.06666666666666667
35468,2,0.043333333333333335
35480,2,0.17666666666666667
35489,2,0.10666666666666667
35491,2,0.04
35496,2,0.03
35506,2,0.19666666666666666
35510,2,0.008888888888888889
35512,2,0.05933333333333332
35517,2,0.18833333333333332
35521,2,0.03333333333333333
35528,2,0.0825
35540,2,0.04583333333333333
35544,2,0.04
35549,2,0.01
35553,2,0.01
35566,2,0.13333333333333333
35568,2,0.04666666666666667
35581,2,0.08
35585,2,0.02
35591,2,0.5133333333333333
35595,2,0.13
35596,2,0.22333333333333333
35604,2,0.03166666666666667
35606,2,0.03666666666666667
35608,2,0.01
35618,2,0.08333333333333333
35622,2,0.12666666666666668
35629,2,0.0033333333333333335
35631,2,0.04666666666666667
35635,2,0.13666666666666666
35638,2,0.020555555555555553
35643,2,0.08333333333333333
35649,2,0.06
35651,2,0.056666666666666664
35658,2,0.01
35670,2,0.07666666666666666
35671,2,0.0
35675,2,0.06822222222222223
35676,2,0.11666666666666667
35688,2,0.1
35690,2,0.23666666666666666
35692,2,0.04666666666666667
35699,2,0.03666666666666667
35701,2,0.09666666666666666
35703,2,0.09333333333333334
35709,2,0.0675
35716,2,0.08333333333333333
35726,2,0.14033333333333334
35728,2,0.030833333333333334
35737,2,0.09
35763,2,0.21888888888888886
35766,2,0.023333333333333334
35772,2,0.013333333333333334
35776,2,0.03311111111111111
35787,2,0.021111111111111112
35809,2,0.01
35811,2,0.18333333333333332
35814,2,0.043333333333333335
35818,2,0.043333333333333335
35820,2,0.07666666666666666
35825,2,0.08666666666666667
35827,2,0.11166666666666666
35832,2,0.09666666666666666
35833,2,0.09
35838,2,0.2966666666666667
35839,2,0.24333333333333335
35844,2,0.11666666666666667
35845,2,0.11666666666666667
35847,2,0.07333333333333333
35848,2,0.14
35869,2,0.10333333333333333
35876,2,0.10666666666666667
35877,2,0.07
35879,2,0.08
35886,2,0.34
35918,2,0.075
35926,2,0.09
35934,2,0.21333333333333335
35935,2,0.03888888888888889
35940,2,0.33666666666666667
35951,2,0.15666666666666668
35953,2,0.14666666666666667
35955,2,0.13
35958,2,0.05333333333333334
35962,2,0.13
35975,2,0.7666666666666667
35986,2,0.19
36000,2,0.3333333333333333
36022,2,0.02
36023,2,0.36
36043,2,0.29
36049,2,0.23
36056,2,0.3933333333333333
36061,2,0.63
36062,2,0.5
36063,2,0.05777777777777779
36066,2,0.33666666666666667
36069,2,0.056666666666666664
36076,2,0.006666666666666667
36083,2,0.25333333333333335
36092,2,0.15222222222222223
36094,2,0.07666666666666666
36096,2,0.3274444444444445
36108,2,0.17
36111,2,0.2599444444444444
36112,2,0.105
36134,2,0.07333333333333333
36141,2,0.07333333333333333
36142,2,0.4866666666666667
36152,2,0.5066666666666667
36158,2,0.015555555555555557
36182,2,0.023333333333333334
36188,2,0.4666666666666667
36197,2,0.04
36209,2,0.04666666666666667
36215,2,0.19111111111111112
36224,2,0.7446666666666667
36229,2,0.19666666666666666
36232,2,0.15333333333333332
36243,2,0.38166666666666665
36244,2,0.24
36251,2,0.33
36258,2,0.16666666666666666
36259,2,0.7333333333333333
36260,2,0.3522222222222222
36267,2,0.39
36279,2,0.3333333333333333
36281,2,0.49666666666666665
36283,2,0.20666666666666667
36305,2,0.6233333333333333
36311,2,0.19
36315,2,0.35333333333333333
36316,2,0.24333333333333335
36325,2,0.37333333333333335
36342,2,0.7366666666666667
36343,2,0.35333333333333333
36345,2,0.7066666666666667
36356,2,0.55
36357,2,0.19333333333333333
36366,2,0.31666666666666665
36382,2,0.46
36388,2,0.15
36397,2,0.18
36408,2,0.37333333333333335
36412,2,0.2966666666666667
36413,2,0.5741666666666667
36417,2,0.39
36435,2,0.16755555555555554
36437,2,0.21666666666666667
36442,2,0.5466666666666666
36457,2,0.6933333333333334
36462,2,0.44333333333333336
36466,2,0.16083333333333333
36470,2,0.7152777777777778
36471,2,0.3333333333333333
36481,2,0.3466666666666667
36497,2,0.6052777777777778
36514,2,0.6452777777777778
36520,2,0.21333333333333335
36521,2,0.3933333333333333
36526,2,0.2737301587301587
36528,2,0.04
36535,2,0.17
36539,2,0.458611111111111
36541,2,0.38666666666666666
36563,2,0.5616666666666666
36571,2,0.42
36577,2,0.0953968253968254
36578,2,0.20333333333333334
36583,2,0.6333333333333333
36589,2,0.6166666666666667
36592,2,0.2833333333333333
36611,2,0.78
36616,2,0.44
36625,2,0.335
36643,2,0.35
36660,2,0.7
36667,2,0.25
36678,2,0.4647777777777778
36680,2,0.3933333333333333
36695,2,0.3377777777777778
36697,2,0.48
36699,2,0.7166666666666667
36708,2,0.4066666666666667
36709,2,0.2702777777777778
36716,2,0.6133333333333333
36720,2,0.798
36724,2,0.69
36726,2,0.2633333333333333
36729,2,0.5733333333333334
36730,2,0.49666666666666665
36731,2,0.4533333333333333
36735,2,0.27
36743,2,0.44333333333333336
36745,2,0.19666666666666666
36748,2,0.39666666666666667
36757,2,0.22333333333333333
36765,2,0.24333333333333335
36769,2,0.43
36779,2,0.6066666666666667
36788,2,0.3433333333333333
36793,2,0.5066666666666667
36798,2,0.21333333333333335
36801,2,0.44166666666666665
36804,2,0.13666666666666666
36814,2,0.29333333333333333
36815,2,0.49805555555555553
36821,2,0.49333333333333335
36827,2,0.17333333333333334
36830,2,0.39
36832,2,0.20666666666666667
36841,2,0.15666666666666668
36851,2,0.08666666666666667
36854,2,0.13
36863,2,0.24333333333333335
36873,2,0.2
36879,2,0.4066666666666667
36900,2,0.36666666666666664
36901,2,0.19666666666666666
36907,2,0.20666666666666667
36913,2,0.16333333333333333
36917,2,0.16333333333333333
36927,2,0.25333333333333335
36935,2,0.34
36937,2,0.32
36940,2,0.58
36944,2,0.5958333333333333
36952,2,0.16666666666666666
36955,2,0.5866666666666667
36961,2,0.34222222222222226
36965,2,0.17
36972,2,0.31
36974,2,0.15
36978,2,0.23722222222222225
36991,2,0.4744444444444444
36995,2,0.345
36998,2,0.5833333333333334
37007,2,0.2833333333333333
37017,2,0.1511111111111111
37018,2,0.15333333333333332
37021,2,0.5966666666666667
37022,2,0.2633333333333333
37031,2,0.10416666666666667
37039,2,0.32666666666666666
37046,2,0.2525
37063,2,0.2833333333333333
37065,2,0.42333333333333334
37068,2,0.5508333333333333
37071,2,0.32083333333333336
37072,2,0.24333333333333335
37082,2,0.2916666666666667
37096,2,0.265
37100,2,0.4
37115,2,0.42333333333333334
37119,2,0.19055555555555556
37122,2,0.2982222222222222
37127,2,0.23216666666666663
37128,2,0.4
37148,2,0.22555555555555554
37152,2,0.3463888888888889
37154,2,0.49
37170,2,0.365
37171,2,0.125
37172,2,0.10666666666666667
37184,2,0.14722222222222223
37202,2,0.08333333333333333
37211,2,0.03666666666666667
37223,2,0.20666666666666667
37231,2,0.15
37234,2,0.7
37237,2,0.6233333333333333
37249,2,0.22333333333333333
37250,2,0.11594444444444443
37253,2,0.19333333333333333
37256,2,0.23666666666666666
37258,2,0.42
37265,2,0.6535555555555556
37273,2,0.215
37284,2,0.14
37300,2,0.17333333333333334
37303,2,0.24037037037037035
37315,2,0.1311111111111111
37318,2,0.23888888888888885
37326,2,0.49833333333333335
37342,2,0.14666666666666667
37344,2,0.40111111111111114
37347,2,0.13666666666666666
37355,2,0.49
37361,2,0.7333333333333333
37363,2,0.31083333333333335
37370,2,0.12333333333333334
37385,2,0.16333333333333333
37400,2,0.6133333333333333
37407,2,0.09333333333333334
37422,2,0.15
37430,2,0.17666666666666667
37434,2,0.44333333333333336
37435,2,0.30333333333333334
37440,2,0.42
37450,2,0.21
37466,2,0.47
37467,2,0.1925
37470,2,0.3333333333333333
37476,2,0.49
37478,2,0.21
37489,2,0.3233333333333333
37492,2,0.21888888888888886
37494,2,0.09777777777777778
37497,2,0.2916666666666667
37502,2,0.14777777777777776
37504,2,0.24555555555555553
37508,2,0.33666666666666667
37512,2,0.5466666666666666
37516,2,0.34
37524,2,0.38666666666666666
37531,2,0.5928888888888888
37537,2,0.3466666666666667
37544,2,0.48
37552,2,0.08666666666666667
37555,2,0.6533333333333333
37557,2,0.07888888888888888
37568,2,0.3383333333333333
37570,2,0.4216666666666667
37571,2,0.3161111111111111
37581,2,0.8266666666666667
37597,2,0.6066666666666667
37600,2,0.05416666666666667
37602,2,0.11
37604,2,0.11
37605,2,0.25388888888888883
37612,2,0.45166666666666666
37627,2,0.66
37630,2,0.5266666666666666
37637,2,0.4425
37650,2,0.41555555555555557
37664,2,0.2273333333333334
37672,2,0.16666666666666666
37675,2,0.76
37679,2,0.10666666666666667
37680,2,0.18055555555555555
37682,2,0.17666666666666667
37684,2,0.3138888888888889
37685,2,0.5001111111111112
37694,2,0.22599999999999998
37699,2,0.3333333333333333
37705,2,0.5494444444444444
37713,2,0.6866666666666666
37715,2,0.36
37736,2,0.2833333333333333
37738,2,0.8733333333333333
37747,2,0.6266666666666667
37748,2,0.26833333333333337
37751,2,0.20477777777777775
37759,2,0.27666666666666667
37765,2,0.3566666666666667
37771,2,0.13166666666666665
37774,2,0.04666666666666667
37782,2,0.225
37802,2,0.45888888888888896
37805,2,0.64
37809,2,0.69
37810,2,0.37666666666666665
37811,2,0.23833333333333334
37816,2,0.29833333333333334
37819,2,0.8133333333333334
37826,2,0.23428571428571426
37842,2,0.32261904761904764
37843,2,0.12933333333333333
37855,2,0.27666666666666667
37864,2,0.514
37865,2,0.2966666666666667
37874,2,0.37583333333333335
37898,2,0.28
37900,2,0.17888888888888888
37912,2,0.39
37922,2,0.24661111111111111
37925,2,0.5
37935,2,0.2
37937,2,0.25
37942,2,0.43633333333333324
37949,2,0.35533333333333333
37958,2,0.3303333333333333
37963,2,0.345
37964,2,0.29833333333333334
37965,2,0.3233333333333333
37967,2,0.365
37969,2,0.645
37970,2,0.77
37972,2,0.2544444444444445
37973,2,0.12983333333333336
37977,2,0.32405555555555554
37988,2,0.24333333333333335
37992,2,0.2811111111111111
37994,2,0.6666666666666666
38004,2,0.68
38017,2,0.3
38019,2,0.42
38023,2,0.2833333333333333
38025,2,0.5943888888888889
38027,2,0.47333333333333333
38032,2,0.31777777777777777
38034,2,0.6766666666666666
38043,2,0.2546666666666667
38047,2,0.6833333333333333
38053,2,0.57
38055,2,0.32416666666666666
38056,2,0.3433333333333333
38058,2,0.3155555555555556
38059,2,0.5775
38060,2,0.2447063492063492
38063,2,0.62
38071,2,0.64
38080,2,0.4755555555555556
38081,2,0.44333333333333336
38087,2,0.7666666666666667
38090,2,0.5505
38098,2,0.30666666666666664
38101,2,0.17666666666666667
38104,2,0.22888888888888886
38114,2,0.73
38122,2,0.17
38128,2,0.59
38131,2,0.3103174603174603
38133,2,0.18666666666666668
38136,2,0.23666666666666666
38138,2,0.5866666666666667
38144,2,0.605
38145,2,0.23583333333333334
38148,2,0.6466666666666666
38153,2,0.6766666666666666
38154,2,0.7666666666666667
38168,2,0.37333333333333335
38177,2,0.4866666666666667
38184,2,0.16111111111111112
38185,2,0.22555555555555554
38186,2,0.5377777777777777
38202,2,0.4008888888888888
38209,2,0.7766666666666666
38214,2,0.72
38228,2,0.17333333333333334
38229,2,0.2358888888888889
38232,2,0.2725
38234,2,0.5422222222222223
38247,2,0.5624444444444445
38249,2,0.14
38254,2,0.2683333333333333
38265,2,0.075
38273,2,0.35800000000000004
38276,2,0.17555555555555555
38278,2,0.68
38279,2,0.3788888888888889
38280,2,0.28
38283,2,0.6566666666666666
38285,2,0.44333333333333336
38290,2,0.38333333333333336
38298,2,0.4675
38308,2,0.18888888888888886
38311,2,0.07666666666666666
38320,2,0.4166666666666667
38321,2,0.5425
38325,2,0.49666666666666665
38326,2,0.34
38327,2,0.6566666666666666
38329,2,0.2966666666666667
38333,2,0.74
38340,2,0.32
38352,2,0.6766666666666666
38357,2,0.24666666666666667
38360,2,0.48
38363,2,0.3175
38387,2,0.53
38389,2,0.5074444444444445
38394,2,0.8133333333333334
38396,2,0.2866666666666667
38402,2,0.47333333333333333
38405,2,0.86
38412,2,0.25
38421,2,0.26
38435,2,0.42333333333333334
38437,2,0.5633333333333334
38438,2,0.8466666666666667
38441,2,0.37666666666666665
38462,2,0.66
38469,2,0.09333333333333334
38471,2,0.4255555555555556
38478,2,0.205
38485,2,0.5719444444444445
38487,2,0.69
38489,2,0.6
38491,2,0.73
38504,2,0.5719444444444445
38505,2,0.7133333333333334
38506,2,0.6433333333333333
38510,2,0.20333333333333334
38513,2,0.43333333333333335
38526,2,0.30333333333333334
38529,2,0.23166666666666666
38531,2,0.3433333333333333
38534,2,0.3433333333333333
38551,2,0.591111111111111
38562,2,0.611111111111111
38565,2,0.5411111111111111
38567,2,0.4625555555555555
38573,2,0.5888888888888889
38576,2,0.5344444444444444
38582,2,0.25
38586,2,0.5091666666666667
38596,2,0.48922222222222217
38602,2,0.36333333333333334
38607,2,0.2838888888888889
38608,2,0.2633333333333333
38613,2,0.20333333333333334
38614,2,0.245
38616,2,0.4666666666666667
38627,2,0.13333333333333333
38630,2,0.15666666666666668
38639,2,0.43666666666666665
38649,2,0.5633333333333334
38658,2,0.20333333333333334
38659,2,0.19333333333333333
38661,2,0.28841269841269845
38664,2,0.28611111111111115
38671,2,0.33166666666666667
38675,2,0.27
38679,2,0.6766666666666666
38708,2,0.48100000000000004
38711,2,0.8
38714,2,0.6583333333333333
38715,2,0.9133333333333333
38736,2,0.33
38742,2,0.5366666666666666
38758,2,0.58
38764,2,0.7358333333333333
38765,2,0.8495238095238096
38766,2,0.5566666666666666
38779,2,0.3788888888888889
38788,2,0.7633333333333333
38792,2,0.22333333333333333
38796,2,0.74
38798,2,0.8166666666666667
38801,2,0.5933333333333334
38807,2,0.355
38811,2,0.5505555555555556
38816,2,0.3466666666666667
38818,2,0.41444444444444445
38819,2,0.6583333333333333
38828,2,0.79
38835,2,0.6233333333333333
38840,2,0.55
38845,2,0.42
38853,2,0.5266666666666666
38881,2,0.31666666666666665
38887,2,0.2619444444444445
38891,2,0.8133333333333334
38893,2,0.4633333333333333
38901,2,0.6633333333333333
38907,2,0.7
38916,2,0.29
38927,2,0.6866666666666666
38936,2,0.6688888888888889
38940,2,0.37
38945,2,0.2966666666666667
38946,2,0.3466666666666667
38948,2,0.22333333333333333
38949,2,0.43666666666666665
38952,2,0.49333333333333335
38955,2,0.385
38967,2,0.6233333333333333
38971,2,0.3433333333333333
38984,2,0.29
38996,2,0.34
39011,2,0.32666666666666666
39020,2,0.5025
39028,2,0.4630555555555556
39031,2,0.4805555555555556
39032,2,0.5191666666666667
39037,2,0.7066666666666667
39038,2,0.30666666666666664
39046,2,0.7666666666666667
39047,2,0.7080000000000001
39051,2,0.45777777777777773
39054,2,0.41833333333333333
39057,2,0.5341349206349207
39065,2,0.37333333333333335
39091,2,0.6888888888888889
39102,2,0.5277777777777778
39128,2,0.38333333333333336
39137,2,0.4266666666666667
39139,2,0.62
39143,2,0.308
39149,2,0.37583333333333335
39150,2,0.4266666666666667
39166,2,0.5472222222222222
39167,2,0.5566666666666666
39180,2,0.9566666666666667
39181,2,0.6
39189,2,0.28444444444444444
39200,2,0.31666666666666665
39201,2,0.41583333333333333
39202,2,0.43166666666666664
39226,2,0.9533333333333334
39228,2,0.8733333333333333
39238,2,0.4866666666666667
39244,2,0.7666666666666667
39249,2,0.8433333333333334
39253,2,0.4008333333333333
39264,2,0.2966666666666667
39284,2,0.6866666666666666
39288,2,0.4275
39290,2,0.35749999999999993
39305,2,0.7866666666666666
39306,2,0.30666666666666664
39318,2,0.3111111111111111
39319,2,0.18666666666666668
39322,2,0.7266666666666667
39323,2,0.7933333333333333
39339,2,0.791611111111111
39348,2,0.8633333333333333
39356,2,0.6666666666666667
39367,2,0.09555555555555556
39381,2,0.4266666666666667
39383,2,0.3931666666666666
39386,2,0.57
39400,2,0.5833333333333334
39401,2,0.26
39414,2,0.25
39431,2,0.10911111111111112
39432,2,0.43
39433,2,0.5
39452,2,0.5566666666666666
39454,2,0.6766666666666666
39457,2,0.8166666666666667
39458,2,0.36666666666666664
39461,2,0.5766666666666667
39472,2,0.5433333333333333
39484,2,0.4141666666666667
39493,2,0.47833333333333333
39499,2,0.7666666666666667
39502,2,0.5233333333333333
39505,2,0.76
39517,2,0.17
39528,2,0.11833333333333333
39550,2,0.22333333333333333
39558,2,0.7266666666666667
39569,2,0.7133333333333334
39572,2,0.6533333333333333
39582,2,0.5944444444444443
39594,2,0.6266666666666667
39605,2,0.8966666666666666
39606,2,0.71
39608,2,0.8133333333333334
39609,2,0.38
39614,2,0.9433333333333334
39622,2,0.36666666666666664
39632,2,0.17733333333333334
39643,2,0.7457142857142858
39644,2,0.8457142857142858
39649,2,0.5832142857142858
39657,2,0.9133333333333333
39664,2,0.9866666666666667
39667,2,0.5733333333333334
39671,2,0.24
39672,2,0.14666666666666667
39675,2,0.77
39683,2,0.41333333333333333
39687,2,0.37666666666666665
39694,2,0.33666666666666667
39698,2,0.45
39703,2,0.43666666666666665
39706,2,0.2633333333333333
39707,2,0.20333333333333334
39712,2,0.375
39716,2,0.5
39719,2,0.87
39728,2,0.6933333333333334
39729,2,0.7633333333333333
39741,2,0.2422222222222222
39748,2,0.24666666666666667
39758,2,0.31
39760,2,0.6066666666666667
39764,2,0.66
39780,2,0.2872222222222222
39785,2,0.45
39794,2,0.023333333333333334
39802,2,0.87
39805,2,0.37
39806,2,0.8266666666666667
39807,2,0.8033333333333333
39808,2,0.46
39822,2,0.6066666666666667
39828,2,0.86
39829,2,0.78
39839,2,0.03666666666666667
39840,2,0.41833333333333333
39842,2,0.6266666666666667
39846,2,0.82
39850,2,0.32
39885,2,0.5233333333333333
39891,2,0.5766666666666667
39896,2,0.6133333333333333
39899,2,0.8533333333333334
39904,2,0.2833333333333333
39905,2,0.66
39922,2,0.3933333333333333
39927,2,0.44
39942,2,0.3933333333333333
39944,2,0.5544444444444444
39946,2,0.07666666666666666
39953,2,0.6833333333333333
39970,2,0.4266666666666667
39973,2,0.41333333333333333
39978,2,0.5166666666666667
39984,2,0.6333333333333333
39991,2,0.03333333333333333
39994,2,0.6233333333333333
39997,2,0.5308333333333334
40000,2,0.17133333333333334
40012,2,0.44333333333333336
40014,2,0.8057777777777778
40024,2,0.4533333333333333
40026,2,0.5283333333333333
40028,2,0.4533333333333333
40030,2,0.5816666666666667
40035,2,0.13666666666666666
40053,2,0.7916666666666666
40067,2,0.47333333333333333
40070,2,0.61
40071,2,0.4766666666666667
40086,2,0.16166666666666665
40092,2,0.7033333333333334
40097,2,0.3433333333333333
40101,2,0.33666666666666667
40109,2,0.42
40121,2,0.8633333333333333
40123,2,0.5466666666666666
40124,2,0.3458333333333333
40136,2,0.39555555555555555
40149,2,0.6166666666666667
40150,2,0.44666666666666666
40152,2,0.31333333333333335
40156,2,0.9433333333333334
40159,2,0.6
40165,2,0.52
40174,2,0.8166666666666667
40176,2,0.4
40181,2,0.6033333333333334
40182,2,0.10333333333333333
40193,2,0.8866666666666667
40198,2,0.3933333333333333
40200,2,0.5866666666666667
40203,2,0.6066666666666667
40204,2,0.7866666666666666
40205,2,0.53
40206,2,0.53
40212,2,0.74
40214,2,0.35
40220,2,0.49333333333333335
40224,2,0.6433333333333333
40225,2,0.7733333333333333
40232,2,0.28
40238,2,0.86
40242,2,0.86
40245,2,0.38666666666666666
40263,2,0.5333333333333333
40273,2,0.7972222222222222
40279,2,0.33
40281,2,0.5277777777777777
40286,2,0.8611111111111113
40287,2,0.6
40296,2,0.47333333333333333
40300,2,0.6166666666666667
40312,2,0.43333333333333335
40315,2,0.5722222222222223
40317,2,0.8766666666666667
40329,2,0.17
40333,2,0.43666666666666665
40342,2,0.8066666666666666
40361,2,0.24166666666666667
40367,2,0.7466666666666667
40379,2,0.30666666666666664
40383,2,0.36511111111111116
40388,2,0.5966666666666667
40390,2,0.5025
40393,2,0.43
40419,2,0.9266666666666666
40421,2,0.8666666666666667
40432,2,0.21666666666666667
40456,2,0.7133333333333334
40459,2,0.15
40462,2,0.49666666666666665
40471,2,0.45666666666666667
40480,2,0.95
40490,2,0.7533333333333333
40491,2,0.6833333333333333
40494,2,0.44333333333333336
40502,2,0.6739999999999999
40503,2,0.22
40508,2,0.49666666666666665
40522,2,0.10333333333333333
40524,2,0.19
40536,2,0.22
40538,2,0.20333333333333334
40546,2,0.29333333333333333
40548,2,0.3275
40550,2,0.73
40552,2,0.6722222222222223
40559,2,0.82
40574,2,0.9733333333333334
40575,2,0.8266666666666667
40580,2,0.13666666666666666
40581,2,0.13666666666666666
40584,2,0.27
40594,2,0.36666666666666664
40598,2,0.7366666666666667
40611,2,0.21
40615,2,0.39
40616,2,0.23333333333333334
40634,2,0.22
40638,2,0.7683333333333333
40639,2,0.44
40642,2,0.8183333333333334
40648,2,0.34
40652,2,0.85
40658,2,0.35083333333333333
40659,2,0.4633333333333333
40662,2,0.115
40663,2,0.8366666666666667
40669,2,0.5466666666666666
40670,2,0.7733333333333333
40685,2,0.8466666666666667
40686,2,0.7833333333333333
40691,2,0.49333333333333335
40693,2,0.18666666666666668
40696,2,0.35333333333333333
40699,2,0.6283333333333333
40703,2,0.2966666666666667
40704,2,0.14333333333333334
40721,2,0.7316666666666667
40724,2,0.5583333333333333
40728,2,0.8
40730,2,0.5033333333333333
40733,2,0.2833333333333333
40735,2,0.8566666666666667
40737,2,0.3233333333333333
40740,2,0.46777777777777774
40741,2,0.7655555555555557
40743,2,0.22
40746,2,0.62
40755,2,0.5566666666666666
40760,2,0.55
40780,2,0.7533333333333333
40784,2,0.9033333333333333
40786,2,0.6866666666666666
40789,2,0.37666666666666665
40790,2,0.24
40792,2,0.47333333333333333
40799,2,0.7133333333333334
40801,2,0.44
40802,2,0.5133333333333333
40824,2,0.41333333333333333
40833,2,0.12666666666666668
40843,2,0.10666666666666667
40848,2,0.4508333333333333
40850,2,0.6
40875,2,0.7816666666666666
40878,2,0.38333333333333336
40882,2,0.4866666666666667
40886,2,0.43666666666666665
40889,2,0.23
40892,2,0.19666666666666666
40894,2,0.37333333333333335
40908,2,0.17666666666666667
40918,2,0.5066666666666667
40920,2,0.12333333333333334
40921,2,0.43
40924,2,0.07777777777777778
40927,2,0.7208333333333333
40931,2,0.76
40937,2,0.4
40938,2,0.36
40943,2,0.83
40954,2,0.8166666666666667
40959,2,0.6833333333333333
40962,2,0.6633333333333333
40972,2,0.18
40979,2,0.49333333333333335
40982,2,0.28
40988,2,0.23333333333333334
40989,2,0.38
41000,2,0.14333333333333334
41008,2,0.5466666666666666
41019,2,0.4533333333333333
41020,2,0.7866666666666666
41025,2,0.5866666666666667
41032,2,0.7833333333333333
41045,2,0.38666666666666666
41048,2,0.14333333333333334
41051,2,0.7773333333333333
41053,2,0.8633333333333333
41056,2,0.39
41059,2,0.25333333333333335
41064,2,0.6966666666666667
41069,2,0.6666666666666666
41074,2,0.11333333333333333
41076,2,0.35
41089,2,0.43
41107,2,0.11
41109,2,0.6833333333333333
41110,2,0.73
41113,2,0.7133333333333334
41114,2,0.68
41131,2,0.6466666666666666
41149,2,0.5066666666666667
41153,2,0.57
41154,2,0.85
41165,2,0.41333333333333333
41175,2,0.18
41177,2,0.41333333333333333
41183,2,0.32666666666666666
15,3,0.056666666666666664
17,3,0.006666666666666667
19,3,0.06333333333333334
22,3,0.016666666666666666
24,3,0.0
48,3,0.0
50,3,0.006666666666666667
51,3,0.01
56,3,0.03666666666666667
64,3,0.0
71,3,0.016666666666666666
74,3,0.006666666666666667
101,3,0.006666666666666667
106,3,0.06
111,3,0.0033333333333333335
112,3,0.006666666666666667
117,3,0.013333333333333334
122,3,0.0
124,3,0.0
134,3,0.0
137,3,0.0
151,3,0.006666666666666667
154,3,0.15
155,3,0.13666666666666666
170,3,0.03
181,3,0.04
190,3,0.006666666666666667
202,3,0.013333333333333334
205,3,0.013333333333333334
207,3,0.0
210,3,0.023333333333333334
214,3,0.04
216,3,0.0
223,3,0.12
225,3,0.03666666666666667
227,3,0.023333333333333334
235,3,0.0033333333333333335
239,3,0.03
247,3,0.0
254,3,0.03
256,3,0.006666666666666667
293,3,0.013333333333333334
303,3,0.016666666666666666
306,3,0.0033333333333333335
310,3,0.0033333333333333335
316,3,0.0
320,3,0.05333333333333334
324,3,0.02666666666666667
325,3,0.03666666666666667
328,3,0.0
333,3,0.12333333333333334
335,3,0.06
361,3,0.01
384,3,0.04
385,3,0.03333333333333333
396,3,0.006666666666666667
400,3,0.03
401,3,0.06
407,3,0.0033333333333333335
414,3,0.01
418,3,0.0
429,3,0.03333333333333333
434,3,0.006666666666666667
438,3,0.023333333333333334
439,3,0.07666666666666666
440,3,0.01
449,3,0.006666666666666667
453,3,0.0033333333333333335
455,3,0.0033333333333333335
475,3,0.0
476,3,0.02
477,3,0.0
481,3,0.14
486,3,0.3466666666666667
508,3,0.016666666666666666
511,3,0.02
523,3,0.0033333333333333335
525,3,0.02666666666666667
526,3,0.0033333333333333335
529,3,0.10666666666666667
531,3,0.13666666666666666
532,3,0.0033333333333333335
560,3,0.0022222222222222222
564,3,0.0033333333333333335
576,3,0.01
579,3,0.0033333333333333335
580,3,0.0033333333333333335
581,3,0.013333333333333334
585,3,0.0
588,3,0.0
589,3,0.24
596,3,0.0
599,3,0.0
603,3,0.03333333333333333
605,3,0.02
608,3,0.006666666666666667
616,3,0.0033333333333333335
617,3,0.0
619,3,0.0033333333333333335
620,3,0.023333333333333334
637,3,0.0033333333333333335
641,3,0.0
643,3,0.043333333333333335
652,3,0.01
655,3,0.013333333333333334
662,3,0.043333333333333335
663,3,0.0
664,3,0.013333333333333334
666,3,0.016666666666666666
670,3,0.0033333333333333335
673,3,0.04666666666666667
716,3,0.02
718,3,0.016666666666666666
719,3,0.0
726,3,0.023333333333333334
729,3,0.0033333333333333335
741,3,0.013333333333333334
749,3,0.01
754,3,0.013333333333333334
755,3,0.0033333333333333335
756,3,0.016666666666666666
758,3,0.006666666666666667
764,3,0.0
767,3,0.0033333333333333335
775,3,0.11042857142857145
786,3,0.0033333333333333335
790,3,0.04
793,3,0.01
797,3,0.028666666666666667
806,3,0.03
813,3,0.02
841,3,0.0
850,3,0.023777777777777776
852,3,0.013333333333333334
856,3,0.075
857,3,0.004666666666666666
866,3,0.0033333333333333335
873,3,0.01
877,3,0.13
884,3,0.022
893,3,0.013333333333333334
916,3,0.044111111111111115
935,3,0.01
949,3,0.05333333333333334
951,3,0.11666666666666667
953,3,0.02
957,3,0.05544444444444444
959,3,0.23731746031746032
962,3,0.05333333333333334
966,3,0.17
971,3,0.0
978,3,0.05333333333333334
979,3,0.008333333333333333
980,3,0.26666666666666666
984,3,0.006666666666666667
985,3,0.02666666666666667
990,3,0.01
996,3,0.06
998,3,0.03333333333333333
1000,3,0.016666666666666666
1004,3,0.0033333333333333335
1014,3,0.043333333333333335
1039,3,0.043333333333333335
1058,3,0.006666666666666667
1062,3,0.0033333333333333335
1063,3,0.016666666666666666
1064,3,0.0
1065,3,0.11333333333333333
1073,3,0.0
1075,3,0.03
1081,3,0.07
1092,3,0.023333333333333334
1098,3,0.006666666666666667
1104,3,0.03
1105,3,0.013333333333333334
1106,3,0.02644444444444444
1117,3,0.01
1121,3,0.01
1123,3,0.19666666666666666
1125,3,0.0
1130,3,0.013333333333333334
1131,3,0.006666666666666667
1134,3,0.0033333333333333335
1139,3,0.10333333333333333
1147,3,0.0
1151,3,0.006666666666666667
1163,3,0.016666666666666666
1164,3,0.03
1168,3,0.0033333333333333335
1178,3,0.01
1211,3,0.016666666666666666
1212,3,0.0033333333333333335
1215,3,0.016666666666666666
1217,3,0.006666666666666667
1231,3,0.013333333333333334
1233,3,0.0
1237,3,0.01861111111111111
1243,3,0.0033333333333333335
1246,3,0.006666666666666667
1248,3,0.016666666666666666
1252,3,0.05
1253,3,0.09527777777777778
1262,3,0.02
1280,3,0.14
1290,3,0.025555555555555557
1296,3,0.016666666666666666
1301,3,0.01
1303,3,0.03
1304,3,0.03666666666666667
1307,3,0.0
1312,3,0.02
1318,3,0.04694444444444444
1321,3,0.0
1322,3,0.03
1327,3,0.09333333333333334
1339,3,0.11666666666666667
1340,3,0.01
1347,3,0.006666666666666667
1351,3,0.04666666666666667
1360,3,0.006666666666666667
1363,3,0.0
1364,3,0.04
1365,3,0.02
1371,3,0.0
1375,3,0.0033333333333333335
1376,3,0.016666666666666666
1377,3,0.0
1378,3,0.013333333333333334
1379,3,0.01
1387,3,0.01
1399,3,0.0
1401,3,0.02
1402,3,0.043333333333333335
1414,3,0.03666666666666667
1415,3,0.04
1421,3,0.11
1422,3,0.02
1424,3,0.006666666666666667
1425,3,0.0
1426,3,0.01
1435,3,0.01
1440,3,0.043333333333333335
1446,3,0.07333333333333333
1451,3,0.04
1453,3,0.027777777777777773
1456,3,0.01
1460,3,0.12222222222222223
1463,3,0.0033333333333333335
1468,3,0.0033333333333333335
1470,3,0.44333333333333336
1472,3,0.10666666666666667
1483,3,0.06333333333333334
1487,3,0.08333333333333333
1491,3,0.0033333333333333335
1504,3,0.0
1508,3,0.0
1527,3,0.05333333333333334
1530,3,0.016666666666666666
1532,3,0.0
1538,3,0.006666666666666667
1539,3,0.006666666666666667
1540,3,0.006666666666666667
1546,3,0.01
1555,3,0.006666666666666667
1557,3,0.03333333333333333
1558,3,0.02666666666666667
1562,3,0.0033333333333333335
1565,3,0.0
1572,3,0.0033333333333333335
1581,3,0.006666666666666667
1589,3,0.06
1591,3,0.1
1596,3,0.06666666666666667
1598,3,0.02
1603,3,0.0
1604,3,0.0
1611,3,0.0
1613,3,0.043333333333333335
1617,3,0.013333333333333334
1620,3,0.016666666666666666
1624,3,0.05333333333333334
1626,3,0.03666666666666667
1634,3,0.0
1643,3,0.03333333333333333
1649,3,0.0033333333333333335
1651,3,0.0
1660,3,0.15333333333333332
1675,3,0.03666666666666667
1677,3,0.018333333333333333
1679,3,0.05
1681,3,0.04666666666666667
1690,3,0.0
1696,3,0.0
1700,3,0.013333333333333334
1703,3,0.0
1710,3,0.016666666666666666
1715,3,0.013333333333333334
1725,3,0.023333333333333334
1740,3,0.0
1742,3,0.04666666666666667
1749,3,0.006666666666666667
1757,3,0.0
1758,3,0.08
1759,3,0.0638888888888889
1761,3,0.03333333333333333
1768,3,0.0033333333333333335
1778,3,0.03333333333333333
1786,3,0.023333333333333334
1788,3,0.043333333333333335
1789,3,0.03666666666666667
1794,3,0.023333333333333334
1799,3,0.0
1809,3,0.0033333333333333335
1823,3,0.0033333333333333335
1826,3,0.0
1829,3,0.08
1830,3,0.013333333333333334
1838,3,0.006666666666666667
1843,3,0.07
1862,3,0.023333333333333334
1868,3,0.03
1869,3,0.0
1872,3,0.11333333333333333
1873,3,0.0033333333333333335
1879,3,0.06
1880,3,0.016666666666666666
1881,3,0.07
1892,3,0.0033333333333333335
1895,3,0.01
1909,3,0.03333333333333333
1920,3,0.011666666666666667
1923,3,0.0
1928,3,0.0
1930,3,0.01
1939,3,0.02666666666666667
1943,3,0.0033333333333333335
1944,3,0.11333333333333333
1946,3,0.013333333333333334
1964,3,0.016666666666666666
1965,3,0.13666666666666666
1971,3,0.05333333333333334
1977,3,0.02
1992,3,0.013333333333333334
1994,3,0.0033333333333333335
1997,3,0.0
2000,3,0.0033333333333333335
2006,3,0.013333333333333334
2011,3,0.0
2036,3,0.02
2061,3,0.0
2064,3,0.0033333333333333335
2079,3,0.0
2080,3,0.043333333333333335
2082,3,0.0
2087,3,0.01
2091,3,0.006666666666666667
2093,3,0.0033333333333333335
2100,3,0.0033333333333333335
2104,3,0.056666666666666664
2105,3,0.06
2120,3,0.04
2125,3,0.0033333333333333335
2133,3,0.10333333333333333
2137,3,0.02
2145,3,0.006666666666666667
2156,3,0.0
2157,3,0.0
2162,3,0.02
2175,3,0.013333333333333334
2176,3,0.013333333333333334
2190,3,0.0
2196,3,0.0
2199,3,0.006666666666666667
2204,3,0.14
2207,3,0.03666666666666667
2211,3,0.0
2218,3,0.0033333333333333335
2225,3,0.016666666666666666
2229,3,0.17666666666666667
2233,3,0.12666666666666668
2242,3,0.01
2250,3,0.03333333333333333
2274,3,0.006666666666666667
2282,3,0.03666666666666667
2286,3,0.0033333333333333335
2287,3,0.013333333333333334
2294,3,0.0033333333333333335
2295,3,0.006666666666666667
2301,3,0.0033333333333333335
2333,3,0.0
2337,3,0.016666666666666666
2352,3,0.06666666666666667
2367,3,0.0
2368,3,0.03333333333333333
2383,3,0.0
2385,3,0.02
2392,3,0.0033333333333333335
2414,3,0.016666666666666666
2417,3,0.0
2419,3,0.06666666666666667
2430,3,0.08666666666666667
2431,3,0.006666666666666667
2438,3,0.016666666666666666
2459,3,0.0
2463,3,0.02
2464,3,0.0011111111111111111
2466,3,0.17
2473,3,0.0033333333333333335
2487,3,0.04666666666666667
2499,3,0.07333333333333333
2504,3,0.12666666666666668
2516,3,0.0033333333333333335
2523,3,0.023333333333333334
2524,3,0.0
2544,3,0.0033333333333333335
2549,3,0.01
2552,3,0.07333333333333333
2553,3,0.08
2561,3,0.01
2563,3,0.04666666666666667
2567,3,0.013333333333333334
2569,3,0.03666666666666667
2571,3,0.03333333333333333
2574,3,0.01
2585,3,0.03
2592,3,0.03
2596,3,0.0033333333333333335
2600,3,0.0
2602,3,0.06333333333333334
2608,3,0.03333333333333333
2614,3,0.0
2631,3,0.03666666666666667
2644,3,0.01
2646,3,0.07
2650,3,0.01
2655,3,0.043333333333333335
2681,3,0.11666666666666667
2682,3,0.02
2690,3,0.006666666666666667
2698,3,0.04666666666666667
2717,3,0.02666666666666667
2732,3,0.013333333333333334
2733,3,0.016666666666666666
2743,3,0.01
2754,3,0.013333333333333334
2756,3,0.02
2772,3,0.02
2793,3,0.04
2800,3,0.0033333333333333335
2801,3,0.013333333333333334
2805,3,0.006666666666666667
2810,3,0.055
2832,3,0.056666666666666664
2837,3,0.0033333333333333335
2840,3,0.24333333333333335
2842,3,0.11
2847,3,0.023333333333333334
2848,3,0.0033333333333333335
2850,3,0.10666666666666667
2860,3,0.016666666666666666
2861,3,0.03
2864,3,0.01
2870,3,0.1
2873,3,0.04
2875,3,0.016666666666666666
2881,3,0.06666666666666667
2883,3,0.06
2884,3,0.02
2885,3,0.013333333333333334
2904,3,0.07
2905,3,0.06916666666666667
2906,3,0.04666666666666667
2916,3,0.09333333333333334
2918,3,0.27666666666666667
2930,3,0.0
2950,3,0.02666666666666667
2960,3,0.03
2965,3,0.01
2973,3,0.03666666666666667
2977,3,0.0033333333333333335
2979,3,0.10333333333333333
2984,3,0.006666666666666667
2987,3,0.01
2998,3,0.0033333333333333335
3001,3,0.15666666666666668
3002,3,0.05
3010,3,0.0
3012,3,0.03
3014,3,0.0033333333333333335
3015,3,0.006666666666666667
3021,3,0.04
3024,3,0.09333333333333334
3032,3,0.02666666666666667
3036,3,0.043333333333333335
3045,3,0.05333333333333334
3052,3,0.023333333333333334
3055,3,0.01
3063,3,0.15666666666666668
3064,3,0.02666666666666667
3065,3,0.03666666666666667
3068,3,0.016666666666666666
3070,3,0.03333333333333333
3075,3,0.0033333333333333335
3076,3,0.05333333333333334
3077,3,0.07333333333333333
3079,3,0.01
3091,3,0.0033333333333333335
3098,3,0.006666666666666667
3100,3,0.16666666666666666
3102,3,0.07
3103,3,0.01
3105,3,0.006666666666666667
3109,3,0.015
3118,3,0.03333333333333333
3122,3,0.016666666666666666
3133,3,0.041666666666666664
3147,3,0.0
3153,3,0.03333333333333333
3163,3,0.006666666666666667
3165,3,0.0033333333333333335
3169,3,0.043333333333333335
3170,3,0.03
3177,3,0.15433333333333335
3178,3,0.0033333333333333335
3184,3,0.03333333333333333
3185,3,0.16833333333333333
3188,3,0.02666666666666667
3195,3,0.0811111111111111
3208,3,0.02666666666666667
3211,3,0.0033333333333333335
3219,3,0.03749999999999999
3226,3,0.06
3234,3,0.07166666666666667
3236,3,0.016666666666666666
3240,3,0.02
3248,3,0.03333333333333333
3253,3,0.0
3260,3,0.03333333333333333
3269,3,0.03
3272,3,0.08666666666666667
3277,3,0.0033333333333333335
3280,3,0.0033333333333333335
3289,3,0.006666666666666667
3293,3,0.006666666666666667
3298,3,0.0
3300,3,0.01
3311,3,0.01
3317,3,0.03333333333333333
3319,3,0.06333333333333334
3321,3,0.013333333333333334
3327,3,0.0033333333333333335
3332,3,0.016666666666666666
3333,3,0.04083333333333333
3335,3,0.0
3339,3,0.006666666666666667
3340,3,0.23
3351,3,0.0
3359,3,0.07333333333333333
3371,3,0.04666666666666667
3374,3,0.0033333333333333335
3383,3,0.0033333333333333335
3399,3,0.0033333333333333335
3405,3,0.05266666666666667
3415,3,0.01
3417,3,0.006666666666666667
3428,3,0.0033333333333333335
3432,3,0.12333333333333334
3435,3,0.0
3436,3,0.023333333333333334
3458,3,0.013333333333333334
3468,3,0.02
3480,3,0.006666666666666667
3482,3,0.016666666666666666
3485,3,0.09333333333333334
3489,3,0.006666666666666667
3499,3,0.06333333333333334
3503,3,0.02
3506,3,0.02
3516,3,0.023333333333333334
3521,3,0.016666666666666666
3534,3,0.05333333333333334
3537,3,0.0033333333333333335
3538,3,0.15
3540,3,0.013333333333333334
3542,3,0.1663888888888889
3545,3,0.08
3553,3,0.016666666666666666
3556,3,0.056666666666666664
3558,3,0.05333333333333334
3560,3,0.02666666666666667
3577,3,0.013333333333333334
3586,3,0.17144444444444443
3591,3,0.0033333333333333335
3596,3,0.06333333333333334
3604,3,0.2
3609,3,0.03333333333333333
3616,3,0.02666666666666667
3618,3,0.012222222222222221
3619,3,0.1
3624,3,0.03
3628,3,0.013333333333333334
3632,3,0.0033333333333333335
3635,3,0.24666666666666667
3638,3,0.03
3639,3,0.08
3642,3,0.02666666666666667
3648,3,0.13
3649,3,0.02666666666666667
3653,3,0.043333333333333335
3672,3,0.016666666666666666
3673,3,0.0
3674,3,0.02
3681,3,0.04666666666666667
3683,3,0.0033333333333333335
3691,3,0.013333333333333334
3695,3,0.13333333333333333
3697,3,0.07
3701,3,0.20333333333333334
3702,3,0.06
3704,3,0.08
3706,3,0.006666666666666667
3708,3,0.02666666666666667
3711,3,0.03
3713,3,0.13
3728,3,0.016666666666666666
3752,3,0.02666666666666667
3757,3,0.0
3763,3,0.012222222222222221
3769,3,0.07
3776,3,0.02
3777,3,0.013333333333333334
3780,3,0.185
3794,3,0.043333333333333335
3799,3,0.0033333333333333335
3800,3,0.013333333333333334
3804,3,0.023333333333333334
3805,3,0.016666666666666666
3810,3,0.04666666666666667
3818,3,0.07
3826,3,0.013333333333333334
3831,3,0.23
3846,3,0.05
3852,3,0.016666666666666666
3859,3,0.043333333333333335
3861,3,0.02
3866,3,0.02
3871,3,0.0033333333333333335
3874,3,0.0033333333333333335
3879,3,0.03
3880,3,0.016666666666666666
3890,3,0.013333333333333334
3910,3,0.006666666666666667
3939,3,0.0033333333333333335
3954,3,0.016666666666666666
3955,3,0.02666666666666667
3961,3,0.006666666666666667
3967,3,0.04
3969,3,0.02
3970,3,0.02666666666666667
3971,3,0.07333333333333333
3974,3,0.023333333333333334
3984,3,0.043333333333333335
3991,3,0.02666666666666667
3999,3,0.08333333333333333
4007,3,0.0033333333333333335
4009,3,0.006666666666666667
4023,3,0.01
4026,3,0.0033333333333333335
4033,3,0.0
4038,3,0.013333333333333334
4044,3,0.01
4051,3,0.01
4052,3,0.016666666666666666
4058,3,0.04
4059,3,0.07666666666666666
4063,3,0.0
4066,3,0.01
4068,3,0.10333333333333333
4079,3,0.023333333333333334
4080,3,0.01
4093,3,0.006666666666666667
4108,3,0.006666666666666667
4110,3,0.006666666666666667
4111,3,0.043611111111111114
4112,3,0.03933333333333334
4124,3,0.02
4146,3,0.03666666666666667
4154,3,0.0033333333333333335
4168,3,0.023333333333333334
4175,3,0.006666666666666667
4184,3,0.04
4185,3,0.03666666666666667
4187,3,0.0
4188,3,0.03
4193,3,0.01
4194,3,0.07333333333333333
4210,3,0.07666666666666666
4211,3,0.0033333333333333335
4212,3,0.05333333333333334
4220,3,0.016666666666666666
4223,3,0.0
4225,3,0.0033333333333333335
4227,3,0.023333333333333334
4238,3,0.03666666666666667
4240,3,0.013333333333333334
4241,3,0.01
4242,3,0.013333333333333334
4247,3,0.016666666666666666
4248,3,0.07333333333333333
4263,3,0.006666666666666667
4267,3,0.023333333333333334
4270,3,0.023333333333333334
4284,3,0.02666666666666667
4290,3,0.023333333333333334
4300,3,0.016666666666666666
4302,3,0.07111111111111111
4305,3,0.02666666666666667
4307,3,0.0
4323,3,0.06833333333333333
4324,3,0.02666666666666667
4332,3,0.006666666666666667
4337,3,0.0
4351,3,0.013333333333333334
4353,3,0.016666666666666666
4357,3,0.02
4362,3,0.023333333333333334
4364,3,0.0
4376,3,0.0
4380,3,0.013333333333333334
4385,3,0.006666666666666667
4391,3,0.03333333333333333
4398,3,0.0033333333333333335
4399,3,0.03666666666666667
4403,3,0.11
4409,3,0.023333333333333334
4412,3,0.013333333333333334
4420,3,0.006666666666666667
4421,3,0.01
4429,3,0.08666666666666667
4437,3,0.013333333333333334
4441,3,0.02
4444,3,0.0033333333333333335
4454,3,0.05333333333333334
4456,3,0.023333333333333334
4459,3,0.03
4462,3,0.0
4463,3,0.08666666666666667
4466,3,0.02666666666666667
4467,3,0.06666666666666667
4472,3,0.0033333333333333335
4476,3,0.03333333333333333
4487,3,0.0033333333333333335
4498,3,0.03666666666666667
4502,3,0.016666666666666666
4506,3,0.0033333333333333335
4511,3,0.02666666666666667
4516,3,0.0
4525,3,0.04666666666666667
4530,3,0.03666666666666667
4531,3,0.42
4533,3,0.023333333333333334
4536,3,0.04
4546,3,0.03666666666666667
4548,3,0.013333333333333334
4567,3,0.02
4591,3,0.02666666666666667
4593,3,0.006666666666666667
4599,3,0.013333333333333334
4600,3,0.006666666666666667
4602,3,0.01
4606,3,0.006666666666666667
4614,3,0.03333333333333333
4616,3,0.03333333333333333
4619,3,0.13666666666666666
4631,3,0.06666666666666667
4632,3,0.013333333333333334
4634,3,0.023333333333333334
4636,3,0.3433333333333333
4641,3,0.04666666666666667
4642,3,0.0
4651,3,0.016666666666666666
4668,3,0.016666666666666666
4681,3,0.0
4695,3,0.06666666666666667
4713,3,0.023333333333333334
4725,3,0.03666666666666667
4726,3,0.27666666666666667
4730,3,0.0
4732,3,0.006666666666666667
4733,3,0.06333333333333334
4737,3,0.043333333333333335
4744,3,0.006666666666666667
4745,3,0.023333333333333334
4748,3,0.45666666666666667
4749,3,0.0033333333333333335
4750,3,0.13
4765,3,0.01
4767,3,0.013333333333333334
4774,3,0.023333333333333334
4776,3,0.11866666666666667
4783,3,0.013333333333333334
4788,3,0.0033333333333333335
4799,3,0.0033333333333333335
4800,3,0.1
4804,3,0.05333333333333334
4816,3,0.013333333333333334
4828,3,0.10333333333333333
4832,3,0.0
4833,3,0.006666666666666667
4835,3,0.07333333333333333
4839,3,0.01
4847,3,0.02666666666666667
4862,3,0.043333333333333335
4863,3,0.08
4878,3,0.0
4879,3,0.04
4881,3,0.006666666666666667
4888,3,0.006666666666666667
4889,3,0.11333333333333333
4904,3,0.0
4909,3,0.0
4912,3,0.02666666666666667
4917,3,0.0033333333333333335
4928,3,0.0
4946,3,0.06
4961,3,0.41333333333333333
4970,3,0.01
4971,3,0.07666666666666666
4994,3,0.0033333333333333335
4997,3,0.013333333333333334
5001,3,0.07333333333333333
5004,3,0.02
5009,3,0.01
5016,3,0.03666666666666667
5019,3,0.03
5031,3,0.016666666666666666
5033,3,0.006666666666666667
5042,3,0.016666666666666666
5044,3,0.02
5049,3,0.056666666666666664
5055,3,0.06666666666666667
5065,3,0.006666666666666667
5072,3,0.043333333333333335
5082,3,0.0033333333333333335
5087,3,0.02666666666666667
5092,3,0.325
5101,3,0.07666666666666666
5116,3,0.0033333333333333335
5117,3,0.006666666666666667
5122,3,0.11
5127,3,0.056666666666666664
5133,3,0.0033333333333333335
5134,3,0.023333333333333334
5138,3,0.0033333333333333335
5142,3,0.04666666666666667
5144,3,0.05
5153,3,0.013333333333333334
5154,3,0.0
5158,3,0.013333333333333334
5164,3,0.1
5167,3,0.0033333333333333335
5177,3,0.006666666666666667
5178,3,0.02666666666666667
5181,3,0.06
5183,3,0.01
5184,3,0.02666666666666667
5186,3,0.02
5193,3,0.023333333333333334
5195,3,0.0
5197,3,0.03
5203,3,0.05333333333333334
5210,3,0.028
5213,3,0.01
5214,3,0.056666666666666664
5243,3,0.013333333333333334
5252,3,0.016666666666666666
5253,3,0.02
5255,3,0.023333333333333334
5263,3,0.02
5272,3,0.006666666666666667
5283,3,0.01
5284,3,0.14666666666666667
5292,3,0.10666666666666667
5297,3,0.0033333333333333335
5298,3,0.006666666666666667
5303,3,0.01
5316,3,0.01
5323,3,0.05333333333333334
5328,3,0.006666666666666667
5332,3,0.0
5333,3,0.16
5338,3,0.02666666666666667
5347,3,0.0
5352,3,0.12333333333333334
5374,3,0.023333333333333334
5375,3,0.06666666666666667
5377,3,0.0
5398,3,0.03333333333333333
5400,3,0.0033333333333333335
5402,3,0.04
5413,3,0.023333333333333334
5419,3,0.023333333333333334
5431,3,0.013333333333333334
5446,3,0.03
5450,3,0.0033333333333333335
5459,3,0.09666666666666666
5466,3,0.043333333333333335
5470,3,0.0033333333333333335
5482,3,0.016666666666666666
5486,3,0.023333333333333334
5492,3,0.016666666666666666
5493,3,0.006666666666666667
5495,3,0.056666666666666664
5506,3,0.006666666666666667
5514,3,0.05
5522,3,0.006666666666666667
5526,3,0.01
5532,3,0.0
5540,3,0.01
5546,3,0.04666666666666667
5552,3,0.02666666666666667
5557,3,0.0
5574,3,0.06
5588,3,0.0
5590,3,0.0
5599,3,0.0
5624,3,0.06333333333333334
5626,3,0.04666666666666667
5631,3,0.03666666666666667
5642,3,0.023333333333333334
5645,3,0.016666666666666666
5646,3,0.016666666666666666
5655,3,0.02
5656,3,0.023333333333333334
5659,3,0.025555555555555557
5670,3,0.05333333333333334
5672,3,0.006666666666666667
5678,3,0.0
5684,3,0.0033333333333333335
5685,3,0.19666666666666666
5703,3,0.01
5706,3,0.0033333333333333335
5715,3,0.03333333333333333
5717,3,0.0
5721,3,0.03666666666666667
5724,3,0.0033333333333333335
5735,3,0.006666666666666667
5737,3,0.07
5738,3,0.03
5743,3,0.0
5762,3,0.14666666666666667
5764,3,0.0033333333333333335
5776,3,0.03
5781,3,0.0033333333333333335
5783,3,0.0033333333333333335
5785,3,0.0033333333333333335
5790,3,0.03
5803,3,0.08
5804,3,0.006666666666666667
5805,3,0.0
5807,3,0.01
5811,3,0.013333333333333334
5814,3,0.01
5836,3,0.0
5845,3,0.13666666666666666
5847,3,0.0033333333333333335
5859,3,0.016666666666666666
5862,3,0.0
5864,3,0.013333333333333334
5876,3,0.0033333333333333335
5882,3,0.0033333333333333335
5883,3,0.02
5885,3,0.0
5913,3,0.07333333333333333
5919,3,0.18333333333333332
5920,3,0.03666666666666667
5929,3,0.006666666666666667
5944,3,0.07
5953,3,0.013333333333333334
5955,3,0.03333333333333333
5963,3,0.03666666666666667
5979,3,0.02
6001,3,0.013333333333333334
6009,3,0.01
6015,3,0.016666666666666666
6019,3,0.0
6037,3,0.0
6039,3,0.006666666666666667
6053,3,0.017777777777777778
6056,3,0.0033333333333333335
6060,3,0.0
6068,3,0.0
6080,3,0.30333333333333334
6084,3,0.016944444444444443
6085,3,0.0
6088,3,0.0033333333333333335
6093,3,0.056666666666666664
6098,3,0.016666666666666666
6106,3,0.01
6117,3,0.0033333333333333335
6118,3,0.02
6120,3,0.016666666666666666
6122,3,0.016666666666666666
6126,3,0.016666666666666666
6128,3,0.06
6134,3,0.005555555555555555
6136,3,0.29333333333333333
6137,3,0.06333333333333334
6141,3,0.013333333333333334
6143,3,0.03
6148,3,0.0033333333333333335
6149,3,0.013333333333333334
6150,3,0.016666666666666666
6158,3,0.02666666666666667
6159,3,0.0
6166,3,0.006666666666666667
6172,3,0.0
6173,3,0.02
6180,3,0.006666666666666667
6186,3,0.19333333333333333
6189,3,0.014444444444444444
6200,3,0.0
6215,3,0.006666666666666667
6217,3,0.007777777777777777
6222,3,0.01
6229,3,0.016666666666666666
6236,3,0.0
6244,3,0.0033333333333333335
6247,3,0.02666666666666667
6252,3,0.0
6253,3,0.12333333333333334
6255,3,0.016666666666666666
6262,3,0.0
6267,3,0.02
6271,3,0.03666666666666667
6283,3,0.0
6287,3,0.006666666666666667
6300,3,0.02666666666666667
6323,3,0.1
6334,3,0.0033333333333333335
6335,3,0.0033333333333333335
6337,3,0.02
6342,3,0.06666666666666667
6352,3,0.11333333333333333
6353,3,0.0033333333333333335
6359,3,0.0
6363,3,0.013333333333333334
6369,3,0.0033333333333333335
6372,3,0.013333333333333334
6375,3,0.03333333333333333
6376,3,0.07666666666666666
6385,3,0.023333333333333334
6398,3,0.28
6418,3,0.023333333333333334
6422,3,0.006666666666666667
6423,3,0.0033333333333333335
6433,3,0.05
6438,3,0.0
6455,3,0.0033333333333333335
6457,3,0.0033333333333333335
6458,3,0.006666666666666667
6459,3,0.023333333333333334
6463,3,0.04666666666666667
6465,3,0.03
6470,3,0.016666666666666666
6473,3,0.0033333333333333335
6482,3,0.02666666666666667
6488,3,0.06
6497,3,0.05
6499,3,0.0
6504,3,0.01
6517,3,0.006666666666666667
6527,3,0.0033333333333333335
6546,3,0.025
6547,3,0.0033333333333333335
6560,3,0.03666666666666667
6566,3,0.02
6570,3,0.009166666666666667
6574,3,0.006666666666666667
6579,3,0.03
6581,3,0.023333333333333334
6584,3,0.016666666666666666
6599,3,0.0033333333333333335
6601,3,0.023333333333333334
6602,3,0.016666666666666666
6604,3,0.015
6617,3,0.07
6623,3,0.02
6628,3,0.0033333333333333335
6643,3,0.04666666666666667
6646,3,0.07
6650,3,0.0
6651,3,0.0
6652,3,0.02
6659,3,0.0
6681,3,0.01
6686,3,0.0033333333333333335
6689,3,0.043333333333333335
6696,3,0.0033333333333333335
6702,3,0.02666666666666667
6726,3,0.02666666666666667
6731,3,0.006666666666666667
6733,3,0.1
6742,3,0.0
6743,3,0.04666666666666667
6745,3,0.006666666666666667
6750,3,0.0033333333333333335
6758,3,0.03472222222222222
6763,3,0.023333333333333334
6767,3,0.0
6770,3,0.016666666666666666
6813,3,0.01
6820,3,0.02666666666666667
6821,3,0.02
6828,3,0.03
6832,3,0.04
6850,3,0.02
6861,3,0.03
6862,3,0.016666666666666666
6869,3,0.01
6879,3,0.006666666666666667
6884,3,0.10666666666666667
6891,3,0.023333333333333334
6912,3,0.11666666666666667
6914,3,0.02
6927,3,0.013333333333333334
6929,3,0.01
6946,3,0.06333333333333334
6951,3,0.23666666666666666
6961,3,0.5833333333333334
6964,3,0.09333333333333334
6966,3,0.056666666666666664
6967,3,0.0033333333333333335
6968,3,0.0
6980,3,0.14666666666666667
6981,3,0.0
6985,3,0.03
6986,3,0.013333333333333334
6987,3,0.0
6996,3,0.056666666666666664
7007,3,0.03
7009,3,0.02
7016,3,0.32666666666666666
7025,3,0.023333333333333334
7028,3,0.011666666666666667
7030,3,0.06666666666666667
7035,3,0.06
7049,3,0.10477777777777778
7052,3,0.023333333333333334
7055,3,0.006666666666666667
7056,3,0.03166666666666667
7065,3,0.0
7069,3,0.016666666666666666
7072,3,0.0033333333333333335
7088,3,0.013333333333333334
7101,3,0.02666666666666667
7105,3,0.03666666666666667
7107,3,0.0033333333333333335
7113,3,0.07666666666666666
7114,3,0.0033333333333333335
7119,3,0.14716666666666667
7131,3,0.03
7148,3,0.03833333333333333
7151,3,0.02
7152,3,0.02666666666666667
7157,3,0.0033333333333333335
7159,3,0.016666666666666666
7172,3,0.02666666666666667
7186,3,0.016666666666666666
7187,3,0.01
7191,3,0.02666666666666667
7199,3,0.06333333333333334
7200,3,0.023333333333333334
7207,3,0.006666666666666667
7209,3,0.041666666666666664
7214,3,0.03666666666666667
7232,3,0.013333333333333334
7233,3,0.0
7242,3,0.0
7243,3,0.04
7253,3,0.0033333333333333335
7254,3,0.0
7263,3,0.01
7276,3,0.02
7278,3,0.04666666666666667
7279,3,0.013333333333333334
7283,3,0.006666666666666667
7285,3,0.03
7287,3,0.006666666666666667
7292,3,0.013333333333333334
7293,3,0.0033333333333333335
7302,3,0.043333333333333335
7304,3,0.016666666666666666
7306,3,0.03666666666666667
7309,3,0.01
7313,3,0.03333333333333333
7318,3,0.15
7319,3,0.013333333333333334
7338,3,0.04
7340,3,0.02944444444444444
7342,3,0.06
7355,3,0.01
7356,3,0.03666666666666667
7360,3,0.006666666666666667
7368,3,0.03333333333333333
7372,3,0.013333333333333334
7379,3,0.056666666666666664
7394,3,0.02
7413,3,0.10811111111111113
7415,3,0.17666666666666667
7418,3,0.04666666666666667
7419,3,0.0
7422,3,0.07333333333333333
7430,3,0.016666666666666666
7438,3,0.02666666666666667
7439,3,0.006666666666666667
7452,3,0.05333333333333334
7453,3,0.14666666666666667
7462,3,0.0
7470,3,0.06666666666666667
7472,3,0.006666666666666667
7473,3,0.06333333333333334
7474,3,0.04555555555555555
7479,3,0.03666666666666667
7486,3,0.01
7487,3,0.04666666666666667
7500,3,0.0033333333333333335
7504,3,0.01
7522,3,0.03666666666666667
7526,3,0.03666666666666667
7531,3,0.023333333333333334
7532,3,0.0033333333333333335
7535,3,0.1
7545,3,0.11811111111111113
7549,3,0.016666666666666666
7562,3,0.006666666666666667
7565,3,0.05
7579,3,0.05
7581,3,0.015
7592,3,0.006666666666666667
7602,3,0.07
7605,3,0.013333333333333334
7609,3,0.0
7610,3,0.023333333333333334
7623,3,0.08333333333333333
7625,3,0.016666666666666666
7626,3,0.0033333333333333335
7639,3,0.07333333333333333
7640,3,0.03666666666666667
7642,3,0.01
7662,3,0.04
7668,3,0.03333333333333333
7676,3,0.006666666666666667
7679,3,0.043333333333333335
7681,3,0.04
7683,3,0.04
7693,3,0.18666666666666668
7694,3,0.056666666666666664
7704,3,0.03
7706,3,0.01
7710,3,0.016666666666666666
7728,3,0.02666666666666667
7736,3,0.07333333333333333
7740,3,0.07
7742,3,0.03333333333333333
7745,3,0.01
7770,3,0.05
7773,3,0.08
7786,3,0.016666666666666666
7795,3,0.024166666666666666
7804,3,0.006666666666666667
7811,3,0.03
7814,3,0.10666666666666667
7816,3,0.06
7820,3,0.0033333333333333335
7826,3,0.016666666666666666
7830,3,0.02
7835,3,0.04666666666666667
7836,3,0.0033333333333333335
7842,3,0.043333333333333335
7843,3,0.03
7845,3,0.07333333333333333
7864,3,0.013333333333333334
7870,3,0.023333333333333334
7873,3,0.006666666666666667
7883,3,0.006666666666666667
7887,3,0.08
7888,3,0.016666666666666666
7894,3,0.023333333333333334
7897,3,0.05
7900,3,0.02666666666666667
7901,3,0.02
7904,3,0.006666666666666667
7910,3,0.02
7916,3,0.043333333333333335
7920,3,0.0033333333333333335
7925,3,0.0033333333333333335
7931,3,0.03666666666666667
7962,3,0.006666666666666667
7964,3,0.09333333333333334
7966,3,0.06333333333333334
7979,3,0.06
7980,3,0.006666666666666667
7986,3,0.01
8008,3,0.14
8010,3,0.01
8019,3,0.013333333333333334
8023,3,0.013333333333333334
8025,3,0.016666666666666666
8033,3,0.07
8036,3,0.08333333333333333
8052,3,0.03
8053,3,0.07
8068,3,0.0033333333333333335
8072,3,0.04
8079,3,0.07
8080,3,0.0033333333333333335
8085,3,0.025404761904761902
8100,3,0.013333333333333334
8107,3,0.006666666666666667
8110,3,0.08333333333333333
8117,3,0.013333333333333334
8124,3,0.11
8125,3,0.013333333333333334
8128,3,0.06666666666666667
8132,3,0.01
8137,3,0.11333333333333333
8138,3,0.013333333333333334
8139,3,0.09
8167,3,0.02
8170,3,0.01
8172,3,0.043333333333333335
8176,3,0.0
8182,3,0.32
8184,3,0.016666666666666666
8196,3,0.03166666666666667
8197,3,0.02666666666666667
8206,3,0.006666666666666667
8208,3,0.043333333333333335
8211,3,0.0
8214,3,0.065
8217,3,0.02
8219,3,0.05333333333333334
8240,3,0.01
8242,3,0.056666666666666664
8243,3,0.07333333333333333
8244,3,0.09
8245,3,0.0033333333333333335
8249,3,0.01
8253,3,0.006666666666666667
8283,3,0.14666666666666667
8308,3,0.21333333333333335
8309,3,0.006666666666666667
8312,3,0.013333333333333334
8313,3,0.07
8314,3,0.07
8321,3,0.016666666666666666
8326,3,0.2866666666666667
8327,3,0.03666666666666667
8341,3,0.03666666666666667
8355,3,0.0033333333333333335
8377,3,0.0033333333333333335
8381,3,0.02666666666666667
8384,3,0.03333333333333333
8386,3,0.016666666666666666
8394,3,0.03333333333333333
8399,3,0.023333333333333334
8404,3,0.0
8405,3,0.0
8406,3,0.016666666666666666
8407,3,0.006666666666666667
8411,3,0.06
8412,3,0.0
8415,3,0.03
8425,3,0.06666666666666667
8427,3,0.39
8441,3,0.05
8442,3,0.0033333333333333335
8452,3,0.07333333333333333
8453,3,0.0033333333333333335
8466,3,0.01
8470,3,0.013333333333333334
8471,3,0.023333333333333334
8482,3,0.013333333333333334
8489,3,0.12333333333333334
8494,3,0.023333333333333334
8498,3,0.02666666666666667
8501,3,0.02666666666666667
8504,3,0.01
8514,3,0.016666666666666666
8526,3,0.016666666666666666
8536,3,0.016666666666666666
8541,3,0.043333333333333335
8544,3,0.10666666666666667
8545,3,0.03333333333333333
8549,3,0.08666666666666667
8566,3,0.37666666666666665
8575,3,0.08333333333333333
8576,3,0.043333333333333335
8592,3,0.02666666666666667
8601,3,0.07666666666666666
8602,3,0.043333333333333335
8609,3,0.09
8617,3,0.043333333333333335
8626,3,0.023333333333333334
8628,3,0.065
8633,3,0.09
8639,3,0.006666666666666667
8640,3,0.0
8661,3,0.07488888888888888
8667,3,0.13333333333333333
8669,3,0.08
8670,3,0.07
8672,3,0.013333333333333334
8686,3,0.01
8687,3,0.02666666666666667
8704,3,0.2733333333333333
8711,3,0.006666666666666667
8717,3,0.10333333333333333
8719,3,0.016666666666666666
8726,3,0.006666666666666667
8737,3,0.15333333333333332
8740,3,0.043333333333333335
8742,3,0.06333333333333334
8755,3,0.006666666666666667
8765,3,0.016666666666666666
8767,3,0.043333333333333335
8769,3,0.013333333333333334
8775,3,0.01
8784,3,0.03266666666666667
8791,3,0.03
8795,3,0.0
8801,3,0.24333333333333335
8810,3,0.006666666666666667
8812,3,0.023333333333333334
8829,3,0.03333333333333333
8831,3,0.05333333333333334
8834,3,0.02
8837,3,0.025
8839,3,0.1
8842,3,0.006666666666666667
8848,3,0.03
8850,3,0.08666666666666667
8851,3,0.05333333333333334
8854,3,0.04
8863,3,0.013333333333333334
8878,3,0.0033333333333333335
8880,3,0.0
8881,3,0.023333333333333334
8882,3,0.013333333333333334
8889,3,0.01
8900,3,0.006666666666666667
8901,3,0.023333333333333334
8903,3,0.06333333333333334
8907,3,0.0
8911,3,0.05333333333333334
8918,3,0.04666666666666667
8927,3,0.135
8934,3,0.01
8938,3,0.0033333333333333335
8940,3,0.13333333333333333
8945,3,0.01
8950,3,0.01
8981,3,0.14666666666666667
8989,3,0.0033333333333333335
9011,3,0.01
9013,3,0.0033333333333333335
9022,3,0.03333333333333333
9029,3,0.03
9034,3,0.04666666666666667
9042,3,0.023333333333333334
9052,3,0.22666666666666666
9057,3,0.01
9058,3,0.09
9061,3,0.016666666666666666
9067,3,0.006666666666666667
9072,3,0.07333333333333333
9078,3,0.04
9079,3,0.016666666666666666
9083,3,0.05333333333333334
9087,3,0.1
9089,3,0.016666666666666666
9108,3,0.03
9114,3,0.0
9117,3,0.01
9121,3,0.016666666666666666
9136,3,0.014285714285714285
9138,3,0.10666666666666667
9145,3,0.01
9146,3,0.0033333333333333335
9157,3,0.02
9166,3,0.043333333333333335
9169,3,0.013333333333333334
9177,3,0.03333333333333333
9181,3,0.06
9182,3,0.2
9195,3,0.115
9207,3,0.013333333333333334
9212,3,0.2633333333333333
9213,3,0.02
9214,3,0.07333333333333333
9221,3,0.01
9222,3,0.0033333333333333335
9224,3,0.04833333333333333
9226,3,0.05
9234,3,0.006666666666666667
9248,3,0.03666666666666667
9250,3,0.013333333333333334
9252,3,0.06666666666666667
9255,3,0.023333333333333334
9259,3,0.04
9261,3,0.09
9267,3,0.059841269841269855
9277,3,0.016666666666666666
9286,3,0.006666666666666667
9295,3,0.03333333333333333
9297,3,0.06666666666666667
9298,3,0.07444444444444444
9301,3,0.03
9310,3,0.06333333333333334
9320,3,0.03666666666666667
9322,3,0.02
9332,3,0.1638015873015873
9335,3,0.013333333333333334
9336,3,0.015
9345,3,0.11666666666666667
9350,3,0.023333333333333334
9365,3,0.0
9366,3,0.37666666666666665
9367,3,0.04666666666666667
9376,3,0.03722222222222222
9394,3,0.12666666666666668
9430,3,0.06666666666666667
9439,3,0.0033333333333333335
9443,3,0.035
9448,3,0.056666666666666664
9458,3,0.19
9459,3,0.51
9462,3,0.14
9469,3,0.08666666666666667
9479,3,0.0033333333333333335
9484,3,0.0033333333333333335
9485,3,0.19333333333333333
9489,3,0.05
9492,3,0.0033333333333333335
9509,3,0.08333333333333333
9514,3,0.27
9521,3,0.03333333333333333
9536,3,0.013333333333333334
9550,3,0.02
9554,3,0.02666666666666667
9557,3,0.15
9569,3,0.016666666666666666
9577,3,0.0
9578,3,0.0033333333333333335
9579,3,0.01
9590,3,0.08333333333333333
9598,3,0.07666666666666666
9601,3,0.016666666666666666
9602,3,0.035
9603,3,0.0
9617,3,0.016666666666666666
9624,3,0.03333333333333333
9630,3,0.03333333333333333
9642,3,0.35333333333333333
9649,3,0.12333333333333334
9667,3,0.056666666666666664
9669,3,0.006666666666666667
9670,3,0.007777777777777777
9674,3,0.16
9675,3,0.04
9678,3,0.013333333333333334
9681,3,0.02666666666666667
9694,3,0.17
9695,3,0.03666666666666667
9700,3,0.05
9707,3,0.0
9714,3,0.043333333333333335
9715,3,0.023333333333333334
9724,3,0.02666666666666667
9742,3,0.14666666666666667
9744,3,0.01
9759,3,0.03
9764,3,0.03666666666666667
9766,3,0.0033333333333333335
9767,3,0.09333333333333334
9770,3,0.02
9777,3,0.09
9791,3,0.0033333333333333335
9792,3,0.07333333333333333
9794,3,0.08
9795,3,0.0
9804,3,0.0033333333333333335
9805,3,0.013333333333333334
9808,3,0.02666666666666667
9811,3,0.02
9814,3,0.013333333333333334
9823,3,0.013333333333333334
9841,3,0.06666666666666667
9850,3,0.03333333333333333
9857,3,0.05
9865,3,0.03138888888888889
9880,3,0.016666666666666666
9881,3,0.25666666666666665
9887,3,0.06333333333333334
9896,3,0.025
9908,3,0.03833333333333333
9912,3,0.043444444444444445
9914,3,0.055
9918,3,0.22
9919,3,0.04
9926,3,0.013333333333333334
9934,3,0.016666666666666666
9943,3,0.07666666666666666
9955,3,0.10666666666666667
9959,3,0.02
9963,3,0.006666666666666667
9967,3,0.0033333333333333335
9970,3,0.01
9975,3,0.0033333333333333335
9978,3,0.02
9983,3,0.016666666666666666
9989,3,0.05333333333333334
9990,3,0.03166666666666667
9991,3,0.056666666666666664
10015,3,0.02
10017,3,0.06666666666666667
10029,3,0.01
10033,3,0.02
10037,3,0.008333333333333333
10045,3,0.07
10047,3,0.0033333333333333335
10049,3,0.015
10069,3,0.03
10070,3,0.006666666666666667
10074,3,0.008333333333333333
10089,3,0.05333333333333334
10096,3,0.013333333333333334
10099,3,0.056666666666666664
10102,3,0.04
10140,3,0.016666666666666666
10147,3,0.08
10149,3,0.04
10151,3,0.06
10154,3,0.21
10162,3,0.013333333333333334
10175,3,0.02666666666666667
10177,3,0.0033333333333333335
10178,3,0.013333333333333334
10184,3,0.03666666666666667
10185,3,0.02
10187,3,0.043333333333333335
10219,3,0.10333333333333333
10221,3,0.006666666666666667
10243,3,0.09666666666666666
10248,3,0.02666666666666667
10250,3,0.016666666666666666
10251,3,0.0
10259,3,0.03666666666666667
10262,3,0.016666666666666666
10271,3,0.03666666666666667
10283,3,0.06666666666666667
10289,3,0.04666666666666667
10290,3,0.11
10293,3,0.006666666666666667
10298,3,0.08333333333333333
10299,3,0.0033333333333333335
10311,3,0.04
10315,3,0.05333333333333334
10317,3,0.11
10319,3,0.04
10328,3,0.0033333333333333335
10371,3,0.06333333333333334
10373,3,0.025
10387,3,0.016666666666666666
10393,3,0.018888888888888886
10398,3,0.011666666666666667
10407,3,0.01
10416,3,0.03666666666666667
10419,3,0.05333333333333334
10428,3,0.0033333333333333335
10431,3,0.016666666666666666
10433,3,0.01
10435,3,0.24666666666666667
10442,3,0.06
10443,3,0.03
10448,3,0.043333333333333335
10454,3,0.04666666666666667
10455,3,0.01
10460,3,0.013333333333333334
10470,3,0.14333333333333334
10474,3,0.01
10490,3,0.02666666666666667
10491,3,0.03333333333333333
10495,3,0.013333333333333334
10516,3,0.023333333333333334
10520,3,0.006666666666666667
10527,3,0.006666666666666667
10528,3,0.006666666666666667
10530,3,0.013333333333333334
10538,3,0.016666666666666666
10541,3,0.03333333333333333
10551,3,0.0033333333333333335
10563,3,0.056666666666666664
10586,3,0.01
10608,3,0.013333333333333334
10614,3,0.12666666666666668
10619,3,0.06666666666666667
10636,3,0.0033333333333333335
10647,3,0.0
10659,3,0.016666666666666666
10672,3,0.07333333333333333
10675,3,0.0
10679,3,0.0033333333333333335
10688,3,0.016666666666666666
10704,3,0.07666666666666666
10705,3,0.01
10713,3,0.006666666666666667
10726,3,0.013333333333333334
10727,3,0.0033333333333333335
10729,3,0.006666666666666667
10733,3,0.09333333333333334
10734,3,0.023333333333333334
10735,3,0.013333333333333334
10736,3,0.01
10738,3,0.05333333333333334
10765,3,0.04
10766,3,0.013333333333333334
10774,3,0.01
10778,3,0.025
10782,3,0.013333333333333334
10784,3,0.1
10785,3,0.023333333333333334
10792,3,0.01
10795,3,0.01
10802,3,0.023333333333333334
10810,3,0.006666666666666667
10812,3,0.09
10815,3,0.016666666666666666
10820,3,0.01
10827,3,0.016666666666666666
10838,3,0.07333333333333333
10839,3,0.023333333333333334
10843,3,0.07666666666666666
10844,3,0.03
10848,3,0.01
10860,3,0.028333333333333332
10865,3,0.0033333333333333335
10866,3,0.043333333333333335
10875,3,0.056666666666666664
10881,3,0.01
10883,3,0.04666666666666667
10892,3,0.013333333333333334
10905,3,0.023333333333333334
10906,3,0.05727777777777777
10908,3,0.023333333333333334
10910,3,0.07
10921,3,0.06333333333333334
10922,3,0.01
10924,3,0.05333333333333334
10931,3,0.03333333333333333
10941,3,0.005833333333333334
10954,3,0.0033333333333333335
10957,3,0.03
10965,3,0.04666666666666667
10974,3,0.02666666666666667
10978,3,0.03666666666666667
10981,3,0.03
10982,3,0.04666666666666667
10983,3,0.03666666666666667
10984,3,0.043333333333333335
11008,3,0.025833333333333333
11009,3,0.056666666666666664
11016,3,0.03
11017,3,0.02
11020,3,0.023333333333333334
11029,3,0.04666666666666667
11039,3,0.03666666666666667
11040,3,0.016666666666666666
11046,3,0.16
11054,3,0.04666666666666667
11055,3,0.07333333333333333
11056,3,0.023333333333333334
11063,3,0.0033333333333333335
11069,3,0.01
11075,3,0.27
11076,3,0.06666666666666667
11082,3,0.25
11093,3,0.03333333333333333
11094,3,0.0033333333333333335
11097,3,0.06333333333333334
11102,3,0.0033333333333333335
11109,3,0.15638888888888888
11114,3,0.02
11116,3,0.02
11126,3,0.006666666666666667
11127,3,0.02666666666666667
11129,3,0.01
11130,3,0.05944444444444445
11137,3,0.006666666666666667
11141,3,0.02
11151,3,0.023333333333333334
11153,3,0.11
11163,3,0.03333333333333333
11165,3,0.0
11168,3,0.0
11176,3,0.05333333333333334
11180,3,0.02666666666666667
11204,3,0.008333333333333333
11211,3,0.01
11214,3,0.013333333333333334
11226,3,0.02
11229,3,0.03333333333333333
11230,3,0.043333333333333335
11231,3,0.1
11239,3,0.01
11240,3,0.05
11245,3,0.46
11247,3,0.17666666666666667
11256,3,0.02666666666666667
11270,3,0.08166666666666667
11310,3,0.013333333333333334
11324,3,0.043333333333333335
11331,3,0.08666666666666667
11336,3,0.043333333333333335
11338,3,0.07666666666666666
11344,3,0.04666666666666667
11346,3,0.04666666666666667
11348,3,0.050555555555555555
11351,3,0.006666666666666667
11362,3,0.03
11370,3,0.02
11379,3,0.03
11390,3,0.04
11404,3,0.03333333333333333
11405,3,0.006666666666666667
11413,3,0.02
11417,3,0.08523809523809524
11423,3,0.023333333333333334
11429,3,0.05
11434,3,0.03333333333333333
11435,3,0.013333333333333334
11436,3,0.09333333333333334
11439,3,0.01
11446,3,0.0
11452,3,0.02
11458,3,0.0
11459,3,0.0033333333333333335
11469,3,0.011666666666666667
11489,3,0.013333333333333334
11495,3,0.03634920634920635
11502,3,0.2236666666666667
11505,3,0.023333333333333334
11509,3,0.10757142857142857
11517,3,0.01
11519,3,0.17666666666666667
11525,3,0.02
11530,3,0.05333333333333334
11533,3,0.02
11540,3,0.09533333333333334
11556,3,0.03
11576,3,0.06
11595,3,0.023333333333333334
11601,3,0.03
11607,3,0.12
11612,3,0.02666666666666667
11614,3,0.02666666666666667
11630,3,0.023333333333333334
11636,3,0.006666666666666667
11637,3,0.013333333333333334
11656,3,0.05333333333333334
11665,3,0.02
11670,3,0.05333333333333334
11689,3,0.023333333333333334
11701,3,0.043333333333333335
11704,3,0.02666666666666667
11714,3,0.03
11722,3,0.06
11731,3,0.013333333333333334
11736,3,0.03
11753,3,0.023333333333333334
11766,3,0.01
11768,3,0.02666666666666667
11769,3,0.07666666666666666
11772,3,0.02666666666666667
11773,3,0.02666666666666667
11782,3,0.006666666666666667
11784,3,0.01
11793,3,0.4
11794,3,0.03666666666666667
11799,3,0.03
11806,3,0.043333333333333335
11810,3,0.0033333333333333335
11823,3,0.01
11835,3,0.07
11843,3,0.01
11845,3,0.06666666666666667
11848,3,0.12
11872,3,0.03333333333333333
11879,3,0.013333333333333334
11886,3,0.0033333333333333335
11888,3,0.06333333333333334
11889,3,0.006666666666666667
11894,3,0.02666666666666667
11897,3,0.006666666666666667
11915,3,0.006666666666666667
11927,3,0.01
11941,3,0.0
11963,3,0.06666666666666667
11972,3,0.04
11983,3,0.0033333333333333335
11986,3,0.02666666666666667
11989,3,0.023333333333333334
11999,3,0.013333333333333334
12002,3,0.04666666666666667
12019,3,0.12333333333333334
12023,3,0.06333333333333334
12031,3,0.08666666666666667
12033,3,0.02
12035,3,0.03666666666666667
12039,3,0.01
12041,3,0.09
12042,3,0.016666666666666666
12047,3,0.06666666666666667
12051,3,0.013333333333333334
12052,3,0.013333333333333334
12054,3,0.03833333333333333
12059,3,0.0033333333333333335
12063,3,0.02
12064,3,0.03333333333333333
12069,3,0.16666666666666666
12072,3,0.016666666666666666
12085,3,0.1
12086,3,0.0033333333333333335
12089,3,0.03666666666666667
12090,3,0.03
12103,3,0.016666666666666666
12105,3,0.12888888888888891
12109,3,0.02666666666666667
12117,3,0.06666666666666667
12121,3,0.03
12129,3,0.023333333333333334
12153,3,0.0033333333333333335
12155,3,0.023333333333333334
12162,3,0.03
12164,3,0.03666666666666667
12166,3,0.018333333333333333
12173,3,0.16666666666666666
12177,3,0.07833333333333334
12179,3,0.016666666666666666
12183,3,0.04
12184,3,0.04666666666666667
12186,3,0.09
12196,3,0.013333333333333334
12207,3,0.031111111111111107
12210,3,0.005555555555555555
12224,3,0.0
12228,3,0.0
12241,3,0.0680079365079365
12248,3,0.018888888888888886
12250,3,0.018333333333333333
12257,3,0.0
12270,3,0.0033333333333333335
12274,3,0.0
12277,3,0.016666666666666666
12278,3,0.05
12280,3,0.0033333333333333335
12283,3,0.01
12286,3,0.02666666666666667
12296,3,0.016666666666666666
12303,3,0.016666666666666666
12313,3,0.03333333333333333
12317,3,0.1
12327,3,0.06811111111111111
12357,3,0.03777777777777778
12363,3,0.10333333333333333
12365,3,0.12155555555555556
12369,3,0.07472222222222222
12370,3,0.26666666666666666
12372,3,0.10333333333333333
12387,3,0.01
12397,3,0.2683333333333333
12398,3,0.05
12399,3,0.002
12404,3,0.065
12406,3,0.023333333333333334
12420,3,0.05333333333333334
12431,3,0.006666666666666667
12434,3,0.07333333333333333
12461,3,0.03666666666666667
12468,3,0.08
12470,3,0.15
12480,3,0.07805555555555556
12489,3,0.03
12494,3,0.03666666666666667
12505,3,0.006666666666666667
12506,3,0.006666666666666667
12508,3,0.13
12513,3,0.12833333333333333
12519,3,0.012777777777777779
12526,3,0.0
12536,3,0.01
12537,3,0.016666666666666666
12542,3,0.013888888888888886
12549,3,0.24077777777777784
12550,3,0.04
12562,3,0.11
12568,3,0.10666666666666667
12572,3,0.01
12573,3,0.03666666666666667
12581,3,0.07911111111111112
12588,3,0.04
12601,3,0.07666666666666666
12605,3,0.016666666666666666
12606,3,0.02
12611,3,0.02666666666666667
12612,3,0.04666666666666667
12617,3,0.06666666666666667
12619,3,0.016666666666666666
12636,3,0.15666666666666668
12638,3,0.01
12650,3,0.03
12658,3,0.17833333333333334
12660,3,0.06
12667,3,0.13333333333333333
12673,3,0.21666666666666667
12681,3,0.03666666666666667
12685,3,0.016666666666666666
12691,3,0.165
12699,3,0.056666666666666664
12701,3,0.013333333333333334
12702,3,0.02666666666666667
12720,3,0.09
12734,3,0.0033333333333333335
12738,3,0.12666666666666668
12748,3,0.05333333333333334
12752,3,0.016666666666666666
12758,3,0.10122222222222221
12762,3,0.02
12766,3,0.016944444444444443
12771,3,0.19666666666666666
12778,3,0.13333333333333333
12801,3,0.27
12802,3,0.085
12805,3,0.013333333333333334
12815,3,0.013333333333333334
12821,3,0.023333333333333334
12826,3,0.015277777777777777
12830,3,0.4146984126984128
12831,3,0.006666666666666667
12834,3,0.12670634920634918
12843,3,0.03722222222222222
12847,3,0.03333333333333333
12861,3,0.08666666666666667
12867,3,0.13666666666666666
12888,3,0.03194444444444445
12893,3,0.11
12900,3,0.07333333333333333
12907,3,0.01
12910,3,0.21333333333333335
12912,3,0.02
12925,3,0.02666666666666667
12933,3,0.18666666666666668
12935,3,0.08333333333333333
12947,3,0.0033333333333333335
12957,3,0.06333333333333334
12968,3,0.04
12977,3,0.08666666666666667
12981,3,0.01
12987,3,0.21822222222222223
12989,3,0.11333333333333333
12990,3,0.03
12994,3,0.02666666666666667
13001,3,0.24333333333333335
13012,3,0.05333333333333334
13019,3,0.013333333333333334
13020,3,0.0033333333333333335
13037,3,0.0
13038,3,0.08222222222222222
13049,3,0.11333333333333333
13051,3,0.08666666666666667
13075,3,0.01
13078,3,0.0033333333333333335
13085,3,0.0033333333333333335
13098,3,0.008333333333333333
13103,3,0.0408968253968254
13110,3,0.023333333333333334
13112,3,0.024722222222222222
13115,3,0.016666666666666666
13118,3,0.05333333333333334
13119,3,0.08
13124,3,0.05333333333333334
13125,3,0.03311111111111111
13130,3,0.06666666666666667
13140,3,0.013333333333333334
13151,3,0.0
13152,3,0.0033333333333333335
13160,3,0.02
13161,3,0.006666666666666667
13163,3,0.03
13165,3,0.04666666666666667
13173,3,0.07
13176,3,0.0016666666666666668
13180,3,0.01
13188,3,0.07072222222222223
13194,3,0.016666666666666666
13196,3,0.006666666666666667
13210,3,0.016666666666666666
13212,3,0.12888888888888891
13218,3,0.016666666666666666
13219,3,0.4
13221,3,0.15027777777777776
13222,3,0.08666666666666667
13229,3,0.03666666666666667
13231,3,0.03
13247,3,0.01
13248,3,0.042777777777777776
13249,3,0.02
13259,3,0.04
13262,3,0.6512539682539683
13266,3,0.05333333333333334
13268,3,0.047
13279,3,0.07388888888888889
13282,3,0.07388888888888889
13284,3,0.050055555555555555
13287,3,0.05
13288,3,0.01
13290,3,0.05055555555555556
13295,3,0.06
13299,3,0.0033333333333333335
13315,3,0.21384920634920632
13317,3,0.04666666666666667
13327,3,0.10833333333333334
13333,3,0.06567460317460319
13334,3,0.06
13370,3,0.12666666666666668
13371,3,0.013333333333333334
13382,3,0.011666666666666667
13383,3,0.025555555555555557
13388,3,0.27666666666666667
13389,3,0.11555555555555558
13390,3,0.0033333333333333335
13410,3,0.03833333333333333
13411,3,0.11333333333333333
13413,3,0.07666666666666666
13418,3,0.01
13424,3,0.21333333333333335
13428,3,0.006666666666666667
13440,3,0.16333333333333333
13446,3,0.01
13448,3,0.0
13450,3,0.09355555555555556
13452,3,0.08333333333333333
13455,3,0.0911111111111111
13469,3,0.07
13475,3,0.0
13476,3,0.037222222222222226
13478,3,0.0
13480,3,0.0
13485,3,0.0
13490,3,0.018000000000000002
13495,3,0.09
13512,3,0.08472222222222223
13520,3,0.49666666666666665
13522,3,0.0
13524,3,0.11666666666666667
13531,3,0.02666666666666667
13536,3,0.006666666666666667
13539,3,0.0225
13544,3,0.0869074074074074
13566,3,0.0
13567,3,0.06
13575,3,0.023333333333333334
13580,3,0.08460449735449733
13582,3,0.4033333333333333
13583,3,0.24333333333333335
13599,3,0.03333333333333333
13615,3,0.013333333333333334
13636,3,0.051944444444444446
13639,3,0.07333333333333333
13647,3,0.041345238095238095
13652,3,0.06177777777777777
13657,3,0.016666666666666666
13661,3,0.006666666666666667
13675,3,0.0033333333333333335
13676,3,0.04
13681,3,0.05
13700,3,0.0325
13704,3,0.006666666666666667
13705,3,0.004666666666666666
13713,3,0.07733333333333334
13726,3,0.15333333333333332
13729,3,0.07666666666666666
13735,3,0.049444444444444444
13738,3,0.02666666666666667
13748,3,0.02
13759,3,0.02
13763,3,0.0525
13770,3,0.09666666666666666
13777,3,0.06666666666666667
13778,3,0.059333333333333335
13779,3,0.06
13780,3,0.056666666666666664
13791,3,0.03333333333333333
13797,3,0.04972222222222222
13803,3,0.023333333333333334
13831,3,0.01
13842,3,0.125
13844,3,0.010555555555555556
13852,3,0.14
13861,3,0.03
13866,3,0.08444444444444445
13872,3,0.13166666666666665
13875,3,0.043333333333333335
13876,3,0.0033333333333333335
13882,3,0.034444444444444444
13887,3,0.34555555555555556
13889,3,0.03666666666666667
13891,3,0.07222222222222223
13894,3,0.09833333333333333
13897,3,0.07333333333333333
13903,3,0.02
13905,3,0.5148333333333334
13912,3,0.01
13916,3,0.02711111111111111
13939,3,0.04777777777777777
13949,3,0.47161111111111115
13950,3,0.12944444444444442
13954,3,0.02
13956,3,0.06
13959,3,0.03666666666666667
13963,3,0.11333333333333333
13970,3,0.21444444444444447
13973,3,0.013333333333333334
13987,3,0.02677777777777778
13995,3,0.12666666666666668
13997,3,0.053
14001,3,0.18572222222222223
14006,3,0.03333333333333333
14018,3,0.0033333333333333335
14020,3,0.04
14021,3,0.18433333333333335
14023,3,0.08666666666666667
14029,3,0.0033333333333333335
14034,3,0.0961111111111111
14042,3,0.10722222222222223
14057,3,0.009000000000000001
14061,3,0.028333333333333332
14063,3,0.03472222222222222
14064,3,0.04666666666666667
14073,3,0.08633333333333333
14079,3,0.01
14084,3,0.013333333333333334
14091,3,0.02
14092,3,0.0033333333333333335
14102,3,0.006666666666666667
14103,3,0.08055555555555555
14109,3,0.02666666666666667
14113,3,0.02222222222222222
14128,3,0.09
14131,3,0.016666666666666666
14141,3,0.1
14143,3,0.006666666666666667
14145,3,0.013333333333333334
14150,3,0.07166666666666667
14152,3,0.0033333333333333335
14158,3,0.03333333333333333
14175,3,0.023333333333333334
14181,3,0.08666666666666667
14182,3,0.006666666666666667
14189,3,0.16
14190,3,0.035333333333333335
14192,3,0.01
14195,3,0.14333333333333334
14197,3,0.013333333333333334
14199,3,0.04
14205,3,0.035333333333333335
14226,3,0.02666666666666667
14237,3,0.011666666666666667
14238,3,0.0
14241,3,0.023333333333333334
14243,3,0.013333333333333334
14257,3,0.013333333333333334
14265,3,0.016666666666666666
14275,3,0.028333333333333332
14276,3,0.03
14281,3,0.02
14299,3,0.043333333333333335
14300,3,0.07333333333333333
14302,3,0.023333333333333334
14305,3,0.07083333333333333
14325,3,0.3466666666666667
14337,3,0.01
14339,3,0.023333333333333334
14340,3,0.056666666666666664
14351,3,0.09
14354,3,0.025555555555555554
14355,3,0.03333333333333333
14357,3,0.0033333333333333335
14363,3,0.023333333333333334
14364,3,0.055
14370,3,0.0033333333333333335
14375,3,0.05361111111111111
14379,3,0.0027777777777777775
14382,3,0.021666666666666667
14387,3,0.04
14395,3,0.05333333333333334
14403,3,0.0022222222222222222
14405,3,0.05
14410,3,0.04444444444444444
14414,3,0.05
14419,3,0.0
14423,3,0.08
14425,3,0.05611111111111112
14432,3,0.22
14433,3,0.043333333333333335
14445,3,0.07
14455,3,0.06666666666666667
14465,3,0.03
14479,3,0.016666666666666666
14487,3,0.013333333333333334
14492,3,0.18666666666666668
14493,3,0.023333333333333334
14494,3,0.013333333333333334
14495,3,0.07166666666666667
14496,3,0.030833333333333334
14513,3,0.13333333333333333
14515,3,0.016666666666666666
14517,3,0.0
14543,3,0.1075
14550,3,0.02
14552,3,0.0
14566,3,0.24666666666666667
14591,3,0.24711111111111114
14596,3,0.10333333333333333
14597,3,0.0525
14605,3,0.043333333333333335
14633,3,0.056
14646,3,0.0033333333333333335
14675,3,0.013333333333333334
14681,3,0.09555555555555555
14693,3,0.016666666666666666
14697,3,0.11666666666666667
14720,3,0.02666666666666667
14727,3,0.04
14728,3,0.051666666666666666
14730,3,0.01
14741,3,0.18
14744,3,0.04
14750,3,0.04
14753,3,0.058357142857142864
14758,3,0.20168253968253969
14761,3,0.13333333333333333
14764,3,0.13333333333333333
14768,3,0.12166666666666667
14770,3,0.045
14778,3,0.06
14788,3,0.12333333333333334
14789,3,0.09355555555555556
14796,3,0.075
14797,3,0.01777777777777778
14824,3,0.09333333333333334
14832,3,0.04666666666666667
14836,3,0.05888888888888888
14849,3,0.19638888888888892
14865,3,0.06194444444444444
14868,3,0.02
14871,3,0.016666666666666666
14881,3,0.4727380952380952
14888,3,0.06666666666666667
14892,3,0.056666666666666664
14894,3,0.014444444444444444
14897,3,0.12333333333333334
14914,3,0.11666666666666667
14918,3,0.041666666666666664
14920,3,0.04055555555555556
14940,3,0.24
14943,3,0.08
14947,3,0.05333333333333334
14965,3,0.023333333333333334
14977,3,0.09944444444444445
14992,3,0.03666666666666667
15005,3,0.013333333333333334
15007,3,0.023333333333333334
15016,3,0.0
15023,3,0.03
15030,3,0.06333333333333334
15031,3,0.6866666666666666
15040,3,0.0033333333333333335
15048,3,0.03666666666666667
15053,3,0.0
15060,3,0.032777777777777774
15068,3,0.032777777777777774
15069,3,0.023333333333333334
15072,3,0.0
15073,3,0.0
15075,3,0.0033333333333333335
15078,3,0.013333333333333334
15084,3,0.006666666666666667
15086,3,0.07
15091,3,0.006666666666666667
15094,3,0.0
15096,3,0.0
15097,3,0.043333333333333335
15099,3,0.08
15101,3,0.0
15102,3,0.03666666666666667
15103,3,0.006666666666666667
15109,3,0.006666666666666667
15111,3,0.08
15115,3,0.016666666666666666
15118,3,0.11
15122,3,0.03333333333333333
15124,3,0.02
15128,3,0.04666666666666667
15142,3,0.016666666666666666
15145,3,0.12277777777777776
15153,3,0.043333333333333335
15155,3,0.24
15157,3,0.29333333333333333
15162,3,0.04388888888888889
15171,3,0.04
15177,3,0.05333333333333334
15183,3,0.06
15193,3,0.03
15196,3,0.7883333333333333
15203,3,0.1275
15207,3,0.013333333333333334
15212,3,0.07
15235,3,0.0
15237,3,0.07333333333333333
15241,3,0.07531746031746031
15243,3,0.0
15256,3,0.03333333333333333
15261,3,0.023333333333333334
15264,3,0.16333333333333333
15271,3,0.04
15283,3,0.15255555555555556
15291,3,0.05222222222222222
15323,3,0.03
15332,3,0.053888888888888896
15341,3,0.12333333333333334
15348,3,0.04
15351,3,0.15450793650793648
15355,3,0.06333333333333334
15358,3,0.021111111111111112
15361,3,0.03944444444444444
15366,3,0.056666666666666664
15370,3,0.12515873015873014
15375,3,0.14
15379,3,0.03333333333333333
15381,3,0.11916666666666667
15382,3,0.21888888888888886
15386,3,0.06277777777777778
15387,3,0.07333333333333333
15392,3,0.10694444444444443
15393,3,0.09166666666666666
15394,3,0.03833333333333333
15400,3,0.13688888888888887
15407,3,0.0675
15408,3,0.05333333333333334
15410,3,0.05333333333333334
15412,3,0.12133333333333333
15414,3,0.02
15425,3,0.035833333333333335
15427,3,0.13366666666666668
15428,3,0.08288888888888889
15437,3,0.12333333333333334
15438,3,0.10011111111111111
15443,3,0.0616111111111111
15448,3,0.11333333333333333
15456,3,0.051111111111111114
15459,3,0.24333333333333335
15472,3,0.09166666666666666
15474,3,0.13333333333333333
15476,3,0.022777777777777775
15482,3,0.23666666666666666
15483,3,0.03571428571428572
15484,3,0.06
15490,3,0.2157142857142857
15493,3,0.018333333333333333
15494,3,0.04
15507,3,0.12333333333333334
15530,3,0.03444444444444444
15532,3,0.056666666666666664
15548,3,0.215
15549,3,0.20666666666666667
15565,3,0.006666666666666667
15568,3,0.05361111111111111
15569,3,0.03444444444444444
15573,3,0.11912698412698414
15581,3,0.12333333333333334
15582,3,0.02666666666666667
15584,3,0.05333333333333334
15591,3,0.24555555555555553
15593,3,0.11666666666666667
15596,3,0.03
15598,3,0.04
15600,3,0.0033333333333333335
15604,3,0.03666666666666667
15608,3,0.05333333333333334
15615,3,0.01
15622,3,0.03666666666666667
15623,3,0.0033333333333333335
15626,3,0.4266666666666667
15629,3,0.05333333333333334
15631,3,0.01
15634,3,0.07
15641,3,0.03333333333333333
15648,3,0.043333333333333335
15651,3,0.02666666666666667
15672,3,0.01
15674,3,0.024444444444444446
15677,3,0.05333333333333334
15685,3,0.07333333333333333
15687,3,0.01
15689,3,0.23666666666666666
15699,3,0.013333333333333334
15700,3,0.05388888888888888
15704,3,0.019166666666666665
15717,3,0.0033333333333333335
15724,3,0.44
15725,3,0.016666666666666666
15730,3,0.02
15738,3,0.0
15744,3,0.01
15747,3,0.0075
15763,3,0.013333333333333334
15783,3,0.07
15787,3,0.02
15793,3,0.02666666666666667
15799,3,0.13666666666666666
15806,3,0.15666666666666668
15811,3,0.11333333333333333
15817,3,0.03
15820,3,0.06727777777777778
15847,3,0.06333333333333334
15849,3,0.04
15850,3,0.05
15855,3,0.02
15861,3,0.04666666666666667
15867,3,0.04
15873,3,0.03
15875,3,0.06666666666666667
15880,3,0.03333333333333333
15881,3,0.01
15885,3,0.035
15889,3,0.01
15892,3,0.0033333333333333335
15895,3,0.03888888888888889
15905,3,0.03333333333333333
15911,3,0.02
15921,3,0.0033333333333333335
15922,3,0.08333333333333333
15925,3,0.043333333333333335
15929,3,0.043333333333333335
15960,3,0.05
15962,3,0.04833333333333333
15971,3,0.016666666666666666
15973,3,0.11222222222222221
15980,3,0.023333333333333334
15982,3,0.02
15987,3,0.023333333333333334
15993,3,0.006666666666666667
16003,3,0.006666666666666667
16009,3,0.023333333333333334
16010,3,0.028333333333333332
16016,3,0.10166666666666667
16017,3,0.03333333333333333
16022,3,0.17666666666666667
16031,3,0.07666666666666666
16042,3,0.0033333333333333335
16044,3,0.02
16047,3,0.02
16057,3,0.0033333333333333335
16060,3,0.38333333333333336
16061,3,0.01
16067,3,0.02983333333333333
16090,3,0.16666666666666666
16091,3,0.05
16101,3,0.1475
16106,3,0.013333333333333334
16107,3,0.02
16110,3,0.023333333333333334
16112,3,0.0033333333333333335
16114,3,0.02
16120,3,0.006666666666666667
16130,3,0.013333333333333334
16136,3,0.07333333333333333
16147,3,0.01
16150,3,0.03666666666666667
16177,3,0.034166666666666665
16179,3,0.03666666666666667
16181,3,0.03666666666666667
16188,3,0.07333333333333333
16191,3,0.017777777777777778
16197,3,0.006666666666666667
16214,3,0.0636111111111111
16218,3,0.02
16233,3,0.008333333333333333
16244,3,0.006666666666666667
16249,3,0.13155555555555556
16257,3,0.04666666666666667
16266,3,0.05416666666666667
16270,3,0.006666666666666667
16274,3,0.023333333333333334
16301,3,0.056666666666666664
16302,3,0.31666666666666665
16312,3,0.006666666666666667
16316,3,0.06333333333333334
16323,3,0.12
16327,3,0.05333333333333334
16339,3,0.02722222222222222
16340,3,0.02722222222222222
16342,3,0.0033333333333333335
16343,3,0.02722222222222222
16348,3,0.024444444444444442
16354,3,0.03
16356,3,0.051666666666666666
16366,3,0.37666666666666665
16368,3,0.25666666666666665
16369,3,0.0033333333333333335
16374,3,0.18611111111111112
16382,3,0.056666666666666664
16386,3,0.006666666666666667
16387,3,0.09
16392,3,0.006666666666666667
16394,3,0.29316666666666663
16399,3,0.07
16421,3,0.6994444444444444
16424,3,0.06588888888888889
16432,3,0.15666666666666668
16434,3,0.12
16439,3,0.16133333333333333
16444,3,0.018333333333333333
16447,3,0.11444444444444445
16450,3,0.3080555555555556
16460,3,0.05333333333333334
16465,3,0.05555555555555556
16467,3,0.0
16468,3,0.043333333333333335
16488,3,0.16333333333333333
16489,3,0.0033333333333333335
16494,3,0.04888888888888889
16508,3,0.06222222222222223
16522,3,0.006666666666666667
16523,3,0.054444444444444455
16524,3,0.07666666666666666
16528,3,0.05
16530,3,0.04
16538,3,0.0375
16539,3,0.17666666666666667
16549,3,0.05333333333333334
16550,3,0.09
16551,3,0.03666666666666667
16565,3,0.028333333333333332
16570,3,0.06400793650793651
16585,3,0.0033333333333333335
16598,3,0.005833333333333334
16605,3,0.03333333333333333
16608,3,0.04666666666666667
16624,3,0.027
16642,3,0.0275
16646,3,0.03816666666666666
16655,3,0.016666666666666666
16656,3,0.017777777777777778
16662,3,0.04666666666666667
16670,3,0.006666666666666667
16676,3,0.05333333333333334
16692,3,0.0
16696,3,0.017777777777777778
16703,3,0.043333333333333335
16706,3,0.17
16711,3,0.031111111111111107
16712,3,0.03333333333333333
16718,3,0.10333333333333333
16730,3,0.11777777777777776
16735,3,0.09616666666666666
16741,3,0.013333333333333334
16766,3,0.03
16774,3,0.0033333333333333335
16776,3,0.04583333333333333
16784,3,0.006666666666666667
16790,3,0.04666666666666667
16802,3,0.2
16818,3,0.006666666666666667
16820,3,0.035
16827,3,0.15
16828,3,0.11333333333333333
16847,3,0.05527777777777777
16858,3,0.043333333333333335
16884,3,0.07222222222222222
16886,3,0.18666666666666668
16893,3,0.0033333333333333335
16894,3,0.015
16903,3,0.13333333333333333
16909,3,0.02
16914,3,0.07333333333333333
16915,3,0.03333333333333333
16917,3,0.02
16921,3,0.016666666666666666
16924,3,0.24083333333333334
16926,3,0.12666666666666668
16938,3,0.16777777777777778
16941,3,0.008888888888888889
16958,3,0.20333333333333334
16959,3,0.03
16964,3,0.03
16968,3,0.06666666666666667
16969,3,0.04666666666666667
16970,3,0.03666666666666667
16989,3,0.02666666666666667
16996,3,0.19083333333333333
17004,3,0.021666666666666667
17013,3,0.04666666666666667
17016,3,0.05
17019,3,0.016666666666666666
17026,3,0.01
17027,3,0.12055555555555554
17032,3,0.08
17040,3,0.09666666666666666
17043,3,0.07944444444444444
17046,3,0.023333333333333334
17049,3,0.01
17065,3,0.06333333333333334
17080,3,0.07
17084,3,0.006666666666666667
17087,3,0.013333333333333334
17090,3,0.013333333333333334
17092,3,0.013333333333333334
17094,3,0.034222222222222216
17105,3,0.006666666666666667
17109,3,0.023333333333333334
17110,3,0.02666666666666667
17112,3,0.03333333333333333
17113,3,0.016666666666666666
17119,3,0.016666666666666666
17130,3,0.07666666666666666
17137,3,0.10666666666666667
17138,3,0.02922222222222222
17152,3,0.39666666666666667
17153,3,0.10444444444444444
17156,3,0.1425
17160,3,0.0033333333333333335
17162,3,0.042222222222222223
17167,3,0.22088888888888888
17171,3,0.0033333333333333335
17177,3,0.09111111111111111
17183,3,0.18
17196,3,0.03
17201,3,0.14333333333333334
17203,3,0.12
17211,3,0.06972222222222221
17218,3,0.04
17236,3,0.10666666666666667
17244,3,0.023333333333333334
17246,3,0.10222222222222223
17250,3,0.08833333333333333
17254,3,0.05
17259,3,0.016666666666666666
17261,3,0.0033333333333333335
17265,3,0.051666666666666666
17268,3,0.02
17274,3,0.050833333333333335
17278,3,0.03777777777777777
17279,3,0.023333333333333334
17281,3,0.05
17290,3,0.006666666666666667
17295,3,0.01
17296,3,0.06805555555555555
17309,3,0.07333333333333333
17313,3,0.09
17319,3,0.07
17334,3,0.023333333333333334
17338,3,0.07333333333333333
17345,3,0.06666666666666667
17351,3,0.07666666666666666
17366,3,0.04
17369,3,0.006666666666666667
17374,3,0.006666666666666667
17383,3,0.07666666666666666
17385,3,0.25
17388,3,0.06333333333333334
17390,3,0.023333333333333334
17404,3,0.013333333333333334
17405,3,0.023333333333333334
17418,3,0.023333333333333334
17421,3,0.04583333333333333
17433,3,0.06333333333333334
17438,3,0.006666666666666667
17439,3,0.06666666666666667
17444,3,0.13666666666666666
17448,3,0.09
17459,3,0.016666666666666666
17478,3,0.5433333333333333
17479,3,0.04
17481,3,0.016666666666666666
17486,3,0.02
17491,3,0.03166666666666667
17505,3,0.03666666666666667
17507,3,0.46
17509,3,0.10333333333333333
17511,3,0.045
17514,3,0.03666666666666667
17522,3,0.008888888888888889
17525,3,0.09666666666666666
17526,3,0.03666666666666667
17531,3,0.0033333333333333335
17539,3,0.10333333333333333
17541,3,0.10333333333333333
17546,3,0.04666666666666667
17550,3,0.021111111111111112
17553,3,0.016666666666666666
17559,3,0.08333333333333333
17560,3,0.16
17567,3,0.12
17588,3,0.03
17589,3,0.0
17592,3,0.03333333333333333
17603,3,0.04
17606,3,0.048888888888888885
17609,3,0.05222222222222222
17616,3,0.03
17632,3,0.043333333333333335
17634,3,0.03
17636,3,0.04
17637,3,0.05333333333333334
17652,3,0.03666666666666667
17654,3,0.05
17663,3,0.03666666666666667
17682,3,0.0
17696,3,0.021111111111111112
17698,3,0.07333333333333333
17705,3,0.016666666666666666
17709,3,0.05333333333333334
17721,3,0.03333333333333333
17730,3,0.044380952380952375
17732,3,0.06333333333333334
17735,3,0.006666666666666667
17736,3,0.016666666666666666
17737,3,0.08333333333333333
17743,3,0.03166666666666667
17747,3,0.0
17749,3,0.02666666666666667
17750,3,0.04666666666666667
17755,3,0.01
17780,3,0.031111111111111114
17781,3,0.12166666666666667
17785,3,0.013333333333333334
17788,3,0.023333333333333334
17789,3,0.0
17796,3,0.09166666666666666
17799,3,0.04666666666666667
17804,3,0.12333333333333334
17830,3,0.03333333333333333
17835,3,0.023333333333333334
17841,3,0.0033333333333333335
17848,3,0.05
17866,3,0.02666666666666667
17880,3,0.01
17887,3,0.07333333333333333
17908,3,0.056666666666666664
17916,3,0.06333333333333334
17917,3,0.0
17924,3,0.04666666666666667
17930,3,0.006666666666666667
17931,3,0.07722222222222222
17932,3,0.02
17935,3,0.14666666666666667
17936,3,0.043333333333333335
17940,3,0.013333333333333334
17950,3,0.0033333333333333335
17951,3,0.01
17956,3,0.02
17964,3,0.02666666666666667
17968,3,0.07666666666666666
17979,3,0.06
17994,3,0.33
18001,3,0.04666666666666667
18012,3,0.07866666666666666
18020,3,0.04822222222222222
18021,3,0.02722222222222222
18022,3,0.04666666666666667
18023,3,0.18166666666666664
18032,3,0.016666666666666666
18034,3,0.02
18036,3,0.005555555555555555
18046,3,0.04611111111111111
18052,3,0.03
18053,3,0.010833333333333334
18061,3,0.02666666666666667
18062,3,0.0033333333333333335
18064,3,0.016666666666666666
18079,3,0.20277777777777775
18091,3,0.01
18094,3,0.0033333333333333335
18097,3,0.0811111111111111
18117,3,0.028333333333333332
18122,3,0.30666666666666664
18128,3,0.46007142857142846
18129,3,0.2008888888888889
18135,3,0.03
18139,3,0.03444444444444444
18145,3,0.0033333333333333335
18146,3,0.030555555555555555
18167,3,0.014841269841269843
18170,3,0.09006349206349207
18171,3,0.01
18183,3,0.07
18195,3,0.09333333333333334
18203,3,0.02
18225,3,0.056666666666666664
18241,3,0.016666666666666666
18242,3,0.17533333333333337
18249,3,0.07
18261,3,0.03555555555555556
18265,3,0.019166666666666665
18271,3,0.01
18292,3,0.05
18306,3,0.01
18316,3,0.006666666666666667
18318,3,0.0
18319,3,0.02
18325,3,0.006666666666666667
18334,3,0.07666666666666666
18336,3,0.006666666666666667
18337,3,0.05377777777777778
18340,3,0.03333333333333333
18342,3,0.0125
18344,3,0.01
18358,3,0.11333333333333333
18361,3,0.0225
18362,3,0.006666666666666667
18365,3,0.08277777777777777
18377,3,0.04666666666666667
18391,3,0.013333333333333334
18402,3,0.062222222222222213
18417,3,0.19666666666666666
18429,3,0.09527777777777778
18433,3,0.021111111111111112
18442,3,0.08794444444444445
18445,3,0.02
18449,3,0.12
18452,3,0.0
18458,3,0.09666666666666666
18466,3,0.02666666666666667
18477,3,0.013333333333333334
18488,3,0.04666666666666667
18490,3,0.03638888888888889
18492,3,0.1
18493,3,0.03666666666666667
18495,3,0.016666666666666666
18496,3,0.016666666666666666
18501,3,0.043333333333333335
18509,3,0.02666666666666667
18510,3,0.1
18531,3,0.0033333333333333335
18536,3,0.6827777777777777
18539,3,0.075
18543,3,0.013333333333333334
18547,3,0.038
18565,3,0.016666666666666666
18567,3,0.016666666666666666
18582,3,0.016666666666666666
18591,3,0.011111111111111112
18594,3,0.0
18595,3,0.07666666666666666
18602,3,0.23166666666666666
18607,3,0.013333333333333334
18613,3,0.03666666666666667
18619,3,0.08333333333333333
18626,3,0.05333333333333334
18635,3,0.01
18644,3,0.02666666666666667
18673,3,0.06333333333333334
18674,3,0.03333333333333333
18676,3,0.04
18678,3,0.006666666666666667
18681,3,0.01
18690,3,0.02
18692,3,0.061111111111111116
18701,3,0.043333333333333335
18704,3,0.024
18722,3,0.013333333333333334
18724,3,0.016666666666666666
18728,3,0.0033333333333333335
18738,3,0.016333333333333335
18742,3,0.023333333333333334
18751,3,0.05
18770,3,0.05333333333333334
18777,3,0.006666666666666667
18779,3,0.02
18780,3,0.02666666666666667
18785,3,0.01
18786,3,0.02
18790,3,0.03
18796,3,0.03266666666666667
18807,3,0.006666666666666667
18808,3,0.02
18812,3,0.02666666666666667
18816,3,0.013333333333333334
18829,3,0.019166666666666665
18830,3,0.06444444444444446
18835,3,0.0033333333333333335
18838,3,0.0033333333333333335
18841,3,0.07888888888888888
18870,3,0.02
18873,3,0.18444444444444444
18877,3,0.023333333333333334
18879,3,0.07666666666666666
18881,3,0.07166666666666667
18883,3,0.04527777777777777
18894,3,0.12
18897,3,0.06666666666666667
18904,3,0.016666666666666666
18907,3,0.008333333333333333
18909,3,0.05333333333333334
18910,3,0.0
18912,3,0.03
18914,3,0.02
18928,3,0.021666666666666667
18934,3,0.013333333333333334
18937,3,0.085
18940,3,0.0
18967,3,0.07666666666666666
18968,3,0.03333333333333333
18982,3,0.1661111111111111
18984,3,0.06333333333333334
18985,3,0.07333333333333333
18995,3,0.019444444444444445
19004,3,0.023333333333333334
19006,3,0.0911111111111111
19008,3,0.006666666666666667
19015,3,0.06666666666666667
19019,3,0.2686111111111111
19021,3,0.02783333333333334
19024,3,0.056666666666666664
19029,3,0.0033333333333333335
19032,3,0.06666666666666667
19035,3,0.008333333333333333
19038,3,0.019166666666666665
19062,3,0.15
19066,3,0.0033333333333333335
19073,3,0.14444444444444446
19074,3,0.0425
19083,3,0.04
19087,3,0.14083333333333334
19088,3,0.05722222222222222
19089,3,0.11777777777777779
19093,3,0.15
19100,3,0.09333333333333334
19104,3,0.04666666666666667
19106,3,0.65
19118,3,0.02644444444444444
19140,3,0.058333333333333334
19141,3,0.22722222222222224
19142,3,0.07666666666666666
19147,3,0.006666666666666667
19148,3,0.006666666666666667
19154,3,0.4777777777777778
19164,3,0.048999999999999995
19169,3,0.12277777777777776
19174,3,0.10666666666666667
19179,3,0.06883333333333333
19195,3,0.08666666666666667
19201,3,0.0033333333333333335
19210,3,0.03666666666666667
19227,3,0.013333333333333334
19245,3,0.0033333333333333335
19256,3,0.016666666666666666
19259,3,0.056666666666666664
19261,3,0.0
19272,3,0.03333333333333333
19273,3,0.0
19275,3,0.11666666666666667
19285,3,0.17166666666666663
19290,3,0.043333333333333335
19291,3,0.043333333333333335
19293,3,0.05333333333333334
19294,3,0.0
19301,3,0.09888888888888889
19302,3,0.008333333333333333
19304,3,0.06333333333333334
19309,3,0.056666666666666664
19315,3,0.01
19335,3,0.02666666666666667
19336,3,0.022222222222222223
19341,3,0.10333333333333333
19361,3,0.043333333333333335
19372,3,0.018333333333333333
19374,3,0.08666666666666667
19376,3,0.0033333333333333335
19383,3,0.016666666666666666
19385,3,0.17333333333333334
19386,3,0.0
19388,3,0.013333333333333334
19395,3,0.02
19424,3,0.07666666666666666
19430,3,0.3038888888888889
19437,3,0.08666666666666667
19444,3,0.07
19446,3,0.04
19452,3,0.06666666666666667
19470,3,0.0033333333333333335
19471,3,0.008666666666666666
19473,3,0.016666666666666666
19474,3,0.006666666666666667
19487,3,0.02666666666666667
19496,3,0.0
19500,3,0.0975
19511,3,0.016666666666666666
19518,3,0.025555555555555557
19519,3,0.11
19525,3,0.041166666666666664
19527,3,0.05333333333333334
19534,3,0.09944444444444445
19536,3,0.09916666666666667
19541,3,0.03
19544,3,0.01
19547,3,0.06333333333333334
19548,3,0.04111111111111111
19557,3,0.028333333333333332
19558,3,0.17055555555555554
19559,3,0.19333333333333333
19566,3,0.12944444444444442
19581,3,0.023333333333333334
19585,3,0.08
19587,3,0.04
19589,3,0.6166666666666667
19604,3,0.07666666666666666
19610,3,0.07583333333333334
19615,3,0.10333333333333333
19623,3,0.06444444444444446
19625,3,0.023333333333333334
19626,3,0.013333333333333334
19633,3,0.006666666666666667
19637,3,0.06
19645,3,0.11
19658,3,0.04777777777777778
19659,3,0.08333333333333333
19671,3,0.06666666666666667
19672,3,0.013333333333333334
19675,3,0.04
19678,3,0.09666666666666666
19680,3,0.03
19694,3,0.03333333333333333
19705,3,0.12666666666666668
19709,3,0.06666666666666667
19724,3,0.02666666666666667
19733,3,0.23981481481481487
19736,3,0.04666666666666667
19737,3,0.016666666666666666
19744,3,0.0033333333333333335
19748,3,0.03444444444444444
19750,3,0.025
19752,3,0.03666666666666667
19761,3,0.02666666666666667
19764,3,0.08666666666666667
19766,3,0.02666666666666667
19771,3,0.04416666666666667
19772,3,0.06272222222222221
19775,3,0.05763756613756614
19776,3,0.02
19778,3,0.05694444444444445
19779,3,0.02666666666666667
19786,3,0.02
19788,3,0.09983333333333333
19790,3,0.023333333333333334
19815,3,0.0033333333333333335
19830,3,0.023333333333333334
19854,3,0.016666666666666666
19865,3,0.013333333333333334
19866,3,0.008888888888888889
19877,3,0.02
19888,3,0.02
19902,3,0.04
19908,3,0.20166666666666666
19912,3,0.11266666666666665
19913,3,0.025
19916,3,0.01
19919,3,0.108
19924,3,0.07333333333333333
19930,3,0.043333333333333335
19933,3,0.056
19946,3,0.02666666666666667
19952,3,0.023333333333333334
19959,3,0.0033333333333333335
19963,3,0.01
19984,3,0.041833333333333333
19989,3,0.023333333333333334
19990,3,0.02666666666666667
19997,3,0.04
19999,3,0.0033333333333333335
20004,3,0.13
20009,3,0.0
20014,3,0.04
20018,3,0.07333333333333333
20019,3,0.14333333333333334
20037,3,0.03833333333333333
20044,3,0.006666666666666667
20045,3,0.12249999999999997
20050,3,0.0
20059,3,0.13777777777777778
20066,3,0.0033333333333333335
20072,3,0.016666666666666666
20081,3,0.0
20082,3,0.03666666666666667
20089,3,0.03666666666666667
20094,3,0.006666666666666667
20097,3,0.20505555555555555
20106,3,0.03666666666666667
20111,3,0.0033333333333333335
20112,3,0.016666666666666666
20115,3,0.04688888888888888
20116,3,0.018333333333333333
20123,3,0.02222222222222222
20124,3,0.06111111111111111
20127,3,0.03666666666666667
20131,3,0.04
20133,3,0.03666666666666667
20138,3,0.0
20139,3,0.02388888888888889
20153,3,0.03666666666666667
20155,3,0.0033333333333333335
20164,3,0.6333333333333333
20195,3,0.041666666666666664
20201,3,0.4
20206,3,0.04
20208,3,0.6833333333333333
20219,3,0.10333333333333333
20227,3,0.02666666666666667
20233,3,0.04722222222222222
20235,3,0.09
20238,3,0.025333333333333333
20245,3,0.056666666666666664
20264,3,0.02666666666666667
20271,3,0.43666666666666665
20289,3,0.0
20290,3,0.12083333333333333
20293,3,0.04
20295,3,0.03333333333333333
20302,3,0.08977777777777779
20310,3,0.07333333333333333
20311,3,0.03666666666666667
20312,3,0.008333333333333333
20327,3,0.05333333333333334
20333,3,0.023333333333333334
20347,3,0.004047619047619048
20348,3,0.03
20352,3,0.05333333333333334
20356,3,0.09465079365079362
20358,3,0.30534920634920654
20360,3,0.08666666666666667
20362,3,0.034166666666666665
20372,3,0.0275
20381,3,0.07666666666666666
20384,3,0.0033333333333333335
20387,3,0.10166666666666667
20418,3,0.162037037037037
20419,3,0.006666666666666667
20420,3,0.04333333333333334
20426,3,0.27666666666666667
20437,3,0.06988095238095239
20447,3,0.02611111111111111
20448,3,0.013333333333333334
20449,3,0.13555555555555557
20450,3,0.019444444444444445
20451,3,0.10333333333333333
20462,3,0.03166666666666667
20465,3,0.006666666666666667
20467,3,0.05333333333333334
20475,3,0.08944444444444445
20478,3,0.04499999999999999
20520,3,0.18
20527,3,0.18333333333333332
20528,3,0.10666666666666667
20530,3,0.006666666666666667
20553,3,0.06666666666666667
20559,3,0.4766666666666667
20570,3,0.03333333333333333
20583,3,0.47
20592,3,0.06666666666666667
20607,3,0.0033333333333333335
20610,3,0.4066666666666667
20617,3,0.0033333333333333335
20620,3,0.043333333333333335
20632,3,0.09
20636,3,0.05333333333333334
20637,3,0.02
20641,3,0.05
20644,3,0.10666666666666667
20647,3,0.2833333333333333
20650,3,0.07111111111111112
20652,3,0.013333333333333334
20659,3,0.13333333333333333
20661,3,0.016666666666666666
20667,3,0.02
20699,3,0.006666666666666667
20710,3,0.32666666666666666
20713,3,0.043333333333333335
20729,3,0.0125
20734,3,0.058333333333333334
20736,3,0.0
20745,3,0.03333333333333333
20761,3,0.05333333333333334
20780,3,0.14966666666666667
20784,3,0.0033333333333333335
20788,3,0.03666666666666667
20803,3,0.03
20811,3,0.06666666666666667
20825,3,0.03
20827,3,0.09333333333333334
20836,3,0.07333333333333333
20839,3,0.03333333333333333
20844,3,0.0033333333333333335
20851,3,0.13
20858,3,0.0
20871,3,0.0
20875,3,0.03
20877,3,0.013333333333333334
20884,3,0.0033333333333333335
20893,3,0.17333333333333334
20895,3,0.0016666666666666668
20912,3,0.043333333333333335
20917,3,0.013333333333333334
20919,3,0.09333333333333334
20920,3,0.0033333333333333335
20926,3,0.013333333333333334
20930,3,0.006666666666666667
20942,3,0.03333333333333333
20955,3,0.0
20963,3,0.0
20966,3,0.6686111111111112
20975,3,0.03
20980,3,0.056666666666666664
20984,3,0.013333333333333334
20989,3,0.03
21004,3,0.02
21018,3,0.04
21023,3,0.04666666666666667
21036,3,0.006666666666666667
21039,3,0.0033333333333333335
21041,3,0.0
21042,3,0.08333333333333333
21043,3,0.013333333333333334
21063,3,0.0
21067,3,0.08
21072,3,0.035
21082,3,0.016666666666666666
21085,3,0.055555555555555546
21112,3,0.007777777777777777
21115,3,0.006666666666666667
21116,3,0.030555555555555558
21122,3,0.05333333333333334
21126,3,0.24333333333333335
21128,3,0.056666666666666664
21132,3,0.06
21135,3,0.03333333333333333
21136,3,0.0
21146,3,0.03666666666666667
21170,3,0.030555555555555558
21175,3,0.02666666666666667
21176,3,0.0
21178,3,0.06444444444444446
21190,3,0.056666666666666664
21194,3,0.03666666666666667
21200,3,0.018333333333333333
21202,3,0.09111111111111111
21211,3,0.0033333333333333335
21216,3,0.03
21224,3,0.04666666666666667
21225,3,0.02
21227,3,0.14333333333333334
21237,3,0.08333333333333333
21248,3,0.03
21252,3,0.018333333333333333
21255,3,0.0011111111111111111
21258,3,0.03
21265,3,0.024444444444444442
21266,3,0.006666666666666667
21270,3,0.03
21281,3,0.04
21288,3,0.05
21294,3,0.013333333333333334
21307,3,0.025833333333333333
21309,3,0.10333333333333333
21311,3,0.17
21315,3,0.02
21335,3,0.04666666666666667
21337,3,0.06666666666666667
21352,3,0.013333333333333334
21354,3,0.07916666666666666
21358,3,0.05
21362,3,0.11666666666666667
21366,3,0.04
21370,3,0.23666666666666666
21390,3,0.0033333333333333335
21400,3,0.03
21411,3,0.0033333333333333335
21415,3,0.013333333333333334
21424,3,0.0
21428,3,0.0
21429,3,0.056666666666666664
21436,3,0.009166666666666667
21438,3,0.01
21447,3,0.0033333333333333335
21451,3,0.0
21457,3,0.02
21459,3,0.043333333333333335
21460,3,0.018666666666666665
21463,3,0.13
21467,3,0.04
21479,3,0.0033333333333333335
21492,3,0.0
21496,3,0.013333333333333334
21497,3,0.0
21499,3,0.6105555555555555
21502,3,0.0875
21516,3,0.03
21525,3,0.0
21528,3,0.0033333333333333335
21533,3,0.02
21542,3,0.016666666666666666
21543,3,0.03666666666666667
21546,3,0.043333333333333335
21547,3,0.0033333333333333335
21568,3,0.01
21569,3,0.013333333333333334
21574,3,0.0
21586,3,0.007777777777777777
21588,3,0.02
21597,3,0.0033333333333333335
21599,3,0.05
21600,3,0.07
21608,3,0.06244444444444445
21615,3,0.013333333333333334
21616,3,0.01
21635,3,0.043333333333333335
21647,3,0.03611111111111111
21648,3,0.016666666666666666
21650,3,0.0
21655,3,0.0
21681,3,0.005873015873015873
21701,3,0.09666666666666666
21703,3,0.013333333333333334
21743,3,0.018472222222222223
21744,3,0.03
21746,3,0.006666666666666667
21759,3,0.05333333333333334
21776,3,0.18333333333333332
21781,3,0.0
21787,3,0.02
21795,3,0.0033333333333333335
21800,3,0.03333333333333333
21802,3,0.03
21804,3,0.013333333333333334
21805,3,0.01
21812,3,0.06
21819,3,0.03166666666666667
21826,3,0.02666666666666667
21829,3,0.023333333333333334
21831,3,0.0
21845,3,0.014444444444444444
21849,3,0.010833333333333334
21858,3,0.05566666666666666
21863,3,0.05333333333333334
21865,3,0.004166666666666667
21866,3,0.14
21871,3,0.02
21881,3,0.01
21882,3,0.0
21886,3,0.0
21888,3,0.01177777777777778
21894,3,0.05
21895,3,0.0033333333333333335
21904,3,0.06066666666666667
21918,3,0.043333333333333335
21924,3,0.08
21925,3,0.01
21927,3,0.016666666666666666
21942,3,0.006666666666666667
21951,3,0.03333333333333333
21962,3,0.013333333333333334
21983,3,0.31666666666666665
21990,3,0.08
21992,3,0.04
21999,3,0.08666666666666667
22003,3,0.043333333333333335
22013,3,0.0
22015,3,0.016666666666666666
22025,3,0.0033333333333333335
22034,3,0.016666666666666666
22035,3,0.01
22038,3,0.054444444444444455
22041,3,0.013333333333333334
22042,3,0.016666666666666666
22045,3,0.006666666666666667
22048,3,0.04
22057,3,0.0033333333333333335
22058,3,0.03
22059,3,0.08666666666666667
22063,3,0.08333333333333333
22080,3,0.006666666666666667
22081,3,0.023333333333333334
22085,3,0.006666666666666667
22087,3,0.06666666666666667
22100,3,0.30666666666666664
22108,3,0.0
22109,3,0.023333333333333334
22122,3,0.01
22123,3,0.05
22128,3,0.024444444444444442
22130,3,0.024444444444444442
22133,3,0.03666666666666667
22135,3,0.0
22137,3,0.22333333333333333
22147,3,0.02666666666666667
22153,3,0.004166666666666667
22156,3,0.0
22157,3,0.01
22160,3,0.013333333333333334
22169,3,0.0033333333333333335
22172,3,0.0033333333333333335
22185,3,0.006666666666666667
22196,3,0.0
22233,3,0.04
22240,3,0.043333333333333335
22252,3,0.12111111111111111
22254,3,0.015
22259,3,0.051055555555555555
22261,3,0.0033333333333333335
22267,3,0.17
22271,3,0.04666666666666667
22273,3,0.14894444444444446
22275,3,0.04
22282,3,0.03666666666666667
22287,3,0.43666666666666665
22295,3,0.0
22298,3,0.05333333333333334
22306,3,0.021666666666666667
22316,3,0.023333333333333334
22320,3,0.006666666666666667
22323,3,0.006666666666666667
22341,3,0.013333333333333334
22346,3,0.01
22350,3,0.09
22360,3,0.18666666666666668
22363,3,0.006666666666666667
22364,3,0.14666666666666667
22370,3,0.13
22374,3,0.016666666666666666
22376,3,0.016666666666666666
22377,3,0.008333333333333333
22380,3,0.006666666666666667
22381,3,0.023333333333333334
22393,3,0.0033333333333333335
22397,3,0.0
22398,3,0.0
22404,3,0.02361111111111111
22408,3,0.035
22417,3,0.03666666666666667
22420,3,0.6133333333333333
22423,3,0.02
22430,3,0.18122222222222223
22437,3,0.08555555555555555
22450,3,0.04017460317460318
22451,3,0.04017460317460318
22454,3,0.04666666666666667
22456,3,0.4474999999999999
22466,3,0.06416666666666666
22468,3,0.016666666666666666
22470,3,0.07666666666666666
22476,3,0.028333333333333332
22484,3,0.006666666666666667
22486,3,0.02783333333333333
22496,3,0.01
22500,3,0.013333333333333334
22510,3,0.011666666666666667
22513,3,0.006666666666666667
22517,3,0.0033333333333333335
22520,3,0.0
22521,3,0.6133333333333333
22523,3,0.26305555555555554
22539,3,0.005555555555555555
22540,3,0.005555555555555555
22542,3,0.0033333333333333335
22547,3,0.016666666666666666
22550,3,0.016666666666666666
22569,3,0.09
22574,3,0.005555555555555555
22576,3,0.0033333333333333335
22578,3,0.0033333333333333335
22581,3,0.02
22583,3,0.01
22591,3,0.04666666666666667
22598,3,0.005333333333333334
22599,3,0.005333333333333334
22600,3,0.03
22618,3,0.0
22620,3,0.09
22628,3,0.013333333333333334
22632,3,0.013333333333333334
22637,3,0.0
22642,3,0.05
22657,3,0.02666666666666667
22658,3,0.016666666666666666
22666,3,0.006666666666666667
22672,3,0.0033333333333333335
22680,3,0.03666666666666667
22687,3,0.015
22693,3,0.006666666666666667
22703,3,0.01
22704,3,0.02666666666666667
22713,3,0.0033333333333333335
22724,3,0.01777777777777778
22726,3,0.32666666666666666
22742,3,0.023333333333333334
22753,3,0.008333333333333333
22767,3,0.05
22771,3,0.03166666666666667
22775,3,0.01
22777,3,0.15666666666666668
22781,3,0.0
22788,3,0.10666666666666667
22789,3,0.013333333333333334
22790,3,0.019444444444444445
22793,3,0.04555555555555556
22794,3,0.0
22798,3,0.16
22802,3,0.025555555555555554
22812,3,0.02666666666666667
22815,3,0.43451587301587297
22816,3,0.11
22821,3,0.02666666666666667
22822,3,0.04499999999999999
22828,3,0.013333333333333334
22831,3,0.3345555555555555
22838,3,0.02
22839,3,0.016666666666666666
22842,3,0.07
22860,3,0.013888888888888886
22874,3,0.15011111111111114
22885,3,0.04
22888,3,0.211
22889,3,0.11333333333333333
22894,3,0.013333333333333334
22898,3,0.11333333333333333
22916,3,0.043333333333333335
22923,3,0.18533333333333335
22927,3,0.013333333333333334
22932,3,0.17666666666666667
22934,3,0.03
22937,3,0.145
22938,3,0.16
22942,3,0.01
22949,3,0.09333333333333334
22953,3,0.07666666666666666
22962,3,0.04
22964,3,0.05
22974,3,0.03
22975,3,0.0
22977,3,0.19
22997,3,0.08333333333333333
23000,3,0.06666666666666667
23008,3,0.043333333333333335
23013,3,0.056666666666666664
23014,3,0.10333333333333333
23016,3,0.02638888888888889
23020,3,0.0
23022,3,0.025
23026,3,0.01
23028,3,0.06
23029,3,0.016666666666666666
23035,3,0.013333333333333334
23036,3,0.03666666666666667
23041,3,0.013333333333333334
23049,3,0.043333333333333335
23055,3,0.1272222222222222
23059,3,0.0033333333333333335
23070,3,0.15444444444444444
23072,3,0.056666666666666664
23075,3,0.024611111111111108
23087,3,0.01
23089,3,0.08
23095,3,0.01
23096,3,0.043333333333333335
23108,3,0.006666666666666667
23110,3,0.02
23125,3,0.023333333333333334
23127,3,0.13666666666666666
23130,3,0.06666666666666667
23132,3,0.023333333333333334
23133,3,0.006666666666666667
23163,3,0.013333333333333334
23164,3,0.03
23165,3,0.0
23166,3,0.03666666666666667
23176,3,0.0033333333333333335
23182,3,0.02666666666666667
23184,3,0.023333333333333334
23185,3,0.49333333333333335
23186,3,0.006666666666666667
23196,3,0.02666666666666667
23200,3,0.045
23201,3,0.09
23204,3,0.0033333333333333335
23208,3,0.011333333333333332
23210,3,0.05
23224,3,0.23
23228,3,0.35533333333333333
23236,3,0.07666666666666666
23256,3,0.04
23261,3,0.06
23271,3,0.0
23281,3,0.03333333333333333
23289,3,0.03666666666666667
23293,3,0.0033333333333333335
23296,3,0.02666666666666667
23301,3,0.145
23305,3,0.0033333333333333335
23306,3,0.051222222222222225
23316,3,0.042222222222222223
23322,3,0.01
23331,3,0.043333333333333335
23332,3,0.02666666666666667
23337,3,0.13333333333333333
23343,3,0.03
23347,3,0.02666666666666667
23358,3,0.09333333333333334
23361,3,0.15
23363,3,0.03333333333333333
23369,3,0.0033333333333333335
23372,3,0.006666666666666667
23379,3,0.0
23397,3,0.0
23398,3,0.15694444444444444
23404,3,0.11333333333333333
23406,3,0.01
23412,3,0.023333333333333334
23413,3,0.01
23414,3,0.01
23418,3,0.44
23420,3,0.023333333333333334
23421,3,0.043333333333333335
23428,3,0.006666666666666667
23430,3,0.08833333333333333
23432,3,0.02666666666666667
23433,3,0.0033333333333333335
23434,3,0.005
23445,3,0.0033333333333333335
23450,3,0.05
23451,3,0.006666666666666667
23455,3,0.5833333333333334
23456,3,0.0033333333333333335
23480,3,0.20333333333333334
23486,3,0.0033333333333333335
23494,3,0.03666666666666667
23497,3,0.0033333333333333335
23513,3,0.005833333333333334
23520,3,0.03333333333333333
23521,3,0.11
23528,3,0.4666666666666667
23541,3,0.08666666666666667
23553,3,0.2
23555,3,0.085
23560,3,0.01
23565,3,0.051666666666666666
23569,3,0.04
23581,3,0.05222222222222222
23585,3,0.09
23586,3,0.23555555555555552
23587,3,0.09
23593,3,0.02666666666666667
23597,3,0.028888888888888888
23603,3,0.013333333333333334
23608,3,0.016666666666666666
23615,3,0.023333333333333334
23616,3,0.01
23645,3,0.10833333333333334
23648,3,0.09
23653,3,0.1
23655,3,0.05
23658,3,0.01
23661,3,0.04
23669,3,0.08333333333333333
23674,3,0.02
23676,3,0.0033333333333333335
23693,3,0.07
23703,3,0.0
23705,3,0.09666666666666666
23716,3,0.031111111111111107
23722,3,0.032
23731,3,0.0033333333333333335
23741,3,0.02
23755,3,0.043333333333333335
23758,3,0.01
23768,3,0.0225
23779,3,0.013333333333333334
23785,3,0.006666666666666667
23789,3,0.0033333333333333335
23803,3,0.0033333333333333335
23808,3,0.04666666666666667
23820,3,0.02666666666666667
23823,3,0.0
23830,3,0.0
23832,3,0.008666666666666666
23841,3,0.017777777777777778
23847,3,0.014444444444444447
23848,3,0.0033333333333333335
23860,3,0.0033333333333333335
23861,3,0.0
23866,3,0.04
23868,3,0.0
23876,3,0.02
23882,3,0.021666666666666667
23887,3,0.016666666666666666
23888,3,0.022
23893,3,0.03666666666666667
23895,3,0.016666666666666666
23909,3,0.013333333333333334
23932,3,0.018333333333333333
23936,3,0.05
23946,3,0.03666666666666667
23967,3,0.07333333333333333
23970,3,0.05333333333333334
23975,3,0.016666666666666666
23976,3,0.023333333333333334
23981,3,0.0033333333333333335
24005,3,0.8033333333333333
24007,3,0.6533333333333333
24010,3,0.49333333333333335
24013,3,0.4866666666666667
24028,3,0.6
24032,3,0.43333333333333335
24041,3,0.7066666666666667
24065,3,0.11
24072,3,0.30333333333333334
24079,3,0.28
24092,3,0.19666666666666666
24098,3,0.11666666666666667
24101,3,0.07
24102,3,0.04
24103,3,0.08
24108,3,0.16333333333333333
24111,3,0.03666666666666667
24112,3,0.10666666666666667
24114,3,0.34
24121,3,0.04666666666666667
24123,3,0.13666666666666666
24128,3,0.0
24132,3,0.08038888888888888
24141,3,0.03666666666666667
24147,3,0.05333333333333334
24152,3,0.0
24172,3,0.01
24185,3,0.023333333333333334
24191,3,0.0
24192,3,0.11111111111111112
24198,3,0.005
24202,3,0.0
24212,3,0.06666666666666667
24223,3,0.03333333333333333
24233,3,0.03666666666666667
24240,3,0.01
24246,3,0.0033333333333333335
24248,3,0.03
24261,3,0.013333333333333334
24276,3,0.0033333333333333335
24278,3,0.0033333333333333335
24281,3,0.0
24286,3,0.011111111111111112
24292,3,0.016666666666666666
24293,3,0.016666666666666666
24295,3,0.0033333333333333335
24327,3,0.07666666666666666
24335,3,0.006666666666666667
24349,3,0.030833333333333334
24352,3,0.006666666666666667
24360,3,0.006666666666666667
24361,3,0.0
24368,3,0.2966666666666667
24385,3,0.15
24391,3,0.013333333333333334
24404,3,0.05277777777777778
24414,3,0.023333333333333334
24418,3,0.02666666666666667
24419,3,0.0
24439,3,0.016666666666666666
24444,3,0.006666666666666667
24454,3,0.006666666666666667
24455,3,0.13333333333333333
24456,3,0.006666666666666667
24462,3,0.01
24463,3,0.03666666666666667
24467,3,0.0033333333333333335
24473,3,0.04666666666666667
24474,3,0.0
24477,3,0.0033333333333333335
24480,3,0.25666666666666665
24489,3,0.035333333333333335
24493,3,0.013333333333333334
24495,3,0.006666666666666667
24497,3,0.023333333333333334
24501,3,0.105
24503,3,0.13666666666666666
24504,3,0.0
24515,3,0.0
24525,3,0.0033333333333333335
24527,3,0.03
24546,3,0.006666666666666667
24551,3,0.05333333333333334
24558,3,0.016666666666666666
24563,3,0.03333333333333333
24566,3,0.04666666666666667
24580,3,0.0
24588,3,0.06
24595,3,0.07
24604,3,0.006666666666666667
24607,3,0.01
24609,3,0.016666666666666666
24616,3,0.03666666666666667
24622,3,0.03333333333333333
24623,3,0.016666666666666666
24629,3,0.006666666666666667
24632,3,0.006666666666666667
24635,3,0.0
24639,3,0.05333333333333334
24642,3,0.02
24652,3,0.0033333333333333335
24653,3,0.14333333333333334
24654,3,0.006666666666666667
24662,3,0.016666666666666666
24668,3,0.24
24669,3,0.06
24672,3,0.09333333333333334
24675,3,0.023333333333333334
24678,3,0.02666666666666667
24684,3,0.023333333333333334
24686,3,0.0
24689,3,0.02
24698,3,0.05
24699,3,0.02666666666666667
24700,3,0.031111111111111114
24705,3,0.01
24712,3,0.03166666666666667
24713,3,0.025
24714,3,0.006666666666666667
24715,3,0.023333333333333334
24717,3,0.0033333333333333335
24718,3,0.06333333333333334
24720,3,0.013333333333333334
24724,3,0.023333333333333334
24729,3,0.05333333333333334
24739,3,0.0033333333333333335
24743,3,0.22666666666666666
24753,3,0.0
24780,3,0.03666666666666667
24784,3,0.04
24797,3,0.07
24801,3,0.019166666666666665
24802,3,0.03666666666666667
24803,3,0.03666666666666667
24811,3,0.0033333333333333335
24814,3,0.05
24815,3,0.04
24821,3,0.06333333333333334
24829,3,0.04
24839,3,0.013333333333333334
24842,3,0.023333333333333334
24853,3,0.02666666666666667
24865,3,0.05333333333333334
24876,3,0.07
24877,3,0.0
24880,3,0.0033333333333333335
24895,3,0.10666666666666667
24899,3,0.0033333333333333335
24909,3,0.07533333333333334
24914,3,0.01
24919,3,0.24666666666666667
24925,3,0.0033333333333333335
24937,3,0.6466666666666666
24942,3,0.013333333333333334
24946,3,0.0
24956,3,0.006666666666666667
24960,3,0.0
24965,3,0.0
24970,3,0.08333333333333333
24978,3,0.02666666666666667
24981,3,0.02666666666666667
24984,3,0.15944444444444442
24985,3,0.016666666666666666
25004,3,0.03166666666666667
25006,3,0.0
25010,3,0.0
25018,3,0.006666666666666667
25021,3,0.09333333333333334
25022,3,0.06333333333333334
25031,3,0.05333333333333334
25034,3,0.10333333333333333
25036,3,0.016666666666666666
25039,3,0.020555555555555553
25045,3,0.13749999999999998
25049,3,0.11666666666666667
25050,3,0.013333333333333334
25056,3,0.025555555555555554
25064,3,0.016666666666666666
25067,3,0.0033333333333333335
25102,3,0.03333333333333333
25108,3,0.06888888888888889
25120,3,0.03333333333333333
25122,3,0.041666666666666664
25124,3,0.023333333333333334
25133,3,0.013333333333333334
25142,3,0.023333333333333334
25150,3,0.0
25156,3,0.20567460317460315
25172,3,0.06
25177,3,0.013333333333333334
25184,3,0.05
25188,3,0.06666666666666667
25195,3,0.02666666666666667
25198,3,0.20777777777777778
25203,3,0.08333333333333333
25205,3,0.0
25209,3,0.03333333333333333
25224,3,0.013333333333333334
25225,3,0.013333333333333334
25238,3,0.0033333333333333335
25243,3,0.19
25246,3,0.006666666666666667
25257,3,0.01
25266,3,0.21666666666666667
25267,3,0.006666666666666667
25288,3,0.0033333333333333335
25295,3,0.05333333333333334
25302,3,0.03333333333333333
25303,3,0.013333333333333334
25315,3,0.0
25317,3,0.12
25318,3,0.06333333333333334
25326,3,0.0033333333333333335
25327,3,0.02
25328,3,0.15666666666666668
25329,3,0.0033333333333333335
25338,3,0.02
25344,3,0.10333333333333333
25347,3,0.016666666666666666
25349,3,0.0
25350,3,0.03166666666666667
25352,3,0.04666666666666667
25358,3,0.01
25360,3,0.013333333333333334
25371,3,0.028444444444444442
25372,3,0.12333333333333334
25376,3,0.06
25382,3,0.0033333333333333335
25391,3,0.05333333333333334
25397,3,0.013333333333333334
25399,3,0.006666666666666667
25400,3,0.043333333333333335
25410,3,0.022
25412,3,0.0033333333333333335
25413,3,0.043333333333333335
25414,3,0.06
25418,3,0.05333333333333334
25419,3,0.0
25422,3,0.085
25444,3,0.006666666666666667
25446,3,0.0
25448,3,0.16033333333333333
25457,3,0.16666666666666666
25459,3,0.06666666666666667
25467,3,0.06
25468,3,0.007777777777777777
25469,3,0.017777777777777778
25476,3,0.06
25481,3,0.016666666666666666
25483,3,0.0033333333333333335
25484,3,0.02666666666666667
25489,3,0.2803333333333334
25516,3,0.39666666666666667
25526,3,0.008333333333333333
25528,3,0.0
25530,3,0.12
25532,3,0.05
25539,3,0.03666666666666667
25541,3,0.02666666666666667
25542,3,0.01
25546,3,0.118
25552,3,0.023333333333333334
25557,3,0.0
25560,3,0.03738888888888889
25563,3,0.013333333333333334
25565,3,0.056888888888888885
25578,3,0.03166666666666667
25586,3,0.18833333333333332
25598,3,0.0033333333333333335
25604,3,0.14666666666666667
25611,3,0.023333333333333334
25624,3,0.025
25626,3,0.056666666666666664
25633,3,0.043333333333333335
25643,3,0.007222222222222222
25645,3,0.06333333333333334
25649,3,0.006666666666666667
25656,3,0.03333333333333333
25665,3,0.043333333333333335
25666,3,0.05
25675,3,0.047499999999999994
25682,3,0.02666666666666667
25691,3,0.4576746031746033
25697,3,0.043333333333333335
25701,3,0.01
25704,3,0.06755555555555555
25709,3,0.0675
25716,3,0.0033333333333333335
25726,3,0.05444444444444444
25738,3,0.07922222222222224
25749,3,0.013333333333333334
25750,3,0.12677777777777777
25755,3,0.056666666666666664
25764,3,0.02666666666666667
25765,3,0.08333333333333333
25766,3,0.04666666666666667
25771,3,0.016666666666666666
25773,3,0.016666666666666666
25777,3,0.15666666666666668
25783,3,0.013333333333333334
25786,3,0.14333333333333334
25787,3,0.061722222222222234
25792,3,0.023333333333333334
25799,3,0.0
25800,3,0.09
25804,3,0.03888888888888889
25808,3,0.0
25822,3,0.016666666666666666
25824,3,0.006333333333333333
25828,3,0.02
25831,3,0.10444444444444444
25834,3,0.15888888888888889
25842,3,0.006666666666666667
25848,3,0.015444444444444443
25850,3,0.15666666666666668
25863,3,0.01
25864,3,0.08333333333333333
25867,3,0.024
25869,3,0.013333333333333334
25870,3,0.16333333333333333
25878,3,0.03
25885,3,0.04833333333333334
25898,3,0.01
25911,3,0.01
25913,3,0.011666666666666667
25915,3,0.0
25929,3,0.016666666666666666
25931,3,0.048
25943,3,0.11333333333333333
25961,3,0.2
25965,3,0.02
25970,3,0.0033333333333333335
25977,3,0.03
25991,3,0.07857142857142857
25993,3,0.01
25995,3,0.10333333333333333
26001,3,0.023333333333333334
26004,3,0.025555555555555557
26027,3,0.04
26030,3,0.016666666666666666
26032,3,0.009666666666666667
26033,3,0.07916666666666666
26034,3,0.03666666666666667
26037,3,0.013333333333333334
26038,3,0.02666666666666667
26041,3,0.04583333333333333
26045,3,0.0
26051,3,0.023333333333333334
26053,3,0.0865
26063,3,0.065
26066,3,0.08833333333333333
26072,3,0.016666666666666666
26083,3,0.02666666666666667
26093,3,0.09
26102,3,0.02
26113,3,0.03833333333333333
26114,3,0.01
26149,3,0.01
26157,3,0.024166666666666666
26160,3,0.05
26166,3,0.26
26168,3,0.14
26171,3,0.013333333333333334
26172,3,0.023333333333333334
26174,3,0.01
26182,3,0.06
26184,3,0.04666666666666667
26185,3,0.06666666666666667
26186,3,0.023333333333333334
26189,3,0.04
26198,3,0.09
26199,3,0.03333333333333333
26204,3,0.12683333333333333
26206,3,0.023333333333333334
26213,3,0.07333333333333333
26216,3,0.03666666666666667
26217,3,0.02666666666666667
26222,3,0.03666666666666667
26226,3,0.013333333333333334
26228,3,0.07333333333333333
26229,3,0.014444444444444444
26232,3,0.006666666666666667
26235,3,0.08361111111111111
26250,3,0.22333333333333333
26251,3,0.04666666666666667
26252,3,0.017777777777777778
26254,3,0.21444444444444447
26257,3,0.04666666666666667
26267,3,0.07333333333333333
26276,3,0.0008333333333333334
26286,3,0.04666666666666667
26300,3,0.07
26301,3,0.0
26303,3,0.01
26310,3,0.07333333333333333
26313,3,0.09583333333333334
26323,3,0.15333333333333332
26330,3,0.02666666666666667
26342,3,0.01
26369,3,0.054444444444444455
26370,3,0.027777777777777773
26377,3,0.11277777777777777
26380,3,0.11277777777777777
26381,3,0.06977777777777777
26389,3,0.006666666666666667
26406,3,0.10666666666666667
26412,3,0.0033333333333333335
26417,3,0.11666666666666667
26418,3,0.056666666666666664
26421,3,0.07977777777777778
26432,3,0.0008333333333333334
26439,3,0.01
26440,3,0.01
26448,3,0.016666666666666666
26452,3,0.08
26454,3,0.06
26470,3,0.0033333333333333335
26471,3,0.04
26474,3,0.1
26475,3,0.1
26487,3,0.04666666666666667
26495,3,0.03
26499,3,0.03666666666666667
26511,3,0.0033333333333333335
26520,3,0.06333333333333334
26533,3,0.02027777777777778
26547,3,0.03333333333333333
26549,3,0.23666666666666666
26550,3,0.03
26556,3,0.06
26560,3,0.043333333333333335
26561,3,0.05877777777777776
26568,3,0.021111111111111112
26569,3,0.0
26576,3,0.043333333333333335
26580,3,0.08
26581,3,0.013333333333333334
26586,3,0.06
26602,3,0.043333333333333335
26606,3,0.25148412698412703
26620,3,0.07666666666666666
26621,3,0.0656111111111111
26625,3,0.043333333333333335
26649,3,0.05
26667,3,0.03833333333333333
26679,3,0.12666666666666668
26680,3,0.6633333333333333
26691,3,0.05333333333333334
26702,3,0.031111111111111107
26711,3,0.09666666666666666
26714,3,0.0
26715,3,0.023333333333333334
26737,3,0.043333333333333335
26739,3,0.0
26745,3,0.023333333333333334
26753,3,0.15666666666666668
26754,3,0.02666666666666667
26756,3,0.3566666666666667
26764,3,0.02
26775,3,0.21333333333333335
26778,3,0.07666666666666666
26790,3,0.03
26793,3,0.04
26805,3,0.051666666666666666
26824,3,0.09
26826,3,0.05
26832,3,0.06333333333333334
26833,3,0.03
26840,3,0.12083333333333333
26845,3,0.0875
26850,3,0.03666666666666667
26855,3,0.021444444444444443
26858,3,0.0475
26872,3,0.27666666666666667
26880,3,0.04666666666666667
26881,3,0.18666666666666668
26885,3,0.023333333333333334
26889,3,0.0033333333333333335
26895,3,0.04
26899,3,0.13
26909,3,0.114
26932,3,0.03666666666666667
26935,3,0.095
26949,3,0.02
26951,3,0.04
26973,3,0.02666666666666667
26982,3,0.1
26985,3,0.12666666666666668
26987,3,0.03333333333333333
26994,3,0.11950793650793652
26998,3,0.09333333333333334
27000,3,0.0
27006,3,0.051944444444444446
27009,3,0.125
27011,3,0.056666666666666664
27013,3,0.045
27024,3,0.03333333333333333
27025,3,0.07361111111111111
27027,3,0.06173015873015873
27030,3,0.05
27037,3,0.023333333333333334
27041,3,0.08333333333333333
27045,3,0.65
27052,3,0.07666666666666666
27063,3,0.0
27073,3,0.023333333333333334
27095,3,0.016666666666666666
27097,3,0.0033333333333333335
27098,3,0.02722222222222222
27103,3,0.12
27126,3,0.03
27130,3,0.06
27138,3,0.0027777777777777775
27139,3,0.2833333333333333
27142,3,0.01
27156,3,0.07666666666666666
27162,3,0.006666666666666667
27189,3,0.04
27192,3,0.01
27197,3,0.018888888888888886
27204,3,0.013333333333333334
27207,3,0.13833333333333334
27214,3,0.02
27221,3,0.02666666666666667
27222,3,0.06
27224,3,0.013333333333333334
27237,3,0.0
27239,3,0.023333333333333334
27244,3,0.0033333333333333335
27247,3,0.04116666666666667
27249,3,0.15666666666666668
27255,3,0.02
27256,3,0.013333333333333334
27257,3,0.016666666666666666
27269,3,0.08333333333333333
27273,3,0.12972222222222224
27275,3,0.04805555555555555
27280,3,0.042444444444444444
27287,3,0.05
27294,3,0.056666666666666664
27300,3,0.05
27308,3,0.0033333333333333335
27310,3,0.35533333333333333
27312,3,0.03833333333333333
27314,3,0.02666666666666667
27317,3,0.04666666666666667
27320,3,0.11222222222222221
27321,3,0.0022222222222222222
27323,3,0.01
27325,3,0.13277777777777777
27335,3,0.045
27344,3,0.08666666666666667
27353,3,0.08444444444444445
27356,3,0.005
27367,3,0.02666666666666667
27378,3,0.006666666666666667
27399,3,0.042222222222222223
27410,3,0.008055555555555555
27412,3,0.0033333333333333335
27414,3,0.15
27418,3,0.04666666666666667
27419,3,0.04857142857142857
27421,3,0.03666666666666667
27422,3,0.0011111111111111111
27430,3,0.006666666666666667
27439,3,0.04111111111111111
27450,3,0.11166666666666666
27457,3,0.30666666666666664
27468,3,0.06861111111111111
27476,3,0.02666666666666667
27504,3,0.09833333333333333
27517,3,0.006666666666666667
27528,3,0.016666666666666666
27533,3,0.0044444444444444444
27535,3,0.03333333333333333
27538,3,0.018333333333333333
27547,3,0.02
27553,3,0.09666666666666666
27557,3,0.0044444444444444444
27559,3,0.0
27563,3,0.09888888888888889
27570,3,0.045
27572,3,0.02022222222222222
27573,3,0.0
27580,3,0.096
27586,3,0.04555555555555555
27588,3,0.013333333333333334
27605,3,0.02
27606,3,0.06666666666666667
27607,3,0.012222222222222221
27608,3,0.06666666666666667
27613,3,0.013333333333333334
27615,3,0.06274603174603174
27617,3,0.02666666666666667
27620,3,0.025555555555555554
27631,3,0.013333333333333334
27648,3,0.04694444444444444
27649,3,0.07333333333333333
27661,3,0.05333333333333334
27664,3,0.07333333333333333
27669,3,0.12333333333333334
27674,3,0.006666666666666667
27678,3,0.07033333333333334
27682,3,0.1825
27699,3,0.5266666666666666
27708,3,0.18
27713,3,0.3861349206349207
27716,3,0.41888888888888887
27718,3,0.2866666666666667
27726,3,0.7783333333333333
27727,3,0.5355396825396825
27732,3,0.3416666666666667
27741,3,0.11105555555555555
27751,3,0.731734126984127
27752,3,0.3476904761904761
27755,3,0.6491507936507938
27760,3,0.8011111111111111
27768,3,0.8433333333333334
27773,3,0.40488888888888885
27777,3,0.4703492063492063
27785,3,0.7333333333333333
27791,3,0.5766666666666667
27800,3,0.6606666666666666
27802,3,0.9012698412698413
27804,3,0.45166666666666666
27813,3,0.6683174603174603
27816,3,0.6003888888888887
27819,3,0.4008730158730158
27821,3,0.6222222222222222
27825,3,0.7118015873015873
27830,3,0.2538888888888889
27833,3,0.3061111111111111
27834,3,0.45216666666666666
27835,3,0.5716666666666667
27839,3,0.17666666666666667
27855,3,0.4741666666666667
27860,3,0.7533333333333333
27868,3,0.5987857142857143
27869,3,0.4483333333333333
27871,3,0.40166666666666667
27874,3,0.7766666666666666
27886,3,0.3408333333333333
27892,3,0.4511111111111111
27894,3,0.7741904761904762
27900,3,0.38
27913,3,0.3333333333333333
27916,3,0.43
27918,3,0.18
27921,3,0.4440476190476191
27922,3,0.25333333333333335
27928,3,0.5066666666666667
27929,3,0.26666666666666666
27933,3,0.5245238095238095
27934,3,0.23666666666666666
27937,3,0.21333333333333335
27944,3,0.36
27946,3,0.36
27947,3,0.42
27961,3,0.52
27964,3,0.31
27966,3,0.21666666666666667
27969,3,0.125
27971,3,0.4650555555555555
27985,3,0.3229444444444445
27986,3,0.04
27988,3,0.5066666666666667
27994,3,0.44666666666666666
27995,3,0.06333333333333334
27998,3,0.37333333333333335
28000,3,0.02
28020,3,0.056111111111111105
28023,3,0.006666666666666667
28024,3,0.042222222222222223
28031,3,0.05
28043,3,0.11
28044,3,0.17944444444444443
28052,3,0.12666666666666668
28061,3,0.02666666666666667
28064,3,0.05333333333333334
28065,3,0.18
28068,3,0.02666666666666667
28078,3,0.36583333333333334
28085,3,0.16
28091,3,0.03
28098,3,0.01
28114,3,0.1514444444444445
28124,3,0.04
28125,3,0.03
28126,3,0.057222222222222216
28151,3,0.37333333333333335
28156,3,0.64
28164,3,0.11333333333333333
28165,3,0.01
28174,3,0.21
28182,3,0.07333333333333333
28184,3,0.03333333333333333
28193,3,0.07333333333333333
28201,3,0.11
28204,3,0.07333333333333333
28209,3,0.06
28221,3,0.22333333333333333
28223,3,0.016666666666666666
28224,3,0.09666666666666666
28227,3,0.02
28236,3,0.14666666666666667
28244,3,0.016666666666666666
28246,3,0.08166666666666667
28254,3,0.065
28259,3,0.04
28267,3,0.13194444444444445
28279,3,0.4533333333333333
28280,3,0.3952777777777778
28283,3,0.06333333333333334
28285,3,0.043333333333333335
28295,3,0.11333333333333333
28306,3,0.4
28316,3,0.3425
28317,3,0.3308333333333333
28318,3,0.125
28331,3,0.06666666666666667
28336,3,0.035555555555555556
28341,3,0.23666666666666666
28346,3,0.03666666666666667
28359,3,0.21
28367,3,0.2325
28368,3,0.25833333333333336
28396,3,0.05
28404,3,0.17333333333333334
28406,3,0.11
28408,3,0.19061111111111112
28414,3,0.056666666666666664
28424,3,0.27
28430,3,0.025555555555555557
28433,3,0.35333333333333333
28434,3,0.26
28436,3,0.06366666666666668
28440,3,0.01
28452,3,0.4
28459,3,0.06666666666666667
28472,3,0.10666666666666667
28480,3,0.4633333333333333
28487,3,0.8066666666666666
28494,3,0.40188888888888885
28496,3,0.023333333333333334
28501,3,0.08666666666666667
28502,3,0.17777777777777778
28513,3,0.4331111111111111
28515,3,0.12
28517,3,0.0033333333333333335
28534,3,0.23
28544,3,0.5183333333333333
28546,3,0.21333333333333335
28555,3,0.08549999999999999
28556,3,0.10333333333333333
28570,3,0.034166666666666665
28577,3,0.19
28582,3,0.31333333333333335
28591,3,0.5466666666666666
28592,3,0.13333333333333333
28594,3,0.15166666666666667
28598,3,0.18666666666666668
28602,3,0.25
28604,3,0.38333333333333336
28606,3,0.30666666666666664
28609,3,0.030777777777777782
28613,3,0.0958888888888889
28614,3,0.49833333333333335
28627,3,0.056666666666666664
28630,3,0.26666666666666666
28639,3,0.24277777777777776
28642,3,0.07333333333333333
28656,3,0.22088888888888888
28662,3,0.016666666666666666
28665,3,0.21466666666666667
28666,3,0.21466666666666667
28671,3,0.06666666666666667
28673,3,0.21466666666666667
28674,3,0.055
28676,3,0.4766666666666667
28678,3,0.318
28697,3,0.02
28702,3,0.25333333333333335
28706,3,0.07666666666666666
28720,3,0.65
28728,3,0.02
28740,3,0.23444444444444443
28741,3,0.18333333333333332
28742,3,0.04
28744,3,0.09
28751,3,0.24333333333333335
28756,3,0.043333333333333335
28757,3,0.12666666666666668
28758,3,0.005
28761,3,0.0748888888888889
28772,3,0.11222222222222221
28775,3,0.5266666666666666
28779,3,0.21666666666666667
28782,3,0.03666666666666667
28784,3,0.023333333333333334
28788,3,0.24333333333333335
28792,3,0.21333333333333335
28803,3,0.38516666666666666
28810,3,0.18833333333333332
28816,3,0.07333333333333333
28818,3,0.13333333333333333
28826,3,0.13333333333333333
28830,3,0.47
28834,3,0.22333333333333333
28837,3,0.0033333333333333335
28841,3,0.10666666666666667
28844,3,0.42333333333333334
28849,3,0.043333333333333335
28850,3,0.33
28858,3,0.043333333333333335
28860,3,0.31333333333333335
28865,3,0.5166666666666667
28867,3,0.31333333333333335
28877,3,0.07
28878,3,0.025666666666666664
28883,3,0.043333333333333335
28895,3,0.06
28897,3,0.02
28898,3,0.01
28899,3,0.02
28900,3,0.013333333333333334
28910,3,0.05277777777777778
28911,3,0.05
28913,3,0.013333333333333334
28918,3,0.03
28923,3,0.10305555555555555
28937,3,0.03666666666666667
28945,3,0.007777777777777777
28950,3,0.03
28963,3,0.0725
28964,3,0.006666666666666667
28987,3,0.04666666666666667
28989,3,0.0033333333333333335
28991,3,0.18666666666666668
29009,3,0.05
29010,3,0.07583333333333334
29020,3,0.03333333333333333
29021,3,0.21333333333333335
29022,3,0.09666666666666666
29059,3,0.16
29066,3,0.023333333333333334
29067,3,0.06666666666666667
29071,3,0.043333333333333335
29072,3,0.5983333333333334
29074,3,0.0
29076,3,0.01
29087,3,0.03333333333333333
29092,3,0.0
29095,3,0.08333333333333333
29102,3,0.03333333333333333
29103,3,0.0033333333333333335
29104,3,0.01
29112,3,0.05
29116,3,0.16333333333333333
29124,3,0.04833333333333333
29135,3,0.20666666666666667
29143,3,0.09277777777777779
29149,3,0.03666666666666667
29154,3,0.013333333333333334
29156,3,0.013333333333333334
29160,3,0.03666666666666667
29180,3,0.023333333333333334
29198,3,0.01
29217,3,0.22333333333333333
29221,3,0.13944444444444445
29224,3,0.013333333333333334
29226,3,0.07
29236,3,0.043333333333333335
29241,3,0.05333333333333334
29252,3,0.04
29258,3,0.03666666666666667
29260,3,0.006666666666666667
29265,3,0.0033333333333333335
29271,3,0.0033333333333333335
29276,3,0.03666666666666667
29279,3,0.14666666666666667
29293,3,0.0033333333333333335
29312,3,0.02
29314,3,0.016666666666666666
29329,3,0.16333333333333333
29330,3,0.006666666666666667
29335,3,0.18333333333333332
29341,3,0.04666666666666667
29343,3,0.12
29346,3,0.06666666666666667
29351,3,0.09
29354,3,0.12333333333333334
29357,3,0.0
29359,3,0.16
29360,3,0.03
29363,3,0.03333333333333333
29364,3,0.013333333333333334
29366,3,0.01
29369,3,0.02666666666666667
29379,3,0.03833333333333333
29384,3,0.14333333333333334
29389,3,0.0
29402,3,0.03
29404,3,0.06666666666666667
29409,3,0.09166666666666666
29411,3,0.04
29417,3,0.013333333333333334
29420,3,0.14
29421,3,0.23666666666666666
29425,3,0.013333333333333334
29437,3,0.02
29439,3,0.055
29444,3,0.02
29462,3,0.23
29472,3,0.0033333333333333335
29476,3,0.08666666666666667
29503,3,0.36133333333333334
29505,3,0.01
29508,3,0.11333333333333333
29526,3,0.01
29529,3,0.043333333333333335
29553,3,0.04
29555,3,0.19416666666666665
29562,3,0.16861111111111113
29575,3,0.36
29578,3,0.32666666666666666
29582,3,0.11
29587,3,0.1
29590,3,0.04833333333333333
29595,3,0.03666666666666667
29612,3,0.006666666666666667
29617,3,0.013333333333333334
29619,3,0.016666666666666663
29631,3,0.06
29641,3,0.235
29664,3,0.006666666666666667
29666,3,0.09666666666666666
29667,3,0.023333333333333334
29670,3,0.01
29673,3,0.03922222222222223
29682,3,0.2966666666666667
29683,3,0.105
29687,3,0.056666666666666664
29693,3,0.04666666666666667
29711,3,0.15115079365079367
29720,3,0.03333333333333333
29740,3,0.15666666666666668
29749,3,0.056666666666666664
29752,3,0.01
29763,3,0.34099999999999997
29765,3,0.056666666666666664
29778,3,0.01
29791,3,0.15333333333333332
29795,3,0.45388888888888884
29799,3,0.0033333333333333335
29804,3,0.12333333333333334
29809,3,0.07
29811,3,0.0033333333333333335
29822,3,0.11333333333333333
29824,3,0.013333333333333334
29832,3,0.04
29841,3,0.006666666666666667
29845,3,0.013333333333333334
29863,3,0.30666666666666664
29879,3,0.09333333333333334
29891,3,0.18666666666666668
29895,3,0.023333333333333334
29901,3,0.01
29911,3,0.08
29912,3,0.23
29916,3,0.07333333333333333
29922,3,0.006666666666666667
29927,3,0.09333333333333334
29931,3,0.06
29933,3,0.03
29936,3,0.0033333333333333335
29950,3,0.013333333333333334
29951,3,0.08
29952,3,0.006666666666666667
29954,3,0.023333333333333334
29957,3,0.013333333333333334
29965,3,0.02666666666666667
29978,3,0.24833333333333332
29980,3,0.11666666666666667
29991,3,0.49166666666666664
29994,3,0.48
30000,3,0.34
30011,3,0.09333333333333334
30014,3,0.2833333333333333
30015,3,0.2966666666666667
30019,3,0.65
30020,3,0.65
30021,3,0.29
30024,3,0.13333333333333333
30040,3,0.4011111111111111
30047,3,0.36
30048,3,0.2916666666666667
30083,3,0.17
30085,3,0.3377777777777778
30087,3,0.23666666666666666
30088,3,0.14
30101,3,0.13722222222222222
30105,3,0.2725
30107,3,0.15666666666666668
30108,3,0.47333333333333333
30128,3,0.21833333333333332
30152,3,0.55
30160,3,0.05416666666666667
30161,3,0.5733333333333334
30167,3,0.35083333333333333
30168,3,0.06277777777777778
30173,3,0.2988888888888889
30175,3,0.5333333333333333
30177,3,0.23666666666666666
30181,3,0.2511111111111111
30182,3,0.22444444444444442
30199,3,0.47
30207,3,0.7066666666666667
30211,3,0.26
30228,3,0.18333333333333332
30230,3,0.58
30246,3,0.32
30247,3,0.6533333333333333
30249,3,0.275
30256,3,0.48333333333333334
30258,3,0.5333333333333333
30261,3,0.013333333333333334
30263,3,0.5333333333333333
30267,3,0.37222222222222223
30273,3,0.4
30276,3,0.2763333333333334
30279,3,0.055555555555555546
30280,3,0.2472777777777778
30283,3,0.20333333333333334
30284,3,0.38
30285,3,0.6772222222222222
30298,3,0.6711111111111111
30304,3,0.19666666666666666
30327,3,0.08
30342,3,0.14833333333333334
30343,3,0.23666666666666666
30344,3,0.5566666666666666
30349,3,0.2738888888888889
30354,3,0.4237777777777778
30365,3,0.05416666666666667
30368,3,0.12666666666666668
30381,3,0.52
30384,3,0.41833333333333333
30392,3,0.175
30409,3,0.47333333333333333
30413,3,0.4088888888888889
30414,3,0.5333333333333333
30432,3,0.08
30433,3,0.17333333333333334
30443,3,0.41333333333333333
30446,3,0.24595238095238098
30450,3,0.12444444444444445
30453,3,0.11666666666666667
30467,3,0.4
30468,3,0.2667777777777778
30480,3,0.23666666666666666
30485,3,0.22666666666666666
30486,3,0.36333333333333334
30487,3,0.42333333333333334
30489,3,0.22333333333333333
30497,3,0.27
30512,3,0.07333333333333333
30522,3,0.33
30523,3,0.47
30524,3,0.18
30527,3,0.30333333333333334
30531,3,0.07333333333333333
30532,3,0.11666666666666667
30535,3,0.36666666666666664
30537,3,0.17666666666666667
30547,3,0.06333333333333334
30555,3,0.22666666666666666
30557,3,0.16333333333333333
30559,3,0.12
30560,3,0.14333333333333334
30574,3,0.11666666666666667
30577,3,0.09333333333333334
30579,3,0.09333333333333334
30587,3,0.06333333333333334
30602,3,0.02666666666666667
30607,3,0.02666666666666667
30628,3,0.23333333333333334
30634,3,0.3933333333333333
30638,3,0.20666666666666667
30640,3,0.10666666666666667
30642,3,0.31666666666666665
30647,3,0.0
30660,3,0.023333333333333334
30678,3,0.04666666666666667
30679,3,0.21
30686,3,0.03666666666666667
30689,3,0.04666666666666667
30690,3,0.15
30698,3,0.016666666666666666
30700,3,0.06333333333333334
30707,3,0.013333333333333334
30715,3,0.0033333333333333335
30725,3,0.01
30730,3,0.03333333333333333
30735,3,0.14
30741,3,0.042222222222222223
30748,3,0.057
30755,3,0.0525
30765,3,0.07277777777777779
30767,3,0.03333333333333333
30768,3,0.11666666666666667
30778,3,0.0
30788,3,0.21666666666666667
30796,3,0.043333333333333335
30808,3,0.2
30809,3,0.01
30810,3,0.01
30812,3,0.04
30815,3,0.04
30817,3,0.10333333333333333
30818,3,0.08
30822,3,0.07666666666666666
30823,3,0.02666666666666667
30829,3,0.056666666666666664
30842,3,0.18333333333333332
30843,3,0.056666666666666664
30853,3,0.08333333333333333
30858,3,0.10666666666666667
30859,3,0.09
30868,3,0.01
30895,3,0.1
30909,3,0.04666666666666667
30916,3,0.14666666666666667
30921,3,0.2
30923,3,0.08666666666666667
30929,3,0.02
30934,3,0.022
30942,3,0.6466666666666666
30948,3,0.01253968253968254
30954,3,0.06333333333333334
30955,3,0.07333333333333333
30961,3,0.016666666666666666
30969,3,0.17
30970,3,0.023333333333333334
30975,3,0.05
30988,3,0.043095238095238096
30989,3,0.08333333333333333
30992,3,0.0
31005,3,0.006666666666666667
31008,3,0.04
31009,3,0.43333333333333335
31010,3,0.06
31020,3,0.06666666666666667
31021,3,0.11833333333333333
31027,3,0.01
31040,3,0.043333333333333335
31048,3,0.013333333333333334
31056,3,0.006666666666666667
31069,3,0.016666666666666666
31081,3,0.0
31084,3,0.12666666666666668
31086,3,0.01
31088,3,0.18333333333333332
31094,3,0.2025
31100,3,0.36933333333333335
31120,3,0.016666666666666666
31123,3,0.043333333333333335
31126,3,0.03
31127,3,0.11666666666666667
31136,3,0.03333333333333333
31140,3,0.03333333333333333
31153,3,0.02
31158,3,0.09333333333333334
31166,3,0.15666666666666668
31170,3,0.03
31172,3,0.00861111111111111
31185,3,0.02666666666666667
31188,3,0.14333333333333334
31199,3,0.05333333333333334
31213,3,0.05
31217,3,0.0
31219,3,0.03453703703703704
31221,3,0.08333333333333333
31230,3,0.07666666666666666
31250,3,0.03333333333333333
31256,3,0.19
31258,3,0.05222222222222222
31260,3,0.09333333333333334
31269,3,0.035
31278,3,0.12666666666666668
31279,3,0.016666666666666666
31281,3,0.03838888888888889
31294,3,0.005555555555555555
31296,3,0.016666666666666666
31299,3,0.01
31302,3,0.023333333333333334
31314,3,0.1
31333,3,0.006666666666666667
31338,3,0.02
31354,3,0.04
31366,3,0.006666666666666667
31367,3,0.0016666666666666668
31373,3,0.013333333333333334
31387,3,0.02
31388,3,0.04
31409,3,0.03666666666666667
31415,3,0.01
31419,3,0.09333333333333334
31420,3,0.02
31423,3,0.0033333333333333335
31430,3,0.09666666666666666
31432,3,0.0
31433,3,0.09666666666666666
31447,3,0.05222222222222222
31456,3,0.09666666666666666
31461,3,0.03833333333333333
31464,3,0.09333333333333334
31472,3,0.03333333333333333
31473,3,0.20666666666666667
31484,3,0.30666666666666664
31486,3,0.09
31500,3,0.07355555555555555
31501,3,0.08638888888888888
31509,3,0.11666666666666667
31525,3,0.023333333333333334
31527,3,0.08
31530,3,0.013333333333333334
31544,3,0.02
31555,3,0.0033333333333333335
31558,3,0.043333333333333335
31563,3,0.04777777777777778
31565,3,0.05222222222222222
31566,3,0.09083333333333334
31568,3,0.06333333333333334
31572,3,0.03
31579,3,0.023333333333333334
31583,3,0.1872222222222222
31586,3,0.1388888888888889
31587,3,0.13
31591,3,0.03333333333333333
31595,3,0.01
31596,3,0.03333333333333333
31603,3,0.065
31609,3,0.08555555555555555
31610,3,0.044055555555555556
31616,3,0.056666666666666664
31618,3,0.02666666666666667
31627,3,0.013333333333333334
31628,3,0.013333333333333334
31630,3,0.19333333333333333
31635,3,0.10666666666666667
31638,3,0.02666666666666667
31639,3,0.01
31651,3,0.02
31656,3,0.09783333333333334
31659,3,0.0033333333333333335
31668,3,0.07333333333333333
31671,3,0.04077777777777778
31687,3,0.006666666666666667
31693,3,0.23333333333333334
31697,3,0.0033333333333333335
31699,3,0.04
31702,3,0.17333333333333334
31705,3,0.03
31707,3,0.06111111111111111
31719,3,0.08
31725,3,0.15333333333333332
31728,3,0.04
31734,3,0.006666666666666667
31735,3,0.015
31759,3,0.0033333333333333335
31777,3,0.0033333333333333335
31784,3,0.0033333333333333335
31785,3,0.05177777777777778
31791,3,0.32983333333333337
31798,3,0.006666666666666667
31799,3,0.20666666666666667
31800,3,0.02666666666666667
31807,3,0.06333333333333334
31812,3,0.03
31820,3,0.006666666666666667
31830,3,0.15666666666666668
31835,3,0.03
31838,3,0.06
31840,3,0.03
31843,3,0.04666666666666667
31846,3,0.16833333333333333
31859,3,0.006666666666666667
31862,3,0.04666666666666667
31868,3,0.03666666666666667
31869,3,0.03333333333333333
31883,3,0.031111111111111107
31885,3,0.05333333333333334
31893,3,0.02
31894,3,0.3433333333333333
31897,3,0.09333333333333334
31905,3,0.01
31906,3,0.11472222222222224
31910,3,0.04
31913,3,0.016666666666666666
31921,3,0.03
31937,3,0.04666666666666667
31944,3,0.31833333333333336
31951,3,0.07283333333333333
31954,3,0.0
31956,3,0.05783333333333334
31960,3,0.07333333333333333
31963,3,0.09333333333333334
31975,3,0.03166666666666667
31988,3,0.011666666666666667
31994,3,0.013333333333333334
31995,3,0.105
32002,3,0.016666666666666666
32005,3,0.0275
32019,3,0.048888888888888885
32026,3,0.07
32027,3,0.06
32028,3,0.006666666666666667
32034,3,0.12333333333333334
32036,3,0.04666666666666667
32038,3,0.11333333333333333
32044,3,0.023333333333333334
32059,3,0.07
32079,3,0.08
32091,3,0.12666666666666668
32103,3,0.10333333333333333
32111,3,0.056666666666666664
32115,3,0.03666666666666667
32119,3,0.01
32122,3,0.013333333333333334
32134,3,0.10148148148148149
32135,3,0.023333333333333334
32148,3,0.05226190476190476
32164,3,0.008333333333333333
32166,3,0.03
32167,3,0.03
32169,3,0.02
32173,3,0.14833333333333334
32182,3,0.03666666666666667
32194,3,0.08666666666666667
32203,3,0.05
32210,3,0.023333333333333334
32219,3,0.043333333333333335
32223,3,0.10194444444444443
32228,3,0.03
32237,3,0.031111111111111107
32238,3,0.02666666666666667
32244,3,0.13
32247,3,0.011666666666666667
32248,3,0.03
32250,3,0.09888888888888889
32251,3,0.07
32254,3,0.023333333333333334
32260,3,0.012444444444444444
32263,3,0.0
32266,3,0.12611111111111112
32267,3,0.006666666666666667
32268,3,0.04
32270,3,0.08666666666666667
32272,3,0.09666666666666666
32275,3,0.09666666666666666
32277,3,0.03
32297,3,0.016666666666666666
32299,3,0.023333333333333334
32301,3,0.12666666666666668
32305,3,0.08777777777777777
32307,3,0.07333333333333333
32312,3,0.14333333333333334
32322,3,0.02
32332,3,0.06666666666666667
32340,3,0.1
32341,3,0.02
32343,3,0.06333333333333334
32344,3,0.02666666666666667
32355,3,0.04666666666666667
32356,3,0.12
32357,3,0.13333333333333333
32366,3,0.056666666666666664
32376,3,0.07333333333333333
32399,3,0.03
32414,3,0.056666666666666664
32420,3,0.08
32434,3,0.013333333333333334
32435,3,0.03166666666666667
32446,3,0.02
32449,3,0.08333333333333333
32450,3,0.02733333333333333
32463,3,0.11
32465,3,0.07666666666666666
32466,3,0.06333333333333334
32472,3,0.03666666666666667
32473,3,0.0033333333333333335
32476,3,0.034666666666666665
32479,3,0.016666666666666666
32483,3,0.12
32497,3,0.01
32502,3,0.06
32503,3,0.021666666666666667
32504,3,0.05555555555555556
32507,3,0.01
32518,3,0.06666666666666667
32529,3,0.08333333333333333
32530,3,0.006666666666666667
32539,3,0.006666666666666667
32544,3,0.01
32548,3,0.10333333333333333
32552,3,0.02
32564,3,0.025
32565,3,0.1
32573,3,0.11
32582,3,0.028333333333333332
32589,3,0.007222222222222222
32593,3,0.02
32603,3,0.08
32607,3,0.043333333333333335
32608,3,0.07
32622,3,0.015555555555555553
32630,3,0.11900000000000001
32639,3,0.0033333333333333335
32654,3,0.21333333333333335
32685,3,0.03333333333333333
32694,3,0.08388888888888889
32707,3,0.016666666666666666
32719,3,0.0016666666666666668
32734,3,0.07666666666666666
32736,3,0.023333333333333334
32739,3,0.04
32741,3,0.013333333333333334
32746,3,0.05333333333333334
32753,3,0.51
32756,3,0.016666666666666666
32762,3,0.0033333333333333335
32766,3,0.013888888888888886
32767,3,0.04
32775,3,0.04666666666666667
32782,3,0.02
32794,3,0.043333333333333335
32799,3,0.08
32806,3,0.023333333333333334
32807,3,0.013333333333333334
32808,3,0.2966666666666667
32809,3,0.016666666666666666
32813,3,0.005555555555555555
32815,3,0.013333333333333334
32816,3,0.04583333333333333
32819,3,0.06333333333333334
32821,3,0.03777777777777777
32822,3,0.09333333333333334
32823,3,0.03
32831,3,0.043333333333333335
32841,3,0.01
32848,3,0.03
32860,3,0.04666666666666667
32862,3,0.10333333333333333
32868,3,0.02
32873,3,0.02
32875,3,0.0
32876,3,0.05333333333333334
32883,3,0.08722222222222223
32914,3,0.04666666666666667
32922,3,0.0
32937,3,0.14738888888888887
32944,3,0.07333333333333333
32950,3,0.023333333333333334
32955,3,0.056666666666666664
32965,3,0.04666666666666667
32970,3,0.05583333333333333
32982,3,0.008888888888888889
32987,3,0.016666666666666666
32989,3,0.01
32993,3,0.04
32994,3,0.3566666666666667
32998,3,0.21666666666666667
33024,3,0.01
33025,3,0.07
33032,3,0.05333333333333334
33033,3,0.02
33047,3,0.03666666666666667
33061,3,0.023333333333333334
33070,3,0.15666666666666668
33073,3,0.10833333333333334
33079,3,0.07
33087,3,0.014333333333333333
33090,3,0.03666666666666667
33109,3,0.07333333333333333
33112,3,0.043333333333333335
33114,3,0.19
33116,3,0.02666666666666667
33127,3,0.11333333333333333
33131,3,0.02666666666666667
33134,3,0.3233333333333333
33148,3,0.16666666666666666
33150,3,0.03
33154,3,0.03666666666666667
33155,3,0.05
33160,3,0.018055555555555554
33163,3,0.03666666666666667
33168,3,0.11111111111111112
33169,3,0.16533333333333333
33172,3,0.07333333333333333
33175,3,0.09333333333333334
33188,3,0.02
33199,3,0.10666666666666667
33212,3,0.013333333333333334
33222,3,0.056666666666666664
33223,3,0.03666666666666667
33226,3,0.01
33230,3,0.07
33236,3,0.02666666666666667
33251,3,0.02
33252,3,0.09666666666666666
33253,3,0.11666666666666667
33274,3,0.19722222222222222
33281,3,0.08666666666666667
33285,3,0.03
33286,3,0.23894444444444446
33292,3,0.015
33299,3,0.005333333333333334
33301,3,0.39386507936507936
33308,3,0.19755555555555557
33318,3,0.03
33319,3,0.07
33324,3,0.016666666666666666
33325,3,0.011666666666666667
33340,3,0.04
33345,3,0.025
33347,3,0.02666666666666667
33354,3,0.16666666666666666
33358,3,0.02666666666666667
33360,3,0.02
33363,3,0.05
33364,3,0.05766666666666667
33365,3,0.06333333333333334
33368,3,0.02666666666666667
33369,3,0.2011111111111111
33380,3,0.04
33381,3,0.25666666666666665
33383,3,0.03666666666666667
33387,3,0.01
33392,3,0.03333333333333333
33393,3,0.13
33402,3,0.05333333333333334
33410,3,0.016666666666666666
33414,3,0.02
33426,3,0.07
33447,3,0.035
33451,3,0.17
33457,3,0.1
33459,3,0.14333333333333334
33472,3,0.11
33488,3,0.006666666666666667
33491,3,0.013333333333333334
33495,3,0.01
33516,3,0.04666666666666667
33528,3,0.09061111111111111
33536,3,0.06666666666666667
33540,3,0.03333333333333333
33541,3,0.02666666666666667
33544,3,0.12077777777777776
33550,3,0.07
33567,3,0.02666666666666667
33575,3,0.15333333333333332
33579,3,0.03
33580,3,0.02
33582,3,0.006666666666666667
33586,3,0.10333333333333333
33589,3,0.023333333333333334
33600,3,0.05
33606,3,0.013333333333333334
33611,3,0.016666666666666666
33616,3,0.06333333333333334
33620,3,0.023333333333333334
33626,3,0.03
33631,3,0.18
33634,3,0.16666666666666666
33637,3,0.05527777777777779
33651,3,0.145
33655,3,0.03333333333333333
33656,3,0.0011111111111111111
33659,3,0.0044444444444444444
33661,3,0.006666666666666667
33671,3,0.043333333333333335
33674,3,0.05
33685,3,0.006666666666666667
33692,3,0.016666666666666666
33693,3,0.12333333333333334
33695,3,0.02666666666666667
33702,3,0.26
33705,3,0.03333333333333333
33713,3,0.04666666666666667
33730,3,0.13333333333333333
33734,3,0.04666666666666667
33736,3,0.14333333333333334
33739,3,0.02666666666666667
33740,3,0.06
33743,3,0.24333333333333335
33763,3,0.023333333333333334
33764,3,0.03
33767,3,0.01
33771,3,0.02
33773,3,0.09333333333333334
33775,3,0.056666666666666664
33780,3,0.044722222222222226
33781,3,0.09333333333333334
33782,3,0.41298148148148145
33783,3,0.023333333333333334
33791,3,0.051666666666666666
33794,3,0.05
33803,3,0.08666666666666667
33808,3,0.04833333333333333
33816,3,0.24
33817,3,0.07666666666666666
33819,3,0.6266666666666667
33833,3,0.03
33844,3,0.01
33846,3,0.13
33858,3,0.07
33864,3,0.013333333333333334
33869,3,0.023333333333333334
33875,3,0.023333333333333334
33878,3,0.10483333333333335
33887,3,0.056666666666666664
33893,3,0.02
33901,3,0.051666666666666666
33905,3,0.10333333333333333
33913,3,0.043333333333333335
33916,3,0.25666666666666665
33921,3,0.16666666666666666
33925,3,0.021666666666666667
33937,3,0.41298148148148145
33940,3,0.10483333333333335
33945,3,0.08
33956,3,0.06333333333333334
33958,3,0.06
33968,3,0.006666666666666667
33977,3,0.016666666666666666
33979,3,0.08222222222222222
33980,3,0.2922222222222222
33986,3,0.14416666666666667
33992,3,0.03
34003,3,0.13972222222222222
34028,3,0.0033333333333333335
34033,3,0.19
34050,3,0.03666666666666667
34058,3,0.01
34061,3,0.07333333333333333
34071,3,0.202
34077,3,0.02666666666666667
34080,3,0.05583333333333333
34081,3,0.03333333333333333
34089,3,0.0575
34091,3,0.07666666666666666
34100,3,0.2733333333333333
34102,3,0.07666666666666666
34112,3,0.006666666666666667
34115,3,0.04
34116,3,0.02
34118,3,0.0
34119,3,0.016666666666666666
34139,3,0.07833333333333334
34143,3,0.07
34144,3,0.36666666666666664
34145,3,0.06666666666666667
34152,3,0.08666666666666667
34161,3,0.035
34171,3,0.31666666666666665
34173,3,0.1
34174,3,0.013333333333333334
34176,3,0.17666666666666667
34179,3,0.02666666666666667
34197,3,0.07
34201,3,0.02
34203,3,0.05333333333333334
34214,3,0.051388888888888894
34218,3,0.02722222222222222
34219,3,0.05
34226,3,0.06472222222222222
34233,3,0.31333333333333335
34239,3,0.04666666666666667
34243,3,0.0
34245,3,0.19333333333333333
34248,3,0.05333333333333334
34255,3,0.01
34281,3,0.023333333333333334
34296,3,0.03166666666666667
34305,3,0.03
34308,3,0.03333333333333333
34315,3,0.08
34325,3,0.04666666666666667
34326,3,0.15388888888888888
34334,3,0.0033333333333333335
34338,3,0.02666666666666667
34342,3,0.056666666666666664
34345,3,0.008333333333333333
34348,3,0.03666666666666667
34349,3,0.02666666666666667
34359,3,0.11666666666666667
34360,3,0.015555555555555557
34371,3,0.03666666666666667
34383,3,0.0
34384,3,0.015555555555555557
34389,3,0.013333333333333334
34397,3,0.016666666666666666
34398,3,0.07333333333333333
34407,3,0.23222222222222225
34414,3,0.02
34424,3,0.03444444444444444
34432,3,0.023333333333333334
34434,3,0.07333333333333333
34451,3,0.1
34458,3,0.043333333333333335
34473,3,0.0
34476,3,0.016666666666666666
34490,3,0.016666666666666666
34497,3,0.023333333333333334
34512,3,0.09666666666666666
34513,3,0.02666666666666667
34521,3,0.03333333333333333
34522,3,0.023333333333333334
34523,3,0.016666666666666666
34533,3,0.07333333333333333
34534,3,0.03666666666666667
34539,3,0.15333333333333332
34540,3,0.03333333333333333
34549,3,0.22333333333333333
34551,3,0.07
34568,3,0.011555555555555557
34576,3,0.02
34592,3,0.03333333333333333
34596,3,0.22333333333333333
34597,3,0.03666666666666667
34605,3,0.04444444444444444
34615,3,0.07333333333333333
34617,3,0.09555555555555555
34621,3,0.07333333333333333
34631,3,0.058333333333333334
34636,3,0.006666666666666667
34637,3,0.006666666666666667
34650,3,0.07666666666666666
34653,3,0.02
34655,3,0.006666666666666667
34664,3,0.023333333333333334
34665,3,0.016666666666666666
34666,3,0.2733333333333333
34681,3,0.13666666666666666
34684,3,0.01
34688,3,0.11666666666666667
34707,3,0.08
34709,3,0.05
34718,3,0.01
34719,3,0.02666666666666667
34720,3,0.15166666666666667
34722,3,0.006666666666666667
34733,3,0.013333333333333334
34738,3,0.043333333333333335
34744,3,0.02666666666666667
34745,3,0.023333333333333334
34751,3,0.016
34760,3,0.04083333333333333
34763,3,0.03333333333333333
34764,3,0.11333333333333333
34774,3,0.17333333333333334
34775,3,0.013333333333333334
34779,3,0.02
34781,3,0.02666666666666667
34782,3,0.02
34783,3,0.045
34791,3,0.04
34792,3,0.016666666666666666
34802,3,0.03666666666666667
34805,3,0.01111111111111111
34810,3,0.07666666666666666
34812,3,0.023333333333333334
34822,3,0.08333333333333333
34823,3,0.15666666666666668
34825,3,0.06333333333333334
34834,3,0.056666666666666664
34841,3,0.07333333333333333
34844,3,0.68
34850,3,0.03
34863,3,0.03666666666666667
34864,3,0.03666666666666667
34872,3,0.05
34878,3,0.0
34879,3,0.12322222222222223
34896,3,0.15666666666666668
34923,3,0.18
34931,3,0.09916666666666667
34932,3,0.006666666666666667
34934,3,0.13666666666666666
34945,3,0.12
34946,3,0.02666666666666667
34951,3,0.07
34952,3,0.056666666666666664
34962,3,0.056666666666666664
34964,3,0.03666666666666667
34975,3,0.07666666666666666
34976,3,0.11333333333333333
34978,3,0.034444444444444444
34979,3,0.08666666666666667
34981,3,0.16
34991,3,0.006666666666666667
34994,3,0.07333333333333333
34995,3,0.03
35000,3,0.013333333333333334
35004,3,0.07333333333333333
35012,3,0.12472222222222219
35017,3,0.043333333333333335
35025,3,0.013333333333333334
35038,3,0.05
35042,3,0.10666666666666667
35054,3,0.035555555555555556
35055,3,0.013333333333333334
35057,3,0.10333333333333333
35061,3,0.13333333333333333
35068,3,0.013333333333333334
35080,3,0.03
35082,3,0.006666666666666667
35088,3,0.17666666666666667
35111,3,0.023333333333333334
35130,3,0.016666666666666666
35159,3,0.14666666666666667
35163,3,0.04666666666666667
35165,3,0.016666666666666666
35182,3,0.10222222222222221
35193,3,0.01
35204,3,0.0033333333333333335
35222,3,0.05333333333333334
35232,3,0.03333333333333333
35240,3,0.23
35241,3,0.35
35249,3,0.03144444444444445
35256,3,0.07666666666666666
35260,3,0.02
35269,3,0.0033333333333333335
35270,3,0.06
35272,3,0.013333333333333334
35279,3,0.03
35286,3,0.007777777777777777
35288,3,0.2833333333333333
35292,3,0.17333333333333334
35299,3,0.013333333333333334
35311,3,0.04666666666666667
35316,3,0.07666666666666666
35329,3,0.028333333333333332
35336,3,0.02666666666666667
35343,3,0.043333333333333335
35364,3,0.03333333333333333
35366,3,0.006666666666666667
35374,3,0.09088888888888888
35377,3,0.07
35383,3,0.06666666666666667
35396,3,0.04
35401,3,0.22333333333333333
35406,3,0.09
35408,3,0.043333333333333335
35409,3,0.04833333333333333
35417,3,0.07333333333333333
35429,3,0.051111111111111114
35432,3,0.08666666666666667
35434,3,0.075
35439,3,0.016666666666666666
35450,3,0.013333333333333334
35459,3,0.17
35471,3,0.02
35477,3,0.07
35479,3,0.03666666666666667
35481,3,0.043333333333333335
35485,3,0.06333333333333334
35486,3,0.08899999999999998
35497,3,0.02
35504,3,0.09333333333333334
35515,3,0.07
35523,3,0.13277777777777777
35524,3,0.10333333333333333
35527,3,0.01
35530,3,0.02922222222222222
35532,3,0.01
35533,3,0.12388888888888888
35538,3,0.05
35542,3,0.016666666666666666
35557,3,0.02
35559,3,0.085
35562,3,0.051666666666666666
35569,3,0.043333333333333335
35577,3,0.056666666666666664
35580,3,0.09
35586,3,0.04722222222222222
35590,3,0.2733333333333333
35598,3,0.08333333333333333
35605,3,0.043333333333333335
35609,3,0.2
35614,3,0.06166666666666667
35620,3,0.29
35621,3,0.13866666666666666
35624,3,0.52
35628,3,0.0033333333333333335
35637,3,0.05
35639,3,0.09333333333333334
35640,3,0.20166666666666666
35642,3,0.05
35644,3,0.03
35645,3,0.18422222222222223
35646,3,0.03833333333333333
35663,3,0.17583333333333334
35666,3,0.09333333333333334
35667,3,0.12333333333333334
35674,3,0.05333333333333334
35678,3,0.07
35684,3,0.02
35694,3,0.03
35698,3,0.225
35705,3,0.08
35710,3,0.013333333333333334
35715,3,0.18333333333333332
35722,3,0.02666666666666667
35725,3,0.015
35729,3,0.03833333333333333
35735,3,0.05
35743,3,0.06333333333333334
35750,3,0.041666666666666664
35760,3,0.10055555555555556
35768,3,0.02666666666666667
35774,3,0.23333333333333334
35775,3,0.03166666666666667
35778,3,0.01
35779,3,0.05333333333333334
35781,3,0.06333333333333334
35788,3,0.09166666666666666
35795,3,0.02
35798,3,0.0033333333333333335
35801,3,0.10333333333333333
35802,3,0.051666666666666666
35805,3,0.22
35808,3,0.05611111111111112
35824,3,0.12444444444444445
35831,3,0.20333333333333334
35837,3,0.1
35841,3,0.12333333333333334
35842,3,0.08333333333333333
35843,3,0.03333333333333333
35854,3,0.11333333333333333
35855,3,0.20666666666666667
35860,3,0.04
35864,3,0.05
35887,3,0.14666666666666667
35889,3,0.03666666666666667
35893,3,0.050833333333333335
35896,3,0.06333333333333334
35898,3,0.13666666666666666
35910,3,0.04666666666666667
35913,3,0.36681746031746026
35925,3,0.12333333333333334
35938,3,0.2866666666666667
35945,3,0.11666666666666667
35947,3,0.17416666666666666
35956,3,0.21333333333333335
35957,3,0.20444444444444446
35965,3,0.28477777777777785
35970,3,0.08333333333333333
35971,3,0.25833333333333336
35978,3,0.03666666666666667
35981,3,0.09
35983,3,0.016666666666666666
35985,3,0.14
35996,3,0.19666666666666666
35999,3,0.16666666666666666
36003,3,0.04472222222222222
36015,3,0.2033333333333333
36024,3,0.13666666666666666
36026,3,0.32166666666666666
36039,3,0.06922222222222221
36044,3,0.07333333333333333
36046,3,0.22
36047,3,0.03
36053,3,0.04
36058,3,0.14666666666666667
36060,3,0.09333333333333334
36071,3,0.31488888888888894
36073,3,0.05
36081,3,0.08666666666666667
36082,3,0.056666666666666664
36085,3,0.655
36089,3,0.22
36090,3,0.08938888888888889
36093,3,0.09333333333333334
36095,3,0.095
36099,3,0.14666666666666667
36104,3,0.14333333333333334
36107,3,0.22333333333333333
36115,3,0.023333333333333334
36123,3,0.4033333333333333
36125,3,0.2683333333333333
36137,3,0.10666666666666667
36139,3,0.24666666666666667
36143,3,0.26666666666666666
36144,3,0.035333333333333335
36145,3,0.07
36146,3,0.115
36159,3,0.0811111111111111
36173,3,0.06666666666666667
36192,3,0.06333333333333334
36207,3,0.05333333333333334
36213,3,0.03666666666666667
36214,3,0.24
36217,3,0.03333333333333333
36219,3,0.03666666666666667
36228,3,0.53
36230,3,0.30333333333333334
36238,3,0.475
36246,3,0.32
36247,3,0.5
36252,3,0.25
36261,3,0.42
36264,3,0.36666666666666664
36268,3,0.33666666666666667
36273,3,0.27666666666666667
36292,3,0.5288888888888889
36295,3,0.3704444444444444
36297,3,0.20333333333333334
36302,3,0.16666666666666666
36303,3,0.695
36314,3,0.35
36318,3,0.07111111111111111
36321,3,0.61
36328,3,0.6466666666666666
36331,3,0.72
36333,3,0.12611111111111112
36339,3,0.06
36344,3,0.388
36347,3,0.24
36348,3,0.46
36349,3,0.3933333333333333
36354,3,0.4533333333333333
36362,3,0.38177777777777777
36369,3,0.44666666666666666
36377,3,0.3233333333333333
36380,3,0.3333333333333333
36385,3,0.2833333333333333
36390,3,0.42333333333333334
36392,3,0.1
36395,3,0.4411111111111111
36396,3,0.7433333333333333
36400,3,0.12666666666666668
36405,3,0.35
36414,3,0.7233333333333334
36416,3,0.30333333333333334
36425,3,0.6633333333333333
36429,3,0.21916666666666668
36430,3,0.34
36434,3,0.478888888888889
36441,3,0.7
36445,3,0.5266666666666666
36446,3,0.3466666666666667
36448,3,0.35
36450,3,0.31
36454,3,0.6466666666666666
36455,3,0.6033333333333334
36459,3,0.3433333333333333
36483,3,0.35333333333333333
36490,3,0.4266666666666667
36491,3,0.6253174603174603
36496,3,0.20333333333333334
36502,3,0.508095238095238
36513,3,0.5433333333333333
36523,3,0.35
36524,3,0.28
36532,3,0.5077777777777778
36536,3,0.6475396825396824
36537,3,0.5213888888888889
36556,3,0.42
36559,3,0.29333333333333333
36560,3,0.7566666666666667
36567,3,0.7545079365079365
36570,3,0.2833333333333333
36576,3,0.6733333333333333
36597,3,0.3105555555555556
36610,3,0.2302777777777778
36613,3,0.5066666666666667
36617,3,0.36333333333333334
36619,3,0.59
36629,3,0.46406349206349207
36634,3,0.3566666666666667
36635,3,0.3333333333333333
36638,3,0.39
36640,3,0.23333333333333334
36644,3,0.5533333333333333
36646,3,0.13333333333333333
36655,3,0.39611111111111114
36669,3,0.5066666666666667
36672,3,0.3925
36673,3,0.45666666666666667
36675,3,0.31
36682,3,0.442
36689,3,0.595
36711,3,0.44333333333333336
36712,3,0.16666666666666666
36714,3,0.23666666666666666
36715,3,0.26666666666666666
36732,3,0.62
36737,3,0.5033333333333333
36738,3,0.5387222222222222
36749,3,0.3333333333333333
36754,3,0.45666666666666667
36755,3,0.5133333333333333
36762,3,0.4633333333333333
36763,3,0.26
36764,3,0.5666666666666667
36782,3,0.3333333333333333
36785,3,0.35333333333333333
36789,3,0.2866666666666667
36794,3,0.49333333333333335
36796,3,0.3016666666666667
36803,3,0.538888888888889
36811,3,0.3763888888888889
36824,3,0.5155555555555557
36826,3,0.49333333333333335
36834,3,0.5566666666666666
36837,3,0.2345
36844,3,0.6033333333333334
36848,3,0.38666666666666666
36849,3,0.23333333333333334
36866,3,0.5766666666666667
36871,3,0.3888888888888889
36874,3,0.19666666666666666
36875,3,0.2
36892,3,0.48
36899,3,0.25222222222222224
36904,3,0.30333333333333334
36908,3,0.24
36909,3,0.5513888888888888
36915,3,0.14166666666666666
36922,3,0.3369444444444445
36926,3,0.4323809523809524
36928,3,0.13094444444444445
36946,3,0.24
36953,3,0.3333333333333333
36954,3,0.5766666666666667
36957,3,0.13
36959,3,0.27666666666666667
36963,3,0.3
36969,3,0.24333333333333335
36970,3,0.2
36975,3,0.25333333333333335
36994,3,0.49666666666666665
36996,3,0.34
36997,3,0.5066666666666667
37000,3,0.55
37002,3,0.2633333333333333
37003,3,0.43
37013,3,0.2525
37014,3,0.6313888888888889
37016,3,0.2833333333333333
37023,3,0.4033333333333333
37026,3,0.7566666666666667
37030,3,0.33666666666666667
37032,3,0.36666666666666664
37056,3,0.3106666666666667
37070,3,0.72
37087,3,0.36333333333333334
37089,3,0.31333333333333335
37094,3,0.4633333333333333
37095,3,0.36666666666666664
37101,3,0.4266666666666667
37106,3,0.36050000000000004
37111,3,0.4066666666666667
37124,3,0.6
37132,3,0.365
37139,3,0.2844444444444445
37150,3,0.31
37175,3,0.34579365079365076
37178,3,0.71
37191,3,0.6933333333333334
37193,3,0.22
37195,3,0.07666666666666666
37208,3,0.6933333333333334
37213,3,0.38666666666666666
37217,3,0.17333333333333334
37220,3,0.18077777777777776
37221,3,0.43666666666666665
37224,3,0.7866666666666666
37230,3,0.55
37233,3,0.38666666666666666
37262,3,0.1913888888888889
37270,3,0.1811111111111111
37292,3,0.5033333333333333
37305,3,0.10333333333333333
37312,3,0.6866666666666666
37313,3,0.2836666666666666
37314,3,0.7866666666666666
37317,3,0.33
37319,3,0.23866666666666664
37323,3,0.6616666666666666
37340,3,0.07583333333333334
37352,3,0.2897222222222222
37367,3,0.6566666666666666
37369,3,0.4086666666666666
37380,3,0.25333333333333335
37387,3,0.48
37390,3,0.47333333333333333
37401,3,0.5056587301587302
37404,3,0.3
37408,3,0.22222222222222218
37409,3,0.6666666666666666
37413,3,0.22333333333333333
37416,3,0.2916666666666667
37419,3,0.5408333333333334
37426,3,0.32316666666666666
37439,3,0.3433333333333333
37447,3,0.5633333333333334
37452,3,0.57
37454,3,0.395
37456,3,0.43
37462,3,0.13333333333333333
37472,3,0.305
37475,3,0.15666666666666668
37480,3,0.07333333333333333
37485,3,0.14666666666666667
37503,3,0.54
37505,3,0.25666666666666665
37510,3,0.4533333333333333
37511,3,0.14666666666666667
37518,3,0.5466666666666666
37519,3,0.14888888888888888
37529,3,0.315
37534,3,0.15833333333333333
37535,3,0.6266666666666667
37538,3,0.14333333333333334
37539,3,0.38666666666666666
37543,3,0.20666666666666667
37550,3,0.6088888888888889
37559,3,0.4216666666666667
37561,3,0.18
37566,3,0.47333333333333333
37579,3,0.36666666666666664
37580,3,0.4533333333333333
37618,3,0.2683333333333333
37620,3,0.7266666666666667
37623,3,0.37666666666666665
37625,3,0.7666666666666667
37629,3,0.14277777777777778
37641,3,0.35
37643,3,0.5833333333333334
37648,3,0.6433333333333333
37654,3,0.545
37655,3,0.2758333333333333
37659,3,0.1922222222222222
37670,3,0.10666666666666667
37691,3,0.7966666666666666
37693,3,0.44333333333333336
37697,3,0.4866666666666667
37702,3,0.5269444444444443
37704,3,0.7866666666666666
37711,3,0.35333333333333333
37727,3,0.28
37728,3,0.7666666666666667
37729,3,0.8266666666666667
37741,3,0.5
37742,3,0.6633333333333333
37758,3,0.6133333333333333
37764,3,0.68
37778,3,0.05
37780,3,0.18333333333333332
37799,3,0.49
37808,3,0.7266666666666667
37813,3,0.11805555555555557
37820,3,0.325
37824,3,0.3238888888888889
37833,3,0.25666666666666665
37834,3,0.7733333333333333
37835,3,0.435
37836,3,0.1325
37845,3,0.36
37846,3,0.09666666666666666
37852,3,0.49111111111111116
37873,3,0.20333333333333334
37878,3,0.18
37881,3,0.09333333333333334
37897,3,0.25333333333333335
37903,3,0.5666666666666667
37906,3,0.3466666666666667
37921,3,0.22
37948,3,0.26
37966,3,0.3383333333333333
37980,3,0.7933333333333333
37981,3,0.15666666666666668
37983,3,0.67
37999,3,0.26055555555555554
38001,3,0.6766666666666666
38012,3,0.25333333333333335
38016,3,0.2816666666666667
38052,3,0.2875
38065,3,0.37333333333333335
38076,3,0.49333333333333335
38091,3,0.7866666666666666
38103,3,0.45666666666666667
38116,3,0.28
38117,3,0.64
38120,3,0.28800000000000003
38129,3,0.306
38130,3,0.35683333333333334
38135,3,0.15666666666666668
38139,3,0.16833333333333333
38149,3,0.48800000000000004
38150,3,0.16666666666666666
38152,3,0.31666666666666665
38161,3,0.34466666666666657
38162,3,0.15272222222222223
38164,3,0.13666666666666666
38174,3,0.21733333333333335
38181,3,0.37494444444444447
38188,3,0.5193888888888889
38193,3,0.45611111111111113
38194,3,0.21699999999999997
38201,3,0.38666666666666666
38226,3,0.118
38227,3,0.25666666666666665
38235,3,0.12111111111111111
38237,3,0.5646666666666667
38240,3,0.5646666666666667
38245,3,0.5866666666666667
38252,3,0.3333333333333333
38253,3,0.3757222222222222
38255,3,0.24683333333333332
38256,3,0.55
38259,3,0.5604444444444444
38272,3,0.4766666666666667
38277,3,0.4120555555555555
38288,3,0.3333333333333333
38294,3,0.25316666666666665
38295,3,0.2633333333333333
38309,3,0.33
38313,3,0.35133333333333333
38318,3,0.41333333333333333
38336,3,0.5244444444444445
38342,3,0.77
38343,3,0.5533333333333333
38347,3,0.4041666666666667
38353,3,0.3293333333333333
38354,3,0.6666666666666666
38356,3,0.5933333333333334
38367,3,0.2772222222222222
38369,3,0.1805
38374,3,0.22833333333333333
38378,3,0.16666666666666666
38384,3,0.30333333333333334
38406,3,0.37333333333333335
38408,3,0.3270555555555556
38409,3,0.25666666666666665
38411,3,0.86
38414,3,0.87
38417,3,0.24444444444444446
38419,3,0.68
38429,3,0.40555555555555556
38433,3,0.47883333333333333
38442,3,0.8295238095238096
38443,3,0.6683333333333333
38450,3,0.6644444444444445
38463,3,0.35777777777777775
38473,3,0.4666666666666667
38494,3,0.43333333333333335
38496,3,0.59
38498,3,0.7700000000000001
38507,3,0.27666666666666667
38509,3,0.43083333333333335
38512,3,0.7
38519,3,0.25833333333333336
38520,3,0.4706746031746032
38532,3,0.27
38540,3,0.49111111111111105
38541,3,0.6646666666666667
38548,3,0.45216666666666666
38563,3,0.499388888888889
38590,3,0.652
38603,3,0.19666666666666666
38617,3,0.39666666666666667
38620,3,0.5033333333333333
38626,3,0.3933333333333333
38628,3,0.21666666666666667
38631,3,0.08
38641,3,0.3466666666666667
38642,3,0.2588888888888889
38660,3,0.1622222222222222
38663,3,0.23333333333333334
38667,3,0.7466666666666667
38669,3,0.35833333333333334
38672,3,0.2783333333333333
38687,3,0.8066666666666666
38691,3,0.3383333333333333
38692,3,0.5966666666666667
38697,3,0.8666666666666667
38701,3,0.24666666666666667
38704,3,0.20333333333333334
38718,3,0.7933333333333333
38732,3,0.24
38737,3,0.07333333333333333
38747,3,0.41777777777777775
38751,3,0.55
38754,3,0.7833333333333333
38756,3,0.6966666666666667
38760,3,0.64
38762,3,0.5126111111111111
38767,3,0.43
38768,3,0.39416666666666667
38773,3,0.5766666666666667
38778,3,0.4431111111111111
38780,3,0.8166666666666667
38784,3,0.39277777777777784
38785,3,0.5316666666666666
38787,3,0.45
38800,3,0.7566666666666667
38805,3,0.59
38814,3,0.41333333333333333
38827,3,0.54
38833,3,0.5466666666666666
38844,3,0.33666666666666667
38858,3,0.21388888888888885
38861,3,0.35555555555555557
38868,3,0.3546825396825397
38880,3,0.6433333333333333
38884,3,0.34
38890,3,0.25
38899,3,0.3538888888888889
38915,3,0.8733333333333333
38935,3,0.4335555555555555
38944,3,0.4816666666666667
38953,3,0.345
38958,3,0.38666666666666666
38959,3,0.3233333333333333
38973,3,0.7366666666666667
38974,3,0.57
38975,3,0.29333333333333333
38977,3,0.7583333333333333
38980,3,0.45916666666666667
38990,3,0.5
38998,3,0.6533333333333333
39005,3,0.43833333333333335
39006,3,0.47333333333333333
39009,3,0.5552777777777778
39015,3,0.17722222222222223
39024,3,0.3005555555555555
39035,3,0.78
39052,3,0.6433333333333333
39056,3,0.6566666666666666
39073,3,0.2942222222222222
39075,3,0.2833333333333333
39088,3,0.528888888888889
39089,3,0.7061111111111111
39095,3,0.75
39098,3,0.3566666666666667
39112,3,0.4633333333333333
39142,3,0.7085555555555555
39145,3,0.5166666666666667
39146,3,0.8147222222222222
39151,3,0.6833333333333333
39152,3,0.65
39170,3,0.415
39188,3,0.5833333333333334
39207,3,0.8483333333333334
39210,3,0.32666666666666666
39217,3,0.6766666666666666
39225,3,0.8566666666666667
39232,3,0.49
39234,3,0.6466666666666666
39236,3,0.3632936507936508
39256,3,0.7066666666666667
39292,3,0.7733333333333333
39312,3,0.6129444444444444
39314,3,0.78
39327,3,0.36833333333333335
39350,3,0.49666666666666665
39351,3,0.2966666666666667
39354,3,0.5733333333333334
39366,3,0.14666666666666667
39368,3,0.16
39369,3,0.22833333333333333
39371,3,0.34
39382,3,0.6333333333333333
39385,3,0.7666666666666667
39394,3,0.7766666666666666
39399,3,0.21777777777777776
39403,3,0.5361111111111111
39404,3,0.81
39422,3,0.7033333333333334
39425,3,0.16
39428,3,0.33666666666666667
39466,3,0.7466666666666667
39473,3,0.5166666666666667
39476,3,0.8333333333333334
39485,3,0.62
39487,3,0.7566666666666667
39491,3,0.7533333333333333
39506,3,0.48644444444444446
39508,3,0.78
39522,3,0.62
39526,3,0.4633333333333333
39531,3,0.2661111111111111
39533,3,0.49666666666666665
39536,3,0.1
39541,3,0.4266666666666667
39542,3,0.49
39546,3,0.48333333333333334
39561,3,0.18333333333333332
39566,3,0.21
39571,3,0.3466666666666667
39588,3,0.44666666666666666
39591,3,0.49333333333333335
39593,3,0.35333333333333333
39602,3,0.49333333333333335
39617,3,0.42
39620,3,0.5166666666666667
39623,3,0.7566666666666667
39626,3,0.77
39628,3,0.27666666666666667
39678,3,0.5533333333333333
39685,3,0.8366666666666667
39686,3,0.5733333333333334
39691,3,0.46166666666666667
39697,3,0.6266666666666667
39708,3,0.8666666666666667
39710,3,0.3933333333333333
39718,3,0.48
39724,3,0.49333333333333335
39725,3,0.54
39732,3,0.6633333333333333
39752,3,0.5266666666666666
39757,3,0.2966666666666667
39761,3,0.41
39766,3,0.6933333333333334
39767,3,0.74
39768,3,0.6933333333333334
39771,3,0.54
39774,3,0.6475
39775,3,0.66
39776,3,0.54
39782,3,0.55
39788,3,0.53
39790,3,0.05333333333333334
39795,3,0.6066666666666667
39811,3,0.4866666666666667
39818,3,0.07
39819,3,0.03
39827,3,0.6733333333333333
39830,3,0.9116666666666666
39836,3,0.5966666666666667
39845,3,0.5733333333333334
39852,3,0.355
39853,3,0.45666666666666667
39855,3,0.6133333333333333
39864,3,0.67
39867,3,0.6766666666666666
39873,3,0.68
39874,3,0.59
39883,3,0.56
39886,3,0.07
39887,3,0.5188888888888888
39893,3,0.77
39900,3,0.07333333333333333
39913,3,0.6466666666666666
39917,3,0.6466666666666666
39918,3,0.7966666666666666
39925,3,0.43
39930,3,0.5919444444444444
39931,3,0.61
39948,3,0.64
39956,3,0.36666666666666664
39976,3,0.8766666666666667
39986,3,0.67
39995,3,0.78
40001,3,0.3413333333333334
40005,3,0.7244444444444444
40010,3,0.30333333333333334
40018,3,0.15
40027,3,0.5866666666666667
40039,3,0.6266666666666667
40043,3,0.37666666666666665
40048,3,0.6266666666666667
40054,3,0.17666666666666667
40056,3,0.18333333333333332
40090,3,0.7833333333333333
40093,3,0.3566666666666667
40098,3,0.55
40106,3,0.6433333333333333
40107,3,0.7753333333333333
40122,3,0.5833333333333334
40130,3,0.07
40132,3,0.71
40134,3,0.8366666666666667
40153,3,0.8
40162,3,0.4633333333333333
40168,3,0.6866666666666666
40171,3,0.92
40177,3,0.8066666666666666
40183,3,0.77
40189,3,0.61
40190,3,0.35
40192,3,0.8233333333333334
40194,3,0.82
40201,3,0.88
40209,3,0.5866666666666667
40211,3,0.15666666666666668
40215,3,0.6755555555555556
40219,3,0.8833333333333333
40221,3,0.7133333333333334
40223,3,0.63
40227,3,0.51
40229,3,0.9166666666666666
40239,3,0.6766666666666666
40243,3,0.575
40244,3,0.43
40255,3,0.07333333333333333
40261,3,0.63
40272,3,0.24666666666666667
40275,3,0.8466666666666667
40284,3,0.8233333333333334
40291,3,0.8833333333333333
40292,3,0.31
40294,3,0.92
40297,3,0.4666666666666667
40298,3,0.7566666666666667
40301,3,0.7
40304,3,0.31
40309,3,0.8633333333333333
40311,3,0.32666666666666666
40319,3,0.5733333333333334
40321,3,0.12666666666666668
40323,3,0.33666666666666667
40327,3,0.2733333333333333
40339,3,0.34
40340,3,0.29333333333333333
40363,3,0.5746666666666667
40376,3,0.5966666666666667
40377,3,0.7333333333333333
40382,3,0.9433333333333334
40384,3,0.8566666666666667
40389,3,0.9166666666666666
40398,3,0.6333333333333333
40412,3,0.6566666666666666
40420,3,0.6966666666666667
40429,3,0.06333333333333334
40430,3,0.48
40431,3,0.1725
40437,3,0.18333333333333332
40438,3,0.5466666666666666
40451,3,0.48
40455,3,0.5633333333333334
40465,3,0.7433333333333333
40466,3,0.7233333333333334
40470,3,0.9433333333333334
40472,3,0.9433333333333334
40481,3,0.34
40492,3,0.87
40509,3,0.22333333333333333
40510,3,0.7444444444444445
40511,3,0.25
40514,3,0.7966666666666666
40516,3,0.14
40520,3,0.7
40529,3,0.3
40530,3,0.2425
40545,3,0.4866666666666667
40561,3,0.31666666666666665
40564,3,0.4777777777777777
40573,3,0.8433333333333334
40576,3,0.5433333333333333
40588,3,0.25
40589,3,0.6533333333333333
40591,3,0.6033333333333334
40596,3,0.63
40599,3,0.4633333333333333
40601,3,0.8733333333333333
40610,3,0.7466666666666667
40618,3,0.18
40626,3,0.15333333333333332
40641,3,0.24666666666666667
40661,3,0.8833333333333333
40665,3,0.53
40673,3,0.39
40674,3,0.8766666666666667
40675,3,0.8833333333333333
40695,3,0.32
40705,3,0.056666666666666664
40710,3,0.66
40718,3,0.77
40723,3,0.9433333333333334
40726,3,0.87
40729,3,0.81
40747,3,0.89
40751,3,0.25666666666666665
40756,3,0.43333333333333335
40759,3,0.7133333333333334
40761,3,0.6933333333333334
40766,3,0.6966666666666667
40768,3,0.57
40771,3,0.5933333333333334
40782,3,0.16333333333333333
40783,3,0.62
40791,3,0.6766666666666666
40796,3,0.4066666666666667
40809,3,0.22666666666666666
40810,3,0.22333333333333333
40819,3,0.7966666666666666
40820,3,0.2966666666666667
40823,3,0.5666666666666667
40832,3,0.7233333333333334
40837,3,0.6066666666666667
40842,3,0.44333333333333336
40846,3,0.295
40851,3,0.9333333333333333
40854,3,0.81
40859,3,0.2733333333333333
40860,3,0.20666666666666667
40866,3,0.82
40867,3,0.6766666666666666
40871,3,0.5866666666666667
40873,3,0.14333333333333334
40887,3,0.18333333333333332
40890,3,0.29333333333333333
40897,3,0.3
40910,3,0.22333333333333333
40911,3,0.32
40926,3,0.14666666666666667
40933,3,0.52
40935,3,0.22
40940,3,0.76
40968,3,0.6866666666666666
40970,3,0.62
40974,3,0.25
40978,3,0.37666666666666665
40985,3,0.30333333333333334
40987,3,0.23
40996,3,0.21333333333333335
41005,3,0.7933333333333333
41009,3,0.5833333333333334
41012,3,0.7133333333333334
41013,3,0.67
41015,3,0.3566666666666667
41023,3,0.24333333333333335
41026,3,0.76
41030,3,0.466
41035,3,0.75
41039,3,0.23
41044,3,0.7633333333333333
41054,3,0.49666666666666665
41057,3,0.66
41063,3,0.5
41067,3,0.09333333333333334
41077,3,0.4266666666666667
41083,3,0.4
41098,3,0.44333333333333336
41125,3,0.5433333333333333
41128,3,0.43666666666666665
41150,3,0.11
41156,3,0.13333333333333333
41160,3,0.5033333333333333
41162,3,0.8233333333333334
41170,3,0.26666666666666666
41178,3,0.8166666666666667
41179,3,0.5066666666666667
41185,3,0.5266666666666666
41186,3,0.2833333333333333
0,4,0.01
5,4,0.006666666666666667
27,4,0.013333333333333334
33,4,0.06666666666666667
35,4,0.01
38,4,0.013333333333333334
49,4,0.03
57,4,0.13333333333333333
58,4,0.06333333333333334
61,4,0.016666666666666666
87,4,0.013333333333333334
92,4,0.03
93,4,0.04
97,4,0.0033333333333333335
98,4,0.0033333333333333335
103,4,0.01
107,4,0.0
116,4,0.02666666666666667
119,4,0.0033333333333333335
131,4,0.09
132,4,0.0
135,4,0.0008333333333333334
144,4,0.013333333333333334
147,4,0.01
157,4,0.0
163,4,0.0
165,4,0.0
171,4,0.0
193,4,0.005
200,4,0.006666666666666667
217,4,0.06
218,4,0.023333333333333334
224,4,0.12333333333333334
230,4,0.01
233,4,0.0033333333333333335
237,4,0.0
242,4,0.0
248,4,0.0
249,4,0.043333333333333335
253,4,0.0
261,4,0.02666666666666667
262,4,0.01
272,4,0.03333333333333333
277,4,0.0
280,4,0.006666666666666667
281,4,0.056666666666666664
284,4,0.0033333333333333335
291,4,0.01
295,4,0.013333333333333334
297,4,0.0
298,4,0.006666666666666667
300,4,0.006666666666666667
302,4,0.08
307,4,0.006666666666666667
311,4,0.016666666666666666
326,4,0.006666666666666667
340,4,0.03333333333333333
350,4,0.006666666666666667
355,4,0.07
362,4,0.02666666666666667
366,4,0.0033333333333333335
374,4,0.0033333333333333335
377,4,0.02188888888888889
389,4,0.013333333333333334
390,4,0.06666666666666667
391,4,0.0
402,4,0.02
408,4,0.0
417,4,0.0
419,4,0.07333333333333333
459,4,0.0033333333333333335
460,4,0.01
461,4,0.0033333333333333335
462,4,0.0
468,4,0.0033333333333333335
471,4,0.01
472,4,0.012222222222222221
479,4,0.006666666666666667
480,4,0.006666666666666667
482,4,0.03333333333333333
512,4,0.0033333333333333335
517,4,0.0
520,4,0.013333333333333334
528,4,0.01611111111111111
530,4,0.01
536,4,0.41333333333333333
539,4,0.035
547,4,0.006666666666666667
548,4,0.08
549,4,0.0033333333333333335
550,4,0.009666666666666667
552,4,0.0033333333333333335
555,4,0.0
556,4,0.0033333333333333335
562,4,0.023333333333333334
571,4,0.0
591,4,0.0
594,4,0.0
598,4,0.0033333333333333335
607,4,0.0033333333333333335
609,4,0.0
625,4,0.0033333333333333335
635,4,0.0033333333333333335
639,4,0.01
647,4,0.0
660,4,0.06
671,4,0.0033333333333333335
672,4,0.0
681,4,0.0
683,4,0.0
691,4,0.0
693,4,0.03333333333333333
695,4,0.0
696,4,0.0
704,4,0.006666666666666667
708,4,0.01
715,4,0.01
725,4,0.01
737,4,0.006666666666666667
766,4,0.006666666666666667
774,4,0.02666666666666667
782,4,0.0
785,4,0.006666666666666667
791,4,0.09
802,4,0.013333333333333334
803,4,0.06666666666666667
808,4,0.06333333333333334
811,4,0.0
816,4,0.01
818,4,0.006666666666666667
825,4,0.013333333333333334
831,4,0.0
833,4,0.021904761904761903
834,4,0.016666666666666666
843,4,0.07666666666666666
847,4,0.01
853,4,0.07333333333333333
855,4,0.0022222222222222222
859,4,0.0033333333333333335
860,4,0.06333333333333334
874,4,0.05894444444444443
900,4,0.0
902,4,0.006666666666666667
903,4,0.006666666666666667
904,4,0.07
907,4,0.0033333333333333335
908,4,0.006666666666666667
926,4,0.02666666666666667
928,4,0.043333333333333335
931,4,0.006666666666666667
945,4,0.01
947,4,0.006666666666666667
955,4,0.0
956,4,0.016666666666666666
964,4,0.018333333333333333
970,4,0.0019047619047619048
981,4,0.0798888888888889
982,4,0.02666666666666667
986,4,0.0
999,4,0.016666666666666666
1013,4,0.06
1018,4,0.09666666666666666
1019,4,0.004761904761904762
1022,4,0.0
1023,4,0.0033333333333333335
1024,4,0.01
1029,4,0.013333333333333334
1051,4,0.01
1055,4,0.013333333333333334
1059,4,0.0033333333333333335
1061,4,0.03
1066,4,0.0
1068,4,0.03333333333333333
1076,4,0.03
1083,4,0.0
1086,4,0.03
1107,4,0.013333333333333334
1122,4,0.03
1127,4,0.03
1132,4,0.0
1133,4,0.06666666666666667
1143,4,0.0
1145,4,0.17333333333333334
1148,4,0.01
1170,4,0.03
1171,4,0.08666666666666667
1173,4,0.05
1179,4,0.02666666666666667
1180,4,0.006666666666666667
1184,4,0.016666666666666666
1187,4,0.02
1189,4,0.02666666666666667
1197,4,0.03
1198,4,0.04666666666666667
1209,4,0.03333333333333333
1213,4,0.013333333333333334
1221,4,0.04
1238,4,0.03666666666666667
1242,4,0.0
1255,4,0.006666666666666667
1258,4,0.016666666666666666
1271,4,0.0033333333333333335
1273,4,0.03666666666666667
1281,4,0.05
1282,4,0.02666666666666667
1283,4,0.0
1287,4,0.02
1302,4,0.005
1306,4,0.01
1310,4,0.05333333333333334
1316,4,0.13
1324,4,0.06333333333333334
1325,4,0.03666666666666667
1332,4,0.043333333333333335
1338,4,0.08333333333333333
1350,4,0.02
1353,4,0.03666666666666667
1361,4,0.006666666666666667
1362,4,0.016666666666666666
1380,4,0.01
1394,4,0.0033333333333333335
1400,4,0.0016666666666666668
1409,4,0.0
1412,4,0.02
1416,4,0.013333333333333334
1417,4,0.013333333333333334
1444,4,0.016666666666666666
1445,4,0.0033333333333333335
1447,4,0.08
1448,4,0.02
1465,4,0.02222222222222222
1471,4,0.016666666666666666
1473,4,0.016666666666666666
1474,4,0.0033333333333333335
1475,4,0.07
1479,4,0.03
1481,4,0.023333333333333334
1490,4,0.0
1494,4,0.013333333333333334
1495,4,0.0
1511,4,0.018333333333333333
1523,4,0.0033333333333333335
1536,4,0.05
1541,4,0.0
1544,4,0.02666666666666667
1548,4,0.03666666666666667
1552,4,0.03333333333333333
1553,4,0.023333333333333334
1566,4,0.0033333333333333335
1578,4,0.016666666666666666
1586,4,0.0
1588,4,0.03333333333333333
1593,4,0.016666666666666666
1594,4,0.05
1595,4,0.02666666666666667
1600,4,0.0016666666666666668
1606,4,0.006666666666666667
1612,4,0.06333333333333334
1616,4,0.013333333333333334
1628,4,0.043333333333333335
1647,4,0.3933333333333333
1648,4,0.11
1657,4,0.02
1658,4,0.0
1687,4,0.05
1692,4,0.0
1699,4,0.016666666666666666
1709,4,0.01
1714,4,0.25
1721,4,0.09333333333333334
1724,4,0.6933333333333334
1727,4,0.0033333333333333335
1729,4,0.16333333333333333
1732,4,0.01
1736,4,0.03666666666666667
1737,4,0.01
1741,4,0.013333333333333334
1750,4,0.0033333333333333335
1753,4,0.02666666666666667
1766,4,0.006666666666666667
1770,4,0.0033333333333333335
1771,4,0.06
1779,4,0.006666666666666667
1804,4,0.006666666666666667
1806,4,0.09333333333333334
1818,4,0.006666666666666667
1822,4,0.006666666666666667
1831,4,0.05333333333333334
1833,4,0.0
1834,4,0.013333333333333334
1837,4,0.10333333333333333
1839,4,0.013333333333333334
1842,4,0.04
1848,4,0.0
1859,4,0.006666666666666667
1867,4,0.0033333333333333335
1878,4,0.0033333333333333335
1885,4,0.01
1894,4,0.0033333333333333335
1899,4,0.06
1901,4,0.016666666666666666
1902,4,0.03666666666666667
1916,4,0.0
1921,4,0.013333333333333334
1922,4,0.16333333333333333
1927,4,0.006666666666666667
1929,4,0.043333333333333335
1931,4,0.03666666666666667
1933,4,0.03333333333333333
1937,4,0.05
1954,4,0.25666666666666665
1955,4,0.06666666666666667
1966,4,0.016666666666666666
1973,4,0.0033333333333333335
1982,4,0.0033333333333333335
1983,4,0.0033333333333333335
1984,4,0.045
1996,4,0.006666666666666667
2009,4,0.006666666666666667
2017,4,0.02
2020,4,0.013333333333333334
2025,4,0.013333333333333334
2035,4,0.01
2038,4,0.0033333333333333335
2049,4,0.0033333333333333335
2063,4,0.01
2071,4,0.01
2072,4,0.0033333333333333335
2074,4,0.0
2076,4,0.016666666666666666
2086,4,0.0
2089,4,0.03333333333333333
2099,4,0.14333333333333334
2101,4,0.023333333333333334
2102,4,0.03666666666666667
2106,4,0.0033333333333333335
2107,4,0.0
2110,4,0.016666666666666666
2121,4,0.0
2132,4,0.0
2135,4,0.006666666666666667
2138,4,0.04666666666666667
2144,4,0.03
2149,4,0.06333333333333334
2155,4,0.0033333333333333335
2158,4,0.0033333333333333335
2169,4,0.0
2171,4,0.023333333333333334
2174,4,0.006666666666666667
2179,4,0.0033333333333333335
2184,4,0.0225
2192,4,0.06333333333333334
2214,4,0.013333333333333334
2215,4,0.06
2217,4,0.03333333333333333
2241,4,0.03666666666666667
2246,4,0.01
2259,4,0.0
2269,4,0.013333333333333334
2271,4,0.09333333333333334
2276,4,0.0
2283,4,0.0033333333333333335
2291,4,0.01
2298,4,0.0
2299,4,0.0033333333333333335
2300,4,0.023333333333333334
2308,4,0.016666666666666666
2310,4,0.0
2312,4,0.0033333333333333335
2324,4,0.0
2327,4,0.013333333333333334
2330,4,0.035555555555555556
2339,4,0.12333333333333334
2340,4,0.0033333333333333335
2341,4,0.0033333333333333335
2343,4,0.0033333333333333335
2344,4,0.01
2348,4,0.006666666666666667
2353,4,0.02
2357,4,0.06333333333333334
2361,4,0.19
2362,4,0.0
2369,4,0.006666666666666667
2371,4,0.013333333333333334
2376,4,0.006666666666666667
2378,4,0.02
2382,4,0.016666666666666666
2386,4,0.0033333333333333335
2388,4,0.006666666666666667
2394,4,0.023333333333333334
2402,4,0.07
2404,4,0.01
2406,4,0.02666666666666667
2408,4,0.0033333333333333335
2411,4,0.21666666666666667
2415,4,0.006666666666666667
2420,4,0.006666666666666667
2422,4,0.0033333333333333335
2434,4,0.029722222222222226
2436,4,0.02694444444444444
2437,4,0.023333333333333334
2452,4,0.008888888888888889
2462,4,0.013333333333333334
2472,4,0.0
2480,4,0.006666666666666667
2491,4,0.04
2492,4,0.023333333333333334
2498,4,0.0
2509,4,0.006666666666666667
2510,4,0.006666666666666667
2515,4,0.006666666666666667
2517,4,0.03
2543,4,0.006666666666666667
2546,4,0.0033333333333333335
2555,4,0.0
2558,4,0.0033333333333333335
2564,4,0.0033333333333333335
2565,4,0.0033333333333333335
2568,4,0.023333333333333334
2584,4,0.013333333333333334
2594,4,0.03666666666666667
2605,4,0.0
2612,4,0.42
2613,4,0.013333333333333334
2621,4,0.0033333333333333335
2637,4,0.01
2638,4,0.016666666666666666
2648,4,0.0
2649,4,0.023333333333333334
2654,4,0.08333333333333333
2657,4,0.07333333333333333
2660,4,0.013333333333333334
2666,4,0.016666666666666666
2675,4,0.006666666666666667
2683,4,0.0
2689,4,0.006666666666666667
2691,4,0.006666666666666667
2694,4,0.02
2699,4,0.013333333333333334
2703,4,0.03
2712,4,0.0
2713,4,0.013333333333333334
2718,4,0.09666666666666666
2727,4,0.006666666666666667
2729,4,0.0033333333333333335
2735,4,0.02666666666666667
2739,4,0.013333333333333334
2742,4,0.07666666666666666
2749,4,0.11333333333333333
2763,4,0.006666666666666667
2766,4,0.0033333333333333335
2779,4,0.0033333333333333335
2782,4,0.02
2785,4,0.006666666666666667
2794,4,0.011666666666666667
2807,4,0.013333333333333334
2812,4,0.006666666666666667
2813,4,0.07
2819,4,0.02666666666666667
2829,4,0.006666666666666667
2834,4,0.0
2835,4,0.07333333333333333
2836,4,0.006666666666666667
2844,4,0.006666666666666667
2853,4,0.0
2889,4,0.02
2892,4,0.056666666666666664
2914,4,0.06
2922,4,0.013333333333333334
2923,4,0.04
2926,4,0.023333333333333334
2928,4,0.0
2931,4,0.0033333333333333335
2937,4,0.016666666666666666
2948,4,0.023333333333333334
2958,4,0.0033333333333333335
2969,4,0.016666666666666666
2971,4,0.02
2978,4,0.09666666666666666
2985,4,0.006666666666666667
2996,4,0.0
3004,4,0.0
3017,4,0.0033333333333333335
3018,4,0.03
3026,4,0.02
3030,4,0.013333333333333334
3057,4,0.05
3059,4,0.0
3062,4,0.013333333333333334
3069,4,0.016666666666666666
3073,4,0.023333333333333334
3085,4,0.0033333333333333335
3088,4,0.023333333333333334
3089,4,0.03
3090,4,0.03
3099,4,0.013333333333333334
3108,4,0.052777777777777785
3110,4,0.013333333333333334
3117,4,0.013333333333333334
3123,4,0.043333333333333335
3128,4,0.08333333333333333
3129,4,0.17666666666666667
3141,4,0.005
3146,4,0.01
3148,4,0.006666666666666667
3172,4,0.024444444444444442
3173,4,0.006666666666666667
3175,4,0.07333333333333333
3176,4,0.024722222222222222
3193,4,0.0033333333333333335
3194,4,0.04666666666666667
3199,4,0.0425
3203,4,0.023333333333333334
3221,4,0.0033333333333333335
3222,4,0.03
3246,4,0.02
3249,4,0.006666666666666667
3252,4,0.0
3261,4,0.03
3262,4,0.05333333333333334
3265,4,0.016666666666666666
3271,4,0.023333333333333334
3275,4,0.04666666666666667
3283,4,0.02
3288,4,0.02
3299,4,0.13
3309,4,0.013333333333333334
3316,4,0.016666666666666666
3328,4,0.15222222222222223
3330,4,0.01
3342,4,0.0033333333333333335
3346,4,0.006666666666666667
3348,4,0.05333333333333334
3355,4,0.0
3357,4,0.023333333333333334
3360,4,0.09666666666666666
3362,4,0.05333333333333334
3369,4,0.03666666666666667
3381,4,0.056666666666666664
3382,4,0.006666666666666667
3386,4,0.07666666666666666
3387,4,0.0
3390,4,0.02666666666666667
3393,4,0.02666666666666667
3395,4,0.01
3398,4,0.0
3400,4,0.006666666666666667
3404,4,0.006666666666666667
3406,4,0.20666666666666667
3419,4,0.016666666666666666
3421,4,0.016666666666666666
3437,4,0.016666666666666666
3441,4,0.14333333333333334
3442,4,0.0033333333333333335
3444,4,0.04
3448,4,0.04666666666666667
3449,4,0.016666666666666666
3450,4,0.05
3456,4,0.03333333333333333
3459,4,0.03333333333333333
3464,4,0.016666666666666666
3465,4,0.11666666666666667
3486,4,0.03
3494,4,0.016666666666666666
3497,4,0.30666666666666664
3505,4,0.06666666666666667
3512,4,0.056666666666666664
3514,4,0.0033333333333333335
3517,4,0.013333333333333334
3518,4,0.023333333333333334
3523,4,0.006666666666666667
3527,4,0.05333333333333334
3535,4,0.03333333333333333
3543,4,0.013333333333333334
3549,4,0.05
3550,4,0.004666666666666666
3562,4,0.02
3566,4,0.09666666666666666
3572,4,0.15333333333333332
3575,4,0.01
3579,4,0.058333333333333334
3584,4,0.14333333333333334
3594,4,0.04
3601,4,0.06333333333333334
3602,4,0.043333333333333335
3610,4,0.11666666666666667
3612,4,0.0033333333333333335
3615,4,0.06
3622,4,0.03333333333333333
3626,4,0.07666666666666666
3643,4,0.011333333333333332
3652,4,0.04666666666666667
3666,4,0.4633333333333333
3668,4,0.01
3676,4,0.016666666666666666
3678,4,0.02666666666666667
3690,4,0.05
3707,4,0.006666666666666667
3709,4,0.01
3716,4,0.08666666666666667
3718,4,0.10666666666666667
3719,4,0.006666666666666667
3726,4,0.04666666666666667
3733,4,0.023333333333333334
3747,4,0.11333333333333333
3751,4,0.0
3782,4,0.043333333333333335
3786,4,0.006666666666666667
3791,4,0.2966666666666667
3796,4,0.02
3821,4,0.03666666666666667
3824,4,0.013333333333333334
3837,4,0.006666666666666667
3839,4,0.006666666666666667
3857,4,0.0
3865,4,0.0
3882,4,0.013333333333333334
3896,4,0.05
3904,4,0.03333333333333333
3905,4,0.05
3908,4,0.013333333333333334
3909,4,0.043333333333333335
3916,4,0.0
3920,4,0.08333333333333333
3926,4,0.10333333333333333
3931,4,0.03
3941,4,0.01
3963,4,0.01
3966,4,0.043333333333333335
3983,4,0.0
3985,4,0.03666666666666667
3987,4,0.008888888888888889
3994,4,0.0
4000,4,0.04
4001,4,0.0
4006,4,0.006666666666666667
4014,4,0.03333333333333333
4017,4,0.0033333333333333335
4021,4,0.0033333333333333335
4028,4,0.02666666666666667
4035,4,0.02
4064,4,0.06
4073,4,0.013333333333333334
4074,4,0.02666666666666667
4078,4,0.02666666666666667
4087,4,0.02666666666666667
4089,4,0.01
4090,4,0.006666666666666667
4102,4,0.03333333333333333
4104,4,0.016666666666666666
4105,4,0.02666666666666667
4109,4,0.0
4116,4,0.03333333333333333
4118,4,0.04083333333333333
4122,4,0.04666666666666667
4131,4,0.02
4135,4,0.02
4149,4,0.04555555555555555
4153,4,0.16
4157,4,0.11333333333333333
4181,4,0.023333333333333334
4186,4,0.043333333333333335
4189,4,0.0
4191,4,0.0
4192,4,0.01
4198,4,0.01
4205,4,0.02666666666666667
4213,4,0.016666666666666666
4214,4,0.08
4216,4,0.0
4218,4,0.023333333333333334
4219,4,0.013333333333333334
4221,4,0.05
4229,4,0.0033333333333333335
4235,4,0.006666666666666667
4239,4,0.01
4244,4,0.016666666666666666
4246,4,0.02666666666666667
4251,4,0.0033333333333333335
4265,4,0.040611111111111105
4268,4,0.0
4275,4,0.0033333333333333335
4289,4,0.02
4292,4,0.22333333333333333
4293,4,0.013333333333333334
4299,4,0.02
4309,4,0.0033333333333333335
4315,4,0.09333333333333334
4320,4,0.013333333333333334
4331,4,0.0
4334,4,0.03
4335,4,0.006666666666666667
4338,4,0.07333333333333333
4342,4,0.013333333333333334
4344,4,0.1
4345,4,0.0
4365,4,0.07666666666666666
4374,4,0.0033333333333333335
4375,4,0.023333333333333334
4382,4,0.023333333333333334
4389,4,0.0
4395,4,0.05333333333333334
4406,4,0.06
4411,4,0.03
4417,4,0.0033333333333333335
4430,4,0.0033333333333333335
4434,4,0.006666666666666667
4440,4,0.04666666666666667
4442,4,0.023333333333333334
4465,4,0.0033333333333333335
4468,4,0.0
4470,4,0.023333333333333334
4481,4,0.0
4482,4,0.0
4492,4,0.02666666666666667
4495,4,0.0
4500,4,0.02666666666666667
4503,4,0.023333333333333334
4508,4,0.0033333333333333335
4514,4,0.006666666666666667
4524,4,0.013333333333333334
4535,4,0.01
4537,4,0.0
4539,4,0.08
4575,4,0.023333333333333334
4576,4,0.0033333333333333335
4581,4,0.0
4589,4,0.05
4590,4,0.02
4592,4,0.03333333333333333
4594,4,0.04666666666666667
4604,4,0.05333333333333334
4607,4,0.03
4630,4,0.0033333333333333335
4643,4,0.01
4650,4,0.10333333333333333
4653,4,0.06
4665,4,0.02666666666666667
4672,4,0.07
4682,4,0.018333333333333333
4691,4,0.013333333333333334
4693,4,0.006666666666666667
4715,4,0.0
4718,4,0.013333333333333334
4722,4,0.01
4724,4,0.0
4727,4,0.0033333333333333335
4728,4,0.01
4731,4,0.01
4735,4,0.01
4743,4,0.10333333333333333
4756,4,0.03
4760,4,0.0
4762,4,0.016666666666666666
4769,4,0.0033333333333333335
4781,4,0.01
4785,4,0.017333333333333333
4794,4,0.21
4812,4,0.1
4813,4,0.03
4815,4,0.0033333333333333335
4817,4,0.016666666666666666
4819,4,0.006666666666666667
4821,4,0.11666666666666667
4837,4,0.0
4838,4,0.0
4846,4,0.02666666666666667
4849,4,0.02
4859,4,0.09666666666666666
4860,4,0.0033333333333333335
4882,4,0.0033333333333333335
4883,4,0.13666666666666666
4885,4,0.07
4892,4,0.006666666666666667
4893,4,0.013333333333333334
4899,4,0.02666666666666667
4903,4,0.006666666666666667
4911,4,0.03
4915,4,0.03333333333333333
4921,4,0.03666666666666667
4923,4,0.0033333333333333335
4926,4,0.06
4930,4,0.0033333333333333335
4932,4,0.006666666666666667
4938,4,0.056666666666666664
4947,4,0.023333333333333334
4948,4,0.0033333333333333335
4952,4,0.01
4953,4,0.013333333333333334
4966,4,0.006666666666666667
4976,4,0.02666666666666667
4981,4,0.07666666666666666
4991,4,0.016666666666666666
4996,4,0.03666666666666667
5002,4,0.013333333333333334
5017,4,0.023333333333333334
5025,4,0.08333333333333333
5026,4,0.02
5028,4,0.07666666666666666
5029,4,0.10333333333333333
5030,4,0.01
5037,4,0.0
5050,4,0.01
5053,4,0.016666666666666666
5056,4,0.03666666666666667
5068,4,0.056666666666666664
5080,4,0.006666666666666667
5084,4,0.006666666666666667
5106,4,0.07666666666666666
5107,4,0.0033333333333333335
5109,4,0.006666666666666667
5111,4,0.013333333333333334
5118,4,0.07
5136,4,0.10666666666666667
5140,4,0.05
5146,4,0.01111111111111111
5151,4,0.03
5161,4,0.06333333333333334
5166,4,0.023333333333333334
5169,4,0.03
5170,4,0.02
5191,4,0.02666666666666667
5220,4,0.016666666666666666
5221,4,0.16
5224,4,0.19666666666666666
5231,4,0.013333333333333334
5234,4,0.0
5241,4,0.0
5244,4,0.0033333333333333335
5251,4,0.0
5270,4,0.013333333333333334
5271,4,0.016666666666666666
5273,4,0.023333333333333334
5280,4,0.0
5287,4,0.016666666666666666
5304,4,0.07
5308,4,0.0
5310,4,0.013333333333333334
5312,4,0.01
5315,4,0.021333333333333336
5318,4,0.016666666666666666
5319,4,0.03333333333333333
5321,4,0.01
5326,4,0.07
5336,4,0.023333333333333334
5342,4,0.006666666666666667
5344,4,0.04
5349,4,0.25666666666666665
5360,4,0.013333333333333334
5364,4,0.09333333333333334
5365,4,0.0
5369,4,0.006666666666666667
5385,4,0.13333333333333333
5387,4,0.006666666666666667
5389,4,0.006666666666666667
5397,4,0.0033333333333333335
5401,4,0.02
5414,4,0.02666666666666667
5417,4,0.0033333333333333335
5432,4,0.01
5434,4,0.0033333333333333335
5444,4,0.02666666666666667
5464,4,0.02666666666666667
5476,4,0.023333333333333334
5483,4,0.07333333333333333
5487,4,0.023333333333333334
5496,4,0.0033333333333333335
5497,4,0.006666666666666667
5498,4,0.01
5499,4,0.04666666666666667
5503,4,0.0033333333333333335
5512,4,0.06666666666666667
5513,4,0.06666666666666667
5515,4,0.03
5519,4,0.052222222222222225
5520,4,0.02
5531,4,0.02
5535,4,0.04666666666666667
5537,4,0.0
5541,4,0.0
5543,4,0.056666666666666664
5544,4,0.0
5545,4,0.0
5550,4,0.04
5553,4,0.12
5562,4,0.006666666666666667
5564,4,0.07077777777777779
5566,4,0.0
5570,4,0.013333333333333334
5575,4,0.016666666666666666
5581,4,0.0033333333333333335
5584,4,0.006666666666666667
5617,4,0.01
5625,4,0.0033333333333333335
5633,4,0.016666666666666666
5638,4,0.15333333333333332
5640,4,0.0
5651,4,0.13
5657,4,0.016666666666666666
5668,4,0.01
5673,4,0.043333333333333335
5676,4,0.023333333333333334
5690,4,0.01
5699,4,0.51
5701,4,0.013333333333333334
5702,4,0.006666666666666667
5705,4,0.11833333333333333
5711,4,0.013333333333333334
5726,4,0.006666666666666667
5727,4,0.016666666666666666
5729,4,0.01
5734,4,0.0033333333333333335
5750,4,0.0033333333333333335
5753,4,0.0033333333333333335
5759,4,0.07
5779,4,0.0
5782,4,0.01
5801,4,0.01
5806,4,0.01
5815,4,0.11333333333333333
5819,4,0.016666666666666666
5826,4,0.0033333333333333335
5833,4,0.03861111111111111
5839,4,0.016666666666666666
5851,4,0.013333333333333334
5857,4,0.03666666666666667
5860,4,0.006666666666666667
5865,4,0.03333333333333333
5867,4,0.006666666666666667
5869,4,0.0033333333333333335
5877,4,0.05
5892,4,0.013333333333333334
5895,4,0.041999999999999996
5905,4,0.02666666666666667
5908,4,0.0033333333333333335
5911,4,0.0033333333333333335
5923,4,0.013333333333333334
5935,4,0.17
5943,4,0.0
5948,4,0.01
5951,4,0.0
5965,4,0.01111111111111111
5972,4,0.11
5982,4,0.0
5983,4,0.056666666666666664
5985,4,0.01
5996,4,0.0
6004,4,0.006666666666666667
6024,4,0.07666666666666666
6035,4,0.0033333333333333335
6046,4,0.0033333333333333335
6047,4,0.006666666666666667
6050,4,0.0
6064,4,0.02666666666666667
6075,4,0.06333333333333334
6086,4,0.01
6099,4,0.0033333333333333335
6104,4,0.0
6111,4,0.013333333333333334
6132,4,0.005555555555555555
6156,4,0.0
6164,4,0.013333333333333334
6175,4,0.0
6179,4,0.0
6183,4,0.01
6194,4,0.006666666666666667
6197,4,0.005555555555555555
6202,4,0.02666666666666667
6204,4,0.006666666666666667
6205,4,0.08333333333333333
6207,4,0.06666666666666667
6211,4,0.02666666666666667
6213,4,0.0033333333333333335
6223,4,0.03666666666666667
6224,4,0.013333333333333334
6228,4,0.0033333333333333335
6233,4,0.0
6235,4,0.0
6238,4,0.016666666666666666
6246,4,0.006666666666666667
6256,4,0.016666666666666666
6257,4,0.02
6258,4,0.0033333333333333335
6266,4,0.02772222222222222
6276,4,0.01
6277,4,0.03333333333333333
6286,4,0.0033333333333333335
6296,4,0.0
6298,4,0.0
6301,4,0.0
6305,4,0.01
6308,4,0.023333333333333334
6312,4,0.03
6313,4,0.06333333333333334
6317,4,0.006666666666666667
6318,4,0.0
6329,4,0.0
6333,4,0.0
6343,4,0.04
6361,4,0.013333333333333334
6366,4,0.006666666666666667
6367,4,0.0
6368,4,0.08333333333333333
6373,4,0.0
6386,4,0.0
6390,4,0.0044444444444444444
6392,4,0.016666666666666666
6399,4,0.01
6400,4,0.13666666666666666
6402,4,0.0033333333333333335
6417,4,0.023333333333333334
6426,4,0.04
6432,4,0.03333333333333333
6437,4,0.02
6446,4,0.015666666666666666
6448,4,0.02
6450,4,0.016666666666666666
6462,4,0.02666666666666667
6471,4,0.006666666666666667
6474,4,0.02
6477,4,0.0033333333333333335
6480,4,0.01
6481,4,0.006666666666666667
6491,4,0.02666666666666667
6511,4,0.01
6518,4,0.0033333333333333335
6525,4,0.006666666666666667
6534,4,0.06
6540,4,0.01
6548,4,0.013333333333333334
6551,4,0.0
6558,4,0.01
6567,4,0.0
6568,4,0.013333333333333334
6572,4,0.013333333333333334
6576,4,0.1
6600,4,0.03
6606,4,0.0
6613,4,0.03333333333333333
6626,4,0.023333333333333334
6627,4,0.0
6629,4,0.006666666666666667
6638,4,0.006666666666666667
6640,4,0.023333333333333334
6654,4,0.01
6664,4,0.0033333333333333335
6669,4,0.0033333333333333335
6672,4,0.08
6675,4,0.01
6677,4,0.0033333333333333335
6679,4,0.023333333333333334
6680,4,0.065
6683,4,0.006666666666666667
6684,4,0.0033333333333333335
6694,4,0.006666666666666667
6700,4,0.0
6716,4,0.06733333333333331
6722,4,0.02
6727,4,0.0033333333333333335
6734,4,0.016666666666666666
6741,4,0.0
6749,4,0.006666666666666667
6751,4,0.041666666666666664
6752,4,0.01
6781,4,0.015
6785,4,0.03666666666666667
6793,4,0.0033333333333333335
6795,4,0.013333333333333334
6798,4,0.04666666666666667
6801,4,0.0
6816,4,0.006666666666666667
6825,4,0.013333333333333334
6829,4,0.0033333333333333335
6835,4,0.0
6849,4,0.02
6854,4,0.04
6872,4,0.23666666666666666
6877,4,0.03333333333333333
6878,4,0.01
6892,4,0.0033333333333333335
6894,4,0.02666666666666667
6897,4,0.0033333333333333335
6906,4,0.023333333333333334
6909,4,0.02666666666666667
6917,4,0.02
6921,4,0.010666666666666668
6943,4,0.0075
6944,4,0.013333333333333334
6950,4,0.02
6970,4,0.05
6972,4,0.03222222222222223
6994,4,0.016666666666666666
6995,4,0.043333333333333335
6998,4,0.05
7000,4,0.05
7001,4,0.016666666666666666
7014,4,0.023333333333333334
7015,4,0.006666666666666667
7017,4,0.0033333333333333335
7018,4,0.08
7019,4,0.0033333333333333335
7022,4,0.0
7038,4,0.03
7039,4,0.043333333333333335
7044,4,0.04
7066,4,0.04
7071,4,0.14666666666666667
7073,4,0.01
7074,4,0.006666666666666667
7076,4,0.01
7084,4,0.01
7087,4,0.0033333333333333335
7090,4,0.09
7109,4,0.03
7112,4,0.03555555555555556
7115,4,0.016666666666666666
7118,4,0.016666666666666666
7123,4,0.07333333333333333
7124,4,0.13666666666666666
7139,4,0.006666666666666667
7146,4,0.06333333333333334
7156,4,0.02666666666666667
7163,4,0.016666666666666666
7169,4,0.0
7174,4,0.03
7175,4,0.08666666666666667
7177,4,0.01111111111111111
7196,4,0.006666666666666667
7198,4,0.03
7212,4,0.04
7213,4,0.023333333333333334
7215,4,0.03333333333333333
7217,4,0.07666666666666666
7225,4,0.03
7246,4,0.12666666666666668
7247,4,0.016666666666666666
7249,4,0.0033333333333333335
7252,4,0.0
7256,4,0.0033333333333333335
7260,4,0.016666666666666666
7262,4,0.006666666666666667
7277,4,0.12333333333333334
7281,4,0.06333333333333334
7288,4,0.013333333333333334
7301,4,0.056666666666666664
7303,4,0.03
7305,4,0.03666666666666667
7310,4,0.04666666666666667
7311,4,0.02
7312,4,0.06333333333333334
7315,4,0.016666666666666666
7326,4,0.18333333333333332
7329,4,0.006666666666666667
7348,4,0.06333333333333334
7350,4,0.05
7353,4,0.013333333333333334
7358,4,0.02666666666666667
7362,4,0.01
7365,4,0.016666666666666666
7373,4,0.023333333333333334
7375,4,0.06333333333333334
7377,4,0.06666666666666667
7378,4,0.13
7391,4,0.006666666666666667
7400,4,0.02
7401,4,0.013333333333333334
7404,4,0.12
7406,4,0.10333333333333333
7408,4,0.05
7417,4,0.0033333333333333335
7420,4,0.03
7425,4,0.05
7433,4,0.04
7444,4,0.013333333333333334
7447,4,0.06666666666666667
7449,4,0.03333333333333333
7455,4,0.03333333333333333
7458,4,0.01
7465,4,0.31333333333333335
7468,4,0.056666666666666664
7475,4,0.013333333333333334
7481,4,0.0
7494,4,0.5733333333333334
7495,4,0.04
7502,4,0.08333333333333333
7508,4,0.023333333333333334
7512,4,0.07333333333333333
7513,4,0.0
7518,4,0.01
7520,4,0.0033333333333333335
7534,4,0.006666666666666667
7551,4,0.02666666666666667
7554,4,0.03666666666666667
7557,4,0.04
7558,4,0.08
7569,4,0.04
7570,4,0.1
7571,4,0.0033333333333333335
7584,4,0.13333333333333333
7588,4,0.006666666666666667
7612,4,0.0
7646,4,0.01
7653,4,0.11
7663,4,0.016666666666666666
7669,4,0.03666666666666667
7671,4,0.03333333333333333
7674,4,0.0
7698,4,0.02
7699,4,0.09
7702,4,0.05333333333333334
7703,4,0.006666666666666667
7709,4,0.013333333333333334
7712,4,0.006666666666666667
7715,4,0.03666666666666667
7721,4,0.016666666666666666
7730,4,0.01
7735,4,0.03
7738,4,0.0033333333333333335
7756,4,0.006666666666666667
7759,4,0.04666666666666667
7763,4,0.2125
7766,4,0.04
7776,4,0.01
7787,4,0.17
7796,4,0.016666666666666666
7800,4,0.02666666666666667
7801,4,0.2633333333333333
7805,4,0.0033333333333333335
7813,4,0.016666666666666666
7818,4,0.11666666666666667
7821,4,0.06333333333333334
7828,4,0.013333333333333334
7831,4,0.03333333333333333
7832,4,0.06333333333333334
7854,4,0.0
7860,4,0.01
7875,4,0.013333333333333334
7878,4,0.0033333333333333335
7879,4,0.12333333333333334
7892,4,0.21333333333333335
7895,4,0.17
7896,4,0.01
7909,4,0.006666666666666667
7914,4,0.013333333333333334
7935,4,0.043333333333333335
7939,4,0.02666666666666667
7943,4,0.01
7953,4,0.16
7956,4,0.02666666666666667
7963,4,0.04
7967,4,0.02
7991,4,0.043333333333333335
7993,4,0.02
7998,4,0.19
7999,4,0.03666666666666667
8015,4,0.03666666666666667
8017,4,0.06333333333333334
8020,4,0.006666666666666667
8027,4,0.01
8030,4,0.07
8032,4,0.01
8034,4,0.023333333333333334
8043,4,0.02666666666666667
8045,4,0.07666666666666666
8046,4,0.01
8051,4,0.05333333333333334
8060,4,0.11
8071,4,0.11333333333333333
8083,4,0.023333333333333334
8091,4,0.0
8092,4,0.013333333333333334
8093,4,0.03333333333333333
8095,4,0.06333333333333334
8102,4,0.023333333333333334
8108,4,0.12666666666666668
8109,4,0.08333333333333333
8116,4,0.03333333333333333
8118,4,0.09
8126,4,0.0
8136,4,0.06333333333333334
8146,4,0.03333333333333333
8147,4,0.0033333333333333335
8153,4,0.08
8154,4,0.0033333333333333335
8156,4,0.01
8157,4,0.016666666666666666
8159,4,0.06666666666666667
8160,4,0.09
8163,4,0.05
8178,4,0.16
8180,4,0.0
8181,4,0.07666666666666666
8189,4,0.013333333333333334
8204,4,0.016666666666666666
8222,4,0.0033333333333333335
8224,4,0.0033333333333333335
8230,4,0.05333333333333334
8236,4,0.05
8238,4,0.15666666666666668
8247,4,0.05
8251,4,0.04
8252,4,0.01
8258,4,0.043333333333333335
8281,4,0.03
8286,4,0.08
8298,4,0.04666666666666667
8315,4,0.013333333333333334
8323,4,0.14333333333333334
8328,4,0.09
8330,4,0.05
8335,4,0.04666666666666667
8340,4,0.06
8351,4,0.05
8352,4,0.03
8357,4,0.06
8367,4,0.056666666666666664
8369,4,0.04
8373,4,0.18666666666666668
8376,4,0.01
8382,4,0.07333333333333333
8385,4,0.016666666666666666
8389,4,0.07333333333333333
8391,4,0.06333333333333334
8396,4,0.03666666666666667
8400,4,0.06
8401,4,0.1
8410,4,0.013333333333333334
8413,4,0.08
8417,4,0.06
8418,4,0.03
8420,4,0.08
8430,4,0.0033333333333333335
8435,4,0.02
8447,4,0.06
8450,4,0.13333333333333333
8462,4,0.016666666666666666
8468,4,0.0033333333333333335
8475,4,0.04666666666666667
8484,4,0.006666666666666667
8487,4,0.013333333333333334
8491,4,0.2833333333333333
8492,4,0.013333333333333334
8496,4,0.023333333333333334
8507,4,0.006666666666666667
8511,4,0.11
8520,4,0.016666666666666666
8528,4,0.09
8543,4,0.08
8548,4,0.03666666666666667
8551,4,0.38555555555555554
8553,4,0.10666666666666667
8554,4,0.0033333333333333335
8555,4,0.09
8558,4,0.05333333333333334
8560,4,0.0033333333333333335
8562,4,0.01
8565,4,0.03
8567,4,0.09666666666666666
8568,4,0.013333333333333334
8571,4,0.012222222222222221
8603,4,0.0
8605,4,0.016666666666666666
8613,4,0.023333333333333334
8619,4,0.006666666666666667
8620,4,0.06
8622,4,0.056666666666666664
8643,4,0.11
8646,4,0.056666666666666664
8651,4,0.03
8668,4,0.0325
8680,4,0.07333333333333333
8684,4,0.023333333333333334
8691,4,0.06
8695,4,0.05
8699,4,0.013333333333333334
8706,4,0.6533333333333333
8707,4,0.10666666666666667
8708,4,0.07666666666666666
8710,4,0.023333333333333334
8724,4,0.01
8725,4,0.02666666666666667
8727,4,0.01
8734,4,0.043333333333333335
8741,4,0.07
8747,4,0.01
8751,4,0.0
8756,4,0.03333333333333333
8759,4,0.02
8760,4,0.013333333333333334
8768,4,0.0033333333333333335
8771,4,0.02
8777,4,0.03
8780,4,0.0033333333333333335
8800,4,0.0
8808,4,0.013333333333333334
8819,4,0.03666666666666667
8826,4,0.016666666666666666
8828,4,0.016666666666666666
8841,4,0.0033333333333333335
8843,4,0.0
8849,4,0.0033333333333333335
8861,4,0.016666666666666666
8868,4,0.043333333333333335
8870,4,0.0033333333333333335
8872,4,0.006666666666666667
8879,4,0.016666666666666666
8883,4,0.06166666666666667
8894,4,0.03
8895,4,0.013333333333333334
8898,4,0.03666666666666667
8904,4,0.01
8906,4,0.04
8923,4,0.01
8932,4,0.023333333333333334
8933,4,0.0
8942,4,0.04
8946,4,0.0
8948,4,0.013333333333333334
8953,4,0.13333333333333333
8954,4,0.03
8955,4,0.03666666666666667
8960,4,0.04
8961,4,0.36
8970,4,0.016666666666666666
8971,4,0.02
8973,4,0.05
8975,4,0.22666666666666666
8994,4,0.1
8995,4,0.02666666666666667
8996,4,0.08333333333333333
9001,4,0.023333333333333334
9006,4,0.05
9007,4,0.056666666666666664
9008,4,0.04
9021,4,0.006666666666666667
9027,4,0.02
9028,4,0.04666666666666667
9031,4,0.006666666666666667
9043,4,0.02666666666666667
9054,4,0.0
9073,4,0.01
9084,4,0.03333333333333333
9097,4,0.07833333333333334
9100,4,0.08666666666666667
9105,4,0.03
9109,4,0.043333333333333335
9118,4,0.0033333333333333335
9119,4,0.0033333333333333335
9123,4,0.0033333333333333335
9129,4,0.016666666666666666
9132,4,0.023333333333333334
9135,4,0.03333333333333333
9139,4,0.041666666666666664
9143,4,0.08333333333333333
9149,4,0.018888888888888886
9155,4,0.013333333333333334
9160,4,0.01
9161,4,0.023333333333333334
9163,4,0.02
9174,4,0.24333333333333335
9189,4,0.013333333333333334
9191,4,0.013333333333333334
9194,4,0.02666666666666667
9205,4,0.013333333333333334
9216,4,0.01
9225,4,0.04
9236,4,0.02
9241,4,0.06666666666666667
9256,4,0.02
9269,4,0.006666666666666667
9276,4,0.016666666666666666
9279,4,0.13
9283,4,0.016666666666666666
9285,4,0.006666666666666667
9292,4,0.013333333333333334
9294,4,0.03333333333333333
9302,4,0.0033333333333333335
9307,4,0.056666666666666664
9323,4,0.41333333333333333
9325,4,0.023333333333333334
9328,4,0.016666666666666666
9334,4,0.03666666666666667
9347,4,0.03666666666666667
9352,4,0.16666666666666666
9354,4,0.02666666666666667
9357,4,0.02666666666666667
9371,4,0.006666666666666667
9374,4,0.03333333333333333
9379,4,0.01
9396,4,0.02666666666666667
9397,4,0.02
9408,4,0.04666666666666667
9412,4,0.03
9413,4,0.006666666666666667
9415,4,0.043333333333333335
9429,4,0.06
9432,4,0.03333333333333333
9434,4,0.01
9435,4,0.023333333333333334
9444,4,0.05333333333333334
9449,4,0.02
9451,4,0.016666666666666666
9464,4,0.06
9466,4,0.03666666666666667
9468,4,0.07333333333333333
9473,4,0.03333333333333333
9478,4,0.023333333333333334
9498,4,0.022
9500,4,0.016666666666666666
9504,4,0.07333333333333333
9505,4,0.01
9511,4,0.0
9513,4,0.02
9518,4,0.12666666666666668
9531,4,0.013333333333333334
9532,4,0.024166666666666666
9537,4,0.06
9543,4,0.03333333333333333
9544,4,0.08
9551,4,0.06666666666666667
9563,4,0.023333333333333334
9567,4,0.0
9582,4,0.05
9600,4,0.16333333333333333
9608,4,0.006666666666666667
9610,4,0.023333333333333334
9612,4,0.05333333333333334
9621,4,0.02
9635,4,0.03666666666666667
9665,4,0.01
9683,4,0.02
9684,4,0.013333333333333334
9685,4,0.01088888888888889
9686,4,0.023333333333333334
9698,4,0.27666666666666667
9699,4,0.006666666666666667
9719,4,0.013333333333333334
9726,4,0.03
9731,4,0.06666666666666667
9732,4,0.02
9736,4,0.006666666666666667
9737,4,0.01
9745,4,0.0033333333333333335
9747,4,0.09333333333333334
9753,4,0.006666666666666667
9758,4,0.006666666666666667
9760,4,0.12333333333333334
9761,4,0.0
9765,4,0.06333333333333334
9788,4,0.05333333333333334
9793,4,0.08222222222222222
9815,4,0.013333333333333334
9831,4,0.006666666666666667
9832,4,0.03666666666666667
9840,4,0.016666666666666666
9846,4,0.01
9849,4,0.03333333333333333
9854,4,0.006666666666666667
9860,4,0.10333333333333333
9874,4,0.09333333333333334
9878,4,0.09
9882,4,0.01
9884,4,0.05
9888,4,0.016666666666666666
9892,4,0.006666666666666667
9899,4,0.02
9901,4,0.016666666666666666
9906,4,0.05
9911,4,0.006666666666666667
9932,4,0.12666666666666668
9936,4,0.02
9938,4,0.02
9941,4,0.059166666666666666
9942,4,0.013333333333333334
9952,4,0.013333333333333334
9960,4,0.0
9982,4,0.07666666666666666
9992,4,0.0033333333333333335
9998,4,0.0
9999,4,0.016666666666666666
10002,4,0.07522222222222222
10004,4,0.13
10018,4,0.013333333333333334
10019,4,0.13
10025,4,0.09
10031,4,0.1
10035,4,0.0
10048,4,0.043333333333333335
10053,4,0.03
10060,4,0.016666666666666666
10063,4,0.01
10067,4,0.17333333333333334
10071,4,0.01
10092,4,0.02
10093,4,0.09416666666666666
10118,4,0.4266666666666667
10123,4,0.006666666666666667
10125,4,0.01
10143,4,0.08
10167,4,0.02666666666666667
10192,4,0.02
10196,4,0.18666666666666668
10209,4,0.05
10216,4,0.03333333333333333
10227,4,0.08
10231,4,0.04666666666666667
10234,4,0.08
10236,4,0.04666666666666667
10242,4,0.06666666666666667
10252,4,0.14
10256,4,0.01
10263,4,0.05
10264,4,0.21333333333333335
10270,4,0.02
10279,4,0.013333333333333334
10280,4,0.08
10296,4,0.0016666666666666668
10322,4,0.006666666666666667
10326,4,0.03666666666666667
10331,4,0.0033333333333333335
10335,4,0.07
10336,4,0.09333333333333334
10339,4,0.0033333333333333335
10340,4,0.006666666666666667
10341,4,0.06666666666666667
10342,4,0.06
10356,4,0.006666666666666667
10357,4,0.03333333333333333
10364,4,0.016666666666666666
10365,4,0.02666666666666667
10375,4,0.01
10376,4,0.013333333333333334
10378,4,0.05
10382,4,0.023333333333333334
10385,4,0.01
10386,4,0.0
10390,4,0.006666666666666667
10397,4,0.006666666666666667
10400,4,0.05
10402,4,0.23333333333333334
10403,4,0.09666666666666666
10405,4,0.01
10417,4,0.06333333333333334
10429,4,0.016666666666666666
10434,4,0.03666666666666667
10439,4,0.016666666666666666
10447,4,0.10333333333333333
10457,4,0.03333333333333333
10471,4,0.03
10472,4,0.07
10475,4,0.006666666666666667
10484,4,0.06
10487,4,0.05333333333333334
10489,4,0.016666666666666666
10498,4,0.006666666666666667
10499,4,0.03333333333333333
10502,4,0.02
10513,4,0.0033333333333333335
10514,4,0.006666666666666667
10521,4,0.006666666666666667
10532,4,0.02
10533,4,0.03333333333333333
10543,4,0.0033333333333333335
10549,4,0.02666666666666667
10558,4,0.05333333333333334
10565,4,0.024166666666666666
10567,4,0.05333333333333334
10571,4,0.1
10573,4,0.023333333333333334
10576,4,0.021666666666666667
10579,4,0.03333333333333333
10588,4,0.04666666666666667
10601,4,0.013333333333333334
10612,4,0.006666666666666667
10616,4,0.08333333333333333
10625,4,0.03666666666666667
10631,4,0.006666666666666667
10641,4,0.02666666666666667
10642,4,0.023333333333333334
10652,4,0.023333333333333334
10662,4,0.08
10663,4,0.03
10668,4,0.05333333333333334
10686,4,0.02666666666666667
10692,4,0.06
10714,4,0.05333333333333334
10724,4,0.043333333333333335
10737,4,0.016666666666666666
10740,4,0.04666666666666667
10764,4,0.013333333333333334
10771,4,0.03
10780,4,0.09
10781,4,0.22666666666666666
10803,4,0.0
10805,4,0.056666666666666664
10813,4,0.0033333333333333335
10835,4,0.07444444444444444
10847,4,0.04666666666666667
10850,4,0.37333333333333335
10863,4,0.0275
10864,4,0.03666666666666667
10868,4,0.04
10869,4,0.016666666666666666
10870,4,0.02666666666666667
10876,4,0.03666666666666667
10877,4,0.0033333333333333335
10880,4,0.08
10890,4,0.14333333333333334
10898,4,0.016666666666666666
10902,4,0.043333333333333335
10903,4,0.013333333333333334
10909,4,0.0033333333333333335
10914,4,0.045
10918,4,0.05333333333333334
10929,4,0.075
10934,4,0.01
10935,4,0.125
10939,4,0.016666666666666666
10942,4,0.07666666666666666
10953,4,0.09333333333333334
10959,4,0.056666666666666664
10976,4,0.09555555555555556
10979,4,0.12666666666666668
10985,4,0.043333333333333335
10986,4,0.04666666666666667
10988,4,0.056666666666666664
10990,4,0.016666666666666666
10994,4,0.04
11004,4,0.0
11005,4,0.016666666666666666
11015,4,0.023333333333333334
11018,4,0.06666666666666667
11021,4,0.0
11025,4,0.01
11028,4,0.39
11033,4,0.04
11035,4,0.15333333333333332
11041,4,0.01
11045,4,0.016666666666666666
11047,4,0.02
11051,4,0.06333333333333334
11053,4,0.02
11067,4,0.02666666666666667
11077,4,0.05333333333333334
11083,4,0.023333333333333334
11084,4,0.05
11090,4,0.016666666666666666
11091,4,0.06333333333333334
11095,4,0.02
11098,4,0.05
11104,4,0.04
11106,4,0.07
11110,4,0.023333333333333334
11120,4,0.08666666666666667
11125,4,0.016666666666666666
11144,4,0.02222222222222222
11145,4,0.02
11149,4,0.0033333333333333335
11150,4,0.07333333333333333
11156,4,0.13333333333333333
11158,4,0.0033333333333333335
11164,4,0.023333333333333334
11166,4,0.02666666666666667
11172,4,0.0033333333333333335
11173,4,0.016666666666666666
11182,4,0.02
11183,4,0.13333333333333333
11188,4,0.07333333333333333
11191,4,0.006666666666666667
11196,4,0.04
11197,4,0.013333333333333334
11208,4,0.006666666666666667
11215,4,0.28
11219,4,0.03333333333333333
11220,4,0.043333333333333335
11221,4,0.023333333333333334
11234,4,0.016666666666666666
11238,4,0.06333333333333334
11241,4,0.09666666666666666
11243,4,0.05333333333333334
11249,4,0.01
11258,4,0.0033333333333333335
11261,4,0.16
11266,4,0.0033333333333333335
11268,4,0.02666666666666667
11272,4,0.043333333333333335
11274,4,0.05333333333333334
11275,4,0.06694444444444446
11284,4,0.03
11285,4,0.056666666666666664
11286,4,0.08333333333333333
11288,4,0.085
11293,4,0.0033333333333333335
11304,4,0.1
11309,4,0.0033333333333333335
11311,4,0.016666666666666666
11314,4,0.013333333333333334
11319,4,0.07
11330,4,0.0033333333333333335
11332,4,0.05333333333333334
11333,4,0.01
11334,4,0.016666666666666666
11340,4,0.023333333333333334
11342,4,0.08333333333333333
11345,4,0.02
11355,4,0.06333333333333334
11356,4,0.17333333333333334
11357,4,0.15
11358,4,0.04
11365,4,0.03333333333333333
11368,4,0.02
11372,4,0.01
11374,4,0.03
11384,4,0.37333333333333335
11385,4,0.05211111111111111
11386,4,0.01
11387,4,0.01
11389,4,0.16
11398,4,0.04
11400,4,0.11333333333333333
11407,4,0.09333333333333334
11412,4,0.10333333333333333
11415,4,0.016666666666666666
11421,4,0.03
11422,4,0.0225
11424,4,0.006666666666666667
11430,4,0.24
11437,4,0.0
11440,4,0.02666666666666667
11442,4,0.01
11443,4,0.006666666666666667
11447,4,0.03
11460,4,0.013333333333333334
11463,4,0.025555555555555557
11474,4,0.04666666666666667
11480,4,0.02666666666666667
11485,4,0.004222222222222222
11488,4,0.023333333333333334
11498,4,0.0033333333333333335
11506,4,0.37333333333333335
11518,4,0.050333333333333334
11528,4,0.016666666666666666
11534,4,0.2
11535,4,0.05
11543,4,0.06666666666666667
11547,4,0.30972222222222223
11549,4,0.12699999999999997
11553,4,0.0033333333333333335
11558,4,0.043333333333333335
11567,4,0.5266666666666666
11568,4,0.01
11570,4,0.006666666666666667
11572,4,0.03
11588,4,0.023333333333333334
11591,4,0.02
11602,4,0.03666666666666667
11603,4,0.03333333333333333
11606,4,0.056666666666666664
11609,4,0.043333333333333335
11621,4,0.02666666666666667
11632,4,0.043333333333333335
11633,4,0.06666666666666667
11635,4,0.01
11639,4,0.016666666666666666
11642,4,0.0033333333333333335
11651,4,0.043333333333333335
11653,4,0.01
11659,4,0.043333333333333335
11661,4,0.05
11667,4,0.02666666666666667
11673,4,0.07666666666666666
11677,4,0.03666666666666667
11678,4,0.03
11685,4,0.021444444444444447
11702,4,0.10666666666666667
11709,4,0.03666666666666667
11718,4,0.2633333333333333
11723,4,0.1
11729,4,0.06333333333333334
11735,4,0.016666666666666666
11738,4,0.0033333333333333335
11739,4,0.13
11741,4,0.0
11747,4,0.07
11755,4,0.013333333333333334
11757,4,0.006666666666666667
11760,4,0.056666666666666664
11765,4,0.006666666666666667
11775,4,0.023333333333333334
11785,4,0.05
11788,4,0.01
11792,4,0.05333333333333334
11803,4,0.05566666666666668
11816,4,0.013333333333333334
11830,4,0.016666666666666666
11834,4,0.04
11847,4,0.006666666666666667
11852,4,0.05333333333333334
11853,4,0.06
11856,4,0.013333333333333334
11858,4,0.043333333333333335
11865,4,0.11666666666666667
11866,4,0.04
11880,4,0.0033333333333333335
11882,4,0.023333333333333334
11887,4,0.11666666666666667
11892,4,0.006666666666666667
11893,4,0.02666666666666667
11902,4,0.06
11904,4,0.04666666666666667
11905,4,0.06666666666666667
11907,4,0.05
11910,4,0.04588888888888889
11912,4,0.09333333333333334
11916,4,0.16
11917,4,0.013333333333333334
11921,4,0.028333333333333332
11925,4,0.04
11934,4,0.08666666666666667
11960,4,0.18666666666666668
11965,4,0.016666666666666666
11975,4,0.0033333333333333335
11978,4,0.02666666666666667
11979,4,0.006666666666666667
11981,4,0.09
11987,4,0.09666666666666666
11988,4,0.01
11994,4,0.013333333333333334
12004,4,0.06
12008,4,0.03666666666666667
12014,4,0.05333333333333334
12029,4,0.006666666666666667
12030,4,0.02
12032,4,0.02
12037,4,0.006666666666666667
12055,4,0.01
12056,4,0.0033333333333333335
12075,4,0.04
12078,4,0.06333333333333334
12080,4,0.04666666666666667
12088,4,0.12333333333333334
12091,4,0.08666666666666667
12095,4,0.04
12096,4,0.056666666666666664
12108,4,0.09333333333333334
12110,4,0.02
12112,4,0.04833333333333333
12115,4,0.24333333333333335
12133,4,0.06666666666666667
12138,4,0.02
12139,4,0.03
12143,4,0.07
12146,4,0.013333333333333334
12148,4,0.0033333333333333335
12165,4,0.03
12170,4,0.06666666666666667
12172,4,0.01
12178,4,0.013333333333333334
12180,4,0.03125
12193,4,0.016666666666666666
12202,4,0.016666666666666666
12222,4,0.02
12230,4,0.0125
12232,4,0.016666666666666666
12249,4,0.01
12253,4,0.023333333333333334
12255,4,0.0
12275,4,0.01
12282,4,0.018888888888888886
12287,4,0.09333333333333334
12288,4,0.006666666666666667
12289,4,0.065
12290,4,0.06333333333333334
12291,4,0.013333333333333334
12299,4,0.11
12302,4,0.056666666666666664
12304,4,0.023333333333333334
12320,4,0.02
12321,4,0.02
12323,4,0.023333333333333334
12329,4,0.013333333333333334
12330,4,0.03333333333333333
12332,4,0.056666666666666664
12335,4,0.03
12338,4,0.043333333333333335
12341,4,0.016666666666666666
12346,4,0.03
12349,4,0.016666666666666666
12356,4,0.01
12361,4,0.03666666666666667
12366,4,0.03333333333333333
12368,4,0.08666666666666667
12371,4,0.05
12381,4,0.20333333333333334
12384,4,0.12666666666666668
12393,4,0.02666666666666667
12405,4,0.023333333333333334
12410,4,0.07
12411,4,0.04666666666666667
12412,4,0.0605
12413,4,0.09666666666666666
12414,4,0.03
12421,4,0.02
12423,4,0.043333333333333335
12425,4,0.03666666666666667
12435,4,0.06
12437,4,0.07333333333333333
12441,4,0.029166666666666667
12444,4,0.06
12445,4,0.02
12450,4,0.023333333333333334
12463,4,0.09
12467,4,0.03
12472,4,0.056666666666666664
12478,4,0.38333333333333336
12479,4,0.023333333333333334
12483,4,0.07733333333333334
12490,4,0.03
12492,4,0.013333333333333334
12496,4,0.07555555555555554
12497,4,0.63
12500,4,0.22666666666666666
12507,4,0.025555555555555554
12509,4,0.09
12512,4,0.03333333333333333
12524,4,0.7033333333333334
12538,4,0.13
12541,4,0.07333333333333333
12544,4,0.2833333333333333
12545,4,0.16583333333333333
12554,4,0.020833333333333332
12555,4,0.08
12575,4,0.15333333333333332
12578,4,0.06444444444444444
12587,4,0.08666666666666667
12589,4,0.11
12590,4,0.43333333333333335
12591,4,0.03
12595,4,0.02
12598,4,0.043333333333333335
12614,4,0.08
12622,4,0.11833333333333333
12628,4,0.03666666666666667
12642,4,0.04
12645,4,0.1087777777777778
12647,4,0.027777777777777773
12663,4,0.014444444444444447
12669,4,0.14333333333333334
12672,4,0.015
12675,4,0.05
12682,4,0.021666666666666667
12684,4,0.05333333333333334
12690,4,0.10333333333333333
12696,4,0.06666666666666667
12723,4,0.03666666666666667
12729,4,0.08333333333333333
12746,4,0.006666666666666667
12755,4,0.10666666666666667
12764,4,0.06333333333333334
12765,4,0.07916666666666666
12784,4,0.03333333333333333
12788,4,0.08666666666666667
12792,4,0.02
12811,4,0.07333333333333333
12823,4,0.020555555555555553
12827,4,0.006666666666666667
12828,4,0.0
12836,4,0.006666666666666667
12839,4,0.0
12845,4,0.3333333333333333
12848,4,0.03333333333333333
12849,4,0.016666666666666666
12856,4,0.016666666666666666
12862,4,0.03
12864,4,0.006666666666666667
12870,4,0.07222222222222222
12872,4,0.2608333333333333
12874,4,0.07333333333333333
12878,4,0.12333333333333334
12886,4,0.07
12889,4,0.05333333333333334
12896,4,0.07666666666666666
12898,4,0.09333333333333334
12902,4,0.028333333333333332
12904,4,0.02666666666666667
12914,4,0.07
12915,4,0.07333333333333333
12945,4,0.006666666666666667
12953,4,0.05
12959,4,0.038
12965,4,0.03
12970,4,0.006666666666666667
12973,4,0.05333333333333334
12976,4,0.19
12979,4,0.02666666666666667
12985,4,0.03333333333333333
12993,4,0.0033333333333333335
13000,4,0.0
13033,4,0.016666666666666666
13041,4,0.03666666666666667
13042,4,0.29333333333333333
13059,4,0.06
13063,4,0.06666666666666667
13067,4,0.013333333333333334
13073,4,0.02666666666666667
13093,4,0.03333333333333333
13094,4,0.013333333333333334
13095,4,0.016666666666666666
13105,4,0.0
13108,4,0.0033333333333333335
13117,4,0.006666666666666667
13122,4,0.016111111111111114
13123,4,0.07200000000000001
13126,4,0.043333333333333335
13127,4,0.03666666666666667
13150,4,0.016666666666666666
13154,4,0.08666666666666667
13156,4,0.6591111111111112
13159,4,0.12616666666666668
13162,4,0.023333333333333334
13170,4,0.04777777777777777
13172,4,0.04777777777777777
13175,4,0.014444444444444447
13177,4,0.006666666666666667
13181,4,0.029722222222222226
13185,4,0.044444444444444446
13189,4,0.021666666666666667
13192,4,0.04027777777777778
13202,4,0.01
13217,4,0.11
13224,4,0.65
13261,4,0.0025
13264,4,0.15666666666666668
13269,4,0.006666666666666667
13274,4,0.02
13276,4,0.006666666666666667
13277,4,0.09444444444444446
13283,4,0.016666666666666666
13289,4,0.03333333333333333
13291,4,0.12666666666666668
13293,4,0.07672222222222223
13296,4,0.07
13300,4,0.12666666666666668
13305,4,0.06666666666666667
13326,4,0.006666666666666667
13335,4,0.07
13341,4,0.028888888888888888
13343,4,0.050333333333333334
13345,4,0.01
13352,4,0.04666666666666667
13354,4,0.12916666666666668
13357,4,0.5977777777777779
13362,4,0.03666666666666667
13366,4,0.05
13372,4,0.02666666666666667
13376,4,0.09333333333333334
13392,4,0.01
13394,4,0.01
13396,4,0.24666666666666667
13398,4,0.04
13401,4,0.08666666666666667
13405,4,0.08866666666666667
13408,4,0.04666666666666667
13415,4,0.013333333333333334
13427,4,0.1181111111111111
13429,4,0.05
13433,4,0.0
13435,4,0.023333333333333334
13438,4,0.09
13441,4,0.013333333333333334
13447,4,0.03
13451,4,0.10944444444444446
13464,4,0.01753968253968254
13467,4,0.03944444444444445
13473,4,0.0033333333333333335
13481,4,0.0
13486,4,0.0
13507,4,0.06666666666666667
13517,4,0.02766666666666667
13519,4,0.11
13521,4,0.023333333333333334
13530,4,0.17566666666666667
13533,4,0.17002380952380952
13538,4,0.04805555555555555
13540,4,0.0033333333333333335
13552,4,0.029666666666666668
13554,4,0.04666666666666667
13560,4,0.09311111111111112
13564,4,0.044880952380952376
13569,4,0.027777777777777773
13577,4,0.06705555555555555
13578,4,0.02
13584,4,0.061230158730158725
13590,4,0.04666666666666667
13598,4,0.14873015873015877
13600,4,0.016666666666666666
13605,4,0.07666666666666666
13606,4,0.09626984126984127
13609,4,0.09626984126984127
13610,4,0.03172222222222222
13617,4,0.0
13623,4,0.06888888888888887
13628,4,0.09357142857142856
13633,4,0.04555555555555556
13638,4,0.02311111111111111
13641,4,0.006666666666666667
13642,4,0.03
13646,4,0.006666666666666667
13650,4,0.023333333333333334
13651,4,0.2003730158730159
13654,4,0.09666666666666666
13658,4,0.013333333333333334
13669,4,0.10916666666666666
13679,4,0.043333333333333335
13684,4,0.35333333333333333
13692,4,0.043333333333333335
13695,4,0.01
13696,4,0.0351984126984127
13701,4,0.058333333333333334
13702,4,0.013333333333333334
13703,4,0.051666666666666666
13706,4,0.4562063492063493
13707,4,0.01
13714,4,0.45238888888888906
13717,4,0.0011111111111111111
13731,4,0.03333333333333333
13732,4,0.029396825396825393
13747,4,0.064
13761,4,0.033
13762,4,0.07666666666666666
13768,4,0.06333333333333334
13769,4,0.16833333333333333
13773,4,0.03
13774,4,0.0033333333333333335
13786,4,0.0033333333333333335
13799,4,0.08666666666666667
13801,4,0.02
13814,4,0.05333333333333334
13818,4,0.06
13820,4,0.09833333333333333
13826,4,0.07
13832,4,0.06344444444444446
13833,4,0.09916666666666667
13843,4,0.06
13849,4,0.060833333333333336
13853,4,0.06899999999999999
13864,4,0.05333333333333334
13865,4,0.039999999999999994
13867,4,0.17905555555555555
13873,4,0.002833333333333333
13874,4,0.056666666666666664
13884,4,0.06666666666666667
13886,4,0.18177777777777776
13906,4,0.06666666666666667
13917,4,0.02
13922,4,0.015555555555555557
13925,4,0.021666666666666667
13941,4,0.11
13945,4,0.097
13946,4,0.02666666666666667
13962,4,0.013333333333333334
13964,4,0.29366666666666663
13968,4,0.01
13984,4,0.023333333333333334
13988,4,0.013333333333333334
13999,4,0.02666666666666667
14003,4,0.04
14005,4,0.056
14007,4,0.06916666666666667
14013,4,0.1807222222222222
14014,4,0.04666666666666667
14017,4,0.013333333333333334
14031,4,0.05822222222222222
14033,4,0.01888888888888889
14035,4,0.05444444444444444
14043,4,0.21535449735449735
14056,4,0.06666666666666667
14074,4,0.02666666666666667
14080,4,0.13
14082,4,0.04
14083,4,0.06
14095,4,0.043333333333333335
14101,4,0.006666666666666667
14106,4,0.0033333333333333335
14117,4,0.043333333333333335
14120,4,0.2966666666666667
14121,4,0.07333333333333333
14123,4,0.34
14127,4,0.06344444444444444
14130,4,0.11333333333333333
14132,4,0.12
14134,4,0.05333333333333334
14140,4,0.016666666666666666
14161,4,0.0
14163,4,0.25833333333333336
14166,4,0.006666666666666667
14172,4,0.018333333333333333
14180,4,0.056666666666666664
14201,4,0.03333333333333333
14216,4,0.056666666666666664
14229,4,0.25666666666666665
14232,4,0.016666666666666666
14240,4,0.013333333333333334
14242,4,0.11277777777777777
14244,4,0.09983333333333334
14246,4,0.05
14247,4,0.09666666666666666
14250,4,0.043333333333333335
14256,4,0.06861111111111111
14260,4,0.03333333333333333
14270,4,0.20444444444444446
14273,4,0.09422222222222223
14278,4,0.17333333333333334
14287,4,0.016666666666666666
14290,4,0.08166666666666667
14297,4,0.03666666666666667
14303,4,0.023333333333333334
14307,4,0.02
14312,4,0.031111111111111107
14317,4,0.016666666666666666
14329,4,0.061222222222222226
14334,4,0.03
14338,4,0.01
14343,4,0.06
14359,4,0.11666666666666667
14371,4,0.006666666666666667
14374,4,0.07666666666666666
14383,4,0.13
14393,4,0.36666666666666664
14394,4,0.043333333333333335
14402,4,0.03
14412,4,0.01
14413,4,0.0033333333333333335
14415,4,0.04
14439,4,0.24
14441,4,0.06361111111111112
14448,4,0.016666666666666666
14449,4,0.01
14453,4,0.02
14454,4,0.02
14462,4,0.01
14468,4,0.01
14472,4,0.09
14484,4,0.03333333333333333
14489,4,0.02
14501,4,0.006666666666666667
14502,4,0.02666666666666667
14506,4,0.06333333333333334
14520,4,0.03138888888888889
14521,4,0.03333333333333333
14523,4,0.25333333333333335
14530,4,0.04388888888888889
14542,4,0.014166666666666666
14555,4,0.03
14556,4,0.023333333333333334
14560,4,0.006666666666666667
14564,4,0.0
14568,4,0.03666666666666667
14573,4,0.05333333333333334
14574,4,0.01
14577,4,0.006666666666666667
14578,4,0.02
14582,4,0.14666666666666667
14585,4,0.04
14588,4,0.02666666666666667
14592,4,0.33
14609,4,0.013333333333333334
14622,4,0.015
14624,4,0.10111111111111111
14625,4,0.056666666666666664
14626,4,0.08
14628,4,0.25666666666666665
14636,4,0.10333333333333333
14644,4,0.03333333333333333
14648,4,0.05
14652,4,0.023333333333333334
14655,4,0.06333333333333334
14656,4,0.06333333333333334
14662,4,0.01
14669,4,0.03333333333333333
14683,4,0.02666666666666667
14698,4,0.016666666666666666
14703,4,0.01
14706,4,0.03333333333333333
14712,4,0.19333333333333333
14721,4,0.10555555555555556
14729,4,0.06833333333333333
14734,4,0.056666666666666664
14735,4,0.09083333333333334
14743,4,0.09666666666666666
14755,4,0.15066666666666664
14763,4,0.07666666666666666
14767,4,0.04
14771,4,0.04666666666666667
14774,4,0.14666666666666667
14783,4,0.1
14800,4,0.6533333333333333
14810,4,0.6383333333333333
14811,4,0.7471111111111111
14812,4,0.04666666666666667
14817,4,0.0
14833,4,0.24944444444444447
14834,4,0.050444444444444445
14837,4,0.03333333333333333
14839,4,0.035
14840,4,0.033
14851,4,0.54
14859,4,0.02
14860,4,0.12477777777777779
14863,4,0.016666666666666666
14873,4,0.43333333333333335
14874,4,0.045714285714285714
14876,4,0.16
14878,4,0.4799920634920634
14886,4,0.0325
14901,4,0.08
14905,4,0.02
14906,4,0.0033333333333333335
14908,4,0.04666666666666667
14909,4,0.0425
14915,4,0.0033333333333333335
14919,4,0.041666666666666664
14925,4,0.04
14929,4,0.0033333333333333335
14931,4,0.0625
14933,4,0.07916666666666666
14934,4,0.06333333333333334
14937,4,0.06666666666666667
14941,4,0.03944444444444444
14942,4,0.04666666666666667
14946,4,0.1
14956,4,0.01
14960,4,0.07333333333333333
14969,4,0.11432539682539683
14978,4,0.06111111111111111
14980,4,0.06833333333333333
14981,4,0.07916666666666666
14985,4,0.09955555555555556
14987,4,0.042749999999999996
14989,4,0.08789682539682543
14998,4,0.013333333333333334
15001,4,0.07155555555555557
15008,4,0.03333333333333333
15009,4,0.03666666666666667
15018,4,0.03
15020,4,0.0033333333333333335
15024,4,0.07333333333333333
15032,4,0.07333333333333333
15039,4,0.03
15046,4,0.12333333333333334
15050,4,0.006666666666666667
15054,4,0.006666666666666667
15057,4,0.09666666666666666
15067,4,0.006666666666666667
15071,4,0.014920634920634921
15076,4,0.0
15081,4,0.24104497354497367
15087,4,0.24104497354497367
15095,4,0.016666666666666666
15100,4,0.022444444444444444
15104,4,0.06666666666666667
15110,4,0.08
15117,4,0.24333333333333335
15119,4,0.4257777777777778
15121,4,0.0033333333333333335
15123,4,0.04666666666666667
15130,4,0.11672222222222221
15139,4,0.0
15166,4,0.12415873015873015
15169,4,0.07166666666666667
15170,4,0.04
15172,4,0.056666666666666664
15174,4,0.04
15188,4,0.01
15189,4,0.07
15190,4,0.013333333333333334
15192,4,0.07
15194,4,0.1832063492063492
15200,4,0.03333333333333333
15209,4,0.016999999999999998
15216,4,0.03
15231,4,0.056646825396825404
15233,4,0.02666666666666667
15236,4,0.013333333333333334
15240,4,0.025777777777777778
15246,4,0.021666666666666667
15250,4,0.060333333333333336
15257,4,0.023333333333333334
15262,4,0.09333333333333334
15263,4,0.13277777777777777
15286,4,0.015
15293,4,0.10177777777777777
15294,4,0.09655555555555555
15295,4,0.19333333333333333
15298,4,0.043888888888888894
15312,4,0.08333333333333333
15329,4,0.03666666666666667
15330,4,0.10222222222222223
15333,4,0.017777777777777778
15337,4,0.04583333333333333
15338,4,0.02666666666666667
15344,4,0.2775
15359,4,0.056666666666666664
15360,4,0.08555555555555557
15369,4,0.02666666666666667
15372,4,0.056666666666666664
15376,4,0.05
15384,4,0.11333333333333333
15388,4,0.19750000000000004
15390,4,0.03
15396,4,0.08333333333333333
15401,4,0.05
15403,4,0.06
15406,4,0.09333333333333334
15411,4,0.1406666666666667
15413,4,0.04666666666666667
15420,4,0.12333333333333334
15444,4,0.016666666666666666
15449,4,0.031111111111111114
15453,4,0.04
15454,4,0.03833333333333333
15460,4,0.45666666666666667
15465,4,0.09133333333333332
15468,4,0.05416666666666667
15475,4,0.2
15481,4,0.06333333333333334
15492,4,0.006666666666666667
15498,4,0.04888888888888889
15499,4,0.11
15503,4,0.08
15506,4,0.07666666666666666
15514,4,0.06333333333333334
15531,4,0.006666666666666667
15534,4,0.075
15540,4,0.10666666666666667
15542,4,0.04666666666666667
15553,4,0.01
15561,4,0.018888888888888886
15571,4,0.02
15574,4,0.09
15583,4,0.006666666666666667
15586,4,0.05333333333333334
15587,4,0.02
15609,4,0.023333333333333334
15612,4,0.04
15613,4,0.006666666666666667
15614,4,0.07333333333333333
15621,4,0.09
15628,4,0.12
15637,4,0.013333333333333334
15642,4,0.09666666666666666
15645,4,0.0033333333333333335
15646,4,0.01
15670,4,0.03333333333333333
15676,4,0.0
15686,4,0.0033333333333333335
15690,4,0.09
15698,4,0.21666666666666667
15710,4,0.37
15719,4,0.24666666666666667
15728,4,0.023333333333333334
15729,4,0.17666666666666667
15731,4,0.04666666666666667
15755,4,0.043333333333333335
15756,4,0.06333333333333334
15765,4,0.02666666666666667
15773,4,0.09166666666666666
15776,4,0.008333333333333333
15780,4,0.09333333333333334
15786,4,0.025833333333333333
15801,4,0.03888888888888889
15807,4,0.08333333333333333
15809,4,0.08333333333333333
15830,4,0.01
15838,4,0.03888888888888889
15840,4,0.021111111111111112
15844,4,0.18333333333333332
15845,4,0.023333333333333334
15853,4,0.0872936507936508
15879,4,0.061555555555555565
15886,4,0.12333333333333334
15887,4,0.04666666666666667
15899,4,0.09333333333333334
15910,4,0.015714285714285715
15914,4,0.08333333333333333
15918,4,0.04
15923,4,0.29580158730158734
15924,4,0.04444444444444444
15926,4,0.05
15927,4,0.016666666666666666
15930,4,0.04666666666666667
15937,4,0.01
15939,4,0.02
15940,4,0.18449999999999997
15941,4,0.023333333333333334
15942,4,0.022777777777777775
15945,4,0.11416666666666667
15948,4,0.04666666666666667
15961,4,0.45
15976,4,0.013333333333333334
15977,4,0.09
15981,4,0.023333333333333334
15983,4,0.01
16018,4,0.05333333333333334
16034,4,0.0033333333333333335
16035,4,0.0033333333333333335
16038,4,0.04
16041,4,0.04666666666666667
16043,4,0.06666666666666667
16045,4,0.07
16058,4,0.38966666666666666
16066,4,0.02
16085,4,0.02
16087,4,0.01
16093,4,0.21083333333333334
16102,4,0.0033333333333333335
16103,4,0.056666666666666664
16104,4,0.006666666666666667
16105,4,0.056666666666666664
16109,4,0.03333333333333333
16119,4,0.006666666666666667
16123,4,0.0
16126,4,0.016666666666666666
16128,4,0.04666666666666667
16133,4,0.13333333333333333
16135,4,0.07416666666666667
16138,4,0.08
16142,4,0.023333333333333334
16145,4,0.023333333333333334
16149,4,0.021111111111111112
16152,4,0.016666666666666666
16159,4,0.010833333333333334
16168,4,0.04666666666666667
16171,4,0.016666666666666666
16176,4,0.14
16184,4,0.03
16186,4,0.05333333333333334
16192,4,0.03666666666666667
16194,4,0.0
16195,4,0.006666666666666667
16196,4,0.016666666666666666
16203,4,0.016666666666666666
16204,4,0.01
16210,4,0.013333333333333334
16219,4,0.01
16223,4,0.0033333333333333335
16229,4,0.05972222222222221
16234,4,0.09666666666666666
16263,4,0.07444444444444444
16264,4,0.023333333333333334
16282,4,0.11666666666666667
16287,4,0.09472222222222221
16289,4,0.053611111111111116
16299,4,0.6566666666666666
16300,4,0.07916666666666666
16311,4,0.11444444444444443
16320,4,0.03333333333333333
16325,4,0.0683888888888889
16328,4,0.028611111111111108
16333,4,0.023333333333333334
16346,4,0.016666666666666666
16355,4,0.16444444444444445
16359,4,0.023333333333333334
16360,4,0.0986468253968254
16363,4,0.06428571428571428
16372,4,0.06666666666666667
16376,4,0.06666666666666667
16377,4,0.01
16381,4,0.016666666666666666
16383,4,0.05
16396,4,0.01
16401,4,0.01
16403,4,0.06
16406,4,0.006666666666666667
16407,4,0.02666666666666667
16410,4,0.035
16416,4,0.02
16419,4,0.0033333333333333335
16425,4,0.02
16431,4,0.013333333333333334
16436,4,0.10333333333333333
16451,4,0.06277777777777778
16463,4,0.06111111111111111
16473,4,0.018333333333333333
16477,4,0.07816666666666666
16479,4,0.012222222222222221
16482,4,0.12333333333333334
16484,4,0.025333333333333333
16485,4,0.022222222222222223
16502,4,0.0033333333333333335
16506,4,0.13666666666666666
16518,4,0.05
16525,4,0.043333333333333335
16540,4,0.03166666666666667
16543,4,0.23
16548,4,0.33
16554,4,0.02
16556,4,0.0033333333333333335
16558,4,0.07388888888888889
16564,4,0.02722222222222222
16566,4,0.03333333333333333
16569,4,0.05783333333333333
16580,4,0.03666666666666667
16586,4,0.05
16596,4,0.15
16604,4,0.013333333333333334
16617,4,0.03666666666666667
16626,4,0.05333333333333334
16630,4,0.07666666666666666
16631,4,0.035
16635,4,0.02666666666666667
16636,4,0.011666666666666667
16639,4,0.01
16661,4,0.02
16672,4,0.15833333333333333
16678,4,0.023333333333333334
16687,4,0.04
16688,4,0.08333333333333333
16690,4,0.12555555555555556
16697,4,0.0033333333333333335
16700,4,0.010666666666666668
16708,4,0.03666666666666667
16720,4,0.02666666666666667
16726,4,0.043333333333333335
16729,4,0.022777777777777775
16732,4,0.023055555555555555
16733,4,0.19
16736,4,0.08
16739,4,0.023333333333333334
16748,4,0.0
16753,4,0.03
16767,4,0.11904761904761905
16769,4,0.023333333333333334
16773,4,0.12
16778,4,0.09333333333333334
16783,4,0.027916666666666666
16797,4,0.012222222222222221
16799,4,0.006666666666666667
16800,4,0.04666666666666667
16807,4,0.10666666666666667
16813,4,0.009416666666666667
16821,4,0.03666666666666667
16824,4,0.015
16831,4,0.01
16836,4,0.0033333333333333335
16837,4,0.07666666666666666
16840,4,0.0
16844,4,0.0033333333333333335
16846,4,0.095
16854,4,0.22833333333333333
16856,4,0.006666666666666667
16859,4,0.04
16865,4,0.042067460317460316
16877,4,0.016666666666666666
16878,4,0.016666666666666666
16883,4,0.11916666666666667
16888,4,0.03
16892,4,0.04677777777777777
16902,4,0.08333333333333333
16904,4,0.05694444444444445
16908,4,0.005
16911,4,0.011666666666666667
16913,4,0.06555555555555556
16922,4,0.03
16934,4,0.04527777777777778
16943,4,0.07
16944,4,0.14
16947,4,0.021666666666666667
16960,4,0.008333333333333333
16961,4,0.08
16967,4,0.04633333333333333
16982,4,0.08166666666666667
16983,4,0.08666666666666667
16986,4,0.013333333333333334
16997,4,0.02
16998,4,0.016666666666666666
17001,4,0.0
17006,4,0.0
17007,4,0.24833333333333332
17012,4,0.04
17022,4,0.013333333333333334
17024,4,0.05
17038,4,0.03666666666666667
17047,4,0.04666666666666667
17051,4,0.02
17052,4,0.043333333333333335
17060,4,0.04666666666666667
17062,4,0.03666666666666667
17063,4,0.03333333333333333
17074,4,0.03333333333333333
17075,4,0.06916666666666667
17083,4,0.14666666666666667
17091,4,0.09333333333333334
17103,4,0.02
17107,4,0.04
17114,4,0.022769841269841273
17132,4,0.06666666666666667
17136,4,0.029166666666666667
17150,4,0.05
17161,4,0.03
17170,4,0.065
17173,4,0.03666666666666667
17174,4,0.23428571428571426
17176,4,0.024166666666666666
17179,4,0.5126190476190476
17187,4,0.016666666666666666
17194,4,0.05
17197,4,0.03
17214,4,0.06627777777777778
17225,4,0.125
17226,4,0.06
17228,4,0.06666666666666667
17231,4,0.18
17232,4,0.01
17233,4,0.05888888888888888
17245,4,0.02
17251,4,0.43333333333333335
17252,4,0.125
17262,4,0.21333333333333335
17264,4,0.07
17292,4,0.02666666666666667
17294,4,0.07
17298,4,0.03333333333333333
17302,4,0.03
17318,4,0.02666666666666667
17325,4,0.07333333333333333
17337,4,0.041666666666666664
17361,4,0.016666666666666666
17364,4,0.0913888888888889
17367,4,0.007777777777777778
17391,4,0.01
17397,4,0.03
17402,4,0.24333333333333335
17409,4,0.04
17411,4,0.016666666666666666
17425,4,0.016666666666666666
17445,4,0.06416666666666666
17452,4,0.013333333333333334
17457,4,0.14
17463,4,0.03666666666666667
17464,4,0.30333333333333334
17465,4,0.02666666666666667
17467,4,0.03
17472,4,0.07122222222222223
17477,4,0.07666666666666666
17483,4,0.42
17485,4,0.013333333333333334
17492,4,0.16
17517,4,0.17416666666666664
17530,4,0.03333333333333333
17545,4,0.10333333333333333
17547,4,0.05333333333333334
17568,4,0.03333333333333333
17571,4,0.013333333333333334
17574,4,0.06666666666666667
17575,4,0.41333333333333333
17576,4,0.03666666666666667
17580,4,0.02
17581,4,0.006666666666666667
17583,4,0.051666666666666666
17585,4,0.17
17594,4,0.07
17597,4,0.10333333333333333
17608,4,0.02666666666666667
17612,4,0.12
17613,4,0.03666666666666667
17625,4,0.023333333333333334
17631,4,0.02
17643,4,0.016666666666666666
17644,4,0.02277777777777778
17650,4,0.02
17655,4,0.09
17662,4,0.03333333333333333
17664,4,0.0175
17670,4,0.03333333333333333
17671,4,0.05333333333333334
17673,4,0.08333333333333333
17676,4,0.013333333333333334
17678,4,0.10333333333333333
17680,4,0.0
17681,4,0.05333333333333334
17684,4,0.05
17691,4,0.11666666666666667
17712,4,0.03666666666666667
17717,4,0.06
17728,4,0.22
17731,4,0.4633333333333333
17733,4,0.013333333333333334
17741,4,0.013333333333333334
17752,4,0.03666666666666667
17763,4,0.006666666666666667
17766,4,0.21666666666666667
17779,4,0.06333333333333334
17784,4,0.013333333333333334
17795,4,0.02
17827,4,0.04666666666666667
17833,4,0.10666666666666667
17836,4,0.0033333333333333335
17837,4,0.02666666666666667
17844,4,0.44333333333333336
17849,4,0.15
17850,4,0.015
17852,4,0.08666666666666667
17856,4,0.023333333333333334
17857,4,0.04666666666666667
17869,4,0.07666666666666666
17872,4,0.016666666666666666
17879,4,0.04666666666666667
17888,4,0.0033333333333333335
17893,4,0.14666666666666667
17903,4,0.056666666666666664
17919,4,0.023333333333333334
17925,4,0.05333333333333334
17926,4,0.023333333333333334
17933,4,0.056666666666666664
17946,4,0.062000000000000006
17966,4,0.016666666666666666
17969,4,0.02
17971,4,0.01
17975,4,0.043333333333333335
17976,4,0.04
17978,4,0.04666666666666667
17982,4,0.06
17983,4,0.03666666666666667
18000,4,0.08166666666666667
18003,4,0.056666666666666664
18014,4,0.074
18015,4,0.025555555555555557
18018,4,0.06
18019,4,0.017777777777777778
18027,4,0.03666666666666667
18035,4,0.04533333333333333
18037,4,0.01
18038,4,0.023333333333333334
18044,4,0.016666666666666666
18055,4,0.08
18072,4,0.09
18080,4,0.006666666666666667
18085,4,0.03666666666666667
18087,4,0.07333333333333333
18095,4,0.016666666666666666
18109,4,0.173
18113,4,0.03666666666666667
18123,4,0.043333333333333335
18132,4,0.12666666666666668
18136,4,0.048611111111111105
18137,4,0.02
18149,4,0.006666666666666667
18150,4,0.061944444444444455
18151,4,0.06333333333333334
18159,4,0.03333333333333333
18165,4,0.17666666666666667
18176,4,0.03
18178,4,0.008333333333333333
18190,4,0.02666666666666667
18196,4,0.09
18198,4,0.023333333333333334
18199,4,0.17
18201,4,0.03
18204,4,0.10383333333333333
18207,4,0.12666666666666668
18210,4,0.03333333333333333
18228,4,0.09
18229,4,0.01
18239,4,0.056666666666666664
18246,4,0.08
18247,4,0.02
18250,4,0.2595555555555556
18258,4,0.03333333333333333
18278,4,0.0675
18281,4,0.016666666666666666
18282,4,0.04722222222222223
18283,4,0.22444444444444442
18287,4,0.08
18289,4,0.04
18296,4,0.03666666666666667
18301,4,0.013333333333333334
18308,4,0.02666666666666667
18321,4,0.09333333333333334
18327,4,0.023333333333333334
18331,4,0.018888888888888886
18347,4,0.025833333333333333
18364,4,0.023333333333333334
18372,4,0.03
18380,4,0.016666666666666666
18386,4,0.03
18392,4,0.0
18405,4,0.2713888888888888
18406,4,0.06644444444444444
18408,4,0.17805555555555555
18409,4,0.011666666666666665
18411,4,0.05333333333333334
18413,4,0.08722222222222223
18418,4,0.05333333333333334
18423,4,0.11
18434,4,0.05522222222222222
18440,4,0.016666666666666666
18444,4,0.006333333333333333
18456,4,0.37333333333333335
18457,4,0.013333333333333334
18460,4,0.01
18467,4,0.013333333333333334
18469,4,0.016666666666666666
18482,4,0.09266666666666665
18497,4,0.0033333333333333335
18508,4,0.031111111111111107
18512,4,0.0
18522,4,0.0033333333333333335
18524,4,0.01
18526,4,0.020666666666666667
18527,4,0.04888888888888889
18534,4,0.05388888888888888
18537,4,0.16333333333333333
18538,4,0.014
18550,4,0.06
18554,4,0.011944444444444445
18555,4,0.023333333333333334
18569,4,0.0
18570,4,0.192
18571,4,0.016666666666666666
18575,4,0.17272222222222222
18580,4,0.12001587301587299
18583,4,0.13857142857142857
18584,4,0.09666666666666666
18590,4,0.032777777777777774
18593,4,0.02
18603,4,0.023333333333333334
18608,4,0.06694444444444446
18614,4,0.03666666666666667
18639,4,0.105
18641,4,0.08138888888888889
18643,4,0.04666666666666667
18645,4,0.03
18646,4,0.03666666666666667
18647,4,0.021444444444444447
18654,4,0.043333333333333335
18656,4,0.006666666666666667
18658,4,0.0
18663,4,0.057777777777777775
18680,4,0.01
18698,4,0.013333333333333334
18713,4,0.016666666666666666
18714,4,0.09666666666666666
18720,4,0.015555555555555553
18723,4,0.0033333333333333335
18725,4,0.0325
18731,4,0.06
18732,4,0.0022222222222222222
18735,4,0.03
18761,4,0.0
18773,4,0.025
18774,4,0.0033333333333333335
18784,4,0.01
18787,4,0.006666666666666667
18804,4,0.023333333333333334
18815,4,0.023333333333333334
18817,4,0.22
18820,4,0.006666666666666667
18824,4,0.02
18831,4,0.05
18833,4,0.02
18840,4,0.008888888888888889
18852,4,0.07055555555555557
18868,4,0.03333333333333333
18876,4,0.02
18896,4,0.0225
18906,4,0.03666666666666667
18921,4,0.01
18924,4,0.03333333333333333
18926,4,0.006666666666666667
18944,4,0.009166666666666667
18953,4,0.023333333333333334
18955,4,0.023333333333333334
18957,4,0.07333333333333333
18979,4,0.022777777777777775
18988,4,0.03333333333333333
19000,4,0.27666666666666667
19011,4,0.056666666666666664
19013,4,0.0
19022,4,0.0
19025,4,0.01
19040,4,0.11
19043,4,0.04666666666666667
19058,4,0.18666666666666668
19069,4,0.29722222222222217
19078,4,0.09027777777777779
19079,4,0.06
19086,4,0.03
19091,4,0.11916666666666667
19094,4,0.12736111111111112
19097,4,0.08611111111111111
19102,4,0.03333333333333333
19114,4,0.3011111111111111
19119,4,0.2905555555555555
19128,4,0.02
19133,4,0.02666666666666667
19134,4,0.317
19149,4,0.4975
19170,4,0.0275
19172,4,0.12277777777777779
19189,4,0.11883333333333335
19190,4,0.023333333333333334
19192,4,0.15666666666666668
19200,4,0.01
19203,4,0.016666666666666666
19204,4,0.03666666666666667
19206,4,0.6066666666666667
19217,4,0.02
19220,4,0.10666666666666667
19221,4,0.5033333333333333
19222,4,0.023333333333333334
19231,4,0.195
19235,4,0.0
19237,4,0.013333333333333334
19240,4,0.07333333333333333
19241,4,0.013333333333333334
19242,4,0.015555555555555557
19249,4,0.12
19264,4,0.05333333333333334
19269,4,0.07333333333333333
19271,4,0.016666666666666666
19276,4,0.10333333333333333
19283,4,0.013333333333333334
19284,4,0.16
19297,4,0.13666666666666666
19311,4,0.0033333333333333335
19320,4,0.08166666666666667
19333,4,0.03333333333333333
19334,4,0.04
19339,4,0.018888888888888886
19343,4,0.016666666666666666
19356,4,0.013333333333333334
19367,4,0.016666666666666666
19369,4,0.06666666666666667
19377,4,0.01
19378,4,0.03333333333333333
19381,4,0.07666666666666666
19387,4,0.013333333333333334
19391,4,0.14333333333333334
19397,4,0.12333333333333334
19402,4,0.03666666666666667
19409,4,0.08333333333333333
19412,4,0.03333333333333333
19417,4,0.04
19428,4,0.06666666666666667
19429,4,0.09666666666666666
19445,4,0.06
19449,4,0.02
19454,4,0.02666666666666667
19462,4,0.0
19468,4,0.0033333333333333335
19482,4,0.008333333333333333
19485,4,0.01
19490,4,0.013333333333333334
19499,4,0.0033333333333333335
19504,4,0.0033333333333333335
19505,4,0.043222222222222224
19510,4,0.006666666666666667
19514,4,0.006666666666666667
19520,4,0.04
19521,4,0.03666666666666667
19523,4,0.02666666666666667
19526,4,0.013333333333333334
19528,4,0.0033333333333333335
19529,4,0.06
19531,4,0.04
19543,4,0.016666666666666666
19556,4,0.05450000000000001
19562,4,0.023333333333333334
19565,4,0.023333333333333334
19579,4,0.02666666666666667
19592,4,0.17333333333333334
19593,4,0.054444444444444455
19595,4,0.16466666666666666
19600,4,0.09166666666666666
19605,4,0.11
19612,4,0.023333333333333334
19614,4,0.0033333333333333335
19616,4,0.043333333333333335
19617,4,0.133
19622,4,0.05233333333333333
19656,4,0.006666666666666667
19670,4,0.031111111111111114
19673,4,0.07266666666666667
19683,4,0.03666666666666667
19686,4,0.03333333333333333
19687,4,0.16
19698,4,0.09888888888888889
19701,4,0.07
19703,4,0.013277777777777777
19704,4,0.0625
19707,4,0.0033333333333333335
19708,4,0.05333333333333334
19711,4,0.035555555555555556
19721,4,0.044444444444444446
19725,4,0.013277777777777777
19726,4,0.4066666666666667
19731,4,0.016666666666666666
19732,4,0.054444444444444455
19735,4,0.023333333333333334
19738,4,0.05333333333333334
19739,4,0.04666666666666667
19746,4,0.01
19753,4,0.06
19757,4,0.02
19759,4,0.02
19760,4,0.058333333333333334
19765,4,0.023888888888888887
19768,4,0.008333333333333333
19769,4,0.18444444444444444
19774,4,0.0033333333333333335
19784,4,0.16166666666666665
19794,4,0.054444444444444455
19803,4,0.006666666666666667
19807,4,0.013333333333333334
19808,4,0.02
19818,4,0.0033333333333333335
19825,4,0.02
19843,4,0.0125
19847,4,0.022333333333333334
19870,4,0.02
19884,4,0.0033333333333333335
19891,4,0.006666666666666667
19900,4,0.17
19906,4,0.02
19907,4,0.09666666666666666
19922,4,0.03
19928,4,0.06666666666666667
19947,4,0.0125
19951,4,0.0
19954,4,0.05333333333333334
19961,4,0.028333333333333332
19972,4,0.21
19973,4,0.0125
19974,4,0.056666666666666664
19983,4,0.023333333333333334
19987,4,0.105
20003,4,0.45
20011,4,0.013333333333333334
20017,4,0.043333333333333335
20028,4,0.1
20039,4,0.04
20040,4,0.0
20053,4,0.3358333333333333
20056,4,0.006666666666666667
20057,4,0.04
20061,4,0.006666666666666667
20071,4,0.5852142857142856
20074,4,0.17594444444444443
20075,4,0.03
20093,4,0.043333333333333335
20101,4,0.04
20107,4,0.008888888888888889
20108,4,0.06666666666666667
20109,4,0.0033333333333333335
20114,4,0.006666666666666667
20126,4,0.02666666666666667
20132,4,0.06888888888888887
20156,4,0.22
20161,4,0.006666666666666667
20169,4,0.0033333333333333335
20171,4,0.02
20175,4,0.056666666666666664
20193,4,0.03
20198,4,0.02
20211,4,0.07872222222222221
20215,4,0.16327777777777777
20218,4,0.010555555555555556
20225,4,0.08333333333333333
20226,4,0.14666666666666667
20236,4,0.05
20246,4,0.13277777777777777
20251,4,0.28
20267,4,0.013333333333333334
20274,4,0.1
20276,4,0.03666666666666667
20286,4,0.0044444444444444444
20299,4,0.10333333333333333
20301,4,0.023333333333333334
20307,4,0.3566666666666667
20319,4,0.015
20320,4,0.02
20328,4,0.023333333333333334
20334,4,0.08333333333333333
20335,4,0.13666666666666666
20341,4,0.03
20363,4,0.013333333333333334
20366,4,0.0175
20368,4,0.01
20370,4,0.023333333333333334
20377,4,0.05
20382,4,0.0
20383,4,0.034166666666666665
20390,4,0.01
20394,4,0.0044444444444444444
20398,4,0.0
20431,4,0.03666666666666667
20438,4,0.0033333333333333335
20439,4,0.053047619047619045
20443,4,0.006666666666666667
20452,4,0.19
20457,4,0.04666666666666667
20461,4,0.11666666666666667
20473,4,0.007777777777777777
20485,4,0.0780952380952381
20487,4,0.04
20488,4,0.07333333333333333
20489,4,0.02666666666666667
20498,4,0.13
20501,4,0.03333333333333333
20512,4,0.05333333333333334
20517,4,0.09333333333333334
20519,4,0.12666666666666668
20521,4,0.22527777777777777
20522,4,0.21666666666666667
20525,4,0.09
20532,4,0.09
20540,4,0.05333333333333334
20551,4,0.02
20552,4,0.02666666666666667
20554,4,0.02
20563,4,0.08333333333333333
20564,4,0.05052777777777777
20574,4,0.051666666666666666
20579,4,0.17666666666666667
20595,4,0.24333333333333335
20596,4,0.016666666666666666
20604,4,0.06
20618,4,0.043333333333333335
20625,4,0.05333333333333334
20627,4,0.016666666666666666
20628,4,0.06333333333333334
20633,4,0.08
20642,4,0.006666666666666667
20645,4,0.01
20677,4,0.0033333333333333335
20678,4,0.07605555555555556
20685,4,0.0033333333333333335
20701,4,0.02666666666666667
20702,4,0.05142857142857143
20708,4,0.07
20715,4,0.016666666666666666
20716,4,0.013333333333333334
20719,4,0.11333333333333333
20720,4,0.027777777777777773
20731,4,0.043333333333333335
20738,4,0.04666666666666667
20740,4,0.013333333333333334
20747,4,0.0
20752,4,0.09
20757,4,0.016666666666666666
20758,4,0.02666666666666667
20763,4,0.039523809523809524
20764,4,0.043333333333333335
20770,4,0.04
20774,4,0.0
20786,4,0.1
20789,4,0.04777777777777778
20792,4,0.06666666666666667
20805,4,0.1311111111111111
20813,4,0.028888888888888888
20816,4,0.43666666666666665
20822,4,0.17
20829,4,0.01
20840,4,0.0
20849,4,0.0033333333333333335
20856,4,0.07333333333333333
20864,4,0.03038888888888889
20876,4,0.0
20879,4,0.11969444444444444
20882,4,0.016666666666666666
20898,4,0.11333333333333333
20902,4,0.013333333333333334
20904,4,0.02666666666666667
20906,4,0.01
20915,4,0.0
20916,4,0.01361111111111111
20933,4,0.0033333333333333335
20941,4,0.0
20943,4,0.0
20946,4,0.03
20956,4,0.06666666666666667
20967,4,0.0
20972,4,0.05333333333333334
20979,4,0.013333333333333334
20983,4,0.013333333333333334
20991,4,0.05283333333333333
20996,4,0.08666666666666667
21002,4,0.1313888888888889
21003,4,0.17666666666666667
21010,4,0.023333333333333334
21016,4,0.06
21021,4,0.013333333333333334
21032,4,0.09105555555555557
21052,4,0.0033333333333333335
21062,4,0.02
21070,4,0.03
21074,4,0.006666666666666667
21075,4,0.055555555555555546
21095,4,0.24333333333333335
21102,4,0.0
21107,4,0.01
21110,4,0.01
21113,4,0.01
21119,4,0.03
21125,4,0.02666666666666667
21131,4,0.19333333333333333
21133,4,0.006666666666666667
21141,4,0.04
21142,4,0.14333333333333334
21147,4,0.012777777777777777
21159,4,0.056666666666666664
21162,4,0.023333333333333334
21167,4,0.03666666666666667
21177,4,0.1
21206,4,0.03333333333333333
21210,4,0.03333333333333333
21217,4,0.065
21241,4,0.029444444444444447
21249,4,0.1
21259,4,0.04416666666666667
21262,4,0.02
21263,4,0.056666666666666664
21267,4,0.07583333333333334
21268,4,0.06666666666666667
21271,4,0.07333333333333333
21280,4,0.01
21282,4,0.013333333333333334
21286,4,0.07333333333333333
21290,4,0.006666666666666667
21306,4,0.056666666666666664
21317,4,0.03
21319,4,0.009777777777777778
21320,4,0.05333333333333334
21327,4,0.0
21338,4,0.04
21347,4,0.02
21357,4,0.15333333333333332
21363,4,0.02
21367,4,0.054444444444444455
21374,4,0.03333333333333333
21383,4,0.09666666666666666
21384,4,0.011055555555555555
21386,4,0.043333333333333335
21388,4,0.02
21394,4,0.0
21398,4,0.01
21405,4,0.11166666666666666
21421,4,0.006666666666666667
21437,4,0.0
21448,4,0.021666666666666667
21452,4,0.006666666666666667
21453,4,0.043333333333333335
21462,4,0.0
21465,4,0.0033333333333333335
21470,4,0.0
21485,4,0.02
21495,4,0.0225
21501,4,0.03
21505,4,0.03333333333333333
21519,4,0.006666666666666667
21524,4,0.08144444444444446
21526,4,0.05977777777777778
21529,4,0.09666666666666666
21544,4,0.03666666666666667
21556,4,0.016666666666666666
21565,4,0.01
21567,4,0.0033333333333333335
21573,4,0.006666666666666667
21581,4,0.08333333333333333
21595,4,0.016666666666666666
21601,4,0.0033333333333333335
21622,4,0.03333333333333333
21628,4,0.0
21636,4,0.01
21653,4,0.016666666666666666
21659,4,0.0
21662,4,0.02666666666666667
21674,4,0.043333333333333335
21683,4,0.0033333333333333335
21692,4,0.08666666666666667
21717,4,0.0033333333333333335
21719,4,0.016666666666666666
21728,4,0.0033333333333333335
21735,4,0.01
21748,4,0.03
21749,4,0.016666666666666666
21751,4,0.0033333333333333335
21756,4,0.056666666666666664
21758,4,0.06666666666666667
21761,4,0.13666666666666666
21766,4,0.0033333333333333335
21777,4,0.03
21778,4,0.10333333333333333
21784,4,0.01
21797,4,0.12405555555555556
21798,4,0.01
21807,4,0.023333333333333334
21808,4,0.0
21814,4,0.08
21823,4,0.0033333333333333335
21828,4,0.06333333333333334
21839,4,0.0
21844,4,0.04033333333333333
21847,4,0.0022222222222222222
21853,4,0.0
21855,4,0.058777777777777776
21860,4,0.03666666666666667
21864,4,0.10022222222222223
21867,4,0.07666666666666666
21869,4,0.2621428571428571
21873,4,0.02
21875,4,0.006666666666666667
21891,4,0.02
21893,4,0.047
21900,4,0.058777777777777776
21902,4,0.0033333333333333335
21912,4,0.08666666666666667
21917,4,0.006666666666666667
21921,4,0.056666666666666664
21922,4,0.08166666666666667
21929,4,0.057555555555555554
21934,4,0.023333333333333334
21939,4,0.01
21940,4,0.0033333333333333335
21941,4,0.18666666666666668
21948,4,0.02666666666666667
21950,4,0.0033333333333333335
21971,4,0.0
22009,4,0.022083333333333333
22028,4,0.02666666666666667
22031,4,0.01
22033,4,0.03
22039,4,0.01
22046,4,0.02
22056,4,0.15
22062,4,0.056666666666666664
22070,4,0.08
22071,4,0.04
22076,4,0.01
22077,4,0.01588888888888889
22079,4,0.056666666666666664
22083,4,0.03333333333333333
22084,4,0.02666666666666667
22088,4,0.03666666666666667
22093,4,0.025833333333333333
22099,4,0.023333333333333334
22104,4,0.17
22125,4,0.0033333333333333335
22145,4,0.0006666666666666668
22146,4,0.2
22167,4,0.016666666666666666
22168,4,0.07
22173,4,0.05
22177,4,0.021904761904761903
22178,4,0.016666666666666666
22183,4,0.11666666666666667
22184,4,0.006666666666666667
22186,4,0.01
22187,4,0.010031746031746032
22194,4,0.0
22203,4,0.004
22208,4,0.0
22225,4,0.05222222222222222
22232,4,0.03333333333333333
22236,4,0.023888888888888887
22242,4,0.01
22251,4,0.09
22257,4,0.02666666666666667
22265,4,0.042055555555555554
22281,4,0.028333333333333332
22291,4,0.01722222222222222
22302,4,0.008888888888888889
22303,4,0.016666666666666666
22308,4,0.023333333333333334
22322,4,0.05333333333333334
22324,4,0.0
22325,4,0.004666666666666666
22329,4,0.025238095238095237
22331,4,0.07
22335,4,0.0
22342,4,0.01
22343,4,0.0033333333333333335
22352,4,0.0
22366,4,0.023333333333333334
22384,4,0.31333333333333335
22386,4,0.03333333333333333
22389,4,0.02666666666666667
22394,4,0.013333333333333334
22395,4,0.02
22400,4,0.0033333333333333335
22402,4,0.09333333333333334
22407,4,0.008888888888888889
22419,4,0.016666666666666666
22421,4,0.4596507936507937
22422,4,0.02
22424,4,0.023333333333333334
22425,4,0.016666666666666666
22433,4,0.49894444444444436
22436,4,0.01
22438,4,0.040888888888888884
22443,4,0.15061111111111108
22444,4,0.07333333333333333
22446,4,0.05333333333333334
22455,4,0.14333333333333334
22461,4,0.06666666666666667
22463,4,0.0
22465,4,0.005833333333333334
22469,4,0.042777777777777776
22474,4,0.016666666666666666
22482,4,0.03333333333333333
22489,4,0.052388888888888895
22503,4,0.08277777777777777
22507,4,0.09666666666666666
22511,4,0.006666666666666667
22522,4,0.02666666666666667
22526,4,0.021111111111111112
22528,4,0.012
22530,4,0.65
22531,4,0.034444444444444444
22544,4,0.03666666666666667
22548,4,0.0033333333333333335
22552,4,0.028888888888888888
22554,4,0.06343650793650793
22555,4,0.08333333333333331
22556,4,0.016666666666666666
22560,4,0.008333333333333333
22561,4,0.0
22563,4,0.11
22566,4,0.08666666666666667
22570,4,0.016666666666666666
22572,4,0.029166666666666667
22588,4,0.043333333333333335
22593,4,0.03666666666666667
22594,4,0.041666666666666664
22596,4,0.0033333333333333335
22601,4,0.018888888888888886
22602,4,0.01
22603,4,0.08666666666666667
22606,4,0.03333333333333333
22611,4,0.10666666666666667
22614,4,0.03
22623,4,0.025833333333333333
22625,4,0.02666666666666667
22629,4,0.015555555555555553
22634,4,0.08
22635,4,0.0
22645,4,0.007777777777777777
22648,4,0.0125
22653,4,0.03333333333333333
22660,4,0.02611111111111111
22664,4,0.09666666666666666
22684,4,0.06166666666666667
22686,4,0.021666666666666667
22690,4,0.06295238095238095
22701,4,0.10333333333333333
22702,4,0.07666666666666666
22711,4,0.013333333333333334
22716,4,0.034484126984126985
22718,4,0.056666666666666664
22722,4,0.01
22738,4,0.013333333333333334
22741,4,0.04833333333333333
22746,4,0.14273809523809522
22748,4,0.06
22751,4,0.023333333333333334
22756,4,0.016666666666666666
22759,4,0.6477777777777778
22782,4,0.006666666666666667
22783,4,0.01
22792,4,0.013333333333333334
22800,4,0.043333333333333335
22801,4,0.016666666666666666
22819,4,0.006666666666666667
22830,4,0.05
22835,4,0.023333333333333334
22840,4,0.006666666666666667
22844,4,0.022976190476190476
22848,4,0.009722222222222222
22849,4,0.07333333333333333
22852,4,0.013333333333333334
22882,4,0.01
22886,4,0.15
22895,4,0.0
22896,4,0.36
22900,4,0.023333333333333334
22901,4,0.023333333333333334
22904,4,0.07666666666666666
22905,4,0.09666666666666666
22909,4,0.05333333333333334
22910,4,0.13333333333333333
22911,4,0.12333333333333334
22917,4,0.0
22925,4,0.03
22926,4,0.09666666666666666
22936,4,0.11666666666666667
22940,4,0.050555555555555555
22944,4,0.3433333333333333
22955,4,0.016666666666666666
22967,4,0.10666666666666667
22968,4,0.05
22970,4,0.023333333333333334
22979,4,0.0943888888888889
22991,4,0.08333333333333333
22993,4,0.056666666666666664
23011,4,0.06841666666666667
23045,4,0.08174999999999999
23046,4,0.0
23047,4,0.0
23052,4,0.048611111111111105
23054,4,0.006666666666666667
23068,4,0.08
23069,4,0.016666666666666666
23074,4,0.006666666666666667
23079,4,0.0033333333333333335
23082,4,0.043805555555555556
23097,4,0.018000000000000002
23100,4,0.03333333333333333
23101,4,0.02666666666666667
23102,4,0.0
23106,4,0.004761904761904762
23112,4,0.006666666666666667
23115,4,0.016666666666666666
23123,4,0.31
23150,4,0.41333333333333333
23151,4,0.11666666666666667
23155,4,0.043333333333333335
23157,4,0.023333333333333334
23187,4,0.015416666666666667
23189,4,0.07361111111111111
23191,4,0.0
23199,4,0.24133333333333334
23203,4,0.04
23211,4,0.07
23212,4,0.06
23213,4,0.023333333333333334
23215,4,0.06
23216,4,0.06333333333333334
23217,4,0.12
23218,4,0.08333333333333333
23219,4,0.13666666666666666
23221,4,0.013333333333333334
23225,4,0.01
23226,4,0.1
23233,4,0.043333333333333335
23240,4,0.03
23245,4,0.01
23249,4,0.013333333333333334
23251,4,0.08666666666666667
23252,4,0.02666666666666667
23268,4,0.022166666666666668
23270,4,0.027222222222222228
23272,4,0.03
23274,4,0.03333333333333333
23280,4,0.0
23294,4,0.08333333333333333
23314,4,0.31333333333333335
23318,4,0.05
23319,4,0.023333333333333334
23324,4,0.006666666666666667
23326,4,0.006666666666666667
23327,4,0.2833333333333333
23339,4,0.006666666666666667
23342,4,0.12666666666666668
23344,4,0.0033333333333333335
23346,4,0.17333333333333334
23354,4,0.12
23357,4,0.006666666666666667
23371,4,0.03333333333333333
23375,4,0.03333333333333333
23389,4,0.07666666666666666
23392,4,0.11
23399,4,0.06277777777777778
23401,4,0.04666666666666667
23407,4,0.02666666666666667
23416,4,0.0033333333333333335
23419,4,0.023333333333333334
23440,4,0.016666666666666666
23447,4,0.2833333333333333
23449,4,0.10333333333333333
23452,4,0.006666666666666667
23453,4,0.03666666666666667
23458,4,0.21333333333333335
23466,4,0.02
23468,4,0.08333333333333333
23469,4,0.0
23472,4,0.31
23474,4,0.01
23479,4,0.006666666666666667
23481,4,0.03666666666666667
23483,4,0.01
23485,4,0.0
23487,4,0.013333333333333334
23503,4,0.06
23506,4,0.02666666666666667
23507,4,0.013333333333333334
23508,4,0.0
23511,4,0.0033333333333333335
23512,4,0.0033333333333333335
23518,4,0.08
23524,4,0.0033333333333333335
23532,4,0.03
23533,4,0.04
23552,4,0.041999999999999996
23562,4,0.0033333333333333335
23573,4,0.01
23575,4,0.09666666666666666
23576,4,0.07
23592,4,0.01
23601,4,0.05333333333333334
23607,4,0.03222222222222222
23612,4,0.14666666666666667
23617,4,0.023333333333333334
23623,4,0.02666666666666667
23627,4,0.043333333333333335
23652,4,0.016666666666666666
23654,4,0.15666666666666668
23656,4,0.04666666666666667
23664,4,0.04166666666666666
23670,4,0.08
23673,4,0.09
23675,4,0.04
23679,4,0.03666666666666667
23680,4,0.006666666666666667
23685,4,0.0
23687,4,0.0
23688,4,0.02666666666666667
23692,4,0.4533333333333333
23698,4,0.013333333333333334
23699,4,0.06222222222222223
23704,4,0.03333333333333333
23707,4,0.04666666666666667
23720,4,0.01
23721,4,0.09333333333333334
23723,4,0.006666666666666667
23730,4,0.03
23749,4,0.02666666666666667
23751,4,0.03333333333333333
23754,4,0.016666666666666666
23764,4,0.023333333333333334
23773,4,0.043333333333333335
23780,4,0.030833333333333334
23787,4,0.14333333333333334
23788,4,0.013333333333333334
23794,4,0.15
23798,4,0.0
23809,4,0.041222222222222216
23816,4,0.015
23829,4,0.0033333333333333335
23835,4,0.059500000000000004
23839,4,0.023333333333333334
23840,4,0.013333333333333334
23842,4,0.041666666666666664
23844,4,0.04
23862,4,0.006666666666666667
23863,4,0.012833333333333334
23870,4,0.010555555555555556
23871,4,0.01472222222222222
23877,4,0.06
23886,4,0.043333333333333335
23889,4,0.19
23894,4,0.016666666666666666
23897,4,0.01
23900,4,0.021611111111111112
23902,4,0.14666666666666667
23905,4,0.0
23906,4,0.0275
23912,4,0.023333333333333334
23915,4,0.04122222222222222
23916,4,0.02227777777777778
23920,4,0.043333333333333335
23923,4,0.04666666666666667
23948,4,0.03333333333333333
23964,4,0.02
23973,4,0.0
23977,4,0.016666666666666666
23982,4,0.006666666666666667
23990,4,0.02
23996,4,0.09333333333333334
24004,4,0.75
24012,4,0.2866666666666667
24019,4,0.39
24027,4,0.6833333333333333
24030,4,0.7266666666666667
24031,4,0.6955555555555555
24042,4,0.5333333333333333
24044,4,0.7133333333333334
24045,4,0.44666666666666666
24046,4,0.6733333333333333
24047,4,0.48333333333333334
24051,4,0.5933333333333334
24067,4,0.18
24073,4,0.16666666666666666
24085,4,0.10333333333333333
24087,4,0.47277777777777774
24089,4,0.17333333333333334
24094,4,0.16333333333333333
24110,4,0.11666666666666667
24113,4,0.12333333333333334
24118,4,0.10666666666666667
24120,4,0.4166666666666667
24126,4,0.27
24127,4,0.013333333333333334
24153,4,0.013333333333333334
24155,4,0.10333333333333333
24158,4,0.006666666666666667
24161,4,0.07333333333333333
24162,4,0.02
24166,4,0.0
24180,4,0.06333333333333334
24189,4,0.0
24195,4,0.0033333333333333335
24206,4,0.0
24213,4,0.0
24219,4,0.011111111111111112
24222,4,0.016666666666666666
24226,4,0.0
24249,4,0.02
24250,4,0.0033333333333333335
24252,4,0.0022222222222222222
24254,4,0.016666666666666666
24255,4,0.02
24262,4,0.09
24267,4,0.006666666666666667
24268,4,0.006666666666666667
24269,4,0.0
24277,4,0.14666666666666667
24282,4,0.0
24283,4,0.01
24284,4,0.07
24288,4,0.0
24289,4,0.02666666666666667
24304,4,0.05
24307,4,0.016666666666666666
24310,4,0.02
24320,4,0.006666666666666667
24329,4,0.0033333333333333335
24334,4,0.03
24340,4,0.008333333333333333
24344,4,0.07
24351,4,0.09666666666666666
24358,4,0.042222222222222223
24362,4,0.043333333333333335
24370,4,0.04666666666666667
24373,4,0.06333333333333334
24374,4,0.02
24381,4,0.5066666666666667
24383,4,0.0033333333333333335
24384,4,0.055
24390,4,0.0
24394,4,0.011666666666666667
24409,4,0.03666666666666667
24425,4,0.018333333333333333
24427,4,0.0
24430,4,0.02
24434,4,0.0
24442,4,0.04666666666666667
24447,4,0.0022222222222222222
24483,4,0.0033333333333333335
24487,4,0.03
24508,4,0.0033333333333333335
24530,4,0.05333333333333334
24535,4,0.06555555555555556
24540,4,0.02
24548,4,0.0033333333333333335
24550,4,0.006666666666666667
24562,4,0.01
24564,4,0.03666666666666667
24565,4,0.0
24575,4,0.07333333333333333
24579,4,0.10416666666666667
24581,4,0.017777777777777778
24596,4,0.02
24598,4,0.07666666666666666
24605,4,0.04
24617,4,0.03
24627,4,0.0
24630,4,0.04
24641,4,0.009722222222222222
24644,4,0.05333333333333334
24648,4,0.02
24650,4,0.016666666666666666
24655,4,0.22
24670,4,0.016666666666666666
24677,4,0.0033333333333333335
24682,4,0.06333333333333334
24683,4,0.03666666666666667
24711,4,0.21333333333333335
24716,4,0.01611111111111111
24725,4,0.056666666666666664
24733,4,0.06666666666666667
24754,4,0.04
24759,4,0.034444444444444444
24762,4,0.016888888888888887
24765,4,0.0
24779,4,0.01
24781,4,0.0033333333333333335
24782,4,0.01
24790,4,0.0033333333333333335
24804,4,0.049444444444444444
24813,4,0.0933888888888889
24833,4,0.006666666666666667
24838,4,0.0
24840,4,0.0
24843,4,0.02666666666666667
24844,4,0.07855555555555555
24846,4,0.008
24855,4,0.05
24857,4,0.13333333333333333
24859,4,0.02666666666666667
24860,4,0.13333333333333333
24868,4,0.006666666666666667
24879,4,0.03666666666666667
24891,4,0.1
24897,4,0.013333333333333334
24902,4,0.043333333333333335
24918,4,0.013333333333333334
24922,4,0.016666666666666666
24923,4,0.13333333333333333
24927,4,0.0
24936,4,0.006666666666666667
24939,4,0.07333333333333333
24948,4,0.049444444444444444
24952,4,0.022777777777777775
24961,4,0.0
24962,4,0.07666666666666666
24967,4,0.03666666666666667
24972,4,0.0
24976,4,0.0
24991,4,0.0275
25005,4,0.02
25009,4,0.056666666666666664
25026,4,0.006666666666666667
25038,4,0.06
25046,4,0.006666666666666667
25063,4,0.0016666666666666668
25066,4,0.035
25077,4,0.0033333333333333335
25084,4,0.02722222222222222
25106,4,0.0033333333333333335
25112,4,0.01
25113,4,0.0
25129,4,0.026111111111111113
25139,4,0.0033333333333333335
25143,4,0.0
25153,4,0.006666666666666667
25154,4,0.06
25165,4,0.0033333333333333335
25166,4,0.0
25173,4,0.12
25176,4,0.02
25180,4,0.02666666666666667
25182,4,0.05
25186,4,0.08666666666666667
25187,4,0.01
25206,4,0.02666666666666667
25215,4,0.016666666666666666
25222,4,0.006666666666666667
25227,4,0.01
25228,4,0.013333333333333334
25235,4,0.005555555555555555
25248,4,0.02666666666666667
25253,4,0.02
25254,4,0.0
25258,4,0.0033333333333333335
25260,4,0.011333333333333332
25265,4,0.023333333333333334
25270,4,0.011666666666666667
25282,4,0.006666666666666667
25284,4,0.01
25285,4,0.01111111111111111
25286,4,0.02
25290,4,0.09833333333333333
25292,4,0.006666666666666667
25296,4,0.020833333333333332
25298,4,0.0
25301,4,0.02
25306,4,0.01
25309,4,0.05333333333333334
25313,4,0.014666666666666668
25316,4,0.04
25320,4,0.006666666666666667
25330,4,0.04
25336,4,0.21
25339,4,0.01
25341,4,0.07177777777777777
25342,4,0.017777777777777778
25348,4,0.019629629629629625
25359,4,0.016666666666666666
25363,4,0.07277777777777777
25365,4,0.01
25369,4,0.0033333333333333335
25378,4,0.0033333333333333335
25380,4,0.0033333333333333335
25384,4,0.013333333333333334
25385,4,0.04361111111111111
25386,4,0.006666666666666667
25394,4,0.03666666666666667
25395,4,0.01
25396,4,0.006666666666666667
25404,4,0.01
25408,4,0.15
25411,4,0.07
25417,4,0.006666666666666667
25424,4,0.0319047619047619
25427,4,0.03
25431,4,0.02666666666666667
25434,4,0.11077777777777778
25435,4,0.04
25463,4,0.08666666666666667
25474,4,0.04
25475,4,0.08
25486,4,0.02
25488,4,0.013333333333333334
25492,4,0.06666666666666667
25496,4,0.06
25497,4,0.27
25509,4,0.4035084175084176
25510,4,0.06333333333333334
25513,4,0.12333333333333334
25523,4,0.02666666666666667
25524,4,0.016666666666666666
25534,4,0.07
25536,4,0.18
25537,4,0.06333333333333334
25547,4,0.10648148148148148
25555,4,0.05
25564,4,0.01
25567,4,0.3922222222222222
25568,4,0.0033333333333333335
25569,4,0.02
25583,4,0.02
25584,4,0.09
25587,4,0.01
25588,4,0.31821428571428567
25592,4,0.02666666666666667
25608,4,0.03
25612,4,0.05333333333333334
25615,4,0.0
25619,4,0.018333333333333333
25620,4,0.0033333333333333335
25625,4,0.02
25630,4,0.06175396825396826
25638,4,0.056666666666666664
25639,4,0.004722222222222221
25651,4,0.016666666666666666
25652,4,0.03666666666666667
25662,4,0.23
25671,4,0.13416666666666666
25672,4,0.15
25679,4,0.01
25684,4,0.0033333333333333335
25686,4,0.04666666666666667
25690,4,0.10648148148148148
25698,4,0.013333333333333334
25713,4,0.07333333333333333
25728,4,0.01
25729,4,0.006666666666666667
25737,4,0.02
25745,4,0.01
25746,4,0.02
25752,4,0.08583333333333333
25760,4,0.05088888888888889
25768,4,0.03805555555555555
25776,4,0.0971626984126984
25779,4,0.011666666666666667
25791,4,0.05727777777777778
25809,4,0.016666666666666666
25819,4,0.013333333333333334
25827,4,0.06
25830,4,0.013333333333333334
25836,4,0.03333333333333333
25840,4,0.04566666666666667
25849,4,0.013333333333333334
25858,4,0.11666666666666667
25875,4,0.056666666666666664
25876,4,0.012222222222222221
25881,4,0.023333333333333334
25883,4,0.03916666666666667
25896,4,0.17333333333333334
25901,4,0.12
25908,4,0.6873492063492064
25919,4,0.0016666666666666668
25928,4,0.03555555555555556
25933,4,0.11
25937,4,0.006666666666666667
25946,4,0.056666666666666664
25949,4,0.03666666666666667
25955,4,0.01
25967,4,0.26
25968,4,0.023333333333333334
25971,4,0.03
25973,4,0.0033333333333333335
25976,4,0.10916666666666666
25978,4,0.0033333333333333335
25981,4,0.0
25992,4,0.0315
25997,4,0.03777777777777778
26007,4,0.05
26017,4,0.01
26026,4,0.06333333333333334
26029,4,0.030460317460317465
26031,4,0.2966666666666667
26036,4,0.013333333333333334
26044,4,0.023333333333333334
26047,4,0.03666666666666667
26048,4,0.016666666666666666
26050,4,0.04666666666666667
26054,4,0.043333333333333335
26057,4,0.02
26064,4,0.021666666666666667
26081,4,0.023333333333333334
26086,4,0.13666666666666666
26087,4,0.02
26090,4,0.08666666666666667
26094,4,0.02666666666666667
26103,4,0.02666666666666667
26121,4,0.056666666666666664
26122,4,0.06333333333333334
26123,4,0.006666666666666667
26134,4,0.03333333333333333
26136,4,0.01
26141,4,0.036198412698412695
26142,4,0.006666666666666667
26143,4,0.06
26146,4,0.02
26156,4,0.0033333333333333335
26162,4,0.028
26165,4,0.042420634920634914
26169,4,0.01
26180,4,0.017777777777777778
26181,4,0.03
26183,4,0.09666666666666666
26188,4,0.04
26190,4,0.1
26191,4,0.056666666666666664
26205,4,0.2733333333333333
26211,4,0.08333333333333333
26224,4,0.03015873015873016
26225,4,0.03666666666666667
26233,4,0.013333333333333334
26234,4,0.0033333333333333335
26263,4,0.11333333333333333
26278,4,0.15666666666666668
26284,4,0.15649999999999997
26285,4,0.0033333333333333335
26289,4,0.006666666666666667
26292,4,0.017777777777777778
26298,4,0.10766666666666666
26312,4,0.15
26338,4,0.060833333333333336
26340,4,0.0025
26341,4,0.23
26344,4,0.1
26349,4,0.11666666666666667
26356,4,0.0033333333333333335
26360,4,0.03
26362,4,0.03777777777777778
26364,4,0.016666666666666666
26383,4,0.006666666666666667
26390,4,0.056666666666666664
26394,4,0.02666666666666667
26400,4,0.0033333333333333335
26405,4,0.09
26408,4,0.12949999999999998
26409,4,0.006666666666666667
26414,4,0.043333333333333335
26415,4,0.09
26422,4,0.0033333333333333335
26423,4,0.09
26427,4,0.09333333333333334
26451,4,0.155
26453,4,0.06333333333333334
26458,4,0.04666666666666667
26480,4,0.14666666666666667
26481,4,0.016666666666666666
26486,4,0.02
26498,4,0.14616666666666667
26501,4,0.06666666666666667
26530,4,0.17
26531,4,0.08333333333333333
26546,4,0.2960555555555555
26553,4,0.16
26559,4,0.0
26571,4,0.04666666666666667
26588,4,0.055
26596,4,0.006666666666666667
26601,4,0.03
26604,4,0.02666666666666667
26612,4,0.06
26617,4,0.06333333333333334
26631,4,0.016666666666666666
26654,4,0.12371428571428571
26660,4,0.13666666666666666
26673,4,0.10666666666666667
26675,4,0.006666666666666667
26677,4,0.016666666666666666
26682,4,0.023333333333333334
26685,4,0.016666666666666666
26688,4,0.10666666666666667
26701,4,0.0
26705,4,0.04
26706,4,0.09388888888888888
26709,4,0.01
26710,4,0.0033333333333333335
26727,4,0.2733333333333333
26746,4,0.05
26747,4,0.17156349206349208
26749,4,0.04
26751,4,0.20444444444444446
26760,4,0.013333333333333334
26770,4,0.13333333333333333
26784,4,0.41
26792,4,0.12166666666666667
26802,4,0.06666666666666667
26811,4,0.04666666666666667
26813,4,0.02666666666666667
26816,4,0.056666666666666664
26846,4,0.0033333333333333335
26861,4,0.006666666666666667
26871,4,0.21333333333333335
26874,4,0.3466666666666667
26879,4,0.15333333333333332
26884,4,0.016666666666666666
26890,4,0.03
26892,4,0.06666666666666667
26908,4,0.17666666666666667
26910,4,0.08
26917,4,0.16783333333333333
26922,4,0.02666666666666667
26924,4,0.043333333333333335
26944,4,0.04
26954,4,0.02
26958,4,0.0
26960,4,0.05
26963,4,0.06333333333333334
26970,4,0.17327777777777778
26971,4,0.11
26978,4,0.14666666666666667
26980,4,0.0
26992,4,0.02666666666666667
27015,4,0.006666666666666667
27023,4,0.05333333333333334
27028,4,0.29333333333333333
27029,4,0.013888888888888886
27036,4,0.013333333333333334
27048,4,0.08416666666666667
27053,4,0.014444444444444444
27059,4,0.013333333333333334
27061,4,0.4633333333333333
27066,4,0.043333333333333335
27088,4,0.023333333333333334
27096,4,0.04666666666666667
27099,4,0.04
27110,4,0.15
27119,4,0.2
27124,4,0.01
27132,4,0.03
27135,4,0.005555555555555555
27145,4,0.04666666666666667
27149,4,0.03
27150,4,0.4875
27152,4,0.021666666666666667
27161,4,0.06349206349206349
27164,4,0.07155555555555557
27169,4,0.03333333333333333
27170,4,0.05222222222222222
27177,4,0.05249999999999999
27179,4,0.07866666666666668
27187,4,0.03333333333333333
27193,4,0.04666666666666667
27200,4,0.02611111111111111
27201,4,0.03861111111111111
27203,4,0.0011111111111111111
27210,4,0.12
27211,4,0.09722222222222222
27212,4,0.13166666666666665
27216,4,0.05972222222222221
27217,4,0.03
27220,4,0.06333333333333334
27223,4,0.095
27230,4,0.07166666666666667
27231,4,0.02
27232,4,0.04527777777777777
27236,4,0.13333333333333333
27246,4,0.20333333333333334
27265,4,0.2
27266,4,0.01
27286,4,0.03666666666666667
27311,4,0.10222222222222223
27313,4,0.035
27315,4,0.06666666666666667
27326,4,0.016666666666666666
27333,4,0.07944444444444446
27337,4,0.12566666666666668
27346,4,0.04666666666666667
27347,4,0.03333333333333333
27357,4,0.11666666666666667
27361,4,0.55
27371,4,0.17333333333333334
27375,4,0.01
27376,4,0.006666666666666667
27379,4,0.0033333333333333335
27397,4,0.03666666666666667
27405,4,0.06166666666666667
27408,4,0.05583333333333333
27428,4,0.03333333333333333
27433,4,0.013333333333333334
27437,4,0.08
27442,4,0.22666666666666666
27444,4,0.11
27465,4,0.0033333333333333335
27471,4,0.03333333333333333
27474,4,0.01
27475,4,0.14333333333333334
27478,4,0.18333333333333332
27486,4,0.12277777777777776
27493,4,0.056666666666666664
27494,4,0.01861111111111111
27505,4,0.006666666666666667
27507,4,0.02666666666666667
27510,4,0.11379365079365078
27514,4,0.26
27515,4,0.03333333333333333
27521,4,0.006666666666666667
27524,4,0.02
27534,4,0.03666666666666667
27541,4,0.06666666666666667
27542,4,0.0033333333333333335
27565,4,0.13722222222222225
27571,4,0.0033333333333333335
27574,4,0.11
27579,4,0.043333333333333335
27587,4,0.023333333333333334
27598,4,0.004166666666666667
27610,4,0.05
27619,4,0.01
27627,4,0.06
27640,4,0.005555555555555555
27644,4,0.03
27650,4,0.02666666666666667
27652,4,0.043333333333333335
27667,4,0.006666666666666667
27679,4,0.13666666666666666
27680,4,0.21333333333333335
27686,4,0.16333333333333333
27701,4,0.7666666666666666
27706,4,0.76
27709,4,0.8
27712,4,0.8666666666666667
27719,4,0.48333333333333334
27720,4,0.31
27723,4,0.45633333333333326
27724,4,0.5827777777777778
27738,4,0.33
27756,4,0.32582142857142876
27778,4,0.26666666666666666
27786,4,0.6133333333333333
27793,4,0.5487380952380954
27795,4,0.24666666666666667
27799,4,0.6566666666666666
27805,4,0.7526825396825397
27807,4,0.23333333333333334
27812,4,0.6725700040700038
27814,4,0.7768928571428572
27815,4,0.6934854497354498
27823,4,0.46519444444444447
27853,4,0.16111111111111112
27859,4,0.32
27866,4,0.43
27881,4,0.4741269841269841
27885,4,0.48
27895,4,0.59
27904,4,0.35333333333333333
27906,4,0.37333333333333335
27914,4,0.35
27924,4,0.7766666666666666
27931,4,0.20666666666666667
27952,4,0.17
27954,4,0.5166666666666667
27955,4,0.4033333333333333
27975,4,0.05
27983,4,0.41055555555555556
28004,4,0.27
28006,4,0.07666666666666666
28034,4,0.27055555555555555
28047,4,0.115
28050,4,0.16333333333333333
28066,4,0.3230555555555556
28069,4,0.36333333333333334
28077,4,0.19333333333333333
28092,4,0.20555555555555555
28094,4,0.02666666666666667
28095,4,0.2833333333333333
28100,4,0.02
28104,4,0.006666666666666667
28106,4,0.2633333333333333
28112,4,0.11666666666666667
28113,4,0.02
28118,4,0.06888888888888887
28121,4,0.1368888888888889
28140,4,0.06
28141,4,0.14666666666666667
28161,4,0.09666666666666666
28173,4,0.08
28177,4,0.416
28178,4,0.18
28179,4,0.39294444444444443
28183,4,0.05
28186,4,0.13
28187,4,0.13666666666666666
28188,4,0.39
28191,4,0.33916666666666667
28197,4,0.2006666666666667
28222,4,0.39666666666666667
28233,4,0.24133333333333334
28253,4,0.05333333333333334
28258,4,0.0638888888888889
28263,4,0.16333333333333333
28264,4,0.16333333333333333
28275,4,0.20555555555555557
28277,4,0.043333333333333335
28284,4,0.02666666666666667
28287,4,0.125
28288,4,0.08
28292,4,0.06333333333333334
28293,4,0.23333333333333334
28298,4,0.3677777777777778
28303,4,0.6566666666666666
28309,4,0.46
28313,4,0.07
28319,4,0.8666666666666667
28322,4,0.17
28328,4,0.10333333333333333
28330,4,0.46527777777777773
28335,4,0.11916666666666667
28338,4,0.23166666666666666
28342,4,0.11
28349,4,0.09333333333333334
28354,4,0.08833333333333333
28362,4,0.056333333333333326
28375,4,0.09888888888888889
28376,4,0.37
28380,4,0.06
28401,4,0.2472222222222222
28413,4,0.16994444444444443
28417,4,0.1413888888888889
28425,4,0.14666666666666667
28446,4,0.08333333333333333
28449,4,0.14666666666666667
28458,4,0.4766666666666667
28465,4,0.075
28469,4,0.22066666666666668
28474,4,0.2125
28476,4,0.5445
28482,4,0.2455952380952381
28490,4,0.4301111111111112
28506,4,0.3455555555555555
28514,4,0.24666666666666667
28518,4,0.3
28533,4,0.08333333333333333
28535,4,0.06333333333333334
28558,4,0.19966666666666666
28559,4,0.09333333333333334
28564,4,0.8633333333333333
28568,4,0.13833333333333334
28569,4,0.3155555555555556
28573,4,0.7466666666666667
28583,4,0.2088888888888889
28597,4,0.15333333333333332
28622,4,0.36666666666666664
28633,4,0.3377777777777778
28649,4,0.2966666666666667
28653,4,0.21833333333333332
28657,4,0.056666666666666664
28663,4,0.056666666666666664
28664,4,0.19666666666666666
28675,4,0.1375
28687,4,0.04
28716,4,0.06666666666666667
28717,4,0.2733333333333333
28718,4,0.027777777777777773
28719,4,0.017777777777777778
28721,4,0.036111111111111115
28724,4,0.6666666666666666
28731,4,0.006666666666666667
28739,4,0.14
28747,4,0.2905555555555555
28748,4,0.49555555555555564
28749,4,0.009111111111111111
28759,4,0.02666666666666667
28764,4,0.1728333333333333
28765,4,0.4613333333333334
28767,4,0.06
28776,4,0.051111111111111114
28787,4,0.06333333333333334
28790,4,0.5666666666666667
28791,4,0.09
28800,4,0.10833333333333334
28809,4,0.11666666666666667
28811,4,0.056666666666666664
28821,4,0.1488888888888889
28822,4,0.095
28831,4,0.08333333333333333
28833,4,0.04
28842,4,0.10222222222222223
28864,4,0.24666666666666667
28873,4,0.25005555555555553
28882,4,0.058333333333333334
28884,4,0.15333333333333332
28890,4,0.016666666666666666
28904,4,0.25472222222222224
28916,4,0.04
28922,4,0.13
28926,4,0.12166666666666667
28934,4,0.043333333333333335
28935,4,0.08666666666666667
28940,4,0.006666666666666667
28943,4,0.02
28948,4,0.043333333333333335
28961,4,0.02666666666666667
28967,4,0.04
28973,4,0.0
28974,4,0.11666666666666667
28986,4,0.07333333333333333
29023,4,0.16333333333333333
29025,4,0.055
29030,4,0.05444444444444444
29064,4,0.006666666666666667
29068,4,0.2633333333333333
29082,4,0.03666666666666667
29096,4,0.04
29097,4,0.07333333333333333
29100,4,0.023333333333333334
29105,4,0.09799999999999999
29106,4,0.4525
29107,4,0.06333333333333334
29111,4,0.06
29123,4,0.04666666666666667
29136,4,0.8105555555555555
29138,4,0.0033333333333333335
29147,4,0.12
29159,4,0.0
29162,4,0.02666666666666667
29166,4,0.3433333333333333
29172,4,0.11222222222222224
29173,4,0.06555555555555555
29184,4,0.05333333333333334
29187,4,0.02666666666666667
29189,4,0.41333333333333333
29199,4,0.04666666666666667
29201,4,0.043333333333333335
29207,4,0.3255555555555556
29208,4,0.04
29211,4,0.04
29214,4,0.0425
29223,4,0.08666666666666667
29225,4,0.5016666666666667
29232,4,0.0225
29237,4,0.24194444444444443
29239,4,0.0675
29240,4,0.18666666666666668
29246,4,0.02
29249,4,0.02666666666666667
29261,4,0.01
29263,4,0.36333333333333334
29268,4,0.02
29274,4,0.08333333333333333
29285,4,0.02
29289,4,0.0
29300,4,0.02666666666666667
29303,4,0.1575
29305,4,0.03
29307,4,0.04666666666666667
29310,4,0.02
29337,4,0.10666666666666667
29340,4,0.14666666666666667
29355,4,0.06166666666666667
29362,4,0.13
29370,4,0.15333333333333332
29376,4,0.01
29388,4,0.006666666666666667
29407,4,0.5283333333333333
29413,4,0.09
29419,4,0.06666666666666667
29422,4,0.11
29423,4,0.02
29440,4,0.2966666666666667
29445,4,0.016666666666666666
29451,4,0.198
29455,4,0.03166666666666667
29457,4,0.02
29463,4,0.04
29467,4,0.043333333333333335
29471,4,0.05333333333333334
29478,4,0.056666666666666664
29483,4,0.05
29486,4,0.17994444444444443
29487,4,0.10333333333333333
29489,4,0.08666666666666667
29491,4,0.03
29496,4,0.016666666666666666
29528,4,0.03333333333333333
29537,4,0.17666666666666667
29539,4,0.05333333333333334
29540,4,0.056666666666666664
29542,4,0.10333333333333333
29543,4,0.6466666666666666
29549,4,0.023333333333333334
29566,4,0.22666666666666666
29568,4,0.12200000000000001
29574,4,0.023333333333333334
29580,4,0.013333333333333334
29583,4,0.37333333333333335
29597,4,0.25333333333333335
29600,4,0.25333333333333335
29602,4,0.15333333333333332
29608,4,0.03333333333333333
29610,4,0.15087301587301588
29626,4,0.43
29634,4,0.006666666666666667
29637,4,0.006666666666666667
29639,4,0.08
29653,4,0.37666666666666665
29659,4,0.06
29663,4,0.18
29672,4,0.025
29675,4,0.09
29676,4,0.7166666666666667
29679,4,0.02
29680,4,0.2966666666666667
29696,4,0.07666666666666666
29697,4,0.056666666666666664
29698,4,0.01
29701,4,0.4
29707,4,0.24355555555555558
29709,4,0.06333333333333334
29716,4,0.02
29722,4,0.01
29723,4,0.01
29733,4,0.08666666666666667
29745,4,0.10055555555555556
29755,4,0.37333333333333335
29758,4,0.03666666666666667
29764,4,0.03
29770,4,0.04
29772,4,0.21444444444444447
29785,4,0.04666666666666667
29793,4,0.15333333333333332
29796,4,0.01
29802,4,0.043333333333333335
29803,4,0.45166666666666666
29808,4,0.11
29810,4,0.14333333333333334
29825,4,0.04
29826,4,0.125
29829,4,0.53
29833,4,0.48361111111111116
29855,4,0.2
29874,4,0.17666666666666667
29875,4,0.013333333333333334
29889,4,0.03
29892,4,0.13666666666666666
29897,4,0.016666666666666666
29900,4,0.11666666666666667
29902,4,0.07333333333333333
29909,4,0.03
29918,4,0.29333333333333333
29932,4,0.38666666666666666
29940,4,0.006666666666666667
29943,4,0.3433333333333333
29944,4,0.16444444444444445
29959,4,0.11333333333333333
29964,4,0.12
29973,4,0.5566666666666666
29975,4,0.43666666666666665
29979,4,0.39166666666666666
29983,4,0.345
29988,4,0.20888888888888887
29995,4,0.48800000000000004
30002,4,0.14916666666666667
30025,4,0.43666666666666665
30035,4,0.08666666666666667
30038,4,0.35333333333333333
30044,4,0.3438888888888889
30046,4,0.48
30051,4,0.4
30059,4,0.1917777777777778
30065,4,0.31
30068,4,0.20111111111111113
30072,4,0.36666666666666664
30080,4,0.19
30081,4,0.16666666666666666
30091,4,0.1836111111111111
30104,4,0.4083333333333333
30106,4,0.16333333333333333
30111,4,0.615
30114,4,0.5033333333333333
30117,4,0.545
30121,4,0.33555555555555555
30127,4,0.205
30137,4,0.6966666666666667
30144,4,0.33
30147,4,0.43666666666666665
30151,4,0.5066666666666667
30154,4,0.7572222222222222
30158,4,0.25555555555555554
30171,4,0.3233333333333333
30174,4,0.34421428571428553
30179,4,0.405
30191,4,0.7133333333333334
30203,4,0.29333333333333333
30221,4,0.1857222222222222
30223,4,0.4977777777777777
30231,4,0.5366666666666666
30235,4,0.85
30237,4,0.10366666666666667
30241,4,0.34
30243,4,0.8133333333333334
30252,4,0.08333333333333333
30253,4,0.22666666666666666
30255,4,0.08406349206349208
30260,4,0.89
30264,4,0.08406349206349208
30266,4,0.3814444444444445
30271,4,0.4066666666666667
30277,4,0.7466666666666667
30286,4,0.33666666666666667
30293,4,0.4216666666666667
30294,4,0.3020555555555555
30300,4,0.6833333333333333
30301,4,0.3933333333333333
30316,4,0.3205555555555556
30318,4,0.8188888888888889
30339,4,0.3180555555555556
30351,4,0.7272222222222222
30363,4,0.4633333333333333
30369,4,0.18933333333333333
30383,4,0.24849206349206346
30391,4,0.5533333333333333
30396,4,0.5333333333333333
30407,4,0.3283333333333333
30408,4,0.5916666666666668
30410,4,0.08666666666666667
30419,4,0.5793333333333334
30425,4,0.34
30430,4,0.27222222222222225
30431,4,0.16666666666666666
30437,4,0.33666666666666667
30439,4,0.10666666666666667
30445,4,0.09
30451,4,0.1
30457,4,0.41444444444444445
30460,4,0.23333333333333334
30462,4,0.49
30466,4,0.12666666666666668
30472,4,0.5533333333333333
30473,4,0.66
30474,4,0.30333333333333334
30481,4,0.09
30482,4,0.20666666666666667
30484,4,0.33666666666666667
30488,4,0.07666666666666666
30498,4,0.13666666666666666
30500,4,0.21
30502,4,0.15666666666666668
30503,4,0.09333333333333334
30504,4,0.06333333333333334
30505,4,0.19666666666666666
30511,4,0.12833333333333333
30516,4,0.41333333333333333
30526,4,0.21666666666666667
30528,4,0.3233333333333333
30541,4,0.33
30548,4,0.11
30549,4,0.32
30556,4,0.15
30562,4,0.16666666666666666
30584,4,0.2833333333333333
30590,4,0.17666666666666667
30596,4,0.3466666666666667
30603,4,0.07333333333333333
30604,4,0.19333333333333333
30618,4,0.23555555555555552
30624,4,0.17333333333333334
30632,4,0.19666666666666666
30639,4,0.25333333333333335
30651,4,0.1275
30654,4,0.02666666666666667
30657,4,0.01
30662,4,0.006666666666666667
30681,4,0.07
30682,4,0.1611111111111111
30685,4,0.07
30687,4,0.013333333333333334
30688,4,0.32
30695,4,0.06333333333333334
30699,4,0.06333333333333334
30702,4,0.02
30712,4,0.02
30718,4,0.11166666666666666
30724,4,0.016666666666666666
30726,4,0.11666666666666667
30731,4,0.17166666666666666
30738,4,0.17666666666666667
30744,4,0.30666666666666664
30750,4,0.023944444444444445
30760,4,0.21333333333333335
30761,4,0.09333333333333334
30762,4,0.12333333333333334
30777,4,0.12333333333333334
30802,4,0.06
30814,4,0.05333333333333334
30830,4,0.06666666666666667
30834,4,0.11
30836,4,0.02666666666666667
30837,4,0.03
30845,4,0.03333333333333333
30850,4,0.04666666666666667
30851,4,0.02666666666666667
30863,4,0.043333333333333335
30865,4,0.0
30870,4,0.06
30871,4,0.04
30877,4,0.275
30885,4,0.11555555555555558
30899,4,0.06333333333333334
30900,4,0.056666666666666664
30902,4,0.07333333333333333
30908,4,0.06
30927,4,0.03
30941,4,0.03666666666666667
30956,4,0.058333333333333334
30962,4,0.023333333333333334
30965,4,0.056666666666666664
30967,4,0.2733333333333333
30971,4,0.09
30983,4,0.06333333333333334
30986,4,0.023333333333333334
30991,4,0.015555555555555557
31007,4,0.02666666666666667
31011,4,0.013333333333333334
31013,4,0.043333333333333335
31016,4,0.02666666666666667
31025,4,0.013333333333333334
31028,4,0.03666666666666667
31043,4,0.05888888888888888
31045,4,0.02666666666666667
31046,4,0.023333333333333334
31057,4,0.03333333333333333
31059,4,0.43
31060,4,0.05333333333333334
31077,4,0.03666666666666667
31092,4,0.17333333333333334
31099,4,0.09666666666666666
31106,4,0.03666666666666667
31108,4,0.07
31111,4,0.02
31115,4,0.02666666666666667
31125,4,0.0
31143,4,0.013333333333333334
31149,4,0.19333333333333333
31154,4,0.20333333333333334
31169,4,0.0475
31178,4,0.19
31186,4,0.05333333333333334
31192,4,0.19666666666666666
31202,4,0.13
31209,4,0.10666666666666667
31211,4,0.01
31222,4,0.006666666666666667
31224,4,0.006666666666666667
31231,4,0.09
31270,4,0.05922222222222222
31273,4,0.19
31297,4,0.05333333333333334
31300,4,0.13333333333333333
31301,4,0.021666666666666667
31304,4,0.01
31305,4,0.03
31328,4,0.02666666666666667
31358,4,0.07666666666666666
31368,4,0.006666666666666667
31382,4,0.07
31389,4,0.013333333333333334
31404,4,0.03333333333333333
31410,4,0.17666666666666667
31411,4,0.02666666666666667
31413,4,0.006666666666666667
31414,4,0.04
31418,4,0.035
31421,4,0.07333333333333333
31424,4,0.07
31431,4,0.13082539682539684
31436,4,0.04666666666666667
31438,4,0.05772222222222222
31444,4,0.05333333333333334
31445,4,0.105
31448,4,0.08333333333333333
31465,4,0.06333333333333334
31466,4,0.11666666666666667
31468,4,0.03666666666666667
31492,4,0.16
31503,4,0.08666666666666667
31504,4,0.11666666666666667
31506,4,0.08666666666666667
31513,4,0.19761111111111113
31514,4,0.05333333333333334
31518,4,0.0597910052910053
31519,4,0.03666666666666667
31526,4,0.03666666666666667
31533,4,0.023333333333333334
31540,4,0.03333333333333333
31541,4,0.05
31546,4,0.018
31551,4,0.02
31569,4,0.01
31571,4,0.11333333333333333
31581,4,0.02666666666666667
31593,4,0.007333333333333334
31597,4,0.11333333333333333
31614,4,0.05333333333333334
31617,4,0.09333333333333334
31620,4,0.04666666666666667
31621,4,0.04
31624,4,0.12
31631,4,0.21333333333333335
31637,4,0.0
31640,4,0.006666666666666667
31642,4,0.006666666666666667
31643,4,0.07666666666666666
31645,4,0.12666666666666668
31655,4,0.05333333333333334
31662,4,0.006666666666666667
31663,4,0.02666666666666667
31665,4,0.36333333333333334
31673,4,0.008333333333333333
31674,4,0.0016666666666666668
31676,4,0.018333333333333333
31677,4,0.07333333333333333
31678,4,0.04
31679,4,0.013333333333333334
31704,4,0.08666666666666667
31706,4,0.03666666666666667
31713,4,0.006666666666666667
31718,4,0.056666666666666664
31720,4,0.043333333333333335
31722,4,0.0
31729,4,0.03
31732,4,0.02
31733,4,0.043333333333333335
31736,4,0.02
31742,4,0.08277777777777778
31746,4,0.0022222222222222222
31756,4,0.0
31758,4,0.02666666666666667
31774,4,0.028333333333333332
31776,4,0.05333333333333334
31780,4,0.0033333333333333335
31786,4,0.05333333333333334
31803,4,0.013333333333333334
31809,4,0.018333333333333333
31811,4,0.07
31832,4,0.006666666666666667
31836,4,0.056666666666666664
31849,4,0.5166666666666667
31851,4,0.06666666666666667
31853,4,0.02666666666666667
31860,4,0.013333333333333334
31864,4,0.006666666666666667
31873,4,0.0
31874,4,0.10333333333333333
31884,4,0.08333333333333333
31887,4,0.06666666666666667
31892,4,0.22666666666666666
31895,4,0.05
31896,4,0.03666666666666667
31899,4,0.09666666666666666
31900,4,0.056666666666666664
31915,4,0.02666666666666667
31917,4,0.05
31918,4,0.01
31938,4,0.0
31943,4,0.05333333333333334
31946,4,0.08666666666666667
31948,4,0.023333333333333334
31949,4,0.007777777777777777
31957,4,0.06
31968,4,0.13
31970,4,0.14333333333333334
31972,4,0.023333333333333334
31974,4,0.038
31987,4,0.14
31989,4,0.19333333333333333
31993,4,0.056666666666666664
31996,4,0.03
31997,4,0.02
31998,4,0.06666666666666667
32011,4,0.04
32015,4,0.06333333333333334
32029,4,0.02666666666666667
32037,4,0.06
32050,4,0.02877777777777778
32053,4,0.016666666666666666
32056,4,0.05333333333333334
32061,4,0.02
32064,4,0.12666666666666668
32097,4,0.05
32109,4,0.09333333333333334
32113,4,0.028333333333333332
32120,4,0.11333333333333333
32123,4,0.016666666666666666
32124,4,0.03333333333333333
32140,4,0.043333333333333335
32147,4,0.0008333333333333334
32153,4,0.02
32154,4,0.03
32161,4,0.12232539682539685
32184,4,0.12144444444444445
32193,4,0.06666666666666667
32207,4,0.07
32216,4,0.21333333333333335
32218,4,0.043333333333333335
32220,4,0.11666666666666667
32224,4,0.4766666666666667
32236,4,0.0033333333333333335
32243,4,0.013333333333333334
32257,4,0.13333333333333333
32258,4,0.07666666666666666
32264,4,0.03
32271,4,0.02
32278,4,0.23333333333333334
32292,4,0.10666666666666667
32295,4,0.09
32313,4,0.04777777777777778
32318,4,0.006666666666666667
32321,4,0.01
32323,4,0.005833333333333334
32326,4,0.07
32327,4,0.11666666666666667
32330,4,0.11666666666666667
32339,4,0.0033333333333333335
32364,4,0.03333333333333333
32369,4,0.09
32371,4,0.11333333333333333
32372,4,0.12666666666666668
32373,4,0.14333333333333334
32379,4,0.0033333333333333335
32381,4,0.03666666666666667
32385,4,0.023333333333333334
32406,4,0.043333333333333335
32408,4,0.056666666666666664
32409,4,0.01111111111111111
32411,4,0.06666666666666667
32412,4,0.11510317460317462
32441,4,0.0033333333333333335
32442,4,0.03333333333333333
32443,4,0.09
32451,4,0.02
32459,4,0.1
32461,4,0.05333333333333334
32474,4,0.03166666666666667
32478,4,0.07333333333333333
32482,4,0.03666666666666667
32486,4,0.06133333333333333
32499,4,0.04
32501,4,0.013333333333333334
32509,4,0.05333333333333334
32513,4,0.023333333333333334
32514,4,0.07333333333333333
32515,4,0.02
32517,4,0.15333333333333332
32520,4,0.07666666666666666
32521,4,0.007777777777777778
32523,4,0.16333333333333333
32527,4,0.07333333333333333
32531,4,0.028333333333333332
32545,4,0.07666666666666666
32547,4,0.03666666666666667
32549,4,0.006666666666666667
32550,4,0.08266666666666667
32561,4,0.05333333333333334
32562,4,0.03333333333333333
32566,4,0.14666666666666667
32567,4,0.16666666666666666
32575,4,0.013333333333333334
32578,4,0.04
32583,4,0.031111111111111107
32585,4,0.09416666666666666
32587,4,0.03333333333333333
32590,4,0.006666666666666667
32600,4,0.03333333333333333
32616,4,0.02666666666666667
32618,4,0.18
32626,4,0.0033333333333333335
32628,4,0.02
32629,4,0.66
32635,4,0.04
32640,4,0.2
32649,4,0.04
32650,4,0.025
32659,4,0.006666666666666667
32663,4,0.05533333333333334
32680,4,0.13666666666666666
32681,4,0.19666666666666666
32682,4,0.16666666666666666
32689,4,0.013333333333333334
32715,4,0.19
32723,4,0.006666666666666667
32729,4,0.10666666666666667
32742,4,0.17666666666666667
32747,4,0.06333333333333334
32750,4,0.01
32754,4,0.26
32758,4,0.175
32761,4,0.03166666666666667
32763,4,0.20666666666666667
32765,4,0.06
32769,4,0.1366666666666667
32772,4,0.08
32774,4,0.17111111111111113
32776,4,0.29555555555555557
32790,4,0.058214285714285705
32795,4,0.013333333333333334
32801,4,0.08333333333333333
32820,4,0.02
32828,4,0.03833333333333333
32832,4,0.10666666666666667
32854,4,0.024333333333333332
32861,4,0.11666666666666667
32866,4,0.20777777777777778
32871,4,0.04972222222222222
32877,4,0.0033333333333333335
32878,4,0.06666666666666667
32881,4,0.0525
32888,4,0.034444444444444444
32890,4,0.02666666666666667
32892,4,0.043333333333333335
32902,4,0.04
32906,4,0.0033333333333333335
32909,4,0.14666666666666667
32910,4,0.05333333333333334
32916,4,0.07333333333333333
32917,4,0.016666666666666666
32929,4,0.01
32931,4,0.02666666666666667
32934,4,0.06
32940,4,0.06
32941,4,0.09
32942,4,0.05
32943,4,0.0033333333333333335
32947,4,0.13333333333333333
32948,4,0.13444444444444442
32952,4,0.13411111111111113
32954,4,0.06666666666666667
32960,4,0.10333333333333333
32961,4,0.01
32966,4,0.21666666666666667
32978,4,0.05
32986,4,0.09
32988,4,0.0275
32995,4,0.016666666666666666
33013,4,0.17583333333333334
33020,4,0.04583333333333333
33023,4,0.10905555555555556
33030,4,0.085
33043,4,0.14
33053,4,0.03
33057,4,0.15333333333333332
33059,4,0.1
33062,4,0.03344444444444444
33064,4,0.09333333333333334
33067,4,0.04444444444444444
33085,4,0.18333333333333332
33095,4,0.25
33104,4,0.006666666666666667
33106,4,0.19444444444444442
33119,4,0.016666666666666666
33120,4,0.022777777777777775
33121,4,0.03666666666666667
33125,4,0.03
33128,4,0.09666666666666666
33129,4,0.03333333333333333
33130,4,0.05111111111111111
33136,4,0.006666666666666667
33137,4,0.013333333333333334
33139,4,0.02666666666666667
33142,4,0.13
33145,4,0.02
33146,4,0.09
33149,4,0.07483333333333334
33151,4,0.053
33165,4,0.03666666666666667
33167,4,0.17666666666666667
33171,4,0.006666666666666667
33174,4,0.013333333333333334
33178,4,0.07088888888888889
33179,4,0.006666666666666667
33182,4,0.02
33191,4,0.09583333333333334
33195,4,0.02666666666666667
33196,4,0.31666666666666665
33198,4,0.05333333333333334
33203,4,0.01
33211,4,0.147
33218,4,0.006666666666666667
33220,4,0.06
33225,4,0.21956349206349207
33227,4,0.13333333333333333
33232,4,0.013333333333333334
33233,4,0.15
33235,4,0.06
33244,4,0.2535317460317461
33247,4,0.186
33248,4,0.11428571428571428
33250,4,0.27055555555555555
33256,4,0.07111111111111111
33272,4,0.025
33273,4,0.07
33275,4,0.07333333333333333
33279,4,0.01
33291,4,0.24333333333333335
33293,4,0.03
33298,4,0.24833333333333332
33304,4,0.05233333333333333
33316,4,0.12
33332,4,0.33666666666666667
33334,4,0.056666666666666664
33339,4,0.05333333333333334
33342,4,0.005
33344,4,0.08
33346,4,0.03333333333333333
33349,4,0.02
33353,4,0.011333333333333332
33374,4,0.17666666666666667
33378,4,0.1
33379,4,0.06
33386,4,0.25
33398,4,0.01
33405,4,0.15333333333333332
33422,4,0.06333333333333334
33428,4,0.08333333333333333
33436,4,0.0033333333333333335
33439,4,0.03666666666666667
33446,4,0.05333333333333334
33461,4,0.1
33464,4,0.01
33466,4,0.16555555555555554
33478,4,0.02
33480,4,0.058333333333333334
33490,4,0.04
33492,4,0.0033333333333333335
33494,4,0.04666666666666667
33502,4,0.04
33508,4,0.0
33518,4,0.05
33533,4,0.05333333333333334
33539,4,0.2376111111111111
33546,4,0.02
33547,4,0.009444444444444445
33551,4,0.02666666666666667
33552,4,0.02
33553,4,0.01
33556,4,0.0
33559,4,0.01
33562,4,0.01
33565,4,0.19333333333333333
33569,4,0.06111111111111111
33571,4,0.04111111111111111
33590,4,0.08
33591,4,0.14666666666666667
33594,4,0.006666666666666667
33597,4,0.016666666666666666
33598,4,0.0033333333333333335
33601,4,0.02
33607,4,0.01
33608,4,0.24
33622,4,0.10138888888888889
33635,4,0.06671031746031747
33639,4,0.12038888888888889
33645,4,0.13666666666666666
33648,4,0.07380952380952381
33654,4,0.016666666666666666
33657,4,0.056666666666666664
33660,4,0.08
33666,4,0.02666666666666667
33667,4,0.03666666666666667
33669,4,0.018333333333333333
33673,4,0.13
33678,4,0.0
33681,4,0.06666666666666667
33690,4,0.06333333333333334
33697,4,0.15811904761904763
33704,4,0.15
33714,4,0.1
33716,4,0.03
33722,4,0.40222222222222226
33726,4,0.0033333333333333335
33727,4,0.043333333333333335
33731,4,0.25666666666666665
33732,4,0.061448412698412704
33733,4,0.05380952380952381
33735,4,0.03666666666666667
33737,4,0.07333333333333333
33752,4,0.10583333333333333
33753,4,0.05333333333333334
33755,4,0.006666666666666667
33770,4,0.09333333333333334
33776,4,0.08
33778,4,0.11825396825396825
33785,4,0.01
33793,4,0.1
33797,4,0.2833333333333333
33798,4,0.21
33800,4,0.1075
33806,4,0.02666666666666667
33811,4,0.01
33820,4,0.12666666666666668
33823,4,0.17666666666666667
33825,4,0.19777777777777777
33827,4,0.08600000000000001
33829,4,0.19777777777777777
33842,4,0.01
33853,4,0.05333333333333334
33856,4,0.02
33868,4,0.09
33870,4,0.016666666666666666
33892,4,0.04083333333333333
33902,4,0.09182539682539682
33927,4,0.08
33929,4,0.13666666666666666
33932,4,0.1
33935,4,0.07384126984126983
33939,4,0.04666666666666667
33948,4,0.04
33949,4,0.023333333333333334
33963,4,0.02666666666666667
33964,4,0.013166666666666667
33966,4,0.006666666666666667
33967,4,0.016666666666666666
33971,4,0.14
33974,4,0.10666666666666667
33989,4,0.38166666666666665
33990,4,0.04666666666666667
33996,4,0.03666666666666667
33997,4,0.08333333333333333
34006,4,0.056666666666666664
34011,4,0.15166666666666667
34014,4,0.06
34015,4,0.17166666666666666
34020,4,0.13566666666666666
34039,4,0.06
34042,4,0.15333333333333332
34046,4,0.07722222222222222
34054,4,0.075
34055,4,0.13666666666666666
34062,4,0.016666666666666666
34068,4,0.04666666666666667
34069,4,0.13666666666666666
34072,4,0.07
34103,4,0.013333333333333334
34106,4,0.15583333333333332
34117,4,0.04666666666666667
34125,4,0.24666666666666667
34127,4,0.21
34132,4,0.07
34134,4,0.006666666666666667
34135,4,0.03666666666666667
34150,4,0.20166666666666666
34160,4,0.03
34172,4,0.09833333333333333
34183,4,0.03666666666666667
34192,4,0.11777777777777779
34193,4,0.57
34200,4,0.03333333333333333
34211,4,0.05
34221,4,0.11333333333333333
34227,4,0.07
34228,4,0.11666666666666667
34230,4,0.12633333333333335
34232,4,0.04666666666666667
34238,4,0.01
34241,4,0.18333333333333332
34244,4,0.04666666666666667
34256,4,0.05
34257,4,0.1
34260,4,0.06333333333333334
34267,4,0.42333333333333334
34279,4,0.14333333333333334
34287,4,0.02
34289,4,0.06333333333333334
34299,4,0.04
34311,4,0.22333333333333333
34316,4,0.12
34318,4,0.07
34335,4,0.07333333333333333
34336,4,0.056666666666666664
34351,4,0.043333333333333335
34355,4,0.043333333333333335
34361,4,0.014166666666666666
34369,4,0.06333333333333334
34373,4,0.06
34374,4,0.006666666666666667
34380,4,0.05333333333333334
34388,4,0.02666666666666667
34395,4,0.03
34402,4,0.043333333333333335
34403,4,0.09
34410,4,0.10333333333333333
34423,4,0.09866666666666667
34427,4,0.23666666666666666
34437,4,0.19
34439,4,0.11111111111111109
34440,4,0.03
34445,4,0.016666666666666666
34448,4,0.056666666666666664
34459,4,0.04666666666666667
34460,4,0.04
34464,4,0.365
34467,4,0.031111111111111114
34472,4,0.05
34475,4,0.13
34478,4,0.016666666666666666
34481,4,0.023333333333333334
34482,4,0.1
34491,4,0.03833333333333333
34504,4,0.023333333333333334
34515,4,0.03
34528,4,0.39
34535,4,0.04633333333333334
34536,4,0.01
34545,4,0.13333333333333333
34548,4,0.09111111111111111
34552,4,0.01
34554,4,0.02666666666666667
34565,4,0.2
34569,4,0.013333333333333334
34578,4,0.02
34580,4,0.04666666666666667
34584,4,0.013333333333333334
34587,4,0.05333333333333334
34588,4,0.41
34590,4,0.013333333333333334
34601,4,0.0
34603,4,0.04027777777777778
34610,4,0.08166666666666667
34623,4,0.05
34630,4,0.11
34639,4,0.043333333333333335
34651,4,0.18666666666666668
34654,4,0.05466666666666666
34683,4,0.06
34686,4,0.03666666666666667
34697,4,0.031111111111111114
34698,4,0.24
34699,4,0.09333333333333334
34700,4,0.09333333333333334
34703,4,0.016666666666666666
34714,4,0.04
34724,4,0.006666666666666667
34725,4,0.33
34728,4,0.056666666666666664
34741,4,0.02
34749,4,0.01
34771,4,0.008888888888888889
34776,4,0.02
34789,4,0.023333333333333334
34790,4,0.06
34803,4,0.09333333333333334
34814,4,0.21666666666666667
34826,4,0.12
34833,4,0.11
34839,4,0.61
34848,4,0.17666666666666667
34851,4,0.36666666666666664
34854,4,0.0275
34881,4,0.03666666666666667
34882,4,0.16333333333333333
34888,4,0.2633333333333333
34895,4,0.09
34898,4,0.023333333333333334
34899,4,0.13333333333333333
34906,4,0.2
34916,4,0.10333333333333333
34927,4,0.03
34929,4,0.2733333333333333
34933,4,0.31666666666666665
34941,4,0.08
34947,4,0.06
34963,4,0.2388888888888889
34966,4,0.44333333333333336
34985,4,0.06
34986,4,0.1
34990,4,0.06333333333333334
35005,4,0.18
35010,4,0.17666666666666667
35016,4,0.043333333333333335
35024,4,0.10333333333333333
35027,4,0.07333333333333333
35031,4,0.08666666666666667
35032,4,0.21666666666666667
35059,4,0.2833333333333333
35062,4,0.45166666666666666
35075,4,0.03333333333333333
35078,4,0.06333333333333334
35085,4,0.02288888888888889
35090,4,0.10333333333333333
35099,4,0.14
35101,4,0.19560317460317453
35117,4,0.11
35120,4,0.21166666666666667
35122,4,0.09
35125,4,0.07277777777777779
35127,4,0.06666666666666667
35132,4,0.1
35140,4,0.17
35141,4,0.08333333333333333
35142,4,0.19333333333333333
35150,4,0.2
35160,4,0.12333333333333334
35168,4,0.16666666666666666
35172,4,0.41
35174,4,0.08333333333333333
35176,4,0.06
35180,4,0.04666666666666667
35194,4,0.013333333333333334
35201,4,0.13333333333333333
35213,4,0.29
35214,4,0.11
35216,4,0.24333333333333335
35226,4,0.19333333333333333
35230,4,0.06666666666666667
35238,4,0.18333333333333332
35244,4,0.19
35245,4,0.09666666666666666
35255,4,0.06666666666666667
35257,4,0.05
35258,4,0.03
35264,4,0.02
35265,4,0.055
35266,4,0.09333333333333334
35287,4,0.07833333333333334
35294,4,0.11
35307,4,0.06333333333333334
35313,4,0.023333333333333334
35319,4,0.03
35332,4,0.03
35340,4,0.18
35353,4,0.23666666666666666
35357,4,0.19
35362,4,0.13333333333333333
35363,4,0.32166666666666666
35367,4,0.12333333333333334
35373,4,0.055
35376,4,0.013333333333333334
35378,4,0.1272222222222222
35385,4,0.265
35389,4,0.18
35390,4,0.11666666666666667
35397,4,0.09777777777777777
35399,4,0.16
35402,4,0.07333333333333333
35421,4,0.05
35422,4,0.013333333333333334
35436,4,0.06333333333333334
35442,4,0.020722222222222222
35445,4,0.08
35469,4,0.01
35476,4,0.08222222222222221
35488,4,0.26666666666666666
35493,4,0.08944444444444444
35495,4,0.25666666666666665
35498,4,0.07611111111111112
35500,4,0.013333333333333334
35507,4,0.11777777777777779
35509,4,0.15677777777777777
35534,4,0.4166666666666667
35535,4,0.6746666666666666
35551,4,0.12333333333333334
35554,4,0.15666666666666668
35558,4,0.013333333333333334
35563,4,0.09333333333333334
35571,4,0.22333333333333333
35573,4,0.08666666666666667
35578,4,0.14833333333333334
35583,4,0.14
35592,4,0.38222222222222224
35594,4,0.16333333333333333
35599,4,0.02
35612,4,0.10777777777777776
35613,4,0.13
35616,4,0.085
35617,4,0.2
35623,4,0.0911111111111111
35650,4,0.023333333333333334
35653,4,0.06666666666666667
35668,4,0.4533333333333333
35677,4,0.18
35679,4,0.06
35691,4,0.01
35706,4,0.2966666666666667
35712,4,0.016666666666666666
35723,4,0.07
35733,4,0.03
35757,4,0.12166666666666667
35758,4,0.15666666666666668
35761,4,0.02
35783,4,0.19
35796,4,0.06
35797,4,0.056666666666666664
35803,4,0.08361111111111111
35810,4,0.48333333333333334
35836,4,0.16333333333333333
35853,4,0.20666666666666667
35868,4,0.21222222222222223
35870,4,0.18333333333333332
35881,4,0.2866666666666667
35899,4,0.06666666666666667
35904,4,0.05333333333333334
35906,4,0.14333333333333334
35908,4,0.056666666666666664
35909,4,0.09
35912,4,0.08
35928,4,0.17
35932,4,0.3616666666666667
35942,4,0.17666666666666667
35959,4,0.12333333333333334
35964,4,0.13
35972,4,0.17555555555555558
35973,4,0.31333333333333335
35974,4,0.10666666666666667
35982,4,0.1
35984,4,0.09
35987,4,0.0644047619047619
36011,4,0.015238095238095238
36020,4,0.19
36028,4,0.31
36031,4,0.23666666666666666
36034,4,0.10461111111111111
36036,4,0.16166666666666665
36038,4,0.06
36041,4,0.06666666666666667
36042,4,0.14166666666666666
36045,4,0.09722222222222222
36054,4,0.07666666666666666
36059,4,0.13666666666666666
36091,4,0.19222222222222224
36113,4,0.1475
36116,4,0.17
36122,4,0.19333333333333333
36126,4,0.13706349206349208
36129,4,0.16805555555555554
36131,4,0.16805555555555554
36133,4,0.15916666666666668
36136,4,0.5388888888888889
36150,4,0.14666666666666667
36151,4,0.25
36160,4,0.10333333333333333
36164,4,0.5733333333333334
36180,4,0.1
36187,4,0.08833333333333333
36190,4,0.13
36200,4,0.08333333333333333
36210,4,0.056666666666666664
36216,4,0.14666666666666667
36220,4,0.07666666666666666
36222,4,0.08
36233,4,0.14666666666666667
36242,4,0.3115555555555556
36255,4,0.5833333333333334
36256,4,0.32638888888888884
36274,4,0.57
36276,4,0.49
36280,4,0.51
36285,4,0.4
36289,4,0.31
36291,4,0.6566666666666666
36304,4,0.42866666666666664
36313,4,0.05333333333333334
36329,4,0.49666666666666665
36332,4,0.22
36335,4,0.06333333333333334
36337,4,0.0811111111111111
36346,4,0.3
36367,4,0.2966666666666667
36370,4,0.10666666666666667
36373,4,0.32666666666666666
36383,4,0.17333333333333334
36386,4,0.11333333333333333
36389,4,0.15666666666666668
36401,4,0.66
36402,4,0.11777777777777776
36409,4,0.05333333333333334
36410,4,0.06
36415,4,0.5066666666666667
36419,4,0.5033333333333333
36420,4,0.41777777777777775
36422,4,0.1
36424,4,0.4266666666666667
36427,4,0.38333333333333336
36428,4,0.8066666666666666
36431,4,0.3595555555555556
36451,4,0.22555555555555554
36469,4,0.2927777777777778
36477,4,0.45666666666666667
36482,4,0.18333333333333332
36487,4,0.21333333333333335
36489,4,0.16333333333333333
36498,4,0.20222222222222225
36501,4,0.20222222222222225
36504,4,0.32
36511,4,0.22583333333333333
36516,4,0.1766111111111111
36519,4,0.17333333333333334
36530,4,0.43666666666666665
36540,4,0.7466666666666667
36548,4,0.22333333333333333
36562,4,0.76
36565,4,0.6033333333333334
36579,4,0.4166666666666667
36586,4,0.25166666666666665
36590,4,0.4866666666666667
36591,4,0.5966666666666667
36595,4,0.3933333333333333
36598,4,0.21333333333333335
36601,4,0.39
36604,4,0.22333333333333333
36612,4,0.5911111111111111
36620,4,0.38333333333333336
36622,4,0.25666666666666665
36636,4,0.37333333333333335
36639,4,0.21427777777777776
36645,4,0.148
36647,4,0.3038888888888889
36648,4,0.20666666666666667
36651,4,0.1761111111111111
36654,4,0.6866666666666666
36663,4,0.58
36664,4,0.19666666666666666
36668,4,0.22666666666666666
36674,4,0.44666666666666666
36679,4,0.19666666666666666
36681,4,0.8633333333333333
36683,4,0.5483333333333333
36692,4,0.24833333333333332
36693,4,0.08333333333333333
36706,4,0.3888888888888889
36719,4,0.5866666666666667
36725,4,0.8
36736,4,0.8633333333333333
36739,4,0.37666666666666665
36747,4,0.25333333333333335
36753,4,0.5933333333333334
36758,4,0.416
36768,4,0.245
36773,4,0.2966666666666667
36783,4,0.6033333333333334
36784,4,0.13666666666666666
36786,4,0.4666666666666667
36799,4,0.315
36800,4,0.5366666666666666
36809,4,0.155
36812,4,0.37333333333333335
36818,4,0.14933333333333332
36828,4,0.52
36831,4,0.54
36833,4,0.48
36836,4,0.18666666666666668
36840,4,0.31333333333333335
36846,4,0.40111111111111114
36847,4,0.24
36852,4,0.10833333333333334
36856,4,0.08333333333333333
36869,4,0.6733333333333333
36878,4,0.7066666666666667
36888,4,0.26
36914,4,0.4533333333333333
36918,4,0.11666666666666667
36925,4,0.185
36929,4,0.29333333333333333
36939,4,0.3433333333333333
36948,4,0.6033333333333334
36949,4,0.6966666666666667
36962,4,0.27
36977,4,0.5866666666666667
36986,4,0.41
36989,4,0.44
37025,4,0.21666666666666667
37037,4,0.37222222222222223
37044,4,0.45166666666666666
37045,4,0.31666666666666665
37049,4,0.4766666666666667
37051,4,0.22
37053,4,0.5214285714285715
37057,4,0.38333333333333336
37059,4,0.3646666666666667
37067,4,0.25333333333333335
37093,4,0.595
37103,4,0.48
37105,4,0.24
37107,4,0.4166666666666667
37110,4,0.29333333333333333
37117,4,0.2855555555555555
37123,4,0.2966666666666667
37133,4,0.24333333333333335
37140,4,0.6333333333333333
37141,4,0.46
37142,4,0.74
37147,4,0.2758333333333333
37158,4,0.34
37159,4,0.24861111111111114
37163,4,0.5733333333333334
37166,4,0.27166666666666667
37168,4,0.2
37173,4,0.28833333333333333
37180,4,0.31333333333333335
37182,4,0.405
37187,4,0.36833333333333335
37204,4,0.302
37207,4,0.5466666666666666
37232,4,0.64
37239,4,0.59
37241,4,0.21166666666666667
37244,4,0.21333333333333335
37247,4,0.6047222222222223
37248,4,0.19666666666666666
37260,4,0.25
37263,4,0.20333333333333334
37264,4,0.63
37267,4,0.19555555555555557
37269,4,0.19166666666666668
37271,4,0.25666666666666665
37275,4,0.26222222222222225
37276,4,0.43666666666666665
37278,4,0.18666666666666668
37280,4,0.27
37306,4,0.18
37316,4,0.3
37325,4,0.14583333333333334
37330,4,0.06333333333333334
37336,4,0.2922222222222222
37338,4,0.42
37345,4,0.43
37348,4,0.21
37349,4,0.30777777777777776
37350,4,0.3433333333333333
37351,4,0.2966666666666667
37354,4,0.09666666666666666
37362,4,0.23666666666666666
37375,4,0.2125
37379,4,0.17533333333333334
37384,4,0.3393333333333334
37386,4,0.49
37391,4,0.19916666666666666
37397,4,0.3888730158730159
37398,4,0.3102777777777778
37403,4,0.21
37417,4,0.2733333333333333
37418,4,0.5466666666666666
37420,4,0.41
37428,4,0.32666666666666666
37429,4,0.81
37432,4,0.34861111111111115
37433,4,0.44
37436,4,0.30916666666666665
37438,4,0.5933333333333334
37442,4,0.64
37443,4,0.2833333333333333
37460,4,0.38
37464,4,0.15533333333333335
37468,4,0.5833333333333334
37469,4,0.29333333333333333
37474,4,0.24833333333333332
37481,4,0.45416666666666666
37487,4,0.3268888888888889
37500,4,0.18388888888888888
37506,4,0.2791666666666667
37509,4,0.38333333333333336
37514,4,0.08
37520,4,0.3149444444444444
37525,4,0.33555555555555555
37541,4,0.31833333333333336
37542,4,0.33655555555555555
37545,4,0.2633333333333333
37551,4,0.5833333333333334
37556,4,0.16
37569,4,0.5914285714285715
37573,4,0.7014444444444444
37575,4,0.21333333333333335
37582,4,0.38
37585,4,0.49666666666666665
37603,4,0.14666666666666667
37606,4,0.19333333333333333
37609,4,0.10666666666666667
37611,4,0.16333333333333333
37614,4,0.06333333333333334
37616,4,0.37666666666666665
37619,4,0.04666666666666667
37632,4,0.16333333333333333
37633,4,0.7533333333333333
37638,4,0.25388888888888883
37642,4,0.4061111111111111
37644,4,0.33166666666666667
37656,4,0.1822222222222222
37661,4,0.36
37667,4,0.2683333333333333
37676,4,0.2833333333333333
37700,4,0.4247222222222222
37710,4,0.7366666666666667
37714,4,0.5333333333333333
37718,4,0.17
37720,4,0.1675
37722,4,0.13
37723,4,0.10333333333333333
37724,4,0.36
37750,4,0.18
37754,4,0.19333333333333333
37755,4,0.25333333333333335
37775,4,0.1628888888888889
37784,4,0.20666666666666667
37789,4,0.7166666666666667
37807,4,0.26
37822,4,0.43
37827,4,0.6433333333333333
37829,4,0.4533333333333333
37847,4,0.06333333333333334
37851,4,0.37333333333333335
37857,4,0.4166666666666667
37869,4,0.25
37870,4,0.27
37879,4,0.38666666666666666
37888,4,0.26
37901,4,0.31155555555555553
37904,4,0.3832222222222222
37911,4,0.2733333333333333
37914,4,0.19666666666666666
37919,4,0.41
37920,4,0.24316666666666667
37924,4,0.3433333333333333
37928,4,0.5603333333333333
37929,4,0.44611111111111107
37932,4,0.42277777777777775
37933,4,0.7766666666666666
37941,4,0.265
37945,4,0.21222222222222223
37947,4,0.46644444444444444
37956,4,0.4866666666666667
37959,4,0.27944444444444444
37960,4,0.25
37962,4,0.19666666666666666
37971,4,0.34
37979,4,0.19
37985,4,0.10028571428571427
37993,4,0.25666666666666665
38002,4,0.7033333333333334
38003,4,0.44
38009,4,0.30577777777777776
38013,4,0.26577777777777783
38018,4,0.25
38022,4,0.23733333333333334
38024,4,0.38333333333333336
38030,4,0.2633333333333333
38037,4,0.5666666666666667
38038,4,0.19161111111111112
38040,4,0.20555555555555555
38051,4,0.5966666666666667
38054,4,0.5483333333333333
38069,4,0.38
38073,4,0.38333333333333336
38074,4,0.39155555555555555
38075,4,0.58
38077,4,0.64
38083,4,0.4
38097,4,0.32633333333333336
38102,4,0.19266666666666665
38110,4,0.36833333333333335
38115,4,0.41
38119,4,0.29
38121,4,0.26
38123,4,0.2
38158,4,0.6
38159,4,0.59
38163,4,0.11333333333333333
38171,4,0.5933333333333334
38173,4,0.5866666666666667
38178,4,0.2877777777777778
38198,4,0.3082777777777778
38203,4,0.16444444444444442
38207,4,0.23333333333333334
38211,4,0.41333333333333333
38212,4,0.7166666666666667
38217,4,0.08
38231,4,0.26166666666666666
38236,4,0.44
38238,4,0.5133333333333333
38246,4,0.258015873015873
38250,4,0.6933333333333334
38258,4,0.32666666666666666
38262,4,0.2431111111111111
38274,4,0.7633333333333333
38282,4,0.4166666666666667
38301,4,0.17
38302,4,0.38666666666666666
38312,4,0.6966666666666667
38319,4,0.5433333333333333
38328,4,0.32166666666666666
38331,4,0.3047777777777778
38334,4,0.62
38335,4,0.43555555555555553
38338,4,0.22777777777777777
38348,4,0.49333333333333335
38349,4,0.5233333333333333
38372,4,0.155
38373,4,0.5053333333333333
38376,4,0.23166666666666666
38381,4,0.30333333333333334
38382,4,0.15444444444444444
38383,4,0.1811111111111111
38385,4,0.22333333333333333
38386,4,0.5519999999999999
38391,4,0.061111111111111116
38392,4,0.40977777777777774
38397,4,0.15936507936507938
38399,4,0.5517222222222222
38403,4,0.4266666666666667
38404,4,0.3203888888888889
38413,4,0.6538888888888889
38415,4,0.5266666666666666
38416,4,0.20666666666666667
38424,4,0.3044444444444444
38428,4,0.8533333333333334
38445,4,0.7566666666666667
38449,4,0.4525
38464,4,0.24333333333333335
38466,4,0.46
38470,4,0.345
38481,4,0.29333333333333333
38488,4,0.35
38502,4,0.2986111111111111
38503,4,0.2252222222222222
38514,4,0.35
38516,4,0.36444444444444446
38518,4,0.3144444444444444
38543,4,0.6266666666666667
38544,4,0.43
38549,4,0.4010555555555556
38555,4,0.64
38559,4,0.4
38560,4,0.30333333333333334
38574,4,0.5966666666666667
38579,4,0.49333333333333335
38585,4,0.5833333333333334
38588,4,0.6733333333333333
38595,4,0.6733333333333333
38598,4,0.33444444444444443
38609,4,0.5093333333333334
38623,4,0.5233333333333333
38632,4,0.25
38634,4,0.13333333333333333
38637,4,0.49666666666666665
38638,4,0.23333333333333334
38647,4,0.33
38650,4,0.49
38655,4,0.31333333333333335
38682,4,0.73
38684,4,0.49
38688,4,0.4127777777777778
38689,4,0.5833333333333334
38695,4,0.2866666666666667
38702,4,0.41333333333333333
38705,4,0.73
38707,4,0.4373333333333333
38709,4,0.3744444444444444
38710,4,0.7333333333333333
38720,4,0.8733333333333333
38726,4,0.7433333333333333
38730,4,0.15
38738,4,0.3466666666666667
38755,4,0.8233333333333334
38757,4,0.33666666666666667
38770,4,0.5169444444444444
38775,4,0.5741666666666667
38783,4,0.795
38791,4,0.5733333333333334
38793,4,0.3838888888888889
38803,4,0.36666666666666664
38812,4,0.77
38815,4,0.4977777777777777
38820,4,0.8066666666666666
38824,4,0.5333333333333333
38825,4,0.83
38832,4,0.6566666666666666
38843,4,0.63
38850,4,0.03666666666666667
38854,4,0.20333333333333334
38862,4,0.32666666666666666
38863,4,0.6
38876,4,0.36611111111111116
38879,4,0.17666666666666667
38882,4,0.15666666666666668
38889,4,0.31
38900,4,0.48
38908,4,0.29833333333333334
38911,4,0.6633333333333333
38913,4,0.35333333333333333
38917,4,0.54
38930,4,0.73
38931,4,0.6733333333333333
38933,4,0.23666666666666666
38939,4,0.5283333333333333
38942,4,0.38666666666666666
38950,4,0.12
38956,4,0.22
38968,4,0.5427777777777778
38969,4,0.5633333333333334
38983,4,0.5386666666666666
38988,4,0.6133333333333333
38997,4,0.37666666666666665
38999,4,0.502
39012,4,0.4766666666666667
39014,4,0.8175
39019,4,0.3655555555555556
39030,4,0.53
39043,4,0.606
39048,4,0.7233333333333334
39058,4,0.6733333333333333
39060,4,0.36011111111111116
39062,4,0.22666666666666666
39063,4,0.3333333333333333
39070,4,0.37666666666666665
39072,4,0.32355555555555554
39084,4,0.7666666666666667
39090,4,0.41333333333333333
39100,4,0.43666666666666665
39103,4,0.5966666666666667
39104,4,0.5366666666666666
39105,4,0.5277777777777777
39106,4,0.5633333333333334
39109,4,0.4266666666666667
39115,4,0.4508333333333333
39133,4,0.5183333333333333
39155,4,0.4622222222222223
39165,4,0.38688888888888895
39169,4,0.5116666666666667
39172,4,0.21555555555555553
39173,4,0.4294444444444444
39176,4,0.41333333333333333
39185,4,0.4766666666666667
39187,4,0.5516666666666666
39190,4,0.33666666666666667
39192,4,0.3977777777777778
39195,4,0.5133333333333333
39197,4,0.6983333333333334
39205,4,0.4177777777777778
39208,4,0.79
39216,4,0.79
39223,4,0.7430555555555555
39231,4,0.7733333333333333
39239,4,0.39494444444444443
39245,4,0.825
39258,4,0.8833333333333333
39259,4,0.5722222222222222
39263,4,0.21555555555555553
39265,4,0.37777777777777777
39266,4,0.41333333333333333
39267,4,0.48
39268,4,0.5066666666666667
39270,4,0.27666666666666667
39272,4,0.8233333333333334
39280,4,0.5133333333333333
39285,4,0.4666666666666667
39289,4,0.38666666666666666
39291,4,0.92
39298,4,0.38
39301,4,0.6966666666666667
39304,4,0.365
39317,4,0.7091666666666666
39320,4,0.41333333333333333
39326,4,0.7966666666666666
39328,4,0.7966666666666666
39336,4,0.8833333333333333
39342,4,0.5133333333333333
39362,4,0.3021666666666667
39363,4,0.2633333333333333
39372,4,0.38333333333333336
39373,4,0.8233333333333334
39375,4,0.3308333333333333
39379,4,0.63
39388,4,0.5320555555555555
39389,4,0.85
39393,4,0.46111111111111114
39402,4,0.2866666666666667
39416,4,0.7866666666666666
39417,4,0.7891666666666667
39427,4,0.2866666666666667
39430,4,0.26666666666666666
39441,4,0.24
39448,4,0.67
39471,4,0.6333333333333333
39474,4,0.36333333333333334
39475,4,0.65
39479,4,0.455
39486,4,0.81
39498,4,0.83
39509,4,0.46
39511,4,0.6066666666666667
39520,4,0.5533333333333333
39527,4,0.3991666666666666
39529,4,0.68
39530,4,0.6933333333333334
39534,4,0.6905555555555555
39544,4,0.3288888888888889
39559,4,0.43666666666666665
39576,4,0.83
39579,4,0.7266666666666667
39581,4,0.7966666666666666
39583,4,0.18666666666666668
39585,4,0.616
39589,4,0.9333333333333333
39592,4,0.5666666666666667
39597,4,0.42222222222222217
39601,4,0.4066666666666667
39615,4,0.59
39616,4,0.8433333333333334
39619,4,0.71
39621,4,0.43666666666666665
39630,4,0.4972222222222222
39631,4,0.16333333333333333
39637,4,0.7533333333333333
39638,4,0.8366666666666667
39639,4,0.8866666666666667
39642,4,0.4122222222222222
39652,4,0.8066666666666666
39655,4,0.9266666666666666
39658,4,0.9633333333333334
39659,4,0.7966666666666666
39666,4,0.9533333333333334
39674,4,0.8533333333333334
39679,4,0.5366666666666666
39682,4,0.86
39689,4,0.3933333333333333
39690,4,0.66
39693,4,0.6433333333333333
39705,4,0.7766666666666666
39709,4,0.6983333333333334
39714,4,0.5633333333333334
39717,4,0.7816666666666666
39722,4,0.53
39737,4,0.5016666666666667
39738,4,0.7333333333333333
39746,4,0.39666666666666667
39749,4,0.48
39759,4,0.48
39772,4,0.4766666666666667
39773,4,0.5066666666666667
39784,4,0.42333333333333334
39793,4,0.27
39801,4,0.09
39816,4,0.07666666666666666
39823,4,0.7066666666666667
39841,4,0.68
39847,4,0.6046666666666667
39851,4,0.6666666666666666
39865,4,0.6566666666666666
39866,4,0.83
39869,4,0.31
39870,4,0.6533333333333333
39872,4,0.7733333333333333
39880,4,0.6733333333333333
39882,4,0.6133333333333333
39884,4,0.06666666666666667
39901,4,0.7766666666666666
39909,4,0.28
39910,4,0.2913888888888889
39915,4,0.7866666666666666
39919,4,0.9033333333333333
39921,4,0.37
39928,4,0.38
39935,4,0.08666666666666667
39936,4,0.056666666666666664
39939,4,0.45
39947,4,0.5933333333333334
39965,4,0.5266666666666666
39966,4,0.7
39971,4,0.38666666666666666
39974,4,0.8566666666666667
39981,4,0.7866666666666666
39987,4,0.03666666666666667
39989,4,0.49333333333333335
39990,4,0.22333333333333333
39993,4,0.6666666666666666
39998,4,0.87
40015,4,0.8533333333333334
40022,4,0.43666666666666665
40023,4,0.5366666666666666
40036,4,0.25333333333333335
40038,4,0.7266666666666667
40041,4,0.36222222222222217
40047,4,0.03666666666666667
40055,4,0.8633333333333333
40063,4,0.6066666666666667
40064,4,0.7366666666666667
40066,4,0.5233333333333333
40077,4,0.3566666666666667
40080,4,0.5433333333333333
40082,4,0.5166666666666667
40099,4,0.6933333333333334
40103,4,0.8166666666666667
40105,4,0.6866666666666666
40113,4,0.8266666666666667
40119,4,0.7866666666666666
40125,4,0.7866666666666666
40128,4,0.7466666666666667
40138,4,0.74
40140,4,0.8033333333333333
40175,4,0.3566666666666667
40186,4,0.7266666666666667
40191,4,0.19666666666666666
40195,4,0.77
40202,4,0.5633333333333334
40210,4,0.79
40213,4,0.09333333333333334
40217,4,0.39
40218,4,0.4741666666666667
40226,4,0.9
40241,4,0.5433333333333333
40251,4,0.43666666666666665
40252,4,0.03666666666666667
40256,4,0.06666666666666667
40258,4,0.54
40265,4,0.33666666666666667
40266,4,0.67
40267,4,0.08333333333333333
40270,4,0.9566666666666667
40271,4,0.93
40283,4,0.5166666666666667
40295,4,0.5333333333333333
40310,4,0.30666666666666664
40314,4,0.23333333333333334
40316,4,0.5266666666666666
40332,4,0.6333333333333333
40336,4,0.84
40338,4,0.34
40345,4,0.768888888888889
40350,4,0.31333333333333335
40351,4,0.7433333333333333
40354,4,0.55
40364,4,0.8966666666666666
40366,4,0.7166666666666667
40374,4,0.5733333333333334
40375,4,0.6033333333333334
40381,4,0.9266666666666666
40386,4,0.8166666666666667
40387,4,0.88
40395,4,0.8333333333333334
40400,4,0.6
40405,4,0.4533333333333333
40406,4,0.5833333333333334
40408,4,0.4866666666666667
40413,4,0.9033333333333333
40416,4,0.9566666666666667
40417,4,0.8866666666666667
40424,4,0.37333333333333335
40440,4,0.5522222222222222
40442,4,0.7866666666666666
40443,4,0.06666666666666667
40445,4,0.43333333333333335
40447,4,0.8533333333333334
40449,4,0.3333333333333333
40452,4,0.88
40457,4,0.7733333333333333
40463,4,0.72
40477,4,0.27666666666666667
40488,4,0.45666666666666667
40489,4,0.57
40495,4,0.8233333333333334
40497,4,0.5833333333333334
40504,4,0.84
40521,4,0.19666666666666666
40523,4,0.07
40528,4,0.043333333333333335
40537,4,0.06333333333333334
40543,4,0.48
40549,4,0.21333333333333335
40554,4,0.3466666666666667
40560,4,0.3466666666666667
40568,4,0.2
40569,4,0.49333333333333335
40570,4,0.56
40578,4,0.09333333333333334
40585,4,0.4166666666666667
40586,4,0.9666666666666667
40605,4,0.6966666666666667
40612,4,0.37833333333333335
40613,4,0.7666666666666667
40614,4,0.11666666666666667
40620,4,0.4866666666666667
40623,4,0.11
40624,4,0.47
40627,4,0.57
40629,4,0.05333333333333334
40650,4,0.5133333333333333
40655,4,0.17
40656,4,0.7733333333333333
40666,4,0.08333333333333333
40690,4,0.6666666666666666
40694,4,0.04666666666666667
40700,4,0.5033333333333333
40702,4,0.81
40709,4,0.7366666666666667
40732,4,0.4633333333333333
40736,4,0.7966666666666666
40745,4,0.5
40750,4,0.27
40754,4,0.6133333333333333
40758,4,0.5466666666666666
40765,4,0.7166666666666667
40770,4,0.43
40775,4,0.06333333333333334
40776,4,0.14
40777,4,0.07666666666666666
40788,4,0.21
40793,4,0.7733333333333333
40794,4,0.91
40798,4,0.45666666666666667
40800,4,0.35833333333333334
40807,4,0.4066666666666667
40814,4,0.44
40818,4,0.5066666666666667
40821,4,0.5266666666666666
40822,4,0.84
40827,4,0.043333333333333335
40828,4,0.5233333333333333
40829,4,0.08333333333333333
40840,4,0.14
40845,4,0.87
40852,4,0.6866666666666666
40855,4,0.93
40856,4,0.4033333333333333
40865,4,0.17
40868,4,0.5866666666666667
40879,4,0.42333333333333334
40881,4,0.44666666666666666
40884,4,0.7766666666666666
40895,4,0.4766666666666667
40905,4,0.4483333333333333
40915,4,0.3433333333333333
40925,4,0.18333333333333332
40930,4,0.5766666666666667
40944,4,0.23333333333333334
40947,4,0.55
40951,4,0.74
40952,4,0.4
40973,4,0.7133333333333334
40986,4,0.58
40993,4,0.36
40994,4,0.66
40995,4,0.49333333333333335
41003,4,0.8833333333333333
41006,4,0.9233333333333333
41017,4,0.8566666666666667
41022,4,0.5766666666666667
41029,4,0.43
41031,4,0.6366666666666667
41042,4,0.6833333333333333
41046,4,0.46
41066,4,0.12111111111111111
41075,4,0.435
41078,4,0.6233333333333333
41086,4,0.75
41088,4,0.5466666666666666
41090,4,0.62
41097,4,0.84
41101,4,0.59
41105,4,0.21
41120,4,0.6683333333333333
41121,4,0.27666666666666667
41129,4,0.42
41137,4,0.15
41140,4,0.40249999999999997
41145,4,0.47
41146,4,0.485
41148,4,0.48722222222222217
41151,4,0.75
41167,4,0.5983333333333334
41176,4,0.44
41180,4,0.5633333333333334
41181,4,0.7308333333333333
2,5,0.0033333333333333335
7,5,0.01
8,5,0.016666666666666666
10,5,0.01
23,5,0.006666666666666667
28,5,0.02666666666666667
29,5,0.0033333333333333335
31,5,0.006666666666666667
34,5,0.0033333333333333335
36,5,0.006666666666666667
37,5,0.06333333333333334
39,5,0.016666666666666666
41,5,0.05
43,5,0.0033333333333333335
45,5,0.0033333333333333335
46,5,0.0033333333333333335
53,5,0.04
54,5,0.0033333333333333335
72,5,0.0
73,5,0.0033333333333333335
76,5,0.02
96,5,0.0016666666666666668
99,5,0.013333333333333334
113,5,0.023333333333333334
114,5,0.0033333333333333335
123,5,0.016666666666666666
125,5,0.0175
126,5,0.0033333333333333335
129,5,0.01
142,5,0.0
149,5,0.0
152,5,0.05
173,5,0.02666666666666667
175,5,0.03
176,5,0.013333333333333334
178,5,0.013333333333333334
183,5,0.0
185,5,0.006666666666666667
201,5,0.023333333333333334
206,5,0.02666666666666667
219,5,0.006666666666666667
220,5,0.0
229,5,0.023333333333333334
243,5,0.006666666666666667
251,5,0.0
259,5,0.0
266,5,0.0
267,5,0.013333333333333334
269,5,0.006666666666666667
270,5,0.016666666666666666
271,5,0.0
273,5,0.0033333333333333335
276,5,0.006666666666666667
279,5,0.0
285,5,0.0
292,5,0.0
329,5,0.0033333333333333335
331,5,0.006666666666666667
334,5,0.16
338,5,0.023333333333333334
342,5,0.07777777777777778
346,5,0.0
348,5,0.02666666666666667
354,5,0.023333333333333334
358,5,0.02
359,5,0.03
363,5,0.01
364,5,0.0
375,5,0.04
379,5,0.02
380,5,0.02
387,5,0.05
392,5,0.0
403,5,0.01
409,5,0.006666666666666667
412,5,0.36092857142857143
423,5,0.0
424,5,0.0033333333333333335
431,5,0.043333333333333335
432,5,0.02666666666666667
437,5,0.0
441,5,0.0033333333333333335
444,5,0.0014285714285714286
445,5,0.3233333333333333
451,5,0.013333333333333334
454,5,0.006666666666666667
457,5,0.07666666666666666
463,5,0.01
470,5,0.0
473,5,0.013333333333333334
489,5,0.006666666666666667
493,5,0.0
494,5,0.05
496,5,0.01
497,5,0.013333333333333334
498,5,0.056666666666666664
502,5,0.008095238095238096
506,5,0.04416666666666667
513,5,0.02666666666666667
518,5,0.03333333333333333
521,5,0.025666666666666667
524,5,0.0
542,5,0.006666666666666667
543,5,0.006666666666666667
544,5,0.01
554,5,0.006666666666666667
565,5,0.006666666666666667
567,5,0.0
568,5,0.06333333333333334
592,5,0.0033333333333333335
597,5,0.023333333333333334
601,5,0.014
606,5,0.0033333333333333335
610,5,0.023333333333333334
611,5,0.0033333333333333335
618,5,0.0
623,5,0.006666666666666667
631,5,0.01
645,5,0.06666666666666667
648,5,0.04
654,5,0.04666666666666667
657,5,0.043333333333333335
669,5,0.38
677,5,0.006666666666666667
682,5,0.02
686,5,0.1
697,5,0.013333333333333334
702,5,0.023333333333333334
709,5,0.0033333333333333335
711,5,0.0
717,5,0.043333333333333335
721,5,0.0
727,5,0.0
739,5,0.016666666666666666
743,5,0.02666666666666667
747,5,0.0033333333333333335
748,5,0.05333333333333334
761,5,0.016666666666666666
762,5,0.0
768,5,0.01
771,5,0.02666666666666667
778,5,0.0
779,5,0.01
780,5,0.006666666666666667
781,5,0.0
807,5,0.06333333333333334
810,5,0.016666666666666666
815,5,0.006666666666666667
817,5,0.006666666666666667
819,5,0.023333333333333334
832,5,0.02
836,5,0.006666666666666667
840,5,0.07666666666666666
846,5,0.008333333333333333
848,5,0.006666666666666667
854,5,0.043333333333333335
861,5,0.02666666666666667
862,5,0.0033333333333333335
865,5,0.0033333333333333335
875,5,0.07333333333333333
876,5,0.0
882,5,0.12222222222222223
891,5,0.05
894,5,0.01
897,5,0.006666666666666667
898,5,0.04
899,5,0.0
914,5,0.023333333333333334
925,5,0.04611111111111111
932,5,0.01
967,5,0.0
973,5,0.023333333333333334
983,5,0.03666666666666667
989,5,0.023333333333333334
992,5,0.0
1003,5,0.0033333333333333335
1005,5,0.02666666666666667
1006,5,0.0
1009,5,0.013333333333333334
1010,5,0.0
1021,5,0.0033333333333333335
1025,5,0.01
1031,5,0.006666666666666667
1038,5,0.02666666666666667
1045,5,0.0
1046,5,0.01
1060,5,0.006666666666666667
1072,5,0.07333333333333333
1080,5,0.006666666666666667
1084,5,0.013333333333333334
1089,5,0.023333333333333334
1097,5,0.006666666666666667
1102,5,0.043333333333333335
1103,5,0.006666666666666667
1116,5,0.0033333333333333335
1124,5,0.006666666666666667
1128,5,0.01
1129,5,0.0
1152,5,0.0033333333333333335
1158,5,0.0
1169,5,0.016666666666666666
1185,5,0.01
1202,5,0.0033333333333333335
1203,5,0.013333333333333334
1205,5,0.01
1206,5,0.0
1216,5,0.0033333333333333335
1229,5,0.01
1234,5,0.0
1250,5,0.016666666666666666
1268,5,0.0
1269,5,0.013333333333333334
1270,5,0.01
1274,5,0.02666666666666667
1275,5,0.05
1284,5,0.03
1297,5,0.0033333333333333335
1298,5,0.0175
1311,5,0.03277777777777778
1319,5,0.0
1329,5,0.03333333333333333
1336,5,0.0
1341,5,0.05333333333333334
1342,5,0.006666666666666667
1345,5,0.01
1355,5,0.016666666666666666
1356,5,0.0
1358,5,0.03666666666666667
1367,5,0.02666666666666667
1381,5,0.006666666666666667
1382,5,0.0033333333333333335
1385,5,0.0033333333333333335
1386,5,0.013333333333333334
1390,5,0.03666666666666667
1403,5,0.05
1406,5,0.0
1418,5,0.02666666666666667
1427,5,0.016666666666666666
1429,5,0.02972222222222222
1434,5,0.01
1437,5,0.013333333333333334
1449,5,0.006666666666666667
1452,5,0.006666666666666667
1459,5,0.05
1461,5,0.0033333333333333335
1464,5,0.04666666666666667
1469,5,0.15666666666666668
1477,5,0.03333333333333333
1482,5,0.01
1484,5,0.005
1496,5,0.0
1499,5,0.0
1500,5,0.0
1502,5,0.016666666666666666
1505,5,0.0
1506,5,0.016666666666666666
1515,5,0.006666666666666667
1516,5,0.04666666666666667
1517,5,0.01
1521,5,0.03
1528,5,0.06
1529,5,0.0
1535,5,0.016666666666666666
1554,5,0.03666666666666667
1559,5,0.023333333333333334
1568,5,0.04
1575,5,0.0033333333333333335
1579,5,0.013333333333333334
1585,5,0.05
1590,5,0.02
1597,5,0.013333333333333334
1601,5,0.0
1607,5,0.03333333333333333
1622,5,0.0033333333333333335
1635,5,0.0
1638,5,0.0525
1655,5,0.006666666666666667
1663,5,0.006666666666666667
1684,5,0.023333333333333334
1685,5,0.016666666666666666
1691,5,0.006666666666666667
1694,5,0.006666666666666667
1698,5,0.02
1702,5,0.0033333333333333335
1706,5,0.015
1711,5,0.02
1713,5,0.10666666666666667
1731,5,0.043333333333333335
1733,5,0.013333333333333334
1746,5,0.006666666666666667
1751,5,0.0
1752,5,0.0
1772,5,0.02
1784,5,0.006666666666666667
1785,5,0.016666666666666666
1810,5,0.01
1814,5,0.04
1815,5,0.013333333333333334
1816,5,0.043333333333333335
1821,5,0.08088888888888889
1828,5,0.030888888888888886
1832,5,0.0
1836,5,0.07666666666666666
1850,5,0.13333333333333333
1870,5,0.006666666666666667
1896,5,0.02666666666666667
1907,5,0.01
1908,5,0.013333333333333334
1912,5,0.016666666666666666
1913,5,0.01
1914,5,0.03
1934,5,0.011666666666666667
1945,5,0.043333333333333335
1952,5,0.006666666666666667
1958,5,0.01
1961,5,0.04
1969,5,0.0033333333333333335
1981,5,0.006666666666666667
1987,5,0.043333333333333335
1991,5,0.0033333333333333335
1993,5,0.016666666666666666
2002,5,0.013333333333333334
2003,5,0.023333333333333334
2007,5,0.08666666666666667
2019,5,0.0033333333333333335
2023,5,0.0033333333333333335
2026,5,0.0033333333333333335
2027,5,0.0
2028,5,0.013333333333333334
2033,5,0.0
2044,5,0.04
2046,5,0.006666666666666667
2050,5,0.02
2058,5,0.03333333333333333
2060,5,0.0
2066,5,0.0
2067,5,0.0033333333333333335
2070,5,0.03
2075,5,0.0033333333333333335
2092,5,0.013333333333333334
2113,5,0.0
2119,5,0.0033333333333333335
2129,5,0.023333333333333334
2136,5,0.02666666666666667
2146,5,0.0033333333333333335
2151,5,0.01
2182,5,0.0033333333333333335
2185,5,0.0033333333333333335
2194,5,0.0
2197,5,0.0033333333333333335
2201,5,0.3933333333333333
2205,5,0.016666666666666666
2209,5,0.0033333333333333335
2212,5,0.04666666666666667
2222,5,0.013333333333333334
2224,5,0.0075
2235,5,0.008333333333333333
2237,5,0.0033333333333333335
2248,5,0.006666666666666667
2252,5,0.01811111111111111
2254,5,0.01
2255,5,0.06
2258,5,0.006666666666666667
2266,5,0.01
2273,5,0.4166666666666667
2281,5,0.02666666666666667
2284,5,0.0033333333333333335
2289,5,0.062222222222222213
2290,5,0.023333333333333334
2304,5,0.0022222222222222222
2305,5,0.01
2319,5,0.036166666666666666
2328,5,0.0033333333333333335
2345,5,0.023333333333333334
2349,5,0.0
2351,5,0.05
2355,5,0.016666666666666666
2364,5,0.0
2365,5,0.07277777777777779
2373,5,0.007777777777777777
2375,5,0.015
2379,5,0.0033333333333333335
2384,5,0.03
2387,5,0.0033333333333333335
2390,5,0.0033333333333333335
2396,5,0.0033333333333333335
2397,5,0.21888888888888886
2400,5,0.09
2413,5,0.45
2416,5,0.0033333333333333335
2423,5,0.05333333333333334
2445,5,0.013333333333333334
2448,5,0.0033333333333333335
2457,5,0.0033333333333333335
2467,5,0.06055555555555556
2477,5,0.0033333333333333335
2488,5,0.016666666666666666
2494,5,0.0033333333333333335
2495,5,0.0
2502,5,0.008333333333333333
2518,5,0.006666666666666667
2526,5,0.006666666666666667
2531,5,0.02666666666666667
2540,5,0.0033333333333333335
2548,5,0.0033333333333333335
2556,5,0.0
2573,5,0.006666666666666667
2583,5,0.01
2590,5,0.023333333333333334
2598,5,0.006666666666666667
2603,5,0.013333333333333334
2606,5,0.01
2616,5,0.013333333333333334
2618,5,0.0033333333333333335
2624,5,0.056666666666666664
2626,5,0.0
2643,5,0.04666666666666667
2645,5,0.016666666666666666
2647,5,0.0033333333333333335
2651,5,0.0033333333333333335
2661,5,0.06333333333333334
2667,5,0.006666666666666667
2668,5,0.013333333333333334
2670,5,0.03
2673,5,0.006666666666666667
2676,5,0.01
2679,5,0.008333333333333333
2692,5,0.023333333333333334
2704,5,0.0
2709,5,0.0
2716,5,0.013333333333333334
2720,5,0.02
2723,5,0.023333333333333334
2725,5,0.023333333333333334
2726,5,0.12333333333333334
2738,5,0.006666666666666667
2750,5,0.02
2751,5,0.013333333333333334
2753,5,0.023333333333333334
2755,5,0.006666666666666667
2758,5,0.01
2761,5,0.043333333333333335
2771,5,0.09
2796,5,0.023333333333333334
2804,5,0.013333333333333334
2806,5,0.006666666666666667
2808,5,0.006666666666666667
2816,5,0.03333333333333333
2818,5,0.03
2822,5,0.06333333333333334
2823,5,0.023333333333333334
2826,5,0.02
2828,5,0.015555555555555557
2831,5,0.10333333333333333
2852,5,0.01
2855,5,0.006666666666666667
2859,5,0.023333333333333334
2863,5,0.02677777777777778
2867,5,0.03
2877,5,0.006666666666666667
2878,5,0.01
2888,5,0.056666666666666664
2893,5,0.013333333333333334
2894,5,0.013333333333333334
2896,5,0.01
2897,5,0.006666666666666667
2898,5,0.006666666666666667
2907,5,0.01
2908,5,0.0033333333333333335
2910,5,0.01
2912,5,0.03
2925,5,0.023333333333333334
2929,5,0.0033333333333333335
2932,5,0.31
2934,5,0.06
2935,5,0.07
2936,5,0.0
2939,5,0.0033333333333333335
2940,5,0.08666666666666667
2942,5,0.02
2945,5,0.043333333333333335
2951,5,0.02666666666666667
2954,5,0.006666666666666667
2956,5,0.023333333333333334
2957,5,0.02666666666666667
2968,5,0.0
2972,5,0.0033333333333333335
2980,5,0.05333333333333334
2982,5,0.0
2988,5,0.01
2993,5,0.11
2995,5,0.0033333333333333335
2999,5,0.03333333333333333
3025,5,0.05333333333333334
3041,5,0.0033333333333333335
3051,5,0.03333333333333333
3053,5,0.016666666666666666
3054,5,0.04
3066,5,0.07333333333333333
3072,5,0.02666666666666667
3078,5,0.04
3080,5,0.06
3081,5,0.0
3084,5,0.006666666666666667
3086,5,0.15666666666666668
3095,5,0.06
3096,5,0.01
3112,5,0.03
3121,5,0.0
3125,5,0.013333333333333334
3127,5,0.03
3131,5,0.15666666666666668
3135,5,0.03666666666666667
3138,5,0.008333333333333333
3143,5,0.02
3150,5,0.06333333333333334
3154,5,0.0044444444444444444
3180,5,0.01
3186,5,0.0
3197,5,0.006666666666666667
3202,5,0.0
3213,5,0.2733333333333333
3214,5,0.05333333333333334
3216,5,0.0
3217,5,0.023333333333333334
3228,5,0.016666666666666666
3232,5,0.007222222222222222
3251,5,0.04222222222222222
3255,5,0.056666666666666664
3267,5,0.02666666666666667
3274,5,0.03
3278,5,0.016666666666666666
3286,5,0.013333333333333334
3290,5,0.03
3291,5,0.0
3294,5,0.0033333333333333335
3295,5,0.023333333333333334
3297,5,0.14333333333333334
3301,5,0.006666666666666667
3314,5,0.013333333333333334
3315,5,0.0033333333333333335
3320,5,0.03444444444444444
3336,5,0.03666666666666667
3341,5,0.0033333333333333335
3344,5,0.12333333333333334
3349,5,0.016666666666666666
3352,5,0.07
3358,5,0.01
3365,5,0.0033333333333333335
3367,5,0.01
3368,5,0.0033333333333333335
3370,5,0.10666666666666667
3372,5,0.006666666666666667
3373,5,0.016666666666666666
3422,5,0.006666666666666667
3434,5,0.0033333333333333335
3438,5,0.13
3443,5,0.06277777777777778
3467,5,0.0
3470,5,0.006666666666666667
3475,5,0.02
3476,5,0.006666666666666667
3483,5,0.0
3498,5,0.03
3501,5,0.01
3504,5,0.013333333333333334
3511,5,0.006666666666666667
3513,5,0.08333333333333333
3530,5,0.0
3539,5,0.0033333333333333335
3568,5,0.02
3574,5,0.006666666666666667
3576,5,0.02
3585,5,0.0033333333333333335
3589,5,0.016666666666666666
3593,5,0.1236111111111111
3598,5,0.03333333333333333
3605,5,0.023333333333333334
3607,5,0.006666666666666667
3629,5,0.0033333333333333335
3634,5,0.03333333333333333
3646,5,0.023333333333333334
3647,5,0.03666666666666667
3659,5,0.0
3679,5,0.01
3680,5,0.006666666666666667
3689,5,0.09333333333333334
3698,5,0.03333333333333333
3705,5,0.0033333333333333335
3721,5,0.023333333333333334
3732,5,0.016666666666666666
3740,5,0.013333333333333334
3741,5,0.0033333333333333335
3761,5,0.043333333333333335
3771,5,0.12
3790,5,0.03
3797,5,0.01
3798,5,0.006666666666666667
3801,5,0.14
3812,5,0.023333333333333334
3814,5,0.04
3830,5,0.03333333333333333
3832,5,0.0
3834,5,0.08333333333333333
3835,5,0.006666666666666667
3841,5,0.22
3843,5,0.0
3844,5,0.09333333333333334
3855,5,0.09
3875,5,0.05
3881,5,0.0
3884,5,0.006666666666666667
3891,5,0.0033333333333333335
3893,5,0.016666666666666666
3898,5,0.0
3907,5,0.12
3922,5,0.03333333333333333
3927,5,0.02666666666666667
3935,5,0.09333333333333334
3938,5,0.03666666666666667
3940,5,0.0033333333333333335
3945,5,0.0033333333333333335
3946,5,0.006666666666666667
3948,5,0.01
3949,5,0.0033333333333333335
3951,5,0.023333333333333334
3958,5,0.0033333333333333335
3965,5,0.24833333333333332
3993,5,0.06666666666666667
3996,5,0.01
3997,5,0.0033333333333333335
3998,5,0.11666666666666667
4003,5,0.016666666666666666
4012,5,0.013333333333333334
4024,5,0.04
4039,5,0.05
4042,5,0.0
4043,5,0.036000000000000004
4048,5,0.01
4060,5,0.013333333333333334
4065,5,0.01
4069,5,0.016666666666666666
4098,5,0.05333333333333334
4100,5,0.05333333333333334
4107,5,0.023333333333333334
4113,5,0.08
4119,5,0.0
4123,5,0.0033333333333333335
4127,5,0.0
4130,5,0.0033333333333333335
4134,5,0.03
4136,5,0.0033333333333333335
4139,5,0.07
4141,5,0.016666666666666666
4147,5,0.0033333333333333335
4155,5,0.1325
4156,5,0.08333333333333333
4160,5,0.013333333333333334
4162,5,0.023333333333333334
4163,5,0.01
4170,5,0.01
4177,5,0.07333333333333333
4182,5,0.006666666666666667
4195,5,0.013333333333333334
4201,5,0.07888888888888888
4207,5,0.0033333333333333335
4209,5,0.0033333333333333335
4224,5,0.006666666666666667
4234,5,0.0033333333333333335
4245,5,0.14333333333333334
4259,5,0.0
4261,5,0.0
4281,5,0.013333333333333334
4282,5,0.02
4283,5,0.0
4285,5,0.02
4286,5,0.016666666666666666
4291,5,0.013333333333333334
4304,5,0.006666666666666667
4312,5,0.056666666666666664
4313,5,0.006666666666666667
4314,5,0.06
4325,5,0.01
4326,5,0.0
4328,5,0.0
4333,5,0.006666666666666667
4343,5,0.06
4349,5,0.03666666666666667
4350,5,0.04
4352,5,0.006666666666666667
4354,5,0.01
4366,5,0.016666666666666666
4368,5,0.03333333333333333
4377,5,0.016666666666666666
4378,5,0.08333333333333333
4381,5,0.03
4383,5,0.01
4384,5,0.016666666666666666
4392,5,0.01
4393,5,0.14666666666666667
4410,5,0.016666666666666666
4416,5,0.03333333333333333
4419,5,0.08666666666666667
4427,5,0.0033333333333333335
4438,5,0.0
4439,5,0.02666666666666667
4451,5,0.0
4453,5,0.016666666666666666
4460,5,0.0
4469,5,0.016666666666666666
4474,5,0.0
4477,5,0.02
4484,5,0.02666666666666667
4485,5,0.06333333333333334
4489,5,0.01
4491,5,0.03666666666666667
4493,5,0.02
4497,5,0.016666666666666666
4501,5,0.08333333333333333
4510,5,0.013333333333333334
4517,5,0.01
4521,5,0.08766666666666667
4523,5,0.0033333333333333335
4529,5,0.0033333333333333335
4538,5,0.05
4540,5,0.12472222222222222
4541,5,0.023333333333333334
4543,5,0.0
4544,5,0.013333333333333334
4549,5,0.05222222222222222
4550,5,0.03666666666666667
4557,5,0.0
4565,5,0.07
4569,5,0.03666666666666667
4572,5,0.0
4573,5,0.01722222222222222
4574,5,0.006666666666666667
4579,5,0.0
4582,5,0.006666666666666667
4596,5,0.07666666666666666
4612,5,0.11666666666666667
4635,5,0.01
4645,5,0.006666666666666667
4646,5,0.013333333333333334
4648,5,0.02666666666666667
4649,5,0.006666666666666667
4656,5,0.0033333333333333335
4657,5,0.07
4659,5,0.023333333333333334
4663,5,0.0033333333333333335
4677,5,0.03
4684,5,0.013333333333333334
4686,5,0.01
4692,5,0.006666666666666667
4698,5,0.006666666666666667
4700,5,0.0
4702,5,0.023333333333333334
4705,5,0.19
4706,5,0.006666666666666667
4714,5,0.01
4736,5,0.03333333333333333
4751,5,0.03666666666666667
4754,5,0.01
4755,5,0.13
4766,5,0.01
4773,5,0.02
4779,5,0.16
4780,5,0.016666666666666666
4782,5,0.0033333333333333335
4793,5,0.11666666666666667
4795,5,0.006666666666666667
4803,5,0.0033333333333333335
4809,5,0.18333333333333332
4820,5,0.0
4827,5,0.008333333333333333
4834,5,0.02666666666666667
4836,5,0.006666666666666667
4840,5,0.02666666666666667
4843,5,0.06333333333333334
4845,5,0.021111111111111112
4853,5,0.0033333333333333335
4856,5,0.08666666666666667
4858,5,0.03666666666666667
4861,5,0.011666666666666667
4868,5,0.0
4870,5,0.01
4871,5,0.03333333333333333
4872,5,0.016666666666666666
4880,5,0.0
4887,5,0.02666666666666667
4894,5,0.023333333333333334
4898,5,0.01
4931,5,0.11666666666666667
4933,5,0.006666666666666667
4934,5,0.023333333333333334
4941,5,0.04
4956,5,0.013333333333333334
4958,5,0.006666666666666667
4967,5,0.0
4973,5,0.05333333333333334
4977,5,0.006666666666666667
4978,5,0.023333333333333334
4984,5,0.0033333333333333335
4985,5,0.006666666666666667
4990,5,0.14666666666666667
4992,5,0.03
5005,5,0.15333333333333332
5006,5,0.02
5010,5,0.05333333333333334
5012,5,0.03666666666666667
5018,5,0.006666666666666667
5021,5,0.01
5027,5,0.013333333333333334
5032,5,0.14666666666666667
5036,5,0.03333333333333333
5051,5,0.01
5058,5,0.01
5060,5,0.006666666666666667
5062,5,0.05333333333333334
5079,5,0.0
5086,5,0.006666666666666667
5099,5,0.0
5100,5,0.0033333333333333335
5126,5,0.07666666666666666
5135,5,0.0033333333333333335
5137,5,0.03333333333333333
5143,5,0.0
5148,5,0.0033333333333333335
5152,5,0.0033333333333333335
5156,5,0.018333333333333333
5157,5,0.09
5159,5,0.0
5172,5,0.05333333333333334
5174,5,0.0033333333333333335
5185,5,0.0033333333333333335
5190,5,0.023333333333333334
5202,5,0.023333333333333334
5204,5,0.02
5209,5,0.043333333333333335
5226,5,0.0033333333333333335
5242,5,0.0033333333333333335
5248,5,0.01
5257,5,0.006666666666666667
5274,5,0.043333333333333335
5276,5,0.0
5279,5,0.006666666666666667
5290,5,0.18
5299,5,0.006666666666666667
5306,5,0.016666666666666666
5325,5,0.0033333333333333335
5351,5,0.043333333333333335
5355,5,0.03333333333333333
5362,5,0.016666666666666666
5363,5,0.006666666666666667
5368,5,0.01
5370,5,0.023333333333333334
5372,5,0.02666666666666667
5373,5,0.06666666666666667
5376,5,0.023333333333333334
5379,5,0.02
5382,5,0.01
5390,5,0.056666666666666664
5393,5,0.013333333333333334
5412,5,0.043333333333333335
5415,5,0.0
5421,5,0.016666666666666666
5424,5,0.0033333333333333335
5425,5,0.02
5442,5,0.04666666666666667
5452,5,0.06666666666666667
5454,5,0.023333333333333334
5455,5,0.006666666666666667
5456,5,0.016666666666666666
5462,5,0.0
5471,5,0.03166666666666667
5474,5,0.01
5491,5,0.04555555555555556
5502,5,0.0
5505,5,0.016666666666666666
5510,5,0.0
5518,5,0.023333333333333334
5524,5,0.02
5533,5,0.0033333333333333335
5534,5,0.03333333333333333
5547,5,0.0
5555,5,0.016666666666666666
5559,5,0.0
5560,5,0.06333333333333334
5567,5,0.0033333333333333335
5568,5,0.016666666666666666
5576,5,0.01
5577,5,0.0033333333333333335
5583,5,0.005
5586,5,0.016666666666666666
5600,5,0.0
5604,5,0.06666666666666667
5606,5,0.023333333333333334
5607,5,0.0
5623,5,0.0
5636,5,0.08
5648,5,0.08916666666666667
5653,5,0.023333333333333334
5662,5,0.006666666666666667
5664,5,0.0033333333333333335
5669,5,0.013333333333333334
5682,5,0.013333333333333334
5686,5,0.09
5692,5,0.03777777777777778
5695,5,0.08666666666666667
5700,5,0.023333333333333334
5714,5,0.01
5716,5,0.0
5723,5,0.04
5731,5,0.016666666666666666
5732,5,0.07333333333333333
5739,5,0.016666666666666666
5745,5,0.11333333333333333
5747,5,0.0
5748,5,0.0033333333333333335
5755,5,0.0033333333333333335
5768,5,0.0033333333333333335
5769,5,0.02
5775,5,0.02
5793,5,0.01
5808,5,0.013333333333333334
5816,5,0.0033333333333333335
5818,5,0.0033333333333333335
5821,5,0.0033333333333333335
5828,5,0.0033333333333333335
5854,5,0.04738888888888889
5855,5,0.006666666666666667
5878,5,0.006666666666666667
5880,5,0.02
5888,5,0.01
5891,5,0.01
5893,5,0.01
5897,5,0.0
5900,5,0.006666666666666667
5903,5,0.006666666666666667
5912,5,0.0
5916,5,0.06
5922,5,0.01
5924,5,0.006666666666666667
5928,5,0.0
5933,5,0.0
5959,5,0.0
5964,5,0.0033333333333333335
5967,5,0.02666666666666667
5974,5,0.01
5977,5,0.0033333333333333335
5984,5,0.03666666666666667
5986,5,0.08731746031746031
5990,5,0.09333333333333334
5994,5,0.04666666666666667
5995,5,0.0
5998,5,0.02
6013,5,0.0
6018,5,0.08731746031746031
6028,5,0.0
6032,5,0.03333333333333333
6033,5,0.0033333333333333335
6040,5,0.01
6043,5,0.0065
6044,5,0.006666666666666667
6049,5,0.006666666666666667
6059,5,0.06333333333333334
6062,5,0.0
6071,5,0.0
6073,5,0.0
6077,5,0.01
6096,5,0.01
6101,5,0.035555555555555556
6103,5,0.03
6105,5,0.006666666666666667
6107,5,0.006666666666666667
6109,5,0.02666666666666667
6139,5,0.01
6147,5,0.0
6154,5,0.013333333333333334
6155,5,0.0033333333333333335
6163,5,0.03666666666666667
6165,5,0.0
6169,5,0.0
6170,5,0.16
6174,5,0.006666666666666667
6176,5,0.013333333333333334
6182,5,0.006666666666666667
6188,5,0.043333333333333335
6198,5,0.023333333333333334
6201,5,0.01
6208,5,0.01
6212,5,0.0
6220,5,0.0033333333333333335
6221,5,0.016666666666666666
6227,5,0.0
6232,5,0.025
6241,5,0.02
6243,5,0.07666666666666666
6245,5,0.01
6259,5,0.013333333333333334
6261,5,0.03
6270,5,0.0
6278,5,0.37
6290,5,0.059166666666666666
6291,5,0.016666666666666666
6292,5,0.013333333333333334
6294,5,0.06166666666666667
6295,5,0.23
6297,5,0.07666666666666666
6304,5,0.03
6307,5,0.0
6314,5,0.02
6326,5,0.08
6327,5,0.0033333333333333335
6339,5,0.05333333333333334
6347,5,0.10666666666666667
6349,5,0.0033333333333333335
6350,5,0.01
6351,5,0.01
6356,5,0.0
6365,5,0.016666666666666666
6382,5,0.0
6389,5,0.0
6393,5,0.013333333333333334
6394,5,0.009166666666666667
6401,5,0.013333333333333334
6404,5,0.09333333333333334
6405,5,0.006666666666666667
6411,5,0.03333333333333333
6419,5,0.0
6431,5,0.006666666666666667
6441,5,0.056666666666666664
6443,5,0.006666666666666667
6451,5,0.0
6460,5,0.01
6466,5,0.0033333333333333335
6468,5,0.006666666666666667
6469,5,0.0033333333333333335
6476,5,0.0
6479,5,0.0033333333333333335
6483,5,0.01
6492,5,0.006666666666666667
6495,5,0.05
6501,5,0.0033333333333333335
6509,5,0.013333333333333334
6510,5,0.043333333333333335
6516,5,0.0
6522,5,0.0033333333333333335
6536,5,0.006666666666666667
6539,5,0.0
6541,5,0.0
6542,5,0.0
6543,5,0.006666666666666667
6552,5,0.006666666666666667
6553,5,0.04666666666666667
6573,5,0.04
6575,5,0.03333333333333333
6577,5,0.0
6578,5,0.06444444444444444
6586,5,0.18333333333333332
6596,5,0.11
6607,5,0.023333333333333334
6614,5,0.02
6615,5,0.0
6618,5,0.03333333333333333
6619,5,0.04
6620,5,0.0
6622,5,0.013333333333333334
6630,5,0.02
6632,5,0.043333333333333335
6633,5,0.02
6695,5,0.01
6697,5,0.023333333333333334
6699,5,0.0033333333333333335
6705,5,0.0033333333333333335
6706,5,0.03166666666666667
6713,5,0.016666666666666666
6715,5,0.0033333333333333335
6735,5,0.0033333333333333335
6736,5,0.0033333333333333335
6747,5,0.06333333333333334
6760,5,0.013333333333333334
6778,5,0.0
6787,5,0.006666666666666667
6791,5,0.013333333333333334
6794,5,0.0
6796,5,0.006666666666666667
6797,5,0.006666666666666667
6800,5,0.07333333333333333
6803,5,0.11666666666666667
6808,5,0.0625
6809,5,0.006666666666666667
6814,5,0.0033333333333333335
6817,5,0.02666666666666667
6833,5,0.0
6834,5,0.05
6842,5,0.0
6848,5,0.013333333333333334
6857,5,0.08222222222222222
6860,5,0.016666666666666666
6863,5,0.01
6864,5,0.02
6870,5,0.02
6871,5,0.12666666666666668
6874,5,0.023333333333333334
6875,5,0.013333333333333334
6880,5,0.013333333333333334
6886,5,0.20666666666666667
6889,5,0.019166666666666665
6895,5,0.006666666666666667
6899,5,0.023333333333333334
6900,5,0.0033333333333333335
6901,5,0.0
6902,5,0.04
6905,5,0.0
6920,5,0.011666666666666667
6931,5,0.0
6932,5,0.0
6936,5,0.01
6939,5,0.0033333333333333335
6948,5,0.006666666666666667
6949,5,0.0
6954,5,0.04666666666666667
6957,5,0.016666666666666666
6960,5,0.016666666666666666
6976,5,0.0033333333333333335
7004,5,0.016666666666666666
7010,5,0.013333333333333334
7011,5,0.03
7029,5,0.0033333333333333335
7033,5,0.02666666666666667
7037,5,0.0033333333333333335
7040,5,0.17
7042,5,0.04666666666666667
7047,5,0.04888888888888889
7048,5,0.06
7050,5,0.0
7054,5,0.0
7057,5,0.0
7058,5,0.05
7070,5,0.02
7075,5,0.013333333333333334
7077,5,0.006666666666666667
7086,5,0.023333333333333334
7089,5,0.02666666666666667
7095,5,0.01972222222222222
7097,5,0.006666666666666667
7102,5,0.03333333333333333
7122,5,0.025
7127,5,0.07333333333333333
7128,5,0.07333333333333333
7137,5,0.0033333333333333335
7141,5,0.013333333333333334
7144,5,0.05
7145,5,0.02666666666666667
7165,5,0.043333333333333335
7171,5,0.03333333333333333
7176,5,0.006666666666666667
7182,5,0.05
7201,5,0.0033333333333333335
7204,5,0.015
7206,5,0.0
7220,5,0.06666666666666667
7230,5,0.0
7231,5,0.01
7240,5,0.0
7245,5,0.006666666666666667
7248,5,0.0033333333333333335
7255,5,0.0
7259,5,0.0
7261,5,0.06
7272,5,0.02666666666666667
7286,5,0.0033333333333333335
7294,5,0.013333333333333334
7295,5,0.0033333333333333335
7308,5,0.02666666666666667
7321,5,0.016666666666666666
7322,5,0.03
7323,5,0.0033333333333333335
7328,5,0.023333333333333334
7334,5,0.006666666666666667
7345,5,0.006666666666666667
7349,5,0.03666666666666667
7357,5,0.006666666666666667
7364,5,0.06666666666666667
7367,5,0.06333333333333334
7371,5,0.006666666666666667
7383,5,0.16333333333333333
7386,5,0.023333333333333334
7388,5,0.08
7392,5,0.09333333333333334
7403,5,0.04666666666666667
7405,5,0.07666666666666666
7411,5,0.006666666666666667
7414,5,0.03
7428,5,0.0033333333333333335
7436,5,0.03666666666666667
7437,5,0.01
7440,5,0.0013333333333333335
7441,5,0.19333333333333333
7446,5,0.01
7448,5,0.013333333333333334
7464,5,0.0
7471,5,0.01
7476,5,0.006666666666666667
7477,5,0.016666666666666666
7478,5,0.04
7482,5,0.0
7483,5,0.08666666666666667
7485,5,0.04666666666666667
7492,5,0.01
7496,5,0.10333333333333333
7498,5,0.08
7499,5,0.3933333333333333
7506,5,0.0033333333333333335
7509,5,0.043333333333333335
7536,5,0.006666666666666667
7537,5,0.19666666666666666
7548,5,0.0
7552,5,0.13333333333333333
7559,5,0.08666666666666667
7564,5,0.07
7567,5,0.016666666666666666
7568,5,0.1
7573,5,0.013333333333333334
7574,5,0.01
7577,5,0.03333333333333333
7589,5,0.04466666666666667
7594,5,0.06333333333333334
7598,5,0.15666666666666668
7608,5,0.01
7620,5,0.02666666666666667
7630,5,0.016666666666666666
7634,5,0.03666666666666667
7643,5,0.06333333333333334
7647,5,0.013333333333333334
7658,5,0.24
7667,5,0.016666666666666666
7675,5,0.14
7677,5,0.023333333333333334
7680,5,0.016666666666666666
7685,5,0.05
7686,5,0.03333333333333333
7689,5,0.023333333333333334
7695,5,0.04
7696,5,0.18666666666666668
7705,5,0.18
7714,5,0.28
7718,5,0.01
7733,5,0.13
7743,5,0.07333333333333333
7754,5,0.05
7758,5,0.056666666666666664
7760,5,0.08
7761,5,0.18
7764,5,0.08333333333333333
7768,5,0.02
7780,5,0.01
7782,5,0.0
7783,5,0.02666666666666667
7791,5,0.043333333333333335
7792,5,0.006666666666666667
7793,5,0.01
7808,5,0.016666666666666666
7812,5,0.02
7822,5,0.0
7824,5,0.025555555555555557
7829,5,0.0033333333333333335
7846,5,0.0033333333333333335
7847,5,0.043333333333333335
7849,5,0.043333333333333335
7850,5,0.08333333333333333
7851,5,0.02
7853,5,0.016666666666666666
7868,5,0.13
7871,5,0.023333333333333334
7874,5,0.02
7880,5,0.023333333333333334
7885,5,0.016666666666666666
7889,5,0.04
7893,5,0.013333333333333334
7898,5,0.04666666666666667
7902,5,0.006666666666666667
7911,5,0.01
7913,5,0.02
7915,5,0.006666666666666667
7919,5,0.013333333333333334
7927,5,0.08333333333333333
7930,5,0.056666666666666664
7933,5,0.023333333333333334
7951,5,0.006666666666666667
7969,5,0.04
7972,5,0.028333333333333332
7973,5,0.06666666666666667
7974,5,0.03666666666666667
7985,5,0.013333333333333334
7994,5,0.08666666666666667
7995,5,0.03666666666666667
7997,5,0.006666666666666667
8006,5,0.06666666666666667
8011,5,0.06
8013,5,0.0
8018,5,0.016666666666666666
8024,5,0.04
8037,5,0.016666666666666666
8038,5,0.02
8044,5,0.006666666666666667
8059,5,0.03
8061,5,0.06666666666666667
8067,5,0.01
8069,5,0.016666666666666666
8070,5,0.01
8073,5,0.024166666666666666
8077,5,0.01
8087,5,0.006666666666666667
8094,5,0.023333333333333334
8123,5,0.19666666666666666
8129,5,0.04666666666666667
8143,5,0.043333333333333335
8144,5,0.056666666666666664
8149,5,0.10666666666666667
8151,5,0.15333333333333332
8158,5,0.04
8171,5,0.013333333333333334
8192,5,0.03333333333333333
8195,5,0.09333333333333334
8203,5,0.016666666666666666
8207,5,0.02
8246,5,0.023333333333333334
8259,5,0.016666666666666666
8272,5,0.01
8275,5,0.05
8288,5,0.06
8290,5,0.01
8297,5,0.0
8300,5,0.043333333333333335
8303,5,0.016666666666666666
8305,5,0.0033333333333333335
8306,5,0.12333333333333334
8310,5,0.04666666666666667
8311,5,0.02
8317,5,0.006666666666666667
8318,5,0.006666666666666667
8322,5,0.013333333333333334
8331,5,0.02666666666666667
8333,5,0.03333333333333333
8343,5,0.14
8345,5,0.023333333333333334
8356,5,0.04666666666666667
8361,5,0.02666666666666667
8365,5,0.0033333333333333335
8379,5,0.043333333333333335
8390,5,0.02666666666666667
8392,5,0.016666666666666666
8395,5,0.03333333333333333
8403,5,0.02666666666666667
8408,5,0.0
8414,5,0.02666666666666667
8422,5,0.04
8428,5,0.006666666666666667
8434,5,0.49333333333333335
8445,5,0.03333333333333333
8448,5,0.006666666666666667
8456,5,0.23666666666666666
8458,5,0.043333333333333335
8459,5,0.016666666666666666
8461,5,0.04
8476,5,0.017777777777777778
8479,5,0.08
8481,5,0.006666666666666667
8495,5,0.09666666666666666
8505,5,0.02
8515,5,0.02666666666666667
8523,5,0.31666666666666665
8556,5,0.04488888888888889
8559,5,0.17666666666666667
8579,5,0.03666666666666667
8581,5,0.17361111111111113
8582,5,0.02
8594,5,0.056666666666666664
8598,5,0.056666666666666664
8604,5,0.05777777777777779
8607,5,0.04266666666666667
8608,5,0.013333333333333334
8612,5,0.02666666666666667
8625,5,0.14
8635,5,0.016666666666666666
8638,5,0.0033333333333333335
8642,5,0.06666666666666667
8649,5,0.04888888888888889
8654,5,0.02666666666666667
8655,5,0.12666666666666668
8665,5,0.07666666666666666
8673,5,0.013333333333333334
8674,5,0.07333333333333333
8694,5,0.04
8709,5,0.043333333333333335
8713,5,0.056666666666666664
8716,5,0.056666666666666664
8729,5,0.04
8732,5,0.0033333333333333335
8748,5,0.0
8753,5,0.03666666666666667
8754,5,0.03666666666666667
8758,5,0.0
8763,5,0.02666666666666667
8772,5,0.02666666666666667
8779,5,0.03333333333333333
8781,5,0.02
8790,5,0.02
8811,5,0.03666666666666667
8827,5,0.06
8830,5,0.02666666666666667
8840,5,0.016666666666666666
8844,5,0.0
8847,5,0.02
8853,5,0.0033333333333333335
8859,5,0.06
8862,5,0.013333333333333334
8871,5,0.01
8874,5,0.006666666666666667
8877,5,0.0
8893,5,0.043333333333333335
8897,5,0.04
8908,5,0.07666666666666666
8914,5,0.043333333333333335
8916,5,0.013333333333333334
8917,5,0.03888888888888889
8924,5,0.11
8925,5,0.006666666666666667
8929,5,0.02
8939,5,0.09
8944,5,0.013333333333333334
8947,5,0.043333333333333335
8956,5,0.02666666666666667
8959,5,0.0
8974,5,0.04666666666666667
8985,5,0.0033333333333333335
8987,5,0.013333333333333334
8997,5,0.02666666666666667
9000,5,0.03333333333333333
9012,5,0.006666666666666667
9020,5,0.13666666666666666
9023,5,0.023333333333333334
9024,5,0.07333333333333333
9026,5,0.043333333333333335
9030,5,0.10333333333333333
9038,5,0.03666666666666667
9040,5,0.02
9041,5,0.006666666666666667
9048,5,0.07333333333333333
9056,5,0.04666666666666667
9093,5,0.01
9101,5,0.0
9103,5,0.05333333333333334
9113,5,0.01
9115,5,0.02666666666666667
9127,5,0.056666666666666664
9133,5,0.0044444444444444444
9150,5,0.011333333333333332
9151,5,0.06333333333333334
9152,5,0.04416666666666667
9153,5,0.03333333333333333
9162,5,0.01
9168,5,0.02
9173,5,0.07333333333333333
9180,5,0.02
9185,5,0.05
9190,5,0.03666666666666667
9192,5,0.06666666666666667
9200,5,0.09
9203,5,0.01
9204,5,0.016666666666666666
9215,5,0.0033333333333333335
9218,5,0.10666666666666667
9219,5,0.043333333333333335
9237,5,0.03333333333333333
9238,5,0.018333333333333333
9243,5,0.023333333333333334
9247,5,0.0
9268,5,0.03333333333333333
9274,5,0.02
9287,5,0.023333333333333334
9289,5,0.03
9296,5,0.02666666666666667
9304,5,0.08666666666666667
9312,5,0.0
9317,5,0.0
9329,5,0.04666666666666667
9333,5,0.03
9339,5,0.04666666666666667
9356,5,0.043333333333333335
9360,5,0.05333333333333334
9361,5,0.02666666666666667
9369,5,0.02
9370,5,0.056666666666666664
9378,5,0.13333333333333333
9382,5,0.03666666666666667
9401,5,0.023333333333333334
9403,5,0.006666666666666667
9407,5,0.0636111111111111
9409,5,0.056666666666666664
9422,5,0.005333333333333334
9425,5,0.013333333333333334
9440,5,0.08333333333333333
9447,5,0.03333333333333333
9455,5,0.07333333333333333
9460,5,0.0353968253968254
9461,5,0.11
9471,5,0.006666666666666667
9477,5,0.03
9481,5,0.011111111111111112
9499,5,0.041666666666666664
9522,5,0.056666666666666664
9535,5,0.12666666666666668
9539,5,0.10666666666666667
9548,5,0.0
9562,5,0.03333333333333333
9581,5,0.03666666666666667
9585,5,0.015
9611,5,0.056666666666666664
9614,5,0.02
9615,5,0.006666666666666667
9616,5,0.013333333333333334
9619,5,0.016666666666666666
9634,5,0.04
9650,5,0.03
9651,5,0.03666666666666667
9663,5,0.0
9672,5,0.01
9690,5,0.03
9693,5,0.025
9704,5,0.0033333333333333335
9705,5,0.056666666666666664
9708,5,0.06333333333333334
9710,5,0.05333333333333334
9718,5,0.006666666666666667
9720,5,0.01
9735,5,0.02666666666666667
9740,5,0.006666666666666667
9743,5,0.0033333333333333335
9749,5,0.08666666666666667
9752,5,0.26666666666666666
9755,5,0.013333333333333334
9769,5,0.14
9772,5,0.016666666666666666
9773,5,0.0033333333333333335
9774,5,0.03666666666666667
9775,5,0.01
9789,5,0.04
9796,5,0.07
9797,5,0.03
9802,5,0.05
9803,5,0.07
9807,5,0.30666666666666664
9809,5,0.013333333333333334
9816,5,0.006666666666666667
9817,5,0.006666666666666667
9826,5,0.013333333333333334
9844,5,0.09333333333333334
9863,5,0.17333333333333334
9870,5,0.02666666666666667
9872,5,0.023333333333333334
9875,5,0.09333333333333334
9889,5,0.0033333333333333335
9894,5,0.06666666666666667
9897,5,0.025
9900,5,0.05333333333333334
9902,5,0.09
9920,5,0.04
9925,5,0.1
9935,5,0.03333333333333333
9939,5,0.03
9944,5,0.02
9953,5,0.02666666666666667
9958,5,0.013333333333333334
9962,5,0.05333333333333334
9969,5,0.07333333333333333
9974,5,0.0033333333333333335
9976,5,0.01
9986,5,0.056666666666666664
9987,5,0.02666666666666667
10001,5,0.013333333333333334
10007,5,0.006666666666666667
10011,5,0.023333333333333334
10013,5,0.04
10026,5,0.12333333333333334
10032,5,0.04666666666666667
10036,5,0.0033333333333333335
10055,5,0.06
10075,5,0.016666666666666666
10079,5,0.023333333333333334
10084,5,0.0033333333333333335
10085,5,0.09333333333333334
10098,5,0.0033333333333333335
10109,5,0.06
10115,5,0.06972222222222223
10129,5,0.03666666666666667
10131,5,0.03666666666666667
10136,5,0.04
10137,5,0.02666666666666667
10138,5,0.07333333333333333
10142,5,0.02
10144,5,0.043333333333333335
10146,5,0.013333333333333334
10160,5,0.043333333333333335
10165,5,0.05
10188,5,0.08333333333333333
10189,5,0.05333333333333334
10197,5,0.03333333333333333
10200,5,0.03
10201,5,0.06
10202,5,0.0033333333333333335
10210,5,0.03333333333333333
10222,5,0.02
10223,5,0.08666666666666667
10229,5,0.09333333333333334
10237,5,0.1
10240,5,0.05
10244,5,0.013333333333333334
10246,5,0.016666666666666666
10249,5,0.06
10260,5,0.02666666666666667
10269,5,0.01
10272,5,0.13333333333333333
10274,5,0.02666666666666667
10275,5,0.0033333333333333335
10276,5,0.056666666666666664
10281,5,0.043333333333333335
10285,5,0.03333333333333333
10287,5,0.016666666666666666
10303,5,0.01
10305,5,0.06333333333333334
10306,5,0.056666666666666664
10307,5,0.013333333333333334
10320,5,0.0
10323,5,0.006666666666666667
10324,5,0.03
10329,5,0.03333333333333333
10330,5,0.043333333333333335
10332,5,0.02
10333,5,0.006666666666666667
10346,5,0.10333333333333333
10351,5,0.006666666666666667
10366,5,0.05333333333333334
10368,5,0.0
10377,5,0.03
10380,5,0.01
10392,5,0.02666666666666667
10395,5,0.006666666666666667
10396,5,0.10666666666666667
10404,5,0.05333333333333334
10408,5,0.006666666666666667
10412,5,0.02666666666666667
10413,5,0.23333333333333334
10418,5,0.03
10420,5,0.05
10438,5,0.006666666666666667
10446,5,0.006666666666666667
10458,5,0.02
10465,5,0.06666666666666667
10466,5,0.12
10478,5,0.02
10496,5,0.04666666666666667
10503,5,0.06333333333333334
10504,5,0.1
10506,5,0.03666666666666667
10508,5,0.0033333333333333335
10512,5,0.06
10524,5,0.03666666666666667
10545,5,0.04
10547,5,0.02666666666666667
10550,5,0.04761111111111111
10552,5,0.006666666666666667
10555,5,0.5266666666666666
10557,5,0.04
10559,5,0.03
10560,5,0.02666666666666667
10564,5,0.0033333333333333335
10577,5,0.03666666666666667
10580,5,0.006666666666666667
10582,5,0.03333333333333333
10583,5,0.03
10596,5,0.023333333333333334
10602,5,0.0033333333333333335
10603,5,0.006666666666666667
10604,5,0.013333333333333334
10606,5,0.03333333333333333
10611,5,0.006666666666666667
10620,5,0.13
10623,5,0.006666666666666667
10630,5,0.11333333333333333
10633,5,0.01
10634,5,0.01
10637,5,0.01
10648,5,0.07666666666666666
10654,5,0.03333333333333333
10664,5,0.12666666666666668
10665,5,0.08333333333333333
10669,5,0.056666666666666664
10674,5,0.006666666666666667
10680,5,0.02666666666666667
10682,5,0.07
10685,5,0.013333333333333334
10690,5,0.03
10693,5,0.01
10702,5,0.043333333333333335
10707,5,0.023333333333333334
10709,5,0.01
10716,5,0.016666666666666666
10730,5,0.01
10743,5,0.04666666666666667
10746,5,0.02
10748,5,0.02
10751,5,0.056666666666666664
10754,5,0.043333333333333335
10756,5,0.02
10761,5,0.03666666666666667
10769,5,0.02666666666666667
10777,5,0.04666666666666667
10788,5,0.08
10791,5,0.0033333333333333335
10794,5,0.043333333333333335
10797,5,0.05333333333333334
10798,5,0.048888888888888885
10804,5,0.02666666666666667
10808,5,0.03333333333333333
10811,5,0.11027777777777777
10819,5,0.016666666666666666
10829,5,0.01
10836,5,0.023333333333333334
10842,5,0.09333333333333334
10845,5,0.013333333333333334
10851,5,0.03333333333333333
10852,5,0.023333333333333334
10853,5,0.09222222222222222
10862,5,0.04
10867,5,0.03611111111111111
10885,5,0.05711111111111111
10888,5,0.07
10893,5,0.043333333333333335
10895,5,0.056666666666666664
10899,5,0.09166666666666666
10911,5,0.06333333333333334
10917,5,0.03305555555555556
10928,5,0.08666666666666667
10932,5,0.028999999999999998
10944,5,0.05
10952,5,0.030833333333333334
10956,5,0.03666666666666667
10970,5,0.04
10971,5,0.14333333333333334
10972,5,0.11
10980,5,0.08333333333333333
10987,5,0.3566666666666667
10989,5,0.08333333333333333
10997,5,0.008333333333333333
11000,5,0.034166666666666665
11006,5,0.09
11007,5,0.03666666666666667
11012,5,0.02
11013,5,0.08055555555555556
11038,5,0.07388888888888888
11043,5,0.07666666666666666
11049,5,0.13
11064,5,0.056666666666666664
11071,5,0.03666666666666667
11092,5,0.03333333333333333
11096,5,0.04
11101,5,0.03666666666666667
11122,5,0.03333333333333333
11134,5,0.07666666666666666
11136,5,0.013333333333333334
11139,5,0.016666666666666666
11148,5,0.18666666666666668
11152,5,0.03333333333333333
11181,5,0.07666666666666666
11186,5,0.0033333333333333335
11199,5,0.02666666666666667
11200,5,0.6266666666666667
11202,5,0.023333333333333334
11203,5,0.02
11206,5,0.0
11207,5,0.12666666666666668
11209,5,0.03666666666666667
11228,5,0.04
11250,5,0.0033333333333333335
11257,5,0.012222222222222221
11262,5,0.013333333333333334
11273,5,0.05333333333333334
11277,5,0.03
11280,5,0.03333333333333333
11282,5,0.02666666666666667
11292,5,0.023333333333333334
11296,5,0.013333333333333334
11297,5,0.0033333333333333335
11300,5,0.09
11301,5,0.013333333333333334
11315,5,0.16666666666666666
11322,5,0.03333333333333333
11339,5,0.31666666666666665
11352,5,0.006666666666666667
11363,5,0.028333333333333332
11364,5,0.056666666666666664
11378,5,0.01
11380,5,0.006666666666666667
11388,5,0.03
11403,5,0.12333333333333334
11406,5,0.023333333333333334
11409,5,0.0
11414,5,0.05
11419,5,0.03
11420,5,0.08666666666666667
11425,5,0.02666666666666667
11427,5,0.13
11431,5,0.016666666666666666
11433,5,0.06666666666666667
11438,5,0.03333333333333333
11449,5,0.08
11456,5,0.006666666666666667
11464,5,0.043333333333333335
11465,5,0.04666666666666667
11471,5,0.05333333333333334
11477,5,0.013333333333333334
11478,5,0.18388888888888888
11479,5,0.016666666666666666
11481,5,0.016666666666666666
11490,5,0.05
11492,5,0.1125
11496,5,0.096
11507,5,0.115
11523,5,0.016666666666666666
11545,5,0.0
11566,5,0.013333333333333334
11569,5,0.05333333333333334
11585,5,0.03
11589,5,0.013333333333333334
11599,5,0.025555555555555554
11610,5,0.043333333333333335
11618,5,0.043333333333333335
11620,5,0.03
11622,5,0.03
11626,5,0.009166666666666667
11631,5,0.01
11647,5,0.042222222222222223
11657,5,0.006666666666666667
11664,5,0.06333333333333334
11666,5,0.02666666666666667
11680,5,0.0
11684,5,0.006666666666666667
11695,5,0.016666666666666666
11696,5,0.013333333333333334
11699,5,0.08333333333333333
11700,5,0.056666666666666664
11705,5,0.08
11706,5,0.04
11711,5,0.0
11727,5,0.09
11733,5,0.02
11734,5,0.08
11740,5,0.016666666666666666
11744,5,0.14
11777,5,0.05
11778,5,0.02
11781,5,0.03333333333333333
11787,5,0.08333333333333333
11791,5,0.03333333333333333
11807,5,0.02
11813,5,0.01
11815,5,0.04666666666666667
11820,5,0.04
11829,5,0.04
11831,5,0.016666666666666666
11838,5,0.056666666666666664
11846,5,0.02
11861,5,0.03
11864,5,0.21333333333333335
11873,5,0.02666666666666667
11874,5,0.04
11891,5,0.043333333333333335
11895,5,0.03
11896,5,0.016666666666666666
11908,5,0.05
11918,5,0.02666666666666667
11924,5,0.016666666666666666
11928,5,0.02
11929,5,0.0
11935,5,0.03333333333333333
11937,5,0.18666666666666668
11955,5,0.013333333333333334
11957,5,0.05333333333333334
11961,5,0.006666666666666667
11962,5,0.01
11966,5,0.15666666666666668
11967,5,0.023333333333333334
11968,5,0.012666666666666666
11974,5,0.05333333333333334
11985,5,0.09
11997,5,0.05888888888888888
12003,5,0.03
12012,5,0.05333333333333334
12015,5,0.10333333333333333
12018,5,0.14666666666666667
12020,5,0.08333333333333333
12036,5,0.08333333333333333
12040,5,0.0
12044,5,0.056666666666666664
12060,5,0.016666666666666666
12062,5,0.25277777777777777
12070,5,0.07333333333333333
12076,5,0.07666666666666666
12079,5,0.1
12087,5,0.01
12093,5,0.07666666666666666
12094,5,0.06666666666666667
12102,5,0.0033333333333333335
12113,5,0.02
12144,5,0.02666666666666667
12149,5,0.03
12151,5,0.08222222222222221
12158,5,0.04
12160,5,0.023333333333333334
12161,5,0.023333333333333334
12171,5,0.013333333333333334
12174,5,0.02
12176,5,0.056666666666666664
12182,5,0.07666666666666666
12189,5,0.056666666666666664
12191,5,0.11333333333333333
12197,5,0.03777777777777777
12198,5,0.02666666666666667
12200,5,0.03333333333333333
12206,5,0.013333333333333334
12208,5,0.0033333333333333335
12211,5,0.016666666666666666
12215,5,0.023333333333333334
12220,5,0.006666666666666667
12223,5,0.0033333333333333335
12229,5,0.006666666666666667
12234,5,0.0
12247,5,0.05
12254,5,0.04666666666666667
12262,5,0.0033333333333333335
12263,5,0.0033333333333333335
12284,5,0.02
12292,5,0.023333333333333334
12311,5,0.0033333333333333335
12319,5,0.0
12322,5,0.03666666666666667
12331,5,0.07333333333333333
12333,5,0.03333333333333333
12334,5,0.01
12339,5,0.04
12342,5,0.016666666666666666
12344,5,0.0
12345,5,0.056666666666666664
12352,5,0.03
12355,5,0.028333333333333332
12360,5,0.20666666666666667
12367,5,0.09333333333333334
12376,5,0.01782828282828283
12380,5,0.03
12390,5,0.12333333333333334
12396,5,0.013333333333333334
12402,5,0.006666666666666667
12403,5,0.06666666666666667
12429,5,0.0033333333333333335
12440,5,0.04694444444444445
12447,5,0.09333333333333334
12454,5,0.03
12458,5,0.07666666666666666
12469,5,0.02
12476,5,0.01
12482,5,0.043333333333333335
12488,5,0.12666666666666668
12491,5,0.12333333333333334
12493,5,0.002916666666666667
12498,5,0.043333333333333335
12504,5,0.07916666666666666
12511,5,0.12666666666666668
12518,5,0.15333333333333332
12523,5,0.08666666666666667
12527,5,0.13333333333333333
12528,5,0.2
12529,5,0.08
12531,5,0.006666666666666667
12539,5,0.07
12565,5,0.2111111111111111
12569,5,0.07166666666666667
12570,5,0.13666666666666666
12577,5,0.016666666666666666
12583,5,0.03666666666666667
12585,5,0.023333333333333334
12586,5,0.0033333333333333335
12603,5,0.17333333333333334
12615,5,0.0425
12620,5,0.11333333333333333
12631,5,0.06038888888888888
12633,5,0.011666666666666667
12640,5,0.02
12643,5,0.07
12648,5,0.02
12656,5,0.08333333333333333
12676,5,0.07
12687,5,0.013333333333333334
12708,5,0.013333333333333334
12710,5,0.02666666666666667
12713,5,0.5066666666666667
12714,5,0.15333333333333332
12717,5,0.06666666666666667
12722,5,0.006666666666666667
12725,5,0.11666666666666667
12726,5,0.04
12727,5,0.07666666666666666
12733,5,0.01
12735,5,0.013333333333333334
12737,5,0.006666666666666667
12740,5,0.03333333333333333
12747,5,0.13333333333333333
12749,5,0.0638888888888889
12753,5,0.03333333333333333
12761,5,0.011666666666666667
12769,5,0.035
12783,5,0.0033333333333333335
12785,5,0.03
12794,5,0.03666666666666667
12795,5,0.06
12796,5,0.13
12800,5,0.03333333333333333
12809,5,0.08
12817,5,0.03916666666666667
12818,5,0.03666666666666667
12819,5,0.023333333333333334
12829,5,0.016666666666666666
12837,5,0.023333333333333334
12842,5,0.024444444444444442
12850,5,0.02666666666666667
12857,5,0.07666666666666666
12858,5,0.013333333333333334
12879,5,0.21272222222222223
12883,5,0.034444444444444444
12885,5,0.0033333333333333335
12890,5,0.04
12897,5,0.0
12911,5,0.13166666666666665
12920,5,0.12333333333333334
12923,5,0.013333333333333334
12924,5,0.013333333333333334
12930,5,0.031111111111111114
12934,5,0.61
12937,5,0.16
12938,5,0.16666666666666666
12941,5,0.054
12943,5,0.02666666666666667
12951,5,0.016666666666666666
12952,5,0.0
12954,5,0.07333333333333333
12960,5,0.023333333333333334
12969,5,0.06
12971,5,0.016666666666666666
12974,5,0.04472222222222222
12984,5,0.043333333333333335
12986,5,0.03
12998,5,0.08
13002,5,0.07138888888888888
13005,5,0.0
13007,5,0.03577777777777778
13011,5,0.04666666666666667
13024,5,0.07333333333333333
13027,5,0.06666666666666667
13030,5,0.13333333333333333
13050,5,0.03
13054,5,0.03
13061,5,0.22333333333333333
13064,5,0.0
13068,5,0.03333333333333333
13069,5,0.0825
13081,5,0.01
13089,5,0.07333333333333333
13097,5,0.056666666666666664
13104,5,0.0025
13111,5,0.06277777777777778
13129,5,0.04666666666666667
13131,5,0.10934259259259255
13134,5,0.04437301587301587
13139,5,0.0
13153,5,0.0
13171,5,0.01
13182,5,0.006666666666666667
13209,5,0.06
13214,5,0.05541666666666667
13215,5,0.03666666666666667
13216,5,0.0911111111111111
13223,5,0.7033333333333334
13234,5,0.006666666666666667
13242,5,0.143
13245,5,0.03
13250,5,0.06333333333333334
13251,5,0.1756984126984127
13253,5,0.01
13271,5,0.0033333333333333335
13272,5,0.041666666666666664
13286,5,0.13666666666666666
13309,5,0.09
13319,5,0.11
13339,5,0.011666666666666667
13344,5,0.0
13348,5,0.05
13350,5,0.0
13359,5,0.06
13365,5,0.006666666666666667
13373,5,0.023333333333333334
13375,5,0.022
13378,5,0.0
13381,5,0.11388888888888889
13386,5,0.1188888888888889
13409,5,0.03
13425,5,0.08
13426,5,0.01
13432,5,0.03
13442,5,0.03666666666666667
13444,5,0.04
13449,5,0.0033333333333333335
13454,5,0.0033333333333333335
13459,5,0.01
13471,5,0.05
13489,5,0.08222222222222221
13501,5,0.016666666666666666
13503,5,0.62
13505,5,0.013333333333333334
13523,5,0.2
13525,5,0.0033333333333333335
13537,5,0.05305555555555555
13559,5,0.01
13568,5,0.014444444444444447
13571,5,0.12666666666666668
13585,5,0.3566666666666667
13586,5,0.37333333333333335
13591,5,0.023333333333333334
13592,5,0.015
13594,5,0.023
13611,5,0.013333333333333334
13619,5,0.016666666666666666
13621,5,0.1875
13627,5,0.06333333333333334
13632,5,0.08916666666666667
13634,5,0.04487301587301587
13635,5,0.08333333333333333
13643,5,0.0
13662,5,0.02
13671,5,0.018333333333333333
13673,5,0.22833333333333333
13682,5,0.023333333333333334
13687,5,0.04
13690,5,0.01
13691,5,0.06333333333333334
13693,5,0.02
13698,5,0.043333333333333335
13709,5,0.023333333333333334
13719,5,0.03333333333333333
13721,5,0.0033333333333333335
13744,5,0.4540079365079365
13745,5,0.0638888888888889
13751,5,0.03
13755,5,0.013333333333333334
13756,5,0.25333333333333335
13757,5,0.06
13771,5,0.06333333333333334
13772,5,0.013333333333333334
13783,5,0.04
13787,5,0.05211111111111111
13815,5,0.023333333333333334
13823,5,0.1182936507936508
13827,5,0.20994444444444446
13838,5,0.10888888888888888
13840,5,0.0475
13846,5,0.09
13848,5,0.37666666666666665
13860,5,0.19944444444444448
13868,5,0.15166666666666667
13870,5,0.14944444444444446
13879,5,0.14666666666666667
13883,5,0.11316666666666668
13885,5,0.03666666666666667
13892,5,0.059166666666666666
13893,5,0.09666666666666666
13898,5,0.13277777777777777
13899,5,0.16
13909,5,0.07125
13919,5,0.11194444444444443
13924,5,0.06666666666666667
13927,5,0.01
13928,5,0.12411111111111112
13931,5,0.06666666666666667
13934,5,0.07
13936,5,0.0763888888888889
13937,5,0.023333333333333334
13967,5,0.006666666666666667
13969,5,0.10005555555555555
13975,5,0.15777777777777777
13976,5,0.07166666666666667
13981,5,0.04583333333333333
13983,5,0.16
13985,5,0.09333333333333334
13989,5,0.08812698412698414
13990,5,0.12
13991,5,0.06
13996,5,0.65
14010,5,0.06666666666666667
14011,5,0.04
14015,5,0.08333333333333333
14022,5,0.12333333333333334
14032,5,0.12333333333333334
14038,5,0.30666666666666664
14047,5,0.059166666666666666
14051,5,0.020833333333333332
14052,5,0.06666666666666667
14060,5,0.1309722222222222
14066,5,0.02666666666666667
14067,5,0.0
14071,5,0.024444444444444442
14075,5,0.006666666666666667
14076,5,0.07
14081,5,0.023888888888888887
14090,5,0.08333333333333333
14098,5,0.0033333333333333335
14104,5,0.06333333333333334
14122,5,0.02
14129,5,0.03333333333333333
14133,5,0.043333333333333335
14135,5,0.04666666666666667
14137,5,0.06666666666666667
14147,5,0.18666666666666668
14156,5,0.03333333333333333
14162,5,0.1
14164,5,0.02
14165,5,0.013333333333333334
14167,5,0.07
14169,5,0.006666666666666667
14176,5,0.023333333333333334
14203,5,0.06333333333333334
14204,5,0.013333333333333334
14210,5,0.058333333333333334
14217,5,0.0033333333333333335
14218,5,0.02
14224,5,0.013333333333333334
14231,5,0.04555555555555556
14252,5,0.029333333333333336
14271,5,0.013333333333333334
14282,5,0.016666666666666666
14291,5,0.03333333333333333
14296,5,0.13
14310,5,0.06
14316,5,0.06833333333333333
14318,5,0.043333333333333335
14324,5,0.13
14327,5,0.01
14330,5,0.056666666666666664
14336,5,0.01
14344,5,0.6333333333333333
14346,5,0.006666666666666667
14358,5,0.02
14365,5,0.01
14369,5,0.0
14373,5,0.03
14380,5,0.05333333333333334
14391,5,0.06666666666666667
14401,5,0.02
14406,5,0.006666666666666667
14442,5,0.15666666666666668
14446,5,0.02666666666666667
14450,5,0.10666666666666667
14452,5,0.03333333333333333
14456,5,0.02
14459,5,0.10666666666666667
14460,5,0.013333333333333334
14463,5,0.02666666666666667
14470,5,0.03666666666666667
14482,5,0.03333333333333333
14497,5,0.01
14498,5,0.04666666666666667
14503,5,0.023333333333333334
14518,5,0.05
14525,5,0.07333333333333333
14534,5,0.013333333333333334
14541,5,0.14333333333333334
14546,5,0.04666666666666667
14547,5,0.12
14549,5,0.023333333333333334
14558,5,0.03333333333333333
14559,5,0.11
14562,5,0.021111111111111112
14569,5,0.02
14571,5,0.024444444444444446
14580,5,0.0
14581,5,0.01
14587,5,0.013333333333333334
14589,5,0.0033333333333333335
14595,5,0.043333333333333335
14598,5,0.19
14602,5,0.016666666666666666
14603,5,0.04133333333333333
14607,5,0.0033333333333333335
14629,5,0.0033333333333333335
14630,5,0.016666666666666666
14638,5,0.07
14643,5,0.02666666666666667
14649,5,0.04
14650,5,0.01
14653,5,0.0033333333333333335
14660,5,0.08333333333333333
14666,5,0.03
14668,5,0.04666666666666667
14671,5,0.05
14672,5,0.08833333333333333
14682,5,0.03333333333333333
14684,5,0.23333333333333334
14687,5,0.11333333333333333
14688,5,0.04733333333333333
14692,5,0.04666666666666667
14694,5,0.07666666666666666
14702,5,0.02
14707,5,0.013333333333333334
14710,5,0.16333333333333333
14715,5,0.01
14717,5,0.08666666666666667
14718,5,0.09333333333333334
14731,5,0.14333333333333334
14746,5,0.02666666666666667
14757,5,0.0033333333333333335
14760,5,0.15066666666666667
14769,5,0.04833333333333333
14775,5,0.23666666666666666
14777,5,0.05333333333333334
14784,5,0.11333333333333333
14785,5,0.010555555555555556
14787,5,0.03
14791,5,0.04
14793,5,0.0
14803,5,0.025
14816,5,0.05330952380952381
14818,5,0.13333333333333333
14823,5,0.03
14826,5,0.01
14830,5,0.017777777777777778
14835,5,0.03
14847,5,0.35694444444444445
14848,5,0.03166666666666667
14866,5,0.0548888888888889
14882,5,0.035833333333333335
14885,5,0.05333333333333334
14896,5,0.041666666666666664
14898,5,0.11333333333333333
14903,5,0.06888888888888889
14917,5,0.12633333333333333
14924,5,0.07555555555555554
14928,5,0.07
14936,5,0.016666666666666666
14944,5,0.10333333333333333
14955,5,0.023333333333333334
14959,5,0.02
14964,5,0.15333333333333332
14974,5,0.13
14976,5,0.07333333333333333
14983,5,0.04
14991,5,0.023333333333333334
14999,5,0.06513888888888889
15002,5,0.06392063492063492
15006,5,0.4533333333333333
15028,5,0.09666666666666666
15034,5,0.09777777777777777
15037,5,0.023333333333333334
15045,5,0.014444444444444444
15049,5,0.02666666666666667
15055,5,0.16066666666666668
15063,5,0.023333333333333334
15070,5,0.1
15083,5,0.01
15093,5,0.04666666666666667
15106,5,0.03666666666666667
15114,5,0.034444444444444444
15126,5,0.24538888888888888
15129,5,0.02666666666666667
15131,5,0.05
15137,5,0.0
15148,5,0.0033333333333333335
15151,5,0.0
15158,5,0.06405423280423281
15159,5,0.08
15168,5,0.1872777777777778
15182,5,0.13333333333333333
15197,5,0.0
15198,5,0.05333333333333334
15202,5,0.225
15206,5,0.05333333333333334
15224,5,0.09666666666666666
15229,5,0.01
15230,5,0.043333333333333335
15232,5,0.006666666666666667
15234,5,0.08
15239,5,0.02666666666666667
15242,5,0.006666666666666667
15245,5,0.027777777777777773
15253,5,0.04794283494283494
15259,5,0.5333333333333333
15267,5,0.013333333333333334
15269,5,0.03888888888888889
15275,5,0.006666666666666667
15280,5,0.06805555555555555
15281,5,0.03666666666666667
15284,5,0.025833333333333333
15297,5,0.1613888888888889
15299,5,0.12444444444444443
15306,5,0.06888888888888889
15307,5,0.06666666666666667
15309,5,0.04666666666666667
15311,5,0.016666666666666666
15314,5,0.2122222222222222
15316,5,0.021111111111111112
15322,5,0.5533333333333333
15331,5,0.11666666666666667
15339,5,0.05583333333333333
15346,5,0.06666666666666667
15356,5,0.007222222222222222
15357,5,0.013333333333333334
15367,5,0.023333333333333334
15371,5,0.09694444444444444
15383,5,0.16333333333333333
15391,5,0.09
15398,5,0.11677777777777777
15399,5,0.13166666666666665
15402,5,0.055888888888888884
15405,5,0.07666666666666666
15415,5,0.03
15419,5,0.048888888888888885
15426,5,0.06583333333333333
15429,5,0.06599999999999999
15430,5,0.01
15434,5,0.09
15442,5,0.15333333333333332
15445,5,0.006666666666666667
15455,5,0.07333333333333333
15457,5,0.11266666666666665
15462,5,0.04
15473,5,0.10666666666666667
15486,5,0.006666666666666667
15488,5,0.023333333333333334
15497,5,0.006666666666666667
15502,5,0.07638888888888888
15505,5,0.11166666666666666
15515,5,0.03333333333333333
15520,5,0.006666666666666667
15522,5,0.011666666666666667
15524,5,0.0033333333333333335
15539,5,0.12455555555555556
15541,5,0.1338888888888889
15544,5,0.05333333333333334
15554,5,0.09
15560,5,0.03666666666666667
15562,5,0.09
15579,5,0.006666666666666667
15589,5,0.03166666666666667
15590,5,0.15333333333333332
15592,5,0.07333333333333333
15594,5,0.04
15597,5,0.36666666666666664
15599,5,0.043333333333333335
15601,5,0.006666666666666667
15602,5,0.0033333333333333335
15603,5,0.0033333333333333335
15610,5,0.0
15616,5,0.03333333333333333
15635,5,0.07333333333333333
15636,5,0.02
15639,5,0.07666666666666666
15640,5,0.09
15643,5,0.06666666666666667
15650,5,0.013333333333333334
15652,5,0.0
15657,5,0.3933333333333333
15658,5,0.05333333333333334
15665,5,0.09666666666666666
15667,5,0.10666666666666667
15668,5,0.04833333333333333
15669,5,0.034166666666666665
15671,5,0.016666666666666666
15675,5,0.03
15678,5,0.06333333333333334
15679,5,0.12
15680,5,0.14
15681,5,0.19333333333333333
15694,5,0.0
15709,5,0.10666666666666667
15718,5,0.12666666666666668
15721,5,0.04666666666666667
15722,5,0.14333333333333334
15743,5,0.056666666666666664
15753,5,0.041944444444444444
15759,5,0.6166666666666667
15769,5,0.006666666666666667
15774,5,0.023333333333333334
15800,5,0.06333333333333334
15803,5,0.016666666666666666
15814,5,0.02
15837,5,0.031111111111111107
15839,5,0.0
15842,5,0.3
15866,5,0.023333333333333334
15890,5,0.016666666666666666
15900,5,0.08
15904,5,0.027777777777777773
15906,5,0.02666666666666667
15919,5,0.04
15931,5,0.013333333333333334
15935,5,0.02666666666666667
15938,5,0.05333333333333334
15943,5,0.01
15946,5,0.03666666666666667
15950,5,0.03
15953,5,0.02
15957,5,0.08
15967,5,0.02666666666666667
15970,5,0.0033333333333333335
15988,5,0.023333333333333334
15990,5,0.0
15992,5,0.12
15999,5,0.043333333333333335
16006,5,0.03333333333333333
16007,5,0.18566666666666667
16014,5,0.006666666666666667
16033,5,0.0
16051,5,0.03
16052,5,0.049444444444444444
16053,5,0.02666666666666667
16056,5,0.22487037037037036
16071,5,0.0033333333333333335
16072,5,0.2787222222222222
16077,5,0.0033333333333333335
16079,5,0.2787222222222222
16082,5,0.2787222222222222
16086,5,0.07277777777777777
16100,5,0.03666666666666667
16111,5,0.01
16117,5,0.01888888888888889
16121,5,0.0033333333333333335
16127,5,0.16666666666666666
16132,5,0.07
16140,5,0.07666666666666666
16148,5,0.03
16151,5,0.06333333333333334
16156,5,0.036111111111111115
16160,5,0.06
16165,5,0.12944444444444442
16182,5,0.03333333333333333
16183,5,0.09666666666666666
16202,5,0.02
16213,5,0.1706060606060606
16215,5,0.07
16217,5,0.006666666666666667
16227,5,0.03333333333333333
16228,5,0.06333333333333334
16232,5,0.014444444444444444
16241,5,0.09666666666666666
16245,5,0.006666666666666667
16247,5,0.03
16253,5,0.08666666666666667
16254,5,0.01
16262,5,0.03333333333333333
16268,5,0.03333333333333333
16280,5,0.08666666666666667
16283,5,0.006666666666666667
16291,5,0.023333333333333334
16297,5,0.06666666666666667
16303,5,0.03444444444444444
16310,5,0.05
16314,5,0.02
16317,5,0.05
16318,5,0.03277777777777778
16321,5,0.04111111111111111
16341,5,0.023333333333333334
16352,5,0.22
16361,5,0.21666666666666667
16370,5,0.006666666666666667
16373,5,0.04666666666666667
16375,5,0.04595238095238095
16384,5,0.02666666666666667
16388,5,0.023333333333333334
16389,5,0.07666666666666666
16390,5,0.35
16391,5,0.005
16409,5,0.02
16418,5,0.006666666666666667
16426,5,0.6433333333333333
16430,5,0.37666666666666665
16433,5,0.12333333333333334
16452,5,0.006666666666666667
16453,5,0.029166666666666667
16455,5,0.01
16456,5,0.06521428571428571
16459,5,0.1428809523809524
16461,5,0.06799999999999999
16471,5,0.047999999999999994
16478,5,0.04666666666666667
16483,5,0.0
16486,5,0.07666666666666666
16495,5,0.077
16500,5,0.023333333333333334
16503,5,0.0033333333333333335
16507,5,0.04388888888888889
16509,5,0.01
16510,5,0.08
16512,5,0.005555555555555555
16516,5,0.056666666666666664
16517,5,0.02
16526,5,0.03166666666666667
16527,5,0.013333333333333334
16535,5,0.08694444444444445
16542,5,0.2966666666666667
16546,5,0.13583333333333333
16552,5,0.0
16584,5,0.03333333333333333
16587,5,0.043333333333333335
16591,5,0.16333333333333333
16597,5,0.09555555555555556
16603,5,0.02
16609,5,0.11883333333333333
16621,5,0.006666666666666667
16623,5,0.08666666666666667
16633,5,0.02666666666666667
16641,5,0.051111111111111114
16643,5,0.03666666666666667
16654,5,0.05
16665,5,0.05373015873015873
16674,5,0.005
16691,5,0.02666666666666667
16698,5,0.10166666666666667
16709,5,0.056666666666666664
16713,5,0.01
16716,5,0.03333333333333333
16725,5,0.023333333333333334
16731,5,0.006666666666666667
16737,5,0.03
16743,5,0.03
16747,5,0.04
16750,5,0.03333333333333333
16752,5,0.07
16758,5,0.0
16765,5,0.03
16779,5,0.2866666666666667
16786,5,0.006666666666666667
16791,5,0.02
16793,5,0.03666666666666667
16794,5,0.023333333333333334
16795,5,0.006666666666666667
16801,5,0.04666666666666667
16804,5,0.01
16808,5,0.006666666666666667
16810,5,0.016666666666666666
16826,5,0.09333333333333334
16830,5,0.006666666666666667
16832,5,0.05333333333333334
16835,5,0.05
16842,5,0.0275
16845,5,0.01
16851,5,0.02666666666666667
16864,5,0.01
16869,5,0.04
16882,5,0.012222222222222223
16891,5,0.0
16898,5,0.038452380952380946
16900,5,0.01
16910,5,0.09416666666666666
16923,5,0.4266666666666667
16939,5,0.03333333333333333
16949,5,0.016666666666666666
16950,5,0.04
16963,5,0.03666666666666667
16976,5,0.042333333333333334
16995,5,0.013333333333333334
17010,5,0.02
17014,5,0.03333333333333333
17028,5,0.09
17030,5,0.02
17034,5,0.04666666666666667
17037,5,0.06666666666666667
17041,5,0.09166666666666666
17048,5,0.11222222222222224
17050,5,0.0033333333333333335
17057,5,0.06166666666666667
17058,5,0.07666666666666666
17059,5,0.052222222222222225
17064,5,0.1
17072,5,0.07666666666666666
17077,5,0.030777777777777782
17081,5,0.15666666666666668
17085,5,0.07
17106,5,0.09333333333333334
17125,5,0.023333333333333334
17131,5,0.04477777777777778
17154,5,0.08333333333333333
17165,5,0.05
17166,5,0.056666666666666664
17180,5,0.0033333333333333335
17185,5,0.03333333333333333
17186,5,0.13
17199,5,0.03
17204,5,0.03333333333333333
17221,5,0.09
17222,5,0.016666666666666666
17224,5,0.04666666666666667
17237,5,0.06666666666666667
17239,5,0.08611111111111112
17240,5,0.04
17242,5,0.17
17243,5,0.06333333333333334
17248,5,0.15666666666666668
17253,5,0.30666666666666664
17257,5,0.06666666666666667
17286,5,0.01
17300,5,0.043333333333333335
17305,5,0.11333333333333333
17306,5,0.10605555555555556
17323,5,0.03
17328,5,0.016666666666666666
17330,5,0.10333333333333333
17344,5,0.12666666666666668
17355,5,0.05333333333333334
17356,5,0.04
17370,5,0.15666666666666668
17375,5,0.006666666666666667
17379,5,0.029166666666666667
17381,5,0.028333333333333332
17384,5,0.02
17401,5,0.03905555555555556
17413,5,0.016666666666666666
17415,5,0.03333333333333333
17432,5,0.0011111111111111111
17434,5,0.03222222222222223
17446,5,0.07333333333333333
17450,5,0.04666666666666667
17460,5,0.01
17480,5,0.12
17489,5,0.023333333333333334
17494,5,0.02
17495,5,0.02
17496,5,0.02
17497,5,0.42
17500,5,0.013333333333333334
17501,5,0.01
17508,5,0.013333333333333334
17515,5,0.05333333333333334
17516,5,0.016666666666666666
17527,5,0.05
17533,5,0.0033333333333333335
17542,5,0.06305555555555555
17563,5,0.22166666666666668
17565,5,0.016666666666666666
17570,5,0.051666666666666666
17578,5,0.03333333333333333
17584,5,0.06333333333333334
17587,5,0.06
17591,5,0.05
17595,5,0.013333333333333334
17598,5,0.06
17601,5,0.03
17607,5,0.06333333333333334
17618,5,0.013333333333333334
17622,5,0.20666666666666667
17629,5,0.04
17638,5,0.04
17639,5,0.01
17640,5,0.023333333333333334
17642,5,0.08666666666666667
17649,5,0.03
17672,5,0.013333333333333334
17675,5,0.05333333333333334
17685,5,0.006666666666666667
17687,5,0.02666666666666667
17703,5,0.01
17713,5,0.02
17726,5,0.0033333333333333335
17727,5,0.17333333333333334
17746,5,0.031481481481481485
17756,5,0.07703703703703703
17765,5,0.03
17768,5,0.015
17770,5,0.02
17787,5,0.013333333333333334
17797,5,0.37666666666666665
17801,5,0.21
17803,5,0.022222222222222223
17808,5,0.02
17811,5,0.06666666666666667
17813,5,0.02
17816,5,0.0033333333333333335
17825,5,0.006666666666666667
17828,5,0.07333333333333333
17834,5,0.1
17840,5,0.0033333333333333335
17842,5,0.02666666666666667
17847,5,0.013333333333333334
17853,5,0.04
17854,5,0.04
17864,5,0.2633333333333333
17873,5,0.006666666666666667
17875,5,0.006666666666666667
17890,5,0.023333333333333334
17909,5,0.02
17910,5,0.16
17911,5,0.03222222222222223
17915,5,0.04666666666666667
17929,5,0.2733333333333333
17937,5,0.06
17945,5,0.03333333333333333
17949,5,0.0033333333333333335
17955,5,0.03
17961,5,0.016666666666666666
17967,5,0.016666666666666666
17972,5,0.13
17984,5,0.023333333333333334
17987,5,0.03
17988,5,0.05
17993,5,0.01
18002,5,0.02666666666666667
18006,5,0.006666666666666667
18009,5,0.05
18010,5,0.0
18024,5,0.04555555555555555
18026,5,0.06916666666666667
18042,5,0.04
18045,5,0.08666666666666667
18048,5,0.135
18050,5,0.02666666666666667
18054,5,0.05333333333333334
18059,5,0.18333333333333332
18060,5,0.005555555555555555
18066,5,0.06666666666666667
18081,5,0.02666666666666667
18082,5,0.03333333333333333
18084,5,0.006666666666666667
18090,5,0.035888888888888894
18093,5,0.06
18105,5,0.04
18110,5,0.09
18114,5,0.025277777777777777
18125,5,0.03333333333333333
18131,5,0.016666666666666666
18133,5,0.03333333333333333
18138,5,0.23
18153,5,0.03
18154,5,0.0
18158,5,0.04833333333333333
18161,5,0.01911111111111111
18162,5,0.03133333333333333
18164,5,0.016666666666666666
18172,5,0.03333333333333333
18177,5,0.006666666666666667
18179,5,0.03166666666666667
18182,5,0.013333333333333334
18185,5,0.013333333333333334
18192,5,0.03333333333333333
18197,5,0.020555555555555553
18211,5,0.02
18212,5,0.06
18214,5,0.0016666666666666668
18217,5,0.06333333333333334
18220,5,0.006666666666666667
18221,5,0.043333333333333335
18222,5,0.03166666666666667
18223,5,0.043333333333333335
18224,5,0.013333333333333334
18232,5,0.023333333333333334
18233,5,0.02
18237,5,0.14333333333333334
18259,5,0.0033333333333333335
18275,5,0.016666666666666666
18280,5,0.04777777777777777
18288,5,0.19333333333333333
18293,5,0.11928571428571429
18297,5,0.016666666666666666
18299,5,0.04833333333333333
18304,5,0.021666666666666667
18307,5,0.09333333333333334
18315,5,0.035
18317,5,0.043333333333333335
18320,5,0.06333333333333334
18323,5,0.03166666666666667
18324,5,0.013333333333333334
18333,5,0.016666666666666666
18349,5,0.028888888888888888
18351,5,0.14111111111111113
18353,5,0.04666666666666667
18356,5,0.08666666666666667
18366,5,0.03666666666666667
18373,5,0.03666666666666667
18375,5,0.0
18378,5,0.017777777777777778
18382,5,0.022666666666666665
18388,5,0.03166666666666667
18389,5,0.1588888888888889
18390,5,0.04
18399,5,0.0075
18401,5,0.02666666666666667
18410,5,0.2595555555555556
18424,5,0.06666666666666667
18425,5,0.056666666666666664
18438,5,0.0
18441,5,0.04666666666666667
18448,5,0.09994444444444443
18468,5,0.04
18478,5,0.0425
18487,5,0.023333333333333334
18491,5,0.021666666666666667
18500,5,0.005
18507,5,0.03166666666666667
18513,5,0.023333333333333334
18535,5,0.013333333333333334
18544,5,0.08666666666666667
18549,5,0.02666666666666667
18557,5,0.013333333333333334
18563,5,0.06666666666666667
18568,5,0.0033333333333333335
18572,5,0.2961111111111111
18578,5,0.09933333333333333
18596,5,0.013333333333333334
18599,5,0.006666666666666667
18618,5,0.011388888888888888
18625,5,0.08333333333333333
18627,5,0.38333333333333336
18628,5,0.0033333333333333335
18629,5,0.01
18630,5,0.34750000000000003
18633,5,0.03666666666666667
18637,5,0.005
18650,5,0.04
18655,5,0.01
18660,5,0.02666666666666667
18661,5,0.013333333333333334
18667,5,0.024444444444444442
18668,5,0.08111111111111112
18670,5,0.04865079365079365
18672,5,0.01
18684,5,0.021666666666666667
18691,5,0.0
18694,5,0.006666666666666667
18705,5,0.006666666666666667
18710,5,0.01
18717,5,0.06333333333333334
18718,5,0.02666666666666667
18741,5,0.04666666666666667
18748,5,0.05
18753,5,0.03666666666666667
18763,5,0.04
18764,5,0.006666666666666667
18772,5,0.013333333333333334
18776,5,0.023333333333333334
18788,5,0.0033333333333333335
18792,5,0.016666666666666666
18793,5,0.01
18794,5,0.016666666666666666
18802,5,0.013333333333333334
18806,5,0.20666666666666667
18809,5,0.02
18813,5,0.08133333333333333
18826,5,0.21
18834,5,0.022666666666666665
18836,5,0.0
18843,5,0.028333333333333332
18850,5,0.03
18863,5,0.013333333333333334
18867,5,0.01
18880,5,0.013333333333333334
18884,5,0.0033333333333333335
18885,5,0.076
18886,5,0.056
18892,5,0.09333333333333334
18898,5,0.12666666666666668
18931,5,0.016666666666666666
18936,5,0.04833333333333333
18947,5,0.01
18954,5,0.10333333333333333
18958,5,0.0
18960,5,0.01
18961,5,0.12666666666666668
18969,5,0.03666666666666667
18976,5,0.016666666666666666
18978,5,0.008333333333333333
18993,5,0.016666666666666666
19014,5,0.07
19017,5,0.10333333333333333
19030,5,0.095
19033,5,0.04361111111111111
19034,5,0.035
19042,5,0.16333333333333333
19044,5,0.08333333333333333
19048,5,0.03333333333333333
19055,5,0.0033333333333333335
19059,5,0.006666666666666667
19067,5,0.0
19075,5,0.0033333333333333335
19080,5,0.029166666666666667
19090,5,0.12827777777777777
19092,5,0.1425
19112,5,0.17555555555555555
19115,5,0.36527777777777776
19122,5,0.093
19124,5,0.043333333333333335
19127,5,0.08333333333333333
19156,5,0.12333333333333334
19165,5,0.17777777777777778
19182,5,0.12
19183,5,0.035
19212,5,0.18666666666666668
19213,5,0.05333333333333334
19225,5,0.07
19228,5,0.016666666666666666
19230,5,0.08333333333333333
19243,5,0.0
19260,5,0.0
19263,5,0.016666666666666666
19265,5,0.05
19277,5,0.22
19280,5,0.056666666666666664
19281,5,0.016666666666666666
19286,5,0.01
19296,5,0.03844444444444444
19298,5,0.025111111111111112
19306,5,0.035555555555555556
19312,5,0.07366666666666667
19318,5,0.016666666666666666
19324,5,0.016
19325,5,0.016
19330,5,0.006666666666666667
19337,5,0.07
19342,5,0.016666666666666666
19344,5,0.013333333333333334
19345,5,0.03666666666666667
19348,5,0.006666666666666667
19352,5,0.08
19357,5,0.013333333333333334
19358,5,0.013333333333333334
19364,5,0.01
19371,5,0.02
19375,5,0.15333333333333332
19380,5,0.04666666666666667
19393,5,0.01
19396,5,0.02666666666666667
19407,5,0.15583333333333332
19408,5,0.03777777777777778
19410,5,0.17
19433,5,0.14722222222222223
19436,5,0.075
19443,5,0.01
19461,5,0.12666666666666668
19463,5,0.013333333333333334
19467,5,0.006666666666666667
19481,5,0.016666666666666666
19494,5,0.09
19502,5,0.09333333333333334
19506,5,0.08694444444444444
19508,5,0.016666666666666666
19512,5,0.05
19545,5,0.025
19552,5,0.018333333333333333
19567,5,0.013333333333333334
19570,5,0.01
19578,5,0.09
19588,5,0.07666666666666666
19591,5,0.0
19594,5,0.14888888888888888
19597,5,0.022333333333333334
19598,5,0.0
19602,5,0.016666666666666666
19630,5,0.092
19631,5,0.10333333333333333
19639,5,0.14333333333333334
19649,5,0.11555555555555558
19653,5,0.01
19660,5,0.03333333333333333
19663,5,0.02
19669,5,0.02666666666666667
19677,5,0.03
19682,5,0.12722222222222224
19699,5,0.016666666666666666
19702,5,0.08088888888888889
19706,5,0.12333333333333334
19717,5,0.01722222222222222
19718,5,0.13333333333333333
19719,5,0.2
19720,5,0.023333333333333334
19734,5,0.02
19762,5,0.019444444444444445
19770,5,0.04666666666666667
19777,5,0.02
19781,5,0.03888888888888889
19782,5,0.03333333333333333
19787,5,0.013
19797,5,0.07
19799,5,0.21333333333333335
19801,5,0.09033333333333333
19804,5,0.020666666666666667
19805,5,0.05
19809,5,0.03
19813,5,0.11572222222222223
19814,5,0.013333333333333334
19816,5,0.04666666666666667
19817,5,0.035222222222222224
19822,5,0.024666666666666667
19827,5,0.08511111111111111
19838,5,0.012777777777777777
19839,5,0.030555555555555555
19845,5,0.017777777777777778
19846,5,0.0033333333333333335
19850,5,0.059944444444444446
19860,5,0.10666666666666667
19861,5,0.10666666666666667
19863,5,0.016666666666666666
19881,5,0.0
19882,5,0.18598015873015872
19885,5,0.0
19887,5,0.016666666666666666
19893,5,0.05333333333333334
19897,5,0.041666666666666664
19915,5,0.15216666666666667
19920,5,0.016666666666666666
19925,5,0.09
19926,5,0.095
19927,5,0.048888888888888885
19935,5,0.16645238095238094
19937,5,0.041666666666666664
19943,5,0.035555555555555556
19949,5,0.17333333333333334
19955,5,0.17333333333333334
19957,5,0.17333333333333334
19965,5,0.04666666666666667
19967,5,0.01
19969,5,0.03
19970,5,0.06333333333333334
19996,5,0.04
20012,5,0.05
20021,5,0.06
20026,5,0.18
20033,5,0.007222222222222222
20046,5,0.01
20047,5,0.016666666666666666
20054,5,0.05
20062,5,0.06944444444444445
20067,5,0.005
20068,5,0.14755555555555558
20086,5,0.19
20098,5,0.043333333333333335
20100,5,0.013333333333333334
20104,5,0.03333333333333333
20118,5,0.016666666666666666
20143,5,0.3844444444444444
20144,5,0.03166666666666667
20151,5,0.0033333333333333335
20152,5,0.12
20162,5,0.33
20166,5,0.08666666666666667
20167,5,0.006666666666666667
20181,5,0.13333333333333333
20186,5,0.013333333333333334
20187,5,0.13
20199,5,0.21687037037037038
20203,5,0.1
20205,5,0.02
20213,5,0.044444444444444446
20214,5,0.02
20217,5,0.06944444444444443
20223,5,0.023333333333333334
20224,5,0.03666666666666667
20232,5,0.0
20239,5,0.15827777777777777
20241,5,0.05333333333333334
20243,5,0.02666666666666667
20247,5,0.034666666666666665
20249,5,0.0
20256,5,0.013333333333333334
20262,5,0.0033333333333333335
20263,5,0.16666666666666666
20272,5,0.03
20275,5,0.0
20279,5,0.13527777777777777
20281,5,0.027777777777777773
20285,5,0.0
20308,5,0.028333333333333332
20309,5,0.016666666666666666
20313,5,0.023333333333333334
20315,5,0.0033333333333333335
20318,5,0.04
20321,5,0.04555555555555555
20324,5,0.023333333333333334
20326,5,0.02666666666666667
20330,5,0.016666666666666666
20336,5,0.013333333333333334
20342,5,0.07555555555555556
20344,5,0.02666666666666667
20353,5,0.006666666666666667
20354,5,0.0325
20355,5,0.07
20357,5,0.4297658730158731
20359,5,0.4297658730158731
20375,5,0.08222222222222221
20376,5,0.11333333333333333
20380,5,0.16666666666666666
20388,5,0.05333333333333334
20396,5,0.09333333333333334
20408,5,0.05333333333333334
20421,5,0.12083333333333333
20422,5,0.0033333333333333335
20423,5,0.1388888888888889
20425,5,0.19333333333333333
20430,5,0.016666666666666666
20432,5,0.15522222222222223
20435,5,0.02
20459,5,0.0033333333333333335
20463,5,0.056666666666666664
20468,5,0.0
20471,5,0.06555555555555555
20477,5,0.0
20480,5,0.13455555555555557
20497,5,0.013333333333333334
20505,5,0.03833333333333333
20514,5,0.043333333333333335
20515,5,0.11
20535,5,0.21333333333333335
20536,5,0.10666666666666667
20541,5,0.02666666666666667
20544,5,0.023333333333333334
20546,5,0.03333333333333333
20555,5,0.20333333333333334
20558,5,0.13777777777777778
20572,5,0.21666666666666667
20581,5,0.10333333333333333
20582,5,0.041666666666666664
20588,5,0.15588888888888888
20590,5,0.03
20601,5,0.006666666666666667
20602,5,0.043333333333333335
20616,5,0.02
20623,5,0.36333333333333334
20630,5,0.06333333333333334
20631,5,0.023333333333333334
20639,5,0.24
20646,5,0.14833333333333334
20649,5,0.04
20657,5,0.07
20658,5,0.01
20660,5,0.04833333333333333
20662,5,0.0
20664,5,0.065
20676,5,0.10666666666666667
20683,5,0.006666666666666667
20689,5,0.018333333333333333
20693,5,0.0033333333333333335
20695,5,0.016666666666666666
20696,5,0.016666666666666666
20697,5,0.0033333333333333335
20703,5,0.11333333333333333
20706,5,0.07333333333333333
20714,5,0.02666666666666667
20724,5,0.04666666666666667
20728,5,0.16666666666666666
20741,5,0.0033333333333333335
20742,5,0.022
20744,5,0.10305555555555555
20749,5,0.02661111111111111
20771,5,0.1
20775,5,0.07
20779,5,0.03722222222222222
20782,5,0.013333333333333334
20783,5,0.19666666666666666
20796,5,0.02
20797,5,0.02666666666666667
20808,5,0.14466666666666667
20809,5,0.04
20812,5,0.19333333333333333
20824,5,0.08333333333333333
20832,5,0.08666666666666667
20833,5,0.11
20835,5,0.016666666666666666
20843,5,0.02666666666666667
20845,5,0.0
20848,5,0.006666666666666667
20852,5,0.01
20853,5,0.01
20854,5,0.0
20857,5,0.016666666666666666
20860,5,0.08333333333333333
20885,5,0.06333333333333334
20896,5,0.013333333333333334
20897,5,0.013333333333333334
20900,5,0.013333333333333334
20908,5,0.02
20918,5,0.18333333333333332
20923,5,0.03333333333333333
20928,5,0.0
20929,5,0.05777777777777779
20937,5,0.06666666666666667
20940,5,0.0
20948,5,0.01622222222222222
20951,5,0.043333333333333335
20953,5,0.0033333333333333335
20954,5,0.12
20960,5,0.07
20961,5,0.0
20964,5,0.07166666666666667
20969,5,0.07555555555555554
20976,5,0.0
20977,5,0.016666666666666666
20981,5,0.0
20982,5,0.06166666666666667
20998,5,0.04666666666666667
21000,5,0.014166666666666666
21006,5,0.04
21015,5,0.02
21020,5,0.12333333333333334
21033,5,0.09
21035,5,0.12
21037,5,0.02
21050,5,0.09
21053,5,0.023333333333333334
21054,5,0.1
21065,5,0.016666666666666666
21068,5,0.004666666666666666
21069,5,0.22333333333333333
21079,5,0.02
21088,5,0.01
21090,5,0.06666666666666667
21100,5,0.0033333333333333335
21104,5,0.24333333333333335
21105,5,0.03666666666666667
21108,5,0.03333333333333333
21120,5,0.05333333333333334
21124,5,0.03333333333333333
21137,5,0.3333333333333333
21145,5,0.023333333333333334
21168,5,0.21333333333333335
21173,5,0.11516666666666668
21181,5,0.016666666666666666
21182,5,0.03333333333333333
21187,5,0.006666666666666667
21196,5,0.06333333333333334
21197,5,0.01
21201,5,0.18666666666666668
21205,5,0.013333333333333334
21213,5,0.03
21214,5,0.06472222222222221
21219,5,0.02666666666666667
21220,5,0.016666666666666666
21223,5,0.016666666666666666
21231,5,0.03777777777777778
21233,5,0.031111111111111107
21242,5,0.03333333333333333
21243,5,0.05
21261,5,0.006666666666666667
21274,5,0.0
21277,5,0.03666666666666667
21279,5,0.03666666666666667
21283,5,0.043333333333333335
21293,5,0.023333333333333334
21296,5,0.1
21298,5,0.025
21302,5,0.07
21312,5,0.021904761904761903
21318,5,0.09666666666666666
21336,5,0.0033333333333333335
21345,5,0.06
21351,5,0.16333333333333333
21353,5,0.0033333333333333335
21378,5,0.06
21381,5,0.029166666666666667
21389,5,0.01
21391,5,0.016666666666666666
21397,5,0.0033333333333333335
21399,5,0.24666666666666667
21401,5,0.04666666666666667
21416,5,0.05
21418,5,0.04
21419,5,0.0033333333333333335
21425,5,0.01
21427,5,0.006666666666666667
21430,5,0.03333333333333333
21434,5,0.006666666666666667
21442,5,0.013333333333333334
21444,5,0.0033333333333333335
21450,5,0.010833333333333334
21469,5,0.012222222222222221
21478,5,0.016666666666666666
21488,5,0.0044444444444444444
21493,5,0.0033333333333333335
21500,5,0.0033333333333333335
21507,5,0.08
21510,5,0.08333333333333333
21515,5,0.013333333333333334
21517,5,0.02666666666666667
21518,5,0.04516666666666667
21520,5,0.0
21521,5,0.013333333333333334
21523,5,0.01
21530,5,0.02
21531,5,0.006666666666666667
21534,5,0.08333333333333333
21545,5,0.01
21549,5,0.0033333333333333335
21554,5,0.024444444444444442
21560,5,0.0033333333333333335
21570,5,0.6533333333333333
21571,5,0.029166666666666667
21576,5,0.01777777777777778
21578,5,0.0
21580,5,0.0
21583,5,0.09666666666666666
21591,5,0.01
21592,5,0.01
21593,5,0.0
21605,5,0.023333333333333334
21618,5,0.0033333333333333335
21626,5,0.0033333333333333335
21631,5,0.006666666666666667
21644,5,0.006666666666666667
21645,5,0.03666666666666667
21651,5,0.0175
21654,5,0.056666666666666664
21658,5,0.0033333333333333335
21660,5,0.016666666666666666
21665,5,0.016666666666666666
21667,5,0.0763888888888889
21675,5,0.006666666666666667
21682,5,0.013333333333333334
21686,5,0.008333333333333333
21697,5,0.0016666666666666668
21698,5,0.016666666666666666
21700,5,0.05
21706,5,0.03666666666666667
21718,5,0.013333333333333334
21723,5,0.016666666666666666
21725,5,0.006666666666666667
21734,5,0.07333333333333333
21741,5,0.01111111111111111
21747,5,0.08523809523809524
21764,5,0.05
21765,5,0.05
21769,5,0.0033333333333333335
21775,5,0.07
21779,5,0.6733333333333333
21780,5,0.016666666666666666
21782,5,0.0
21789,5,0.0033333333333333335
21791,5,0.008
21792,5,0.006666666666666667
21796,5,0.056666666666666664
21803,5,0.12133333333333333
21811,5,0.021666666666666667
21816,5,0.08666666666666667
21820,5,0.013333333333333334
21827,5,0.01966666666666667
21837,5,0.023333333333333334
21848,5,0.006666666666666667
21852,5,0.04583333333333333
21854,5,0.0033333333333333335
21870,5,0.056666666666666664
21876,5,0.09
21879,5,0.01
21887,5,0.01
21889,5,0.025
21892,5,0.02
21899,5,0.023333333333333334
21905,5,0.01
21908,5,0.10333333333333333
21923,5,0.06
21954,5,0.005
21966,5,0.0033333333333333335
21968,5,0.016666666666666666
21969,5,0.048111111111111104
21975,5,0.0033333333333333335
21976,5,0.03
21980,5,0.0
21998,5,0.01
22001,5,0.016666666666666666
22006,5,0.0033333333333333335
22010,5,0.016666666666666666
22011,5,0.025
22012,5,0.03666666666666667
22018,5,0.13
22021,5,0.045
22036,5,0.09
22055,5,0.0033333333333333335
22068,5,0.0033333333333333335
22074,5,0.26622222222222225
22094,5,0.17
22103,5,0.055
22113,5,0.016666666666666666
22119,5,0.06666666666666667
22134,5,0.021111111111111112
22138,5,0.0033333333333333335
22142,5,0.0
22148,5,0.002
22149,5,0.03
22162,5,0.0033333333333333335
22170,5,0.013333333333333334
22175,5,0.006666666666666667
22191,5,0.03666666666666667
22193,5,0.01
22200,5,0.09
22205,5,0.0
22207,5,0.0033333333333333335
22209,5,0.0
22218,5,0.06333333333333334
22219,5,0.2916666666666667
22224,5,0.012666666666666668
22228,5,0.03333333333333333
22231,5,0.013333333333333334
22243,5,0.016666666666666666
22244,5,0.06
22245,5,0.01
22258,5,0.07166666666666667
22263,5,0.18
22264,5,0.03666666666666667
22269,5,0.023333333333333334
22270,5,0.012666666666666668
22277,5,0.24666666666666667
22279,5,0.04
22284,5,0.043333333333333335
22292,5,0.03666666666666667
22293,5,0.02
22294,5,0.03833333333333333
22296,5,0.0033333333333333335
22309,5,0.013333333333333334
22315,5,0.0
22317,5,0.02666666666666667
22332,5,0.1761111111111111
22334,5,0.09333333333333334
22349,5,0.0033333333333333335
22353,5,0.012666666666666668
22355,5,0.01
22358,5,0.05
22365,5,0.013333333333333334
22371,5,0.03333333333333333
22375,5,0.04666666666666667
22379,5,0.01888888888888889
22382,5,0.056388888888888884
22387,5,0.06666666666666667
22390,5,0.02
22403,5,0.0515
22406,5,0.004166666666666667
22409,5,0.02
22412,5,0.14666666666666667
22413,5,0.04666666666666667
22415,5,0.0175
22418,5,0.006666666666666667
22428,5,0.09333333333333334
22457,5,0.14777777777777779
22458,5,0.0033333333333333335
22471,5,0.05333333333333334
22473,5,0.07583333333333334
22475,5,0.028249999999999997
22480,5,0.0033333333333333335
22488,5,0.021666666666666667
22498,5,0.0033333333333333335
22501,5,0.03333333333333333
22508,5,0.07
22509,5,0.0033333333333333335
22512,5,0.0033333333333333335
22516,5,0.0275
22524,5,0.060833333333333336
22525,5,0.0
22527,5,0.02327777777777778
22534,5,0.010555555555555556
22536,5,0.0
22537,5,0.013333333333333334
22549,5,0.15
22565,5,0.005666666666666666
22573,5,0.006
22575,5,0.02666666666666667
22582,5,0.02666666666666667
22586,5,0.013833333333333335
22592,5,0.1
22597,5,0.013333333333333334
22646,5,0.03
22650,5,0.006666666666666667
22663,5,0.02
22673,5,0.042444444444444444
22674,5,0.03333333333333333
22688,5,0.01722222222222222
22692,5,0.03333333333333333
22699,5,0.03333333333333333
22700,5,0.03
22714,5,0.0033333333333333335
22719,5,0.01
22725,5,0.023333333333333334
22728,5,0.02666666666666667
22730,5,0.014
22732,5,0.02
22733,5,0.03666666666666667
22755,5,0.02
22758,5,0.018333333333333333
22795,5,0.13333333333333333
22804,5,0.19666666666666666
22808,5,0.016666666666666666
22811,5,0.006666666666666667
22823,5,0.02177777777777778
22825,5,0.16333333333333333
22834,5,0.0033333333333333335
22858,5,0.0
22859,5,0.01138888888888889
22869,5,0.023333333333333334
22870,5,0.006666666666666667
22876,5,0.0
22878,5,0.11333333333333333
22893,5,0.008055555555555555
22899,5,0.014444444444444447
22902,5,0.11666666666666667
22906,5,0.6766666666666666
22924,5,0.05333333333333334
22928,5,0.013333333333333334
22929,5,0.01
22941,5,0.06666666666666667
22943,5,0.13
22952,5,0.12
22960,5,0.019444444444444445
22981,5,0.04
22982,5,0.04
22984,5,0.05
22996,5,0.02666666666666667
22998,5,0.01
23006,5,0.07
23015,5,0.01
23019,5,0.12
23023,5,0.0033333333333333335
23024,5,0.016666666666666666
23025,5,0.05333333333333334
23034,5,0.03333333333333333
23037,5,0.03666666666666667
23050,5,0.02666666666666667
23056,5,0.0033333333333333335
23060,5,0.016666666666666666
23071,5,0.00488888888888889
23077,5,0.03333333333333333
23083,5,0.01
23084,5,0.006666666666666667
23093,5,0.03
23103,5,0.013333333333333334
23105,5,0.01
23109,5,0.023333333333333334
23114,5,0.09
23116,5,0.03
23119,5,0.08
23135,5,0.043333333333333335
23138,5,0.1
23139,5,0.0033333333333333335
23144,5,0.029166666666666667
23154,5,0.21333333333333335
23158,5,0.14
23160,5,0.03
23168,5,0.006666666666666667
23170,5,0.07666666666666666
23175,5,0.08166666666666667
23181,5,0.005
23202,5,0.03666666666666667
23205,5,0.023333333333333334
23227,5,0.016666666666666666
23234,5,0.02
23241,5,0.1
23242,5,0.03833333333333333
23244,5,0.18
23246,5,0.09666666666666666
23248,5,0.011111111111111112
23253,5,0.006666666666666667
23257,5,0.0033333333333333335
23258,5,0.024444444444444442
23260,5,0.21333333333333335
23264,5,0.0
23265,5,0.05
23275,5,0.02
23278,5,0.12666666666666668
23279,5,0.10333333333333333
23282,5,0.07
23284,5,0.08333333333333333
23285,5,0.05
23302,5,0.02
23307,5,0.02666666666666667
23308,5,0.038
23310,5,0.06
23311,5,0.05333333333333334
23312,5,0.01
23315,5,0.016666666666666666
23317,5,0.023333333333333334
23323,5,0.24545238095238095
23328,5,0.16666666666666666
23330,5,0.006666666666666667
23338,5,0.27
23345,5,0.06
23348,5,0.016666666666666666
23352,5,0.08333333333333333
23356,5,0.13666666666666666
23374,5,0.056666666666666664
23376,5,0.0033333333333333335
23385,5,0.26622222222222225
23388,5,0.02
23396,5,0.006666666666666667
23409,5,0.19083333333333333
23410,5,0.07666666666666666
23424,5,0.06
23426,5,0.056666666666666664
23438,5,0.11333333333333333
23442,5,0.016666666666666666
23446,5,0.0
23471,5,0.02666666666666667
23473,5,0.011944444444444445
23484,5,0.1
23500,5,0.006666666666666667
23502,5,0.006666666666666667
23514,5,0.016666666666666666
23516,5,0.056666666666666664
23535,5,0.22666666666666666
23544,5,0.023333333333333334
23545,5,0.023333333333333334
23549,5,0.02
23559,5,0.05
23590,5,0.06333333333333334
23591,5,0.016666666666666666
23598,5,0.11333333333333333
23604,5,0.12611111111111112
23611,5,0.01
23618,5,0.043333333333333335
23625,5,0.03
23630,5,0.07666666666666666
23636,5,0.016666666666666666
23642,5,0.006666666666666667
23643,5,0.105
23667,5,0.013333333333333334
23672,5,0.02666666666666667
23677,5,0.043333333333333335
23678,5,0.03
23681,5,0.02666666666666667
23689,5,0.06388888888888888
23691,5,0.006666666666666667
23695,5,0.02666666666666667
23697,5,0.03
23702,5,0.01
23710,5,0.016666666666666666
23718,5,0.06666666666666667
23735,5,0.08166666666666667
23740,5,0.006666666666666667
23742,5,0.06466666666666666
23743,5,0.02666666666666667
23757,5,0.043333333333333335
23763,5,0.0033333333333333335
23767,5,0.0033333333333333335
23774,5,0.023333333333333334
23793,5,0.02
23802,5,0.06
23811,5,0.022333333333333334
23814,5,0.016666666666666666
23826,5,0.12447222222222223
23828,5,0.03166666666666667
23831,5,0.007333333333333334
23850,5,0.0
23854,5,0.03722222222222222
23856,5,0.15
23874,5,0.04855555555555555
23875,5,0.0016666666666666668
23880,5,0.07333333333333333
23885,5,0.06
23903,5,0.03
23918,5,0.043333333333333335
23922,5,0.02
23925,5,0.025444444444444447
23933,5,0.006666666666666667
23941,5,0.06333333333333334
23942,5,0.14666666666666667
23952,5,0.016666666666666666
23955,5,0.14333333333333334
23957,5,0.056515873015873005
23959,5,0.03666666666666667
23961,5,0.043333333333333335
23966,5,0.032611111111111105
23969,5,0.0033333333333333335
23972,5,0.025444444444444447
23983,5,0.01
23988,5,0.043333333333333335
23989,5,0.07666666666666666
23991,5,0.035
23999,5,0.5533333333333333
24000,5,0.45666666666666667
24001,5,0.76
24017,5,0.62
24021,5,0.3
24026,5,0.5866666666666667
24029,5,0.77
24036,5,0.74
24043,5,0.7933333333333333
24057,5,0.51
24061,5,0.7366666666666667
24064,5,0.14666666666666667
24069,5,0.19333333333333333
24076,5,0.44399999999999995
24078,5,0.5366666666666666
24082,5,0.29333333333333333
24090,5,0.14333333333333334
24096,5,0.17
24104,5,0.147
24106,5,0.27666666666666667
24109,5,0.05333333333333334
24116,5,0.07
24119,5,0.02666666666666667
24124,5,0.006666666666666667
24146,5,0.006666666666666667
24149,5,0.0
24157,5,0.01
24159,5,0.0
24163,5,0.006666666666666667
24167,5,0.016666666666666666
24168,5,0.0
24171,5,0.19555555555555554
24178,5,0.03833333333333333
24179,5,0.0033333333333333335
24182,5,0.01
24183,5,0.0
24184,5,0.01
24190,5,0.0
24199,5,0.0033333333333333335
24201,5,0.0008333333333333334
24205,5,0.0044444444444444444
24208,5,0.0044444444444444444
24210,5,0.016666666666666666
24216,5,0.05333333333333334
24225,5,0.01
24234,5,0.03833333333333333
24237,5,0.0
24239,5,0.02666666666666667
24257,5,0.0475
24259,5,0.0
24260,5,0.0033333333333333335
24263,5,0.0033333333333333335
24274,5,0.006666666666666667
24294,5,0.01
24300,5,0.019444444444444445
24308,5,0.0033333333333333335
24311,5,0.020333333333333335
24317,5,0.006666666666666667
24321,5,0.0033333333333333335
24323,5,0.01
24324,5,0.0
24330,5,0.0
24331,5,0.006666666666666667
24339,5,0.006666666666666667
24342,5,0.16
24350,5,0.006666666666666667
24357,5,0.013333333333333334
24364,5,0.0
24366,5,0.006666666666666667
24369,5,0.04
24379,5,0.01
24387,5,0.013888888888888886
24402,5,0.006666666666666667
24403,5,0.05662698412698412
24412,5,0.043333333333333335
24413,5,0.013333333333333334
24416,5,0.0
24422,5,0.01
24426,5,0.02666666666666667
24428,5,0.02666666666666667
24443,5,0.042222222222222223
24446,5,0.0
24451,5,0.03188888888888889
24458,5,0.0
24469,5,0.01
24479,5,0.025
24485,5,0.03
24492,5,0.07313227513227512
24506,5,0.0033333333333333335
24518,5,0.029722222222222226
24523,5,0.0033333333333333335
24524,5,0.08666666666666667
24531,5,0.0033333333333333335
24532,5,0.01
24545,5,0.006666666666666667
24555,5,0.03333333333333333
24559,5,0.07305555555555555
24561,5,0.0
24569,5,0.03783333333333333
24571,5,0.04666666666666667
24578,5,0.05333333333333334
24583,5,0.14666666666666667
24586,5,0.03333333333333333
24590,5,0.05
24592,5,0.07666666666666666
24597,5,0.0033333333333333335
24612,5,0.02
24613,5,0.14
24619,5,0.02666666666666667
24628,5,0.08333333333333333
24634,5,0.0033333333333333335
24638,5,0.013333333333333334
24640,5,0.08
24647,5,0.02
24656,5,0.015
24660,5,0.023333333333333334
24661,5,0.006666666666666667
24664,5,0.0
24690,5,0.0033333333333333335
24693,5,0.0
24696,5,0.01
24707,5,0.04833333333333333
24709,5,0.006666666666666667
24723,5,0.17666666666666667
24738,5,0.08666666666666667
24747,5,0.008333333333333333
24752,5,0.013333333333333334
24761,5,0.006666666666666667
24768,5,0.08
24769,5,0.03
24775,5,0.08333333333333333
24783,5,0.04666666666666667
24785,5,0.023333333333333334
24794,5,0.01
24798,5,0.006666666666666667
24807,5,0.08666666666666667
24809,5,0.0033333333333333335
24819,5,0.04
24823,5,0.0022222222222222222
24827,5,0.0
24831,5,0.0
24854,5,0.03333333333333333
24863,5,0.02666666666666667
24874,5,0.06833333333333333
24884,5,0.0
24892,5,0.023333333333333334
24894,5,0.0
24898,5,0.03666666666666667
24901,5,0.04666666666666667
24921,5,0.06
24945,5,0.056666666666666664
24949,5,0.09
24950,5,0.01
24951,5,0.0033333333333333335
24953,5,0.10333333333333333
24964,5,0.0
24969,5,0.023333333333333334
24971,5,0.03666666666666667
24977,5,0.006666666666666667
24987,5,0.0
24994,5,0.07666666666666666
25012,5,0.006666666666666667
25013,5,0.04
25030,5,0.023333333333333334
25035,5,0.08
25040,5,0.028888888888888895
25043,5,0.025
25047,5,0.08
25048,5,0.03222222222222222
25053,5,0.27
25054,5,0.09944444444444445
25055,5,0.08
25058,5,0.056666666666666664
25079,5,0.016666666666666666
25081,5,0.013333333333333334
25083,5,0.023333333333333334
25085,5,0.04
25086,5,0.0
25090,5,0.04
25093,5,0.1
25095,5,0.14
25098,5,0.07166666666666667
25099,5,0.05
25100,5,0.04666666666666667
25101,5,0.013333333333333334
25109,5,0.006666666666666667
25110,5,0.0
25111,5,0.0033333333333333335
25121,5,0.011666666666666667
25125,5,0.006666666666666667
25127,5,0.02666666666666667
25148,5,0.13
25163,5,0.01
25169,5,0.01
25175,5,0.12583333333333332
25190,5,0.041888888888888885
25193,5,0.013333333333333334
25202,5,0.056666666666666664
25204,5,0.02666666666666667
25210,5,0.043333333333333335
25211,5,0.07666666666666666
25221,5,0.01
25230,5,0.0033333333333333335
25240,5,0.056666666666666664
25249,5,0.01
25250,5,0.016666666666666666
25261,5,0.03
25276,5,0.09905555555555558
25278,5,0.023333333333333334
25304,5,0.0033333333333333335
25325,5,0.0033333333333333335
25332,5,0.04
25346,5,0.03
25367,5,0.043333333333333335
25374,5,0.006666666666666667
25398,5,0.056666666666666664
25401,5,0.013333333333333334
25405,5,0.0
25407,5,0.006666666666666667
25415,5,0.041111111111111105
25416,5,0.0
25421,5,0.02666666666666667
25423,5,0.0033333333333333335
25437,5,0.19
25438,5,0.006666666666666667
25440,5,0.016666666666666666
25441,5,0.03666666666666667
25449,5,0.006666666666666667
25454,5,0.06666666666666667
25465,5,0.05
25466,5,0.00811111111111111
25487,5,0.03
25498,5,0.05509523809523809
25505,5,0.023333333333333334
25506,5,0.0033333333333333335
25511,5,0.03666666666666667
25514,5,0.06677777777777777
25520,5,0.05333333333333334
25533,5,0.10111111111111111
25535,5,0.09666666666666666
25538,5,0.07333333333333333
25553,5,0.04672222222222222
25554,5,0.006666666666666667
25562,5,0.043333333333333335
25573,5,0.0
25576,5,0.0033333333333333335
25579,5,0.0
25589,5,0.0033333333333333335
25596,5,0.0
25607,5,0.013333333333333334
25610,5,0.05222222222222222
25614,5,0.02
25617,5,0.018055555555555554
25627,5,0.09
25632,5,0.016666666666666666
25640,5,0.0033333333333333335
25648,5,0.5088637566137567
25650,5,0.0
25655,5,0.006666666666666667
25670,5,0.016666666666666666
25673,5,0.016666666666666666
25678,5,0.03333333333333333
25683,5,0.0
25687,5,0.04666666666666667
25689,5,0.07
25692,5,0.01
25696,5,0.03333333333333333
25711,5,0.04
25718,5,0.02
25719,5,0.04766666666666666
25721,5,0.023333333333333334
25724,5,0.023333333333333334
25730,5,0.013333333333333334
25731,5,0.0033333333333333335
25732,5,0.0
25748,5,0.06666666666666667
25751,5,0.013333333333333334
25756,5,0.023333333333333334
25762,5,0.04
25770,5,0.03333333333333333
25811,5,0.0
25817,5,0.013333333333333334
25825,5,0.0
25838,5,0.04
25844,5,0.0033333333333333335
25847,5,0.013333333333333334
25851,5,0.16431830206830209
25854,5,0.08666666666666667
25856,5,0.07666666666666666
25865,5,0.07666666666666666
25866,5,0.043333333333333335
25868,5,0.02388888888888889
25872,5,0.05333333333333334
25874,5,0.0016666666666666668
25877,5,0.02666666666666667
25879,5,0.07333333333333333
25884,5,0.013333333333333334
25886,5,0.01
25897,5,0.007222222222222222
25907,5,0.016666666666666666
25917,5,0.0
25918,5,0.04666666666666667
25920,5,0.12666666666666668
25939,5,0.07666666666666666
25941,5,0.20074074074074075
25948,5,0.006666666666666667
25957,5,0.0
25963,5,0.02
25966,5,0.006666666666666667
25969,5,0.0044444444444444444
25975,5,0.015
25983,5,0.01
25986,5,0.5088637566137567
25988,5,0.004666666666666666
25990,5,0.02666666666666667
25999,5,0.0
26006,5,0.06
26008,5,0.03
26011,5,0.14388888888888887
26013,5,0.006666666666666667
26021,5,0.058333333333333334
26022,5,0.04666666666666667
26024,5,0.16
26040,5,0.15333333333333332
26055,5,0.006666666666666667
26059,5,0.0
26062,5,0.09
26068,5,0.07111111111111111
26079,5,0.0
26088,5,0.08333333333333333
26105,5,0.09666666666666666
26111,5,0.0
26116,5,0.05
26124,5,0.006666666666666667
26128,5,0.0
26130,5,0.12
26131,5,0.013333333333333334
26150,5,0.0
26152,5,0.013333333333333334
26155,5,0.043333333333333335
26158,5,0.02
26170,5,0.041777777777777775
26173,5,0.08
26187,5,0.02
26208,5,0.26488888888888884
26212,5,0.016666666666666666
26220,5,0.08666666666666667
26221,5,0.0033333333333333335
26237,5,0.13
26238,5,0.0
26243,5,0.07305555555555555
26244,5,0.05333333333333334
26246,5,0.06166666666666667
26259,5,0.058333333333333334
26270,5,0.04
26273,5,0.17166666666666666
26277,5,0.05
26282,5,0.04777777777777777
26294,5,0.014444444444444444
26296,5,0.03666666666666667
26297,5,0.043333333333333335
26309,5,0.06666666666666667
26317,5,0.013333333333333334
26324,5,0.056666666666666664
26329,5,0.06
26345,5,0.5733333333333334
26346,5,0.19
26347,5,0.020833333333333332
26351,5,0.48333333333333334
26358,5,0.006666666666666667
26372,5,0.10811111111111113
26374,5,0.04
26382,5,0.011666666666666667
26387,5,0.14333333333333334
26402,5,0.056666666666666664
26403,5,0.23333333333333334
26413,5,0.013333333333333334
26425,5,0.06333333333333334
26428,5,0.07333333333333333
26429,5,0.21333333333333335
26430,5,0.06
26434,5,0.0033333333333333335
26438,5,0.02
26443,5,0.018333333333333333
26446,5,0.17666666666666667
26449,5,0.07666666666666666
26456,5,0.07
26461,5,0.135
26468,5,0.11
26472,5,0.016666666666666666
26483,5,0.05
26484,5,0.45666666666666667
26488,5,0.02666666666666667
26491,5,0.03666666666666667
26500,5,0.03194444444444445
26507,5,0.01
26515,5,0.23666666666666666
26524,5,0.02
26528,5,0.016666666666666666
26540,5,0.03666666666666667
26545,5,0.03666666666666667
26551,5,0.09333333333333334
26554,5,0.05
26565,5,0.03666666666666667
26589,5,0.006666666666666667
26594,5,0.07494444444444444
26605,5,0.02666666666666667
26609,5,0.0
26611,5,0.04666666666666667
26639,5,0.043333333333333335
26640,5,0.23
26641,5,0.006666666666666667
26642,5,0.01577777777777778
26644,5,0.04666666666666667
26653,5,0.14
26657,5,0.03333333333333333
26658,5,0.03666666666666667
26661,5,0.02666666666666667
26672,5,0.02
26684,5,0.2833333333333333
26686,5,0.12333333333333334
26697,5,0.043333333333333335
26700,5,0.06
26712,5,0.01
26717,5,0.12166666666666667
26720,5,0.02
26725,5,0.11555555555555558
26726,5,0.02
26730,5,0.023333333333333334
26733,5,0.013333333333333334
26734,5,0.03666666666666667
26781,5,0.32666666666666666
26795,5,0.27111111111111114
26803,5,0.09
26804,5,0.05333333333333334
26806,5,0.028888888888888895
26808,5,0.016666666666666666
26809,5,0.03666666666666667
26812,5,0.03166666666666667
26814,5,0.07944444444444446
26828,5,0.04
26836,5,0.01
26839,5,0.01
26841,5,0.10333333333333333
26848,5,0.016666666666666666
26862,5,0.06666666666666667
26875,5,0.0033333333333333335
26900,5,0.026444444444444444
26907,5,0.07
26912,5,0.02666666666666667
26925,5,0.03
26929,5,0.016666666666666666
26934,5,0.24
26940,5,0.09666666666666666
26941,5,0.006666666666666667
26956,5,0.18873015873015872
26959,5,0.06511111111111112
26962,5,0.0
26966,5,0.016666666666666666
26968,5,0.016666666666666666
26977,5,0.016666666666666666
26979,5,0.16
26981,5,0.14
26989,5,0.013333333333333334
26996,5,0.0033333333333333335
26997,5,0.0
26999,5,0.02
27004,5,0.03
27005,5,0.09333333333333334
27010,5,0.03
27019,5,0.16666666666666666
27034,5,0.0125
27039,5,0.10666666666666667
27054,5,0.17333333333333334
27055,5,0.03
27056,5,0.013333333333333334
27065,5,0.03
27076,5,0.02
27080,5,0.02666666666666667
27086,5,0.043333333333333335
27091,5,0.11
27094,5,0.03333333333333333
27101,5,0.09166666666666666
27106,5,0.185
27118,5,0.04
27120,5,0.03666666666666667
27122,5,0.01
27128,5,0.006666666666666667
27133,5,0.03244444444444445
27134,5,0.043333333333333335
27136,5,0.01746031746031746
27144,5,0.023333333333333334
27148,5,0.023888888888888887
27158,5,0.02
27166,5,0.1277777777777778
27172,5,0.02666666666666667
27188,5,0.6133333333333333
27195,5,0.034333333333333334
27196,5,0.0
27206,5,0.035
27215,5,0.04
27219,5,0.006666666666666667
27226,5,0.02
27242,5,0.03333333333333333
27253,5,0.08333333333333333
27259,5,0.31
27271,5,0.09666666666666666
27290,5,0.35333333333333333
27293,5,0.04666666666666667
27296,5,0.11666666666666667
27297,5,0.03333333333333333
27302,5,0.10083333333333333
27307,5,0.18666666666666668
27328,5,0.016666666666666666
27334,5,0.12333333333333334
27338,5,0.06
27341,5,0.09142857142857143
27343,5,0.10344444444444445
27364,5,0.09
27365,5,0.025833333333333333
27366,5,0.20666666666666667
27370,5,0.10333333333333333
27381,5,0.05333333333333334
27382,5,0.1738333333333333
27386,5,0.06333333333333334
27387,5,0.04666666666666667
27389,5,0.03333333333333333
27391,5,0.043333333333333335
27398,5,0.71
27400,5,0.10666666666666667
27401,5,0.043333333333333335
27406,5,0.0033333333333333335
27407,5,0.06666666666666667
27409,5,0.12333333333333334
27411,5,0.06016666666666667
27413,5,0.05249999999999999
27415,5,0.0033333333333333335
27425,5,0.05333333333333334
27427,5,0.14
27432,5,0.02666666666666667
27438,5,0.041666666666666664
27448,5,0.06
27452,5,0.01
27453,5,0.07
27456,5,0.0
27459,5,0.115
27466,5,0.03333333333333333
27470,5,0.1
27472,5,0.18
27503,5,0.17355555555555555
27519,5,0.16666666666666666
27520,5,0.07
27526,5,0.06
27530,5,0.0044444444444444444
27540,5,0.041111111111111105
27545,5,0.04666666666666667
27546,5,0.0033333333333333335
27551,5,0.07166666666666667
27567,5,0.18833333333333332
27575,5,0.12
27581,5,0.01
27590,5,0.0033333333333333335
27603,5,0.041666666666666664
27612,5,0.0033333333333333335
27625,5,0.02666666666666667
27629,5,0.006666666666666667
27642,5,0.0525
27643,5,0.02
27646,5,0.016666666666666666
27651,5,0.05333333333333334
27654,5,0.04666666666666667
27657,5,0.08
27671,5,0.08
27676,5,0.02
27684,5,0.13333333333333333
27689,5,0.03
27695,5,0.49666666666666665
27698,5,0.23916666666666667
27702,5,0.5069920634920635
27703,5,0.5112142857142856
27715,5,0.73
27721,5,0.38426984126984126
27725,5,0.3157301587301587
27733,5,0.34833333333333333
27739,5,0.22666666666666666
27745,5,0.2911111111111111
27747,5,0.24
27749,5,0.20166666666666666
27753,5,0.023333333333333334
27754,5,0.6733333333333333
27757,5,0.5433333333333333
27758,5,0.6433333333333333
27761,5,0.8746666666666666
27764,5,0.7666666666666667
27769,5,0.2894444444444445
27771,5,0.47277777777777774
27772,5,0.4063333333333334
27783,5,0.48848412698412697
27788,5,0.3801111111111111
27806,5,0.27666666666666667
27822,5,0.5271031746031747
27824,5,0.18666666666666668
27828,5,0.36333333333333334
27829,5,0.465
27832,5,0.4633333333333333
27837,5,0.49333333333333335
27842,5,0.42
27856,5,0.5087777777777779
27863,5,0.4296666666666667
27865,5,0.5877222222222223
27875,5,0.30777777777777776
27888,5,0.285
27897,5,0.86
27898,5,0.39666666666666667
27907,5,0.65
27912,5,0.24333333333333335
27915,5,0.518888888888889
27923,5,0.3233333333333333
27930,5,0.3732142857142857
27932,5,0.20805555555555558
27939,5,0.2753333333333334
27942,5,0.2611111111111111
27948,5,0.5494444444444445
27956,5,0.528611111111111
27962,5,0.4266666666666667
27967,5,0.20333333333333334
27968,5,0.14666666666666667
27973,5,0.5633333333333334
27977,5,0.14333333333333334
27978,5,0.31333333333333335
27982,5,0.10666666666666667
28007,5,0.20888888888888887
28009,5,0.21083333333333334
28013,5,0.2519047619047619
28022,5,0.14666666666666667
28025,5,0.10666666666666667
28030,5,0.06333333333333334
28038,5,0.17777777777777776
28048,5,0.1
28053,5,0.10666666666666667
28057,5,0.22666666666666666
28067,5,0.16666666666666666
28070,5,0.24
28072,5,0.03333333333333333
28081,5,0.01
28082,5,0.21
28084,5,0.07
28088,5,0.03
28090,5,0.23333333333333334
28097,5,0.07
28107,5,0.14333333333333334
28116,5,0.07
28136,5,0.30333333333333334
28137,5,0.4277777777777777
28138,5,0.1
28144,5,0.03333333333333333
28146,5,0.02666666666666667
28152,5,0.26666666666666666
28160,5,0.04
28162,5,0.08
28200,5,0.09666666666666666
28210,5,0.23
28216,5,0.11333333333333333
28218,5,0.2711111111111111
28234,5,0.2725
28235,5,0.07666666666666666
28247,5,0.05
28249,5,0.07
28250,5,0.18333333333333332
28255,5,0.04666666666666667
28256,5,0.03666666666666667
28261,5,0.7025
28265,5,0.09166666666666666
28266,5,0.045
28270,5,0.23038888888888892
28274,5,0.21333333333333335
28276,5,0.06
28278,5,0.14166666666666666
28289,5,0.04733333333333333
28290,5,0.03333333333333333
28291,5,0.15
28299,5,0.35
28311,5,0.21972222222222224
28314,5,0.1
28320,5,0.21833333333333332
28329,5,0.03233333333333333
28332,5,0.12833333333333333
28333,5,0.2744444444444445
28345,5,0.06666666666666667
28348,5,0.10333333333333333
28363,5,0.22229365079365077
28369,5,0.22
28374,5,0.08333333333333333
28379,5,0.13
28381,5,0.10666666666666667
28385,5,0.10666666666666667
28386,5,0.08244444444444445
28388,5,0.38333333333333336
28412,5,0.15666666666666668
28427,5,0.22333333333333333
28428,5,0.09666666666666666
28431,5,0.2733333333333333
28435,5,0.08666666666666667
28464,5,0.09333333333333334
28467,5,0.29333333333333333
28473,5,0.3947222222222222
28488,5,0.18
28507,5,0.15666666666666668
28521,5,0.15666666666666668
28528,5,0.17
28538,5,0.11
28548,5,0.11333333333333333
28549,5,0.20938888888888887
28550,5,0.24
28557,5,0.20400000000000001
28567,5,0.13722222222222222
28579,5,0.17333333333333334
28581,5,0.37
28584,5,0.03
28585,5,0.31399999999999995
28596,5,0.12
28605,5,0.22361111111111115
28610,5,0.16
28611,5,0.35333333333333333
28612,5,0.08041666666666666
28616,5,0.09333333333333334
28621,5,0.03777777777777778
28623,5,0.47
28625,5,0.30611111111111117
28629,5,0.12
28634,5,0.062222222222222213
28636,5,0.01
28643,5,0.02
28648,5,0.09
28651,5,0.16
28669,5,0.0
28670,5,0.08333333333333333
28680,5,0.0
28681,5,0.065
28689,5,0.19666666666666666
28692,5,0.22
28694,5,0.22333333333333333
28704,5,0.21095238095238095
28711,5,0.04
28712,5,0.33666666666666667
28713,5,0.056666666666666664
28732,5,0.5266666666666666
28733,5,0.10575396825396827
28746,5,0.11
28760,5,0.03333333333333333
28769,5,0.11777777777777776
28774,5,0.016666666666666666
28785,5,0.21666666666666667
28796,5,0.1
28799,5,0.08333333333333333
28801,5,0.023333333333333334
28802,5,0.125
28808,5,0.09333333333333334
28819,5,0.0825
28827,5,0.08
28835,5,0.17333333333333334
28861,5,0.31
28876,5,0.05333333333333334
28893,5,0.0033333333333333335
28901,5,0.013333333333333334
28902,5,0.6897222222222222
28905,5,0.22666666666666666
28915,5,0.03
28921,5,0.016666666666666666
28925,5,0.23333333333333334
28930,5,0.006666666666666667
28939,5,0.37333333333333335
28944,5,0.012
28955,5,0.056666666666666664
28956,5,0.030833333333333334
28966,5,0.02666666666666667
28968,5,0.23333333333333334
28975,5,0.06
28978,5,0.02
28990,5,0.06833333333333333
28993,5,0.05
29000,5,0.21
29013,5,0.013333333333333334
29017,5,0.006666666666666667
29018,5,0.006666666666666667
29033,5,0.05333333333333334
29036,5,0.1
29043,5,0.008666666666666666
29047,5,0.10333333333333333
29048,5,0.04277777777777778
29058,5,0.016666666666666666
29063,5,0.01
29065,5,0.01
29070,5,0.04
29079,5,0.016666666666666666
29083,5,0.02666666666666667
29084,5,0.10666666666666667
29088,5,0.23333333333333334
29093,5,0.02
29114,5,0.006666666666666667
29117,5,0.06
29120,5,0.01
29127,5,0.03
29134,5,0.19833333333333333
29137,5,0.21
29145,5,0.01
29146,5,0.11333333333333333
29164,5,0.006666666666666667
29169,5,0.09
29177,5,0.08
29181,5,0.10666666666666667
29191,5,0.02666666666666667
29229,5,0.4166666666666667
29230,5,0.07333333333333333
29231,5,0.59
29233,5,0.3566666666666667
29242,5,0.016666666666666666
29248,5,0.51
29250,5,0.0033333333333333335
29255,5,0.33
29264,5,0.0033333333333333335
29267,5,0.09
29270,5,0.013333333333333334
29283,5,0.0
29288,5,0.04666666666666667
29290,5,0.29833333333333334
29296,5,0.19
29311,5,0.006666666666666667
29313,5,0.14166666666666666
29316,5,0.006666666666666667
29320,5,0.03666666666666667
29321,5,0.05
29336,5,0.016666666666666666
29344,5,0.0
29345,5,0.12333333333333334
29348,5,0.35
29358,5,0.06666666666666667
29361,5,0.0
29365,5,0.16666666666666666
29368,5,0.0033333333333333335
29381,5,0.19666666666666666
29387,5,0.043333333333333335
29390,5,0.013333333333333334
29396,5,0.0033333333333333335
29401,5,0.43666666666666665
29403,5,0.17333333333333334
29405,5,0.09
29416,5,0.25
29431,5,0.11333333333333333
29452,5,0.043333333333333335
29453,5,0.07666666666666666
29464,5,0.16333333333333333
29479,5,0.12
29481,5,0.02
29498,5,0.3844444444444445
29499,5,0.056666666666666664
29502,5,0.16333333333333333
29507,5,0.03666666666666667
29509,5,0.18333333333333332
29510,5,0.36666666666666664
29517,5,0.016666666666666666
29524,5,0.0033333333333333335
29525,5,0.245
29533,5,0.016666666666666666
29558,5,0.04
29571,5,0.17666666666666667
29581,5,0.10333333333333333
29584,5,0.06666666666666667
29586,5,0.03166666666666667
29593,5,0.013333333333333334
29598,5,0.21333333333333335
29599,5,0.06875
29609,5,0.32666666666666666
29611,5,0.015
29620,5,0.013333333333333334
29628,5,0.02666666666666667
29640,5,0.043333333333333335
29646,5,0.57
29651,5,0.016666666666666666
29654,5,0.21666666666666667
29658,5,0.10666666666666667
29668,5,0.36666666666666664
29669,5,0.175
29674,5,0.02
29677,5,0.20333333333333334
29685,5,0.04
29706,5,0.006666666666666667
29710,5,0.006666666666666667
29714,5,0.05333333333333334
29726,5,0.45277777777777783
29727,5,0.02666666666666667
29732,5,0.05333333333333334
29736,5,0.10533333333333333
29738,5,0.12333333333333334
29747,5,0.19666666666666666
29750,5,0.08333333333333333
29762,5,0.02666666666666667
29776,5,0.02666666666666667
29780,5,0.10166666666666667
29782,5,0.11333333333333333
29792,5,0.04666666666666667
29794,5,0.016666666666666666
29805,5,0.08666666666666667
29815,5,0.16
29816,5,0.023333333333333334
29842,5,0.06666666666666667
29848,5,0.013333333333333334
29850,5,0.03333333333333333
29865,5,0.043333333333333335
29866,5,0.56
29869,5,0.0
29873,5,0.018333333333333333
29884,5,0.27
29905,5,0.19333333333333333
29908,5,0.16
29919,5,0.49
29928,5,0.013333333333333334
29958,5,0.016666666666666666
29961,5,0.04666666666666667
29967,5,0.043333333333333335
29972,5,0.5033333333333333
29976,5,0.7966666666666666
29985,5,0.35
29987,5,0.6133333333333333
29998,5,0.14666666666666667
30009,5,0.5733333333333334
30036,5,0.19333333333333333
30037,5,0.15333333333333332
30041,5,0.3233333333333333
30042,5,0.3413888888888889
30045,5,0.32666666666666666
30049,5,0.58
30054,5,0.22
30055,5,0.38666666666666666
30056,5,0.11666666666666667
30063,5,0.20666666666666667
30064,5,0.16
30066,5,0.21666666666666667
30082,5,0.16666666666666666
30092,5,0.43
30093,5,0.5388888888888889
30094,5,0.5388888888888889
30095,5,0.17
30096,5,0.3566666666666667
30099,5,0.13333333333333333
30113,5,0.25
30115,5,0.4202777777777778
30122,5,0.31333333333333335
30123,5,0.57
30124,5,0.3
30126,5,0.30333333333333334
30139,5,0.7733333333333333
30140,5,0.16333333333333333
30146,5,0.6533333333333333
30156,5,0.3016666666666667
30157,5,0.6902777777777778
30159,5,0.6597222222222223
30169,5,0.6166666666666667
30172,5,0.31
30176,5,0.20805555555555555
30178,5,0.18
30186,5,0.145
30189,5,0.5633333333333334
30198,5,0.6533333333333333
30204,5,0.3333333333333333
30206,5,0.4266666666666667
30213,5,0.6866666666666666
30214,5,0.34
30239,5,0.35
30240,5,0.62
30287,5,0.33208333333333334
30292,5,0.475
30295,5,0.47333333333333333
30297,5,0.27666666666666667
30309,5,0.55
30310,5,0.2227777777777778
30313,5,0.24166666666666667
30319,5,0.3475
30320,5,0.38666666666666666
30328,5,0.24333333333333335
30338,5,0.4111111111111111
30340,5,0.4287222222222222
30345,5,0.19046031746031747
30347,5,0.47344444444444433
30348,5,0.3433333333333333
30358,5,0.7411111111111112
30361,5,0.4666666666666667
30364,5,0.1477222222222222
30366,5,0.25277777777777777
30371,5,0.17666666666666667
30376,5,0.31666666666666665
30379,5,0.38
30385,5,0.45166666666666666
30394,5,0.3547222222222222
30395,5,0.7705555555555555
30398,5,0.20305555555555554
30438,5,0.42333333333333334
30448,5,0.7566666666666667
30449,5,0.16222222222222224
30456,5,0.17
30458,5,0.135
30461,5,0.4266666666666667
30463,5,0.68
30465,5,0.17333333333333334
30477,5,0.17
30493,5,0.07333333333333333
30495,5,0.23
30509,5,0.07333333333333333
30515,5,0.18333333333333332
30518,5,0.14333333333333334
30520,5,0.21666666666666667
30525,5,0.16666666666666666
30529,5,0.09
30540,5,0.04
30542,5,0.2
30550,5,0.13666666666666666
30568,5,0.17
30569,5,0.2633333333333333
30570,5,0.4166666666666667
30591,5,0.20666666666666667
30592,5,0.20333333333333334
30595,5,0.5633333333333334
30609,5,0.5666666666666667
30615,5,0.28
30617,5,0.14
30622,5,0.12666666666666668
30623,5,0.26
30626,5,0.47333333333333333
30629,5,0.22666666666666666
30635,5,0.1
30645,5,0.11666666666666667
30652,5,0.029166666666666667
30659,5,0.09666666666666666
30677,5,0.23916666666666667
30693,5,0.04
30711,5,0.03555555555555556
30714,5,0.02666666666666667
30717,5,0.0033333333333333335
30719,5,0.0033333333333333335
30727,5,0.006666666666666667
30728,5,0.15088888888888888
30729,5,0.23
30732,5,0.2832936507936507
30734,5,0.22
30754,5,0.09
30756,5,0.04555555555555555
30757,5,0.034166666666666665
30759,5,0.175
30763,5,0.05
30773,5,0.01
30774,5,0.08333333333333333
30776,5,0.14
30785,5,0.016666666666666666
30786,5,0.10333333333333333
30797,5,0.31101587301587297
30798,5,0.043333333333333335
30813,5,0.016666666666666666
30825,5,0.09333333333333334
30831,5,0.03
30832,5,0.09333333333333334
30833,5,0.024444444444444442
30841,5,0.220515873015873
30844,5,0.27
30848,5,0.023333333333333334
30852,5,0.1
30857,5,0.14
30861,5,0.03
30879,5,0.09583333333333334
30882,5,0.01
30884,5,0.04055555555555556
30886,5,0.06833333333333333
30891,5,0.12505555555555556
30896,5,0.1225
30901,5,0.03333333333333333
30914,5,0.056666666666666664
30925,5,0.11333333333333333
30932,5,0.02
30937,5,0.04
30943,5,0.03
30950,5,0.03333333333333333
30957,5,0.04666666666666667
30958,5,0.13
30966,5,0.08
30968,5,0.0033333333333333335
30972,5,0.08333333333333333
30978,5,0.08
30984,5,0.11333333333333333
30994,5,0.5341666666666667
30996,5,0.06
30997,5,0.12666666666666668
30999,5,0.07666666666666666
31000,5,0.09666666666666666
31003,5,0.03
31014,5,0.27
31017,5,0.05333333333333334
31019,5,0.09333333333333334
31024,5,0.10666666666666667
31033,5,0.016666666666666666
31036,5,0.03333333333333333
31039,5,0.04666666666666667
31042,5,0.09666666666666666
31044,5,0.07333333333333333
31065,5,0.06
31071,5,0.024444444444444442
31075,5,0.013333333333333334
31082,5,0.0
31089,5,0.04666666666666667
31117,5,0.16
31118,5,0.0
31132,5,0.06666666666666667
31142,5,0.006666666666666667
31150,5,0.07333333333333333
31151,5,0.17
31157,5,0.05333333333333334
31159,5,0.10333333333333333
31162,5,0.056666666666666664
31164,5,0.05
31167,5,0.11666666666666667
31168,5,0.09
31176,5,0.31833333333333336
31181,5,0.05
31183,5,0.09
31184,5,0.09333333333333334
31187,5,0.09666666666666666
31191,5,0.013333333333333334
31195,5,0.2011111111111111
31214,5,0.016666666666666666
31215,5,0.08666666666666667
31216,5,0.25
31225,5,0.016666666666666666
31232,5,0.03666666666666667
31235,5,0.06
31236,5,0.11333333333333333
31241,5,0.043333333333333335
31245,5,0.08666666666666667
31247,5,0.18905555555555553
31248,5,0.02666666666666667
31249,5,0.23
31252,5,0.0913888888888889
31255,5,0.02
31268,5,0.0033333333333333335
31272,5,0.22333333333333333
31276,5,0.07
31288,5,0.08333333333333333
31289,5,0.14333333333333334
31290,5,0.006666666666666667
31291,5,0.12333333333333334
31313,5,0.023333333333333334
31320,5,0.08333333333333333
31331,5,0.02
31337,5,0.050277777777777775
31342,5,0.006666666666666667
31344,5,0.04833333333333333
31345,5,0.03333333333333333
31348,5,0.05
31349,5,0.34
31369,5,0.08
31370,5,0.06666666666666667
31374,5,0.11333333333333333
31376,5,0.11666666666666667
31377,5,0.10333333333333333
31379,5,0.016666666666666666
31380,5,0.013333333333333334
31381,5,0.0
31393,5,0.056666666666666664
31395,5,0.050833333333333335
31402,5,0.11
31403,5,0.04
31405,5,0.048611111111111105
31425,5,0.13333333333333333
31429,5,0.0033333333333333335
31441,5,0.06555555555555555
31442,5,0.04
31454,5,0.03
31458,5,0.056666666666666664
31467,5,0.03666666666666667
31478,5,0.034444444444444444
31479,5,0.02666666666666667
31480,5,0.09333333333333334
31483,5,0.07666666666666666
31488,5,0.006666666666666667
31489,5,0.03666666666666667
31490,5,0.0033333333333333335
31493,5,0.09333333333333334
31495,5,0.034166666666666665
31499,5,0.09333333333333334
31520,5,0.028888888888888888
31532,5,0.06333333333333334
31537,5,0.06
31538,5,0.13
31539,5,0.013333333333333334
31545,5,0.03
31548,5,0.01
31549,5,0.015
31552,5,0.33
31556,5,0.0
31560,5,0.058333333333333334
31561,5,0.11
31562,5,0.02666666666666667
31564,5,0.01
31575,5,0.0
31588,5,0.15333333333333332
31590,5,0.2775
31602,5,0.06666666666666667
31606,5,0.05333333333333334
31607,5,0.07333333333333333
31608,5,0.006666666666666667
31613,5,0.13333333333333333
31629,5,0.16666666666666666
31633,5,0.06333333333333334
31634,5,0.02
31647,5,0.013333333333333334
31650,5,0.10277777777777777
31653,5,0.016666666666666666
31666,5,0.16666666666666666
31670,5,0.01
31690,5,0.04
31692,5,0.023333333333333334
31696,5,0.06
31708,5,0.006666666666666667
31710,5,0.013333333333333334
31711,5,0.30333333333333334
31724,5,0.006666666666666667
31738,5,0.02
31740,5,0.016666666666666666
31743,5,0.03
31748,5,0.09
31750,5,0.06666666666666667
31754,5,0.023333333333333334
31763,5,0.0
31769,5,0.03666666666666667
31779,5,0.035
31782,5,0.006666666666666667
31793,5,0.04666666666666667
31796,5,0.11
31806,5,0.11
31813,5,0.02666666666666667
31817,5,0.02666666666666667
31819,5,0.0
31823,5,0.05
31833,5,0.0033333333333333335
31845,5,0.09333333333333334
31852,5,0.0
31866,5,0.0033333333333333335
31875,5,0.07
31876,5,0.02
31877,5,0.0
31880,5,0.03
31888,5,0.02666666666666667
31889,5,0.05
31890,5,0.013333333333333334
31904,5,0.016666666666666666
31920,5,0.03333333333333333
31928,5,0.04
31932,5,0.12333333333333334
31947,5,0.06
31958,5,0.18333333333333332
31961,5,0.006666666666666667
31962,5,0.016666666666666666
31965,5,0.023333333333333334
31984,5,0.03333333333333333
31985,5,0.043333333333333335
31986,5,0.14333333333333334
31999,5,0.006666666666666667
32001,5,0.006666666666666667
32007,5,0.04
32013,5,0.2866666666666667
32018,5,0.0033333333333333335
32020,5,0.056666666666666664
32021,5,0.08666666666666667
32040,5,0.04666666666666667
32041,5,0.03
32046,5,0.006666666666666667
32047,5,0.023333333333333334
32054,5,0.043333333333333335
32058,5,0.016666666666666666
32067,5,0.03666666666666667
32068,5,0.023333333333333334
32074,5,0.20333333333333334
32095,5,0.05
32096,5,0.09333333333333334
32098,5,0.02
32118,5,0.01
32132,5,0.016666666666666666
32136,5,0.006666666666666667
32139,5,0.02666666666666667
32143,5,0.04666666666666667
32151,5,0.13333333333333333
32155,5,0.056666666666666664
32163,5,0.013333333333333334
32170,5,0.056666666666666664
32172,5,0.02
32176,5,0.016666666666666666
32177,5,0.04666666666666667
32183,5,0.14400000000000002
32186,5,0.023333333333333334
32191,5,0.02666666666666667
32195,5,0.08666666666666667
32198,5,0.02666666666666667
32206,5,0.028388888888888887
32208,5,0.006666666666666667
32211,5,0.0033333333333333335
32217,5,0.016666666666666666
32227,5,0.08
32231,5,0.09666666666666666
32233,5,0.03
32234,5,0.05333333333333334
32235,5,0.05
32241,5,0.04727777777777778
32249,5,0.013333333333333334
32255,5,0.02666666666666667
32265,5,0.08333333333333333
32280,5,0.27666666666666667
32285,5,0.14333333333333334
32293,5,0.09333333333333334
32309,5,0.02666666666666667
32316,5,0.0033333333333333335
32320,5,0.01
32328,5,0.11
32338,5,0.10333333333333333
32370,5,0.0275
32377,5,0.023333333333333334
32380,5,0.14666666666666667
32382,5,0.33166666666666667
32404,5,0.0033333333333333335
32405,5,0.0033333333333333335
32410,5,0.08666666666666667
32419,5,0.04666666666666667
32423,5,0.03
32431,5,0.08
32433,5,0.0033333333333333335
32436,5,0.03666666666666667
32448,5,0.01
32452,5,0.07
32453,5,0.0033333333333333335
32458,5,0.02666666666666667
32460,5,0.22333333333333333
32464,5,0.016666666666666666
32468,5,0.03
32469,5,0.02
32481,5,0.023333333333333334
32493,5,0.08666666666666667
32496,5,0.08666666666666667
32500,5,0.03666666666666667
32511,5,0.016666666666666666
32522,5,0.01
32525,5,0.006666666666666667
32526,5,0.043333333333333335
32538,5,0.02
32543,5,0.19666666666666666
32553,5,0.05333333333333334
32556,5,0.04666666666666667
32571,5,0.03666666666666667
32576,5,0.04
32580,5,0.03666666666666667
32594,5,0.08666666666666667
32596,5,0.04
32597,5,0.06666666666666667
32604,5,0.006666666666666667
32620,5,0.2
32623,5,0.07666666666666666
32631,5,0.03333333333333333
32638,5,0.01
32641,5,0.013333333333333334
32651,5,0.0
32656,5,0.05
32664,5,0.0875
32667,5,0.16
32686,5,0.07
32695,5,0.16666666666666666
32696,5,0.25
32698,5,0.26166666666666666
32701,5,0.05
32702,5,0.05
32703,5,0.03666666666666667
32712,5,0.02
32722,5,0.056666666666666664
32725,5,0.013333333333333334
32726,5,0.11
32731,5,0.09477777777777778
32732,5,0.0033333333333333335
32737,5,0.07
32740,5,0.24666666666666667
32743,5,0.15333333333333332
32748,5,0.08666666666666667
32751,5,0.09888888888888889
32759,5,0.023333333333333334
32778,5,0.095
32781,5,0.03
32785,5,0.07666666666666666
32788,5,0.3938888888888889
32792,5,0.05
32793,5,0.04
32798,5,0.056666666666666664
32802,5,0.03666666666666667
32803,5,0.006666666666666667
32804,5,0.17666666666666667
32818,5,0.22666666666666666
32836,5,0.03333333333333333
32844,5,0.24333333333333335
32845,5,0.03666666666666667
32849,5,0.006666666666666667
32855,5,0.12338888888888888
32857,5,0.17
32859,5,0.04431746031746032
32869,5,0.0880952380952381
32874,5,0.17666666666666667
32882,5,0.03
32884,5,0.04666666666666667
32887,5,0.043333333333333335
32893,5,0.02
32897,5,0.02666666666666667
32900,5,0.02
32903,5,0.01
32904,5,0.02666666666666667
32911,5,0.14666666666666667
32912,5,0.06
32924,5,0.08333333333333333
32927,5,0.043333333333333335
32932,5,0.03333333333333333
32939,5,0.016666666666666666
32953,5,0.05305555555555555
32962,5,0.03666666666666667
32973,5,0.02
32974,5,0.04583333333333333
32975,5,0.02666666666666667
32976,5,0.21666666666666667
32980,5,0.03
33000,5,0.016666666666666666
33004,5,0.01
33010,5,0.03333333333333333
33011,5,0.04666666666666667
33014,5,0.013333333333333334
33015,5,0.09833333333333333
33016,5,0.03333333333333333
33017,5,0.07333333333333333
33026,5,0.10666666666666667
33036,5,0.01
33037,5,0.013333333333333334
33048,5,0.023333333333333334
33051,5,0.04666666666666667
33056,5,0.15333333333333332
33069,5,0.11
33075,5,0.03333333333333333
33083,5,0.023333333333333334
33084,5,0.11333333333333333
33097,5,0.016666666666666666
33099,5,0.01
33108,5,0.03333333333333333
33117,5,0.056666666666666664
33118,5,0.19
33123,5,0.08
33158,5,0.043333333333333335
33162,5,0.18333333333333332
33164,5,0.06333333333333334
33177,5,0.20666666666666667
33181,5,0.09
33185,5,0.05333333333333334
33189,5,0.4061111111111111
33192,5,0.05333333333333334
33202,5,0.023333333333333334
33213,5,0.19799999999999998
33228,5,0.07
33231,5,0.08333333333333333
33234,5,0.04666666666666667
33255,5,0.03
33261,5,0.08666666666666667
33263,5,0.043333333333333335
33267,5,0.07833333333333334
33269,5,0.1
33280,5,0.02666666666666667
33282,5,0.01
33296,5,0.031111111111111114
33307,5,0.2544166666666667
33309,5,0.03666666666666667
33312,5,0.11666666666666667
33314,5,0.018333333333333333
33321,5,0.06864285714285714
33323,5,0.18666666666666668
33338,5,0.024999999999999998
33341,5,0.016666666666666666
33351,5,0.15333333333333332
33352,5,0.14
33357,5,0.43
33366,5,0.02666666666666667
33376,5,0.035
33385,5,0.04666666666666667
33397,5,0.06222222222222223
33399,5,0.08333333333333333
33403,5,0.08733333333333333
33408,5,0.125
33412,5,0.05333333333333334
33415,5,0.02
33427,5,0.08333333333333333
33431,5,0.24555555555555553
33441,5,0.0811111111111111
33445,5,0.02
33454,5,0.09777777777777777
33456,5,0.07
33458,5,0.16833333333333333
33474,5,0.023333333333333334
33476,5,0.09
33482,5,0.016666666666666666
33485,5,0.05333333333333333
33487,5,0.03333333333333333
33498,5,0.05944444444444445
33499,5,0.1
33503,5,0.13666666666666666
33505,5,0.06866666666666667
33511,5,0.04666666666666667
33519,5,0.06666666666666667
33521,5,0.04511111111111111
33531,5,0.04666666666666667
33535,5,0.07333333333333333
33537,5,0.08
33538,5,0.0
33542,5,0.02
33558,5,0.023333333333333334
33563,5,0.013333333333333334
33566,5,0.08333333333333333
33595,5,0.02666666666666667
33596,5,0.03333333333333333
33605,5,0.043333333333333335
33609,5,0.2833333333333333
33612,5,0.03
33614,5,0.043333333333333335
33628,5,0.12
33643,5,0.042333333333333334
33647,5,0.1
33649,5,0.02
33664,5,0.04666666666666667
33668,5,0.14
33670,5,0.04
33689,5,0.03333333333333333
33707,5,0.048888888888888885
33717,5,0.30333333333333334
33725,5,0.06
33748,5,0.02666666666666667
33749,5,0.03666666666666667
33757,5,0.35333333333333333
33758,5,0.043333333333333335
33761,5,0.5066666666666667
33774,5,0.04
33784,5,0.09
33786,5,0.05333333333333334
33795,5,0.18
33796,5,0.085
33802,5,0.023333333333333334
33810,5,0.05333333333333334
33814,5,0.02
33815,5,0.13333333333333333
33818,5,0.08
33826,5,0.10333333333333333
33838,5,0.02666666666666667
33839,5,0.056666666666666664
33850,5,0.27666666666666667
33854,5,0.023333333333333334
33862,5,0.02
33863,5,0.056666666666666664
33867,5,0.04666666666666667
33876,5,0.07666666666666666
33877,5,0.07
33894,5,0.02666666666666667
33903,5,0.04805555555555555
33904,5,0.06
33907,5,0.05
33918,5,0.08333333333333333
33919,5,0.06
33924,5,0.04666666666666667
33931,5,0.075
33938,5,0.01
33942,5,0.08333333333333333
33947,5,0.055
33951,5,0.2425
33953,5,0.06
33954,5,0.016666666666666666
33955,5,0.11
33970,5,0.04666666666666667
33983,5,0.08
33995,5,0.11333333333333333
34000,5,0.13333333333333333
34007,5,0.006666666666666667
34019,5,0.009000000000000001
34025,5,0.05
34029,5,0.3137301587301588
34031,5,0.013333333333333334
34051,5,0.03333333333333333
34059,5,0.01388888888888889
34065,5,0.01
34073,5,0.016666666666666666
34074,5,0.03666666666666667
34082,5,0.01
34083,5,0.02777777777777778
34094,5,0.01
34099,5,0.043333333333333335
34105,5,0.11
34131,5,0.09666666666666666
34137,5,0.018333333333333333
34138,5,0.053
34147,5,0.16
34151,5,0.14
34156,5,0.19
34157,5,0.016666666666666666
34164,5,0.043333333333333335
34165,5,0.04
34167,5,0.015333333333333332
34169,5,0.02
34182,5,0.00861111111111111
34186,5,0.13333333333333333
34187,5,0.07
34188,5,0.21333333333333335
34190,5,0.14
34195,5,0.08666666666666667
34202,5,0.10733333333333334
34206,5,0.07666666666666666
34209,5,0.02
34212,5,0.016666666666666666
34229,5,0.016666666666666666
34236,5,0.08666666666666667
34240,5,0.07
34242,5,0.04666666666666667
34254,5,0.08333333333333333
34262,5,0.041666666666666664
34266,5,0.16333333333333333
34268,5,0.04833333333333333
34271,5,0.023333333333333334
34276,5,0.02666666666666667
34280,5,0.09666666666666666
34290,5,0.016666666666666666
34312,5,0.056666666666666664
34313,5,0.01
34322,5,0.03
34327,5,0.01
34332,5,0.10666666666666667
34337,5,0.0
34352,5,0.345
34357,5,0.023333333333333334
34358,5,0.023333333333333334
34365,5,0.08
34367,5,0.01
34368,5,0.12666666666666668
34378,5,0.013333333333333334
34385,5,0.24333333333333335
34393,5,0.05
34401,5,0.13
34418,5,0.006666666666666667
34442,5,0.04
34443,5,0.06166666666666667
34449,5,0.13666666666666666
34461,5,0.1277777777777778
34462,5,0.22666666666666666
34468,5,0.07666666666666666
34469,5,0.014444444444444447
34477,5,0.056666666666666664
34485,5,0.11333333333333333
34487,5,0.17555555555555555
34503,5,0.12666666666666668
34510,5,0.0319047619047619
34516,5,0.22757142857142856
34517,5,0.056666666666666664
34544,5,0.01
34553,5,0.10222222222222223
34557,5,0.12666666666666668
34564,5,0.013333333333333334
34570,5,0.028888888888888895
34571,5,0.12333333333333334
34574,5,0.09
34575,5,0.013333333333333334
34577,5,0.02666666666666667
34579,5,0.016666666666666666
34582,5,0.10333333333333333
34585,5,0.0033333333333333335
34594,5,0.034666666666666665
34595,5,0.03
34598,5,0.02
34599,5,0.03666666666666667
34602,5,0.03222222222222223
34607,5,0.06333333333333334
34608,5,0.14
34609,5,0.02611111111111111
34612,5,0.02
34613,5,0.17833333333333334
34619,5,0.07666666666666666
34625,5,0.13333333333333333
34643,5,0.28
34656,5,0.09333333333333334
34675,5,0.06
34677,5,0.09105555555555556
34679,5,0.31333333333333335
34680,5,0.023333333333333334
34687,5,0.45666666666666667
34691,5,0.03666666666666667
34694,5,0.01
34696,5,0.07666666666666666
34701,5,0.21333333333333335
34708,5,0.04666666666666667
34712,5,0.10333333333333333
34723,5,0.016666666666666666
34727,5,0.013333333333333334
34729,5,0.10666666666666667
34746,5,0.08666666666666667
34748,5,0.1
34757,5,0.07
34761,5,0.05
34767,5,0.016666666666666666
34777,5,0.07666666666666666
34784,5,0.16
34794,5,0.31333333333333335
34798,5,0.07388888888888888
34806,5,0.09666666666666666
34808,5,0.2855555555555555
34809,5,0.03
34824,5,0.10333333333333333
34829,5,0.11
34832,5,0.3466666666666667
34835,5,0.10666666666666667
34845,5,0.03666666666666667
34846,5,0.09
34847,5,0.09916666666666667
34859,5,0.34
34873,5,0.03166666666666667
34875,5,0.043333333333333335
34876,5,0.13
34880,5,0.14
34885,5,0.195
34889,5,0.08666666666666667
34890,5,0.02666666666666667
34914,5,0.02
34917,5,0.09333333333333334
34918,5,0.25166666666666665
34921,5,0.15333333333333332
34924,5,0.05333333333333334
34926,5,0.013333333333333332
34935,5,0.02666666666666667
34940,5,0.05333333333333334
34942,5,0.013333333333333334
34943,5,0.06
34949,5,0.06333333333333334
34950,5,0.13333333333333333
34954,5,0.11666666666666667
34955,5,0.32
34957,5,0.016666666666666666
34961,5,0.19083333333333333
34965,5,0.04666666666666667
34974,5,0.24333333333333335
34992,5,0.0033333333333333335
34993,5,0.12
34997,5,0.1
34998,5,0.023333333333333334
35009,5,0.051111111111111114
35014,5,0.08
35015,5,0.08333333333333333
35018,5,0.15
35020,5,0.06666666666666667
35026,5,0.11
35029,5,0.07666666666666666
35033,5,0.17333333333333334
35041,5,0.09666666666666666
35047,5,0.016666666666666666
35051,5,0.14
35065,5,0.5
35066,5,0.10666666666666667
35067,5,0.13
35079,5,0.08777777777777777
35083,5,0.14916666666666667
35084,5,0.04666666666666667
35089,5,0.14333333333333334
35092,5,0.03666666666666667
35093,5,0.01
35094,5,0.13
35095,5,0.15
35096,5,0.10333333333333333
35097,5,0.023333333333333334
35098,5,0.01
35100,5,0.19333333333333333
35102,5,0.17
35104,5,0.05333333333333334
35113,5,0.17333333333333334
35115,5,0.32
35124,5,0.23
35128,5,0.20333333333333334
35129,5,0.03
35135,5,0.08666666666666667
35139,5,0.05333333333333334
35143,5,0.03
35156,5,0.023333333333333334
35158,5,0.07666666666666666
35161,5,0.09666666666666666
35164,5,0.16
35166,5,0.02
35167,5,0.06
35169,5,0.016666666666666666
35175,5,0.15
35185,5,0.08666666666666667
35197,5,0.15555555555555556
35199,5,0.22
35200,5,0.13
35205,5,0.043333333333333335
35206,5,0.15
35227,5,0.12333333333333334
35237,5,0.02
35252,5,0.07333333333333333
35261,5,0.07666666666666666
35274,5,0.16333333333333333
35281,5,0.09
35282,5,0.03
35293,5,0.06333333333333334
35298,5,0.08
35304,5,0.09333333333333334
35308,5,0.45666666666666667
35322,5,0.16333333333333333
35323,5,0.03666666666666667
35324,5,0.03666666666666667
35327,5,0.04666666666666667
35328,5,0.25
35335,5,0.06
35342,5,0.23666666666666666
35346,5,0.20666666666666667
35351,5,0.15666666666666668
35354,5,0.05
35356,5,0.1
35359,5,0.27
35361,5,0.11
35368,5,0.09666666666666666
35369,5,0.016666666666666666
35382,5,0.01
35387,5,0.23333333333333334
35388,5,0.016666666666666666
35391,5,0.11333333333333333
35400,5,0.10666666666666667
35407,5,0.05
35411,5,0.19333333333333333
35414,5,0.06
35415,5,0.4
35424,5,0.104
35425,5,0.09266666666666667
35426,5,0.08
35427,5,0.02666666666666667
35435,5,0.11
35438,5,0.056666666666666664
35443,5,0.14666666666666667
35446,5,0.12
35451,5,0.07333333333333333
35453,5,0.03
35455,5,0.15066666666666667
35458,5,0.095
35461,5,0.03
35465,5,0.09
35473,5,0.023333333333333334
35475,5,0.06
35487,5,0.043333333333333335
35490,5,0.0125
35494,5,0.28
35501,5,0.06722222222222222
35508,5,0.048
35511,5,0.07333333333333333
35518,5,0.17
35519,5,0.08666666666666667
35520,5,0.2872222222222222
35539,5,0.07333333333333333
35545,5,0.1522222222222222
35546,5,0.10666666666666667
35564,5,0.09333333333333334
35565,5,0.0033333333333333335
35572,5,0.16666666666666666
35576,5,0.14666666666666667
35579,5,0.043333333333333335
35587,5,0.1
35593,5,0.2280555555555555
35597,5,0.57
35600,5,0.2633333333333333
35625,5,0.33820634920634923
35633,5,0.09666666666666666
35654,5,0.38333333333333336
35656,5,0.03
35659,5,0.22666666666666666
35660,5,0.005
35661,5,0.07
35669,5,0.17444444444444443
35687,5,0.23
35696,5,0.22666666666666666
35697,5,0.056666666666666664
35713,5,0.03666666666666667
35718,5,0.25166666666666665
35720,5,0.08333333333333333
35724,5,0.05333333333333334
35734,5,0.16
35741,5,0.104
35752,5,0.06
35753,5,0.01
35759,5,0.12633333333333333
35765,5,0.03666666666666667
35770,5,0.2
35777,5,0.043333333333333335
35782,5,0.43333333333333335
35790,5,0.03666666666666667
35791,5,0.2733333333333333
35792,5,0.09394444444444444
35794,5,0.03333333333333333
35806,5,0.12333333333333334
35807,5,0.12333333333333334
35817,5,0.14333333333333334
35821,5,0.03333333333333333
35829,5,0.11333333333333333
35849,5,0.08333333333333333
35857,5,0.18666666666666668
35859,5,0.37
35872,5,0.35
35873,5,0.1
35890,5,0.20666666666666667
35891,5,0.03
35892,5,0.07333333333333333
35901,5,0.38333333333333336
35911,5,0.05611111111111112
35923,5,0.07255555555555555
35927,5,0.19666666666666666
35936,5,0.22166666666666668
35943,5,0.16666666666666666
35944,5,0.056666666666666664
35946,5,0.4066666666666667
35954,5,0.305
35961,5,0.19666666666666666
35977,5,0.19333333333333333
35980,5,0.12666666666666668
35988,5,0.05
35992,5,0.06666666666666667
35993,5,0.025555555555555557
36018,5,0.162
36030,5,0.02666666666666667
36035,5,0.5733333333333334
36048,5,0.06666666666666667
36050,5,0.2
36051,5,0.15144444444444446
36055,5,0.3466666666666667
36064,5,0.07333333333333333
36070,5,0.11
36074,5,0.07844444444444444
36080,5,0.4866666666666667
36084,5,0.09666666666666666
36087,5,0.25333333333333335
36100,5,0.043333333333333335
36101,5,0.11294444444444444
36103,5,0.02666666666666667
36114,5,0.12333333333333334
36119,5,0.23666666666666666
36130,5,0.13666666666666666
36132,5,0.15405555555555556
36135,5,0.14
36149,5,0.19333333333333333
36154,5,0.13277777777777777
36157,5,0.10611111111111111
36161,5,0.16666666666666666
36165,5,0.1511111111111111
36166,5,0.05333333333333334
36170,5,0.07666666666666667
36172,5,0.29
36174,5,0.37666666666666665
36176,5,0.04666666666666667
36181,5,0.15333333333333332
36183,5,0.2866666666666667
36185,5,0.09
36186,5,0.02777777777777778
36189,5,0.14
36194,5,0.13333333333333333
36198,5,0.23666666666666666
36199,5,0.11
36201,5,0.035
36202,5,0.13
36212,5,0.02
36218,5,0.025222222222222222
36234,5,0.18
36237,5,0.5433888888888888
36239,5,0.23666666666666666
36248,5,0.24666666666666667
36249,5,0.6133333333333333
36253,5,0.21666666666666667
36257,5,0.79
36275,5,0.15333333333333332
36278,5,0.09333333333333334
36282,5,0.6366666666666667
36286,5,0.325
36287,5,0.14333333333333334
36290,5,0.12
36296,5,0.36833333333333335
36298,5,0.34
36301,5,0.305
36308,5,0.43333333333333335
36309,5,0.16333333333333333
36310,5,0.22666666666666666
36317,5,0.5
36327,5,0.4533333333333333
36338,5,0.17333333333333334
36364,5,0.48
36365,5,0.2511111111111111
36372,5,0.19666666666666666
36374,5,0.20333333333333334
36376,5,0.18333333333333332
36378,5,0.20666666666666667
36381,5,0.8
36384,5,0.15
36432,5,0.2372222222222222
36433,5,0.09666666666666666
36440,5,0.15
36444,5,0.30666666666666664
36447,5,0.5816666666666667
36453,5,0.6733333333333333
36458,5,0.32
36461,5,0.15666666666666668
36472,5,0.25166666666666665
36473,5,0.315
36475,5,0.36
36478,5,0.47583333333333333
36479,5,0.6483333333333333
36485,5,0.3822222222222222
36494,5,0.15666666666666668
36500,5,0.5090396825396825
36505,5,0.15333333333333332
36518,5,0.7266666666666667
36522,5,0.3288888888888889
36527,5,0.5766666666666667
36531,5,0.8820000000000001
36533,5,0.7772222222222221
36544,5,0.19944444444444442
36546,5,0.6833333333333333
36566,5,0.3
36585,5,0.37
36593,5,0.44
36603,5,0.4
36605,5,0.39888888888888885
36609,5,0.22833333333333333
36621,5,0.7688888888888888
36630,5,0.21333333333333335
36633,5,0.18444444444444444
36657,5,0.6913333333333334
36659,5,0.48333333333333334
36666,5,0.21666666666666667
36671,5,0.14333333333333334
36684,5,0.18666666666666668
36687,5,0.4066666666666667
36691,5,0.4568888888888889
36701,5,0.26666666666666666
36718,5,0.19
36751,5,0.7789999999999999
36756,5,0.3566666666666667
36767,5,0.68
36774,5,0.17666666666666667
36776,5,0.3566666666666667
36780,5,0.38333333333333336
36790,5,0.26238888888888884
36792,5,0.3016666666666667
36802,5,0.30333333333333334
36806,5,0.22
36807,5,0.11333333333333333
36808,5,0.4
36810,5,0.21777777777777782
36813,5,0.21666666666666667
36817,5,0.16722222222222222
36820,5,0.31666666666666665
36822,5,0.23333333333333334
36823,5,0.33
36825,5,0.37333333333333335
36865,5,0.12333333333333334
36868,5,0.5266666666666666
36872,5,0.11333333333333333
36880,5,0.23
36881,5,0.55
36885,5,0.41
36889,5,0.37666666666666665
36893,5,0.395
36894,5,0.2733333333333333
36897,5,0.53
36898,5,0.25666666666666665
36902,5,0.37333333333333335
36903,5,0.4066666666666667
36910,5,0.5366666666666666
36911,5,0.25
36912,5,0.3433333333333333
36920,5,0.10666666666666667
36932,5,0.19666666666666666
36933,5,0.13666666666666666
36942,5,0.32
36945,5,0.26
36958,5,0.3933333333333333
36964,5,0.6633333333333333
36966,5,0.5633333333333334
36979,5,0.5166666666666667
36984,5,0.2025
36988,5,0.5033333333333333
36990,5,0.62
37001,5,0.48333333333333334
37006,5,0.23
37015,5,0.18333333333333332
37019,5,0.13
37020,5,0.34
37024,5,0.24333333333333335
37033,5,0.29888888888888887
37035,5,0.2733333333333333
37036,5,0.38
37040,5,0.12666666666666668
37041,5,0.18666666666666668
37043,5,0.19
37055,5,0.6083333333333333
37069,5,0.43
37075,5,0.44
37077,5,0.57
37078,5,0.64
37086,5,0.25888888888888884
37090,5,0.21666666666666667
37091,5,0.46
37092,5,0.25333333333333335
37098,5,0.22666666666666666
37099,5,0.17
37102,5,0.41
37104,5,0.21333333333333335
37108,5,0.19
37114,5,0.4166666666666667
37126,5,0.16333333333333333
37129,5,0.4066666666666667
37131,5,0.84
37135,5,0.20333333333333334
37137,5,0.28
37153,5,0.33
37156,5,0.37333333333333335
37164,5,0.37
37174,5,0.2726481481481482
37176,5,0.08066666666666666
37179,5,0.2733333333333333
37183,5,0.44
37189,5,0.36499999999999994
37205,5,0.14666666666666667
37209,5,0.09333333333333334
37215,5,0.13333333333333333
37216,5,0.4
37227,5,0.6033333333333334
37236,5,0.5133333333333333
37238,5,0.21
37240,5,0.17666666666666667
37251,5,0.61
37252,5,0.5316666666666666
37254,5,0.6266666666666667
37255,5,0.29
37257,5,0.27666666666666667
37259,5,0.2388888888888889
37261,5,0.15916666666666668
37268,5,0.13466666666666666
37279,5,0.585
37281,5,0.3466666666666667
37282,5,0.35333333333333333
37288,5,0.1
37290,5,0.37333333333333335
37291,5,0.6133333333333333
37294,5,0.23333333333333334
37301,5,0.14333333333333334
37302,5,0.3933333333333333
37307,5,0.6233333333333333
37308,5,0.6333333333333333
37309,5,0.55
37324,5,0.14
37327,5,0.10166666666666667
37328,5,0.5833333333333334
37332,5,0.46
37334,5,0.48333333333333334
37335,5,0.21755555555555556
37337,5,0.24666666666666667
37341,5,0.4121666666666667
37343,5,0.64
37346,5,0.44333333333333336
37357,5,0.31333333333333335
37360,5,0.21083333333333334
37368,5,0.12
37382,5,0.7899444444444444
37389,5,0.36472222222222217
37392,5,0.6883333333333334
37394,5,0.7133333333333334
37396,5,0.2866666666666667
37406,5,0.44444444444444436
37414,5,0.26972222222222225
37421,5,0.17
37424,5,0.26316666666666666
37448,5,0.08333333333333333
37453,5,0.05333333333333334
37457,5,0.18694444444444444
37461,5,0.42
37483,5,0.6033333333333334
37484,5,0.18333333333333332
37493,5,0.5533333333333333
37501,5,0.5577777777777778
37507,5,0.14333333333333334
37513,5,0.38666666666666666
37515,5,0.06777777777777778
37540,5,0.4777777777777778
37548,5,0.3466666666666667
37553,5,0.21333333333333335
37558,5,0.49666666666666665
37572,5,0.36333333333333334
37576,5,0.62
37583,5,0.54
37584,5,0.245
37586,5,0.518888888888889
37592,5,0.43
37595,5,0.3933333333333333
37598,5,0.23666666666666666
37615,5,0.13666666666666666
37626,5,0.5261111111111112
37662,5,0.39666666666666667
37663,5,0.6211111111111112
37668,5,0.13866666666666666
37677,5,0.17666666666666667
37678,5,0.41
37683,5,0.18
37688,5,0.20666666666666667
37692,5,0.23333333333333334
37703,5,0.3933333333333333
37709,5,0.4683333333333333
37725,5,0.5942222222222222
37735,5,0.5166666666666667
37737,5,0.4166666666666667
37749,5,0.17
37762,5,0.5033333333333333
37767,5,0.09333333333333334
37768,5,0.14
37769,5,0.55
37777,5,0.09166666666666666
37783,5,0.24111111111111114
37785,5,0.13666666666666666
37794,5,0.3044444444444444
37795,5,0.30333333333333334
37797,5,0.16833333333333333
37800,5,0.32
37803,5,0.7466666666666667
37804,5,0.07083333333333333
37812,5,0.6133333333333333
37817,5,0.27666666666666667
37823,5,0.23588888888888884
37828,5,0.265
37832,5,0.26666666666666666
37840,5,0.47333333333333333
37856,5,0.2608333333333333
37860,5,0.2966666666666667
37861,5,0.33166666666666667
37866,5,0.17444444444444446
37867,5,0.12666666666666668
37871,5,0.53
37872,5,0.24333333333333335
37880,5,0.4066666666666667
37882,5,0.09333333333333334
37887,5,0.37
37890,5,0.6333333333333333
37905,5,0.2488888888888889
37910,5,0.30333333333333334
37913,5,0.27666666666666667
37915,5,0.7966666666666666
37916,5,0.6966666666666667
37923,5,0.57
37927,5,0.6466666666666666
37930,5,0.3
37939,5,0.78
37943,5,0.3405555555555555
37954,5,0.7866666666666666
37974,5,0.22333333333333333
37978,5,0.12
37984,5,0.09
37986,5,0.3466666666666667
37987,5,0.8066666666666666
37991,5,0.14333333333333334
37995,5,0.285
38007,5,0.4683333333333333
38008,5,0.7266666666666667
38014,5,0.39666666666666667
38015,5,0.7466666666666667
38020,5,0.16666666666666666
38031,5,0.36
38048,5,0.23416666666666666
38064,5,0.27111111111111114
38068,5,0.13
38086,5,0.7333333333333333
38106,5,0.8033333333333333
38108,5,0.24
38112,5,0.19666666666666666
38118,5,0.24333333333333335
38132,5,0.23555555555555552
38140,5,0.5883333333333334
38141,5,0.39
38143,5,0.24
38146,5,0.2866666666666667
38147,5,0.39666666666666667
38166,5,0.38
38172,5,0.17
38175,5,0.1275
38180,5,0.27
38192,5,0.7389444444444444
38196,5,0.5838888888888889
38197,5,0.5842063492063492
38199,5,0.5133333333333333
38204,5,0.42333333333333334
38205,5,0.22666666666666666
38210,5,0.18694444444444444
38213,5,0.38333333333333336
38218,5,0.2633333333333333
38219,5,0.17666666666666667
38220,5,0.15305555555555556
38221,5,0.17333333333333334
38222,5,0.17333333333333334
38224,5,0.4766666666666667
38241,5,0.29333333333333333
38257,5,0.5908333333333333
38261,5,0.37666666666666665
38266,5,0.075
38267,5,0.21
38268,5,0.8205952380952379
38270,5,0.6333333333333333
38296,5,0.20083333333333334
38297,5,0.26
38303,5,0.4266666666666667
38305,5,0.4633333333333333
38322,5,0.2966666666666667
38323,5,0.23333333333333334
38332,5,0.24944444444444444
38345,5,0.2808333333333333
38350,5,0.52
38355,5,0.27666666666666667
38358,5,0.18333333333333332
38371,5,0.3333333333333333
38375,5,0.16666666666666666
38395,5,0.23
38398,5,0.67
38400,5,0.6733333333333333
38401,5,0.21333333333333335
38410,5,0.32666666666666666
38418,5,0.7666666666666667
38420,5,0.12333333333333334
38430,5,0.43
38447,5,0.6533333333333333
38452,5,0.4866666666666667
38456,5,0.5866666666666667
38457,5,0.6266666666666667
38459,5,0.38904761904761903
38467,5,0.2388888888888889
38468,5,0.20333333333333334
38482,5,0.44477777777777777
38490,5,0.3466666666666667
38492,5,0.16
38493,5,0.4633333333333333
38500,5,0.44333333333333336
38501,5,0.4066666666666667
38508,5,0.6333333333333333
38511,5,0.7666666666666667
38535,5,0.2733333333333333
38539,5,0.5766666666666667
38542,5,0.4033333333333333
38550,5,0.5577777777777777
38552,5,0.5233333333333333
38556,5,0.49666666666666665
38557,5,0.3933333333333333
38569,5,0.36666666666666664
38572,5,0.29
38575,5,0.6233333333333333
38577,5,0.3933333333333333
38587,5,0.5966666666666667
38589,5,0.5622222222222222
38604,5,0.5133333333333333
38605,5,0.09666666666666666
38606,5,0.28
38622,5,0.22666666666666666
38624,5,0.13666666666666666
38651,5,0.7433333333333333
38653,5,0.5827777777777778
38654,5,0.39944444444444444
38656,5,0.5033333333333333
38657,5,0.1811111111111111
38665,5,0.3433333333333333
38670,5,0.21833333333333332
38674,5,0.31
38676,5,0.41333333333333333
38677,5,0.2633333333333333
38685,5,0.215
38690,5,0.32
38698,5,0.39666666666666667
38699,5,0.30666666666666664
38700,5,0.8533333333333334
38731,5,0.3566666666666667
38743,5,0.30083333333333334
38752,5,0.78
38753,5,0.21
38769,5,0.3918888888888889
38776,5,0.5516666666666666
38781,5,0.8233333333333334
38806,5,0.74
38808,5,0.23
38810,5,0.6966666666666667
38826,5,0.35333333333333333
38829,5,0.7553333333333333
38831,5,0.5333333333333333
38837,5,0.44
38841,5,0.7933333333333333
38847,5,0.75
38848,5,0.20333333333333334
38849,5,0.05333333333333334
38855,5,0.3466666666666667
38859,5,0.27666666666666667
38864,5,0.20333333333333334
38867,5,0.41333333333333333
38870,5,0.52
38871,5,0.4633333333333333
38873,5,0.2
38875,5,0.195
38888,5,0.35333333333333333
38895,5,0.35833333333333334
38896,5,0.5466666666666666
38904,5,0.4766666666666667
38921,5,0.33666666666666667
38923,5,0.24555555555555558
38924,5,0.5783333333333334
38928,5,0.3
38929,5,0.26555555555555554
38932,5,0.17666666666666667
38934,5,0.24222222222222223
38947,5,0.41333333333333333
38960,5,0.5133333333333333
38966,5,0.21444444444444444
38982,5,0.46777777777777774
38985,5,0.43
38986,5,0.31666666666666665
39001,5,0.48333333333333334
39008,5,0.77
39010,5,0.44333333333333336
39013,5,0.3233333333333333
39022,5,0.67
39023,5,0.6633333333333333
39027,5,0.7333333333333333
39041,5,0.5666666666666667
39045,5,0.5233333333333333
39055,5,0.21333333333333335
39059,5,0.4533333333333333
39064,5,0.13866666666666666
39066,5,0.4905555555555555
39068,5,0.7633333333333333
39069,5,0.46
39074,5,0.6625
39076,5,0.55
39078,5,0.2633333333333333
39080,5,0.85
39081,5,0.6033333333333334
39085,5,0.85
39086,5,0.7866666666666666
39087,5,0.5033333333333333
39092,5,0.86
39093,5,0.6433333333333333
39099,5,0.59
39110,5,0.20666666666666667
39113,5,0.7844444444444445
39116,5,0.5533333333333333
39118,5,0.8133333333333334
39121,5,0.84
39122,5,0.39166666666666666
39124,5,0.6722222222222223
39131,5,0.54
39135,5,0.55
39136,5,0.7583333333333333
39140,5,0.48
39141,5,0.44
39148,5,0.5916666666666667
39157,5,0.5
39159,5,0.8666666666666667
39161,5,0.6466666666666666
39162,5,0.6833333333333333
39168,5,0.5566666666666666
39174,5,0.5233333333333333
39177,5,0.3933333333333333
39179,5,0.41333333333333333
39191,5,0.595
39194,5,0.8366666666666667
39206,5,0.36666666666666664
39213,5,0.7233333333333334
39214,5,0.17666666666666667
39219,5,0.6
39221,5,0.9466666666666667
39227,5,0.9033333333333333
39240,5,0.20666666666666667
39247,5,0.27666666666666667
39251,5,0.4166666666666667
39252,5,0.42111111111111116
39257,5,0.26
39261,5,0.7466666666666667
39269,5,0.37
39274,5,0.8433333333333334
39278,5,0.44333333333333336
39281,5,0.3466666666666667
39287,5,0.7333333333333333
39293,5,0.77
39296,5,0.49
39300,5,0.66
39310,5,0.8666666666666667
39321,5,0.6366666666666667
39324,5,0.5666666666666667
39325,5,0.63
39330,5,0.41
39340,5,0.69
39345,5,0.3566666666666667
39347,5,0.6991666666666667
39357,5,0.61
39365,5,0.11333333333333333
39378,5,0.81
39390,5,0.16
39398,5,0.8266666666666667
39405,5,0.78
39406,5,0.33
39407,5,0.75
39420,5,0.35
39421,5,0.295
39423,5,0.71
39435,5,0.24666666666666667
39436,5,0.2
39437,5,0.8066666666666666
39439,5,0.09666666666666666
39449,5,0.74
39453,5,0.8566666666666667
39455,5,0.7433333333333333
39456,5,0.7233333333333334
39467,5,0.11
39470,5,0.6366666666666667
39494,5,0.43
39495,5,0.3333333333333333
39496,5,0.35
39512,5,0.5533333333333333
39514,5,0.7811111111111111
39515,5,0.25333333333333335
39516,5,0.5166666666666667
39519,5,0.37333333333333335
39521,5,0.20666666666666667
39532,5,0.2966666666666667
39537,5,0.8233333333333334
39538,5,0.7966666666666666
39540,5,0.8466666666666667
39547,5,0.45
39556,5,0.7633333333333333
39560,5,0.4533333333333333
39567,5,0.55
39578,5,0.4866666666666667
39587,5,0.7933333333333333
39590,5,0.14666666666666667
39595,5,0.24333333333333335
39596,5,0.37666666666666665
39599,5,0.4
39612,5,0.44
39624,5,0.24666666666666667
39634,5,0.37666666666666665
39640,5,0.8433333333333334
39645,5,0.9233333333333333
39647,5,0.2633333333333333
39651,5,0.74
39661,5,0.91
39663,5,0.95
39668,5,0.8
39673,5,0.25333333333333335
39676,5,0.7366666666666667
39680,5,0.8833333333333333
39700,5,0.5733333333333334
39701,5,0.43166666666666664
39704,5,0.5
39726,5,0.8266666666666667
39727,5,0.7466666666666667
39733,5,0.8566666666666667
39734,5,0.49
39742,5,0.8233333333333334
39745,5,0.9
39750,5,0.46
39751,5,0.47
39754,5,0.6366666666666667
39755,5,0.8433333333333334
39763,5,0.30666666666666664
39769,5,0.76
39789,5,0.46
39799,5,0.13
39809,5,0.11333333333333333
39810,5,0.33
39813,5,0.31
39824,5,0.08666666666666667
39825,5,0.08
39826,5,0.13666666666666666
39837,5,0.8233333333333334
39844,5,0.7766666666666666
39848,5,0.5433333333333333
39856,5,0.6716666666666666
39857,5,0.5633333333333334
39859,5,0.20333333333333334
39860,5,0.23333333333333334
39863,5,0.19666666666666666
39888,5,0.4166666666666667
39890,5,0.49666666666666665
39892,5,0.5433333333333333
39907,5,0.65
39908,5,0.81
39916,5,0.4948888888888888
39920,5,0.23666666666666666
39924,5,0.043333333333333335
39932,5,0.4066666666666667
39938,5,0.16333333333333333
39950,5,0.24666666666666667
39951,5,0.3566666666666667
39955,5,0.7433333333333333
39961,5,0.15666666666666668
39969,5,0.355
39975,5,0.8127777777777778
39992,5,0.5266666666666666
40002,5,0.48333333333333334
40007,5,0.38666666666666666
40008,5,0.4666666666666667
40019,5,0.15666666666666668
40025,5,0.5566666666666666
40033,5,0.4266666666666667
40042,5,0.7533333333333333
40049,5,0.5133333333333333
40057,5,0.31
40065,5,0.7933333333333333
40069,5,0.5166666666666667
40074,5,0.3466666666666667
40084,5,0.4766666666666667
40096,5,0.65
40102,5,0.2733333333333333
40104,5,0.7366666666666667
40116,5,0.6166666666666667
40126,5,0.5222222222222223
40135,5,0.30666666666666664
40137,5,0.59
40141,5,0.73
40147,5,0.5466666666666666
40148,5,0.37
40154,5,0.7666666666666667
40158,5,0.8466666666666667
40163,5,0.8566666666666667
40170,5,0.54
40178,5,0.37666666666666665
40179,5,0.65
40184,5,0.6366666666666667
40188,5,0.83
40197,5,0.32
40199,5,0.52
40234,5,0.5766666666666667
40236,5,0.47
40246,5,0.32
40250,5,0.8433333333333334
40259,5,0.886
40260,5,0.61
40262,5,0.8253333333333334
40268,5,0.06
40280,5,0.65
40282,5,0.45
40285,5,0.4766666666666667
40293,5,0.8733333333333333
40299,5,0.17666666666666667
40302,5,0.8591666666666666
40306,5,0.8033333333333333
40307,5,0.48333333333333334
40326,5,0.3566666666666667
40328,5,0.385
40330,5,0.04
40331,5,0.41
40341,5,0.2
40344,5,0.45
40352,5,0.38666666666666666
40356,5,0.24333333333333335
40362,5,0.7666666666666667
40365,5,0.8166666666666667
40370,5,0.8133333333333334
40371,5,0.62
40373,5,0.9
40401,5,0.4216666666666667
40403,5,0.21
40404,5,0.5433333333333333
40409,5,0.5633333333333334
40418,5,0.9186666666666667
40423,5,0.9133333333333333
40426,5,0.23666666666666666
40427,5,0.2633333333333333
40433,5,0.15333333333333332
40436,5,0.4
40439,5,0.8233333333333334
40444,5,0.26666666666666666
40446,5,0.5966666666666667
40450,5,0.8183333333333334
40469,5,0.8533333333333334
40482,5,0.5666666666666667
40483,5,0.555
40484,5,0.9133333333333333
40496,5,0.36666666666666664
40498,5,0.33666666666666667
40506,5,0.38622222222222224
40507,5,0.62
40512,5,0.17666666666666667
40519,5,0.39
40525,5,0.07
40526,5,0.12333333333333334
40533,5,0.12166666666666667
40541,5,0.5866666666666667
40542,5,0.6266666666666667
40544,5,0.3272222222222222
40553,5,0.3933333333333333
40562,5,0.6766666666666666
40566,5,0.72
40567,5,0.9233333333333333
40577,5,0.14
40582,5,0.06
40593,5,0.3433333333333333
40597,5,0.20333333333333334
40602,5,0.7966666666666666
40603,5,0.64
40608,5,0.18
40609,5,0.4
40628,5,0.5066666666666667
40630,5,0.3075555555555555
40631,5,0.31333333333333335
40644,5,0.8933333333333333
40653,5,0.95
40657,5,0.43333333333333335
40664,5,0.6066666666666667
40667,5,0.23333333333333334
40668,5,0.7166666666666667
40678,5,0.7683333333333333
40682,5,0.43666666666666665
40684,5,0.85
40687,5,0.7966666666666666
40689,5,0.86
40698,5,0.52
40701,5,0.30133333333333334
40706,5,0.08
40717,5,0.22666666666666666
40727,5,0.505
40731,5,0.87
40749,5,0.51
40757,5,0.81
40763,5,0.29333333333333333
40787,5,0.07333333333333333
40804,5,0.38666666666666666
40811,5,0.5066666666666667
40813,5,0.8333333333333334
40815,5,0.33
40816,5,0.41333333333333333
40817,5,0.55
40831,5,0.37333333333333335
40835,5,0.11333333333333333
40838,5,0.49333333333333335
40841,5,0.043333333333333335
40849,5,0.16666666666666666
40858,5,0.33666666666666667
40864,5,0.14666666666666667
40869,5,0.5666666666666667
40872,5,0.5272222222222223
40877,5,0.41
40880,5,0.3566666666666667
40883,5,0.32
40888,5,0.42
40898,5,0.7664444444444445
40899,5,0.23333333333333334
40900,5,0.2633333333333333
40903,5,0.3925
40909,5,0.35
40914,5,0.68
40919,5,0.11833333333333333
40928,5,0.3933333333333333
40939,5,0.11666666666666667
40941,5,0.7333333333333333
40946,5,0.27666666666666667
40948,5,0.32666666666666666
40953,5,0.658611111111111
40956,5,0.6066666666666667
40957,5,0.77
40961,5,0.20666666666666667
40964,5,0.31666666666666665
40980,5,0.34
40990,5,0.68
40997,5,0.08333333333333333
41001,5,0.15666666666666668
41004,5,0.43666666666666665
41010,5,0.8033333333333333
41011,5,0.8833333333333333
41016,5,0.91
41021,5,0.4166666666666667
41024,5,0.76
41028,5,0.28
41036,5,0.3333333333333333
41037,5,0.7866666666666666
41038,5,0.13333333333333333
41043,5,0.19
41047,5,0.4666666666666667
41068,5,0.7533333333333333
41081,5,0.7133333333333334
41094,5,0.14333333333333334
41095,5,0.23666666666666666
41103,5,0.11
41106,5,0.03666666666666667
41108,5,0.6166666666666667
41116,5,0.38666666666666666
41117,5,0.41833333333333333
41118,5,0.18
41124,5,0.49333333333333335
41127,5,0.3646666666666667
41132,5,0.7533333333333333
41139,5,0.5838333333333333
41152,5,0.35022222222222227
41157,5,0.4950555555555555
41171,5,0.22777777777777777
41187,5,0.38
