fila,fold,puntaje
3,1,0.0
11,1,0.06666666666666667
13,1,0.0
14,1,0.0
40,1,0.0
42,1,0.0
52,1,0.0
59,1,0.06666666666666667
65,1,0.0
68,1,0.0
69,1,0.0
79,1,0.0
85,1,0.06666666666666667
89,1,0.0
90,1,0.0
94,1,0.0
95,1,0.0
102,1,0.0
105,1,0.0
109,1,0.06666666666666667
121,1,0.0
139,1,0.0
169,1,0.0
174,1,0.0
180,1,0.0
182,1,0.0
187,1,0.06666666666666667
191,1,0.06666666666666667
194,1,0.0
208,1,0.06666666666666667
215,1,0.0
222,1,0.0
228,1,0.06666666666666667
236,1,0.0
245,1,0.0
252,1,0.0
257,1,0.0
263,1,0.0
274,1,0.0
286,1,0.0
287,1,0.13333333333333333
290,1,0.0
315,1,0.0
319,1,0.06666666666666667
322,1,0.0
323,1,0.0
332,1,0.06666666666666667
336,1,0.06666666666666667
337,1,0.0
341,1,0.0
344,1,0.0
349,1,0.0
357,1,0.0
360,1,0.0
367,1,0.0
368,1,0.0
369,1,0.0
373,1,0.0
381,1,0.0
383,1,0.0
388,1,0.0
394,1,0.0
395,1,0.0
404,1,0.0
406,1,0.06666666666666667
410,1,0.13333333333333333
420,1,0.0
427,1,0.0
428,1,0.0
435,1,0.0
443,1,0.0
448,1,0.0
452,1,0.0
458,1,0.0
465,1,0.0
466,1,0.0
467,1,0.06666666666666667
483,1,0.0
484,1,0.0
485,1,0.0
491,1,0.0
505,1,0.06666666666666667
509,1,0.0
514,1,0.06666666666666667
515,1,0.0
522,1,0.0
540,1,0.06666666666666667
541,1,0.06666666666666667
557,1,0.0
559,1,0.06666666666666667
563,1,0.0
566,1,0.06666666666666667
572,1,0.0
574,1,0.06666666666666667
575,1,0.13333333333333333
578,1,0.0
590,1,0.0
593,1,0.0
614,1,0.06666666666666667
615,1,0.0
626,1,0.0
633,1,0.0
644,1,0.0
650,1,0.0
659,1,0.06666666666666667
661,1,0.0
665,1,0.0
675,1,0.0
678,1,0.0
687,1,0.0
689,1,0.06666666666666667
690,1,0.0
692,1,0.0
698,1,0.0
699,1,0.0
700,1,0.0
703,1,0.0
714,1,0.0
724,1,0.06666666666666667
728,1,0.0
734,1,0.06666666666666667
738,1,0.0
746,1,0.06666666666666667
759,1,0.06666666666666667
760,1,0.0
763,1,0.0
765,1,0.06666666666666667
772,1,0.0
784,1,0.0
788,1,0.0
789,1,0.06666666666666667
794,1,0.06666666666666667
796,1,0.06666666666666667
826,1,0.0
827,1,0.0
828,1,0.0
830,1,0.0
837,1,0.0
844,1,0.0
864,1,0.0
869,1,0.06666666666666667
871,1,0.13333333333333333
881,1,0.0
885,1,0.0
892,1,0.06666666666666667
909,1,0.06666666666666667
910,1,0.13333333333333333
913,1,0.06666666666666667
917,1,0.0
921,1,0.0
922,1,0.0
924,1,0.13333333333333333
938,1,0.0
939,1,0.0
940,1,0.06666666666666667
946,1,0.0
968,1,0.06666666666666667
969,1,0.0
972,1,0.0
976,1,0.2
988,1,0.0
991,1,0.0
995,1,0.13333333333333333
997,1,0.0
1001,1,0.0
1007,1,0.06666666666666667
1012,1,0.0
1015,1,0.06666666666666667
1017,1,0.0
1036,1,0.0
1042,1,0.0
1044,1,0.0
1047,1,0.0
1056,1,0.0
1057,1,0.0
1087,1,0.06666666666666667
1094,1,0.0
1100,1,0.0
1110,1,0.0
1111,1,0.06666666666666667
1114,1,0.13333333333333333
1118,1,0.0
1135,1,0.0
1144,1,0.0
1156,1,0.13333333333333333
1165,1,0.0
1174,1,0.0
1181,1,0.0
1182,1,0.0
1188,1,0.0
1228,1,0.0
1232,1,0.0
1240,1,0.0
1245,1,0.0
1251,1,0.0
1257,1,0.0
1260,1,0.06666666666666667
1267,1,0.0
1272,1,0.06666666666666667
1276,1,0.0
1285,1,0.0
1289,1,0.0
1291,1,0.0
1313,1,0.0
1314,1,0.13333333333333333
1317,1,0.06666666666666667
1320,1,0.0
1323,1,0.06666666666666667
1331,1,0.0
1335,1,0.06666666666666667
1337,1,0.06666666666666667
1346,1,0.06666666666666667
1349,1,0.0
1354,1,0.06666666666666667
1368,1,0.0
1388,1,0.06666666666666667
1408,1,0.0
1442,1,0.06666666666666667
1450,1,0.0
1454,1,0.0
1457,1,0.06666666666666667
1485,1,0.06666666666666667
1489,1,0.0
1501,1,0.06666666666666667
1514,1,0.0
1519,1,0.06666666666666667
1525,1,0.0
1531,1,0.0
1533,1,0.06666666666666667
1542,1,0.0
1564,1,0.0
1567,1,0.06666666666666667
1573,1,0.0
1587,1,0.13333333333333333
1602,1,0.0
1605,1,0.06666666666666667
1609,1,0.0
1614,1,0.06666666666666667
1627,1,0.06666666666666667
1629,1,0.0
1630,1,0.0
1633,1,0.13333333333333333
1636,1,0.06666666666666667
1639,1,0.06666666666666667
1640,1,0.0
1644,1,0.13333333333333333
1646,1,0.06666666666666667
1653,1,0.0
1654,1,0.0
1665,1,0.06666666666666667
1676,1,0.0
1704,1,0.0
1718,1,0.13333333333333333
1722,1,0.06666666666666667
1726,1,0.0
1730,1,0.0
1762,1,0.13333333333333333
1769,1,0.2
1775,1,0.13333333333333333
1780,1,0.06666666666666667
1781,1,0.13333333333333333
1787,1,0.0
1793,1,0.0
1795,1,0.06666666666666667
1801,1,0.06666666666666667
1805,1,0.0
1808,1,0.06666666666666667
1811,1,0.0
1817,1,0.13333333333333333
1819,1,0.06666666666666667
1820,1,0.06666666666666667
1824,1,0.0
1835,1,0.0
1854,1,0.0
1855,1,0.06666666666666667
1860,1,0.0
1861,1,0.0
1864,1,0.0
1865,1,0.0
1874,1,0.13333333333333333
1875,1,0.0
1876,1,0.13333333333333333
1883,1,0.0
1884,1,0.0
1890,1,0.0
1897,1,0.0
1900,1,0.0
1905,1,0.13333333333333333
1906,1,0.06666666666666667
1911,1,0.06666666666666667
1919,1,0.06666666666666667
1926,1,0.0
1959,1,0.0
1972,1,0.0
1976,1,0.0
1978,1,0.06666666666666667
1986,1,0.06666666666666667
1989,1,0.0
1990,1,0.0
1998,1,0.06666666666666667
2012,1,0.06666666666666667
2015,1,0.0
2016,1,0.0
2021,1,0.0
2047,1,0.0
2054,1,0.0
2065,1,0.06666666666666667
2068,1,0.0
2088,1,0.0
2103,1,0.0
2108,1,0.0
2112,1,0.0
2114,1,0.0
2116,1,0.06666666666666667
2118,1,0.0
2128,1,0.0
2130,1,0.0
2131,1,0.0
2141,1,0.06666666666666667
2148,1,0.0
2154,1,0.0
2161,1,0.0
2163,1,0.0
2164,1,0.0
2166,1,0.0
2167,1,0.0
2173,1,0.0
2181,1,0.06666666666666667
2188,1,0.0
2189,1,0.0
2191,1,0.0
2193,1,0.0
2198,1,0.0
2210,1,0.0
2232,1,0.0
2240,1,0.0
2253,1,0.0
2256,1,0.0
2264,1,0.0
2268,1,0.06666666666666667
2270,1,0.0
2275,1,0.0
2278,1,0.0
2303,1,0.0
2309,1,0.0
2313,1,0.0
2314,1,0.06666666666666667
2317,1,0.06666666666666667
2318,1,0.13333333333333333
2322,1,0.0
2323,1,0.0
2325,1,0.06666666666666667
2342,1,0.0
2347,1,0.0
2350,1,0.0
2354,1,0.0
2356,1,0.06666666666666667
2391,1,0.0
2395,1,0.06666666666666667
2399,1,0.0
2409,1,0.0
2412,1,0.0
2421,1,0.06666666666666667
2429,1,0.0
2432,1,0.0
2442,1,0.0
2443,1,0.0
2447,1,0.0
2450,1,0.06666666666666667
2451,1,0.0
2470,1,0.0
2471,1,0.0
2474,1,0.0
2476,1,0.0
2485,1,0.0
2501,1,0.06666666666666667
2505,1,0.0
2506,1,0.0
2512,1,0.0
2513,1,0.0
2525,1,0.06666666666666667
2528,1,0.0
2536,1,0.0
2537,1,0.0
2539,1,0.0
2541,1,0.06666666666666667
2547,1,0.0
2559,1,0.06666666666666667
2562,1,0.0
2566,1,0.06666666666666667
2570,1,0.0
2572,1,0.0
2579,1,0.0
2587,1,0.0
2589,1,0.0
2604,1,0.06666666666666667
2610,1,0.0
2615,1,0.0
2619,1,0.0
2630,1,0.06666666666666667
2635,1,0.06666666666666667
2640,1,0.0
2652,1,0.0
2656,1,0.06666666666666667
2658,1,0.0
2664,1,0.0
2678,1,0.0
2685,1,0.13333333333333333
2687,1,0.0
2696,1,0.06666666666666667
2700,1,0.13333333333333333
2708,1,0.06666666666666667
2711,1,0.06666666666666667
2715,1,0.06666666666666667
2721,1,0.0
2730,1,0.0
2734,1,0.0
2741,1,0.0
2745,1,0.06666666666666667
2746,1,0.0
2747,1,0.0
2765,1,0.0
2767,1,0.0
2768,1,0.0
2780,1,0.0
2783,1,0.0
2784,1,0.06666666666666667
2792,1,0.0
2795,1,0.13333333333333333
2797,1,0.0
2802,1,0.0
2803,1,0.0
2820,1,0.0
2821,1,0.0
2824,1,0.0
2825,1,0.0
2830,1,0.06666666666666667
2841,1,0.0
2872,1,0.0
2876,1,0.0
2890,1,0.0
2891,1,0.13333333333333333
2901,1,0.06666666666666667
2917,1,0.0
2919,1,0.0
2933,1,0.0
2944,1,0.0
2946,1,0.0
2961,1,0.2
2966,1,0.0
2976,1,0.13333333333333333
2981,1,0.0
2991,1,0.0
3000,1,0.0
3006,1,0.0
3007,1,0.0
3016,1,0.0
3019,1,0.06666666666666667
3022,1,0.06666666666666667
3027,1,0.0
3028,1,0.0
3029,1,0.0
3031,1,0.0
3038,1,0.0
3042,1,0.0
3046,1,0.0
3048,1,0.13333333333333333
3049,1,0.13333333333333333
3050,1,0.0
3061,1,0.0
3071,1,0.0
3074,1,0.0
3093,1,0.0
3097,1,0.13333333333333333
3101,1,0.06666666666666667
3107,1,0.0
3113,1,0.06666666666666667
3137,1,0.0
3139,1,0.0
3145,1,0.0
3152,1,0.0
3155,1,0.06666666666666667
3157,1,0.06666666666666667
3161,1,0.06666666666666667
3162,1,0.13333333333333333
3166,1,0.0
3181,1,0.0
3187,1,0.06666666666666667
3190,1,0.06666666666666667
3204,1,0.0
3205,1,0.0
3206,1,0.06666666666666667
3210,1,0.13333333333333333
3220,1,0.0
3223,1,0.0
3225,1,0.06666666666666667
3242,1,0.0
3250,1,0.0
3257,1,0.0
3263,1,0.06666666666666667
3264,1,0.06666666666666667
3266,1,0.0
3279,1,0.06666666666666667
3284,1,0.13333333333333333
3302,1,0.0
3305,1,0.06666666666666667
3312,1,0.06666666666666667
3323,1,0.06666666666666667
3324,1,0.13333333333333333
3326,1,0.0
3329,1,0.0
3334,1,0.0
3363,1,0.0
3366,1,0.0
3378,1,0.06666666666666667
3396,1,0.0
3401,1,0.0
3402,1,0.0
3414,1,0.13333333333333333
3424,1,0.2
3425,1,0.13333333333333333
3431,1,0.0
3433,1,0.0
3439,1,0.0
3440,1,0.06666666666666667
3460,1,0.06666666666666667
3466,1,0.0
3471,1,0.06666666666666667
3474,1,0.06666666666666667
3487,1,0.0
3488,1,0.0
3491,1,0.0
3502,1,0.06666666666666667
3509,1,0.0
3515,1,0.13333333333333333
3531,1,0.13333333333333333
3536,1,0.0
3546,1,0.0
3552,1,0.0
3555,1,0.0
3557,1,0.13333333333333333
3559,1,0.0
3567,1,0.0
3571,1,0.06666666666666667
3573,1,0.0
3580,1,0.0
3583,1,0.0
3587,1,0.13333333333333333
3590,1,0.0
3592,1,0.06666666666666667
3595,1,0.0
3600,1,0.0
3606,1,0.0
3617,1,0.0
3621,1,0.06666666666666667
3623,1,0.13333333333333333
3631,1,0.06666666666666667
3633,1,0.0
3641,1,0.0
3656,1,0.0
3661,1,0.0
3662,1,0.06666666666666667
3663,1,0.13333333333333333
3667,1,0.0
3669,1,0.13333333333333333
3670,1,0.0
3677,1,0.0
3682,1,0.0
3694,1,0.06666666666666667
3696,1,0.0
3699,1,0.0
3712,1,0.0
3717,1,0.0
3720,1,0.0
3737,1,0.0
3738,1,0.06666666666666667
3739,1,0.0
3745,1,0.0
3750,1,0.13333333333333333
3756,1,0.06666666666666667
3758,1,0.0
3766,1,0.06666666666666667
3768,1,0.06666666666666667
3770,1,0.0
3775,1,0.06666666666666667
3795,1,0.0
3806,1,0.06666666666666667
3809,1,0.0
3811,1,0.06666666666666667
3813,1,0.0
3815,1,0.06666666666666667
3817,1,0.0
3828,1,0.06666666666666667
3840,1,0.0
3842,1,0.0
3847,1,0.0
3848,1,0.0
3849,1,0.0
3850,1,0.06666666666666667
3853,1,0.13333333333333333
3863,1,0.0
3869,1,0.06666666666666667
3877,1,0.06666666666666667
3885,1,0.13333333333333333
3897,1,0.06666666666666667
3901,1,0.0
3903,1,0.06666666666666667
3917,1,0.0
3925,1,0.06666666666666667
3933,1,0.0
3934,1,0.0
3936,1,0.06666666666666667
3943,1,0.06666666666666667
3944,1,0.0
3947,1,0.0
3953,1,0.0
3960,1,0.06666666666666667
3962,1,0.0
3975,1,0.0
3978,1,0.06666666666666667
3979,1,0.0
3988,1,0.0
3989,1,0.0
4008,1,0.0
4010,1,0.0
4015,1,0.0
4016,1,0.0
4018,1,0.0
4031,1,0.0
4034,1,0.0
4046,1,0.06666666666666667
4049,1,0.0
4054,1,0.0
4055,1,0.0
4061,1,0.0
4067,1,0.06666666666666667
4071,1,0.06666666666666667
4077,1,0.0
4084,1,0.06666666666666667
4085,1,0.0
4092,1,0.0
4103,1,0.0
4120,1,0.06666666666666667
4128,1,0.06666666666666667
4143,1,0.06666666666666667
4144,1,0.0
4151,1,0.0
4165,1,0.06666666666666667
4169,1,0.0
4173,1,0.0
4178,1,0.0
4179,1,0.0
4202,1,0.06666666666666667
4203,1,0.0
4226,1,0.0
4230,1,0.13333333333333333
4231,1,0.0
4232,1,0.0
4237,1,0.2
4243,1,0.0
4271,1,0.0
4276,1,0.0
4277,1,0.0
4287,1,0.0
4288,1,0.06666666666666667
4295,1,0.13333333333333333
4306,1,0.0
4316,1,0.0
4317,1,0.0
4318,1,0.0
4322,1,0.06666666666666667
4327,1,0.0
4339,1,0.0
4340,1,0.0
4341,1,0.06666666666666667
4347,1,0.06666666666666667
4355,1,0.0
4359,1,0.0
4360,1,0.0
4361,1,0.0
4386,1,0.06666666666666667
4388,1,0.06666666666666667
4397,1,0.0
4402,1,0.06666666666666667
4413,1,0.0
4414,1,0.0
4423,1,0.06666666666666667
4426,1,0.0
4428,1,0.13333333333333333
4433,1,0.0
4435,1,0.0
4446,1,0.0
4458,1,0.06666666666666667
4461,1,0.0
4471,1,0.0
4473,1,0.13333333333333333
4479,1,0.06666666666666667
4480,1,0.13333333333333333
4499,1,0.0
4518,1,0.0
4522,1,0.0
4528,1,0.0
4534,1,0.0
4542,1,0.0
4554,1,0.0
4568,1,0.06666666666666667
4571,1,0.0
4577,1,0.0
4578,1,0.0
4583,1,0.0
4587,1,0.0
4601,1,0.06666666666666667
4615,1,0.0
4617,1,0.0
4618,1,0.0
4627,1,0.0
4637,1,0.13333333333333333
4638,1,0.0
4644,1,0.0
4647,1,0.0
4652,1,0.0
4669,1,0.0
4678,1,0.06666666666666667
4679,1,0.06666666666666667
4680,1,0.06666666666666667
4694,1,0.0
4696,1,0.0
4697,1,0.06666666666666667
4703,1,0.0
4704,1,0.13333333333333333
4708,1,0.06666666666666667
4720,1,0.0
4740,1,0.0
4741,1,0.0
4777,1,0.06666666666666667
4787,1,0.0
4791,1,0.13333333333333333
4798,1,0.06666666666666667
4801,1,0.0
4802,1,0.06666666666666667
4808,1,0.0
4810,1,0.0
4811,1,0.0
4826,1,0.0
4829,1,0.0
4830,1,0.06666666666666667
4831,1,0.0
4841,1,0.0
4844,1,0.06666666666666667
4848,1,0.0
4851,1,0.0
4857,1,0.0
4869,1,0.06666666666666667
4886,1,0.0
4891,1,0.06666666666666667
4896,1,0.13333333333333333
4902,1,0.0
4916,1,0.06666666666666667
4919,1,0.0
4924,1,0.0
4929,1,0.0
4936,1,0.06666666666666667
4939,1,0.06666666666666667
4942,1,0.0
4950,1,0.0
4962,1,0.13333333333333333
4969,1,0.06666666666666667
4974,1,0.0
4982,1,0.0
4987,1,0.06666666666666667
4988,1,0.0
4993,1,0.06666666666666667
4995,1,0.0
4998,1,0.0
5014,1,0.0
5015,1,0.0
5023,1,0.0
5024,1,0.0
5038,1,0.2
5040,1,0.0
5047,1,0.13333333333333333
5057,1,0.13333333333333333
5063,1,0.06666666666666667
5067,1,0.0
5074,1,0.06666666666666667
5085,1,0.0
5088,1,0.0
5104,1,0.0
5110,1,0.13333333333333333
5113,1,0.06666666666666667
5123,1,0.06666666666666667
5128,1,0.0
5129,1,0.13333333333333333
5131,1,0.06666666666666667
5141,1,0.0
5160,1,0.0
5163,1,0.06666666666666667
5173,1,0.06666666666666667
5179,1,0.0
5187,1,0.06666666666666667
5196,1,0.06666666666666667
5198,1,0.06666666666666667
5199,1,0.06666666666666667
5201,1,0.0
5205,1,0.0
5208,1,0.13333333333333333
5212,1,0.06666666666666667
5216,1,0.06666666666666667
5217,1,0.0
5219,1,0.0
5222,1,0.0
5237,1,0.0
5238,1,0.06666666666666667
5240,1,0.0
5245,1,0.06666666666666667
5249,1,0.0
5250,1,0.0
5256,1,0.13333333333333333
5275,1,0.13333333333333333
5286,1,0.0
5288,1,0.0
5289,1,0.06666666666666667
5293,1,0.0
5294,1,0.0
5295,1,0.0
5300,1,0.0
5301,1,0.06666666666666667
5302,1,0.0
5305,1,0.13333333333333333
5309,1,0.0
5313,1,0.06666666666666667
5317,1,0.0
5320,1,0.0
5330,1,0.0
5339,1,0.13333333333333333
5343,1,0.06666666666666667
5350,1,0.0
5356,1,0.0
5358,1,0.0
5359,1,0.06666666666666667
5378,1,0.13333333333333333
5381,1,0.06666666666666667
5394,1,0.0
5405,1,0.0
5407,1,0.06666666666666667
5410,1,0.06666666666666667
5411,1,0.0
5420,1,0.0
5423,1,0.0
5426,1,0.06666666666666667
5428,1,0.06666666666666667
5430,1,0.0
5438,1,0.06666666666666667
5439,1,0.06666666666666667
5440,1,0.13333333333333333
5448,1,0.06666666666666667
5453,1,0.0
5463,1,0.0
5472,1,0.0
5485,1,0.0
5490,1,0.06666666666666667
5504,1,0.0
5507,1,0.0
5508,1,0.0
5511,1,0.0
5516,1,0.0
5521,1,0.0
5525,1,0.0
5529,1,0.0
5538,1,0.13333333333333333
5548,1,0.13333333333333333
5551,1,0.06666666666666667
5554,1,0.0
5558,1,0.0
5579,1,0.06666666666666667
5585,1,0.0
5587,1,0.0
5589,1,0.0
5592,1,0.06666666666666667
5601,1,0.06666666666666667
5605,1,0.0
5609,1,0.0
5612,1,0.06666666666666667
5621,1,0.0
5629,1,0.0
5635,1,0.0
5639,1,0.0
5641,1,0.0
5644,1,0.0
5652,1,0.06666666666666667
5675,1,0.0
5681,1,0.0
5687,1,0.06666666666666667
5694,1,0.0
5696,1,0.06666666666666667
5718,1,0.0
5766,1,0.0
5778,1,0.0
5788,1,0.0
5797,1,0.0
5798,1,0.06666666666666667
5810,1,0.0
5812,1,0.0
5820,1,0.0
5825,1,0.0
5831,1,0.0
5832,1,0.06666666666666667
5837,1,0.0
5838,1,0.0
5841,1,0.0
5843,1,0.06666666666666667
5846,1,0.06666666666666667
5848,1,0.0
5850,1,0.0
5861,1,0.0
5863,1,0.0
5868,1,0.0
5879,1,0.13333333333333333
5886,1,0.06666666666666667
5889,1,0.0
5898,1,0.06666666666666667
5904,1,0.0
5906,1,0.0
5926,1,0.0
5934,1,0.0
5938,1,0.0
5940,1,0.0
5942,1,0.0
5945,1,0.0
5968,1,0.06666666666666667
5970,1,0.0
5975,1,0.0
5988,1,0.06666666666666667
5989,1,0.0
6002,1,0.06666666666666667
6005,1,0.0
6008,1,0.06666666666666667
6014,1,0.0
6016,1,0.0
6020,1,0.0
6025,1,0.06666666666666667
6027,1,0.0
6038,1,0.06666666666666667
6041,1,0.0
6042,1,0.2
6051,1,0.0
6054,1,0.06666666666666667
6055,1,0.0
6057,1,0.0
6061,1,0.06666666666666667
6067,1,0.0
6074,1,0.06666666666666667
6078,1,0.0
6081,1,0.0
6083,1,0.0
6089,1,0.0
6094,1,0.0
6102,1,0.06666666666666667
6110,1,0.0
6114,1,0.0
6127,1,0.0
6129,1,0.0
6130,1,0.0
6135,1,0.0
6145,1,0.06666666666666667
6146,1,0.0
6153,1,0.0
6171,1,0.0
6187,1,0.0
6191,1,0.0
6195,1,0.13333333333333333
6203,1,0.0
6210,1,0.06666666666666667
6214,1,0.0
6219,1,0.0
6231,1,0.06666666666666667
6234,1,0.0
6240,1,0.06666666666666667
6250,1,0.0
6251,1,0.0
6260,1,0.0
6268,1,0.0
6269,1,0.06666666666666667
6272,1,0.0
6280,1,0.13333333333333333
6281,1,0.0
6293,1,0.0
6306,1,0.0
6311,1,0.0
6319,1,0.06666666666666667
6320,1,0.06666666666666667
6324,1,0.0
6348,1,0.0
6362,1,0.0
6371,1,0.0
6379,1,0.06666666666666667
6381,1,0.0
6388,1,0.0
6395,1,0.0
6396,1,0.0
6397,1,0.0
6403,1,0.0
6407,1,0.06666666666666667
6412,1,0.0
6414,1,0.0
6415,1,0.0
6420,1,0.0
6421,1,0.0
6434,1,0.06666666666666667
6435,1,0.0
6447,1,0.13333333333333333
6467,1,0.06666666666666667
6472,1,0.0
6475,1,0.0
6489,1,0.0
6496,1,0.13333333333333333
6498,1,0.06666666666666667
6513,1,0.0
6514,1,0.13333333333333333
6519,1,0.06666666666666667
6531,1,0.0
6532,1,0.0
6533,1,0.0
6537,1,0.0
6545,1,0.0
6554,1,0.06666666666666667
6564,1,0.06666666666666667
6580,1,0.0
6583,1,0.0
6591,1,0.13333333333333333
6594,1,0.06666666666666667
6595,1,0.0
6597,1,0.06666666666666667
6605,1,0.0
6609,1,0.0
6612,1,0.0
6625,1,0.0
6635,1,0.0
6641,1,0.06666666666666667
6647,1,0.0
6653,1,0.0
6657,1,0.0
6661,1,0.06666666666666667
6663,1,0.0
6670,1,0.06666666666666667
6687,1,0.0
6690,1,0.06666666666666667
6691,1,0.0
6698,1,0.0
6703,1,0.06666666666666667
6704,1,0.13333333333333333
6707,1,0.0
6711,1,0.0
6714,1,0.0
6717,1,0.0
6728,1,0.13333333333333333
6737,1,0.0
6744,1,0.0
6756,1,0.06666666666666667
6765,1,0.06666666666666667
6774,1,0.0
6776,1,0.0
6777,1,0.06666666666666667
6780,1,0.0
6783,1,0.0
6784,1,0.0
6802,1,0.13333333333333333
6806,1,0.13333333333333333
6807,1,0.13333333333333333
6810,1,0.0
6822,1,0.0
6824,1,0.0
6843,1,0.0
6851,1,0.0
6853,1,0.0
6855,1,0.06666666666666667
6865,1,0.0
6881,1,0.0
6885,1,0.0
6887,1,0.06666666666666667
6890,1,0.0
6896,1,0.0
6908,1,0.0
6915,1,0.06666666666666667
6916,1,0.0
6923,1,0.06666666666666667
6926,1,0.0
6935,1,0.0
6938,1,0.0
6945,1,0.06666666666666667
6947,1,0.0
6959,1,0.06666666666666667
6962,1,0.06666666666666667
6971,1,0.0
6975,1,0.0
6982,1,0.0
6984,1,0.0
6988,1,0.0
6993,1,0.0
7005,1,0.0
7012,1,0.0
7013,1,0.06666666666666667
7020,1,0.0
7021,1,0.0
7032,1,0.06666666666666667
7034,1,0.06666666666666667
7051,1,0.0
7059,1,0.06666666666666667
7063,1,0.06666666666666667
7083,1,0.06666666666666667
7085,1,0.0
7091,1,0.0
7093,1,0.13333333333333333
7094,1,0.0
7099,1,0.0
7108,1,0.0
7117,1,0.0
7129,1,0.0
7136,1,0.06666666666666667
7142,1,0.0
7147,1,0.06666666666666667
7154,1,0.0
7180,1,0.0
7185,1,0.0
7190,1,0.0
7194,1,0.0
7216,1,0.06666666666666667
7223,1,0.0
7228,1,0.0
7234,1,0.0
7238,1,0.0
7239,1,0.0
7241,1,0.0
7270,1,0.0
7307,1,0.13333333333333333
7314,1,0.06666666666666667
7317,1,0.0
7324,1,0.0
7327,1,0.0
7339,1,0.06666666666666667
7354,1,0.06666666666666667
7359,1,0.0
7370,1,0.0
7381,1,0.06666666666666667
7385,1,0.0
7387,1,0.0
7399,1,0.0
7407,1,0.06666666666666667
7426,1,0.06666666666666667
7429,1,0.0
7431,1,0.06666666666666667
7443,1,0.0
7457,1,0.06666666666666667
7469,1,0.06666666666666667
7488,1,0.06666666666666667
7493,1,0.0
7501,1,0.0
7505,1,0.06666666666666667
7511,1,0.0
7528,1,0.06666666666666667
7529,1,0.0
7538,1,0.0
7540,1,0.0
7544,1,0.0
7546,1,0.0
7556,1,0.0
7561,1,0.06666666666666667
7563,1,0.06666666666666667
7572,1,0.0
7575,1,0.06666666666666667
7576,1,0.06666666666666667
7583,1,0.0
7591,1,0.0
7596,1,0.0
7614,1,0.13333333333333333
7617,1,0.13333333333333333
7622,1,0.13333333333333333
7632,1,0.06666666666666667
7633,1,0.0
7636,1,0.0
7637,1,0.0
7638,1,0.06666666666666667
7648,1,0.0
7649,1,0.06666666666666667
7656,1,0.0
7659,1,0.0
7670,1,0.0
7692,1,0.0
7700,1,0.0
7707,1,0.0
7719,1,0.0
7720,1,0.0
7724,1,0.0
7737,1,0.0
7741,1,0.0
7744,1,0.0
7748,1,0.06666666666666667
7751,1,0.06666666666666667
7752,1,0.0
7753,1,0.0
7757,1,0.06666666666666667
7765,1,0.0
7767,1,0.06666666666666667
7769,1,0.0
7777,1,0.0
7778,1,0.06666666666666667
7781,1,0.06666666666666667
7789,1,0.06666666666666667
7794,1,0.06666666666666667
7802,1,0.0
7827,1,0.0
7833,1,0.0
7834,1,0.06666666666666667
7839,1,0.06666666666666667
7841,1,0.06666666666666667
7856,1,0.0
7858,1,0.06666666666666667
7859,1,0.0
7862,1,0.0
7863,1,0.0
7869,1,0.0
7872,1,0.0
7882,1,0.0
7884,1,0.13333333333333333
7886,1,0.06666666666666667
7890,1,0.0
7891,1,0.0
7912,1,0.06666666666666667
7923,1,0.0
7924,1,0.06666666666666667
7929,1,0.06666666666666667
7949,1,0.13333333333333333
7954,1,0.13333333333333333
7955,1,0.0
7958,1,0.0
7959,1,0.13333333333333333
7961,1,0.13333333333333333
7968,1,0.0
7970,1,0.0
7971,1,0.0
7975,1,0.06666666666666667
7988,1,0.06666666666666667
7990,1,0.0
7992,1,0.0
7996,1,0.0
8000,1,0.06666666666666667
8003,1,0.0
8014,1,0.06666666666666667
8022,1,0.13333333333333333
8029,1,0.0
8031,1,0.0
8041,1,0.06666666666666667
8042,1,0.0
8055,1,0.06666666666666667
8058,1,0.13333333333333333
8074,1,0.0
8075,1,0.06666666666666667
8082,1,0.06666666666666667
8084,1,0.0
8089,1,0.0
8097,1,0.0
8098,1,0.0
8103,1,0.0
8105,1,0.2
8112,1,0.0
8113,1,0.06666666666666667
8114,1,0.0
8115,1,0.0
8134,1,0.06666666666666667
8135,1,0.0
8140,1,0.06666666666666667
8142,1,0.0
8145,1,0.06666666666666667
8150,1,0.0
8155,1,0.06666666666666667
8164,1,0.06666666666666667
8169,1,0.0
8174,1,0.06666666666666667
8177,1,0.0
8183,1,0.06666666666666667
8187,1,0.0
8198,1,0.0
8205,1,0.06666666666666667
8212,1,0.06666666666666667
8215,1,0.0
8218,1,0.0
8220,1,0.0
8221,1,0.13333333333333333
8227,1,0.06666666666666667
8231,1,0.13333333333333333
8234,1,0.13333333333333333
8235,1,0.0
8241,1,0.13333333333333333
8254,1,0.0
8262,1,0.06666666666666667
8266,1,0.06666666666666667
8267,1,0.06666666666666667
8273,1,0.13333333333333333
8277,1,0.0
8282,1,0.06666666666666667
8292,1,0.0
8294,1,0.06666666666666667
8316,1,0.06666666666666667
8320,1,0.06666666666666667
8324,1,0.0
8325,1,0.06666666666666667
8338,1,0.06666666666666667
8342,1,0.0
8346,1,0.0
8347,1,0.0
8353,1,0.06666666666666667
8359,1,0.2
8364,1,0.0
8368,1,0.13333333333333333
8372,1,0.0
8383,1,0.06666666666666667
8397,1,0.0
8426,1,0.06666666666666667
8436,1,0.06666666666666667
8439,1,0.0
8440,1,0.0
8443,1,0.0
8444,1,0.0
8454,1,0.0
8460,1,0.2
8465,1,0.0
8467,1,0.0
8472,1,0.06666666666666667
8473,1,0.06666666666666667
8474,1,0.0
8483,1,0.0
8486,1,0.06666666666666667
8493,1,0.26666666666666666
8499,1,0.06666666666666667
8503,1,0.13333333333333333
8509,1,0.06666666666666667
8510,1,0.2
8519,1,0.06666666666666667
8522,1,0.06666666666666667
8524,1,0.06666666666666667
8527,1,0.0
8532,1,0.2
8537,1,0.13333333333333333
8538,1,0.0
8547,1,0.13333333333333333
8557,1,0.0
8561,1,0.06666666666666667
8570,1,0.2
8572,1,0.06666666666666667
8573,1,0.0
8578,1,0.06666666666666667
8580,1,0.06666666666666667
8583,1,0.0
8584,1,0.0
8587,1,0.13333333333333333
8588,1,0.0
8595,1,0.13333333333333333
8596,1,0.0
8597,1,0.13333333333333333
8624,1,0.06666666666666667
8627,1,0.13333333333333333
8632,1,0.13333333333333333
8634,1,0.0
8636,1,0.0
8637,1,0.0
8644,1,0.06666666666666667
8645,1,0.06666666666666667
8648,1,0.06666666666666667
8650,1,0.13333333333333333
8658,1,0.13333333333333333
8659,1,0.0
8660,1,0.06666666666666667
8664,1,0.06666666666666667
8666,1,0.0
8679,1,0.06666666666666667
8681,1,0.06666666666666667
8693,1,0.06666666666666667
8696,1,0.06666666666666667
8698,1,0.13333333333333333
8701,1,0.0
8703,1,0.0
8705,1,0.13333333333333333
8736,1,0.13333333333333333
8739,1,0.06666666666666667
8744,1,0.06666666666666667
8749,1,0.0
8750,1,0.06666666666666667
8762,1,0.06666666666666667
8766,1,0.0
8778,1,0.06666666666666667
8788,1,0.06666666666666667
8794,1,0.0
8796,1,0.0
8814,1,0.06666666666666667
8816,1,0.0
8824,1,0.0
8825,1,0.06666666666666667
8835,1,0.06666666666666667
8846,1,0.06666666666666667
8852,1,0.13333333333333333
8857,1,0.0
8865,1,0.0
8873,1,0.06666666666666667
8875,1,0.0
8876,1,0.0
8884,1,0.0
8885,1,0.06666666666666667
8890,1,0.06666666666666667
8899,1,0.06666666666666667
8913,1,0.0
8926,1,0.0
8943,1,0.13333333333333333
8949,1,0.06666666666666667
8958,1,0.0
8964,1,0.06666666666666667
8966,1,0.06666666666666667
8969,1,0.06666666666666667
8982,1,0.0
8984,1,0.0
9005,1,0.0
9047,1,0.06666666666666667
9051,1,0.06666666666666667
9064,1,0.0
9065,1,0.06666666666666667
9068,1,0.13333333333333333
9071,1,0.0
9074,1,0.0
9075,1,0.0
9080,1,0.0
9085,1,0.06666666666666667
9090,1,0.0
9094,1,0.06666666666666667
9095,1,0.06666666666666667
9098,1,0.06666666666666667
9104,1,0.0
9110,1,0.0
9112,1,0.13333333333333333
9122,1,0.13333333333333333
9124,1,0.2
9125,1,0.13333333333333333
9128,1,0.06666666666666667
9130,1,0.0
9137,1,0.06666666666666667
9142,1,0.0
9147,1,0.0
9154,1,0.06666666666666667
9159,1,0.06666666666666667
9164,1,0.13333333333333333
9172,1,0.06666666666666667
9176,1,0.13333333333333333
9179,1,0.0
9186,1,0.0
9187,1,0.2
9199,1,0.13333333333333333
9201,1,0.13333333333333333
9209,1,0.0
9223,1,0.0
9231,1,0.13333333333333333
9244,1,0.06666666666666667
9245,1,0.13333333333333333
9246,1,0.13333333333333333
9263,1,0.06666666666666667
9265,1,0.0
9270,1,0.06666666666666667
9273,1,0.0
9275,1,0.0
9290,1,0.0
9300,1,0.0
9303,1,0.06666666666666667
9311,1,0.0
9313,1,0.06666666666666667
9324,1,0.13333333333333333
9331,1,0.06666666666666667
9337,1,0.0
9344,1,0.0
9353,1,0.13333333333333333
9362,1,0.0
9368,1,0.0
9373,1,0.13333333333333333
9385,1,0.13333333333333333
9389,1,0.2
9395,1,0.06666666666666667
9399,1,0.0
9406,1,0.13333333333333333
9410,1,0.13333333333333333
9419,1,0.13333333333333333
9437,1,0.0
9442,1,0.0
9445,1,0.06666666666666667
9450,1,0.06666666666666667
9465,1,0.0
9474,1,0.0
9475,1,0.06666666666666667
9490,1,0.0
9503,1,0.0
9510,1,0.0
9515,1,0.0
9519,1,0.06666666666666667
9524,1,0.0
9525,1,0.0
9527,1,0.0
9530,1,0.0
9545,1,0.06666666666666667
9549,1,0.0
9552,1,0.06666666666666667
9553,1,0.0
9561,1,0.0
9565,1,0.0
9573,1,0.06666666666666667
9586,1,0.06666666666666667
9588,1,0.0
9589,1,0.0
9594,1,0.0
9605,1,0.0
9609,1,0.0
9618,1,0.06666666666666667
9625,1,0.0
9631,1,0.0
9633,1,0.0
9637,1,0.06666666666666667
9638,1,0.0
9643,1,0.13333333333333333
9646,1,0.13333333333333333
9647,1,0.06666666666666667
9654,1,0.06666666666666667
9673,1,0.06666666666666667
9679,1,0.0
9688,1,0.06666666666666667
9701,1,0.0
9706,1,0.0
9721,1,0.0
9722,1,0.0
9723,1,0.0
9727,1,0.06666666666666667
9730,1,0.06666666666666667
9734,1,0.0
9741,1,0.06666666666666667
9754,1,0.06666666666666667
9756,1,0.06666666666666667
9779,1,0.06666666666666667
9785,1,0.06666666666666667
9786,1,0.2
9790,1,0.2
9799,1,0.0
9801,1,0.13333333333333333
9806,1,0.2
9812,1,0.13333333333333333
9827,1,0.2
9829,1,0.0
9834,1,0.13333333333333333
9837,1,0.13333333333333333
9855,1,0.13333333333333333
9864,1,0.06666666666666667
9866,1,0.06666666666666667
9869,1,0.06666666666666667
9873,1,0.2
9883,1,0.0
9886,1,0.06666666666666667
9895,1,0.2
9905,1,0.06666666666666667
9910,1,0.0
9915,1,0.06666666666666667
9922,1,0.06666666666666667
9923,1,0.0
9928,1,0.2
9947,1,0.06666666666666667
9950,1,0.0
9951,1,0.0
9954,1,0.06666666666666667
9956,1,0.13333333333333333
9957,1,0.0
9964,1,0.0
9968,1,0.0
9972,1,0.0
9973,1,0.13333333333333333
9979,1,0.0
9981,1,0.0
9993,1,0.0
9994,1,0.0
10003,1,0.06666666666666667
10005,1,0.0
10006,1,0.0
10010,1,0.06666666666666667
10012,1,0.06666666666666667
10014,1,0.06666666666666667
10016,1,0.13333333333333333
10020,1,0.06666666666666667
10028,1,0.06666666666666667
10034,1,0.0
10039,1,0.0
10040,1,0.0
10041,1,0.0
10043,1,0.0
10044,1,0.2
10054,1,0.13333333333333333
10057,1,0.0
10058,1,0.0
10061,1,0.13333333333333333
10062,1,0.0
10065,1,0.13333333333333333
10068,1,0.0
10072,1,0.06666666666666667
10073,1,0.0
10077,1,0.0
10083,1,0.0
10086,1,0.06666666666666667
10087,1,0.06666666666666667
10097,1,0.0
10101,1,0.0
10106,1,0.0
10112,1,0.13333333333333333
10113,1,0.06666666666666667
10116,1,0.0
10120,1,0.0
10124,1,0.06666666666666667
10126,1,0.0
10130,1,0.0
10133,1,0.0
10139,1,0.0
10152,1,0.0
10153,1,0.0
10159,1,0.06666666666666667
10163,1,0.0
10170,1,0.0
10174,1,0.06666666666666667
10180,1,0.13333333333333333
10181,1,0.06666666666666667
10186,1,0.0
10190,1,0.0
10195,1,0.06666666666666667
10198,1,0.06666666666666667
10204,1,0.06666666666666667
10205,1,0.0
10206,1,0.0
10211,1,0.0
10215,1,0.06666666666666667
10217,1,0.06666666666666667
10235,1,0.06666666666666667
10245,1,0.06666666666666667
10255,1,0.0
10261,1,0.0
10273,1,0.06666666666666667
10284,1,0.0
10288,1,0.06666666666666667
10295,1,0.0
10308,1,0.0
10313,1,0.13333333333333333
10314,1,0.0
10316,1,0.0
10334,1,0.0
10337,1,0.13333333333333333
10343,1,0.06666666666666667
10344,1,0.0
10345,1,0.0
10349,1,0.0
10352,1,0.06666666666666667
10353,1,0.0
10354,1,0.0
10359,1,0.0
10362,1,0.0
10367,1,0.0
10370,1,0.06666666666666667
10399,1,0.0
10426,1,0.13333333333333333
10427,1,0.0
10432,1,0.06666666666666667
10444,1,0.0
10445,1,0.0
10463,1,0.06666666666666667
10468,1,0.0
10469,1,0.06666666666666667
10477,1,0.0
10479,1,0.0
10480,1,0.0
10481,1,0.0
10482,1,0.06666666666666667
10483,1,0.0
10492,1,0.0
10493,1,0.0
10544,1,0.06666666666666667
10553,1,0.13333333333333333
10556,1,0.2
10562,1,0.0
10585,1,0.06666666666666667
10590,1,0.13333333333333333
10599,1,0.0
10605,1,0.0
10607,1,0.06666666666666667
10613,1,0.0
10629,1,0.06666666666666667
10635,1,0.0
10640,1,0.13333333333333333
10644,1,0.0
10645,1,0.06666666666666667
10646,1,0.2
10650,1,0.0
10656,1,0.06666666666666667
10657,1,0.06666666666666667
10660,1,0.13333333333333333
10670,1,0.0
10678,1,0.13333333333333333
10694,1,0.06666666666666667
10695,1,0.0
10699,1,0.13333333333333333
10706,1,0.13333333333333333
10708,1,0.0
10710,1,0.06666666666666667
10719,1,0.06666666666666667
10721,1,0.0
10723,1,0.06666666666666667
10732,1,0.06666666666666667
10745,1,0.0
10758,1,0.0
10760,1,0.0
10783,1,0.06666666666666667
10786,1,0.06666666666666667
10789,1,0.0
10790,1,0.06666666666666667
10796,1,0.06666666666666667
10799,1,0.06666666666666667
10806,1,0.0
10821,1,0.0
10830,1,0.2
10831,1,0.06666666666666667
10832,1,0.0
10834,1,0.06666666666666667
10849,1,0.0
10871,1,0.0
10872,1,0.06666666666666667
10874,1,0.0
10879,1,0.06666666666666667
10894,1,0.06666666666666667
10904,1,0.0
10915,1,0.06666666666666667
10919,1,0.2
10927,1,0.0
10937,1,0.13333333333333333
10946,1,0.06666666666666667
10958,1,0.0
10961,1,0.13333333333333333
10966,1,0.13333333333333333
10968,1,0.06666666666666667
10969,1,0.06666666666666667
10973,1,0.06666666666666667
10991,1,0.13333333333333333
11019,1,0.06666666666666667
11022,1,0.06666666666666667
11024,1,0.13333333333333333
11027,1,0.26666666666666666
11037,1,0.0
11042,1,0.06666666666666667
11044,1,0.06666666666666667
11048,1,0.0
11058,1,0.0
11068,1,0.0
11070,1,0.0
11087,1,0.06666666666666667
11089,1,0.06666666666666667
11115,1,0.06666666666666667
11117,1,0.13333333333333333
11131,1,0.0
11155,1,0.0
11161,1,0.06666666666666667
11167,1,0.0
11170,1,0.13333333333333333
11175,1,0.06666666666666667
11177,1,0.0
11187,1,0.06666666666666667
11194,1,0.06666666666666667
11198,1,0.0
11212,1,0.06666666666666667
11223,1,0.0
11225,1,0.13333333333333333
11227,1,0.13333333333333333
11233,1,0.06666666666666667
11242,1,0.06666666666666667
11252,1,0.06666666666666667
11254,1,0.0
11255,1,0.0
11260,1,0.0
11287,1,0.0
11294,1,0.06666666666666667
11307,1,0.0
11308,1,0.0
11313,1,0.0
11317,1,0.06666666666666667
11320,1,0.06666666666666667
11325,1,0.06666666666666667
11326,1,0.2
11327,1,0.0
11337,1,0.13333333333333333
11366,1,0.0
11371,1,0.06666666666666667
11373,1,0.0
11381,1,0.0
11394,1,0.0
11401,1,0.06666666666666667
11402,1,0.0
11408,1,0.13333333333333333
11432,1,0.0
11450,1,0.0
11454,1,0.0
11455,1,0.06666666666666667
11461,1,0.2
11468,1,0.06666666666666667
11470,1,0.0
11472,1,0.0
11473,1,0.06666666666666667
11475,1,0.0
11497,1,0.06666666666666667
11503,1,0.13333333333333333
11515,1,0.0
11524,1,0.06666666666666667
11536,1,0.13333333333333333
11544,1,0.0
11551,1,0.0
11552,1,0.0
11554,1,0.2
11555,1,0.06666666666666667
11559,1,0.13333333333333333
11561,1,0.0
11563,1,0.06666666666666667
11573,1,0.0
11578,1,0.13333333333333333
11584,1,0.13333333333333333
11587,1,0.0
11594,1,0.0
11597,1,0.0
11600,1,0.06666666666666667
11616,1,0.0
11623,1,0.0
11627,1,0.06666666666666667
11628,1,0.0
11640,1,0.0
11641,1,0.0
11643,1,0.06666666666666667
11644,1,0.0
11646,1,0.0
11652,1,0.0
11658,1,0.0
11660,1,0.13333333333333333
11663,1,0.06666666666666667
11674,1,0.06666666666666667
11675,1,0.0
11682,1,0.0
11683,1,0.06666666666666667
11690,1,0.06666666666666667
11698,1,0.0
11708,1,0.2
11710,1,0.06666666666666667
11715,1,0.0
11725,1,0.0
11728,1,0.06666666666666667
11730,1,0.06666666666666667
11737,1,0.0
11746,1,0.0
11754,1,0.0
11756,1,0.0
11759,1,0.06666666666666667
11767,1,0.06666666666666667
11770,1,0.0
11779,1,0.13333333333333333
11780,1,0.06666666666666667
11802,1,0.0
11808,1,0.06666666666666667
11824,1,0.0
11833,1,0.06666666666666667
11837,1,0.0
11841,1,0.0
11842,1,0.0
11849,1,0.0
11851,1,0.06666666666666667
11899,1,0.06666666666666667
11909,1,0.13333333333333333
11913,1,0.13333333333333333
11914,1,0.0
11920,1,0.06666666666666667
11922,1,0.0
11926,1,0.0
11930,1,0.06666666666666667
11936,1,0.06666666666666667
11938,1,0.06666666666666667
11939,1,0.0
11943,1,0.0
11944,1,0.0
11950,1,0.0
11959,1,0.06666666666666667
11964,1,0.0
11969,1,0.06666666666666667
11971,1,0.06666666666666667
11996,1,0.0
12006,1,0.06666666666666667
12024,1,0.06666666666666667
12027,1,0.0
12034,1,0.13333333333333333
12049,1,0.0
12053,1,0.2
12057,1,0.06666666666666667
12061,1,0.0
12073,1,0.0
12083,1,0.2
12084,1,0.06666666666666667
12098,1,0.06666666666666667
12100,1,0.06666666666666667
12120,1,0.0
12124,1,0.0
12127,1,0.0
12130,1,0.06666666666666667
12140,1,0.0
12142,1,0.0
12145,1,0.0
12147,1,0.0
12150,1,0.0
12157,1,0.06666666666666667
12159,1,0.0
12181,1,0.06666666666666667
12188,1,0.13333333333333333
12190,1,0.06666666666666667
12199,1,0.0
12203,1,0.06666666666666667
12214,1,0.13333333333333333
12219,1,0.0
12225,1,0.0
12226,1,0.06666666666666667
12231,1,0.06666666666666667
12233,1,0.0
12236,1,0.0
12237,1,0.06666666666666667
12238,1,0.06666666666666667
12239,1,0.0
12245,1,0.0
12252,1,0.0
12259,1,0.0
12267,1,0.0
12272,1,0.06666666666666667
12273,1,0.0
12285,1,0.0
12295,1,0.13333333333333333
12297,1,0.0
12306,1,0.06666666666666667
12312,1,0.0
12316,1,0.13333333333333333
12325,1,0.06666666666666667
12337,1,0.0
12359,1,0.2
12375,1,0.2
12378,1,0.06666666666666667
12383,1,0.0
12391,1,0.13333333333333333
12401,1,0.0
12416,1,0.0
12424,1,0.13333333333333333
12432,1,0.0
12436,1,0.0
12453,1,0.2
12457,1,0.06666666666666667
12462,1,0.06666666666666667
12465,1,0.06666666666666667
12466,1,0.0
12474,1,0.0
12481,1,0.0
12486,1,0.13333333333333333
12495,1,0.06666666666666667
12499,1,0.06666666666666667
12502,1,0.06666666666666667
12520,1,0.06666666666666667
12533,1,0.06666666666666667
12540,1,0.06666666666666667
12547,1,0.13333333333333333
12556,1,0.06666666666666667
12559,1,0.13333333333333333
12566,1,0.06666666666666667
12574,1,0.0
12579,1,0.13333333333333333
12584,1,0.13333333333333333
12594,1,0.0
12602,1,0.06666666666666667
12607,1,0.0
12616,1,0.06666666666666667
12639,1,0.06666666666666667
12641,1,0.13333333333333333
12646,1,0.0
12652,1,0.0
12661,1,0.0
12662,1,0.06666666666666667
12679,1,0.06666666666666667
12683,1,0.06666666666666667
12692,1,0.06666666666666667
12693,1,0.06666666666666667
12695,1,0.06666666666666667
12707,1,0.0
12709,1,0.13333333333333333
12712,1,0.13333333333333333
12715,1,0.06666666666666667
12721,1,0.06666666666666667
12730,1,0.13333333333333333
12736,1,0.06666666666666667
12741,1,0.06666666666666667
12743,1,0.06666666666666667
12744,1,0.06666666666666667
12745,1,0.0
12754,1,0.13333333333333333
12756,1,0.0
12757,1,0.0
12767,1,0.06666666666666667
12772,1,0.06666666666666667
12776,1,0.0
12777,1,0.0
12789,1,0.06666666666666667
12791,1,0.13333333333333333
12797,1,0.2
12798,1,0.13333333333333333
12806,1,0.2
12807,1,0.0
12808,1,0.06666666666666667
12840,1,0.0
12846,1,0.06666666666666667
12865,1,0.2
12868,1,0.06666666666666667
12871,1,0.13333333333333333
12882,1,0.0
12891,1,0.2
12899,1,0.0
12905,1,0.13333333333333333
12906,1,0.13333333333333333
12908,1,0.2
12916,1,0.06666666666666667
12928,1,0.06666666666666667
12929,1,0.0
12931,1,0.0
12950,1,0.06666666666666667
12962,1,0.2
12964,1,0.13333333333333333
12996,1,0.06666666666666667
12997,1,0.06666666666666667
12999,1,0.06666666666666667
13003,1,0.06666666666666667
13004,1,0.06666666666666667
13008,1,0.0
13014,1,0.13333333333333333
13017,1,0.13333333333333333
13022,1,0.06666666666666667
13025,1,0.0
13026,1,0.0
13032,1,0.0
13034,1,0.06666666666666667
13035,1,0.0
13036,1,0.0
13043,1,0.06666666666666667
13045,1,0.06666666666666667
13055,1,0.13333333333333333
13056,1,0.06666666666666667
13060,1,0.2
13071,1,0.0
13076,1,0.0
13077,1,0.0
13080,1,0.0
13083,1,0.06666666666666667
13086,1,0.13333333333333333
13087,1,0.13333333333333333
13090,1,0.13333333333333333
13091,1,0.0
13096,1,0.06666666666666667
13100,1,0.13333333333333333
13113,1,0.0
13116,1,0.0
13120,1,0.06666666666666667
13121,1,0.13333333333333333
13133,1,0.06666666666666667
13136,1,0.0
13138,1,0.06666666666666667
13141,1,0.0
13144,1,0.0
13145,1,0.0
13183,1,0.0
13187,1,0.0
13191,1,0.06666666666666667
13199,1,0.0
13201,1,0.0
13207,1,0.06666666666666667
13208,1,0.13333333333333333
13227,1,0.2
13228,1,0.0
13236,1,0.0
13238,1,0.0
13239,1,0.2
13240,1,0.0
13241,1,0.06666666666666667
13255,1,0.13333333333333333
13256,1,0.0
13265,1,0.0
13270,1,0.13333333333333333
13273,1,0.0
13275,1,0.0
13281,1,0.0
13285,1,0.13333333333333333
13294,1,0.0
13303,1,0.06666666666666667
13304,1,0.0
13306,1,0.0
13307,1,0.0
13308,1,0.13333333333333333
13312,1,0.2
13320,1,0.06666666666666667
13323,1,0.0
13324,1,0.0
13325,1,0.06666666666666667
13329,1,0.0
13330,1,0.0
13336,1,0.06666666666666667
13337,1,0.0
13338,1,0.13333333333333333
13340,1,0.06666666666666667
13353,1,0.2
13356,1,0.06666666666666667
13364,1,0.06666666666666667
13367,1,0.13333333333333333
13374,1,0.0
13385,1,0.06666666666666667
13387,1,0.13333333333333333
13393,1,0.06666666666666667
13397,1,0.0
13402,1,0.0
13403,1,0.0
13406,1,0.2
13407,1,0.0
13412,1,0.06666666666666667
13422,1,0.0
13423,1,0.2
13453,1,0.13333333333333333
13458,1,0.13333333333333333
13461,1,0.0
13462,1,0.0
13466,1,0.0
13468,1,0.0
13483,1,0.0
13488,1,0.13333333333333333
13493,1,0.13333333333333333
13494,1,0.06666666666666667
13510,1,0.0
13513,1,0.06666666666666667
13516,1,0.0
13526,1,0.06666666666666667
13541,1,0.0
13542,1,0.13333333333333333
13551,1,0.06666666666666667
13553,1,0.13333333333333333
13558,1,0.06666666666666667
13565,1,0.0
13573,1,0.06666666666666667
13574,1,0.13333333333333333
13588,1,0.13333333333333333
13595,1,0.0
13596,1,0.0
13601,1,0.0
13603,1,0.0
13607,1,0.06666666666666667
13608,1,0.0
13613,1,0.06666666666666667
13620,1,0.06666666666666667
13622,1,0.13333333333333333
13629,1,0.06666666666666667
13653,1,0.0
13659,1,0.0
13663,1,0.06666666666666667
13672,1,0.06666666666666667
13677,1,0.13333333333333333
13678,1,0.0
13686,1,0.13333333333333333
13694,1,0.0
13708,1,0.06666666666666667
13710,1,0.06666666666666667
13711,1,0.06666666666666667
13716,1,0.0
13722,1,0.0
13725,1,0.06666666666666667
13730,1,0.0
13736,1,0.06666666666666667
13737,1,0.13333333333333333
13739,1,0.0
13746,1,0.06666666666666667
13758,1,0.0
13764,1,0.06666666666666667
13782,1,0.06666666666666667
13788,1,0.0
13805,1,0.0
13810,1,0.0
13811,1,0.0
13816,1,0.0
13824,1,0.06666666666666667
13825,1,0.2
13828,1,0.06666666666666667
13830,1,0.06666666666666667
13847,1,0.06666666666666667
13855,1,0.0
13859,1,0.06666666666666667
13862,1,0.13333333333333333
13869,1,0.06666666666666667
13878,1,0.06666666666666667
13881,1,0.13333333333333333
13888,1,0.0
13901,1,0.13333333333333333
13904,1,0.0
13913,1,0.13333333333333333
13915,1,0.13333333333333333
13929,1,0.0
13930,1,0.06666666666666667
13935,1,0.13333333333333333
13940,1,0.13333333333333333
13942,1,0.06666666666666667
13944,1,0.06666666666666667
13948,1,0.13333333333333333
13953,1,0.0
13958,1,0.06666666666666667
13977,1,0.06666666666666667
13979,1,0.06666666666666667
13993,1,0.06666666666666667
14000,1,0.06666666666666667
14008,1,0.06666666666666667
14024,1,0.13333333333333333
14025,1,0.13333333333333333
14028,1,0.0
14036,1,0.06666666666666667
14041,1,0.2
14045,1,0.13333333333333333
14050,1,0.0
14062,1,0.06666666666666667
14068,1,0.13333333333333333
14069,1,0.0
14072,1,0.0
14096,1,0.13333333333333333
14107,1,0.0
14115,1,0.06666666666666667
14116,1,0.13333333333333333
14119,1,0.13333333333333333
14124,1,0.06666666666666667
14125,1,0.0
14138,1,0.06666666666666667
14148,1,0.0
14155,1,0.06666666666666667
14168,1,0.13333333333333333
14170,1,0.06666666666666667
14173,1,0.0
14179,1,0.13333333333333333
14183,1,0.06666666666666667
14184,1,0.0
14187,1,0.0
14202,1,0.0
14207,1,0.0
14208,1,0.13333333333333333
14209,1,0.0
14225,1,0.06666666666666667
14227,1,0.13333333333333333
14236,1,0.0
14251,1,0.0
14255,1,0.0
14262,1,0.06666666666666667
14268,1,0.13333333333333333
14277,1,0.13333333333333333
14279,1,0.06666666666666667
14286,1,0.06666666666666667
14288,1,0.0
14308,1,0.0
14321,1,0.0
14328,1,0.0
14349,1,0.13333333333333333
14386,1,0.13333333333333333
14388,1,0.06666666666666667
14398,1,0.06666666666666667
14404,1,0.0
14408,1,0.0
14417,1,0.0
14420,1,0.0
14421,1,0.06666666666666667
14428,1,0.06666666666666667
14429,1,0.06666666666666667
14431,1,0.06666666666666667
14443,1,0.0
14444,1,0.06666666666666667
14461,1,0.06666666666666667
14464,1,0.0
14475,1,0.13333333333333333
14488,1,0.0
14490,1,0.0
14504,1,0.13333333333333333
14511,1,0.06666666666666667
14522,1,0.2
14526,1,0.26666666666666666
14527,1,0.06666666666666667
14535,1,0.06666666666666667
14538,1,0.0
14553,1,0.13333333333333333
14570,1,0.13333333333333333
14572,1,0.06666666666666667
14575,1,0.06666666666666667
14604,1,0.13333333333333333
14608,1,0.0
14610,1,0.06666666666666667
14615,1,0.06666666666666667
14620,1,0.06666666666666667
14621,1,0.06666666666666667
14623,1,0.0
14631,1,0.06666666666666667
14641,1,0.13333333333333333
14642,1,0.2
14645,1,0.06666666666666667
14651,1,0.06666666666666667
14654,1,0.06666666666666667
14658,1,0.13333333333333333
14659,1,0.13333333333333333
14670,1,0.0
14678,1,0.0
14680,1,0.0
14708,1,0.0
14711,1,0.06666666666666667
14726,1,0.13333333333333333
14732,1,0.13333333333333333
14733,1,0.06666666666666667
14736,1,0.13333333333333333
14747,1,0.0
14751,1,0.0
14754,1,0.0
14756,1,0.0
14759,1,0.0
14765,1,0.06666666666666667
14772,1,0.06666666666666667
14773,1,0.06666666666666667
14776,1,0.0
14780,1,0.06666666666666667
14782,1,0.13333333333333333
14795,1,0.06666666666666667
14799,1,0.13333333333333333
14806,1,0.06666666666666667
14807,1,0.06666666666666667
14808,1,0.0
14813,1,0.06666666666666667
14819,1,0.06666666666666667
14841,1,0.06666666666666667
14845,1,0.13333333333333333
14862,1,0.0
14864,1,0.13333333333333333
14867,1,0.2
14877,1,0.13333333333333333
14889,1,0.0
14899,1,0.26666666666666666
14911,1,0.13333333333333333
14913,1,0.2
14921,1,0.06666666666666667
14927,1,0.0
14930,1,0.06666666666666667
14945,1,0.0
14950,1,0.0
14952,1,0.0
14958,1,0.2
14967,1,0.06666666666666667
14968,1,0.0
14972,1,0.0
14984,1,0.0
15004,1,0.13333333333333333
15010,1,0.06666666666666667
15011,1,0.0
15015,1,0.0
15017,1,0.0
15022,1,0.06666666666666667
15025,1,0.0
15026,1,0.06666666666666667
15027,1,0.0
15029,1,0.0
15033,1,0.0
15036,1,0.13333333333333333
15038,1,0.06666666666666667
15041,1,0.06666666666666667
15042,1,0.06666666666666667
15047,1,0.0
15051,1,0.0
15062,1,0.0
15066,1,0.0
15077,1,0.0
15079,1,0.06666666666666667
15085,1,0.06666666666666667
15105,1,0.0
15113,1,0.06666666666666667
15120,1,0.13333333333333333
15127,1,0.0
15134,1,0.0
15138,1,0.0
15141,1,0.0
15156,1,0.06666666666666667
15160,1,0.06666666666666667
15201,1,0.06666666666666667
15208,1,0.13333333333333333
15223,1,0.13333333333333333
15247,1,0.0
15255,1,0.06666666666666667
15260,1,0.06666666666666667
15270,1,0.06666666666666667
15272,1,0.06666666666666667
15279,1,0.0
15285,1,0.0
15290,1,0.0
15302,1,0.0
15313,1,0.13333333333333333
15318,1,0.0
15319,1,0.06666666666666667
15320,1,0.06666666666666667
15327,1,0.06666666666666667
15336,1,0.06666666666666667
15340,1,0.0
15342,1,0.0
15354,1,0.0
15362,1,0.0
15364,1,0.0
15373,1,0.13333333333333333
15378,1,0.06666666666666667
15389,1,0.0
15418,1,0.0
15423,1,0.06666666666666667
15431,1,0.13333333333333333
15432,1,0.06666666666666667
15433,1,0.13333333333333333
15447,1,0.13333333333333333
15451,1,0.06666666666666667
15452,1,0.06666666666666667
15469,1,0.13333333333333333
15470,1,0.06666666666666667
15480,1,0.06666666666666667
15485,1,0.13333333333333333
15487,1,0.0
15491,1,0.2
15495,1,0.0
15500,1,0.06666666666666667
15504,1,0.0
15511,1,0.13333333333333333
15519,1,0.06666666666666667
15525,1,0.2
15526,1,0.13333333333333333
15535,1,0.13333333333333333
15537,1,0.06666666666666667
15547,1,0.0
15557,1,0.06666666666666667
15563,1,0.06666666666666667
15566,1,0.06666666666666667
15572,1,0.0
15575,1,0.06666666666666667
15578,1,0.2
15580,1,0.0
15585,1,0.2
15607,1,0.13333333333333333
15620,1,0.0
15624,1,0.0
15625,1,0.0
15627,1,0.0
15638,1,0.0
15647,1,0.0
15659,1,0.0
15660,1,0.0
15663,1,0.06666666666666667
15666,1,0.0
15703,1,0.0
15711,1,0.0
15712,1,0.0
15714,1,0.0
15715,1,0.0
15716,1,0.06666666666666667
15720,1,0.06666666666666667
15726,1,0.0
15727,1,0.06666666666666667
15732,1,0.0
15737,1,0.13333333333333333
15742,1,0.06666666666666667
15745,1,0.2
15746,1,0.0
15757,1,0.0
15758,1,0.0
15762,1,0.06666666666666667
15764,1,0.13333333333333333
15770,1,0.0
15775,1,0.06666666666666667
15777,1,0.06666666666666667
15778,1,0.06666666666666667
15789,1,0.13333333333333333
15802,1,0.0
15805,1,0.06666666666666667
15808,1,0.13333333333333333
15810,1,0.06666666666666667
15812,1,0.0
15813,1,0.0
15815,1,0.06666666666666667
15818,1,0.0
15821,1,0.0
15827,1,0.0
15834,1,0.0
15846,1,0.06666666666666667
15848,1,0.0
15856,1,0.0
15857,1,0.13333333333333333
15860,1,0.0
15864,1,0.0
15865,1,0.0
15868,1,0.06666666666666667
15871,1,0.06666666666666667
15872,1,0.2
15876,1,0.0
15884,1,0.0
15888,1,0.0
15891,1,0.06666666666666667
15893,1,0.0
15896,1,0.13333333333333333
15898,1,0.13333333333333333
15903,1,0.0
15912,1,0.0
15917,1,0.13333333333333333
15934,1,0.13333333333333333
15954,1,0.0
15963,1,0.06666666666666667
15964,1,0.0
15965,1,0.0
15974,1,0.0
15978,1,0.06666666666666667
15979,1,0.0
15991,1,0.06666666666666667
15996,1,0.0
16001,1,0.13333333333333333
16005,1,0.06666666666666667
16011,1,0.0
16019,1,0.0
16027,1,0.0
16032,1,0.0
16037,1,0.06666666666666667
16050,1,0.06666666666666667
16070,1,0.0
16075,1,0.0
16080,1,0.2
16083,1,0.06666666666666667
16084,1,0.0
16088,1,0.0
16092,1,0.06666666666666667
16095,1,0.06666666666666667
16098,1,0.06666666666666667
16153,1,0.0
16154,1,0.0
16157,1,0.06666666666666667
16166,1,0.0
16190,1,0.0
16193,1,0.13333333333333333
16198,1,0.06666666666666667
16199,1,0.0
16200,1,0.13333333333333333
16205,1,0.13333333333333333
16207,1,0.06666666666666667
16230,1,0.13333333333333333
16235,1,0.06666666666666667
16238,1,0.06666666666666667
16239,1,0.06666666666666667
16242,1,0.0
16243,1,0.06666666666666667
16248,1,0.13333333333333333
16252,1,0.06666666666666667
16255,1,0.06666666666666667
16269,1,0.06666666666666667
16271,1,0.0
16272,1,0.13333333333333333
16277,1,0.0
16278,1,0.06666666666666667
16279,1,0.0
16290,1,0.0
16293,1,0.0
16294,1,0.0
16304,1,0.06666666666666667
16306,1,0.0
16307,1,0.06666666666666667
16322,1,0.0
16331,1,0.13333333333333333
16335,1,0.0
16336,1,0.06666666666666667
16337,1,0.0
16347,1,0.13333333333333333
16351,1,0.2
16364,1,0.2
16365,1,0.13333333333333333
16367,1,0.13333333333333333
16371,1,0.06666666666666667
16380,1,0.2
16393,1,0.2
16400,1,0.06666666666666667
16404,1,0.2
16417,1,0.06666666666666667
16420,1,0.06666666666666667
16422,1,0.13333333333333333
16429,1,0.2
16441,1,0.0
16445,1,0.0
16448,1,0.06666666666666667
16454,1,0.0
16457,1,0.2
16466,1,0.2
16472,1,0.06666666666666667
16481,1,0.06666666666666667
16487,1,0.06666666666666667
16491,1,0.06666666666666667
16492,1,0.13333333333333333
16498,1,0.0
16531,1,0.06666666666666667
16532,1,0.2
16534,1,0.13333333333333333
16537,1,0.13333333333333333
16545,1,0.0
16547,1,0.0
16568,1,0.0
16572,1,0.06666666666666667
16576,1,0.2
16578,1,0.13333333333333333
16579,1,0.06666666666666667
16582,1,0.0
16590,1,0.13333333333333333
16593,1,0.13333333333333333
16601,1,0.06666666666666667
16602,1,0.06666666666666667
16614,1,0.13333333333333333
16616,1,0.2
16622,1,0.06666666666666667
16628,1,0.13333333333333333
16634,1,0.0
16637,1,0.13333333333333333
16640,1,0.0
16653,1,0.06666666666666667
16659,1,0.13333333333333333
16660,1,0.13333333333333333
16663,1,0.0
16664,1,0.06666666666666667
16667,1,0.13333333333333333
16673,1,0.06666666666666667
16677,1,0.0
16680,1,0.13333333333333333
16685,1,0.0
16686,1,0.0
16693,1,0.13333333333333333
16694,1,0.0
16699,1,0.0
16701,1,0.06666666666666667
16704,1,0.13333333333333333
16710,1,0.0
16734,1,0.0
16755,1,0.06666666666666667
16761,1,0.06666666666666667
16768,1,0.06666666666666667
16770,1,0.06666666666666667
16782,1,0.13333333333333333
16787,1,0.0
16788,1,0.06666666666666667
16796,1,0.0
16803,1,0.0
16814,1,0.13333333333333333
16822,1,0.06666666666666667
16825,1,0.0
16838,1,0.0
16843,1,0.0
16849,1,0.0
16850,1,0.0
16860,1,0.0
16863,1,0.06666666666666667
16870,1,0.0
16871,1,0.0
16872,1,0.0
16873,1,0.13333333333333333
16875,1,0.06666666666666667
16879,1,0.06666666666666667
16890,1,0.06666666666666667
16895,1,0.0
16919,1,0.0
16925,1,0.0
16929,1,0.2
16933,1,0.0
16940,1,0.13333333333333333
16951,1,0.2
16953,1,0.0
16955,1,0.2
16966,1,0.06666666666666667
16971,1,0.0
16975,1,0.06666666666666667
16979,1,0.2
16980,1,0.0
16985,1,0.0
16990,1,0.06666666666666667
16991,1,0.06666666666666667
17015,1,0.0
17017,1,0.06666666666666667
17018,1,0.0
17033,1,0.0
17036,1,0.0
17044,1,0.0
17056,1,0.0
17061,1,0.06666666666666667
17068,1,0.06666666666666667
17069,1,0.2
17076,1,0.06666666666666667
17078,1,0.06666666666666667
17088,1,0.06666666666666667
17096,1,0.06666666666666667
17099,1,0.0
17101,1,0.0
17111,1,0.06666666666666667
17117,1,0.0
17118,1,0.06666666666666667
17120,1,0.13333333333333333
17124,1,0.06666666666666667
17133,1,0.06666666666666667
17134,1,0.06666666666666667
17139,1,0.0
17146,1,0.06666666666666667
17149,1,0.06666666666666667
17151,1,0.0
17172,1,0.0
17188,1,0.0
17191,1,0.0
17193,1,0.26666666666666666
17195,1,0.0
17198,1,0.13333333333333333
17205,1,0.0
17208,1,0.0
17215,1,0.13333333333333333
17235,1,0.2
17241,1,0.06666666666666667
17249,1,0.06666666666666667
17255,1,0.0
17260,1,0.06666666666666667
17263,1,0.0
17269,1,0.0
17277,1,0.06666666666666667
17280,1,0.0
17291,1,0.06666666666666667
17297,1,0.13333333333333333
17299,1,0.13333333333333333
17303,1,0.0
17304,1,0.06666666666666667
17312,1,0.06666666666666667
17315,1,0.06666666666666667
17321,1,0.06666666666666667
17322,1,0.13333333333333333
17324,1,0.13333333333333333
17326,1,0.0
17329,1,0.06666666666666667
17336,1,0.13333333333333333
17346,1,0.26666666666666666
17347,1,0.06666666666666667
17348,1,0.06666666666666667
17350,1,0.06666666666666667
17358,1,0.0
17359,1,0.0
17368,1,0.13333333333333333
17371,1,0.0
17377,1,0.06666666666666667
17389,1,0.06666666666666667
17395,1,0.06666666666666667
17400,1,0.0
17408,1,0.13333333333333333
17410,1,0.06666666666666667
17412,1,0.13333333333333333
17414,1,0.06666666666666667
17424,1,0.0
17431,1,0.0
17436,1,0.06666666666666667
17440,1,0.06666666666666667
17442,1,0.0
17449,1,0.06666666666666667
17455,1,0.0
17466,1,0.0
17474,1,0.13333333333333333
17475,1,0.0
17482,1,0.0
17484,1,0.13333333333333333
17488,1,0.13333333333333333
17499,1,0.06666666666666667
17502,1,0.0
17520,1,0.0
17521,1,0.0
17524,1,0.13333333333333333
17535,1,0.0
17537,1,0.0
17554,1,0.0
17555,1,0.0
17558,1,0.13333333333333333
17577,1,0.0
17596,1,0.06666666666666667
17599,1,0.06666666666666667
17611,1,0.06666666666666667
17615,1,0.13333333333333333
17623,1,0.06666666666666667
17624,1,0.0
17627,1,0.06666666666666667
17630,1,0.06666666666666667
17647,1,0.13333333333333333
17651,1,0.06666666666666667
17653,1,0.06666666666666667
17659,1,0.0
17661,1,0.06666666666666667
17666,1,0.0
17689,1,0.0
17695,1,0.0
17701,1,0.0
17711,1,0.0
17722,1,0.13333333333333333
17723,1,0.13333333333333333
17725,1,0.0
17734,1,0.06666666666666667
17740,1,0.2
17751,1,0.0
17771,1,0.0
17774,1,0.0
17775,1,0.06666666666666667
17777,1,0.13333333333333333
17782,1,0.0
17793,1,0.0
17794,1,0.06666666666666667
17809,1,0.0
17810,1,0.06666666666666667
17817,1,0.06666666666666667
17819,1,0.0
17824,1,0.0
17829,1,0.0
17843,1,0.13333333333333333
17846,1,0.0
17855,1,0.06666666666666667
17860,1,0.13333333333333333
17862,1,0.06666666666666667
17878,1,0.06666666666666667
17883,1,0.0
17884,1,0.0
17885,1,0.06666666666666667
17889,1,0.0
17894,1,0.0
17899,1,0.13333333333333333
17905,1,0.0
17914,1,0.0
17922,1,0.06666666666666667
17928,1,0.06666666666666667
17938,1,0.06666666666666667
17948,1,0.06666666666666667
17954,1,0.0
17957,1,0.13333333333333333
17960,1,0.0
17962,1,0.06666666666666667
17989,1,0.06666666666666667
17990,1,0.26666666666666666
17992,1,0.06666666666666667
18004,1,0.3333333333333333
18011,1,0.06666666666666667
18017,1,0.06666666666666667
18025,1,0.2
18029,1,0.06666666666666667
18030,1,0.0
18068,1,0.13333333333333333
18070,1,0.06666666666666667
18071,1,0.06666666666666667
18074,1,0.0
18076,1,0.2
18086,1,0.0
18098,1,0.06666666666666667
18102,1,0.06666666666666667
18104,1,0.2
18111,1,0.06666666666666667
18127,1,0.06666666666666667
18143,1,0.06666666666666667
18173,1,0.06666666666666667
18191,1,0.0
18208,1,0.0
18216,1,0.0
18235,1,0.0
18236,1,0.06666666666666667
18244,1,0.06666666666666667
18245,1,0.06666666666666667
18251,1,0.06666666666666667
18255,1,0.2
18264,1,0.06666666666666667
18269,1,0.0
18272,1,0.0
18291,1,0.0
18295,1,0.0
18312,1,0.0
18313,1,0.0
18314,1,0.13333333333333333
18328,1,0.0
18330,1,0.13333333333333333
18352,1,0.06666666666666667
18354,1,0.0
18355,1,0.13333333333333333
18359,1,0.0
18360,1,0.0
18363,1,0.06666666666666667
18369,1,0.2
18374,1,0.0
18384,1,0.0
18385,1,0.13333333333333333
18400,1,0.06666666666666667
18412,1,0.13333333333333333
18416,1,0.0
18422,1,0.06666666666666667
18426,1,0.13333333333333333
18427,1,0.13333333333333333
18432,1,0.06666666666666667
18447,1,0.06666666666666667
18454,1,0.06666666666666667
18473,1,0.0
18474,1,0.06666666666666667
18475,1,0.06666666666666667
18479,1,0.0
18481,1,0.0
18502,1,0.06666666666666667
18503,1,0.06666666666666667
18504,1,0.0
18511,1,0.06666666666666667
18514,1,0.06666666666666667
18521,1,0.06666666666666667
18523,1,0.0
18525,1,0.0
18530,1,0.0
18532,1,0.0
18540,1,0.0
18541,1,0.06666666666666667
18545,1,0.0
18559,1,0.06666666666666667
18562,1,0.06666666666666667
18564,1,0.0
18589,1,0.0
18600,1,0.06666666666666667
18606,1,0.06666666666666667
18615,1,0.06666666666666667
18617,1,0.06666666666666667
18620,1,0.06666666666666667
18622,1,0.13333333333333333
18640,1,0.0
18642,1,0.0
18651,1,0.0
18652,1,0.0
18653,1,0.0
18666,1,0.06666666666666667
18675,1,0.06666666666666667
18683,1,0.0
18699,1,0.0
18706,1,0.0
18707,1,0.06666666666666667
18708,1,0.06666666666666667
18711,1,0.0
18716,1,0.0
18719,1,0.0
18730,1,0.0
18737,1,0.06666666666666667
18740,1,0.0
18749,1,0.0
18756,1,0.0
18758,1,0.0
18760,1,0.0
18765,1,0.0
18766,1,0.0
18769,1,0.06666666666666667
18778,1,0.0
18782,1,0.0
18791,1,0.0
18799,1,0.0
18801,1,0.06666666666666667
18803,1,0.0
18810,1,0.13333333333333333
18822,1,0.0
18832,1,0.13333333333333333
18846,1,0.13333333333333333
18849,1,0.13333333333333333
18855,1,0.13333333333333333
18856,1,0.13333333333333333
18862,1,0.06666666666666667
18875,1,0.06666666666666667
18889,1,0.06666666666666667
18890,1,0.06666666666666667
18895,1,0.2
18908,1,0.06666666666666667
18918,1,0.06666666666666667
18920,1,0.06666666666666667
18922,1,0.06666666666666667
18925,1,0.0
18927,1,0.0
18938,1,0.06666666666666667
18949,1,0.06666666666666667
18951,1,0.0
18956,1,0.0
18959,1,0.0
18963,1,0.06666666666666667
18965,1,0.06666666666666667
18966,1,0.13333333333333333
18973,1,0.13333333333333333
18974,1,0.06666666666666667
18989,1,0.13333333333333333
18990,1,0.06666666666666667
18994,1,0.13333333333333333
18997,1,0.13333333333333333
19005,1,0.13333333333333333
19007,1,0.0
19016,1,0.0
19026,1,0.13333333333333333
19028,1,0.0
19031,1,0.0
19047,1,0.0
19054,1,0.13333333333333333
19057,1,0.13333333333333333
19060,1,0.0
19063,1,0.06666666666666667
19064,1,0.13333333333333333
19068,1,0.0
19071,1,0.0
19082,1,0.0
19101,1,0.0
19103,1,0.0
19105,1,0.06666666666666667
19109,1,0.0
19110,1,0.0
19116,1,0.0
19121,1,0.06666666666666667
19130,1,0.06666666666666667
19131,1,0.13333333333333333
19135,1,0.0
19136,1,0.0
19144,1,0.0
19155,1,0.13333333333333333
19160,1,0.0
19166,1,0.0
19167,1,0.06666666666666667
19176,1,0.06666666666666667
19177,1,0.06666666666666667
19180,1,0.13333333333333333
19191,1,0.06666666666666667
19193,1,0.06666666666666667
19194,1,0.13333333333333333
19205,1,0.0
19214,1,0.13333333333333333
19215,1,0.2
19226,1,0.0
19229,1,0.0
19232,1,0.06666666666666667
19234,1,0.13333333333333333
19236,1,0.06666666666666667
19248,1,0.0
19250,1,0.0
19251,1,0.06666666666666667
19258,1,0.0
19274,1,0.06666666666666667
19282,1,0.0
19288,1,0.0
19295,1,0.0
19322,1,0.0
19331,1,0.06666666666666667
19340,1,0.0
19349,1,0.0
19350,1,0.0
19363,1,0.13333333333333333
19368,1,0.13333333333333333
19370,1,0.0
19373,1,0.06666666666666667
19392,1,0.13333333333333333
19398,1,0.13333333333333333
19404,1,0.06666666666666667
19405,1,0.06666666666666667
19406,1,0.06666666666666667
19414,1,0.0
19416,1,0.06666666666666667
19426,1,0.13333333333333333
19432,1,0.13333333333333333
19439,1,0.0
19442,1,0.0
19451,1,0.0
19453,1,0.0
19455,1,0.0
19456,1,0.0
19460,1,0.0
19464,1,0.0
19465,1,0.0
19478,1,0.0
19479,1,0.0
19480,1,0.0
19483,1,0.0
19484,1,0.06666666666666667
19486,1,0.06666666666666667
19491,1,0.06666666666666667
19524,1,0.0
19530,1,0.06666666666666667
19537,1,0.0
19546,1,0.0
19563,1,0.0
19572,1,0.0
19575,1,0.0
19577,1,0.2
19599,1,0.06666666666666667
19607,1,0.06666666666666667
19611,1,0.0
19613,1,0.0
19619,1,0.06666666666666667
19624,1,0.0
19627,1,0.0
19632,1,0.06666666666666667
19636,1,0.0
19642,1,0.06666666666666667
19651,1,0.06666666666666667
19654,1,0.06666666666666667
19655,1,0.06666666666666667
19664,1,0.0
19665,1,0.13333333333333333
19666,1,0.0
19668,1,0.0
19676,1,0.0
19681,1,0.0
19688,1,0.0
19691,1,0.0
19700,1,0.0
19710,1,0.06666666666666667
19712,1,0.06666666666666667
19722,1,0.06666666666666667
19723,1,0.06666666666666667
19729,1,0.0
19749,1,0.13333333333333333
19756,1,0.13333333333333333
19758,1,0.06666666666666667
19780,1,0.06666666666666667
19789,1,0.0
19796,1,0.0
19811,1,0.0
19819,1,0.06666666666666667
19820,1,0.0
19821,1,0.06666666666666667
19826,1,0.0
19832,1,0.13333333333333333
19834,1,0.06666666666666667
19842,1,0.0
19844,1,0.0
19852,1,0.0
19853,1,0.06666666666666667
19864,1,0.06666666666666667
19867,1,0.0
19872,1,0.0
19873,1,0.0
19876,1,0.06666666666666667
19878,1,0.0
19895,1,0.0
19898,1,0.13333333333333333
19904,1,0.0
19905,1,0.0
19909,1,0.0
19914,1,0.06666666666666667
19923,1,0.0
19931,1,0.06666666666666667
19941,1,0.13333333333333333
19942,1,0.06666666666666667
19950,1,0.06666666666666667
19956,1,0.06666666666666667
19958,1,0.0
19975,1,0.0
19976,1,0.13333333333333333
19977,1,0.06666666666666667
19981,1,0.0
19985,1,0.0
19994,1,0.13333333333333333
19995,1,0.06666666666666667
19998,1,0.0
20000,1,0.0
20007,1,0.0
20008,1,0.06666666666666667
20022,1,0.13333333333333333
20029,1,0.0
20030,1,0.0
20032,1,0.06666666666666667
20036,1,0.0
20058,1,0.0
20060,1,0.0
20073,1,0.0
20077,1,0.06666666666666667
20092,1,0.2
20102,1,0.2
20122,1,0.0
20128,1,0.13333333333333333
20134,1,0.06666666666666667
20135,1,0.2
20141,1,0.06666666666666667
20145,1,0.0
20148,1,0.0
20165,1,0.06666666666666667
20170,1,0.0
20172,1,0.0
20180,1,0.13333333333333333
20182,1,0.0
20190,1,0.06666666666666667
20194,1,0.06666666666666667
20197,1,0.06666666666666667
20200,1,0.2
20202,1,0.06666666666666667
20207,1,0.13333333333333333
20209,1,0.06666666666666667
20222,1,0.2
20229,1,0.0
20230,1,0.13333333333333333
20231,1,0.0
20234,1,0.0
20242,1,0.13333333333333333
20250,1,0.06666666666666667
20253,1,0.06666666666666667
20255,1,0.13333333333333333
20282,1,0.06666666666666667
20283,1,0.13333333333333333
20287,1,0.06666666666666667
20294,1,0.0
20296,1,0.06666666666666667
20298,1,0.0
20304,1,0.2
20306,1,0.0
20316,1,0.06666666666666667
20317,1,0.2
20322,1,0.06666666666666667
20331,1,0.0
20332,1,0.0
20338,1,0.06666666666666667
20340,1,0.06666666666666667
20349,1,0.0
20374,1,0.06666666666666667
20378,1,0.13333333333333333
20379,1,0.06666666666666667
20389,1,0.13333333333333333
20397,1,0.06666666666666667
20399,1,0.13333333333333333
20401,1,0.06666666666666667
20404,1,0.0
20407,1,0.13333333333333333
20409,1,0.06666666666666667
20410,1,0.06666666666666667
20412,1,0.0
20413,1,0.13333333333333333
20414,1,0.06666666666666667
20415,1,0.06666666666666667
20417,1,0.0
20429,1,0.06666666666666667
20434,1,0.13333333333333333
20444,1,0.0
20445,1,0.13333333333333333
20454,1,0.0
20455,1,0.0
20460,1,0.13333333333333333
20464,1,0.0
20469,1,0.0
20474,1,0.06666666666666667
20490,1,0.06666666666666667
20494,1,0.06666666666666667
20499,1,0.0
20500,1,0.0
20502,1,0.13333333333333333
20504,1,0.0
20524,1,0.13333333333333333
20537,1,0.26666666666666666
20539,1,0.06666666666666667
20542,1,0.13333333333333333
20556,1,0.0
20557,1,0.06666666666666667
20560,1,0.06666666666666667
20565,1,0.0
20576,1,0.2
20585,1,0.0
20586,1,0.13333333333333333
20599,1,0.0
20614,1,0.06666666666666667
20619,1,0.06666666666666667
20622,1,0.2
20626,1,0.06666666666666667
20629,1,0.0
20634,1,0.0
20640,1,0.0
20643,1,0.0
20648,1,0.0
20653,1,0.0
20654,1,0.06666666666666667
20665,1,0.06666666666666667
20668,1,0.0
20680,1,0.06666666666666667
20684,1,0.06666666666666667
20686,1,0.06666666666666667
20707,1,0.0
20727,1,0.0
20737,1,0.13333333333333333
20739,1,0.06666666666666667
20748,1,0.13333333333333333
20750,1,0.06666666666666667
20753,1,0.06666666666666667
20754,1,0.06666666666666667
20762,1,0.13333333333333333
20766,1,0.06666666666666667
20767,1,0.06666666666666667
20781,1,0.06666666666666667
20785,1,0.13333333333333333
20787,1,0.06666666666666667
20798,1,0.06666666666666667
20799,1,0.0
20802,1,0.06666666666666667
20804,1,0.13333333333333333
20806,1,0.06666666666666667
20810,1,0.06666666666666667
20814,1,0.06666666666666667
20818,1,0.06666666666666667
20820,1,0.06666666666666667
20828,1,0.0
20838,1,0.0
20841,1,0.06666666666666667
20850,1,0.0
20855,1,0.0
20859,1,0.0
20868,1,0.0
20878,1,0.0
20881,1,0.0
20883,1,0.0
20889,1,0.0
20890,1,0.0
20891,1,0.0
20903,1,0.13333333333333333
20905,1,0.06666666666666667
20909,1,0.0
20921,1,0.0
20932,1,0.0
20934,1,0.06666666666666667
20944,1,0.0
20959,1,0.06666666666666667
20962,1,0.0
20965,1,0.0
20986,1,0.06666666666666667
20988,1,0.0
20999,1,0.0
21009,1,0.0
21011,1,0.06666666666666667
21012,1,0.06666666666666667
21014,1,0.0
21026,1,0.06666666666666667
21030,1,0.06666666666666667
21034,1,0.0
21064,1,0.06666666666666667
21076,1,0.0
21081,1,0.06666666666666667
21087,1,0.0
21092,1,0.06666666666666667
21093,1,0.06666666666666667
21094,1,0.0
21106,1,0.0
21121,1,0.06666666666666667
21123,1,0.13333333333333333
21134,1,0.0
21148,1,0.13333333333333333
21149,1,0.0
21150,1,0.2
21151,1,0.2
21152,1,0.06666666666666667
21158,1,0.06666666666666667
21161,1,0.06666666666666667
21165,1,0.06666666666666667
21171,1,0.0
21174,1,0.13333333333333333
21184,1,0.13333333333333333
21199,1,0.06666666666666667
21203,1,0.0
21207,1,0.06666666666666667
21212,1,0.06666666666666667
21232,1,0.06666666666666667
21235,1,0.0
21236,1,0.26666666666666666
21244,1,0.06666666666666667
21254,1,0.0
21256,1,0.06666666666666667
21257,1,0.0
21264,1,0.13333333333333333
21269,1,0.0
21272,1,0.0
21278,1,0.0
21287,1,0.13333333333333333
21291,1,0.0
21300,1,0.06666666666666667
21301,1,0.06666666666666667
21305,1,0.13333333333333333
21310,1,0.06666666666666667
21313,1,0.0
21322,1,0.2
21329,1,0.06666666666666667
21330,1,0.06666666666666667
21348,1,0.06666666666666667
21350,1,0.06666666666666667
21359,1,0.06666666666666667
21361,1,0.06666666666666667
21368,1,0.2
21371,1,0.0
21376,1,0.06666666666666667
21387,1,0.0
21392,1,0.0
21393,1,0.13333333333333333
21406,1,0.06666666666666667
21407,1,0.06666666666666667
21408,1,0.0
21410,1,0.0
21414,1,0.0
21422,1,0.06666666666666667
21423,1,0.06666666666666667
21426,1,0.06666666666666667
21432,1,0.0
21433,1,0.06666666666666667
21435,1,0.06666666666666667
21449,1,0.13333333333333333
21472,1,0.06666666666666667
21474,1,0.06666666666666667
21480,1,0.0
21486,1,0.0
21489,1,0.13333333333333333
21498,1,0.0
21503,1,0.13333333333333333
21511,1,0.06666666666666667
21513,1,0.13333333333333333
21527,1,0.2
21532,1,0.0
21537,1,0.13333333333333333
21552,1,0.0
21555,1,0.0
21557,1,0.0
21563,1,0.0
21579,1,0.13333333333333333
21584,1,0.0
21587,1,0.06666666666666667
21602,1,0.0
21609,1,0.06666666666666667
21612,1,0.0
21617,1,0.13333333333333333
21621,1,0.0
21623,1,0.2
21624,1,0.0
21627,1,0.13333333333333333
21633,1,0.06666666666666667
21640,1,0.0
21652,1,0.2
21657,1,0.13333333333333333
21663,1,0.0
21666,1,0.06666666666666667
21671,1,0.13333333333333333
21680,1,0.13333333333333333
21704,1,0.13333333333333333
21705,1,0.0
21711,1,0.0
21712,1,0.0
21730,1,0.13333333333333333
21736,1,0.06666666666666667
21745,1,0.13333333333333333
21750,1,0.0
21753,1,0.13333333333333333
21755,1,0.06666666666666667
21762,1,0.13333333333333333
21767,1,0.0
21768,1,0.0
21770,1,0.13333333333333333
21771,1,0.0
21786,1,0.0
21788,1,0.06666666666666667
21790,1,0.13333333333333333
21794,1,0.13333333333333333
21799,1,0.13333333333333333
21806,1,0.0
21817,1,0.06666666666666667
21824,1,0.06666666666666667
21825,1,0.0
21830,1,0.06666666666666667
21834,1,0.06666666666666667
21843,1,0.0
21851,1,0.0
21872,1,0.0
21877,1,0.0
21880,1,0.0
21883,1,0.13333333333333333
21884,1,0.06666666666666667
21885,1,0.13333333333333333
21910,1,0.0
21911,1,0.0
21919,1,0.0
21926,1,0.0
21932,1,0.06666666666666667
21935,1,0.0
21944,1,0.06666666666666667
21946,1,0.0
21947,1,0.06666666666666667
21949,1,0.0
21953,1,0.13333333333333333
21958,1,0.0
21959,1,0.06666666666666667
21972,1,0.0
21973,1,0.06666666666666667
21979,1,0.0
21982,1,0.06666666666666667
21984,1,0.06666666666666667
21985,1,0.06666666666666667
21988,1,0.06666666666666667
21991,1,0.13333333333333333
21996,1,0.0
21997,1,0.06666666666666667
22000,1,0.06666666666666667
22007,1,0.0
22008,1,0.13333333333333333
22014,1,0.0
22016,1,0.0
22020,1,0.13333333333333333
22026,1,0.06666666666666667
22027,1,0.06666666666666667
22029,1,0.13333333333333333
22032,1,0.0
22043,1,0.0
22049,1,0.13333333333333333
22053,1,0.06666666666666667
22060,1,0.06666666666666667
22064,1,0.13333333333333333
22065,1,0.06666666666666667
22067,1,0.13333333333333333
22072,1,0.0
22078,1,0.0
22091,1,0.13333333333333333
22092,1,0.06666666666666667
22097,1,0.2
22102,1,0.06666666666666667
22112,1,0.06666666666666667
22114,1,0.0
22115,1,0.0
22116,1,0.06666666666666667
22121,1,0.0
22124,1,0.06666666666666667
22126,1,0.0
22129,1,0.0
22136,1,0.0
22139,1,0.0
22144,1,0.13333333333333333
22150,1,0.06666666666666667
22154,1,0.13333333333333333
22166,1,0.0
22189,1,0.06666666666666667
22190,1,0.0
22192,1,0.0
22198,1,0.06666666666666667
22202,1,0.0
22215,1,0.13333333333333333
22220,1,0.0
22222,1,0.06666666666666667
22227,1,0.0
22234,1,0.0
22241,1,0.0
22268,1,0.13333333333333333
22274,1,0.0
22288,1,0.06666666666666667
22289,1,0.06666666666666667
22300,1,0.06666666666666667
22305,1,0.0
22310,1,0.0
22311,1,0.06666666666666667
22312,1,0.0
22318,1,0.0
22327,1,0.0
22330,1,0.0
22333,1,0.06666666666666667
22339,1,0.13333333333333333
22347,1,0.0
22367,1,0.06666666666666667
22368,1,0.0
22372,1,0.0
22378,1,0.0
22383,1,0.06666666666666667
22388,1,0.0
22401,1,0.06666666666666667
22405,1,0.06666666666666667
22414,1,0.0
22429,1,0.06666666666666667
22432,1,0.0
22442,1,0.06666666666666667
22460,1,0.0
22477,1,0.0
22481,1,0.06666666666666667
22490,1,0.06666666666666667
22491,1,0.06666666666666667
22494,1,0.06666666666666667
22495,1,0.0
22497,1,0.06666666666666667
22532,1,0.06666666666666667
22535,1,0.0
22538,1,0.13333333333333333
22545,1,0.0
22546,1,0.0
22551,1,0.0
22553,1,0.0
22557,1,0.06666666666666667
22559,1,0.06666666666666667
22564,1,0.0
22567,1,0.0
22590,1,0.06666666666666667
22605,1,0.06666666666666667
22607,1,0.13333333333333333
22608,1,0.13333333333333333
22619,1,0.0
22624,1,0.06666666666666667
22638,1,0.0
22640,1,0.06666666666666667
22644,1,0.06666666666666667
22649,1,0.0
22651,1,0.0
22671,1,0.0
22675,1,0.0
22679,1,0.06666666666666667
22682,1,0.06666666666666667
22689,1,0.06666666666666667
22723,1,0.06666666666666667
22729,1,0.0
22750,1,0.13333333333333333
22754,1,0.13333333333333333
22761,1,0.13333333333333333
22764,1,0.13333333333333333
22791,1,0.06666666666666667
22796,1,0.0
22797,1,0.0
22805,1,0.06666666666666667
22810,1,0.2
22814,1,0.0
22824,1,0.13333333333333333
22826,1,0.06666666666666667
22833,1,0.06666666666666667
22837,1,0.0
22843,1,0.06666666666666667
22845,1,0.06666666666666667
22846,1,0.0
22847,1,0.06666666666666667
22854,1,0.0
22863,1,0.13333333333333333
22866,1,0.13333333333333333
22867,1,0.06666666666666667
22868,1,0.2
22881,1,0.06666666666666667
22883,1,0.06666666666666667
22892,1,0.0
22903,1,0.13333333333333333
22913,1,0.06666666666666667
22918,1,0.0
22921,1,0.13333333333333333
22922,1,0.06666666666666667
22930,1,0.06666666666666667
22935,1,0.06666666666666667
22939,1,0.06666666666666667
22946,1,0.06666666666666667
22948,1,0.0
22957,1,0.06666666666666667
22961,1,0.13333333333333333
22965,1,0.13333333333333333
22969,1,0.13333333333333333
22971,1,0.06666666666666667
22976,1,0.06666666666666667
22978,1,0.06666666666666667
22983,1,0.0
22986,1,0.06666666666666667
23005,1,0.13333333333333333
23010,1,0.06666666666666667
23021,1,0.0
23033,1,0.13333333333333333
23039,1,0.0
23053,1,0.06666666666666667
23057,1,0.0
23062,1,0.13333333333333333
23064,1,0.0
23073,1,0.13333333333333333
23085,1,0.06666666666666667
23086,1,0.0
23111,1,0.06666666666666667
23117,1,0.0
23121,1,0.0
23122,1,0.0
23126,1,0.13333333333333333
23129,1,0.0
23140,1,0.06666666666666667
23159,1,0.06666666666666667
23172,1,0.06666666666666667
23177,1,0.13333333333333333
23178,1,0.0
23179,1,0.13333333333333333
23188,1,0.0
23190,1,0.06666666666666667
23198,1,0.06666666666666667
23214,1,0.13333333333333333
23230,1,0.13333333333333333
23232,1,0.13333333333333333
23239,1,0.06666666666666667
23250,1,0.06666666666666667
23283,1,0.2
23309,1,0.06666666666666667
23320,1,0.06666666666666667
23333,1,0.0
23334,1,0.13333333333333333
23335,1,0.13333333333333333
23355,1,0.13333333333333333
23360,1,0.0
23367,1,0.06666666666666667
23368,1,0.2
23370,1,0.06666666666666667
23373,1,0.06666666666666667
23383,1,0.06666666666666667
23386,1,0.06666666666666667
23394,1,0.13333333333333333
23403,1,0.06666666666666667
23408,1,0.0
23411,1,0.06666666666666667
23415,1,0.06666666666666667
23425,1,0.0
23429,1,0.0
23444,1,0.06666666666666667
23457,1,0.13333333333333333
23462,1,0.0
23477,1,0.0
23478,1,0.0
23488,1,0.0
23489,1,0.06666666666666667
23490,1,0.0
23501,1,0.0
23534,1,0.0
23536,1,0.0
23548,1,0.0
23557,1,0.0
23558,1,0.0
23561,1,0.0
23563,1,0.13333333333333333
23567,1,0.0
23572,1,0.06666666666666667
23574,1,0.13333333333333333
23577,1,0.0
23579,1,0.0
23582,1,0.0
23584,1,0.0
23588,1,0.06666666666666667
23589,1,0.06666666666666667
23602,1,0.0
23606,1,0.0
23610,1,0.06666666666666667
23620,1,0.0
23621,1,0.06666666666666667
23626,1,0.06666666666666667
23628,1,0.06666666666666667
23629,1,0.0
23633,1,0.13333333333333333
23634,1,0.06666666666666667
23639,1,0.0
23640,1,0.06666666666666667
23644,1,0.06666666666666667
23647,1,0.06666666666666667
23649,1,0.13333333333333333
23663,1,0.0
23666,1,0.0
23684,1,0.06666666666666667
23694,1,0.06666666666666667
23696,1,0.0
23711,1,0.13333333333333333
23712,1,0.06666666666666667
23714,1,0.0
23725,1,0.13333333333333333
23733,1,0.13333333333333333
23745,1,0.0
23747,1,0.06666666666666667
23748,1,0.06666666666666667
23750,1,0.0
23765,1,0.06666666666666667
23770,1,0.06666666666666667
23771,1,0.0
23772,1,0.0
23783,1,0.0
23791,1,0.06666666666666667
23792,1,0.06666666666666667
23795,1,0.0
23801,1,0.2
23810,1,0.0
23815,1,0.0
23818,1,0.06666666666666667
23825,1,0.0
23836,1,0.0
23837,1,0.06666666666666667
23838,1,0.06666666666666667
23845,1,0.0
23858,1,0.06666666666666667
23864,1,0.13333333333333333
23865,1,0.0
23867,1,0.13333333333333333
23869,1,0.06666666666666667
23872,1,0.06666666666666667
23890,1,0.06666666666666667
23899,1,0.0
23901,1,0.06666666666666667
23904,1,0.13333333333333333
23908,1,0.06666666666666667
23914,1,0.13333333333333333
23919,1,0.0
23921,1,0.06666666666666667
23924,1,0.2
23928,1,0.06666666666666667
23929,1,0.06666666666666667
23935,1,0.0
23937,1,0.0
23938,1,0.0
23940,1,0.0
23954,1,0.13333333333333333
23956,1,0.06666666666666667
23963,1,0.0
23971,1,0.06666666666666667
23979,1,0.13333333333333333
23984,1,0.06666666666666667
23985,1,0.06666666666666667
23986,1,0.0
23987,1,0.0
23994,1,0.0
23995,1,0.06666666666666667
23998,1,0.0
24015,1,0.13333333333333333
24024,1,0.26666666666666666
24033,1,0.13333333333333333
24035,1,0.13333333333333333
24039,1,0.13333333333333333
24055,1,0.3333333333333333
24058,1,0.2
24062,1,0.4
24070,1,0.13333333333333333
24080,1,0.06666666666666667
24083,1,0.06666666666666667
24086,1,0.0
24125,1,0.0
24129,1,0.06666666666666667
24134,1,0.06666666666666667
24136,1,0.0
24137,1,0.13333333333333333
24142,1,0.0
24145,1,0.06666666666666667
24154,1,0.06666666666666667
24156,1,0.06666666666666667
24160,1,0.0
24169,1,0.0
24173,1,0.06666666666666667
24174,1,0.13333333333333333
24175,1,0.06666666666666667
24177,1,0.06666666666666667
24187,1,0.06666666666666667
24188,1,0.06666666666666667
24193,1,0.06666666666666667
24197,1,0.0
24203,1,0.0
24209,1,0.2
24215,1,0.0
24218,1,0.0
24221,1,0.06666666666666667
24224,1,0.06666666666666667
24228,1,0.0
24230,1,0.0
24232,1,0.06666666666666667
24243,1,0.06666666666666667
24256,1,0.06666666666666667
24264,1,0.2
24265,1,0.06666666666666667
24270,1,0.0
24280,1,0.0
24287,1,0.13333333333333333
24301,1,0.0
24305,1,0.06666666666666667
24314,1,0.06666666666666667
24315,1,0.0
24325,1,0.0
24333,1,0.13333333333333333
24345,1,0.0
24365,1,0.0
24371,1,0.06666666666666667
24399,1,0.0
24400,1,0.13333333333333333
24405,1,0.0
24406,1,0.06666666666666667
24411,1,0.06666666666666667
24417,1,0.0
24420,1,0.0
24429,1,0.06666666666666667
24431,1,0.0
24436,1,0.0
24441,1,0.0
24445,1,0.13333333333333333
24449,1,0.2
24452,1,0.0
24453,1,0.0
24457,1,0.06666666666666667
24461,1,0.0
24465,1,0.0
24471,1,0.0
24472,1,0.0
24481,1,0.06666666666666667
24484,1,0.06666666666666667
24490,1,0.0
24494,1,0.13333333333333333
24505,1,0.06666666666666667
24509,1,0.0
24512,1,0.0
24526,1,0.0
24529,1,0.0
24536,1,0.0
24541,1,0.0
24542,1,0.06666666666666667
24543,1,0.0
24553,1,0.0
24556,1,0.0
24560,1,0.0
24582,1,0.0
24585,1,0.06666666666666667
24587,1,0.0
24594,1,0.2
24600,1,0.06666666666666667
24601,1,0.2
24603,1,0.0
24606,1,0.06666666666666667
24608,1,0.0
24624,1,0.06666666666666667
24626,1,0.0
24636,1,0.0
24637,1,0.0
24645,1,0.0
24651,1,0.13333333333333333
24658,1,0.13333333333333333
24687,1,0.06666666666666667
24688,1,0.06666666666666667
24691,1,0.0
24701,1,0.0
24706,1,0.0
24727,1,0.06666666666666667
24728,1,0.0
24731,1,0.13333333333333333
24734,1,0.0
24735,1,0.0
24736,1,0.06666666666666667
24737,1,0.06666666666666667
24746,1,0.0
24750,1,0.13333333333333333
24755,1,0.0
24757,1,0.06666666666666667
24763,1,0.06666666666666667
24770,1,0.0
24772,1,0.0
24774,1,0.06666666666666667
24776,1,0.0
24788,1,0.0
24789,1,0.0
24791,1,0.0
24792,1,0.06666666666666667
24805,1,0.0
24806,1,0.0
24812,1,0.0
24822,1,0.0
24826,1,0.0
24832,1,0.13333333333333333
24834,1,0.06666666666666667
24836,1,0.06666666666666667
24837,1,0.06666666666666667
24847,1,0.0
24851,1,0.0
24856,1,0.13333333333333333
24862,1,0.06666666666666667
24867,1,0.0
24871,1,0.06666666666666667
24873,1,0.0
24886,1,0.0
24888,1,0.0
24905,1,0.0
24906,1,0.06666666666666667
24910,1,0.2
24928,1,0.0
24931,1,0.06666666666666667
24932,1,0.2
24934,1,0.0
24938,1,0.13333333333333333
24940,1,0.0
24954,1,0.0
24973,1,0.06666666666666667
24975,1,0.0
24979,1,0.06666666666666667
24986,1,0.06666666666666667
24992,1,0.0
24996,1,0.0
24999,1,0.13333333333333333
25000,1,0.06666666666666667
25015,1,0.0
25016,1,0.2
25019,1,0.06666666666666667
25020,1,0.0
25027,1,0.0
25044,1,0.06666666666666667
25051,1,0.06666666666666667
25069,1,0.0
25074,1,0.06666666666666667
25076,1,0.06666666666666667
25080,1,0.13333333333333333
25088,1,0.0
25089,1,0.06666666666666667
25091,1,0.13333333333333333
25116,1,0.0
25117,1,0.13333333333333333
25128,1,0.0
25132,1,0.06666666666666667
25145,1,0.0
25155,1,0.0
25174,1,0.2
25178,1,0.0
25183,1,0.0
25185,1,0.06666666666666667
25192,1,0.0
25200,1,0.0
25207,1,0.0
25212,1,0.0
25213,1,0.0
25216,1,0.0
25219,1,0.06666666666666667
25220,1,0.06666666666666667
25223,1,0.13333333333333333
25226,1,0.06666666666666667
25232,1,0.0
25259,1,0.06666666666666667
25263,1,0.0
25279,1,0.0
25283,1,0.0
25289,1,0.0
25291,1,0.0
25293,1,0.2
25305,1,0.0
25311,1,0.0
25323,1,0.0
25334,1,0.0
25337,1,0.0
25343,1,0.0
25356,1,0.13333333333333333
25364,1,0.06666666666666667
25366,1,0.0
25368,1,0.0
25370,1,0.13333333333333333
25389,1,0.06666666666666667
25390,1,0.0
25393,1,0.0
25403,1,0.0
25406,1,0.0
25426,1,0.0
25428,1,0.06666666666666667
25432,1,0.06666666666666667
25436,1,0.06666666666666667
25447,1,0.0
25456,1,0.06666666666666667
25458,1,0.06666666666666667
25460,1,0.06666666666666667
25461,1,0.0
25470,1,0.0
25472,1,0.0
25478,1,0.0
25479,1,0.0
25491,1,0.06666666666666667
25501,1,0.0
25507,1,0.06666666666666667
25508,1,0.26666666666666666
25522,1,0.0
25540,1,0.13333333333333333
25543,1,0.0
25550,1,0.13333333333333333
25556,1,0.0
25575,1,0.06666666666666667
25585,1,0.13333333333333333
25594,1,0.13333333333333333
25599,1,0.26666666666666666
25600,1,0.0
25601,1,0.0
25602,1,0.0
25609,1,0.0
25613,1,0.06666666666666667
25629,1,0.06666666666666667
25641,1,0.06666666666666667
25644,1,0.06666666666666667
25660,1,0.2
25663,1,0.06666666666666667
25664,1,0.06666666666666667
25681,1,0.26666666666666666
25693,1,0.0
25694,1,0.13333333333333333
25695,1,0.2
25702,1,0.2
25703,1,0.2
25712,1,0.06666666666666667
25717,1,0.0
25722,1,0.0
25733,1,0.06666666666666667
25736,1,0.0
25754,1,0.0
25757,1,0.06666666666666667
25761,1,0.0
25763,1,0.0
25769,1,0.2
25784,1,0.06666666666666667
25785,1,0.06666666666666667
25796,1,0.06666666666666667
25802,1,0.06666666666666667
25807,1,0.06666666666666667
25812,1,0.0
25813,1,0.06666666666666667
25816,1,0.0
25820,1,0.0
25821,1,0.0
25823,1,0.0
25826,1,0.06666666666666667
25829,1,0.0
25861,1,0.3333333333333333
25873,1,0.26666666666666666
25882,1,0.06666666666666667
25888,1,0.06666666666666667
25889,1,0.0
25903,1,0.06666666666666667
25905,1,0.13333333333333333
25909,1,0.06666666666666667
25914,1,0.06666666666666667
25921,1,0.06666666666666667
25925,1,0.2
25926,1,0.06666666666666667
25927,1,0.06666666666666667
25934,1,0.0
25938,1,0.06666666666666667
25944,1,0.0
25952,1,0.13333333333333333
25959,1,0.0
25972,1,0.06666666666666667
25980,1,0.06666666666666667
25984,1,0.06666666666666667
25994,1,0.0
25996,1,0.3333333333333333
26002,1,0.0
26005,1,0.13333333333333333
26010,1,0.0
26019,1,0.2
26058,1,0.06666666666666667
26065,1,0.0
26069,1,0.0
26070,1,0.06666666666666667
26073,1,0.26666666666666666
26080,1,0.0
26085,1,0.13333333333333333
26092,1,0.13333333333333333
26096,1,0.0
26097,1,0.0
26099,1,0.0
26101,1,0.06666666666666667
26109,1,0.0
26110,1,0.0
26125,1,0.0
26127,1,0.13333333333333333
26132,1,0.0
26133,1,0.06666666666666667
26137,1,0.0
26139,1,0.0
26145,1,0.13333333333333333
26164,1,0.06666666666666667
26193,1,0.06666666666666667
26195,1,0.2
26202,1,0.06666666666666667
26214,1,0.13333333333333333
26218,1,0.13333333333333333
26219,1,0.0
26230,1,0.13333333333333333
26239,1,0.06666666666666667
26242,1,0.13333333333333333
26245,1,0.13333333333333333
26253,1,0.0
26266,1,0.0
26269,1,0.06666666666666667
26275,1,0.0
26280,1,0.06666666666666667
26283,1,0.06666666666666667
26308,1,0.13333333333333333
26311,1,0.13333333333333333
26314,1,0.2
26316,1,0.0
26326,1,0.0
26334,1,0.06666666666666667
26339,1,0.06666666666666667
26348,1,0.0
26353,1,0.06666666666666667
26354,1,0.13333333333333333
26359,1,0.13333333333333333
26367,1,0.13333333333333333
26371,1,0.06666666666666667
26386,1,0.06666666666666667
26388,1,0.13333333333333333
26391,1,0.13333333333333333
26404,1,0.0
26407,1,0.06666666666666667
26410,1,0.06666666666666667
26431,1,0.13333333333333333
26436,1,0.2
26441,1,0.06666666666666667
26442,1,0.06666666666666667
26445,1,0.0
26455,1,0.06666666666666667
26466,1,0.06666666666666667
26467,1,0.06666666666666667
26469,1,0.0
26476,1,0.0
26478,1,0.06666666666666667
26479,1,0.0
26482,1,0.2
26502,1,0.0
26504,1,0.0
26506,1,0.0
26513,1,0.13333333333333333
26525,1,0.0
26535,1,0.0
26538,1,0.06666666666666667
26539,1,0.06666666666666667
26543,1,0.13333333333333333
26544,1,0.0
26555,1,0.0
26567,1,0.0
26573,1,0.0
26577,1,0.0
26579,1,0.06666666666666667
26584,1,0.0
26587,1,0.0
26591,1,0.0
26598,1,0.06666666666666667
26599,1,0.2
26607,1,0.06666666666666667
26614,1,0.06666666666666667
26619,1,0.06666666666666667
26623,1,0.0
26624,1,0.0
26629,1,0.0
26634,1,0.13333333333333333
26638,1,0.2
26645,1,0.0
26648,1,0.0
26650,1,0.0
26659,1,0.0
26668,1,0.13333333333333333
26670,1,0.06666666666666667
26678,1,0.06666666666666667
26683,1,0.0
26689,1,0.06666666666666667
26692,1,0.06666666666666667
26694,1,0.13333333333333333
26696,1,0.13333333333333333
26698,1,0.0
26699,1,0.06666666666666667
26703,1,0.06666666666666667
26731,1,0.06666666666666667
26732,1,0.06666666666666667
26740,1,0.0
26742,1,0.13333333333333333
26744,1,0.06666666666666667
26750,1,0.0
26752,1,0.06666666666666667
26758,1,0.06666666666666667
26763,1,0.06666666666666667
26765,1,0.0
26766,1,0.13333333333333333
26767,1,0.13333333333333333
26772,1,0.06666666666666667
26773,1,0.06666666666666667
26774,1,0.0
26777,1,0.06666666666666667
26785,1,0.0
26786,1,0.2
26789,1,0.06666666666666667
26797,1,0.13333333333333333
26799,1,0.06666666666666667
26823,1,0.13333333333333333
26829,1,0.0
26834,1,0.06666666666666667
26835,1,0.0
26843,1,0.0
26851,1,0.06666666666666667
26860,1,0.0
26865,1,0.0
26867,1,0.0
26873,1,0.13333333333333333
26877,1,0.06666666666666667
26893,1,0.0
26903,1,0.0
26911,1,0.06666666666666667
26914,1,0.06666666666666667
26916,1,0.13333333333333333
26919,1,0.0
26936,1,0.13333333333333333
26938,1,0.2
26943,1,0.13333333333333333
26946,1,0.0
26955,1,0.0
26972,1,0.2
26975,1,0.0
26976,1,0.2
26993,1,0.13333333333333333
27008,1,0.0
27012,1,0.06666666666666667
27014,1,0.06666666666666667
27017,1,0.0
27022,1,0.06666666666666667
27026,1,0.2
27031,1,0.0
27035,1,0.06666666666666667
27038,1,0.0
27044,1,0.06666666666666667
27057,1,0.13333333333333333
27060,1,0.06666666666666667
27062,1,0.06666666666666667
27067,1,0.06666666666666667
27068,1,0.06666666666666667
27069,1,0.06666666666666667
27072,1,0.0
27074,1,0.06666666666666667
27079,1,0.0
27083,1,0.0
27084,1,0.0
27087,1,0.0
27092,1,0.0
27093,1,0.13333333333333333
27102,1,0.06666666666666667
27104,1,0.0
27107,1,0.06666666666666667
27108,1,0.06666666666666667
27109,1,0.06666666666666667
27114,1,0.06666666666666667
27115,1,0.06666666666666667
27121,1,0.06666666666666667
27151,1,0.13333333333333333
27154,1,0.06666666666666667
27157,1,0.0
27159,1,0.0
27160,1,0.0
27163,1,0.06666666666666667
27165,1,0.13333333333333333
27167,1,0.06666666666666667
27171,1,0.06666666666666667
27176,1,0.0
27178,1,0.0
27182,1,0.13333333333333333
27184,1,0.26666666666666666
27198,1,0.13333333333333333
27199,1,0.06666666666666667
27233,1,0.13333333333333333
27235,1,0.0
27240,1,0.2
27243,1,0.0
27250,1,0.06666666666666667
27254,1,0.06666666666666667
27264,1,0.2
27276,1,0.13333333333333333
27277,1,0.0
27278,1,0.0
27283,1,0.06666666666666667
27292,1,0.06666666666666667
27299,1,0.13333333333333333
27303,1,0.0
27304,1,0.0
27309,1,0.06666666666666667
27316,1,0.0
27322,1,0.0
27327,1,0.0
27329,1,0.06666666666666667
27331,1,0.06666666666666667
27332,1,0.13333333333333333
27340,1,0.0
27345,1,0.2
27349,1,0.0
27351,1,0.06666666666666667
27355,1,0.06666666666666667
27363,1,0.06666666666666667
27374,1,0.06666666666666667
27377,1,0.0
27380,1,0.06666666666666667
27384,1,0.06666666666666667
27388,1,0.0
27392,1,0.06666666666666667
27393,1,0.06666666666666667
27402,1,0.0
27403,1,0.0
27426,1,0.0
27441,1,0.0
27445,1,0.06666666666666667
27458,1,0.0
27464,1,0.0
27469,1,0.06666666666666667
27479,1,0.13333333333333333
27480,1,0.0
27482,1,0.06666666666666667
27487,1,0.0
27489,1,0.0
27491,1,0.06666666666666667
27492,1,0.06666666666666667
27495,1,0.0
27497,1,0.0
27502,1,0.06666666666666667
27525,1,0.0
27529,1,0.13333333333333333
27532,1,0.2
27536,1,0.06666666666666667
27548,1,0.06666666666666667
27550,1,0.0
27560,1,0.0
27569,1,0.0
27582,1,0.06666666666666667
27585,1,0.06666666666666667
27589,1,0.06666666666666667
27591,1,0.26666666666666666
27593,1,0.0
27594,1,0.06666666666666667
27599,1,0.2
27601,1,0.13333333333333333
27611,1,0.0
27614,1,0.06666666666666667
27618,1,0.0
27621,1,0.0
27622,1,0.13333333333333333
27632,1,0.06666666666666667
27637,1,0.13333333333333333
27641,1,0.0
27653,1,0.0
27656,1,0.2
27663,1,0.0
27665,1,0.0
27666,1,0.0
27672,1,0.13333333333333333
27687,1,0.13333333333333333
27730,1,0.5333333333333333
27735,1,0.26666666666666666
27736,1,0.0
27742,1,0.3333333333333333
27744,1,0.2
27763,1,0.13333333333333333
27765,1,0.26666666666666666
27766,1,0.26666666666666666
27767,1,0.4
27776,1,0.2
27779,1,0.3333333333333333
27781,1,0.3333333333333333
27789,1,0.2
27794,1,0.2
27811,1,0.4666666666666667
27817,1,0.4666666666666667
27826,1,0.26666666666666666
27836,1,0.3333333333333333
27844,1,0.5333333333333333
27847,1,0.3333333333333333
27858,1,0.26666666666666666
27870,1,0.26666666666666666
27877,1,0.26666666666666666
27879,1,0.4
27880,1,0.26666666666666666
27884,1,0.3333333333333333
27889,1,0.13333333333333333
27893,1,0.26666666666666666
27896,1,0.26666666666666666
27901,1,0.2
27902,1,0.13333333333333333
27909,1,0.13333333333333333
27917,1,0.4
27920,1,0.3333333333333333
27927,1,0.3333333333333333
27935,1,0.26666666666666666
27945,1,0.3333333333333333
27950,1,0.6666666666666666
27957,1,0.4
27970,1,0.13333333333333333
27972,1,0.13333333333333333
27979,1,0.4
27980,1,0.3333333333333333
27981,1,0.2
27996,1,0.06666666666666667
28014,1,0.13333333333333333
28019,1,0.06666666666666667
28021,1,0.7333333333333333
28027,1,0.26666666666666666
28028,1,0.06666666666666667
28032,1,0.13333333333333333
28036,1,0.26666666666666666
28042,1,0.06666666666666667
28045,1,0.2
28051,1,0.4
28054,1,0.3333333333333333
28056,1,0.4666666666666667
28063,1,0.0
28074,1,0.13333333333333333
28080,1,0.13333333333333333
28086,1,0.06666666666666667
28087,1,0.2
28089,1,0.06666666666666667
28093,1,0.06666666666666667
28099,1,0.06666666666666667
28109,1,0.06666666666666667
28110,1,0.06666666666666667
28123,1,0.0
28128,1,0.06666666666666667
28129,1,0.06666666666666667
28132,1,0.0
28135,1,0.3333333333333333
28145,1,0.0
28149,1,0.06666666666666667
28155,1,0.06666666666666667
28167,1,0.26666666666666666
28172,1,0.06666666666666667
28175,1,0.26666666666666666
28176,1,0.26666666666666666
28195,1,0.06666666666666667
28198,1,0.0
28202,1,0.13333333333333333
28205,1,0.06666666666666667
28206,1,0.3333333333333333
28207,1,0.2
28211,1,0.13333333333333333
28213,1,0.26666666666666666
28226,1,0.13333333333333333
28238,1,0.13333333333333333
28240,1,0.13333333333333333
28245,1,0.06666666666666667
28252,1,0.4
28257,1,0.13333333333333333
28268,1,0.2
28269,1,0.06666666666666667
28300,1,0.0
28310,1,0.06666666666666667
28315,1,0.3333333333333333
28327,1,0.13333333333333333
28344,1,0.06666666666666667
28366,1,0.4
28373,1,0.06666666666666667
28389,1,0.4666666666666667
28391,1,0.3333333333333333
28392,1,0.26666666666666666
28395,1,0.3333333333333333
28397,1,0.13333333333333333
28403,1,0.3333333333333333
28405,1,0.6
28415,1,0.06666666666666667
28416,1,0.0
28418,1,0.6666666666666666
28419,1,0.3333333333333333
28421,1,0.3333333333333333
28439,1,0.13333333333333333
28443,1,0.3333333333333333
28445,1,0.06666666666666667
28455,1,0.3333333333333333
28463,1,0.3333333333333333
28466,1,0.26666666666666666
28468,1,0.0
28475,1,0.13333333333333333
28484,1,0.4666666666666667
28485,1,0.13333333333333333
28486,1,0.2
28497,1,0.2
28500,1,0.0
28505,1,0.5333333333333333
28509,1,0.13333333333333333
28519,1,0.6
28522,1,0.13333333333333333
28523,1,0.4666666666666667
28531,1,0.4
28539,1,0.13333333333333333
28545,1,0.2
28551,1,0.0
28553,1,0.2
28575,1,0.4
28580,1,0.5333333333333333
28586,1,0.4
28590,1,0.26666666666666666
28593,1,0.3333333333333333
28601,1,0.26666666666666666
28603,1,0.3333333333333333
28615,1,0.3333333333333333
28620,1,0.06666666666666667
28631,1,0.26666666666666666
28655,1,0.0
28660,1,0.3333333333333333
28677,1,0.2
28682,1,0.0
28691,1,0.26666666666666666
28693,1,0.2
28695,1,0.06666666666666667
28699,1,0.2
28700,1,0.13333333333333333
28703,1,0.06666666666666667
28705,1,0.26666666666666666
28707,1,0.13333333333333333
28714,1,0.6
28722,1,0.13333333333333333
28726,1,0.2
28729,1,0.13333333333333333
28735,1,0.13333333333333333
28745,1,0.13333333333333333
28753,1,0.2
28755,1,0.2
28766,1,0.26666666666666666
28770,1,0.26666666666666666
28771,1,0.4
28778,1,0.06666666666666667
28793,1,0.26666666666666666
28794,1,0.2
28795,1,0.0
28797,1,0.06666666666666667
28798,1,0.13333333333333333
28804,1,0.06666666666666667
28814,1,0.0
28836,1,0.26666666666666666
28838,1,0.2
28852,1,0.26666666666666666
28853,1,0.26666666666666666
28855,1,0.26666666666666666
28871,1,0.13333333333333333
28874,1,0.2
28880,1,0.06666666666666667
28881,1,0.26666666666666666
28889,1,0.13333333333333333
28892,1,0.13333333333333333
28894,1,0.0
28896,1,0.0
28919,1,0.0
28931,1,0.0
28932,1,0.0
28941,1,0.0
28947,1,0.26666666666666666
28953,1,0.2
28954,1,0.13333333333333333
28960,1,0.26666666666666666
28962,1,0.0
28972,1,0.13333333333333333
28977,1,0.2
28980,1,0.2
28981,1,0.06666666666666667
28988,1,0.13333333333333333
28995,1,0.06666666666666667
28998,1,0.06666666666666667
29001,1,0.13333333333333333
29005,1,0.06666666666666667
29006,1,0.13333333333333333
29008,1,0.0
29011,1,0.06666666666666667
29015,1,0.2
29019,1,0.06666666666666667
29028,1,0.06666666666666667
29029,1,0.2
29034,1,0.26666666666666666
29038,1,0.0
29040,1,0.06666666666666667
29041,1,0.06666666666666667
29051,1,0.0
29054,1,0.2
29060,1,0.0
29077,1,0.13333333333333333
29081,1,0.0
29086,1,0.2
29094,1,0.2
29098,1,0.0
29108,1,0.0
29113,1,0.13333333333333333
29119,1,0.0
29131,1,0.2
29133,1,0.06666666666666667
29141,1,0.13333333333333333
29144,1,0.0
29165,1,0.0
29178,1,0.13333333333333333
29192,1,0.13333333333333333
29193,1,0.13333333333333333
29195,1,0.2
29197,1,0.0
29200,1,0.0
29206,1,0.13333333333333333
29212,1,0.0
29218,1,0.5333333333333333
29227,1,0.3333333333333333
29272,1,0.06666666666666667
29278,1,0.5333333333333333
29282,1,0.13333333333333333
29286,1,0.0
29291,1,0.0
29292,1,0.13333333333333333
29299,1,0.13333333333333333
29301,1,0.06666666666666667
29302,1,0.13333333333333333
29306,1,0.8
29308,1,0.2
29309,1,0.2
29315,1,0.13333333333333333
29322,1,0.13333333333333333
29323,1,0.4
29325,1,0.0
29328,1,0.0
29332,1,0.13333333333333333
29334,1,0.2
29338,1,0.0
29349,1,0.3333333333333333
29371,1,0.4
29373,1,0.06666666666666667
29375,1,0.06666666666666667
29382,1,0.0
29385,1,0.06666666666666667
29393,1,0.26666666666666666
29394,1,0.06666666666666667
29395,1,0.13333333333333333
29406,1,0.0
29408,1,0.06666666666666667
29410,1,0.13333333333333333
29412,1,0.26666666666666666
29428,1,0.06666666666666667
29430,1,0.13333333333333333
29432,1,0.0
29443,1,0.06666666666666667
29449,1,0.0
29456,1,0.06666666666666667
29458,1,0.13333333333333333
29469,1,0.13333333333333333
29477,1,0.06666666666666667
29485,1,0.26666666666666666
29488,1,0.06666666666666667
29493,1,0.06666666666666667
29512,1,0.06666666666666667
29518,1,0.06666666666666667
29519,1,0.0
29527,1,0.0
29530,1,0.2
29532,1,0.06666666666666667
29534,1,0.2
29535,1,0.13333333333333333
29538,1,0.06666666666666667
29546,1,0.06666666666666667
29547,1,0.2
29548,1,0.0
29550,1,0.13333333333333333
29551,1,0.06666666666666667
29552,1,0.06666666666666667
29556,1,0.06666666666666667
29565,1,0.0
29567,1,0.13333333333333333
29570,1,0.06666666666666667
29572,1,0.0
29585,1,0.0
29588,1,0.3333333333333333
29589,1,0.06666666666666667
29591,1,0.0
29624,1,0.26666666666666666
29627,1,0.0
29629,1,0.06666666666666667
29632,1,0.26666666666666666
29636,1,0.13333333333333333
29652,1,0.0
29662,1,0.2
29671,1,0.06666666666666667
29681,1,0.3333333333333333
29688,1,0.0
29689,1,0.06666666666666667
29691,1,0.13333333333333333
29692,1,0.0
29694,1,0.06666666666666667
29695,1,0.13333333333333333
29704,1,0.06666666666666667
29718,1,0.0
29724,1,0.13333333333333333
29729,1,0.0
29735,1,0.4666666666666667
29744,1,0.26666666666666666
29746,1,0.06666666666666667
29748,1,0.4666666666666667
29754,1,0.06666666666666667
29756,1,0.13333333333333333
29759,1,0.13333333333333333
29768,1,0.06666666666666667
29784,1,0.06666666666666667
29806,1,0.0
29807,1,0.13333333333333333
29812,1,0.13333333333333333
29813,1,0.3333333333333333
29818,1,0.26666666666666666
29819,1,0.13333333333333333
29820,1,0.0
29827,1,0.0
29838,1,0.06666666666666667
29857,1,0.0
29858,1,0.06666666666666667
29867,1,0.06666666666666667
29868,1,0.0
29877,1,0.06666666666666667
29883,1,0.13333333333333333
29885,1,0.2
29888,1,0.0
29898,1,0.06666666666666667
29899,1,0.0
29903,1,0.26666666666666666
29913,1,0.06666666666666667
29915,1,0.0
29923,1,0.0
29926,1,0.13333333333333333
29930,1,0.06666666666666667
29941,1,0.06666666666666667
29946,1,0.0
29953,1,0.06666666666666667
29963,1,0.4
29966,1,0.6
29969,1,0.26666666666666666
29974,1,0.4666666666666667
29989,1,0.2
29990,1,0.26666666666666666
30008,1,0.26666666666666666
30016,1,0.3333333333333333
30017,1,0.6666666666666666
30029,1,0.6
30043,1,0.5333333333333333
30052,1,0.2
30060,1,0.3333333333333333
30061,1,0.6
30070,1,0.4
30071,1,0.06666666666666667
30084,1,0.4666666666666667
30089,1,0.13333333333333333
30090,1,0.26666666666666666
30098,1,0.0
30125,1,0.0
30136,1,0.6
30138,1,0.5333333333333333
30143,1,0.26666666666666666
30153,1,0.4
30184,1,0.4666666666666667
30187,1,0.06666666666666667
30190,1,0.4
30194,1,0.5333333333333333
30205,1,0.6
30212,1,0.06666666666666667
30215,1,0.26666666666666666
30222,1,0.3333333333333333
30224,1,0.4
30233,1,0.4666666666666667
30238,1,0.8666666666666667
30245,1,0.2
30250,1,0.06666666666666667
30257,1,0.26666666666666666
30265,1,0.6
30268,1,0.06666666666666667
30269,1,0.13333333333333333
30270,1,0.06666666666666667
30282,1,0.26666666666666666
30290,1,0.4666666666666667
30291,1,0.2
30296,1,0.26666666666666666
30307,1,0.26666666666666666
30308,1,0.4666666666666667
30315,1,0.3333333333333333
30317,1,0.4
30323,1,0.4
30330,1,0.06666666666666667
30332,1,0.6666666666666666
30334,1,0.4
30335,1,0.26666666666666666
30362,1,0.13333333333333333
30367,1,0.26666666666666666
30373,1,0.06666666666666667
30388,1,0.4
30401,1,0.2
30404,1,0.2
30411,1,0.26666666666666666
30415,1,0.4666666666666667
30418,1,0.4666666666666667
30423,1,0.5333333333333333
30426,1,0.2
30435,1,0.2
30444,1,0.06666666666666667
30452,1,0.26666666666666666
30471,1,0.13333333333333333
30476,1,0.0
30483,1,0.2
30490,1,0.06666666666666667
30496,1,0.06666666666666667
30508,1,0.0
30513,1,0.0
30519,1,0.0
30521,1,0.13333333333333333
30530,1,0.06666666666666667
30544,1,0.5333333333333333
30551,1,0.13333333333333333
30553,1,0.2
30558,1,0.06666666666666667
30563,1,0.4
30565,1,0.13333333333333333
30567,1,0.2
30575,1,0.0
30583,1,0.06666666666666667
30585,1,0.13333333333333333
30588,1,0.06666666666666667
30598,1,0.06666666666666667
30599,1,0.13333333333333333
30600,1,0.06666666666666667
30601,1,0.3333333333333333
30610,1,0.06666666666666667
30613,1,0.13333333333333333
30619,1,0.0
30625,1,0.0
30630,1,0.0
30637,1,0.06666666666666667
30648,1,0.13333333333333333
30649,1,0.0
30669,1,0.06666666666666667
30672,1,0.0
30674,1,0.13333333333333333
30675,1,0.0
30683,1,0.0
30692,1,0.06666666666666667
30694,1,0.06666666666666667
30697,1,0.13333333333333333
30701,1,0.06666666666666667
30704,1,0.06666666666666667
30721,1,0.06666666666666667
30723,1,0.06666666666666667
30736,1,0.0
30740,1,0.06666666666666667
30749,1,0.06666666666666667
30753,1,0.2
30771,1,0.13333333333333333
30772,1,0.13333333333333333
30780,1,0.06666666666666667
30789,1,0.06666666666666667
30799,1,0.06666666666666667
30803,1,0.13333333333333333
30806,1,0.06666666666666667
30807,1,0.06666666666666667
30811,1,0.13333333333333333
30821,1,0.13333333333333333
30828,1,0.06666666666666667
30838,1,0.06666666666666667
30847,1,0.06666666666666667
30855,1,0.2
30856,1,0.2
30860,1,0.13333333333333333
30862,1,0.06666666666666667
30866,1,0.06666666666666667
30872,1,0.0
30873,1,0.06666666666666667
30878,1,0.0
30883,1,0.0
30889,1,0.06666666666666667
30897,1,0.06666666666666667
30903,1,0.06666666666666667
30904,1,0.06666666666666667
30905,1,0.06666666666666667
30906,1,0.13333333333333333
30913,1,0.06666666666666667
30919,1,0.06666666666666667
30920,1,0.13333333333333333
30926,1,0.06666666666666667
30933,1,0.0
30935,1,0.13333333333333333
30936,1,0.13333333333333333
30938,1,0.06666666666666667
30940,1,0.06666666666666667
30945,1,0.2
30951,1,0.06666666666666667
30952,1,0.13333333333333333
30977,1,0.06666666666666667
30980,1,0.2
31002,1,0.06666666666666667
31018,1,0.06666666666666667
31023,1,0.13333333333333333
31035,1,0.0
31038,1,0.0
31050,1,0.0
31066,1,0.0
31073,1,0.13333333333333333
31074,1,0.06666666666666667
31098,1,0.2
31103,1,0.0
31105,1,0.06666666666666667
31107,1,0.06666666666666667
31109,1,0.06666666666666667
31110,1,0.0
31112,1,0.06666666666666667
31113,1,0.0
31122,1,0.13333333333333333
31129,1,0.0
31135,1,0.2
31144,1,0.06666666666666667
31156,1,0.26666666666666666
31160,1,0.0
31180,1,0.06666666666666667
31194,1,0.13333333333333333
31204,1,0.13333333333333333
31205,1,0.06666666666666667
31212,1,0.0
31220,1,0.0
31226,1,0.06666666666666667
31227,1,0.2
31228,1,0.06666666666666667
31237,1,0.13333333333333333
31239,1,0.13333333333333333
31240,1,0.26666666666666666
31242,1,0.06666666666666667
31246,1,0.0
31257,1,0.06666666666666667
31264,1,0.06666666666666667
31267,1,0.06666666666666667
31275,1,0.13333333333333333
31277,1,0.26666666666666666
31284,1,0.13333333333333333
31286,1,0.06666666666666667
31298,1,0.0
31309,1,0.0
31311,1,0.06666666666666667
31312,1,0.06666666666666667
31315,1,0.0
31324,1,0.13333333333333333
31325,1,0.06666666666666667
31326,1,0.06666666666666667
31332,1,0.13333333333333333
31336,1,0.0
31351,1,0.13333333333333333
31352,1,0.0
31357,1,0.06666666666666667
31361,1,0.26666666666666666
31378,1,0.06666666666666667
31385,1,0.0
31386,1,0.06666666666666667
31390,1,0.13333333333333333
31391,1,0.26666666666666666
31401,1,0.0
31406,1,0.13333333333333333
31407,1,0.0
31417,1,0.13333333333333333
31452,1,0.0
31459,1,0.26666666666666666
31469,1,0.06666666666666667
31470,1,0.06666666666666667
31471,1,0.13333333333333333
31474,1,0.13333333333333333
31475,1,0.06666666666666667
31481,1,0.3333333333333333
31485,1,0.13333333333333333
31487,1,0.13333333333333333
31496,1,0.2
31497,1,0.0
31507,1,0.06666666666666667
31508,1,0.13333333333333333
31528,1,0.06666666666666667
31529,1,0.0
31536,1,0.26666666666666666
31543,1,0.06666666666666667
31553,1,0.0
31574,1,0.06666666666666667
31582,1,0.0
31589,1,0.0
31594,1,0.0
31598,1,0.06666666666666667
31601,1,0.13333333333333333
31605,1,0.3333333333333333
31611,1,0.0
31612,1,0.0
31615,1,0.06666666666666667
31619,1,0.06666666666666667
31623,1,0.0
31632,1,0.13333333333333333
31644,1,0.0
31649,1,0.13333333333333333
31657,1,0.13333333333333333
31664,1,0.0
31680,1,0.0
31681,1,0.06666666666666667
31682,1,0.06666666666666667
31685,1,0.06666666666666667
31688,1,0.06666666666666667
31691,1,0.06666666666666667
31694,1,0.26666666666666666
31701,1,0.0
31717,1,0.06666666666666667
31721,1,0.0
31723,1,0.06666666666666667
31737,1,0.06666666666666667
31741,1,0.0
31744,1,0.13333333333333333
31747,1,0.0
31752,1,0.13333333333333333
31755,1,0.0
31760,1,0.06666666666666667
31765,1,0.13333333333333333
31770,1,0.06666666666666667
31771,1,0.0
31773,1,0.06666666666666667
31781,1,0.13333333333333333
31788,1,0.13333333333333333
31792,1,0.06666666666666667
31801,1,0.13333333333333333
31808,1,0.06666666666666667
31818,1,0.0
31826,1,0.0
31827,1,0.0
31834,1,0.0
31837,1,0.13333333333333333
31847,1,0.13333333333333333
31848,1,0.0
31850,1,0.06666666666666667
31858,1,0.0
31863,1,0.13333333333333333
31871,1,0.13333333333333333
31878,1,0.0
31881,1,0.13333333333333333
31891,1,0.06666666666666667
31901,1,0.06666666666666667
31911,1,0.13333333333333333
31912,1,0.06666666666666667
31934,1,0.06666666666666667
31939,1,0.13333333333333333
31941,1,0.0
31945,1,0.06666666666666667
31953,1,0.3333333333333333
31964,1,0.0
31966,1,0.13333333333333333
31967,1,0.0
31969,1,0.06666666666666667
31979,1,0.2
31980,1,0.06666666666666667
31981,1,0.0
31982,1,0.26666666666666666
32000,1,0.06666666666666667
32008,1,0.06666666666666667
32009,1,0.06666666666666667
32014,1,0.13333333333333333
32035,1,0.26666666666666666
32045,1,0.06666666666666667
32057,1,0.2
32066,1,0.13333333333333333
32070,1,0.0
32071,1,0.0
32072,1,0.06666666666666667
32075,1,0.06666666666666667
32076,1,0.13333333333333333
32081,1,0.0
32083,1,0.06666666666666667
32084,1,0.06666666666666667
32101,1,0.13333333333333333
32106,1,0.06666666666666667
32107,1,0.2
32112,1,0.06666666666666667
32114,1,0.0
32117,1,0.13333333333333333
32125,1,0.06666666666666667
32127,1,0.13333333333333333
32128,1,0.06666666666666667
32133,1,0.06666666666666667
32141,1,0.06666666666666667
32142,1,0.13333333333333333
32146,1,0.06666666666666667
32150,1,0.0
32152,1,0.0
32158,1,0.0
32162,1,0.06666666666666667
32171,1,0.0
32190,1,0.06666666666666667
32201,1,0.0
32214,1,0.06666666666666667
32221,1,0.13333333333333333
32222,1,0.0
32232,1,0.06666666666666667
32239,1,0.06666666666666667
32245,1,0.0
32253,1,0.2
32256,1,0.06666666666666667
32259,1,0.0
32261,1,0.13333333333333333
32262,1,0.2
32269,1,0.2
32273,1,0.26666666666666666
32274,1,0.0
32276,1,0.06666666666666667
32279,1,0.06666666666666667
32286,1,0.13333333333333333
32289,1,0.06666666666666667
32300,1,0.0
32308,1,0.06666666666666667
32315,1,0.13333333333333333
32331,1,0.2
32342,1,0.13333333333333333
32346,1,0.2
32348,1,0.06666666666666667
32349,1,0.2
32350,1,0.0
32353,1,0.06666666666666667
32361,1,0.06666666666666667
32362,1,0.0
32363,1,0.06666666666666667
32365,1,0.06666666666666667
32368,1,0.13333333333333333
32378,1,0.0
32383,1,0.13333333333333333
32384,1,0.06666666666666667
32386,1,0.06666666666666667
32392,1,0.0
32394,1,0.0
32395,1,0.13333333333333333
32400,1,0.06666666666666667
32401,1,0.06666666666666667
32402,1,0.06666666666666667
32415,1,0.13333333333333333
32417,1,0.06666666666666667
32421,1,0.13333333333333333
32429,1,0.0
32430,1,0.06666666666666667
32437,1,0.0
32444,1,0.13333333333333333
32445,1,0.0
32447,1,0.06666666666666667
32455,1,0.0
32462,1,0.0
32467,1,0.26666666666666666
32477,1,0.06666666666666667
32480,1,0.0
32484,1,0.0
32485,1,0.13333333333333333
32489,1,0.0
32491,1,0.06666666666666667
32505,1,0.06666666666666667
32510,1,0.0
32524,1,0.0
32534,1,0.06666666666666667
32546,1,0.2
32554,1,0.0
32563,1,0.0
32568,1,0.06666666666666667
32574,1,0.06666666666666667
32595,1,0.06666666666666667
32599,1,0.2
32602,1,0.0
32605,1,0.0
32610,1,0.06666666666666667
32611,1,0.13333333333333333
32624,1,0.13333333333333333
32632,1,0.06666666666666667
32633,1,0.2
32637,1,0.26666666666666666
32642,1,0.06666666666666667
32643,1,0.13333333333333333
32648,1,0.0
32660,1,0.06666666666666667
32661,1,0.06666666666666667
32662,1,0.0
32669,1,0.2
32673,1,0.13333333333333333
32674,1,0.13333333333333333
32676,1,0.13333333333333333
32677,1,0.0
32684,1,0.13333333333333333
32688,1,0.06666666666666667
32691,1,0.06666666666666667
32693,1,0.0
32699,1,0.0
32706,1,0.06666666666666667
32708,1,0.06666666666666667
32710,1,0.13333333333333333
32716,1,0.0
32724,1,0.06666666666666667
32727,1,0.06666666666666667
32735,1,0.06666666666666667
32744,1,0.06666666666666667
32749,1,0.13333333333333333
32757,1,0.06666666666666667
32770,1,0.06666666666666667
32771,1,0.0
32780,1,0.2
32784,1,0.0
32786,1,0.06666666666666667
32789,1,0.06666666666666667
32791,1,0.13333333333333333
32797,1,0.06666666666666667
32805,1,0.06666666666666667
32817,1,0.06666666666666667
32829,1,0.13333333333333333
32838,1,0.06666666666666667
32843,1,0.0
32850,1,0.06666666666666667
32858,1,0.13333333333333333
32863,1,0.0
32864,1,0.0
32867,1,0.06666666666666667
32879,1,0.13333333333333333
32885,1,0.06666666666666667
32895,1,0.06666666666666667
32898,1,0.13333333333333333
32899,1,0.0
32907,1,0.06666666666666667
32913,1,0.13333333333333333
32915,1,0.0
32919,1,0.2
32923,1,0.2
32930,1,0.2
32935,1,0.06666666666666667
32938,1,0.06666666666666667
32949,1,0.2
32957,1,0.06666666666666667
32963,1,0.06666666666666667
32968,1,0.0
32971,1,0.06666666666666667
32972,1,0.06666666666666667
32979,1,0.13333333333333333
33002,1,0.06666666666666667
33005,1,0.26666666666666666
33006,1,0.13333333333333333
33007,1,0.0
33008,1,0.13333333333333333
33021,1,0.13333333333333333
33029,1,0.2
33031,1,0.0
33041,1,0.06666666666666667
33052,1,0.06666666666666667
33054,1,0.13333333333333333
33060,1,0.06666666666666667
33074,1,0.13333333333333333
33080,1,0.2
33081,1,0.06666666666666667
33091,1,0.13333333333333333
33101,1,0.06666666666666667
33103,1,0.06666666666666667
33107,1,0.0
33124,1,0.0
33132,1,0.0
33140,1,0.06666666666666667
33153,1,0.0
33157,1,0.06666666666666667
33159,1,0.06666666666666667
33166,1,0.26666666666666666
33173,1,0.0
33180,1,0.13333333333333333
33183,1,0.13333333333333333
33194,1,0.0
33200,1,0.0
33201,1,0.0
33204,1,0.13333333333333333
33206,1,0.06666666666666667
33221,1,0.0
33246,1,0.13333333333333333
33254,1,0.0
33258,1,0.0
33262,1,0.2
33268,1,0.13333333333333333
33271,1,0.06666666666666667
33283,1,0.06666666666666667
33287,1,0.06666666666666667
33295,1,0.0
33300,1,0.0
33302,1,0.06666666666666667
33310,1,0.0
33322,1,0.06666666666666667
33327,1,0.13333333333333333
33329,1,0.13333333333333333
33331,1,0.06666666666666667
33333,1,0.13333333333333333
33335,1,0.06666666666666667
33343,1,0.06666666666666667
33348,1,0.06666666666666667
33367,1,0.06666666666666667
33372,1,0.0
33375,1,0.0
33377,1,0.06666666666666667
33394,1,0.0
33395,1,0.06666666666666667
33404,1,0.06666666666666667
33416,1,0.2
33419,1,0.0
33420,1,0.06666666666666667
33421,1,0.0
33432,1,0.2
33434,1,0.06666666666666667
33435,1,0.13333333333333333
33437,1,0.13333333333333333
33440,1,0.13333333333333333
33442,1,0.0
33460,1,0.0
33463,1,0.0
33465,1,0.0
33473,1,0.06666666666666667
33483,1,0.06666666666666667
33523,1,0.0
33526,1,0.13333333333333333
33527,1,0.06666666666666667
33549,1,0.06666666666666667
33554,1,0.0
33557,1,0.13333333333333333
33561,1,0.0
33570,1,0.0
33581,1,0.2
33583,1,0.0
33587,1,0.13333333333333333
33592,1,0.0
33599,1,0.0
33602,1,0.0
33603,1,0.13333333333333333
33624,1,0.06666666666666667
33625,1,0.13333333333333333
33629,1,0.0
33630,1,0.06666666666666667
33632,1,0.13333333333333333
33640,1,0.13333333333333333
33641,1,0.06666666666666667
33644,1,0.0
33650,1,0.06666666666666667
33652,1,0.13333333333333333
33663,1,0.06666666666666667
33672,1,0.06666666666666667
33676,1,0.2
33682,1,0.06666666666666667
33683,1,0.0
33687,1,0.0
33688,1,0.0
33696,1,0.06666666666666667
33700,1,0.13333333333333333
33701,1,0.06666666666666667
33703,1,0.13333333333333333
33708,1,0.06666666666666667
33709,1,0.0
33710,1,0.06666666666666667
33718,1,0.13333333333333333
33721,1,0.0
33729,1,0.0
33742,1,0.13333333333333333
33751,1,0.06666666666666667
33754,1,0.13333333333333333
33762,1,0.0
33772,1,0.26666666666666666
33790,1,0.06666666666666667
33807,1,0.0
33813,1,0.06666666666666667
33821,1,0.0
33832,1,0.0
33835,1,0.13333333333333333
33837,1,0.06666666666666667
33840,1,0.0
33841,1,0.06666666666666667
33845,1,0.0
33848,1,0.13333333333333333
33852,1,0.0
33859,1,0.2
33861,1,0.06666666666666667
33865,1,0.06666666666666667
33866,1,0.06666666666666667
33873,1,0.2
33874,1,0.0
33885,1,0.13333333333333333
33891,1,0.13333333333333333
33895,1,0.13333333333333333
33896,1,0.06666666666666667
33906,1,0.06666666666666667
33908,1,0.13333333333333333
33909,1,0.13333333333333333
33917,1,0.0
33920,1,0.13333333333333333
33923,1,0.13333333333333333
33926,1,0.06666666666666667
33928,1,0.06666666666666667
33930,1,0.06666666666666667
33934,1,0.06666666666666667
33944,1,0.0
33946,1,0.13333333333333333
33950,1,0.13333333333333333
33969,1,0.0
33972,1,0.06666666666666667
33973,1,0.13333333333333333
33975,1,0.06666666666666667
33981,1,0.06666666666666667
33982,1,0.06666666666666667
33985,1,0.0
33988,1,0.26666666666666666
33991,1,0.0
33998,1,0.06666666666666667
34001,1,0.06666666666666667
34002,1,0.06666666666666667
34004,1,0.13333333333333333
34005,1,0.13333333333333333
34017,1,0.13333333333333333
34021,1,0.13333333333333333
34023,1,0.0
34037,1,0.0
34040,1,0.06666666666666667
34044,1,0.06666666666666667
34047,1,0.06666666666666667
34056,1,0.0
34057,1,0.06666666666666667
34066,1,0.06666666666666667
34093,1,0.13333333333333333
34097,1,0.13333333333333333
34098,1,0.06666666666666667
34109,1,0.06666666666666667
34121,1,0.4666666666666667
34123,1,0.06666666666666667
34130,1,0.26666666666666666
34133,1,0.06666666666666667
34148,1,0.06666666666666667
34163,1,0.0
34166,1,0.13333333333333333
34181,1,0.06666666666666667
34191,1,0.06666666666666667
34198,1,0.13333333333333333
34204,1,0.13333333333333333
34205,1,0.0
34217,1,0.06666666666666667
34222,1,0.0
34223,1,0.06666666666666667
34224,1,0.0
34253,1,0.13333333333333333
34259,1,0.13333333333333333
34264,1,0.13333333333333333
34272,1,0.13333333333333333
34273,1,0.0
34275,1,0.2
34277,1,0.0
34278,1,0.13333333333333333
34284,1,0.06666666666666667
34303,1,0.13333333333333333
34304,1,0.06666666666666667
34319,1,0.0
34320,1,0.0
34323,1,0.06666666666666667
34328,1,0.0
34330,1,0.06666666666666667
34340,1,0.06666666666666667
34350,1,0.06666666666666667
34353,1,0.06666666666666667
34363,1,0.06666666666666667
34366,1,0.06666666666666667
34382,1,0.06666666666666667
34386,1,0.06666666666666667
34392,1,0.0
34400,1,0.2
34411,1,0.06666666666666667
34412,1,0.06666666666666667
34415,1,0.06666666666666667
34416,1,0.06666666666666667
34420,1,0.06666666666666667
34435,1,0.06666666666666667
34436,1,0.0
34446,1,0.13333333333333333
34455,1,0.06666666666666667
34457,1,0.0
34465,1,0.0
34474,1,0.06666666666666667
34489,1,0.13333333333333333
34494,1,0.06666666666666667
34507,1,0.0
34511,1,0.2
34514,1,0.06666666666666667
34519,1,0.06666666666666667
34527,1,0.0
34532,1,0.0
34541,1,0.06666666666666667
34547,1,0.06666666666666667
34561,1,0.0
34567,1,0.06666666666666667
34583,1,0.0
34589,1,0.0
34604,1,0.06666666666666667
34620,1,0.06666666666666667
34626,1,0.13333333333333333
34628,1,0.13333333333333333
34632,1,0.0
34635,1,0.0
34640,1,0.13333333333333333
34641,1,0.13333333333333333
34642,1,0.0
34645,1,0.0
34647,1,0.06666666666666667
34661,1,0.06666666666666667
34670,1,0.06666666666666667
34672,1,0.0
34676,1,0.06666666666666667
34689,1,0.0
34695,1,0.06666666666666667
34704,1,0.2
34710,1,0.06666666666666667
34717,1,0.06666666666666667
34721,1,0.0
34726,1,0.0
34731,1,0.06666666666666667
34737,1,0.06666666666666667
34742,1,0.3333333333333333
34743,1,0.13333333333333333
34752,1,0.06666666666666667
34753,1,0.13333333333333333
34754,1,0.06666666666666667
34759,1,0.06666666666666667
34770,1,0.13333333333333333
34772,1,0.0
34778,1,0.0
34787,1,0.0
34793,1,0.0
34795,1,0.06666666666666667
34799,1,0.0
34800,1,0.06666666666666667
34804,1,0.13333333333333333
34811,1,0.06666666666666667
34817,1,0.06666666666666667
34820,1,0.0
34828,1,0.06666666666666667
34831,1,0.13333333333333333
34838,1,0.13333333333333333
34840,1,0.2
34855,1,0.06666666666666667
34856,1,0.0
34861,1,0.06666666666666667
34867,1,0.06666666666666667
34868,1,0.0
34869,1,0.13333333333333333
34871,1,0.0
34883,1,0.06666666666666667
34910,1,0.0
34911,1,0.0
34912,1,0.0
34920,1,0.06666666666666667
34959,1,0.06666666666666667
34970,1,0.0
34977,1,0.06666666666666667
34988,1,0.13333333333333333
34996,1,0.06666666666666667
34999,1,0.2
35003,1,0.0
35011,1,0.13333333333333333
35028,1,0.13333333333333333
35040,1,0.0
35043,1,0.06666666666666667
35048,1,0.2
35050,1,0.06666666666666667
35052,1,0.26666666666666666
35070,1,0.0
35076,1,0.06666666666666667
35110,1,0.06666666666666667
35116,1,0.06666666666666667
35118,1,0.2
35119,1,0.06666666666666667
35133,1,0.13333333333333333
35134,1,0.06666666666666667
35136,1,0.06666666666666667
35146,1,0.13333333333333333
35149,1,0.06666666666666667
35154,1,0.13333333333333333
35157,1,0.0
35170,1,0.13333333333333333
35179,1,0.06666666666666667
35186,1,0.06666666666666667
35187,1,0.0
35188,1,0.0
35192,1,0.13333333333333333
35195,1,0.06666666666666667
35196,1,0.06666666666666667
35202,1,0.06666666666666667
35207,1,0.0
35209,1,0.06666666666666667
35211,1,0.13333333333333333
35219,1,0.13333333333333333
35221,1,0.06666666666666667
35231,1,0.13333333333333333
35233,1,0.06666666666666667
35236,1,0.0
35242,1,0.06666666666666667
35251,1,0.06666666666666667
35254,1,0.0
35262,1,0.06666666666666667
35267,1,0.06666666666666667
35285,1,0.2
35290,1,0.26666666666666666
35295,1,0.0
35301,1,0.13333333333333333
35309,1,0.26666666666666666
35339,1,0.13333333333333333
35344,1,0.06666666666666667
35345,1,0.13333333333333333
35347,1,0.06666666666666667
35348,1,0.2
35352,1,0.0
35355,1,0.06666666666666667
35365,1,0.13333333333333333
35370,1,0.13333333333333333
35371,1,0.06666666666666667
35386,1,0.0
35394,1,0.13333333333333333
35403,1,0.06666666666666667
35405,1,0.2
35419,1,0.0
35420,1,0.06666666666666667
35423,1,0.06666666666666667
35440,1,0.06666666666666667
35447,1,0.13333333333333333
35457,1,0.06666666666666667
35460,1,0.0
35463,1,0.13333333333333333
35467,1,0.0
35474,1,0.0
35492,1,0.06666666666666667
35503,1,0.06666666666666667
35522,1,0.0
35525,1,0.06666666666666667
35541,1,0.0
35543,1,0.06666666666666667
35548,1,0.2
35550,1,0.2
35560,1,0.26666666666666666
35561,1,0.2
35567,1,0.06666666666666667
35570,1,0.0
35574,1,0.06666666666666667
35582,1,0.26666666666666666
35589,1,0.0
35601,1,0.2
35607,1,0.2
35610,1,0.0
35615,1,0.2
35630,1,0.06666666666666667
35632,1,0.06666666666666667
35634,1,0.13333333333333333
35641,1,0.06666666666666667
35648,1,0.13333333333333333
35655,1,0.0
35657,1,0.06666666666666667
35680,1,0.13333333333333333
35682,1,0.0
35686,1,0.0
35689,1,0.13333333333333333
35695,1,0.06666666666666667
35714,1,0.0
35717,1,0.0
35721,1,0.06666666666666667
35730,1,0.0
35731,1,0.2
35732,1,0.06666666666666667
35736,1,0.13333333333333333
35738,1,0.06666666666666667
35740,1,0.0
35742,1,0.06666666666666667
35744,1,0.0
35754,1,0.06666666666666667
35755,1,0.0
35764,1,0.26666666666666666
35769,1,0.06666666666666667
35771,1,0.13333333333333333
35786,1,0.13333333333333333
35799,1,0.13333333333333333
35822,1,0.2
35826,1,0.4
35828,1,0.06666666666666667
35830,1,0.0
35834,1,0.4666666666666667
35835,1,0.2
35840,1,0.06666666666666667
35846,1,0.13333333333333333
35858,1,0.2
35861,1,0.06666666666666667
35865,1,0.0
35866,1,0.13333333333333333
35867,1,0.0
35875,1,0.0
35878,1,0.4
35884,1,0.06666666666666667
35885,1,0.13333333333333333
35888,1,0.13333333333333333
35894,1,0.26666666666666666
35895,1,0.06666666666666667
35900,1,0.0
35905,1,0.06666666666666667
35907,1,0.06666666666666667
35914,1,0.2
35920,1,0.06666666666666667
35922,1,0.06666666666666667
35924,1,0.0
35929,1,0.13333333333333333
35937,1,0.2
35939,1,0.0
35960,1,0.2
35967,1,0.3333333333333333
35969,1,0.06666666666666667
35976,1,0.4
35979,1,0.06666666666666667
35989,1,0.13333333333333333
35995,1,0.0
35998,1,0.0
36001,1,0.13333333333333333
36004,1,0.0
36005,1,0.13333333333333333
36007,1,0.13333333333333333
36008,1,0.06666666666666667
36009,1,0.06666666666666667
36012,1,0.06666666666666667
36013,1,0.2
36014,1,0.13333333333333333
36016,1,0.06666666666666667
36021,1,0.13333333333333333
36033,1,0.0
36037,1,0.06666666666666667
36057,1,0.06666666666666667
36065,1,0.2
36067,1,0.26666666666666666
36077,1,0.0
36078,1,0.06666666666666667
36086,1,0.06666666666666667
36088,1,0.06666666666666667
36102,1,0.0
36105,1,0.2
36106,1,0.2
36120,1,0.13333333333333333
36121,1,0.06666666666666667
36124,1,0.13333333333333333
36138,1,0.2
36140,1,0.26666666666666666
36148,1,0.06666666666666667
36155,1,0.2
36156,1,0.0
36162,1,0.13333333333333333
36163,1,0.0
36168,1,0.4666666666666667
36169,1,0.2
36171,1,0.0
36175,1,0.13333333333333333
36177,1,0.06666666666666667
36179,1,0.0
36184,1,0.26666666666666666
36191,1,0.06666666666666667
36205,1,0.06666666666666667
36206,1,0.13333333333333333
36211,1,0.0
36225,1,0.4
36236,1,0.6
36241,1,0.5333333333333333
36245,1,0.5333333333333333
36250,1,0.3333333333333333
36254,1,0.4
36263,1,0.3333333333333333
36271,1,0.4666666666666667
36272,1,0.2
36288,1,0.2
36299,1,0.3333333333333333
36307,1,0.4
36312,1,0.26666666666666666
36323,1,0.3333333333333333
36324,1,0.4666666666666667
36330,1,0.3333333333333333
36336,1,0.4
36340,1,0.13333333333333333
36341,1,0.6
36358,1,0.4666666666666667
36359,1,0.26666666666666666
36361,1,0.4
36363,1,0.5333333333333333
36368,1,0.6666666666666666
36371,1,0.3333333333333333
36387,1,0.3333333333333333
36391,1,0.5333333333333333
36398,1,0.4
36399,1,0.26666666666666666
36411,1,0.2
36426,1,0.13333333333333333
36436,1,0.26666666666666666
36438,1,0.3333333333333333
36449,1,0.4
36464,1,0.26666666666666666
36465,1,0.6666666666666666
36474,1,0.26666666666666666
36480,1,0.6
36495,1,0.3333333333333333
36499,1,0.4
36503,1,0.2
36507,1,0.26666666666666666
36512,1,0.5333333333333333
36517,1,0.3333333333333333
36543,1,0.3333333333333333
36549,1,0.4
36553,1,0.06666666666666667
36554,1,0.5333333333333333
36557,1,0.6
36569,1,0.13333333333333333
36572,1,0.5333333333333333
36573,1,0.2
36575,1,0.5333333333333333
36580,1,0.6
36582,1,0.4666666666666667
36599,1,0.5333333333333333
36600,1,0.2
36624,1,0.4
36627,1,0.26666666666666666
36631,1,0.6666666666666666
36632,1,0.26666666666666666
36642,1,0.3333333333333333
36649,1,0.4
36650,1,0.5333333333333333
36652,1,0.5333333333333333
36665,1,0.06666666666666667
36670,1,0.4666666666666667
36676,1,0.4
36685,1,0.4
36698,1,0.13333333333333333
36710,1,0.4
36717,1,0.4666666666666667
36722,1,0.6666666666666666
36727,1,0.26666666666666666
36733,1,0.3333333333333333
36734,1,0.4666666666666667
36740,1,0.2
36741,1,0.26666666666666666
36742,1,0.3333333333333333
36744,1,0.4666666666666667
36759,1,0.4
36771,1,0.13333333333333333
36772,1,0.3333333333333333
36775,1,0.2
36787,1,0.4666666666666667
36791,1,0.5333333333333333
36795,1,0.4666666666666667
36819,1,0.3333333333333333
36829,1,0.4
36843,1,0.4
36858,1,0.2
36859,1,0.4666666666666667
36864,1,0.5333333333333333
36877,1,0.3333333333333333
36882,1,0.3333333333333333
36883,1,0.6666666666666666
36886,1,0.13333333333333333
36890,1,0.26666666666666666
36891,1,0.26666666666666666
36905,1,0.26666666666666666
36906,1,0.6666666666666666
36916,1,0.3333333333333333
36919,1,0.06666666666666667
36921,1,0.2
36923,1,0.5333333333333333
36924,1,0.3333333333333333
36931,1,0.26666666666666666
36936,1,0.3333333333333333
36943,1,0.5333333333333333
36956,1,0.6666666666666666
36967,1,0.26666666666666666
36973,1,0.4666666666666667
36980,1,0.4666666666666667
36982,1,0.3333333333333333
36983,1,0.4
36985,1,0.26666666666666666
36987,1,0.3333333333333333
37012,1,0.3333333333333333
37027,1,0.2
37028,1,0.4
37034,1,0.2
37038,1,0.26666666666666666
37048,1,0.26666666666666666
37052,1,0.4
37062,1,0.6
37064,1,0.4666666666666667
37073,1,0.4666666666666667
37076,1,0.3333333333333333
37080,1,0.4666666666666667
37083,1,0.3333333333333333
37097,1,0.4666666666666667
37112,1,0.26666666666666666
37113,1,0.2
37116,1,0.4
37118,1,0.3333333333333333
37130,1,0.26666666666666666
37134,1,0.4666666666666667
37138,1,0.3333333333333333
37144,1,0.26666666666666666
37145,1,0.4666666666666667
37146,1,0.6666666666666666
37149,1,0.4
37161,1,0.26666666666666666
37185,1,0.3333333333333333
37186,1,0.3333333333333333
37190,1,0.26666666666666666
37194,1,0.2
37196,1,0.6666666666666666
37198,1,0.2
37199,1,0.13333333333333333
37200,1,0.26666666666666666
37201,1,0.4
37203,1,0.06666666666666667
37210,1,0.26666666666666666
37222,1,0.26666666666666666
37225,1,0.13333333333333333
37242,1,0.2
37243,1,0.4666666666666667
37274,1,0.06666666666666667
37285,1,0.5333333333333333
37287,1,0.5333333333333333
37289,1,0.13333333333333333
37296,1,0.3333333333333333
37298,1,0.5333333333333333
37310,1,0.26666666666666666
37311,1,0.4666666666666667
37321,1,0.4666666666666667
37322,1,0.3333333333333333
37331,1,0.2
37333,1,0.2
37353,1,0.3333333333333333
37358,1,0.8
37364,1,0.3333333333333333
37365,1,0.4666666666666667
37372,1,0.3333333333333333
37373,1,0.4
37374,1,0.3333333333333333
37376,1,0.8
37383,1,0.3333333333333333
37388,1,0.6
37393,1,0.4666666666666667
37395,1,0.4666666666666667
37405,1,0.6
37411,1,0.26666666666666666
37412,1,0.4666666666666667
37423,1,0.3333333333333333
37425,1,0.2
37427,1,0.3333333333333333
37441,1,0.3333333333333333
37446,1,0.5333333333333333
37449,1,0.2
37455,1,0.3333333333333333
37463,1,0.6666666666666666
37486,1,0.26666666666666666
37495,1,0.6
37498,1,0.2
37499,1,0.4
37532,1,0.4666666666666667
37533,1,0.26666666666666666
37549,1,0.3333333333333333
37554,1,0.4
37563,1,0.6
37565,1,0.4666666666666667
37567,1,0.4
37577,1,0.2
37587,1,0.26666666666666666
37590,1,0.4
37593,1,0.2
37596,1,0.26666666666666666
37601,1,0.2
37610,1,0.4666666666666667
37617,1,0.13333333333333333
37621,1,0.4
37624,1,0.2
37628,1,0.2
37631,1,0.26666666666666666
37634,1,0.3333333333333333
37636,1,0.13333333333333333
37649,1,0.26666666666666666
37652,1,0.06666666666666667
37653,1,0.26666666666666666
37660,1,0.3333333333333333
37666,1,0.3333333333333333
37674,1,0.3333333333333333
37687,1,0.4
37689,1,0.26666666666666666
37695,1,0.4666666666666667
37698,1,0.26666666666666666
37708,1,0.4666666666666667
37712,1,0.3333333333333333
37717,1,0.06666666666666667
37719,1,0.13333333333333333
37721,1,0.26666666666666666
37731,1,0.4
37732,1,0.26666666666666666
37733,1,0.26666666666666666
37740,1,0.5333333333333333
37744,1,0.26666666666666666
37745,1,0.4
37746,1,0.4
37753,1,0.6666666666666666
37756,1,0.7333333333333333
37757,1,0.4
37773,1,0.26666666666666666
37781,1,0.26666666666666666
37788,1,0.3333333333333333
37790,1,0.26666666666666666
37815,1,0.26666666666666666
37821,1,0.3333333333333333
37830,1,0.2
37831,1,0.4666666666666667
37837,1,0.3333333333333333
37839,1,0.26666666666666666
37841,1,0.26666666666666666
37844,1,0.4
37848,1,0.2
37849,1,0.3333333333333333
37850,1,0.7333333333333333
37853,1,0.4
37859,1,0.4
37863,1,0.5333333333333333
37875,1,0.4666666666666667
37886,1,0.13333333333333333
37889,1,0.2
37895,1,0.4
37896,1,0.8666666666666667
37899,1,0.4
37902,1,0.4666666666666667
37909,1,0.4
37917,1,0.3333333333333333
37918,1,0.6666666666666666
37936,1,0.4666666666666667
37940,1,0.6
37944,1,0.6
37950,1,0.3333333333333333
37951,1,0.3333333333333333
37952,1,0.3333333333333333
37955,1,0.2
37961,1,0.4666666666666667
37982,1,0.3333333333333333
37990,1,0.3333333333333333
38021,1,0.4666666666666667
38028,1,0.26666666666666666
38029,1,0.4
38039,1,0.4
38041,1,0.6
38042,1,0.4666666666666667
38044,1,0.13333333333333333
38050,1,0.4666666666666667
38057,1,0.3333333333333333
38061,1,0.4666666666666667
38062,1,0.4666666666666667
38072,1,0.3333333333333333
38084,1,0.8
38088,1,0.6666666666666666
38089,1,0.5333333333333333
38092,1,0.26666666666666666
38093,1,0.26666666666666666
38095,1,0.4666666666666667
38096,1,0.4666666666666667
38100,1,0.26666666666666666
38107,1,0.26666666666666666
38111,1,0.6666666666666666
38124,1,0.26666666666666666
38126,1,0.26666666666666666
38134,1,0.13333333333333333
38156,1,0.26666666666666666
38160,1,0.2
38167,1,0.26666666666666666
38183,1,0.3333333333333333
38187,1,0.4666666666666667
38190,1,0.26666666666666666
38191,1,0.26666666666666666
38200,1,0.5333333333333333
38215,1,0.26666666666666666
38216,1,0.26666666666666666
38225,1,0.26666666666666666
38233,1,0.26666666666666666
38239,1,0.2
38242,1,0.2
38243,1,0.4
38244,1,0.4
38260,1,0.26666666666666666
38269,1,0.8
38286,1,0.3333333333333333
38289,1,0.3333333333333333
38291,1,0.5333333333333333
38310,1,0.6
38314,1,0.6666666666666666
38317,1,0.4666666666666667
38324,1,0.4
38339,1,0.4666666666666667
38341,1,0.6
38344,1,0.4
38351,1,0.3333333333333333
38359,1,0.26666666666666666
38368,1,0.5333333333333333
38370,1,0.4
38380,1,0.26666666666666666
38390,1,0.4
38393,1,0.5333333333333333
38407,1,0.6666666666666666
38427,1,0.5333333333333333
38431,1,0.8
38436,1,0.9333333333333333
38444,1,0.26666666666666666
38448,1,0.4666666666666667
38455,1,0.3333333333333333
38458,1,0.6
38474,1,0.3333333333333333
38477,1,0.4666666666666667
38479,1,0.26666666666666666
38480,1,0.2
38495,1,0.6
38515,1,0.4666666666666667
38523,1,0.2
38528,1,0.4
38530,1,0.8666666666666667
38537,1,0.5333333333333333
38547,1,0.3333333333333333
38558,1,0.3333333333333333
38564,1,0.26666666666666666
38568,1,0.13333333333333333
38571,1,0.2
38580,1,0.3333333333333333
38583,1,0.4
38584,1,0.4
38594,1,0.26666666666666666
38621,1,0.13333333333333333
38625,1,0.4
38629,1,0.6666666666666666
38643,1,0.4666666666666667
38645,1,0.4
38646,1,0.4
38652,1,0.6
38662,1,0.5333333333333333
38673,1,0.4
38678,1,0.2
38681,1,0.4666666666666667
38696,1,0.4666666666666667
38703,1,0.6666666666666666
38706,1,0.6
38713,1,0.3333333333333333
38728,1,0.3333333333333333
38739,1,0.2
38741,1,0.8666666666666667
38745,1,0.26666666666666666
38750,1,0.5333333333333333
38777,1,0.4666666666666667
38789,1,0.6
38790,1,0.5333333333333333
38797,1,0.6
38817,1,0.4
38821,1,0.3333333333333333
38822,1,0.26666666666666666
38830,1,0.26666666666666666
38836,1,0.4666666666666667
38839,1,0.8
38842,1,0.13333333333333333
38846,1,0.8
38851,1,0.06666666666666667
38856,1,0.2
38857,1,0.0
38860,1,0.26666666666666666
38865,1,0.2
38866,1,0.7333333333333333
38869,1,0.26666666666666666
38878,1,0.4
38883,1,0.26666666666666666
38898,1,0.4
38902,1,0.4666666666666667
38903,1,0.8
38905,1,0.6
38909,1,0.4
38912,1,0.7333333333333333
38914,1,0.6
38920,1,0.3333333333333333
38938,1,0.6
38943,1,0.5333333333333333
38951,1,0.2
38963,1,0.6666666666666666
38964,1,0.4666666666666667
38981,1,0.13333333333333333
38987,1,0.26666666666666666
38993,1,0.4666666666666667
38994,1,0.3333333333333333
38995,1,0.4
39000,1,0.4666666666666667
39002,1,0.6
39004,1,0.5333333333333333
39007,1,0.6
39016,1,0.13333333333333333
39026,1,0.8
39029,1,0.8666666666666667
39033,1,0.4
39034,1,0.6666666666666666
39067,1,0.4
39071,1,0.4666666666666667
39079,1,0.3333333333333333
39082,1,0.4666666666666667
39097,1,0.26666666666666666
39107,1,0.4
39111,1,0.26666666666666666
39114,1,0.26666666666666666
39119,1,0.3333333333333333
39125,1,0.6
39126,1,0.4
39127,1,0.2
39153,1,0.8666666666666667
39164,1,0.9333333333333333
39178,1,0.2
39182,1,0.6666666666666666
39183,1,0.6666666666666666
39184,1,0.8
39196,1,0.8666666666666667
39198,1,0.6666666666666666
39199,1,0.4666666666666667
39203,1,0.26666666666666666
39209,1,0.6
39212,1,0.5333333333333333
39215,1,0.8666666666666667
39243,1,0.6666666666666666
39248,1,0.6
39250,1,0.6
39254,1,0.26666666666666666
39255,1,0.8
39262,1,0.6666666666666666
39271,1,0.3333333333333333
39276,1,0.5333333333333333
39277,1,0.3333333333333333
39286,1,0.7333333333333333
39294,1,1.0
39295,1,0.7333333333333333
39299,1,0.4666666666666667
39307,1,0.3333333333333333
39309,1,0.6
39313,1,0.8
39315,1,0.7333333333333333
39332,1,0.4
39335,1,0.5333333333333333
39337,1,0.6666666666666666
39343,1,0.4666666666666667
39344,1,0.7333333333333333
39352,1,0.4
39355,1,0.2
39358,1,0.6
39364,1,0.7333333333333333
39370,1,0.2
39377,1,0.4
39384,1,0.6666666666666666
39391,1,0.26666666666666666
39395,1,0.26666666666666666
39396,1,0.8666666666666667
39409,1,0.4
39410,1,0.4
39411,1,0.6
39412,1,0.6
39413,1,0.3333333333333333
39415,1,0.4666666666666667
39418,1,0.6
39429,1,0.6666666666666666
39444,1,1.0
39445,1,0.26666666666666666
39447,1,0.8
39450,1,0.26666666666666666
39459,1,0.13333333333333333
39460,1,0.7333333333333333
39462,1,0.6
39463,1,0.4666666666666667
39465,1,0.3333333333333333
39469,1,0.06666666666666667
39477,1,0.6666666666666666
39478,1,0.7333333333333333
39481,1,0.8
39488,1,0.5333333333333333
39489,1,0.6
39497,1,0.7333333333333333
39513,1,0.3333333333333333
39518,1,0.13333333333333333
39524,1,0.13333333333333333
39525,1,0.3333333333333333
39535,1,0.8666666666666667
39539,1,0.8
39543,1,0.6666666666666666
39548,1,0.7333333333333333
39557,1,0.8666666666666667
39562,1,0.6666666666666666
39563,1,0.26666666666666666
39564,1,0.6666666666666666
39565,1,0.8
39570,1,1.0
39575,1,0.8666666666666667
39580,1,0.5333333333333333
39584,1,0.8
39598,1,0.26666666666666666
39600,1,0.26666666666666666
39603,1,0.8666666666666667
39604,1,0.26666666666666666
39607,1,1.0
39618,1,0.3333333333333333
39625,1,0.5333333333333333
39629,1,0.7333333333333333
39635,1,0.4666666666666667
39650,1,0.8
39653,1,0.13333333333333333
39656,1,0.6666666666666666
39660,1,0.8
39662,1,0.8
39670,1,0.4
39696,1,0.6
39699,1,0.4
39711,1,0.9333333333333333
39713,1,0.4
39721,1,0.4666666666666667
39730,1,0.5333333333333333
39735,1,0.5333333333333333
39739,1,0.6
39744,1,0.8
39756,1,0.6666666666666666
39762,1,0.13333333333333333
39777,1,0.7333333333333333
39792,1,0.5333333333333333
39798,1,0.4
39800,1,0.2
39803,1,0.6666666666666666
39812,1,0.8
39831,1,0.8666666666666667
39838,1,0.2
39849,1,0.6
39858,1,0.0
39862,1,0.4666666666666667
39877,1,0.06666666666666667
39879,1,0.4666666666666667
39898,1,0.2
39903,1,0.4666666666666667
39923,1,0.4666666666666667
39940,1,0.4
39941,1,0.8
39943,1,0.8
39949,1,0.3333333333333333
39952,1,0.13333333333333333
39954,1,0.4666666666666667
39957,1,0.3333333333333333
39960,1,0.8
39962,1,0.2
39964,1,0.9333333333333333
39972,1,0.26666666666666666
39979,1,0.5333333333333333
39982,1,0.5333333333333333
39983,1,0.7333333333333333
39988,1,0.3333333333333333
39996,1,0.26666666666666666
39999,1,0.8
40004,1,0.26666666666666666
40009,1,0.3333333333333333
40011,1,0.3333333333333333
40017,1,1.0
40020,1,0.9333333333333333
40021,1,0.4666666666666667
40032,1,0.4666666666666667
40045,1,0.4
40051,1,0.4
40052,1,0.3333333333333333
40059,1,0.4666666666666667
40060,1,0.4
40062,1,0.4
40068,1,0.13333333333333333
40073,1,0.4666666666666667
40078,1,0.8666666666666667
40083,1,0.5333333333333333
40089,1,0.2
40094,1,0.5333333333333333
40095,1,0.3333333333333333
40100,1,0.8
40110,1,0.4666666666666667
40111,1,0.5333333333333333
40112,1,0.8666666666666667
40114,1,0.5333333333333333
40118,1,0.2
40120,1,0.5333333333333333
40129,1,0.7333333333333333
40143,1,0.5333333333333333
40145,1,0.3333333333333333
40155,1,0.9333333333333333
40161,1,0.8
40164,1,0.8
40169,1,0.6
40180,1,0.6
40196,1,0.5333333333333333
40207,1,0.6
40208,1,0.9333333333333333
40216,1,0.5333333333333333
40230,1,0.8
40231,1,0.4666666666666667
40233,1,0.2
40240,1,0.4
40248,1,0.4666666666666667
40253,1,0.2
40264,1,0.4666666666666667
40274,1,0.4666666666666667
40276,1,0.8
40308,1,0.8666666666666667
40313,1,0.8666666666666667
40320,1,0.13333333333333333
40322,1,0.6666666666666666
40324,1,0.06666666666666667
40325,1,0.4
40335,1,0.8
40337,1,0.13333333333333333
40355,1,0.6666666666666666
40359,1,0.9333333333333333
40360,1,0.9333333333333333
40368,1,0.8666666666666667
40369,1,0.3333333333333333
40372,1,0.8
40391,1,0.7333333333333333
40394,1,0.5333333333333333
40407,1,0.06666666666666667
40410,1,0.5333333333333333
40414,1,0.4
40415,1,0.2
40441,1,0.6666666666666666
40448,1,0.6
40458,1,0.9333333333333333
40464,1,0.13333333333333333
40467,1,0.6666666666666666
40468,1,0.13333333333333333
40474,1,0.3333333333333333
40479,1,0.26666666666666666
40485,1,0.6
40487,1,0.8666666666666667
40493,1,0.26666666666666666
40499,1,0.6666666666666666
40500,1,0.2
40501,1,0.4666666666666667
40505,1,0.13333333333333333
40513,1,0.3333333333333333
40515,1,0.3333333333333333
40531,1,0.06666666666666667
40534,1,0.8
40539,1,0.26666666666666666
40540,1,0.2
40551,1,0.2
40555,1,0.8
40565,1,0.26666666666666666
40583,1,0.3333333333333333
40592,1,0.2
40595,1,0.6
40607,1,0.6666666666666666
40625,1,0.2
40636,1,0.4666666666666667
40640,1,0.4
40643,1,0.7333333333333333
40647,1,0.6
40654,1,0.9333333333333333
40671,1,0.8666666666666667
40677,1,0.4
40679,1,0.7333333333333333
40680,1,0.26666666666666666
40683,1,0.6666666666666666
40692,1,0.5333333333333333
40707,1,0.06666666666666667
40711,1,0.13333333333333333
40734,1,0.7333333333333333
40748,1,0.4
40752,1,0.5333333333333333
40753,1,0.4666666666666667
40762,1,0.4666666666666667
40767,1,0.4666666666666667
40769,1,0.8666666666666667
40772,1,0.4666666666666667
40774,1,0.8666666666666667
40778,1,0.5333333333333333
40785,1,0.8
40805,1,0.26666666666666666
40825,1,0.3333333333333333
40834,1,0.26666666666666666
40847,1,0.3333333333333333
40861,1,0.4666666666666667
40874,1,0.7333333333333333
40885,1,0.5333333333333333
40893,1,0.6
40896,1,0.4
40901,1,0.6666666666666666
40902,1,0.4
40904,1,0.7333333333333333
40906,1,0.06666666666666667
40913,1,0.6
40917,1,0.2
40932,1,0.2
40950,1,0.6666666666666666
40955,1,0.26666666666666666
40963,1,0.3333333333333333
40965,1,0.4666666666666667
40966,1,0.8666666666666667
40969,1,0.4
40991,1,0.4
40992,1,0.26666666666666666
40998,1,0.4
40999,1,0.4
41002,1,0.2
41007,1,0.8666666666666667
41018,1,0.6666666666666666
41033,1,0.6
41034,1,0.5333333333333333
41040,1,0.7333333333333333
41041,1,0.4666666666666667
41052,1,0.2
41065,1,0.6
41070,1,0.2
41072,1,0.3333333333333333
41080,1,0.6
41084,1,0.06666666666666667
41085,1,0.6666666666666666
41087,1,0.6
41093,1,0.2
41096,1,0.2
41099,1,0.6666666666666666
41100,1,0.8666666666666667
41115,1,0.26666666666666666
41122,1,0.5333333333333333
41133,1,0.6
41135,1,0.13333333333333333
41136,1,0.6666666666666666
41141,1,0.5333333333333333
41143,1,0.6666666666666666
41144,1,0.06666666666666667
41163,1,0.6666666666666666
41164,1,0.8
41166,1,0.06666666666666667
41169,1,0.26666666666666666
41172,1,0.6
41173,1,0.4666666666666667
41174,1,0.6666666666666666
41182,1,0.6666666666666666
41184,1,0.6
4,2,0.0
6,2,0.0
12,2,0.06666666666666667
20,2,0.0
21,2,0.06666666666666667
25,2,0.0
26,2,0.06666666666666667
30,2,0.0
32,2,0.06666666666666667
44,2,0.0
47,2,0.06666666666666667
62,2,0.06666666666666667
63,2,0.0
70,2,0.0
77,2,0.13333333333333333
80,2,0.06666666666666667
81,2,0.0
82,2,0.0
86,2,0.0
88,2,0.06666666666666667
91,2,0.0
104,2,0.06666666666666667
110,2,0.0
118,2,0.0
127,2,0.0
133,2,0.0
136,2,0.06666666666666667
138,2,0.06666666666666667
140,2,0.0
145,2,0.06666666666666667
153,2,0.0
162,2,0.06666666666666667
172,2,0.0
177,2,0.06666666666666667
186,2,0.0
188,2,0.0
189,2,0.0
211,2,0.0
231,2,0.0
238,2,0.0
240,2,0.06666666666666667
258,2,0.0
260,2,0.0
265,2,0.0
296,2,0.0
299,2,0.0
301,2,0.0
313,2,0.13333333333333333
318,2,0.06666666666666667
330,2,0.0
339,2,0.0
351,2,0.13333333333333333
352,2,0.0
353,2,0.13333333333333333
356,2,0.0
376,2,0.0
386,2,0.0
397,2,0.0
405,2,0.13333333333333333
416,2,0.06666666666666667
422,2,0.0
425,2,0.0
433,2,0.0
436,2,0.0
442,2,0.0
447,2,0.0
450,2,0.06666666666666667
464,2,0.0
478,2,0.0
487,2,0.0
488,2,0.06666666666666667
490,2,0.06666666666666667
495,2,0.06666666666666667
504,2,0.06666666666666667
533,2,0.13333333333333333
534,2,0.0
545,2,0.0
551,2,0.0
561,2,0.0
573,2,0.0
577,2,0.0
584,2,0.06666666666666667
586,2,0.0
595,2,0.06666666666666667
604,2,0.0
613,2,0.0
621,2,0.0
624,2,0.06666666666666667
629,2,0.0
630,2,0.0
634,2,0.0
636,2,0.0
638,2,0.0
642,2,0.0
646,2,0.0
649,2,0.13333333333333333
651,2,0.0
653,2,0.0
656,2,0.06666666666666667
668,2,0.0
688,2,0.0
710,2,0.0
722,2,0.06666666666666667
723,2,0.0
730,2,0.06666666666666667
732,2,0.0
736,2,0.06666666666666667
744,2,0.13333333333333333
750,2,0.06666666666666667
752,2,0.0
757,2,0.0
770,2,0.06666666666666667
773,2,0.0
776,2,0.0
777,2,0.0
804,2,0.0
805,2,0.0
809,2,0.06666666666666667
814,2,0.0
820,2,0.06666666666666667
824,2,0.0
835,2,0.06666666666666667
839,2,0.0
842,2,0.0
845,2,0.0
849,2,0.06666666666666667
858,2,0.06666666666666667
867,2,0.0
887,2,0.06666666666666667
890,2,0.0
911,2,0.0
915,2,0.0
919,2,0.0
927,2,0.0
930,2,0.06666666666666667
933,2,0.0
934,2,0.0
944,2,0.0
952,2,0.0
958,2,0.06666666666666667
963,2,0.06666666666666667
974,2,0.0
977,2,0.0
993,2,0.06666666666666667
994,2,0.0
1028,2,0.06666666666666667
1030,2,0.0
1037,2,0.0
1041,2,0.0
1043,2,0.0
1048,2,0.0
1050,2,0.0
1052,2,0.06666666666666667
1053,2,0.06666666666666667
1054,2,0.0
1069,2,0.06666666666666667
1071,2,0.0
1074,2,0.0
1079,2,0.0
1085,2,0.0
1088,2,0.0
1091,2,0.06666666666666667
1095,2,0.0
1096,2,0.0
1112,2,0.06666666666666667
1120,2,0.06666666666666667
1136,2,0.0
1140,2,0.0
1142,2,0.0
1154,2,0.13333333333333333
1159,2,0.06666666666666667
1160,2,0.0
1167,2,0.0
1175,2,0.06666666666666667
1177,2,0.0
1186,2,0.06666666666666667
1192,2,0.0
1199,2,0.06666666666666667
1201,2,0.0
1208,2,0.0
1210,2,0.0
1218,2,0.06666666666666667
1220,2,0.06666666666666667
1222,2,0.13333333333333333
1224,2,0.0
1225,2,0.0
1226,2,0.0
1239,2,0.13333333333333333
1241,2,0.0
1244,2,0.0
1247,2,0.0
1249,2,0.0
1256,2,0.06666666666666667
1259,2,0.0
1261,2,0.0
1263,2,0.0
1265,2,0.0
1279,2,0.06666666666666667
1292,2,0.13333333333333333
1300,2,0.0
1308,2,0.06666666666666667
1330,2,0.0
1357,2,0.13333333333333333
1359,2,0.0
1366,2,0.06666666666666667
1372,2,0.0
1373,2,0.06666666666666667
1374,2,0.13333333333333333
1383,2,0.0
1384,2,0.06666666666666667
1393,2,0.13333333333333333
1397,2,0.0
1398,2,0.06666666666666667
1423,2,0.0
1428,2,0.0
1431,2,0.13333333333333333
1432,2,0.0
1438,2,0.0
1441,2,0.0
1443,2,0.0
1458,2,0.13333333333333333
1486,2,0.13333333333333333
1488,2,0.13333333333333333
1492,2,0.06666666666666667
1503,2,0.0
1507,2,0.06666666666666667
1509,2,0.0
1512,2,0.06666666666666667
1518,2,0.0
1520,2,0.0
1522,2,0.06666666666666667
1526,2,0.0
1534,2,0.0
1543,2,0.13333333333333333
1545,2,0.0
1549,2,0.0
1560,2,0.0
1576,2,0.0
1580,2,0.0
1582,2,0.0
1615,2,0.0
1618,2,0.0
1631,2,0.0
1637,2,0.06666666666666667
1642,2,0.0
1650,2,0.0
1652,2,0.13333333333333333
1661,2,0.06666666666666667
1668,2,0.06666666666666667
1669,2,0.0
1671,2,0.0
1672,2,0.06666666666666667
1680,2,0.0
1683,2,0.0
1686,2,0.0
1693,2,0.06666666666666667
1697,2,0.0
1701,2,0.06666666666666667
1707,2,0.06666666666666667
1708,2,0.06666666666666667
1719,2,0.06666666666666667
1720,2,0.0
1735,2,0.0
1738,2,0.06666666666666667
1743,2,0.0
1744,2,0.0
1748,2,0.06666666666666667
1754,2,0.06666666666666667
1760,2,0.0
1763,2,0.0
1773,2,0.0
1776,2,0.06666666666666667
1777,2,0.0
1783,2,0.0
1792,2,0.06666666666666667
1796,2,0.0
1802,2,0.0
1807,2,0.0
1812,2,0.06666666666666667
1813,2,0.0
1825,2,0.06666666666666667
1844,2,0.0
1846,2,0.0
1847,2,0.0
1851,2,0.0
1852,2,0.0
1858,2,0.0
1866,2,0.06666666666666667
1877,2,0.06666666666666667
1882,2,0.0
1886,2,0.06666666666666667
1887,2,0.13333333333333333
1888,2,0.0
1889,2,0.0
1903,2,0.06666666666666667
1915,2,0.0
1932,2,0.0
1935,2,0.0
1938,2,0.0
1940,2,0.0
1947,2,0.0
1948,2,0.0
1949,2,0.06666666666666667
1956,2,0.06666666666666667
1962,2,0.0
1967,2,0.0
1974,2,0.06666666666666667
1980,2,0.0
1988,2,0.06666666666666667
1995,2,0.0
2008,2,0.06666666666666667
2010,2,0.0
2018,2,0.0
2022,2,0.0
2037,2,0.0
2040,2,0.0
2045,2,0.0
2048,2,0.0
2051,2,0.0
2053,2,0.0
2055,2,0.0
2057,2,0.0
2083,2,0.0
2085,2,0.0
2097,2,0.06666666666666667
2111,2,0.0
2117,2,0.0
2122,2,0.0
2134,2,0.13333333333333333
2142,2,0.06666666666666667
2159,2,0.06666666666666667
2177,2,0.0
2180,2,0.0
2183,2,0.13333333333333333
2187,2,0.0
2200,2,0.0
2208,2,0.06666666666666667
2213,2,0.0
2220,2,0.13333333333333333
2221,2,0.0
2227,2,0.0
2230,2,0.06666666666666667
2231,2,0.0
2236,2,0.0
2238,2,0.0
2243,2,0.0
2244,2,0.06666666666666667
2249,2,0.06666666666666667
2261,2,0.0
2262,2,0.06666666666666667
2263,2,0.0
2277,2,0.0
2280,2,0.0
2285,2,0.06666666666666667
2288,2,0.06666666666666667
2296,2,0.0
2306,2,0.06666666666666667
2315,2,0.0
2316,2,0.0
2320,2,0.06666666666666667
2321,2,0.0
2326,2,0.0
2329,2,0.0
2331,2,0.0
2332,2,0.0
2334,2,0.0
2336,2,0.13333333333333333
2346,2,0.06666666666666667
2358,2,0.0
2359,2,0.0
2363,2,0.0
2370,2,0.13333333333333333
2372,2,0.06666666666666667
2377,2,0.06666666666666667
2381,2,0.06666666666666667
2393,2,0.0
2401,2,0.0
2403,2,0.06666666666666667
2424,2,0.0
2426,2,0.0
2427,2,0.0
2440,2,0.06666666666666667
2446,2,0.06666666666666667
2449,2,0.0
2453,2,0.0
2456,2,0.06666666666666667
2458,2,0.0
2460,2,0.0
2465,2,0.0
2468,2,0.0
2479,2,0.06666666666666667
2482,2,0.0
2483,2,0.06666666666666667
2484,2,0.0
2490,2,0.0
2496,2,0.13333333333333333
2497,2,0.0
2507,2,0.0
2508,2,0.0
2511,2,0.0
2519,2,0.06666666666666667
2527,2,0.0
2530,2,0.0
2533,2,0.0
2534,2,0.0
2538,2,0.0
2545,2,0.0
2554,2,0.0
2557,2,0.0
2560,2,0.0
2575,2,0.0
2576,2,0.0
2577,2,0.0
2578,2,0.0
2582,2,0.0
2588,2,0.0
2591,2,0.0
2593,2,0.0
2601,2,0.0
2609,2,0.13333333333333333
2622,2,0.06666666666666667
2629,2,0.13333333333333333
2634,2,0.06666666666666667
2639,2,0.06666666666666667
2665,2,0.06666666666666667
2671,2,0.0
2677,2,0.0
2688,2,0.06666666666666667
2695,2,0.0
2697,2,0.06666666666666667
2702,2,0.0
2705,2,0.0
2714,2,0.06666666666666667
2722,2,0.06666666666666667
2731,2,0.0
2740,2,0.0
2744,2,0.0
2752,2,0.06666666666666667
2759,2,0.0
2769,2,0.0
2770,2,0.06666666666666667
2773,2,0.0
2776,2,0.0
2778,2,0.06666666666666667
2788,2,0.0
2790,2,0.0
2798,2,0.0
2799,2,0.0
2809,2,0.06666666666666667
2814,2,0.0
2838,2,0.13333333333333333
2839,2,0.0
2851,2,0.06666666666666667
2854,2,0.0
2856,2,0.0
2862,2,0.0
2865,2,0.0
2868,2,0.0
2869,2,0.06666666666666667
2874,2,0.06666666666666667
2886,2,0.0
2887,2,0.0
2895,2,0.0
2900,2,0.0
2909,2,0.0
2920,2,0.06666666666666667
2927,2,0.0
2947,2,0.0
2949,2,0.0
2963,2,0.0
2970,2,0.0
2974,2,0.0
2975,2,0.0
2990,2,0.0
2994,2,0.0
3009,2,0.0
3020,2,0.0
3035,2,0.0
3039,2,0.0
3040,2,0.06666666666666667
3044,2,0.2
3087,2,0.06666666666666667
3092,2,0.0
3104,2,0.0
3106,2,0.0
3111,2,0.06666666666666667
3114,2,0.0
3120,2,0.06666666666666667
3124,2,0.06666666666666667
3130,2,0.06666666666666667
3134,2,0.06666666666666667
3136,2,0.13333333333333333
3140,2,0.06666666666666667
3142,2,0.0
3144,2,0.06666666666666667
3149,2,0.06666666666666667
3151,2,0.06666666666666667
3171,2,0.0
3174,2,0.06666666666666667
3182,2,0.0
3192,2,0.0
3196,2,0.13333333333333333
3200,2,0.0
3209,2,0.06666666666666667
3227,2,0.0
3235,2,0.0
3237,2,0.2
3243,2,0.0
3245,2,0.0
3268,2,0.0
3270,2,0.0
3276,2,0.0
3282,2,0.06666666666666667
3287,2,0.0
3292,2,0.06666666666666667
3296,2,0.06666666666666667
3303,2,0.06666666666666667
3304,2,0.13333333333333333
3308,2,0.13333333333333333
3313,2,0.06666666666666667
3325,2,0.0
3343,2,0.0
3347,2,0.0
3353,2,0.06666666666666667
3354,2,0.0
3364,2,0.0
3376,2,0.06666666666666667
3377,2,0.06666666666666667
3379,2,0.0
3380,2,0.06666666666666667
3392,2,0.0
3408,2,0.0
3409,2,0.0
3410,2,0.06666666666666667
3411,2,0.0
3420,2,0.0
3423,2,0.06666666666666667
3427,2,0.0
3445,2,0.0
3453,2,0.06666666666666667
3455,2,0.06666666666666667
3461,2,0.0
3472,2,0.0
3477,2,0.06666666666666667
3484,2,0.06666666666666667
3490,2,0.0
3492,2,0.06666666666666667
3493,2,0.0
3500,2,0.06666666666666667
3507,2,0.0
3508,2,0.0
3519,2,0.0
3524,2,0.0
3528,2,0.0
3532,2,0.0
3541,2,0.0
3547,2,0.0
3548,2,0.06666666666666667
3551,2,0.0
3554,2,0.0
3561,2,0.06666666666666667
3564,2,0.0
3565,2,0.0
3569,2,0.13333333333333333
3578,2,0.06666666666666667
3581,2,0.0
3582,2,0.0
3597,2,0.0
3599,2,0.0
3608,2,0.0
3611,2,0.06666666666666667
3613,2,0.0
3620,2,0.0
3625,2,0.06666666666666667
3627,2,0.06666666666666667
3630,2,0.0
3636,2,0.0
3637,2,0.0
3640,2,0.0
3644,2,0.0
3645,2,0.0
3651,2,0.0
3658,2,0.0
3664,2,0.0
3671,2,0.0
3686,2,0.0
3687,2,0.0
3693,2,0.0
3703,2,0.0
3714,2,0.0
3715,2,0.0
3723,2,0.13333333333333333
3724,2,0.0
3725,2,0.06666666666666667
3727,2,0.0
3729,2,0.06666666666666667
3744,2,0.0
3746,2,0.06666666666666667
3749,2,0.0
3753,2,0.0
3755,2,0.06666666666666667
3759,2,0.06666666666666667
3762,2,0.0
3764,2,0.06666666666666667
3767,2,0.2
3773,2,0.0
3774,2,0.13333333333333333
3778,2,0.0
3779,2,0.06666666666666667
3781,2,0.0
3784,2,0.06666666666666667
3785,2,0.0
3787,2,0.0
3789,2,0.0
3792,2,0.06666666666666667
3793,2,0.0
3802,2,0.0
3807,2,0.0
3808,2,0.06666666666666667
3825,2,0.0
3860,2,0.0
3867,2,0.06666666666666667
3878,2,0.0
3886,2,0.06666666666666667
3887,2,0.0
3889,2,0.13333333333333333
3894,2,0.0
3899,2,0.06666666666666667
3912,2,0.0
3913,2,0.0
3915,2,0.0
3928,2,0.0
3929,2,0.06666666666666667
3930,2,0.0
3950,2,0.06666666666666667
3952,2,0.0
3956,2,0.06666666666666667
3957,2,0.06666666666666667
3968,2,0.0
3973,2,0.0
3980,2,0.0
3981,2,0.0
3990,2,0.0
3992,2,0.13333333333333333
3995,2,0.06666666666666667
4004,2,0.06666666666666667
4005,2,0.0
4011,2,0.0
4013,2,0.0
4022,2,0.0
4032,2,0.0
4036,2,0.0
4041,2,0.06666666666666667
4045,2,0.06666666666666667
4047,2,0.06666666666666667
4050,2,0.0
4053,2,0.0
4056,2,0.13333333333333333
4062,2,0.06666666666666667
4072,2,0.0
4081,2,0.0
4088,2,0.0
4091,2,0.13333333333333333
4094,2,0.06666666666666667
4106,2,0.06666666666666667
4114,2,0.0
4125,2,0.06666666666666667
4138,2,0.0
4142,2,0.0
4145,2,0.0
4150,2,0.13333333333333333
4159,2,0.0
4161,2,0.13333333333333333
4166,2,0.13333333333333333
4171,2,0.0
4176,2,0.06666666666666667
4180,2,0.0
4183,2,0.0
4190,2,0.0
4199,2,0.06666666666666667
4200,2,0.06666666666666667
4215,2,0.0
4217,2,0.0
4249,2,0.0
4252,2,0.0
4260,2,0.0
4264,2,0.0
4269,2,0.06666666666666667
4274,2,0.0
4278,2,0.0
4279,2,0.0
4301,2,0.06666666666666667
4310,2,0.13333333333333333
4319,2,0.06666666666666667
4329,2,0.0
4330,2,0.06666666666666667
4346,2,0.06666666666666667
4369,2,0.06666666666666667
4370,2,0.0
4400,2,0.0
4404,2,0.0
4405,2,0.13333333333333333
4407,2,0.0
4415,2,0.0
4418,2,0.06666666666666667
4425,2,0.0
4431,2,0.0
4432,2,0.0
4436,2,0.2
4447,2,0.0
4449,2,0.0
4450,2,0.06666666666666667
4452,2,0.0
4457,2,0.0
4475,2,0.0
4478,2,0.0
4488,2,0.0
4490,2,0.13333333333333333
4507,2,0.0
4509,2,0.0
4513,2,0.0
4515,2,0.0
4519,2,0.0
4520,2,0.0
4527,2,0.06666666666666667
4532,2,0.06666666666666667
4545,2,0.06666666666666667
4547,2,0.13333333333333333
4551,2,0.06666666666666667
4556,2,0.0
4560,2,0.06666666666666667
4563,2,0.0
4566,2,0.06666666666666667
4570,2,0.0
4580,2,0.0
4584,2,0.13333333333333333
4586,2,0.0
4588,2,0.06666666666666667
4595,2,0.0
4598,2,0.06666666666666667
4609,2,0.06666666666666667
4610,2,0.0
4611,2,0.0
4625,2,0.0
4633,2,0.0
4639,2,0.06666666666666667
4640,2,0.0
4654,2,0.06666666666666667
4658,2,0.06666666666666667
4664,2,0.0
4666,2,0.06666666666666667
4667,2,0.0
4670,2,0.06666666666666667
4671,2,0.0
4673,2,0.0
4674,2,0.0
4675,2,0.0
4683,2,0.0
4687,2,0.0
4689,2,0.06666666666666667
4711,2,0.06666666666666667
4712,2,0.0
4719,2,0.0
4738,2,0.0
4742,2,0.0
4746,2,0.0
4759,2,0.06666666666666667
4772,2,0.0
4778,2,0.06666666666666667
4784,2,0.0
4806,2,0.0
4818,2,0.06666666666666667
4823,2,0.06666666666666667
4824,2,0.0
4854,2,0.0
4855,2,0.0
4864,2,0.0
4865,2,0.0
4875,2,0.0
4877,2,0.06666666666666667
4884,2,0.13333333333333333
4897,2,0.06666666666666667
4906,2,0.06666666666666667
4907,2,0.2
4913,2,0.0
4918,2,0.06666666666666667
4920,2,0.0
4927,2,0.06666666666666667
4937,2,0.06666666666666667
4944,2,0.0
4945,2,0.0
4955,2,0.06666666666666667
4957,2,0.06666666666666667
4959,2,0.06666666666666667
4964,2,0.0
4975,2,0.0
4979,2,0.0
4986,2,0.0
4989,2,0.0
5007,2,0.0
5008,2,0.13333333333333333
5011,2,0.06666666666666667
5013,2,0.0
5046,2,0.0
5048,2,0.13333333333333333
5052,2,0.06666666666666667
5059,2,0.06666666666666667
5064,2,0.0
5070,2,0.06666666666666667
5073,2,0.06666666666666667
5075,2,0.06666666666666667
5078,2,0.0
5096,2,0.0
5098,2,0.0
5103,2,0.0
5105,2,0.0
5115,2,0.06666666666666667
5119,2,0.0
5121,2,0.06666666666666667
5125,2,0.0
5130,2,0.0
5132,2,0.06666666666666667
5162,2,0.06666666666666667
5165,2,0.06666666666666667
5175,2,0.06666666666666667
5180,2,0.0
5182,2,0.0
5189,2,0.06666666666666667
5200,2,0.06666666666666667
5218,2,0.06666666666666667
5223,2,0.0
5225,2,0.0
5227,2,0.0
5228,2,0.13333333333333333
5233,2,0.06666666666666667
5235,2,0.0
5236,2,0.0
5246,2,0.06666666666666667
5254,2,0.13333333333333333
5261,2,0.06666666666666667
5262,2,0.0
5267,2,0.0
5268,2,0.13333333333333333
5269,2,0.0
5278,2,0.0
5285,2,0.0
5291,2,0.0
5307,2,0.2
5311,2,0.06666666666666667
5322,2,0.0
5324,2,0.0
5327,2,0.06666666666666667
5329,2,0.13333333333333333
5331,2,0.0
5335,2,0.0
5337,2,0.06666666666666667
5345,2,0.13333333333333333
5348,2,0.0
5353,2,0.0
5357,2,0.0
5380,2,0.0
5383,2,0.0
5384,2,0.0
5386,2,0.13333333333333333
5395,2,0.0
5403,2,0.0
5404,2,0.06666666666666667
5409,2,0.06666666666666667
5422,2,0.0
5427,2,0.0
5433,2,0.0
5436,2,0.0
5441,2,0.06666666666666667
5443,2,0.06666666666666667
5451,2,0.0
5460,2,0.0
5465,2,0.06666666666666667
5467,2,0.06666666666666667
5468,2,0.06666666666666667
5477,2,0.06666666666666667
5479,2,0.0
5480,2,0.13333333333333333
5484,2,0.0
5488,2,0.0
5489,2,0.0
5494,2,0.06666666666666667
5501,2,0.0
5523,2,0.0
5527,2,0.0
5539,2,0.06666666666666667
5542,2,0.0
5549,2,0.0
5556,2,0.0
5563,2,0.06666666666666667
5569,2,0.06666666666666667
5572,2,0.0
5582,2,0.0
5593,2,0.13333333333333333
5594,2,0.0
5597,2,0.0
5603,2,0.0
5619,2,0.06666666666666667
5620,2,0.06666666666666667
5630,2,0.0
5632,2,0.0
5650,2,0.13333333333333333
5660,2,0.0
5661,2,0.0
5671,2,0.0
5679,2,0.0
5680,2,0.0
5689,2,0.06666666666666667
5691,2,0.0
5693,2,0.0
5704,2,0.0
5707,2,0.0
5708,2,0.06666666666666667
5719,2,0.0
5720,2,0.0
5733,2,0.0
5741,2,0.06666666666666667
5746,2,0.0
5758,2,0.06666666666666667
5760,2,0.0
5772,2,0.0
5784,2,0.0
5786,2,0.0
5787,2,0.0
5794,2,0.0
5796,2,0.0
5800,2,0.06666666666666667
5813,2,0.06666666666666667
5822,2,0.06666666666666667
5827,2,0.0
5835,2,0.06666666666666667
5840,2,0.0
5852,2,0.0
5853,2,0.06666666666666667
5866,2,0.0
5871,2,0.13333333333333333
5874,2,0.0
5884,2,0.06666666666666667
5894,2,0.06666666666666667
5896,2,0.0
5902,2,0.0
5909,2,0.06666666666666667
5910,2,0.0
5917,2,0.06666666666666667
5925,2,0.0
5931,2,0.06666666666666667
5937,2,0.0
5939,2,0.0
5941,2,0.0
5946,2,0.13333333333333333
5947,2,0.0
5949,2,0.0
5956,2,0.0
5958,2,0.0
5961,2,0.0
5962,2,0.0
5969,2,0.13333333333333333
5973,2,0.06666666666666667
5981,2,0.0
5992,2,0.0
5993,2,0.13333333333333333
5999,2,0.06666666666666667
6000,2,0.0
6006,2,0.0
6010,2,0.0
6017,2,0.0
6022,2,0.06666666666666667
6029,2,0.0
6030,2,0.0
6034,2,0.06666666666666667
6036,2,0.06666666666666667
6045,2,0.0
6052,2,0.0
6066,2,0.0
6069,2,0.06666666666666667
6072,2,0.0
6090,2,0.06666666666666667
6091,2,0.06666666666666667
6095,2,0.0
6097,2,0.0
6113,2,0.0
6115,2,0.0
6116,2,0.0
6119,2,0.0
6123,2,0.06666666666666667
6124,2,0.0
6125,2,0.0
6140,2,0.0
6142,2,0.0
6160,2,0.0
6162,2,0.0
6177,2,0.0
6184,2,0.0
6190,2,0.0
6199,2,0.0
6209,2,0.0
6226,2,0.0
6230,2,0.06666666666666667
6237,2,0.0
6242,2,0.0
6248,2,0.0
6249,2,0.13333333333333333
6254,2,0.0
6273,2,0.0
6282,2,0.0
6284,2,0.0
6299,2,0.0
6309,2,0.0
6316,2,0.06666666666666667
6322,2,0.06666666666666667
6330,2,0.0
6331,2,0.0
6338,2,0.06666666666666667
6344,2,0.0
6355,2,0.0
6360,2,0.06666666666666667
6364,2,0.06666666666666667
6374,2,0.0
6380,2,0.0
6383,2,0.0
6391,2,0.0
6406,2,0.06666666666666667
6410,2,0.06666666666666667
6424,2,0.0
6428,2,0.06666666666666667
6429,2,0.0
6430,2,0.06666666666666667
6436,2,0.0
6440,2,0.0
6445,2,0.0
6449,2,0.0
6452,2,0.06666666666666667
6454,2,0.13333333333333333
6456,2,0.0
6478,2,0.06666666666666667
6487,2,0.06666666666666667
6490,2,0.0
6500,2,0.0
6503,2,0.0
6505,2,0.06666666666666667
6508,2,0.06666666666666667
6512,2,0.06666666666666667
6523,2,0.13333333333333333
6524,2,0.06666666666666667
6526,2,0.0
6528,2,0.0
6529,2,0.13333333333333333
6530,2,0.0
6538,2,0.0
6557,2,0.0
6563,2,0.0
6569,2,0.0
6585,2,0.0
6587,2,0.0
6590,2,0.13333333333333333
6592,2,0.0
6611,2,0.13333333333333333
6616,2,0.06666666666666667
6621,2,0.0
6631,2,0.0
6637,2,0.06666666666666667
6639,2,0.06666666666666667
6649,2,0.0
6655,2,0.0
6656,2,0.0
6658,2,0.13333333333333333
6682,2,0.0
6688,2,0.06666666666666667
6692,2,0.0
6701,2,0.0
6709,2,0.06666666666666667
6720,2,0.0
6721,2,0.0
6723,2,0.06666666666666667
6724,2,0.0
6725,2,0.0
6730,2,0.0
6738,2,0.13333333333333333
6754,2,0.0
6755,2,0.0
6757,2,0.0
6761,2,0.0
6773,2,0.13333333333333333
6775,2,0.06666666666666667
6786,2,0.06666666666666667
6799,2,0.0
6804,2,0.06666666666666667
6805,2,0.06666666666666667
6812,2,0.0
6819,2,0.0
6826,2,0.06666666666666667
6827,2,0.0
6831,2,0.06666666666666667
6836,2,0.0
6840,2,0.06666666666666667
6847,2,0.0
6852,2,0.06666666666666667
6858,2,0.06666666666666667
6859,2,0.0
6866,2,0.0
6876,2,0.13333333333333333
6882,2,0.06666666666666667
6898,2,0.13333333333333333
6903,2,0.0
6910,2,0.06666666666666667
6911,2,0.06666666666666667
6918,2,0.0
6928,2,0.0
6933,2,0.0
6937,2,0.0
6940,2,0.06666666666666667
6953,2,0.0
6963,2,0.0
6965,2,0.06666666666666667
6997,2,0.13333333333333333
7023,2,0.0
7026,2,0.13333333333333333
7043,2,0.0
7062,2,0.06666666666666667
7079,2,0.13333333333333333
7080,2,0.0
7081,2,0.0
7092,2,0.0
7096,2,0.0
7098,2,0.06666666666666667
7100,2,0.0
7106,2,0.06666666666666667
7110,2,0.0
7116,2,0.0
7121,2,0.0
7126,2,0.06666666666666667
7130,2,0.0
7132,2,0.13333333333333333
7138,2,0.06666666666666667
7143,2,0.06666666666666667
7155,2,0.0
7158,2,0.0
7160,2,0.0
7164,2,0.0
7167,2,0.0
7168,2,0.06666666666666667
7178,2,0.13333333333333333
7179,2,0.06666666666666667
7188,2,0.06666666666666667
7189,2,0.0
7203,2,0.0
7226,2,0.0
7227,2,0.06666666666666667
7235,2,0.0
7237,2,0.0
7257,2,0.06666666666666667
7258,2,0.06666666666666667
7264,2,0.0
7265,2,0.0
7268,2,0.06666666666666667
7273,2,0.0
7280,2,0.0
7290,2,0.0
7291,2,0.06666666666666667
7297,2,0.06666666666666667
7320,2,0.0
7330,2,0.0
7332,2,0.0
7337,2,0.0
7343,2,0.0
7346,2,0.0
7351,2,0.0
7361,2,0.0
7363,2,0.0
7389,2,0.0
7390,2,0.13333333333333333
7393,2,0.0
7395,2,0.0
7396,2,0.0
7397,2,0.0
7402,2,0.0
7412,2,0.06666666666666667
7416,2,0.13333333333333333
7421,2,0.0
7423,2,0.06666666666666667
7424,2,0.06666666666666667
7434,2,0.06666666666666667
7442,2,0.0
7456,2,0.06666666666666667
7460,2,0.06666666666666667
7489,2,0.06666666666666667
7490,2,0.0
7503,2,0.13333333333333333
7510,2,0.06666666666666667
7514,2,0.0
7517,2,0.0
7521,2,0.0
7530,2,0.06666666666666667
7533,2,0.06666666666666667
7541,2,0.06666666666666667
7542,2,0.0
7547,2,0.06666666666666667
7553,2,0.0
7566,2,0.0
7586,2,0.0
7593,2,0.0
7597,2,0.0
7607,2,0.0
7611,2,0.0
7619,2,0.0
7621,2,0.0
7628,2,0.06666666666666667
7631,2,0.0
7641,2,0.06666666666666667
7644,2,0.06666666666666667
7645,2,0.0
7651,2,0.06666666666666667
7655,2,0.0
7661,2,0.06666666666666667
7664,2,0.13333333333333333
7665,2,0.0
7666,2,0.0
7672,2,0.06666666666666667
7678,2,0.0
7687,2,0.0
7708,2,0.06666666666666667
7711,2,0.0
7713,2,0.06666666666666667
7717,2,0.0
7722,2,0.06666666666666667
7726,2,0.0
7746,2,0.06666666666666667
7747,2,0.0
7749,2,0.0
7755,2,0.0
7771,2,0.06666666666666667
7775,2,0.0
7779,2,0.0
7785,2,0.06666666666666667
7788,2,0.0
7797,2,0.0
7798,2,0.06666666666666667
7807,2,0.0
7810,2,0.0
7815,2,0.0
7819,2,0.13333333333333333
7823,2,0.06666666666666667
7825,2,0.0
7837,2,0.06666666666666667
7838,2,0.0
7840,2,0.0
7852,2,0.06666666666666667
7855,2,0.06666666666666667
7861,2,0.0
7865,2,0.2
7877,2,0.06666666666666667
7899,2,0.0
7903,2,0.0
7906,2,0.0
7908,2,0.0
7918,2,0.13333333333333333
7921,2,0.06666666666666667
7928,2,0.06666666666666667
7934,2,0.0
7936,2,0.06666666666666667
7938,2,0.0
7940,2,0.13333333333333333
7944,2,0.06666666666666667
7945,2,0.0
7947,2,0.0
7948,2,0.06666666666666667
7965,2,0.13333333333333333
7976,2,0.06666666666666667
7978,2,0.0
7981,2,0.0
7982,2,0.0
7983,2,0.0
7984,2,0.0
7989,2,0.13333333333333333
8001,2,0.06666666666666667
8002,2,0.06666666666666667
8004,2,0.06666666666666667
8007,2,0.13333333333333333
8016,2,0.06666666666666667
8048,2,0.0
8054,2,0.06666666666666667
8063,2,0.0
8064,2,0.06666666666666667
8076,2,0.0
8078,2,0.13333333333333333
8081,2,0.0
8088,2,0.0
8111,2,0.0
8127,2,0.06666666666666667
8130,2,0.0
8133,2,0.0
8141,2,0.0
8166,2,0.06666666666666667
8168,2,0.0
8173,2,0.0
8175,2,0.0
8179,2,0.0
8188,2,0.0
8190,2,0.0
8193,2,0.0
8194,2,0.0
8201,2,0.0
8223,2,0.06666666666666667
8228,2,0.0
8239,2,0.0
8250,2,0.06666666666666667
8261,2,0.06666666666666667
8269,2,0.06666666666666667
8270,2,0.06666666666666667
8271,2,0.06666666666666667
8274,2,0.0
8276,2,0.06666666666666667
8279,2,0.13333333333333333
8284,2,0.06666666666666667
8285,2,0.13333333333333333
8291,2,0.0
8293,2,0.06666666666666667
8301,2,0.0
8302,2,0.0
8304,2,0.13333333333333333
8329,2,0.0
8336,2,0.0
8349,2,0.06666666666666667
8350,2,0.0
8354,2,0.13333333333333333
8362,2,0.06666666666666667
8371,2,0.0
8387,2,0.06666666666666667
8409,2,0.13333333333333333
8416,2,0.06666666666666667
8429,2,0.06666666666666667
8432,2,0.0
8433,2,0.06666666666666667
8438,2,0.0
8446,2,0.06666666666666667
8457,2,0.0
8463,2,0.06666666666666667
8464,2,0.06666666666666667
8485,2,0.13333333333333333
8488,2,0.0
8500,2,0.0
8502,2,0.0
8512,2,0.06666666666666667
8513,2,0.06666666666666667
8521,2,0.0
8529,2,0.0
8530,2,0.06666666666666667
8531,2,0.06666666666666667
8535,2,0.0
8550,2,0.13333333333333333
8564,2,0.0
8569,2,0.06666666666666667
8574,2,0.06666666666666667
8577,2,0.0
8590,2,0.0
8599,2,0.2
8614,2,0.0
8621,2,0.0
8629,2,0.06666666666666667
8641,2,0.0
8647,2,0.06666666666666667
8657,2,0.0
8662,2,0.0
8675,2,0.13333333333333333
8676,2,0.13333333333333333
8678,2,0.13333333333333333
8683,2,0.06666666666666667
8688,2,0.0
8689,2,0.0
8690,2,0.13333333333333333
8692,2,0.06666666666666667
8722,2,0.06666666666666667
8728,2,0.0
8735,2,0.2
8738,2,0.0
8743,2,0.0
8745,2,0.06666666666666667
8761,2,0.0
8770,2,0.0
8774,2,0.06666666666666667
8782,2,0.0
8785,2,0.06666666666666667
8786,2,0.0
8789,2,0.06666666666666667
8792,2,0.0
8793,2,0.06666666666666667
8798,2,0.0
8802,2,0.0
8803,2,0.06666666666666667
8806,2,0.0
8809,2,0.0
8813,2,0.0
8817,2,0.06666666666666667
8833,2,0.0
8864,2,0.13333333333333333
8866,2,0.0
8887,2,0.06666666666666667
8891,2,0.0
8902,2,0.06666666666666667
8909,2,0.0
8910,2,0.0
8915,2,0.06666666666666667
8920,2,0.06666666666666667
8921,2,0.13333333333333333
8936,2,0.0
8937,2,0.0
8951,2,0.13333333333333333
8952,2,0.0
8963,2,0.06666666666666667
8968,2,0.06666666666666667
8972,2,0.0
8983,2,0.06666666666666667
8986,2,0.06666666666666667
8988,2,0.06666666666666667
8991,2,0.13333333333333333
8993,2,0.0
8998,2,0.06666666666666667
9017,2,0.0
9019,2,0.06666666666666667
9025,2,0.06666666666666667
9032,2,0.0
9035,2,0.06666666666666667
9039,2,0.0
9045,2,0.0
9050,2,0.0
9055,2,0.06666666666666667
9059,2,0.0
9060,2,0.06666666666666667
9062,2,0.0
9063,2,0.2
9070,2,0.06666666666666667
9076,2,0.26666666666666666
9077,2,0.06666666666666667
9088,2,0.13333333333333333
9092,2,0.0
9096,2,0.06666666666666667
9099,2,0.13333333333333333
9107,2,0.0
9116,2,0.2
9126,2,0.0
9131,2,0.06666666666666667
9134,2,0.06666666666666667
9140,2,0.06666666666666667
9141,2,0.13333333333333333
9156,2,0.06666666666666667
9158,2,0.0
9165,2,0.06666666666666667
9167,2,0.0
9170,2,0.06666666666666667
9175,2,0.0
9184,2,0.0
9188,2,0.06666666666666667
9193,2,0.0
9196,2,0.0
9198,2,0.0
9202,2,0.06666666666666667
9208,2,0.13333333333333333
9220,2,0.06666666666666667
9228,2,0.06666666666666667
9235,2,0.0
9239,2,0.06666666666666667
9240,2,0.13333333333333333
9242,2,0.06666666666666667
9251,2,0.0
9258,2,0.06666666666666667
9260,2,0.06666666666666667
9262,2,0.13333333333333333
9264,2,0.0
9266,2,0.06666666666666667
9272,2,0.0
9278,2,0.06666666666666667
9280,2,0.0
9281,2,0.06666666666666667
9282,2,0.13333333333333333
9288,2,0.0
9299,2,0.06666666666666667
9308,2,0.13333333333333333
9309,2,0.0
9314,2,0.0
9315,2,0.06666666666666667
9319,2,0.06666666666666667
9321,2,0.06666666666666667
9338,2,0.0
9342,2,0.13333333333333333
9343,2,0.0
9348,2,0.06666666666666667
9349,2,0.0
9351,2,0.0
9358,2,0.2
9359,2,0.06666666666666667
9364,2,0.0
9380,2,0.13333333333333333
9381,2,0.2
9383,2,0.06666666666666667
9390,2,0.0
9391,2,0.13333333333333333
9400,2,0.0
9402,2,0.0
9404,2,0.06666666666666667
9416,2,0.0
9423,2,0.06666666666666667
9424,2,0.13333333333333333
9426,2,0.13333333333333333
9427,2,0.2
9436,2,0.06666666666666667
9452,2,0.06666666666666667
9456,2,0.0
9463,2,0.0
9488,2,0.0
9491,2,0.0
9493,2,0.06666666666666667
9495,2,0.0
9497,2,0.0
9501,2,0.06666666666666667
9506,2,0.0
9507,2,0.0
9526,2,0.06666666666666667
9528,2,0.0
9541,2,0.0
9542,2,0.0
9546,2,0.13333333333333333
9555,2,0.0
9556,2,0.0
9558,2,0.06666666666666667
9559,2,0.0
9560,2,0.0
9564,2,0.06666666666666667
9566,2,0.0
9568,2,0.06666666666666667
9575,2,0.06666666666666667
9592,2,0.0
9595,2,0.06666666666666667
9604,2,0.0
9607,2,0.0
9620,2,0.06666666666666667
9623,2,0.06666666666666667
9626,2,0.0
9628,2,0.06666666666666667
9629,2,0.06666666666666667
9636,2,0.0
9639,2,0.0
9641,2,0.06666666666666667
9645,2,0.2
9648,2,0.06666666666666667
9652,2,0.0
9653,2,0.0
9656,2,0.13333333333333333
9657,2,0.06666666666666667
9658,2,0.0
9659,2,0.0
9668,2,0.06666666666666667
9671,2,0.0
9676,2,0.0
9680,2,0.06666666666666667
9682,2,0.0
9689,2,0.13333333333333333
9691,2,0.0
9696,2,0.0
9697,2,0.0
9702,2,0.0
9703,2,0.0
9709,2,0.06666666666666667
9711,2,0.06666666666666667
9712,2,0.0
9713,2,0.13333333333333333
9716,2,0.06666666666666667
9717,2,0.0
9725,2,0.06666666666666667
9728,2,0.0
9729,2,0.06666666666666667
9733,2,0.13333333333333333
9739,2,0.06666666666666667
9748,2,0.06666666666666667
9762,2,0.0
9763,2,0.0
9771,2,0.0
9780,2,0.0
9781,2,0.06666666666666667
9800,2,0.13333333333333333
9818,2,0.0
9820,2,0.0
9825,2,0.06666666666666667
9830,2,0.06666666666666667
9833,2,0.0
9836,2,0.06666666666666667
9839,2,0.0
9842,2,0.0
9847,2,0.06666666666666667
9853,2,0.06666666666666667
9858,2,0.0
9859,2,0.0
9862,2,0.0
9867,2,0.0
9871,2,0.06666666666666667
9879,2,0.0
9891,2,0.0
9893,2,0.06666666666666667
9903,2,0.0
9904,2,0.13333333333333333
9909,2,0.0
9913,2,0.0
9916,2,0.06666666666666667
9917,2,0.0
9927,2,0.0
9929,2,0.0
9931,2,0.06666666666666667
9940,2,0.06666666666666667
9945,2,0.0
9948,2,0.0
9965,2,0.13333333333333333
9966,2,0.06666666666666667
9980,2,0.0
9985,2,0.2
10000,2,0.0
10009,2,0.0
10022,2,0.0
10023,2,0.0
10030,2,0.0
10046,2,0.0
10056,2,0.0
10059,2,0.06666666666666667
10066,2,0.0
10078,2,0.0
10081,2,0.06666666666666667
10088,2,0.0
10090,2,0.06666666666666667
10094,2,0.0
10095,2,0.06666666666666667
10100,2,0.06666666666666667
10105,2,0.13333333333333333
10108,2,0.0
10110,2,0.0
10117,2,0.06666666666666667
10119,2,0.0
10127,2,0.0
10132,2,0.06666666666666667
10134,2,0.0
10141,2,0.06666666666666667
10148,2,0.0
10150,2,0.06666666666666667
10155,2,0.06666666666666667
10156,2,0.06666666666666667
10164,2,0.13333333333333333
10171,2,0.06666666666666667
10172,2,0.2
10173,2,0.0
10182,2,0.0
10191,2,0.0
10208,2,0.06666666666666667
10218,2,0.06666666666666667
10224,2,0.0
10228,2,0.0
10232,2,0.0
10239,2,0.06666666666666667
10241,2,0.13333333333333333
10247,2,0.06666666666666667
10254,2,0.06666666666666667
10258,2,0.06666666666666667
10268,2,0.0
10277,2,0.0
10282,2,0.0
10286,2,0.06666666666666667
10297,2,0.06666666666666667
10301,2,0.06666666666666667
10310,2,0.0
10312,2,0.0
10318,2,0.0
10325,2,0.0
10348,2,0.13333333333333333
10355,2,0.2
10360,2,0.06666666666666667
10363,2,0.06666666666666667
10372,2,0.0
10374,2,0.0
10379,2,0.0
10381,2,0.0
10384,2,0.0
10388,2,0.0
10389,2,0.0
10391,2,0.06666666666666667
10394,2,0.0
10409,2,0.0
10410,2,0.06666666666666667
10411,2,0.0
10415,2,0.06666666666666667
10424,2,0.0
10437,2,0.06666666666666667
10440,2,0.06666666666666667
10441,2,0.0
10449,2,0.06666666666666667
10451,2,0.0
10453,2,0.0
10459,2,0.0
10462,2,0.13333333333333333
10467,2,0.13333333333333333
10473,2,0.0
10476,2,0.0
10485,2,0.06666666666666667
10486,2,0.0
10488,2,0.06666666666666667
10507,2,0.0
10510,2,0.0
10511,2,0.0
10515,2,0.13333333333333333
10517,2,0.0
10526,2,0.0
10531,2,0.06666666666666667
10534,2,0.0
10540,2,0.13333333333333333
10542,2,0.0
10548,2,0.06666666666666667
10561,2,0.0
10569,2,0.0
10574,2,0.13333333333333333
10575,2,0.06666666666666667
10578,2,0.0
10587,2,0.0
10594,2,0.13333333333333333
10595,2,0.13333333333333333
10598,2,0.0
10600,2,0.13333333333333333
10609,2,0.0
10610,2,0.06666666666666667
10615,2,0.06666666666666667
10618,2,0.06666666666666667
10621,2,0.0
10622,2,0.13333333333333333
10624,2,0.06666666666666667
10627,2,0.06666666666666667
10628,2,0.06666666666666667
10639,2,0.0
10649,2,0.0
10666,2,0.0
10671,2,0.06666666666666667
10676,2,0.0
10681,2,0.0
10683,2,0.06666666666666667
10684,2,0.0
10687,2,0.0
10689,2,0.0
10696,2,0.06666666666666667
10698,2,0.06666666666666667
10701,2,0.13333333333333333
10718,2,0.0
10720,2,0.0
10739,2,0.0
10742,2,0.0
10750,2,0.0
10752,2,0.0
10755,2,0.06666666666666667
10759,2,0.06666666666666667
10772,2,0.0
10773,2,0.0
10775,2,0.06666666666666667
10787,2,0.0
10801,2,0.06666666666666667
10807,2,0.06666666666666667
10814,2,0.06666666666666667
10822,2,0.0
10823,2,0.06666666666666667
10826,2,0.06666666666666667
10828,2,0.0
10833,2,0.0
10837,2,0.0
10841,2,0.06666666666666667
10858,2,0.0
10878,2,0.2
10882,2,0.0
10887,2,0.06666666666666667
10889,2,0.13333333333333333
10897,2,0.06666666666666667
10907,2,0.06666666666666667
10913,2,0.0
10920,2,0.0
10923,2,0.06666666666666667
10930,2,0.06666666666666667
10936,2,0.13333333333333333
10938,2,0.0
10940,2,0.0
10945,2,0.0
10947,2,0.0
10948,2,0.06666666666666667
10950,2,0.0
10960,2,0.0
10963,2,0.2
10964,2,0.06666666666666667
10967,2,0.0
10975,2,0.06666666666666667
10977,2,0.0
10995,2,0.06666666666666667
10996,2,0.0
11023,2,0.06666666666666667
11031,2,0.13333333333333333
11032,2,0.06666666666666667
11036,2,0.0
11050,2,0.06666666666666667
11059,2,0.06666666666666667
11066,2,0.26666666666666666
11078,2,0.0
11081,2,0.0
11105,2,0.06666666666666667
11113,2,0.0
11118,2,0.0
11142,2,0.0
11157,2,0.0
11162,2,0.0
11179,2,0.13333333333333333
11189,2,0.0
11192,2,0.06666666666666667
11195,2,0.13333333333333333
11205,2,0.06666666666666667
11224,2,0.06666666666666667
11244,2,0.0
11246,2,0.2
11251,2,0.06666666666666667
11253,2,0.06666666666666667
11259,2,0.0
11263,2,0.06666666666666667
11265,2,0.0
11269,2,0.06666666666666667
11271,2,0.06666666666666667
11278,2,0.06666666666666667
11279,2,0.06666666666666667
11289,2,0.0
11291,2,0.06666666666666667
11298,2,0.13333333333333333
11299,2,0.0
11302,2,0.0
11305,2,0.0
11316,2,0.13333333333333333
11318,2,0.0
11321,2,0.0
11323,2,0.06666666666666667
11335,2,0.0
11341,2,0.13333333333333333
11343,2,0.06666666666666667
11349,2,0.13333333333333333
11353,2,0.0
11354,2,0.0
11361,2,0.0
11375,2,0.06666666666666667
11376,2,0.06666666666666667
11383,2,0.0
11393,2,0.06666666666666667
11426,2,0.06666666666666667
11448,2,0.06666666666666667
11453,2,0.0
11466,2,0.0
11476,2,0.06666666666666667
11491,2,0.0
11499,2,0.06666666666666667
11500,2,0.0
11504,2,0.13333333333333333
11514,2,0.0
11521,2,0.0
11527,2,0.0
11537,2,0.13333333333333333
11538,2,0.06666666666666667
11539,2,0.0
11542,2,0.0
11546,2,0.2
11548,2,0.06666666666666667
11550,2,0.0
11564,2,0.0
11565,2,0.06666666666666667
11574,2,0.13333333333333333
11575,2,0.0
11577,2,0.06666666666666667
11583,2,0.06666666666666667
11586,2,0.0
11592,2,0.13333333333333333
11596,2,0.0
11608,2,0.06666666666666667
11611,2,0.06666666666666667
11617,2,0.0
11624,2,0.06666666666666667
11625,2,0.06666666666666667
11634,2,0.06666666666666667
11638,2,0.0
11645,2,0.0
11650,2,0.06666666666666667
11655,2,0.0
11668,2,0.0
11671,2,0.0
11672,2,0.0
11679,2,0.0
11686,2,0.0
11691,2,0.0
11694,2,0.0
11697,2,0.0
11716,2,0.06666666666666667
11719,2,0.0
11721,2,0.06666666666666667
11732,2,0.0
11743,2,0.06666666666666667
11748,2,0.06666666666666667
11750,2,0.0
11752,2,0.06666666666666667
11783,2,0.0
11789,2,0.0
11800,2,0.0
11801,2,0.0
11804,2,0.0
11811,2,0.06666666666666667
11814,2,0.0
11817,2,0.0
11818,2,0.0
11821,2,0.0
11827,2,0.0
11832,2,0.06666666666666667
11839,2,0.0
11844,2,0.0
11859,2,0.0
11862,2,0.0
11863,2,0.0
11868,2,0.0
11870,2,0.13333333333333333
11871,2,0.2
11877,2,0.0
11881,2,0.13333333333333333
11885,2,0.06666666666666667
11898,2,0.0
11903,2,0.0
11906,2,0.2
11919,2,0.06666666666666667
11923,2,0.0
11931,2,0.0
11940,2,0.2
11945,2,0.06666666666666667
11946,2,0.0
11952,2,0.0
11973,2,0.0
11991,2,0.13333333333333333
11992,2,0.0
11995,2,0.0
12000,2,0.06666666666666667
12005,2,0.06666666666666667
12007,2,0.06666666666666667
12010,2,0.0
12011,2,0.0
12021,2,0.0
12022,2,0.06666666666666667
12028,2,0.06666666666666667
12043,2,0.0
12048,2,0.0
12050,2,0.06666666666666667
12066,2,0.0
12068,2,0.0
12071,2,0.0
12077,2,0.0
12082,2,0.0
12106,2,0.06666666666666667
12107,2,0.2
12114,2,0.06666666666666667
12116,2,0.06666666666666667
12118,2,0.0
12125,2,0.06666666666666667
12126,2,0.13333333333333333
12141,2,0.0
12154,2,0.0
12156,2,0.0
12163,2,0.0
12187,2,0.06666666666666667
12192,2,0.06666666666666667
12201,2,0.0
12205,2,0.0
12216,2,0.06666666666666667
12217,2,0.0
12218,2,0.06666666666666667
12240,2,0.0
12243,2,0.13333333333333333
12244,2,0.06666666666666667
12246,2,0.06666666666666667
12260,2,0.0
12266,2,0.0
12268,2,0.0
12276,2,0.06666666666666667
12279,2,0.06666666666666667
12281,2,0.13333333333333333
12293,2,0.0
12294,2,0.06666666666666667
12300,2,0.06666666666666667
12310,2,0.0
12314,2,0.0
12315,2,0.0
12318,2,0.0
12328,2,0.06666666666666667
12336,2,0.0
12347,2,0.06666666666666667
12348,2,0.06666666666666667
12350,2,0.0
12354,2,0.0
12358,2,0.0
12377,2,0.06666666666666667
12382,2,0.13333333333333333
12415,2,0.06666666666666667
12417,2,0.06666666666666667
12418,2,0.2
12419,2,0.06666666666666667
12427,2,0.0
12433,2,0.06666666666666667
12442,2,0.06666666666666667
12448,2,0.2
12449,2,0.13333333333333333
12451,2,0.06666666666666667
12452,2,0.06666666666666667
12459,2,0.06666666666666667
12460,2,0.13333333333333333
12471,2,0.06666666666666667
12473,2,0.06666666666666667
12475,2,0.0
12477,2,0.06666666666666667
12487,2,0.06666666666666667
12501,2,0.0
12510,2,0.06666666666666667
12515,2,0.0
12516,2,0.06666666666666667
12521,2,0.06666666666666667
12522,2,0.06666666666666667
12525,2,0.06666666666666667
12530,2,0.06666666666666667
12532,2,0.06666666666666667
12534,2,0.0
12543,2,0.13333333333333333
12546,2,0.13333333333333333
12551,2,0.13333333333333333
12552,2,0.06666666666666667
12553,2,0.06666666666666667
12558,2,0.06666666666666667
12561,2,0.06666666666666667
12564,2,0.0
12571,2,0.06666666666666667
12580,2,0.0
12582,2,0.06666666666666667
12592,2,0.13333333333333333
12597,2,0.0
12599,2,0.06666666666666667
12609,2,0.06666666666666667
12618,2,0.0
12621,2,0.06666666666666667
12623,2,0.06666666666666667
12626,2,0.06666666666666667
12654,2,0.0
12655,2,0.13333333333333333
12665,2,0.13333333333333333
12666,2,0.13333333333333333
12668,2,0.13333333333333333
12670,2,0.06666666666666667
12674,2,0.0
12680,2,0.13333333333333333
12686,2,0.06666666666666667
12697,2,0.0
12698,2,0.0
12700,2,0.0
12704,2,0.13333333333333333
12716,2,0.06666666666666667
12719,2,0.0
12732,2,0.0
12739,2,0.06666666666666667
12759,2,0.0
12763,2,0.0
12768,2,0.0
12770,2,0.2
12774,2,0.06666666666666667
12775,2,0.0
12780,2,0.13333333333333333
12781,2,0.0
12782,2,0.06666666666666667
12790,2,0.0
12803,2,0.0
12804,2,0.2
12810,2,0.0
12813,2,0.2
12814,2,0.06666666666666667
12822,2,0.0
12824,2,0.0
12825,2,0.06666666666666667
12833,2,0.0
12838,2,0.06666666666666667
12844,2,0.06666666666666667
12852,2,0.2
12859,2,0.13333333333333333
12860,2,0.13333333333333333
12863,2,0.0
12869,2,0.2
12873,2,0.0
12876,2,0.06666666666666667
12881,2,0.13333333333333333
12884,2,0.13333333333333333
12887,2,0.0
12894,2,0.13333333333333333
12909,2,0.06666666666666667
12926,2,0.06666666666666667
12932,2,0.06666666666666667
12939,2,0.2
12940,2,0.0
12944,2,0.0
12961,2,0.0
12963,2,0.0
12972,2,0.06666666666666667
12978,2,0.2
12980,2,0.13333333333333333
12982,2,0.0
12983,2,0.06666666666666667
12991,2,0.06666666666666667
12992,2,0.06666666666666667
12995,2,0.2
13009,2,0.0
13010,2,0.0
13013,2,0.06666666666666667
13016,2,0.13333333333333333
13018,2,0.0
13021,2,0.13333333333333333
13023,2,0.0
13028,2,0.0
13029,2,0.0
13031,2,0.0
13039,2,0.0
13040,2,0.0
13044,2,0.06666666666666667
13047,2,0.06666666666666667
13048,2,0.0
13052,2,0.06666666666666667
13062,2,0.0
13066,2,0.13333333333333333
13070,2,0.06666666666666667
13074,2,0.26666666666666666
13084,2,0.06666666666666667
13088,2,0.13333333333333333
13099,2,0.06666666666666667
13101,2,0.0
13107,2,0.13333333333333333
13114,2,0.13333333333333333
13135,2,0.0
13148,2,0.06666666666666667
13155,2,0.06666666666666667
13164,2,0.13333333333333333
13166,2,0.13333333333333333
13168,2,0.26666666666666666
13178,2,0.13333333333333333
13184,2,0.06666666666666667
13190,2,0.06666666666666667
13193,2,0.0
13195,2,0.0
13198,2,0.0
13211,2,0.0
13213,2,0.06666666666666667
13225,2,0.06666666666666667
13226,2,0.06666666666666667
13243,2,0.13333333333333333
13246,2,0.13333333333333333
13258,2,0.0
13260,2,0.06666666666666667
13267,2,0.0
13278,2,0.06666666666666667
13280,2,0.0
13292,2,0.06666666666666667
13298,2,0.13333333333333333
13301,2,0.13333333333333333
13316,2,0.0
13318,2,0.13333333333333333
13321,2,0.06666666666666667
13328,2,0.0
13331,2,0.13333333333333333
13332,2,0.06666666666666667
13342,2,0.13333333333333333
13358,2,0.0
13377,2,0.26666666666666666
13379,2,0.13333333333333333
13384,2,0.13333333333333333
13391,2,0.0
13400,2,0.0
13414,2,0.0
13417,2,0.0
13420,2,0.06666666666666667
13431,2,0.13333333333333333
13434,2,0.06666666666666667
13443,2,0.0
13456,2,0.0
13457,2,0.06666666666666667
13463,2,0.2
13465,2,0.0
13470,2,0.06666666666666667
13472,2,0.06666666666666667
13474,2,0.06666666666666667
13499,2,0.0
13504,2,0.0
13506,2,0.13333333333333333
13514,2,0.13333333333333333
13515,2,0.06666666666666667
13529,2,0.0
13534,2,0.0
13535,2,0.06666666666666667
13543,2,0.0
13545,2,0.13333333333333333
13546,2,0.06666666666666667
13547,2,0.06666666666666667
13548,2,0.06666666666666667
13557,2,0.0
13561,2,0.0
13576,2,0.0
13589,2,0.06666666666666667
13597,2,0.0
13612,2,0.0
13618,2,0.0
13626,2,0.06666666666666667
13640,2,0.13333333333333333
13648,2,0.06666666666666667
13660,2,0.06666666666666667
13664,2,0.0
13674,2,0.0
13683,2,0.06666666666666667
13697,2,0.0
13699,2,0.06666666666666667
13712,2,0.06666666666666667
13715,2,0.0
13720,2,0.0
13723,2,0.13333333333333333
13728,2,0.0
13734,2,0.13333333333333333
13741,2,0.13333333333333333
13749,2,0.13333333333333333
13760,2,0.13333333333333333
13766,2,0.06666666666666667
13785,2,0.0
13789,2,0.06666666666666667
13793,2,0.13333333333333333
13796,2,0.13333333333333333
13809,2,0.0
13813,2,0.0
13817,2,0.06666666666666667
13819,2,0.2
13822,2,0.0
13835,2,0.06666666666666667
13836,2,0.0
13837,2,0.0
13839,2,0.06666666666666667
13841,2,0.06666666666666667
13863,2,0.0
13871,2,0.0
13890,2,0.06666666666666667
13895,2,0.13333333333333333
13900,2,0.13333333333333333
13943,2,0.0
13951,2,0.13333333333333333
13955,2,0.0
13957,2,0.13333333333333333
13961,2,0.13333333333333333
13965,2,0.2
13974,2,0.2
13980,2,0.0
13986,2,0.0
13994,2,0.0
13998,2,0.0
14012,2,0.0
14016,2,0.0
14040,2,0.2
14049,2,0.06666666666666667
14055,2,0.06666666666666667
14058,2,0.13333333333333333
14070,2,0.0
14077,2,0.06666666666666667
14078,2,0.06666666666666667
14086,2,0.06666666666666667
14088,2,0.2
14093,2,0.0
14094,2,0.0
14097,2,0.06666666666666667
14099,2,0.13333333333333333
14114,2,0.0
14126,2,0.06666666666666667
14136,2,0.13333333333333333
14139,2,0.0
14144,2,0.13333333333333333
14146,2,0.0
14151,2,0.06666666666666667
14154,2,0.06666666666666667
14159,2,0.06666666666666667
14171,2,0.2
14178,2,0.13333333333333333
14186,2,0.0
14188,2,0.06666666666666667
14191,2,0.06666666666666667
14206,2,0.0
14211,2,0.0
14220,2,0.06666666666666667
14221,2,0.06666666666666667
14222,2,0.0
14233,2,0.06666666666666667
14245,2,0.06666666666666667
14248,2,0.06666666666666667
14259,2,0.06666666666666667
14261,2,0.13333333333333333
14263,2,0.06666666666666667
14264,2,0.13333333333333333
14266,2,0.06666666666666667
14274,2,0.06666666666666667
14280,2,0.0
14284,2,0.13333333333333333
14292,2,0.06666666666666667
14293,2,0.0
14294,2,0.2
14304,2,0.0
14306,2,0.2
14314,2,0.06666666666666667
14315,2,0.13333333333333333
14319,2,0.06666666666666667
14322,2,0.06666666666666667
14323,2,0.0
14341,2,0.2
14342,2,0.06666666666666667
14345,2,0.06666666666666667
14347,2,0.0
14350,2,0.13333333333333333
14356,2,0.13333333333333333
14360,2,0.13333333333333333
14361,2,0.06666666666666667
14366,2,0.2
14367,2,0.0
14368,2,0.06666666666666667
14372,2,0.06666666666666667
14376,2,0.0
14377,2,0.0
14378,2,0.06666666666666667
14381,2,0.06666666666666667
14385,2,0.2
14392,2,0.06666666666666667
14426,2,0.0
14430,2,0.2
14434,2,0.0
14435,2,0.13333333333333333
14437,2,0.06666666666666667
14438,2,0.0
14440,2,0.0
14447,2,0.2
14457,2,0.06666666666666667
14467,2,0.0
14469,2,0.13333333333333333
14471,2,0.2
14473,2,0.13333333333333333
14474,2,0.06666666666666667
14486,2,0.0
14499,2,0.13333333333333333
14505,2,0.0
14512,2,0.26666666666666666
14514,2,0.0
14516,2,0.0
14519,2,0.06666666666666667
14524,2,0.0
14528,2,0.0
14531,2,0.0
14532,2,0.13333333333333333
14537,2,0.13333333333333333
14539,2,0.06666666666666667
14545,2,0.06666666666666667
14554,2,0.13333333333333333
14563,2,0.0
14567,2,0.0
14583,2,0.2
14584,2,0.0
14594,2,0.06666666666666667
14611,2,0.2
14616,2,0.26666666666666666
14627,2,0.06666666666666667
14635,2,0.13333333333333333
14663,2,0.0
14667,2,0.2
14673,2,0.0
14674,2,0.0
14677,2,0.06666666666666667
14679,2,0.06666666666666667
14685,2,0.0
14689,2,0.0
14691,2,0.06666666666666667
14695,2,0.26666666666666666
14699,2,0.0
14700,2,0.0
14705,2,0.0
14709,2,0.0
14713,2,0.06666666666666667
14737,2,0.2
14740,2,0.2
14745,2,0.0
14749,2,0.13333333333333333
14781,2,0.13333333333333333
14786,2,0.2
14794,2,0.13333333333333333
14798,2,0.2
14805,2,0.06666666666666667
14815,2,0.06666666666666667
14820,2,0.06666666666666667
14821,2,0.0
14825,2,0.0
14831,2,0.06666666666666667
14838,2,0.06666666666666667
14842,2,0.2
14844,2,0.26666666666666666
14853,2,0.2
14856,2,0.13333333333333333
14861,2,0.0
14872,2,0.06666666666666667
14875,2,0.0
14879,2,0.06666666666666667
14880,2,0.06666666666666667
14887,2,0.06666666666666667
14902,2,0.2
14904,2,0.06666666666666667
14907,2,0.2
14910,2,0.0
14922,2,0.06666666666666667
14926,2,0.06666666666666667
14951,2,0.13333333333333333
14957,2,0.13333333333333333
14961,2,0.06666666666666667
14966,2,0.0
14970,2,0.06666666666666667
14973,2,0.0
14990,2,0.13333333333333333
15012,2,0.06666666666666667
15013,2,0.13333333333333333
15019,2,0.0
15035,2,0.13333333333333333
15058,2,0.0
15059,2,0.0
15061,2,0.0
15065,2,0.0
15082,2,0.06666666666666667
15088,2,0.13333333333333333
15089,2,0.06666666666666667
15107,2,0.2
15108,2,0.2
15125,2,0.0
15135,2,0.06666666666666667
15143,2,0.0
15146,2,0.0
15152,2,0.06666666666666667
15163,2,0.0
15164,2,0.13333333333333333
15165,2,0.0
15167,2,0.0
15178,2,0.06666666666666667
15179,2,0.06666666666666667
15184,2,0.13333333333333333
15187,2,0.13333333333333333
15191,2,0.0
15195,2,0.0
15199,2,0.0
15205,2,0.06666666666666667
15210,2,0.0
15213,2,0.0
15214,2,0.0
15215,2,0.06666666666666667
15220,2,0.06666666666666667
15222,2,0.13333333333333333
15225,2,0.0
15226,2,0.06666666666666667
15248,2,0.06666666666666667
15251,2,0.0
15254,2,0.13333333333333333
15265,2,0.0
15273,2,0.0
15274,2,0.0
15276,2,0.06666666666666667
15277,2,0.06666666666666667
15278,2,0.06666666666666667
15282,2,0.0
15288,2,0.0
15292,2,0.0
15300,2,0.06666666666666667
15301,2,0.06666666666666667
15304,2,0.13333333333333333
15310,2,0.13333333333333333
15315,2,0.13333333333333333
15324,2,0.06666666666666667
15325,2,0.06666666666666667
15328,2,0.06666666666666667
15334,2,0.0
15335,2,0.2
15345,2,0.2
15349,2,0.06666666666666667
15363,2,0.06666666666666667
15365,2,0.3333333333333333
15374,2,0.13333333333333333
15385,2,0.0
15397,2,0.0
15404,2,0.06666666666666667
15409,2,0.06666666666666667
15416,2,0.06666666666666667
15417,2,0.0
15421,2,0.06666666666666667
15435,2,0.0
15436,2,0.06666666666666667
15439,2,0.13333333333333333
15440,2,0.13333333333333333
15441,2,0.0
15450,2,0.06666666666666667
15458,2,0.13333333333333333
15466,2,0.0
15471,2,0.0
15477,2,0.0
15479,2,0.13333333333333333
15509,2,0.06666666666666667
15510,2,0.13333333333333333
15513,2,0.06666666666666667
15516,2,0.13333333333333333
15517,2,0.06666666666666667
15521,2,0.13333333333333333
15528,2,0.13333333333333333
15536,2,0.0
15538,2,0.0
15546,2,0.13333333333333333
15556,2,0.06666666666666667
15558,2,0.13333333333333333
15588,2,0.0
15605,2,0.0
15606,2,0.13333333333333333
15617,2,0.0
15618,2,0.06666666666666667
15619,2,0.0
15632,2,0.0
15633,2,0.13333333333333333
15644,2,0.0
15649,2,0.13333333333333333
15661,2,0.0
15662,2,0.13333333333333333
15664,2,0.13333333333333333
15673,2,0.13333333333333333
15683,2,0.06666666666666667
15684,2,0.0
15702,2,0.0
15705,2,0.13333333333333333
15708,2,0.13333333333333333
15713,2,0.13333333333333333
15723,2,0.06666666666666667
15734,2,0.06666666666666667
15735,2,0.13333333333333333
15736,2,0.13333333333333333
15740,2,0.06666666666666667
15741,2,0.13333333333333333
15751,2,0.0
15752,2,0.0
15754,2,0.06666666666666667
15760,2,0.13333333333333333
15761,2,0.06666666666666667
15766,2,0.0
15767,2,0.06666666666666667
15771,2,0.06666666666666667
15779,2,0.0
15782,2,0.06666666666666667
15785,2,0.0
15788,2,0.13333333333333333
15790,2,0.0
15791,2,0.13333333333333333
15792,2,0.06666666666666667
15804,2,0.0
15816,2,0.13333333333333333
15824,2,0.06666666666666667
15831,2,0.0
15832,2,0.06666666666666667
15833,2,0.0
15843,2,0.0
15851,2,0.06666666666666667
15852,2,0.06666666666666667
15859,2,0.13333333333333333
15863,2,0.06666666666666667
15877,2,0.0
15897,2,0.06666666666666667
15909,2,0.06666666666666667
15916,2,0.06666666666666667
15928,2,0.06666666666666667
15933,2,0.0
15947,2,0.0
15949,2,0.0
15951,2,0.06666666666666667
15952,2,0.0
15956,2,0.0
15958,2,0.2
15969,2,0.0
15972,2,0.13333333333333333
15975,2,0.0
15985,2,0.0
15986,2,0.2
15997,2,0.0
16000,2,0.06666666666666667
16004,2,0.13333333333333333
16015,2,0.0
16020,2,0.13333333333333333
16021,2,0.0
16023,2,0.13333333333333333
16026,2,0.0
16028,2,0.13333333333333333
16030,2,0.06666666666666667
16040,2,0.06666666666666667
16049,2,0.06666666666666667
16055,2,0.06666666666666667
16065,2,0.06666666666666667
16073,2,0.0
16074,2,0.13333333333333333
16078,2,0.06666666666666667
16081,2,0.06666666666666667
16094,2,0.06666666666666667
16096,2,0.06666666666666667
16116,2,0.13333333333333333
16118,2,0.0
16122,2,0.0
16124,2,0.06666666666666667
16131,2,0.13333333333333333
16134,2,0.06666666666666667
16137,2,0.06666666666666667
16139,2,0.06666666666666667
16144,2,0.2
16155,2,0.13333333333333333
16161,2,0.06666666666666667
16162,2,0.06666666666666667
16163,2,0.06666666666666667
16172,2,0.0
16173,2,0.06666666666666667
16175,2,0.0
16178,2,0.13333333333333333
16187,2,0.0
16206,2,0.0
16209,2,0.06666666666666667
16224,2,0.0
16225,2,0.06666666666666667
16226,2,0.0
16236,2,0.13333333333333333
16240,2,0.0
16251,2,0.06666666666666667
16256,2,0.13333333333333333
16259,2,0.06666666666666667
16260,2,0.26666666666666666
16265,2,0.0
16267,2,0.06666666666666667
16273,2,0.13333333333333333
16284,2,0.06666666666666667
16286,2,0.06666666666666667
16295,2,0.0
16298,2,0.06666666666666667
16305,2,0.2
16308,2,0.0
16309,2,0.2
16315,2,0.0
16319,2,0.06666666666666667
16330,2,0.13333333333333333
16338,2,0.0
16345,2,0.0
16358,2,0.06666666666666667
16362,2,0.0
16397,2,0.06666666666666667
16398,2,0.06666666666666667
16408,2,0.0
16411,2,0.2
16415,2,0.0
16428,2,0.0
16437,2,0.06666666666666667
16438,2,0.06666666666666667
16446,2,0.06666666666666667
16449,2,0.06666666666666667
16462,2,0.06666666666666667
16464,2,0.06666666666666667
16469,2,0.13333333333333333
16474,2,0.06666666666666667
16475,2,0.06666666666666667
16476,2,0.0
16480,2,0.13333333333333333
16497,2,0.2
16505,2,0.06666666666666667
16514,2,0.06666666666666667
16515,2,0.2
16520,2,0.13333333333333333
16529,2,0.13333333333333333
16536,2,0.13333333333333333
16553,2,0.13333333333333333
16555,2,0.0
16557,2,0.2
16563,2,0.13333333333333333
16574,2,0.06666666666666667
16575,2,0.06666666666666667
16577,2,0.0
16581,2,0.2
16592,2,0.06666666666666667
16607,2,0.0
16612,2,0.13333333333333333
16618,2,0.2
16625,2,0.2
16638,2,0.0
16645,2,0.06666666666666667
16647,2,0.2
16648,2,0.2
16649,2,0.0
16650,2,0.13333333333333333
16657,2,0.13333333333333333
16658,2,0.26666666666666666
16668,2,0.0
16669,2,0.13333333333333333
16682,2,0.13333333333333333
16684,2,0.13333333333333333
16705,2,0.06666666666666667
16707,2,0.0
16714,2,0.4
16717,2,0.2
16719,2,0.0
16727,2,0.06666666666666667
16738,2,0.0
16744,2,0.13333333333333333
16754,2,0.06666666666666667
16756,2,0.26666666666666666
16759,2,0.0
16764,2,0.0
16771,2,0.0
16775,2,0.0
16777,2,0.06666666666666667
16785,2,0.06666666666666667
16798,2,0.06666666666666667
16806,2,0.13333333333333333
16815,2,0.06666666666666667
16816,2,0.0
16819,2,0.0
16823,2,0.0
16834,2,0.06666666666666667
16839,2,0.0
16841,2,0.06666666666666667
16855,2,0.06666666666666667
16857,2,0.13333333333333333
16861,2,0.13333333333333333
16866,2,0.0
16874,2,0.0
16876,2,0.0
16880,2,0.0
16897,2,0.0
16899,2,0.2
16901,2,0.06666666666666667
16907,2,0.0
16916,2,0.06666666666666667
16927,2,0.06666666666666667
16928,2,0.0
16937,2,0.0
16942,2,0.06666666666666667
16945,2,0.13333333333333333
16952,2,0.06666666666666667
16954,2,0.06666666666666667
16957,2,0.13333333333333333
16973,2,0.06666666666666667
16978,2,0.13333333333333333
16987,2,0.06666666666666667
16988,2,0.2
16993,2,0.06666666666666667
16994,2,0.13333333333333333
16999,2,0.06666666666666667
17002,2,0.0
17003,2,0.06666666666666667
17005,2,0.0
17009,2,0.0
17011,2,0.06666666666666667
17031,2,0.06666666666666667
17039,2,0.0
17054,2,0.06666666666666667
17055,2,0.13333333333333333
17066,2,0.06666666666666667
17071,2,0.06666666666666667
17073,2,0.06666666666666667
17079,2,0.13333333333333333
17086,2,0.13333333333333333
17089,2,0.13333333333333333
17098,2,0.0
17100,2,0.06666666666666667
17108,2,0.13333333333333333
17115,2,0.06666666666666667
17127,2,0.0
17129,2,0.13333333333333333
17135,2,0.06666666666666667
17143,2,0.0
17144,2,0.0
17147,2,0.0
17157,2,0.13333333333333333
17164,2,0.0
17168,2,0.0
17169,2,0.06666666666666667
17178,2,0.0
17184,2,0.06666666666666667
17189,2,0.13333333333333333
17202,2,0.06666666666666667
17206,2,0.13333333333333333
17216,2,0.13333333333333333
17217,2,0.26666666666666666
17219,2,0.06666666666666667
17220,2,0.06666666666666667
17223,2,0.06666666666666667
17227,2,0.2
17247,2,0.06666666666666667
17258,2,0.0
17270,2,0.0
17275,2,0.13333333333333333
17276,2,0.0
17289,2,0.0
17308,2,0.13333333333333333
17310,2,0.0
17316,2,0.06666666666666667
17317,2,0.0
17333,2,0.06666666666666667
17335,2,0.0
17349,2,0.2
17353,2,0.06666666666666667
17357,2,0.0
17360,2,0.06666666666666667
17362,2,0.06666666666666667
17363,2,0.06666666666666667
17365,2,0.13333333333333333
17372,2,0.2
17373,2,0.06666666666666667
17376,2,0.2
17380,2,0.13333333333333333
17382,2,0.06666666666666667
17392,2,0.2
17393,2,0.06666666666666667
17394,2,0.13333333333333333
17396,2,0.13333333333333333
17416,2,0.06666666666666667
17422,2,0.0
17423,2,0.06666666666666667
17430,2,0.0
17453,2,0.06666666666666667
17456,2,0.13333333333333333
17458,2,0.06666666666666667
17461,2,0.06666666666666667
17468,2,0.0
17471,2,0.06666666666666667
17473,2,0.06666666666666667
17490,2,0.13333333333333333
17498,2,0.0
17510,2,0.06666666666666667
17513,2,0.06666666666666667
17518,2,0.06666666666666667
17519,2,0.0
17529,2,0.13333333333333333
17538,2,0.06666666666666667
17540,2,0.2
17543,2,0.06666666666666667
17551,2,0.06666666666666667
17552,2,0.13333333333333333
17556,2,0.06666666666666667
17561,2,0.06666666666666667
17566,2,0.0
17569,2,0.13333333333333333
17579,2,0.06666666666666667
17582,2,0.0
17593,2,0.2
17600,2,0.06666666666666667
17602,2,0.06666666666666667
17604,2,0.0
17619,2,0.13333333333333333
17626,2,0.0
17646,2,0.06666666666666667
17656,2,0.06666666666666667
17657,2,0.0
17658,2,0.06666666666666667
17667,2,0.06666666666666667
17669,2,0.06666666666666667
17674,2,0.06666666666666667
17679,2,0.06666666666666667
17686,2,0.06666666666666667
17690,2,0.06666666666666667
17693,2,0.06666666666666667
17697,2,0.0
17699,2,0.13333333333333333
17702,2,0.0
17704,2,0.06666666666666667
17706,2,0.06666666666666667
17708,2,0.06666666666666667
17714,2,0.13333333333333333
17738,2,0.06666666666666667
17739,2,0.06666666666666667
17742,2,0.13333333333333333
17757,2,0.06666666666666667
17761,2,0.0
17767,2,0.0
17773,2,0.0
17800,2,0.0
17805,2,0.0
17814,2,0.06666666666666667
17821,2,0.13333333333333333
17831,2,0.0
17832,2,0.0
17838,2,0.0
17845,2,0.2
17859,2,0.06666666666666667
17868,2,0.0
17874,2,0.0
17881,2,0.13333333333333333
17886,2,0.0
17891,2,0.13333333333333333
17892,2,0.13333333333333333
17897,2,0.0
17898,2,0.06666666666666667
17900,2,0.2
17906,2,0.0
17907,2,0.06666666666666667
17912,2,0.0
17921,2,0.13333333333333333
17923,2,0.06666666666666667
17934,2,0.06666666666666667
17943,2,0.06666666666666667
17947,2,0.06666666666666667
17963,2,0.3333333333333333
17965,2,0.0
17970,2,0.06666666666666667
17977,2,0.2
17980,2,0.0
17981,2,0.0
17986,2,0.06666666666666667
17991,2,0.0
17995,2,0.06666666666666667
17997,2,0.0
18005,2,0.0
18007,2,0.13333333333333333
18016,2,0.13333333333333333
18031,2,0.13333333333333333
18039,2,0.0
18040,2,0.06666666666666667
18049,2,0.0
18056,2,0.13333333333333333
18057,2,0.06666666666666667
18058,2,0.06666666666666667
18089,2,0.0
18092,2,0.06666666666666667
18096,2,0.06666666666666667
18101,2,0.0
18119,2,0.06666666666666667
18120,2,0.0
18121,2,0.0
18124,2,0.13333333333333333
18130,2,0.06666666666666667
18140,2,0.0
18142,2,0.06666666666666667
18148,2,0.13333333333333333
18156,2,0.0
18160,2,0.06666666666666667
18175,2,0.0
18194,2,0.13333333333333333
18202,2,0.06666666666666667
18206,2,0.06666666666666667
18215,2,0.26666666666666666
18218,2,0.0
18219,2,0.13333333333333333
18238,2,0.0
18240,2,0.0
18253,2,0.06666666666666667
18254,2,0.0
18256,2,0.0
18262,2,0.06666666666666667
18273,2,0.13333333333333333
18276,2,0.06666666666666667
18277,2,0.06666666666666667
18279,2,0.06666666666666667
18285,2,0.06666666666666667
18286,2,0.0
18290,2,0.06666666666666667
18294,2,0.13333333333333333
18305,2,0.06666666666666667
18310,2,0.06666666666666667
18322,2,0.13333333333333333
18335,2,0.0
18345,2,0.0
18346,2,0.26666666666666666
18350,2,0.2
18357,2,0.0
18368,2,0.06666666666666667
18370,2,0.0
18371,2,0.0
18379,2,0.06666666666666667
18381,2,0.06666666666666667
18387,2,0.0
18393,2,0.0
18407,2,0.0
18419,2,0.0
18420,2,0.0
18421,2,0.0
18431,2,0.06666666666666667
18436,2,0.06666666666666667
18437,2,0.06666666666666667
18451,2,0.0
18463,2,0.06666666666666667
18464,2,0.0
18471,2,0.0
18476,2,0.0
18484,2,0.0
18485,2,0.13333333333333333
18486,2,0.0
18494,2,0.13333333333333333
18499,2,0.13333333333333333
18516,2,0.0
18517,2,0.13333333333333333
18519,2,0.06666666666666667
18520,2,0.0
18533,2,0.0
18546,2,0.0
18553,2,0.13333333333333333
18556,2,0.2
18566,2,0.13333333333333333
18574,2,0.13333333333333333
18579,2,0.06666666666666667
18581,2,0.0
18597,2,0.13333333333333333
18604,2,0.06666666666666667
18605,2,0.0
18621,2,0.13333333333333333
18623,2,0.06666666666666667
18624,2,0.06666666666666667
18636,2,0.0
18638,2,0.0
18648,2,0.06666666666666667
18649,2,0.06666666666666667
18657,2,0.0
18659,2,0.13333333333333333
18665,2,0.06666666666666667
18679,2,0.06666666666666667
18682,2,0.0
18685,2,0.0
18689,2,0.0
18693,2,0.0
18697,2,0.06666666666666667
18703,2,0.0
18709,2,0.0
18715,2,0.0
18729,2,0.0
18733,2,0.13333333333333333
18734,2,0.0
18744,2,0.06666666666666667
18745,2,0.0
18747,2,0.0
18750,2,0.0
18752,2,0.0
18755,2,0.13333333333333333
18757,2,0.06666666666666667
18768,2,0.13333333333333333
18771,2,0.06666666666666667
18781,2,0.06666666666666667
18783,2,0.0
18797,2,0.0
18800,2,0.0
18811,2,0.2
18818,2,0.0
18819,2,0.0
18821,2,0.0
18823,2,0.06666666666666667
18827,2,0.06666666666666667
18837,2,0.0
18839,2,0.06666666666666667
18842,2,0.06666666666666667
18847,2,0.0
18848,2,0.06666666666666667
18851,2,0.13333333333333333
18853,2,0.13333333333333333
18854,2,0.06666666666666667
18857,2,0.06666666666666667
18859,2,0.0
18866,2,0.06666666666666667
18874,2,0.13333333333333333
18882,2,0.13333333333333333
18887,2,0.13333333333333333
18900,2,0.0
18917,2,0.06666666666666667
18923,2,0.13333333333333333
18929,2,0.13333333333333333
18932,2,0.06666666666666667
18933,2,0.0
18935,2,0.13333333333333333
18939,2,0.0
18943,2,0.06666666666666667
18946,2,0.2
18948,2,0.06666666666666667
18952,2,0.0
18962,2,0.06666666666666667
18970,2,0.26666666666666666
18971,2,0.06666666666666667
18972,2,0.06666666666666667
18981,2,0.0
18987,2,0.06666666666666667
18991,2,0.0
18996,2,0.0
18998,2,0.06666666666666667
19001,2,0.13333333333333333
19009,2,0.0
19010,2,0.06666666666666667
19012,2,0.2
19020,2,0.0
19027,2,0.06666666666666667
19036,2,0.13333333333333333
19041,2,0.06666666666666667
19045,2,0.0
19046,2,0.13333333333333333
19050,2,0.0
19051,2,0.2
19053,2,0.0
19061,2,0.13333333333333333
19070,2,0.13333333333333333
19072,2,0.0
19076,2,0.13333333333333333
19077,2,0.06666666666666667
19095,2,0.13333333333333333
19096,2,0.13333333333333333
19108,2,0.2
19125,2,0.0
19132,2,0.06666666666666667
19139,2,0.2
19151,2,0.06666666666666667
19159,2,0.13333333333333333
19163,2,0.2
19168,2,0.06666666666666667
19178,2,0.13333333333333333
19181,2,0.0
19184,2,0.0
19185,2,0.06666666666666667
19196,2,0.0
19197,2,0.13333333333333333
19202,2,0.0
19207,2,0.06666666666666667
19208,2,0.0
19209,2,0.13333333333333333
19216,2,0.06666666666666667
19224,2,0.2
19233,2,0.13333333333333333
19244,2,0.13333333333333333
19255,2,0.0
19262,2,0.0
19266,2,0.13333333333333333
19270,2,0.13333333333333333
19278,2,0.06666666666666667
19279,2,0.13333333333333333
19289,2,0.06666666666666667
19292,2,0.06666666666666667
19299,2,0.06666666666666667
19303,2,0.0
19305,2,0.0
19310,2,0.06666666666666667
19314,2,0.13333333333333333
19317,2,0.06666666666666667
19328,2,0.0
19332,2,0.06666666666666667
19338,2,0.13333333333333333
19346,2,0.06666666666666667
19347,2,0.06666666666666667
19353,2,0.0
19354,2,0.06666666666666667
19355,2,0.06666666666666667
19359,2,0.0
19360,2,0.06666666666666667
19365,2,0.0
19379,2,0.06666666666666667
19382,2,0.06666666666666667
19390,2,0.06666666666666667
19403,2,0.06666666666666667
19411,2,0.06666666666666667
19415,2,0.06666666666666667
19419,2,0.06666666666666667
19422,2,0.0
19431,2,0.0
19434,2,0.06666666666666667
19447,2,0.0
19448,2,0.06666666666666667
19457,2,0.0
19458,2,0.0
19469,2,0.26666666666666666
19477,2,0.0
19488,2,0.06666666666666667
19493,2,0.0
19497,2,0.0
19503,2,0.13333333333333333
19507,2,0.0
19522,2,0.0
19542,2,0.06666666666666667
19549,2,0.0
19550,2,0.0
19554,2,0.06666666666666667
19555,2,0.0
19564,2,0.06666666666666667
19568,2,0.06666666666666667
19569,2,0.0
19576,2,0.0
19580,2,0.2
19590,2,0.06666666666666667
19596,2,0.0
19608,2,0.0
19621,2,0.13333333333333333
19634,2,0.2
19635,2,0.06666666666666667
19641,2,0.0
19646,2,0.0
19652,2,0.0
19657,2,0.0
19662,2,0.0
19685,2,0.06666666666666667
19692,2,0.0
19693,2,0.0
19695,2,0.13333333333333333
19714,2,0.0
19716,2,0.0
19727,2,0.0
19728,2,0.0
19740,2,0.13333333333333333
19741,2,0.13333333333333333
19742,2,0.13333333333333333
19743,2,0.0
19747,2,0.06666666666666667
19754,2,0.0
19767,2,0.06666666666666667
19773,2,0.06666666666666667
19785,2,0.0
19800,2,0.0
19802,2,0.06666666666666667
19806,2,0.0
19810,2,0.06666666666666667
19823,2,0.0
19829,2,0.0
19833,2,0.0
19835,2,0.0
19836,2,0.13333333333333333
19849,2,0.13333333333333333
19855,2,0.0
19869,2,0.0
19871,2,0.0
19874,2,0.0
19875,2,0.0
19880,2,0.13333333333333333
19883,2,0.06666666666666667
19894,2,0.06666666666666667
19901,2,0.13333333333333333
19910,2,0.13333333333333333
19911,2,0.0
19918,2,0.0
19921,2,0.13333333333333333
19932,2,0.0
19936,2,0.13333333333333333
19938,2,0.0
19945,2,0.13333333333333333
19960,2,0.06666666666666667
19964,2,0.06666666666666667
19971,2,0.06666666666666667
19978,2,0.06666666666666667
19986,2,0.06666666666666667
19991,2,0.06666666666666667
19992,2,0.0
19993,2,0.06666666666666667
20001,2,0.13333333333333333
20002,2,0.06666666666666667
20010,2,0.13333333333333333
20020,2,0.06666666666666667
20023,2,0.0
20025,2,0.0
20027,2,0.0
20035,2,0.0
20041,2,0.2
20051,2,0.06666666666666667
20052,2,0.06666666666666667
20055,2,0.06666666666666667
20063,2,0.06666666666666667
20064,2,0.13333333333333333
20070,2,0.06666666666666667
20084,2,0.06666666666666667
20091,2,0.13333333333333333
20096,2,0.06666666666666667
20119,2,0.0
20120,2,0.06666666666666667
20137,2,0.0
20147,2,0.06666666666666667
20157,2,0.06666666666666667
20159,2,0.0
20168,2,0.0
20173,2,0.13333333333333333
20176,2,0.26666666666666666
20179,2,0.2
20185,2,0.06666666666666667
20189,2,0.06666666666666667
20192,2,0.0
20237,2,0.06666666666666667
20240,2,0.06666666666666667
20248,2,0.06666666666666667
20252,2,0.06666666666666667
20254,2,0.06666666666666667
20258,2,0.0
20261,2,0.0
20265,2,0.06666666666666667
20268,2,0.06666666666666667
20270,2,0.0
20277,2,0.06666666666666667
20280,2,0.13333333333333333
20288,2,0.06666666666666667
20291,2,0.06666666666666667
20303,2,0.13333333333333333
20305,2,0.06666666666666667
20314,2,0.06666666666666667
20337,2,0.13333333333333333
20339,2,0.13333333333333333
20350,2,0.06666666666666667
20351,2,0.06666666666666667
20361,2,0.06666666666666667
20364,2,0.13333333333333333
20367,2,0.2
20371,2,0.0
20373,2,0.06666666666666667
20386,2,0.13333333333333333
20392,2,0.0
20393,2,0.13333333333333333
20400,2,0.0
20406,2,0.0
20416,2,0.13333333333333333
20427,2,0.0
20433,2,0.06666666666666667
20440,2,0.13333333333333333
20441,2,0.06666666666666667
20466,2,0.06666666666666667
20476,2,0.0
20479,2,0.06666666666666667
20481,2,0.0
20483,2,0.06666666666666667
20484,2,0.0
20486,2,0.06666666666666667
20503,2,0.0
20507,2,0.0
20511,2,0.0
20518,2,0.06666666666666667
20529,2,0.0
20533,2,0.06666666666666667
20568,2,0.06666666666666667
20573,2,0.06666666666666667
20575,2,0.13333333333333333
20577,2,0.0
20587,2,0.06666666666666667
20598,2,0.0
20603,2,0.0
20605,2,0.2
20606,2,0.06666666666666667
20608,2,0.26666666666666666
20609,2,0.06666666666666667
20624,2,0.06666666666666667
20655,2,0.06666666666666667
20663,2,0.06666666666666667
20666,2,0.06666666666666667
20670,2,0.06666666666666667
20672,2,0.06666666666666667
20673,2,0.0
20674,2,0.0
20675,2,0.0
20681,2,0.0
20682,2,0.0
20688,2,0.0
20690,2,0.06666666666666667
20691,2,0.06666666666666667
20694,2,0.0
20698,2,0.0
20711,2,0.2
20712,2,0.0
20717,2,0.06666666666666667
20722,2,0.0
20723,2,0.13333333333333333
20725,2,0.0
20730,2,0.13333333333333333
20732,2,0.06666666666666667
20746,2,0.0
20759,2,0.06666666666666667
20768,2,0.0
20772,2,0.06666666666666667
20776,2,0.0
20777,2,0.06666666666666667
20793,2,0.06666666666666667
20794,2,0.13333333333333333
20795,2,0.13333333333333333
20800,2,0.0
20817,2,0.06666666666666667
20819,2,0.13333333333333333
20823,2,0.0
20830,2,0.13333333333333333
20842,2,0.0
20846,2,0.0
20862,2,0.06666666666666667
20867,2,0.0
20874,2,0.06666666666666667
20899,2,0.0
20911,2,0.2
20913,2,0.06666666666666667
20922,2,0.0
20925,2,0.06666666666666667
20935,2,0.06666666666666667
20949,2,0.0
20952,2,0.06666666666666667
20968,2,0.0
20971,2,0.0
20974,2,0.0
20993,2,0.06666666666666667
20994,2,0.0
20997,2,0.26666666666666666
21001,2,0.0
21019,2,0.13333333333333333
21024,2,0.0
21027,2,0.06666666666666667
21031,2,0.0
21038,2,0.0
21044,2,0.0
21045,2,0.13333333333333333
21046,2,0.2
21049,2,0.06666666666666667
21055,2,0.06666666666666667
21056,2,0.0
21057,2,0.06666666666666667
21059,2,0.0
21066,2,0.06666666666666667
21071,2,0.06666666666666667
21073,2,0.0
21077,2,0.0
21080,2,0.06666666666666667
21086,2,0.0
21091,2,0.0
21096,2,0.13333333333333333
21097,2,0.06666666666666667
21099,2,0.2
21103,2,0.13333333333333333
21109,2,0.06666666666666667
21111,2,0.0
21117,2,0.26666666666666666
21138,2,0.13333333333333333
21153,2,0.13333333333333333
21154,2,0.13333333333333333
21160,2,0.0
21166,2,0.13333333333333333
21169,2,0.0
21179,2,0.0
21183,2,0.0
21191,2,0.06666666666666667
21192,2,0.06666666666666667
21198,2,0.06666666666666667
21208,2,0.0
21215,2,0.13333333333333333
21218,2,0.13333333333333333
21226,2,0.0
21238,2,0.13333333333333333
21245,2,0.06666666666666667
21247,2,0.0
21250,2,0.0
21251,2,0.06666666666666667
21275,2,0.2
21276,2,0.0
21284,2,0.0
21285,2,0.06666666666666667
21289,2,0.06666666666666667
21295,2,0.06666666666666667
21303,2,0.06666666666666667
21308,2,0.0
21314,2,0.06666666666666667
21316,2,0.06666666666666667
21321,2,0.06666666666666667
21328,2,0.13333333333333333
21332,2,0.06666666666666667
21333,2,0.06666666666666667
21339,2,0.06666666666666667
21340,2,0.06666666666666667
21343,2,0.13333333333333333
21344,2,0.13333333333333333
21346,2,0.26666666666666666
21355,2,0.06666666666666667
21364,2,0.0
21365,2,0.13333333333333333
21372,2,0.06666666666666667
21375,2,0.0
21382,2,0.13333333333333333
21385,2,0.13333333333333333
21396,2,0.0
21403,2,0.2
21412,2,0.0
21413,2,0.0
21417,2,0.0
21439,2,0.0
21454,2,0.06666666666666667
21458,2,0.06666666666666667
21461,2,0.2
21475,2,0.13333333333333333
21476,2,0.13333333333333333
21482,2,0.0
21494,2,0.0
21504,2,0.0
21506,2,0.0
21508,2,0.0
21509,2,0.13333333333333333
21514,2,0.0
21522,2,0.06666666666666667
21535,2,0.0
21538,2,0.0
21539,2,0.13333333333333333
21548,2,0.0
21558,2,0.06666666666666667
21572,2,0.0
21575,2,0.0
21577,2,0.2
21585,2,0.13333333333333333
21594,2,0.0
21596,2,0.0
21598,2,0.0
21614,2,0.0
21637,2,0.13333333333333333
21638,2,0.06666666666666667
21642,2,0.06666666666666667
21646,2,0.06666666666666667
21649,2,0.06666666666666667
21656,2,0.13333333333333333
21661,2,0.0
21664,2,0.2
21668,2,0.0
21670,2,0.06666666666666667
21672,2,0.06666666666666667
21673,2,0.0
21678,2,0.06666666666666667
21679,2,0.06666666666666667
21685,2,0.06666666666666667
21688,2,0.2
21689,2,0.13333333333333333
21690,2,0.0
21693,2,0.06666666666666667
21707,2,0.0
21708,2,0.0
21709,2,0.13333333333333333
21710,2,0.0
21713,2,0.06666666666666667
21714,2,0.13333333333333333
21727,2,0.3333333333333333
21729,2,0.0
21733,2,0.0
21738,2,0.0
21739,2,0.0
21752,2,0.06666666666666667
21754,2,0.0
21757,2,0.0
21763,2,0.0
21772,2,0.06666666666666667
21773,2,0.06666666666666667
21783,2,0.06666666666666667
21801,2,0.06666666666666667
21809,2,0.0
21810,2,0.0
21813,2,0.06666666666666667
21822,2,0.06666666666666667
21832,2,0.06666666666666667
21833,2,0.06666666666666667
21842,2,0.0
21846,2,0.0
21850,2,0.13333333333333333
21857,2,0.0
21862,2,0.06666666666666667
21874,2,0.13333333333333333
21878,2,0.06666666666666667
21896,2,0.06666666666666667
21903,2,0.06666666666666667
21907,2,0.06666666666666667
21909,2,0.06666666666666667
21915,2,0.06666666666666667
21928,2,0.06666666666666667
21930,2,0.06666666666666667
21936,2,0.06666666666666667
21955,2,0.06666666666666667
21963,2,0.0
21964,2,0.0
21965,2,0.0
21978,2,0.0
21981,2,0.06666666666666667
21987,2,0.06666666666666667
22005,2,0.13333333333333333
22023,2,0.2
22024,2,0.13333333333333333
22030,2,0.13333333333333333
22040,2,0.13333333333333333
22044,2,0.0
22052,2,0.0
22054,2,0.0
22066,2,0.06666666666666667
22069,2,0.06666666666666667
22090,2,0.0
22095,2,0.06666666666666667
22096,2,0.13333333333333333
22107,2,0.06666666666666667
22110,2,0.0
22117,2,0.06666666666666667
22120,2,0.06666666666666667
22140,2,0.0
22143,2,0.13333333333333333
22151,2,0.06666666666666667
22152,2,0.06666666666666667
22155,2,0.06666666666666667
22159,2,0.0
22176,2,0.0
22180,2,0.0
22181,2,0.0
22195,2,0.0
22197,2,0.0
22199,2,0.13333333333333333
22204,2,0.13333333333333333
22211,2,0.0
22213,2,0.13333333333333333
22214,2,0.06666666666666667
22217,2,0.0
22226,2,0.06666666666666667
22235,2,0.0
22237,2,0.0
22238,2,0.0
22247,2,0.13333333333333333
22249,2,0.0
22253,2,0.0
22262,2,0.0
22266,2,0.0
22272,2,0.0
22280,2,0.0
22285,2,0.0
22299,2,0.13333333333333333
22301,2,0.06666666666666667
22304,2,0.06666666666666667
22319,2,0.0
22328,2,0.06666666666666667
22337,2,0.0
22338,2,0.06666666666666667
22340,2,0.06666666666666667
22345,2,0.0
22354,2,0.06666666666666667
22356,2,0.0
22359,2,0.13333333333333333
22362,2,0.06666666666666667
22385,2,0.0
22391,2,0.0
22392,2,0.06666666666666667
22396,2,0.0
22410,2,0.06666666666666667
22427,2,0.0
22431,2,0.06666666666666667
22434,2,0.06666666666666667
22440,2,0.06666666666666667
22445,2,0.0
22448,2,0.0
22452,2,0.0
22467,2,0.13333333333333333
22472,2,0.0
22478,2,0.06666666666666667
22483,2,0.06666666666666667
22485,2,0.13333333333333333
22492,2,0.06666666666666667
22506,2,0.13333333333333333
22515,2,0.0
22529,2,0.0
22533,2,0.0
22558,2,0.0
22568,2,0.0
22571,2,0.0
22580,2,0.0
22585,2,0.06666666666666667
22604,2,0.0
22609,2,0.06666666666666667
22610,2,0.0
22613,2,0.06666666666666667
22617,2,0.06666666666666667
22621,2,0.0
22622,2,0.0
22627,2,0.2
22631,2,0.13333333333333333
22643,2,0.0
22647,2,0.13333333333333333
22652,2,0.0
22656,2,0.0
22659,2,0.06666666666666667
22665,2,0.0
22667,2,0.06666666666666667
22669,2,0.0
22670,2,0.0
22678,2,0.06666666666666667
22681,2,0.06666666666666667
22683,2,0.06666666666666667
22694,2,0.06666666666666667
22696,2,0.06666666666666667
22705,2,0.13333333333333333
22710,2,0.0
22720,2,0.13333333333333333
22727,2,0.0
22734,2,0.0
22735,2,0.06666666666666667
22736,2,0.06666666666666667
22737,2,0.06666666666666667
22739,2,0.0
22740,2,0.06666666666666667
22752,2,0.06666666666666667
22763,2,0.06666666666666667
22768,2,0.06666666666666667
22770,2,0.06666666666666667
22774,2,0.2
22776,2,0.06666666666666667
22778,2,0.0
22779,2,0.06666666666666667
22780,2,0.06666666666666667
22787,2,0.06666666666666667
22799,2,0.06666666666666667
22818,2,0.0
22820,2,0.0
22850,2,0.13333333333333333
22851,2,0.06666666666666667
22853,2,0.13333333333333333
22861,2,0.06666666666666667
22864,2,0.0
22865,2,0.0
22871,2,0.06666666666666667
22875,2,0.0
22887,2,0.06666666666666667
22890,2,0.06666666666666667
22908,2,0.06666666666666667
22912,2,0.0
22919,2,0.13333333333333333
22931,2,0.13333333333333333
22945,2,0.0
22950,2,0.06666666666666667
22954,2,0.06666666666666667
22959,2,0.0
22963,2,0.0
22966,2,0.13333333333333333
22973,2,0.0
22980,2,0.06666666666666667
22989,2,0.13333333333333333
22994,2,0.13333333333333333
22995,2,0.06666666666666667
22999,2,0.13333333333333333
23001,2,0.13333333333333333
23007,2,0.13333333333333333
23017,2,0.13333333333333333
23031,2,0.0
23032,2,0.2
23044,2,0.13333333333333333
23063,2,0.0
23067,2,0.2
23076,2,0.06666666666666667
23078,2,0.13333333333333333
23081,2,0.06666666666666667
23090,2,0.0
23092,2,0.2
23113,2,0.2
23124,2,0.06666666666666667
23128,2,0.0
23134,2,0.06666666666666667
23137,2,0.0
23142,2,0.0
23147,2,0.0
23149,2,0.13333333333333333
23153,2,0.2
23156,2,0.0
23161,2,0.2
23162,2,0.2
23167,2,0.2
23171,2,0.13333333333333333
23173,2,0.0
23174,2,0.13333333333333333
23192,2,0.06666666666666667
23194,2,0.0
23197,2,0.0
23209,2,0.13333333333333333
23220,2,0.06666666666666667
23222,2,0.0
23223,2,0.13333333333333333
23229,2,0.13333333333333333
23231,2,0.0
23237,2,0.0
23238,2,0.13333333333333333
23243,2,0.0
23247,2,0.06666666666666667
23254,2,0.06666666666666667
23262,2,0.06666666666666667
23266,2,0.06666666666666667
23273,2,0.0
23277,2,0.06666666666666667
23292,2,0.13333333333333333
23297,2,0.0
23298,2,0.0
23303,2,0.06666666666666667
23313,2,0.06666666666666667
23325,2,0.0
23329,2,0.06666666666666667
23336,2,0.06666666666666667
23341,2,0.06666666666666667
23349,2,0.06666666666666667
23351,2,0.06666666666666667
23364,2,0.0
23366,2,0.06666666666666667
23377,2,0.06666666666666667
23380,2,0.06666666666666667
23381,2,0.06666666666666667
23382,2,0.13333333333333333
23384,2,0.2
23390,2,0.06666666666666667
23393,2,0.0
23395,2,0.06666666666666667
23427,2,0.0
23431,2,0.13333333333333333
23435,2,0.06666666666666667
23436,2,0.06666666666666667
23437,2,0.06666666666666667
23443,2,0.0
23448,2,0.0
23459,2,0.06666666666666667
23475,2,0.06666666666666667
23476,2,0.13333333333333333
23482,2,0.13333333333333333
23495,2,0.06666666666666667
23496,2,0.06666666666666667
23515,2,0.0
23523,2,0.0
23537,2,0.13333333333333333
23542,2,0.13333333333333333
23564,2,0.06666666666666667
23566,2,0.0
23568,2,0.0
23570,2,0.06666666666666667
23580,2,0.0
23595,2,0.0
23599,2,0.06666666666666667
23613,2,0.0
23619,2,0.0
23622,2,0.13333333333333333
23624,2,0.0
23631,2,0.0
23637,2,0.0
23638,2,0.06666666666666667
23641,2,0.06666666666666667
23657,2,0.06666666666666667
23660,2,0.0
23662,2,0.0
23682,2,0.13333333333333333
23683,2,0.0
23690,2,0.06666666666666667
23701,2,0.06666666666666667
23706,2,0.0
23708,2,0.06666666666666667
23709,2,0.0
23717,2,0.0
23719,2,0.06666666666666667
23732,2,0.0
23736,2,0.2
23739,2,0.06666666666666667
23744,2,0.06666666666666667
23756,2,0.06666666666666667
23759,2,0.0
23761,2,0.0
23778,2,0.0
23796,2,0.0
23797,2,0.0
23799,2,0.0
23804,2,0.06666666666666667
23807,2,0.0
23812,2,0.06666666666666667
23822,2,0.0
23827,2,0.0
23833,2,0.06666666666666667
23843,2,0.06666666666666667
23852,2,0.13333333333333333
23881,2,0.06666666666666667
23883,2,0.06666666666666667
23884,2,0.06666666666666667
23892,2,0.0
23896,2,0.06666666666666667
23911,2,0.06666666666666667
23930,2,0.0
23931,2,0.0
23939,2,0.0
23943,2,0.0
23949,2,0.0
23951,2,0.0
23953,2,0.13333333333333333
23958,2,0.0
23960,2,0.13333333333333333
23962,2,0.0
23968,2,0.0
23992,2,0.0
24002,2,0.2
24006,2,0.06666666666666667
24014,2,0.3333333333333333
24018,2,0.13333333333333333
24020,2,0.2
24022,2,0.13333333333333333
24023,2,0.2
24034,2,0.06666666666666667
24038,2,0.13333333333333333
24040,2,0.2
24049,2,0.3333333333333333
24052,2,0.13333333333333333
24059,2,0.3333333333333333
24060,2,0.13333333333333333
24074,2,0.0
24075,2,0.0
24081,2,0.13333333333333333
24088,2,0.06666666666666667
24097,2,0.13333333333333333
24105,2,0.26666666666666666
24107,2,0.0
24117,2,0.13333333333333333
24122,2,0.0
24130,2,0.06666666666666667
24131,2,0.06666666666666667
24133,2,0.0
24135,2,0.13333333333333333
24138,2,0.13333333333333333
24139,2,0.06666666666666667
24151,2,0.0
24170,2,0.0
24186,2,0.0
24204,2,0.06666666666666667
24235,2,0.06666666666666667
24236,2,0.0
24238,2,0.0
24253,2,0.13333333333333333
24266,2,0.06666666666666667
24272,2,0.0
24285,2,0.06666666666666667
24291,2,0.0
24297,2,0.0
24298,2,0.0
24299,2,0.06666666666666667
24306,2,0.0
24316,2,0.0
24318,2,0.0
24319,2,0.0
24322,2,0.0
24328,2,0.06666666666666667
24338,2,0.0
24341,2,0.06666666666666667
24343,2,0.06666666666666667
24356,2,0.0
24375,2,0.06666666666666667
24376,2,0.0
24386,2,0.06666666666666667
24389,2,0.06666666666666667
24392,2,0.06666666666666667
24393,2,0.06666666666666667
24395,2,0.0
24396,2,0.0
24397,2,0.06666666666666667
24398,2,0.13333333333333333
24401,2,0.0
24407,2,0.13333333333333333
24408,2,0.0
24415,2,0.06666666666666667
24424,2,0.0
24435,2,0.0
24448,2,0.06666666666666667
24459,2,0.06666666666666667
24475,2,0.0
24498,2,0.06666666666666667
24499,2,0.06666666666666667
24502,2,0.0
24507,2,0.0
24519,2,0.06666666666666667
24521,2,0.0
24528,2,0.0
24539,2,0.0
24552,2,0.2
24554,2,0.0
24557,2,0.0
24568,2,0.06666666666666667
24593,2,0.0
24614,2,0.0
24615,2,0.13333333333333333
24618,2,0.0
24620,2,0.13333333333333333
24625,2,0.0
24633,2,0.06666666666666667
24643,2,0.0
24666,2,0.2
24673,2,0.06666666666666667
24680,2,0.0
24685,2,0.0
24697,2,0.13333333333333333
24710,2,0.2
24721,2,0.06666666666666667
24726,2,0.13333333333333333
24730,2,0.0
24732,2,0.0
24740,2,0.13333333333333333
24744,2,0.0
24749,2,0.0
24787,2,0.06666666666666667
24808,2,0.0
24810,2,0.06666666666666667
24817,2,0.13333333333333333
24818,2,0.0
24835,2,0.06666666666666667
24845,2,0.06666666666666667
24852,2,0.0
24858,2,0.0
24861,2,0.13333333333333333
24870,2,0.13333333333333333
24872,2,0.0
24878,2,0.13333333333333333
24881,2,0.2
24882,2,0.0
24885,2,0.0
24887,2,0.0
24889,2,0.0
24890,2,0.0
24893,2,0.0
24900,2,0.0
24903,2,0.0
24926,2,0.06666666666666667
24929,2,0.06666666666666667
24930,2,0.13333333333333333
24943,2,0.0
24944,2,0.0
24957,2,0.0
24959,2,0.06666666666666667
24963,2,0.0
24974,2,0.0
24980,2,0.0
24989,2,0.06666666666666667
24993,2,0.0
24995,2,0.13333333333333333
24997,2,0.0
24998,2,0.2
25002,2,0.13333333333333333
25008,2,0.06666666666666667
25017,2,0.0
25023,2,0.0
25028,2,0.06666666666666667
25033,2,0.0
25052,2,0.06666666666666667
25068,2,0.0
25078,2,0.06666666666666667
25087,2,0.0
25094,2,0.13333333333333333
25104,2,0.0
25107,2,0.06666666666666667
25115,2,0.0
25118,2,0.13333333333333333
25126,2,0.0
25131,2,0.2
25140,2,0.0
25141,2,0.06666666666666667
25144,2,0.0
25149,2,0.06666666666666667
25151,2,0.0
25157,2,0.06666666666666667
25158,2,0.06666666666666667
25159,2,0.06666666666666667
25170,2,0.0
25181,2,0.0
25189,2,0.0
25191,2,0.0
25214,2,0.13333333333333333
25218,2,0.0
25229,2,0.0
25233,2,0.0
25234,2,0.13333333333333333
25237,2,0.0
25239,2,0.0
25242,2,0.0
25247,2,0.06666666666666667
25256,2,0.0
25271,2,0.0
25275,2,0.0
25277,2,0.13333333333333333
25294,2,0.0
25307,2,0.13333333333333333
25308,2,0.0
25312,2,0.13333333333333333
25321,2,0.0
25322,2,0.06666666666666667
25324,2,0.0
25331,2,0.06666666666666667
25340,2,0.0
25345,2,0.0
25353,2,0.0
25355,2,0.0
25357,2,0.0
25361,2,0.0
25377,2,0.06666666666666667
25379,2,0.06666666666666667
25381,2,0.13333333333333333
25388,2,0.0
25392,2,0.13333333333333333
25402,2,0.0
25409,2,0.06666666666666667
25420,2,0.0
25429,2,0.06666666666666667
25439,2,0.06666666666666667
25443,2,0.13333333333333333
25450,2,0.06666666666666667
25451,2,0.06666666666666667
25453,2,0.13333333333333333
25455,2,0.0
25464,2,0.0
25485,2,0.0
25499,2,0.06666666666666667
25502,2,0.06666666666666667
25521,2,0.13333333333333333
25529,2,0.06666666666666667
25531,2,0.0
25551,2,0.2
25572,2,0.0
25574,2,0.0
25580,2,0.06666666666666667
25582,2,0.13333333333333333
25605,2,0.0
25606,2,0.0
25616,2,0.2
25618,2,0.2
25621,2,0.0
25623,2,0.06666666666666667
25628,2,0.0
25631,2,0.0
25635,2,0.0
25642,2,0.0
25646,2,0.0
25661,2,0.0
25668,2,0.0
25669,2,0.2
25676,2,0.0
25677,2,0.13333333333333333
25680,2,0.0
25688,2,0.0
25705,2,0.0
25714,2,0.2
25734,2,0.0
25739,2,0.0
25740,2,0.0
25741,2,0.06666666666666667
25747,2,0.13333333333333333
25753,2,0.06666666666666667
25774,2,0.0
25780,2,0.06666666666666667
25781,2,0.06666666666666667
25782,2,0.06666666666666667
25789,2,0.0
25790,2,0.26666666666666666
25793,2,0.06666666666666667
25794,2,0.0
25795,2,0.06666666666666667
25798,2,0.06666666666666667
25801,2,0.06666666666666667
25803,2,0.0
25815,2,0.06666666666666667
25832,2,0.0
25833,2,0.13333333333333333
25839,2,0.0
25843,2,0.0
25846,2,0.13333333333333333
25853,2,0.06666666666666667
25855,2,0.13333333333333333
25857,2,0.2
25859,2,0.0
25871,2,0.06666666666666667
25880,2,0.0
25887,2,0.0
25893,2,0.06666666666666667
25894,2,0.0
25895,2,0.13333333333333333
25899,2,0.0
25900,2,0.06666666666666667
25906,2,0.06666666666666667
25910,2,0.2
25916,2,0.0
25922,2,0.0
25923,2,0.13333333333333333
25924,2,0.13333333333333333
25935,2,0.0
25940,2,0.06666666666666667
25942,2,0.0
25945,2,0.06666666666666667
25954,2,0.0
25956,2,0.06666666666666667
25958,2,0.06666666666666667
25964,2,0.06666666666666667
25974,2,0.13333333333333333
25982,2,0.0
25989,2,0.06666666666666667
26000,2,0.06666666666666667
26003,2,0.0
26009,2,0.06666666666666667
26015,2,0.0
26028,2,0.06666666666666667
26035,2,0.06666666666666667
26039,2,0.0
26042,2,0.06666666666666667
26043,2,0.06666666666666667
26049,2,0.0
26056,2,0.06666666666666667
26061,2,0.06666666666666667
26067,2,0.06666666666666667
26082,2,0.0
26108,2,0.2
26115,2,0.0
26118,2,0.0
26126,2,0.13333333333333333
26129,2,0.0
26135,2,0.06666666666666667
26138,2,0.2
26148,2,0.0
26151,2,0.0
26153,2,0.13333333333333333
26154,2,0.0
26167,2,0.13333333333333333
26178,2,0.13333333333333333
26196,2,0.06666666666666667
26223,2,0.0
26236,2,0.06666666666666667
26241,2,0.06666666666666667
26247,2,0.06666666666666667
26248,2,0.13333333333333333
26249,2,0.0
26255,2,0.06666666666666667
26258,2,0.06666666666666667
26272,2,0.06666666666666667
26274,2,0.2
26279,2,0.0
26287,2,0.0
26288,2,0.13333333333333333
26293,2,0.0
26299,2,0.2
26302,2,0.13333333333333333
26304,2,0.06666666666666667
26305,2,0.13333333333333333
26306,2,0.13333333333333333
26307,2,0.06666666666666667
26318,2,0.0
26320,2,0.06666666666666667
26322,2,0.0
26325,2,0.06666666666666667
26327,2,0.06666666666666667
26328,2,0.13333333333333333
26332,2,0.13333333333333333
26333,2,0.06666666666666667
26336,2,0.06666666666666667
26352,2,0.0
26355,2,0.13333333333333333
26357,2,0.0
26361,2,0.0
26363,2,0.0
26365,2,0.13333333333333333
26373,2,0.0
26375,2,0.13333333333333333
26378,2,0.13333333333333333
26385,2,0.2
26392,2,0.0
26396,2,0.06666666666666667
26397,2,0.06666666666666667
26398,2,0.0
26399,2,0.06666666666666667
26401,2,0.06666666666666667
26411,2,0.0
26420,2,0.0
26426,2,0.06666666666666667
26457,2,0.0
26463,2,0.0
26473,2,0.0
26485,2,0.06666666666666667
26489,2,0.0
26492,2,0.13333333333333333
26497,2,0.06666666666666667
26503,2,0.0
26508,2,0.13333333333333333
26509,2,0.0
26516,2,0.13333333333333333
26517,2,0.13333333333333333
26518,2,0.06666666666666667
26519,2,0.06666666666666667
26527,2,0.06666666666666667
26532,2,0.0
26534,2,0.06666666666666667
26536,2,0.0
26541,2,0.13333333333333333
26542,2,0.06666666666666667
26548,2,0.13333333333333333
26552,2,0.06666666666666667
26564,2,0.0
26566,2,0.0
26570,2,0.0
26575,2,0.06666666666666667
26578,2,0.06666666666666667
26582,2,0.13333333333333333
26583,2,0.0
26585,2,0.2
26592,2,0.06666666666666667
26595,2,0.06666666666666667
26597,2,0.26666666666666666
26600,2,0.06666666666666667
26608,2,0.2
26613,2,0.06666666666666667
26615,2,0.06666666666666667
26626,2,0.0
26627,2,0.06666666666666667
26630,2,0.06666666666666667
26633,2,0.06666666666666667
26637,2,0.06666666666666667
26662,2,0.0
26663,2,0.0
26664,2,0.06666666666666667
26671,2,0.06666666666666667
26676,2,0.0
26681,2,0.13333333333333333
26704,2,0.06666666666666667
26707,2,0.06666666666666667
26708,2,0.0
26718,2,0.0
26719,2,0.06666666666666667
26729,2,0.0
26735,2,0.06666666666666667
26736,2,0.06666666666666667
26741,2,0.13333333333333333
26757,2,0.0
26759,2,0.2
26780,2,0.0
26782,2,0.0
26807,2,0.13333333333333333
26827,2,0.0
26831,2,0.06666666666666667
26842,2,0.0
26844,2,0.0
26849,2,0.0
26854,2,0.0
26857,2,0.0
26863,2,0.06666666666666667
26864,2,0.0
26868,2,0.06666666666666667
26869,2,0.13333333333333333
26870,2,0.0
26876,2,0.06666666666666667
26878,2,0.06666666666666667
26882,2,0.06666666666666667
26886,2,0.13333333333333333
26887,2,0.06666666666666667
26888,2,0.06666666666666667
26891,2,0.06666666666666667
26896,2,0.0
26897,2,0.0
26898,2,0.06666666666666667
26902,2,0.13333333333333333
26904,2,0.0
26905,2,0.0
26906,2,0.06666666666666667
26920,2,0.06666666666666667
26923,2,0.0
26926,2,0.0
26927,2,0.06666666666666667
26930,2,0.06666666666666667
26931,2,0.06666666666666667
26937,2,0.0
26942,2,0.06666666666666667
26947,2,0.0
26948,2,0.13333333333333333
26952,2,0.0
26953,2,0.0
26961,2,0.06666666666666667
26964,2,0.0
26967,2,0.13333333333333333
26974,2,0.0
26984,2,0.0
26995,2,0.13333333333333333
27001,2,0.0
27003,2,0.13333333333333333
27007,2,0.06666666666666667
27032,2,0.0
27033,2,0.0
27042,2,0.0
27046,2,0.13333333333333333
27047,2,0.0
27051,2,0.13333333333333333
27058,2,0.06666666666666667
27071,2,0.13333333333333333
27081,2,0.0
27082,2,0.0
27089,2,0.13333333333333333
27090,2,0.06666666666666667
27113,2,0.26666666666666666
27116,2,0.2
27123,2,0.0
27127,2,0.0
27129,2,0.0
27143,2,0.06666666666666667
27147,2,0.06666666666666667
27168,2,0.0
27174,2,0.2
27181,2,0.0
27183,2,0.06666666666666667
27185,2,0.2
27191,2,0.0
27208,2,0.13333333333333333
27225,2,0.2
27227,2,0.13333333333333333
27234,2,0.0
27238,2,0.13333333333333333
27241,2,0.06666666666666667
27251,2,0.13333333333333333
27258,2,0.0
27261,2,0.0
27270,2,0.0
27272,2,0.13333333333333333
27279,2,0.13333333333333333
27281,2,0.0
27282,2,0.13333333333333333
27285,2,0.06666666666666667
27289,2,0.0
27291,2,0.2
27301,2,0.3333333333333333
27306,2,0.0
27330,2,0.0
27336,2,0.06666666666666667
27339,2,0.13333333333333333
27342,2,0.06666666666666667
27354,2,0.0
27368,2,0.0
27390,2,0.06666666666666667
27394,2,0.13333333333333333
27416,2,0.06666666666666667
27420,2,0.0
27424,2,0.0
27435,2,0.06666666666666667
27446,2,0.0
27447,2,0.06666666666666667
27462,2,0.0
27463,2,0.0
27477,2,0.06666666666666667
27483,2,0.13333333333333333
27498,2,0.13333333333333333
27499,2,0.13333333333333333
27500,2,0.2
27506,2,0.0
27509,2,0.06666666666666667
27512,2,0.06666666666666667
27516,2,0.06666666666666667
27527,2,0.0
27537,2,0.06666666666666667
27539,2,0.06666666666666667
27552,2,0.06666666666666667
27561,2,0.0
27562,2,0.0
27566,2,0.06666666666666667
27568,2,0.0
27576,2,0.13333333333333333
27577,2,0.0
27578,2,0.13333333333333333
27583,2,0.06666666666666667
27584,2,0.0
27592,2,0.06666666666666667
27596,2,0.06666666666666667
27597,2,0.0
27600,2,0.13333333333333333
27609,2,0.06666666666666667
27623,2,0.0
27624,2,0.0
27626,2,0.0
27634,2,0.0
27636,2,0.06666666666666667
27647,2,0.13333333333333333
27659,2,0.06666666666666667
27660,2,0.0
27662,2,0.0
27668,2,0.0
27670,2,0.13333333333333333
27681,2,0.06666666666666667
27685,2,0.06666666666666667
27690,2,0.3333333333333333
27693,2,0.4
27697,2,0.13333333333333333
27700,2,0.2
27705,2,0.3333333333333333
27707,2,0.3333333333333333
27717,2,0.13333333333333333
27722,2,0.13333333333333333
27728,2,0.5333333333333333
27729,2,0.4
27740,2,0.4666666666666667
27762,2,0.4
27770,2,0.26666666666666666
27782,2,0.4
27797,2,0.26666666666666666
27801,2,0.6666666666666666
27803,2,0.2
27810,2,0.4666666666666667
27818,2,0.4666666666666667
27820,2,0.3333333333333333
27827,2,0.4666666666666667
27845,2,0.06666666666666667
27846,2,0.4
27848,2,0.4
27849,2,0.06666666666666667
27852,2,0.3333333333333333
27861,2,0.2
27862,2,0.3333333333333333
27867,2,0.06666666666666667
27872,2,0.2
27876,2,0.26666666666666666
27878,2,0.0
27887,2,0.3333333333333333
27905,2,0.3333333333333333
27908,2,0.06666666666666667
27911,2,0.5333333333333333
27926,2,0.4
27938,2,0.13333333333333333
27960,2,0.26666666666666666
27963,2,0.5333333333333333
27965,2,0.4666666666666667
27984,2,0.2
27987,2,0.2
27990,2,0.13333333333333333
27993,2,0.6
27999,2,0.26666666666666666
28002,2,0.0
28010,2,0.3333333333333333
28026,2,0.13333333333333333
28029,2,0.13333333333333333
28037,2,0.2
28039,2,0.13333333333333333
28041,2,0.3333333333333333
28055,2,0.13333333333333333
28059,2,0.2
28062,2,0.13333333333333333
28071,2,0.06666666666666667
28079,2,0.06666666666666667
28083,2,0.06666666666666667
28096,2,0.06666666666666667
28101,2,0.4666666666666667
28111,2,0.13333333333333333
28115,2,0.2
28130,2,0.0
28131,2,0.2
28134,2,0.06666666666666667
28157,2,0.13333333333333333
28158,2,0.3333333333333333
28163,2,0.0
28168,2,0.06666666666666667
28169,2,0.0
28171,2,0.0
28181,2,0.13333333333333333
28189,2,0.2
28190,2,0.13333333333333333
28196,2,0.0
28212,2,0.6
28217,2,0.13333333333333333
28220,2,0.26666666666666666
28225,2,0.26666666666666666
28230,2,0.06666666666666667
28231,2,0.13333333333333333
28243,2,0.0
28248,2,0.06666666666666667
28260,2,0.26666666666666666
28262,2,0.0
28272,2,0.06666666666666667
28281,2,0.06666666666666667
28282,2,0.26666666666666666
28286,2,0.13333333333333333
28296,2,0.2
28297,2,0.26666666666666666
28301,2,0.2
28305,2,0.26666666666666666
28307,2,0.06666666666666667
28323,2,0.13333333333333333
28324,2,0.06666666666666667
28326,2,0.06666666666666667
28334,2,0.0
28337,2,0.4666666666666667
28339,2,0.26666666666666666
28347,2,0.2
28351,2,0.2
28355,2,0.13333333333333333
28356,2,0.0
28357,2,0.3333333333333333
28360,2,0.13333333333333333
28365,2,0.4
28370,2,0.2
28371,2,0.2
28372,2,0.2
28377,2,0.06666666666666667
28387,2,0.26666666666666666
28390,2,0.2
28393,2,0.0
28394,2,0.26666666666666666
28398,2,0.3333333333333333
28399,2,0.0
28400,2,0.26666666666666666
28409,2,0.13333333333333333
28420,2,0.13333333333333333
28423,2,0.26666666666666666
28426,2,0.2
28432,2,0.13333333333333333
28437,2,0.06666666666666667
28438,2,0.2
28444,2,0.06666666666666667
28448,2,0.06666666666666667
28457,2,0.13333333333333333
28460,2,0.26666666666666666
28470,2,0.26666666666666666
28478,2,0.3333333333333333
28491,2,0.3333333333333333
28493,2,0.3333333333333333
28503,2,0.4
28508,2,0.06666666666666667
28512,2,0.06666666666666667
28529,2,0.26666666666666666
28530,2,0.5333333333333333
28537,2,0.2
28540,2,0.2
28541,2,0.13333333333333333
28543,2,0.13333333333333333
28547,2,0.0
28552,2,0.5333333333333333
28554,2,0.2
28561,2,0.06666666666666667
28565,2,0.13333333333333333
28571,2,0.4
28576,2,0.13333333333333333
28587,2,0.4666666666666667
28589,2,0.2
28595,2,0.26666666666666666
28600,2,0.13333333333333333
28607,2,0.3333333333333333
28608,2,0.06666666666666667
28618,2,0.06666666666666667
28619,2,0.4666666666666667
28626,2,0.2
28628,2,0.4666666666666667
28638,2,0.26666666666666666
28641,2,0.4
28652,2,0.06666666666666667
28661,2,0.3333333333333333
28668,2,0.13333333333333333
28683,2,0.13333333333333333
28688,2,0.06666666666666667
28690,2,0.2
28715,2,0.13333333333333333
28725,2,0.26666666666666666
28727,2,0.4666666666666667
28754,2,0.26666666666666666
28762,2,0.3333333333333333
28777,2,0.4666666666666667
28781,2,0.2
28789,2,0.2
28805,2,0.0
28806,2,0.2
28820,2,0.26666666666666666
28824,2,0.06666666666666667
28825,2,0.2
28829,2,0.3333333333333333
28839,2,0.2
28845,2,0.06666666666666667
28847,2,0.2
28857,2,0.0
28862,2,0.13333333333333333
28866,2,0.06666666666666667
28868,2,0.26666666666666666
28875,2,0.06666666666666667
28879,2,0.06666666666666667
28885,2,0.0
28886,2,0.06666666666666667
28888,2,0.06666666666666667
28906,2,0.06666666666666667
28909,2,0.06666666666666667
28912,2,0.06666666666666667
28914,2,0.06666666666666667
28917,2,0.06666666666666667
28933,2,0.06666666666666667
28938,2,0.0
28942,2,0.0
28951,2,0.26666666666666666
28952,2,0.13333333333333333
28959,2,0.13333333333333333
28969,2,0.06666666666666667
28971,2,0.0
28979,2,0.26666666666666666
28984,2,0.13333333333333333
28985,2,0.0
28994,2,0.0
28996,2,0.06666666666666667
29007,2,0.13333333333333333
29024,2,0.06666666666666667
29026,2,0.26666666666666666
29027,2,0.2
29032,2,0.06666666666666667
29037,2,0.26666666666666666
29039,2,0.06666666666666667
29042,2,0.0
29045,2,0.13333333333333333
29046,2,0.13333333333333333
29050,2,0.06666666666666667
29053,2,0.0
29055,2,0.06666666666666667
29062,2,0.06666666666666667
29073,2,0.06666666666666667
29075,2,0.13333333333333333
29078,2,0.06666666666666667
29085,2,0.06666666666666667
29090,2,0.06666666666666667
29091,2,0.06666666666666667
29099,2,0.13333333333333333
29115,2,0.0
29121,2,0.0
29122,2,0.2
29125,2,0.06666666666666667
29128,2,0.0
29132,2,0.2
29140,2,0.0
29142,2,0.06666666666666667
29150,2,0.06666666666666667
29151,2,0.2
29171,2,0.0
29175,2,0.0
29179,2,0.13333333333333333
29182,2,0.06666666666666667
29194,2,0.0
29204,2,0.06666666666666667
29213,2,0.0
29219,2,0.13333333333333333
29222,2,0.13333333333333333
29234,2,0.06666666666666667
29238,2,0.06666666666666667
29244,2,0.13333333333333333
29245,2,0.26666666666666666
29251,2,0.0
29257,2,0.06666666666666667
29259,2,0.0
29266,2,0.06666666666666667
29269,2,0.13333333333333333
29273,2,0.06666666666666667
29277,2,0.06666666666666667
29281,2,0.2
29294,2,0.06666666666666667
29319,2,0.06666666666666667
29324,2,0.0
29326,2,0.06666666666666667
29333,2,0.0
29339,2,0.5333333333333333
29342,2,0.0
29352,2,0.13333333333333333
29367,2,0.06666666666666667
29377,2,0.13333333333333333
29383,2,0.2
29392,2,0.06666666666666667
29399,2,0.2
29400,2,0.06666666666666667
29415,2,0.2
29424,2,0.3333333333333333
29427,2,0.13333333333333333
29436,2,0.13333333333333333
29450,2,0.13333333333333333
29454,2,0.06666666666666667
29465,2,0.0
29473,2,0.06666666666666667
29474,2,0.0
29475,2,0.13333333333333333
29490,2,0.2
29492,2,0.0
29494,2,0.13333333333333333
29495,2,0.2
29497,2,0.13333333333333333
29500,2,0.06666666666666667
29506,2,0.06666666666666667
29511,2,0.13333333333333333
29514,2,0.0
29520,2,0.0
29521,2,0.06666666666666667
29544,2,0.06666666666666667
29557,2,0.06666666666666667
29560,2,0.0
29573,2,0.2
29576,2,0.2
29579,2,0.06666666666666667
29596,2,0.2
29601,2,0.0
29603,2,0.0
29605,2,0.5333333333333333
29606,2,0.06666666666666667
29607,2,0.0
29613,2,0.06666666666666667
29614,2,0.06666666666666667
29616,2,0.26666666666666666
29622,2,0.2
29625,2,0.3333333333333333
29630,2,0.0
29633,2,0.2
29638,2,0.2
29649,2,0.13333333333333333
29650,2,0.26666666666666666
29656,2,0.13333333333333333
29661,2,0.06666666666666667
29665,2,0.0
29699,2,0.13333333333333333
29702,2,0.06666666666666667
29717,2,0.06666666666666667
29719,2,0.06666666666666667
29721,2,0.0
29725,2,0.2
29728,2,0.2
29731,2,0.3333333333333333
29734,2,0.0
29741,2,0.06666666666666667
29760,2,0.06666666666666667
29766,2,0.0
29771,2,0.0
29774,2,0.0
29775,2,0.13333333333333333
29777,2,0.13333333333333333
29779,2,0.06666666666666667
29783,2,0.0
29787,2,0.2
29788,2,0.06666666666666667
29789,2,0.06666666666666667
29797,2,0.06666666666666667
29798,2,0.06666666666666667
29801,2,0.2
29817,2,0.06666666666666667
29821,2,0.13333333333333333
29823,2,0.4666666666666667
29828,2,0.06666666666666667
29830,2,0.06666666666666667
29834,2,0.13333333333333333
29835,2,0.0
29839,2,0.06666666666666667
29843,2,0.06666666666666667
29844,2,0.13333333333333333
29847,2,0.3333333333333333
29851,2,0.0
29854,2,0.2
29856,2,0.06666666666666667
29862,2,0.13333333333333333
29864,2,0.06666666666666667
29870,2,0.26666666666666666
29876,2,0.06666666666666667
29878,2,0.06666666666666667
29893,2,0.3333333333333333
29894,2,0.06666666666666667
29896,2,0.06666666666666667
29904,2,0.06666666666666667
29906,2,0.06666666666666667
29917,2,0.2
29921,2,0.13333333333333333
29925,2,0.3333333333333333
29934,2,0.13333333333333333
29945,2,0.06666666666666667
29947,2,0.06666666666666667
29948,2,0.0
29949,2,0.0
29977,2,0.4666666666666667
29982,2,0.06666666666666667
29984,2,0.2
29986,2,0.4
29992,2,0.26666666666666666
29999,2,0.13333333333333333
30001,2,0.6
30004,2,0.3333333333333333
30007,2,0.4666666666666667
30013,2,0.26666666666666666
30022,2,0.0
30026,2,0.06666666666666667
30028,2,0.26666666666666666
30030,2,0.4
30031,2,0.2
30032,2,0.4
30034,2,0.26666666666666666
30039,2,0.4
30057,2,0.26666666666666666
30058,2,0.4
30062,2,0.3333333333333333
30069,2,0.3333333333333333
30100,2,0.13333333333333333
30110,2,0.3333333333333333
30116,2,0.13333333333333333
30118,2,0.13333333333333333
30119,2,0.06666666666666667
30120,2,0.06666666666666667
30129,2,0.4
30131,2,0.26666666666666666
30132,2,0.4666666666666667
30135,2,0.2
30142,2,0.3333333333333333
30145,2,0.2
30150,2,0.3333333333333333
30163,2,0.4
30164,2,0.3333333333333333
30165,2,0.3333333333333333
30170,2,0.26666666666666666
30180,2,0.2
30188,2,0.6
30201,2,0.3333333333333333
30202,2,0.3333333333333333
30217,2,0.26666666666666666
30218,2,0.13333333333333333
30225,2,0.26666666666666666
30226,2,0.2
30244,2,0.13333333333333333
30259,2,0.13333333333333333
30262,2,0.2
30272,2,0.3333333333333333
30274,2,0.4
30275,2,0.4666666666666667
30281,2,0.26666666666666666
30288,2,0.4666666666666667
30289,2,0.4
30303,2,0.4
30306,2,0.3333333333333333
30312,2,0.2
30322,2,0.26666666666666666
30331,2,0.6
30333,2,0.2
30336,2,0.6
30337,2,0.26666666666666666
30346,2,0.4
30350,2,0.2
30353,2,0.26666666666666666
30355,2,0.13333333333333333
30372,2,0.13333333333333333
30377,2,0.2
30378,2,0.3333333333333333
30380,2,0.5333333333333333
30382,2,0.06666666666666667
30387,2,0.13333333333333333
30389,2,0.26666666666666666
30405,2,0.3333333333333333
30406,2,0.3333333333333333
30412,2,0.06666666666666667
30416,2,0.13333333333333333
30417,2,0.4666666666666667
30420,2,0.3333333333333333
30424,2,0.3333333333333333
30427,2,0.3333333333333333
30428,2,0.26666666666666666
30434,2,0.06666666666666667
30436,2,0.2
30440,2,0.0
30441,2,0.13333333333333333
30442,2,0.06666666666666667
30447,2,0.2
30454,2,0.0
30464,2,0.3333333333333333
30479,2,0.06666666666666667
30492,2,0.13333333333333333
30501,2,0.26666666666666666
30507,2,0.06666666666666667
30510,2,0.13333333333333333
30514,2,0.06666666666666667
30533,2,0.0
30534,2,0.0
30536,2,0.13333333333333333
30538,2,0.13333333333333333
30545,2,0.13333333333333333
30546,2,0.06666666666666667
30554,2,0.0
30578,2,0.13333333333333333
30581,2,0.2
30582,2,0.06666666666666667
30593,2,0.06666666666666667
30605,2,0.0
30606,2,0.0
30612,2,0.2
30616,2,0.06666666666666667
30620,2,0.4666666666666667
30631,2,0.06666666666666667
30636,2,0.2
30653,2,0.06666666666666667
30655,2,0.0
30656,2,0.06666666666666667
30663,2,0.06666666666666667
30665,2,0.06666666666666667
30666,2,0.3333333333333333
30696,2,0.06666666666666667
30710,2,0.06666666666666667
30743,2,0.26666666666666666
30746,2,0.26666666666666666
30747,2,0.0
30752,2,0.06666666666666667
30758,2,0.13333333333333333
30764,2,0.0
30769,2,0.2
30770,2,0.06666666666666667
30775,2,0.06666666666666667
30782,2,0.13333333333333333
30783,2,0.06666666666666667
30784,2,0.2
30794,2,0.13333333333333333
30827,2,0.06666666666666667
30839,2,0.06666666666666667
30846,2,0.06666666666666667
30864,2,0.0
30869,2,0.0
30876,2,0.13333333333333333
30881,2,0.06666666666666667
30887,2,0.0
30888,2,0.2
30898,2,0.2
30910,2,0.2
30944,2,0.13333333333333333
30946,2,0.2
30947,2,0.13333333333333333
30949,2,0.06666666666666667
30959,2,0.06666666666666667
30963,2,0.06666666666666667
30964,2,0.0
30973,2,0.06666666666666667
30974,2,0.06666666666666667
30981,2,0.13333333333333333
30982,2,0.13333333333333333
30985,2,0.06666666666666667
30990,2,0.06666666666666667
30995,2,0.06666666666666667
31001,2,0.06666666666666667
31012,2,0.06666666666666667
31015,2,0.06666666666666667
31022,2,0.06666666666666667
31026,2,0.26666666666666666
31029,2,0.0
31031,2,0.0
31034,2,0.13333333333333333
31041,2,0.13333333333333333
31049,2,0.0
31052,2,0.0
31064,2,0.0
31067,2,0.13333333333333333
31068,2,0.13333333333333333
31070,2,0.0
31079,2,0.26666666666666666
31091,2,0.0
31102,2,0.0
31114,2,0.06666666666666667
31116,2,0.06666666666666667
31119,2,0.0
31121,2,0.06666666666666667
31134,2,0.06666666666666667
31138,2,0.13333333333333333
31145,2,0.06666666666666667
31148,2,0.13333333333333333
31152,2,0.2
31163,2,0.0
31173,2,0.06666666666666667
31179,2,0.06666666666666667
31182,2,0.06666666666666667
31189,2,0.06666666666666667
31193,2,0.2
31196,2,0.06666666666666667
31197,2,0.0
31198,2,0.0
31201,2,0.06666666666666667
31206,2,0.0
31207,2,0.2
31210,2,0.06666666666666667
31218,2,0.06666666666666667
31223,2,0.06666666666666667
31234,2,0.06666666666666667
31261,2,0.0
31262,2,0.13333333333333333
31263,2,0.13333333333333333
31265,2,0.13333333333333333
31285,2,0.06666666666666667
31287,2,0.06666666666666667
31319,2,0.06666666666666667
31329,2,0.0
31335,2,0.0
31341,2,0.13333333333333333
31343,2,0.0
31350,2,0.0
31356,2,0.06666666666666667
31360,2,0.0
31362,2,0.0
31364,2,0.13333333333333333
31371,2,0.06666666666666667
31375,2,0.2
31383,2,0.13333333333333333
31384,2,0.0
31397,2,0.06666666666666667
31400,2,0.13333333333333333
31408,2,0.13333333333333333
31412,2,0.0
31416,2,0.0
31427,2,0.06666666666666667
31434,2,0.2
31439,2,0.06666666666666667
31440,2,0.06666666666666667
31443,2,0.13333333333333333
31446,2,0.0
31460,2,0.13333333333333333
31463,2,0.0
31482,2,0.0
31491,2,0.06666666666666667
31505,2,0.13333333333333333
31510,2,0.2
31511,2,0.06666666666666667
31512,2,0.06666666666666667
31515,2,0.13333333333333333
31517,2,0.2
31531,2,0.0
31534,2,0.2
31557,2,0.0
31559,2,0.13333333333333333
31573,2,0.0
31576,2,0.0
31592,2,0.0
31600,2,0.06666666666666667
31622,2,0.0
31636,2,0.13333333333333333
31641,2,0.2
31646,2,0.0
31658,2,0.06666666666666667
31660,2,0.0
31672,2,0.13333333333333333
31675,2,0.06666666666666667
31684,2,0.06666666666666667
31695,2,0.13333333333333333
31700,2,0.06666666666666667
31703,2,0.0
31709,2,0.2
31714,2,0.0
31715,2,0.06666666666666667
31716,2,0.13333333333333333
31726,2,0.13333333333333333
31727,2,0.06666666666666667
31749,2,0.0
31757,2,0.06666666666666667
31761,2,0.06666666666666667
31767,2,0.2
31772,2,0.0
31775,2,0.06666666666666667
31787,2,0.0
31789,2,0.0
31797,2,0.13333333333333333
31805,2,0.06666666666666667
31821,2,0.06666666666666667
31822,2,0.0
31824,2,0.13333333333333333
31825,2,0.0
31855,2,0.06666666666666667
31865,2,0.0
31879,2,0.0
31886,2,0.06666666666666667
31902,2,0.13333333333333333
31907,2,0.0
31914,2,0.13333333333333333
31922,2,0.26666666666666666
31923,2,0.13333333333333333
31926,2,0.2
31927,2,0.06666666666666667
31933,2,0.0
31935,2,0.06666666666666667
31936,2,0.0
31942,2,0.0
31971,2,0.0
31973,2,0.13333333333333333
31978,2,0.2
32006,2,0.06666666666666667
32010,2,0.2
32012,2,0.0
32023,2,0.0
32043,2,0.0
32049,2,0.06666666666666667
32051,2,0.06666666666666667
32052,2,0.0
32060,2,0.13333333333333333
32063,2,0.0
32065,2,0.13333333333333333
32082,2,0.06666666666666667
32086,2,0.2
32088,2,0.2
32090,2,0.13333333333333333
32093,2,0.06666666666666667
32094,2,0.0
32099,2,0.0
32100,2,0.06666666666666667
32102,2,0.13333333333333333
32104,2,0.2
32108,2,0.26666666666666666
32110,2,0.2
32121,2,0.06666666666666667
32126,2,0.06666666666666667
32131,2,0.06666666666666667
32137,2,0.26666666666666666
32138,2,0.2
32145,2,0.06666666666666667
32157,2,0.0
32160,2,0.06666666666666667
32187,2,0.26666666666666666
32189,2,0.3333333333333333
32192,2,0.0
32200,2,0.06666666666666667
32213,2,0.06666666666666667
32225,2,0.13333333333333333
32229,2,0.2
32240,2,0.13333333333333333
32242,2,0.0
32246,2,0.06666666666666667
32252,2,0.2
32282,2,0.13333333333333333
32283,2,0.0
32287,2,0.2
32291,2,0.3333333333333333
32294,2,0.06666666666666667
32298,2,0.06666666666666667
32302,2,0.0
32304,2,0.13333333333333333
32306,2,0.0
32311,2,0.13333333333333333
32314,2,0.13333333333333333
32329,2,0.2
32333,2,0.26666666666666666
32335,2,0.06666666666666667
32345,2,0.0
32351,2,0.13333333333333333
32354,2,0.06666666666666667
32358,2,0.06666666666666667
32359,2,0.2
32374,2,0.06666666666666667
32375,2,0.06666666666666667
32388,2,0.06666666666666667
32389,2,0.06666666666666667
32391,2,0.06666666666666667
32393,2,0.06666666666666667
32407,2,0.06666666666666667
32416,2,0.2
32418,2,0.06666666666666667
32426,2,0.13333333333333333
32427,2,0.06666666666666667
32428,2,0.2
32440,2,0.0
32456,2,0.06666666666666667
32487,2,0.06666666666666667
32492,2,0.0
32495,2,0.0
32498,2,0.13333333333333333
32506,2,0.0
32508,2,0.13333333333333333
32528,2,0.0
32540,2,0.13333333333333333
32542,2,0.26666666666666666
32555,2,0.06666666666666667
32557,2,0.06666666666666667
32558,2,0.06666666666666667
32559,2,0.0
32570,2,0.06666666666666667
32577,2,0.2
32579,2,0.26666666666666666
32581,2,0.13333333333333333
32584,2,0.0
32592,2,0.0
32612,2,0.13333333333333333
32614,2,0.2
32619,2,0.0
32621,2,0.06666666666666667
32636,2,0.0
32644,2,0.06666666666666667
32646,2,0.13333333333333333
32647,2,0.06666666666666667
32652,2,0.13333333333333333
32653,2,0.26666666666666666
32665,2,0.2
32666,2,0.0
32668,2,0.06666666666666667
32675,2,0.06666666666666667
32700,2,0.06666666666666667
32705,2,0.2
32709,2,0.13333333333333333
32713,2,0.26666666666666666
32714,2,0.06666666666666667
32717,2,0.0
32720,2,0.3333333333333333
32728,2,0.26666666666666666
32738,2,0.0
32768,2,0.0
32773,2,0.13333333333333333
32796,2,0.13333333333333333
32811,2,0.13333333333333333
32814,2,0.13333333333333333
32825,2,0.06666666666666667
32827,2,0.26666666666666666
32833,2,0.06666666666666667
32834,2,0.26666666666666666
32835,2,0.06666666666666667
32840,2,0.0
32842,2,0.13333333333333333
32851,2,0.06666666666666667
32853,2,0.06666666666666667
32865,2,0.06666666666666667
32870,2,0.06666666666666667
32886,2,0.26666666666666666
32896,2,0.13333333333333333
32918,2,0.06666666666666667
32920,2,0.2
32925,2,0.06666666666666667
32933,2,0.06666666666666667
32946,2,0.13333333333333333
32956,2,0.06666666666666667
32958,2,0.06666666666666667
32959,2,0.2
32977,2,0.06666666666666667
32981,2,0.06666666666666667
32985,2,0.0
32990,2,0.2
32997,2,0.0
32999,2,0.13333333333333333
33001,2,0.06666666666666667
33003,2,0.06666666666666667
33009,2,0.06666666666666667
33012,2,0.06666666666666667
33028,2,0.13333333333333333
33034,2,0.06666666666666667
33035,2,0.06666666666666667
33039,2,0.06666666666666667
33040,2,0.0
33049,2,0.06666666666666667
33050,2,0.0
33055,2,0.13333333333333333
33058,2,0.0
33066,2,0.06666666666666667
33077,2,0.06666666666666667
33078,2,0.13333333333333333
33082,2,0.06666666666666667
33088,2,0.13333333333333333
33089,2,0.06666666666666667
33098,2,0.13333333333333333
33100,2,0.13333333333333333
33110,2,0.06666666666666667
33111,2,0.06666666666666667
33135,2,0.13333333333333333
33143,2,0.13333333333333333
33161,2,0.13333333333333333
33184,2,0.06666666666666667
33190,2,0.06666666666666667
33193,2,0.06666666666666667
33205,2,0.0
33208,2,0.13333333333333333
33214,2,0.26666666666666666
33215,2,0.13333333333333333
33216,2,0.13333333333333333
33237,2,0.2
33240,2,0.06666666666666667
33242,2,0.06666666666666667
33259,2,0.26666666666666666
33265,2,0.0
33266,2,0.2
33284,2,0.2
33290,2,0.13333333333333333
33294,2,0.0
33306,2,0.06666666666666667
33311,2,0.13333333333333333
33315,2,0.0
33336,2,0.13333333333333333
33337,2,0.06666666666666667
33362,2,0.06666666666666667
33370,2,0.2
33371,2,0.13333333333333333
33382,2,0.06666666666666667
33384,2,0.0
33391,2,0.06666666666666667
33407,2,0.0
33409,2,0.0
33444,2,0.13333333333333333
33448,2,0.26666666666666666
33449,2,0.0
33452,2,0.26666666666666666
33453,2,0.0
33462,2,0.13333333333333333
33468,2,0.2
33470,2,0.06666666666666667
33486,2,0.13333333333333333
33493,2,0.0
33501,2,0.13333333333333333
33504,2,0.0
33506,2,0.06666666666666667
33507,2,0.3333333333333333
33512,2,0.13333333333333333
33517,2,0.06666666666666667
33522,2,0.06666666666666667
33529,2,0.0
33530,2,0.0
33534,2,0.2
33545,2,0.0
33564,2,0.13333333333333333
33578,2,0.06666666666666667
33584,2,0.06666666666666667
33585,2,0.13333333333333333
33593,2,0.13333333333333333
33604,2,0.06666666666666667
33613,2,0.06666666666666667
33615,2,0.06666666666666667
33619,2,0.2
33621,2,0.0
33623,2,0.0
33633,2,0.13333333333333333
33638,2,0.2
33646,2,0.2
33658,2,0.13333333333333333
33662,2,0.06666666666666667
33680,2,0.2
33684,2,0.13333333333333333
33686,2,0.06666666666666667
33691,2,0.06666666666666667
33694,2,0.0
33698,2,0.0
33699,2,0.0
33706,2,0.13333333333333333
33719,2,0.0
33720,2,0.06666666666666667
33723,2,0.06666666666666667
33724,2,0.06666666666666667
33741,2,0.06666666666666667
33744,2,0.06666666666666667
33745,2,0.06666666666666667
33756,2,0.0
33759,2,0.13333333333333333
33760,2,0.2
33777,2,0.0
33779,2,0.06666666666666667
33792,2,0.06666666666666667
33799,2,0.06666666666666667
33801,2,0.26666666666666666
33804,2,0.2
33805,2,0.06666666666666667
33809,2,0.0
33824,2,0.06666666666666667
33834,2,0.13333333333333333
33836,2,0.06666666666666667
33847,2,0.2
33851,2,0.06666666666666667
33855,2,0.0
33857,2,0.06666666666666667
33860,2,0.0
33871,2,0.0
33872,2,0.06666666666666667
33879,2,0.06666666666666667
33880,2,0.0
33882,2,0.06666666666666667
33889,2,0.06666666666666667
33890,2,0.06666666666666667
33898,2,0.06666666666666667
33915,2,0.06666666666666667
33959,2,0.06666666666666667
33960,2,0.13333333333333333
33961,2,0.0
34012,2,0.06666666666666667
34016,2,0.26666666666666666
34018,2,0.0
34022,2,0.06666666666666667
34024,2,0.06666666666666667
34026,2,0.0
34036,2,0.06666666666666667
34038,2,0.13333333333333333
34041,2,0.2
34045,2,0.06666666666666667
34048,2,0.2
34052,2,0.26666666666666666
34060,2,0.06666666666666667
34067,2,0.26666666666666666
34087,2,0.0
34090,2,0.06666666666666667
34096,2,0.13333333333333333
34101,2,0.06666666666666667
34104,2,0.06666666666666667
34107,2,0.06666666666666667
34110,2,0.06666666666666667
34113,2,0.06666666666666667
34114,2,0.13333333333333333
34126,2,0.0
34128,2,0.06666666666666667
34146,2,0.0
34149,2,0.13333333333333333
34153,2,0.13333333333333333
34154,2,0.0
34159,2,0.0
34175,2,0.13333333333333333
34178,2,0.06666666666666667
34180,2,0.0
34185,2,0.13333333333333333
34207,2,0.0
34215,2,0.13333333333333333
34220,2,0.06666666666666667
34225,2,0.0
34231,2,0.0
34234,2,0.2
34246,2,0.13333333333333333
34247,2,0.0
34249,2,0.0
34250,2,0.06666666666666667
34261,2,0.13333333333333333
34263,2,0.2
34269,2,0.0
34274,2,0.13333333333333333
34282,2,0.0
34285,2,0.06666666666666667
34286,2,0.06666666666666667
34288,2,0.06666666666666667
34291,2,0.0
34297,2,0.06666666666666667
34298,2,0.13333333333333333
34302,2,0.13333333333333333
34307,2,0.06666666666666667
34309,2,0.13333333333333333
34321,2,0.13333333333333333
34324,2,0.2
34329,2,0.3333333333333333
34343,2,0.06666666666666667
34354,2,0.06666666666666667
34362,2,0.0
34375,2,0.0
34376,2,0.0
34381,2,0.0
34387,2,0.06666666666666667
34390,2,0.06666666666666667
34391,2,0.0
34404,2,0.06666666666666667
34408,2,0.13333333333333333
34417,2,0.4666666666666667
34425,2,0.06666666666666667
34426,2,0.26666666666666666
34428,2,0.0
34431,2,0.06666666666666667
34438,2,0.13333333333333333
34441,2,0.06666666666666667
34444,2,0.06666666666666667
34452,2,0.06666666666666667
34456,2,0.06666666666666667
34466,2,0.0
34471,2,0.13333333333333333
34480,2,0.13333333333333333
34484,2,0.26666666666666666
34492,2,0.13333333333333333
34493,2,0.06666666666666667
34498,2,0.3333333333333333
34501,2,0.0
34502,2,0.0
34505,2,0.13333333333333333
34509,2,0.0
34518,2,0.06666666666666667
34525,2,0.06666666666666667
34542,2,0.0
34558,2,0.13333333333333333
34560,2,0.13333333333333333
34563,2,0.0
34572,2,0.13333333333333333
34573,2,0.0
34600,2,0.0
34606,2,0.0
34629,2,0.06666666666666667
34633,2,0.13333333333333333
34634,2,0.0
34638,2,0.06666666666666667
34644,2,0.06666666666666667
34646,2,0.06666666666666667
34657,2,0.06666666666666667
34659,2,0.06666666666666667
34663,2,0.06666666666666667
34668,2,0.13333333333333333
34671,2,0.06666666666666667
34685,2,0.06666666666666667
34690,2,0.2
34692,2,0.2
34705,2,0.0
34706,2,0.13333333333333333
34711,2,0.13333333333333333
34715,2,0.06666666666666667
34740,2,0.13333333333333333
34747,2,0.0
34756,2,0.0
34758,2,0.06666666666666667
34762,2,0.13333333333333333
34765,2,0.0
34773,2,0.0
34780,2,0.0
34785,2,0.0
34786,2,0.0
34788,2,0.06666666666666667
34797,2,0.0
34801,2,0.06666666666666667
34807,2,0.13333333333333333
34816,2,0.06666666666666667
34819,2,0.06666666666666667
34836,2,0.13333333333333333
34849,2,0.06666666666666667
34857,2,0.06666666666666667
34860,2,0.2
34865,2,0.06666666666666667
34874,2,0.2
34877,2,0.13333333333333333
34886,2,0.06666666666666667
34891,2,0.06666666666666667
34892,2,0.06666666666666667
34894,2,0.06666666666666667
34901,2,0.0
34905,2,0.0
34909,2,0.06666666666666667
34913,2,0.06666666666666667
34939,2,0.13333333333333333
34944,2,0.0
34953,2,0.0
34956,2,0.06666666666666667
34960,2,0.06666666666666667
34972,2,0.06666666666666667
34980,2,0.06666666666666667
34987,2,0.13333333333333333
35001,2,0.0
35002,2,0.2
35007,2,0.13333333333333333
35022,2,0.06666666666666667
35023,2,0.13333333333333333
35034,2,0.2
35035,2,0.26666666666666666
35044,2,0.0
35045,2,0.13333333333333333
35046,2,0.0
35049,2,0.06666666666666667
35053,2,0.06666666666666667
35056,2,0.06666666666666667
35064,2,0.06666666666666667
35069,2,0.0
35077,2,0.13333333333333333
35081,2,0.13333333333333333
35086,2,0.06666666666666667
35087,2,0.06666666666666667
35105,2,0.13333333333333333
35108,2,0.0
35112,2,0.06666666666666667
35126,2,0.0
35131,2,0.13333333333333333
35137,2,0.06666666666666667
35147,2,0.06666666666666667
35151,2,0.13333333333333333
35153,2,0.2
35173,2,0.26666666666666666
35177,2,0.06666666666666667
35178,2,0.0
35184,2,0.06666666666666667
35189,2,0.2
35190,2,0.13333333333333333
35191,2,0.06666666666666667
35198,2,0.2
35208,2,0.0
35210,2,0.06666666666666667
35212,2,0.2
35225,2,0.13333333333333333
35228,2,0.6666666666666666
35229,2,0.0
35246,2,0.0
35248,2,0.06666666666666667
35250,2,0.3333333333333333
35253,2,0.2
35268,2,0.13333333333333333
35273,2,0.06666666666666667
35276,2,0.06666666666666667
35284,2,0.13333333333333333
35296,2,0.13333333333333333
35300,2,0.4
35305,2,0.06666666666666667
35306,2,0.0
35315,2,0.06666666666666667
35318,2,0.13333333333333333
35326,2,0.06666666666666667
35330,2,0.26666666666666666
35331,2,0.0
35333,2,0.06666666666666667
35337,2,0.06666666666666667
35338,2,0.0
35349,2,0.06666666666666667
35360,2,0.06666666666666667
35379,2,0.06666666666666667
35380,2,0.0
35381,2,0.0
35398,2,0.2
35404,2,0.13333333333333333
35412,2,0.06666666666666667
35413,2,0.06666666666666667
35416,2,0.06666666666666667
35428,2,0.0
35430,2,0.0
35441,2,0.0
35448,2,0.13333333333333333
35449,2,0.0
35452,2,0.0
35464,2,0.06666666666666667
35468,2,0.06666666666666667
35480,2,0.13333333333333333
35489,2,0.06666666666666667
35491,2,0.0
35496,2,0.13333333333333333
35506,2,0.13333333333333333
35510,2,0.13333333333333333
35512,2,0.13333333333333333
35517,2,0.06666666666666667
35521,2,0.0
35528,2,0.0
35540,2,0.06666666666666667
35544,2,0.13333333333333333
35549,2,0.0
35553,2,0.0
35566,2,0.0
35568,2,0.13333333333333333
35581,2,0.2
35585,2,0.13333333333333333
35591,2,0.13333333333333333
35595,2,0.13333333333333333
35596,2,0.2
35604,2,0.0
35606,2,0.13333333333333333
35608,2,0.0
35618,2,0.2
35622,2,0.2
35629,2,0.0
35631,2,0.0
35635,2,0.06666666666666667
35638,2,0.06666666666666667
35643,2,0.0
35649,2,0.06666666666666667
35651,2,0.2
35658,2,0.0
35670,2,0.13333333333333333
35671,2,0.13333333333333333
35675,2,0.06666666666666667
35676,2,0.13333333333333333
35688,2,0.13333333333333333
35690,2,0.06666666666666667
35692,2,0.06666666666666667
35699,2,0.0
35701,2,0.06666666666666667
35703,2,0.26666666666666666
35709,2,0.06666666666666667
35716,2,0.06666666666666667
35726,2,0.06666666666666667
35728,2,0.0
35737,2,0.13333333333333333
35763,2,0.13333333333333333
35766,2,0.0
35772,2,0.06666666666666667
35776,2,0.13333333333333333
35787,2,0.06666666666666667
35809,2,0.0
35811,2,0.2
35814,2,0.0
35818,2,0.06666666666666667
35820,2,0.06666666666666667
35825,2,0.06666666666666667
35827,2,0.13333333333333333
35832,2,0.0
35833,2,0.2
35838,2,0.2
35839,2,0.26666666666666666
35844,2,0.0
35845,2,0.0
35847,2,0.06666666666666667
35848,2,0.06666666666666667
35869,2,0.0
35876,2,0.06666666666666667
35877,2,0.0
35879,2,0.06666666666666667
35886,2,0.26666666666666666
35918,2,0.06666666666666667
35926,2,0.06666666666666667
35934,2,0.2
35935,2,0.13333333333333333
35940,2,0.3333333333333333
35951,2,0.26666666666666666
35953,2,0.0
35955,2,0.3333333333333333
35958,2,0.0
35962,2,0.13333333333333333
35975,2,0.2
35986,2,0.13333333333333333
36000,2,0.06666666666666667
36022,2,0.13333333333333333
36023,2,0.4666666666666667
36043,2,0.26666666666666666
36049,2,0.3333333333333333
36056,2,0.3333333333333333
36061,2,0.2
36062,2,0.13333333333333333
36063,2,0.0
36066,2,0.2
36069,2,0.0
36076,2,0.06666666666666667
36083,2,0.2
36092,2,0.13333333333333333
36094,2,0.26666666666666666
36096,2,0.26666666666666666
36108,2,0.13333333333333333
36111,2,0.2
36112,2,0.0
36134,2,0.26666666666666666
36141,2,0.13333333333333333
36142,2,0.3333333333333333
36152,2,0.06666666666666667
36158,2,0.06666666666666667
36182,2,0.0
36188,2,0.4
36197,2,0.06666666666666667
36209,2,0.06666666666666667
36215,2,0.13333333333333333
36224,2,0.6
36229,2,0.13333333333333333
36232,2,0.0
36243,2,0.4666666666666667
36244,2,0.3333333333333333
36251,2,0.4666666666666667
36258,2,0.3333333333333333
36259,2,0.7333333333333333
36260,2,0.26666666666666666
36267,2,0.26666666666666666
36279,2,0.3333333333333333
36281,2,0.26666666666666666
36283,2,0.26666666666666666
36305,2,0.4
36311,2,0.4666666666666667
36315,2,0.4
36316,2,0.26666666666666666
36325,2,0.5333333333333333
36342,2,0.6666666666666666
36343,2,0.4666666666666667
36345,2,0.26666666666666666
36356,2,0.7333333333333333
36357,2,0.4
36366,2,0.3333333333333333
36382,2,0.5333333333333333
36388,2,0.13333333333333333
36397,2,0.26666666666666666
36408,2,0.26666666666666666
36412,2,0.6666666666666666
36413,2,0.4666666666666667
36417,2,0.6
36435,2,0.2
36437,2,0.26666666666666666
36442,2,0.4666666666666667
36457,2,0.6666666666666666
36462,2,0.26666666666666666
36466,2,0.3333333333333333
36470,2,0.3333333333333333
36471,2,0.2
36481,2,0.26666666666666666
36497,2,0.4
36514,2,0.4
36520,2,0.2
36521,2,0.4666666666666667
36526,2,0.3333333333333333
36528,2,0.0
36535,2,0.4
36539,2,0.3333333333333333
36541,2,0.4
36563,2,0.4666666666666667
36571,2,0.4666666666666667
36577,2,0.3333333333333333
36578,2,0.26666666666666666
36583,2,0.6
36589,2,0.5333333333333333
36592,2,0.2
36611,2,0.6
36616,2,0.5333333333333333
36625,2,0.4
36643,2,0.4
36660,2,0.7333333333333333
36667,2,0.4
36678,2,0.4666666666666667
36680,2,0.3333333333333333
36695,2,0.3333333333333333
36697,2,0.5333333333333333
36699,2,0.6666666666666666
36708,2,0.3333333333333333
36709,2,0.26666666666666666
36716,2,0.4
36720,2,0.8
36724,2,0.3333333333333333
36726,2,0.2
36729,2,0.4
36730,2,0.4
36731,2,0.4666666666666667
36735,2,0.6666666666666666
36743,2,0.26666666666666666
36745,2,0.2
36748,2,0.26666666666666666
36757,2,0.2
36765,2,0.26666666666666666
36769,2,0.26666666666666666
36779,2,0.5333333333333333
36788,2,0.4666666666666667
36793,2,0.4666666666666667
36798,2,0.2
36801,2,0.4
36804,2,0.2
36814,2,0.4
36815,2,0.4
36821,2,0.2
36827,2,0.26666666666666666
36830,2,0.4666666666666667
36832,2,0.26666666666666666
36841,2,0.3333333333333333
36851,2,0.2
36854,2,0.13333333333333333
36863,2,0.4
36873,2,0.3333333333333333
36879,2,0.4
36900,2,0.4666666666666667
36901,2,0.13333333333333333
36907,2,0.2
36913,2,0.26666666666666666
36917,2,0.26666666666666666
36927,2,0.26666666666666666
36935,2,0.4666666666666667
36937,2,0.3333333333333333
36940,2,0.6666666666666666
36944,2,0.6
36952,2,0.4666666666666667
36955,2,0.3333333333333333
36961,2,0.26666666666666666
36965,2,0.13333333333333333
36972,2,0.3333333333333333
36974,2,0.26666666666666666
36978,2,0.3333333333333333
36991,2,0.3333333333333333
36995,2,0.3333333333333333
36998,2,0.4666666666666667
37007,2,0.4
37017,2,0.3333333333333333
37018,2,0.3333333333333333
37021,2,0.8666666666666667
37022,2,0.13333333333333333
37031,2,0.4
37039,2,0.26666666666666666
37046,2,0.2
37063,2,0.3333333333333333
37065,2,0.3333333333333333
37068,2,0.2
37071,2,0.3333333333333333
37072,2,0.4666666666666667
37082,2,0.4
37096,2,0.26666666666666666
37100,2,0.6666666666666666
37115,2,0.2
37119,2,0.2
37122,2,0.2
37127,2,0.13333333333333333
37128,2,0.4666666666666667
37148,2,0.2
37152,2,0.2
37154,2,0.6
37170,2,0.3333333333333333
37171,2,0.2
37172,2,0.2
37184,2,0.13333333333333333
37202,2,0.26666666666666666
37211,2,0.26666666666666666
37223,2,0.3333333333333333
37231,2,0.13333333333333333
37234,2,0.6666666666666666
37237,2,0.7333333333333333
37249,2,0.2
37250,2,0.3333333333333333
37253,2,0.3333333333333333
37256,2,0.06666666666666667
37258,2,0.6666666666666666
37265,2,0.4
37273,2,0.2
37284,2,0.5333333333333333
37300,2,0.13333333333333333
37303,2,0.26666666666666666
37315,2,0.2
37318,2,0.2
37326,2,0.8
37342,2,0.2
37344,2,0.3333333333333333
37347,2,0.26666666666666666
37355,2,0.6
37361,2,0.4
37363,2,0.4666666666666667
37370,2,0.2
37385,2,0.26666666666666666
37400,2,0.7333333333333333
37407,2,0.06666666666666667
37422,2,0.2
37430,2,0.4
37434,2,0.3333333333333333
37435,2,0.26666666666666666
37440,2,0.6
37450,2,0.4666666666666667
37466,2,0.3333333333333333
37467,2,0.26666666666666666
37470,2,0.3333333333333333
37476,2,0.4
37478,2,0.3333333333333333
37489,2,0.2
37492,2,0.3333333333333333
37494,2,0.3333333333333333
37497,2,0.3333333333333333
37502,2,0.26666666666666666
37504,2,0.3333333333333333
37508,2,0.3333333333333333
37512,2,0.26666666666666666
37516,2,0.4666666666666667
37524,2,0.4
37531,2,0.26666666666666666
37537,2,0.4666666666666667
37544,2,0.2
37552,2,0.3333333333333333
37555,2,0.5333333333333333
37557,2,0.26666666666666666
37568,2,0.4
37570,2,0.3333333333333333
37571,2,0.6666666666666666
37581,2,0.8
37597,2,0.4666666666666667
37600,2,0.13333333333333333
37602,2,0.2
37604,2,0.26666666666666666
37605,2,0.26666666666666666
37612,2,0.3333333333333333
37627,2,0.6666666666666666
37630,2,0.3333333333333333
37637,2,0.26666666666666666
37650,2,0.4
37664,2,0.4666666666666667
37672,2,0.3333333333333333
37675,2,0.7333333333333333
37679,2,0.3333333333333333
37680,2,0.2
37682,2,0.2
37684,2,0.26666666666666666
37685,2,0.4
37694,2,0.2
37699,2,0.4666666666666667
37705,2,0.3333333333333333
37713,2,0.6
37715,2,0.4666666666666667
37736,2,0.5333333333333333
37738,2,0.8
37747,2,0.4666666666666667
37748,2,0.4666666666666667
37751,2,0.3333333333333333
37759,2,0.4
37765,2,0.3333333333333333
37771,2,0.26666666666666666
37774,2,0.13333333333333333
37782,2,0.4
37802,2,0.4
37805,2,0.6666666666666666
37809,2,0.6
37810,2,0.4
37811,2,0.4
37816,2,0.26666666666666666
37819,2,0.7333333333333333
37826,2,0.2
37842,2,0.26666666666666666
37843,2,0.3333333333333333
37855,2,0.3333333333333333
37864,2,0.4666666666666667
37865,2,0.26666666666666666
37874,2,0.4
37898,2,0.4
37900,2,0.4
37912,2,0.2
37922,2,0.2
37925,2,0.6666666666666666
37935,2,0.4
37937,2,0.2
37942,2,0.26666666666666666
37949,2,0.3333333333333333
37958,2,0.26666666666666666
37963,2,0.5333333333333333
37964,2,0.2
37965,2,0.26666666666666666
37967,2,0.2
37969,2,0.6
37970,2,0.6666666666666666
37972,2,0.4666666666666667
37973,2,0.26666666666666666
37977,2,0.4
37988,2,0.6
37992,2,0.4
37994,2,0.3333333333333333
38004,2,0.4666666666666667
38017,2,0.4
38019,2,0.26666666666666666
38023,2,0.4666666666666667
38025,2,0.4
38027,2,0.4666666666666667
38032,2,0.3333333333333333
38034,2,0.5333333333333333
38043,2,0.26666666666666666
38047,2,0.8
38053,2,0.7333333333333333
38055,2,0.26666666666666666
38056,2,0.4
38058,2,0.3333333333333333
38059,2,0.4
38060,2,0.4
38063,2,0.4666666666666667
38071,2,0.7333333333333333
38080,2,0.3333333333333333
38081,2,0.6
38087,2,0.8
38090,2,0.6666666666666666
38098,2,0.4
38101,2,0.4
38104,2,0.4666666666666667
38114,2,0.7333333333333333
38122,2,0.3333333333333333
38128,2,0.6
38131,2,0.5333333333333333
38133,2,0.3333333333333333
38136,2,0.4666666666666667
38138,2,0.6
38144,2,0.4666666666666667
38145,2,0.4
38148,2,0.7333333333333333
38153,2,0.6
38154,2,0.8
38168,2,0.5333333333333333
38177,2,0.26666666666666666
38184,2,0.5333333333333333
38185,2,0.2
38186,2,0.4666666666666667
38202,2,0.3333333333333333
38209,2,0.6666666666666666
38214,2,0.4
38228,2,0.4666666666666667
38229,2,0.4
38232,2,0.4666666666666667
38234,2,0.5333333333333333
38247,2,0.4666666666666667
38249,2,0.4666666666666667
38254,2,0.5333333333333333
38265,2,0.3333333333333333
38273,2,0.5333333333333333
38276,2,0.13333333333333333
38278,2,0.6
38279,2,0.3333333333333333
38280,2,0.4
38283,2,0.6666666666666666
38285,2,0.4
38290,2,0.4666666666666667
38298,2,0.5333333333333333
38308,2,0.4666666666666667
38311,2,0.2
38320,2,0.26666666666666666
38321,2,0.4
38325,2,0.8666666666666667
38326,2,0.26666666666666666
38327,2,0.4666666666666667
38329,2,0.2
38333,2,0.7333333333333333
38340,2,0.3333333333333333
38352,2,0.7333333333333333
38357,2,0.5333333333333333
38360,2,0.26666666666666666
38363,2,0.3333333333333333
38387,2,0.4666666666666667
38389,2,0.4
38394,2,0.4
38396,2,0.4666666666666667
38402,2,0.4666666666666667
38405,2,0.8666666666666667
38412,2,0.2
38421,2,0.13333333333333333
38435,2,0.4
38437,2,0.3333333333333333
38438,2,0.7333333333333333
38441,2,0.3333333333333333
38462,2,0.2
38469,2,0.3333333333333333
38471,2,0.4
38478,2,0.4
38485,2,0.4
38487,2,0.6
38489,2,0.4666666666666667
38491,2,0.6666666666666666
38504,2,0.4
38505,2,0.6666666666666666
38506,2,0.4666666666666667
38510,2,0.4
38513,2,0.3333333333333333
38526,2,0.3333333333333333
38529,2,0.2
38531,2,0.3333333333333333
38534,2,0.3333333333333333
38551,2,0.4
38562,2,0.4666666666666667
38565,2,0.26666666666666666
38567,2,0.3333333333333333
38573,2,0.5333333333333333
38576,2,0.26666666666666666
38582,2,0.26666666666666666
38586,2,0.4666666666666667
38596,2,0.4666666666666667
38602,2,0.26666666666666666
38607,2,0.3333333333333333
38608,2,0.3333333333333333
38613,2,0.3333333333333333
38614,2,0.4
38616,2,0.5333333333333333
38627,2,0.13333333333333333
38630,2,0.2
38639,2,0.4
38649,2,0.8
38658,2,0.2
38659,2,0.4
38661,2,0.5333333333333333
38664,2,0.3333333333333333
38671,2,0.5333333333333333
38675,2,0.3333333333333333
38679,2,0.5333333333333333
38708,2,0.3333333333333333
38711,2,0.8
38714,2,0.6
38715,2,0.7333333333333333
38736,2,0.3333333333333333
38742,2,0.4666666666666667
38758,2,0.7333333333333333
38764,2,0.6666666666666666
38765,2,0.6
38766,2,0.4
38779,2,0.26666666666666666
38788,2,0.4666666666666667
38792,2,0.2
38796,2,0.7333333333333333
38798,2,0.8
38801,2,0.6666666666666666
38807,2,0.4666666666666667
38811,2,0.3333333333333333
38816,2,0.26666666666666666
38818,2,0.4
38819,2,0.6
38828,2,0.6666666666666666
38835,2,0.4
38840,2,0.6666666666666666
38845,2,0.5333333333333333
38853,2,0.2
38881,2,0.5333333333333333
38887,2,0.3333333333333333
38891,2,0.6666666666666666
38893,2,0.26666666666666666
38901,2,0.9333333333333333
38907,2,0.8
38916,2,0.4
38927,2,0.4666666666666667
38936,2,0.6
38940,2,0.3333333333333333
38945,2,0.4
38946,2,0.4
38948,2,0.5333333333333333
38949,2,0.5333333333333333
38952,2,0.6666666666666666
38955,2,0.6666666666666666
38967,2,0.9333333333333333
38971,2,0.2
38984,2,0.26666666666666666
38996,2,0.4666666666666667
39011,2,0.13333333333333333
39020,2,0.3333333333333333
39028,2,0.4
39031,2,0.4
39032,2,0.2
39037,2,0.6
39038,2,0.3333333333333333
39046,2,0.7333333333333333
39047,2,0.8
39051,2,0.4666666666666667
39054,2,0.4
39057,2,0.4
39065,2,0.5333333333333333
39091,2,0.3333333333333333
39102,2,0.5333333333333333
39128,2,0.4666666666666667
39137,2,0.6666666666666666
39139,2,0.4
39143,2,0.26666666666666666
39149,2,0.4666666666666667
39150,2,0.5333333333333333
39166,2,0.5333333333333333
39167,2,0.9333333333333333
39180,2,0.8666666666666667
39181,2,0.6
39189,2,0.26666666666666666
39200,2,0.3333333333333333
39201,2,0.6666666666666666
39202,2,0.5333333333333333
39226,2,0.8666666666666667
39228,2,0.8
39238,2,0.3333333333333333
39244,2,0.7333333333333333
39249,2,0.7333333333333333
39253,2,0.3333333333333333
39264,2,0.5333333333333333
39284,2,0.7333333333333333
39288,2,0.4
39290,2,0.2
39305,2,0.8666666666666667
39306,2,0.2
39318,2,0.26666666666666666
39319,2,0.3333333333333333
39322,2,0.8
39323,2,0.8
39339,2,0.6666666666666666
39348,2,0.9333333333333333
39356,2,0.8
39367,2,0.3333333333333333
39381,2,0.6666666666666666
39383,2,0.4
39386,2,0.6
39400,2,0.3333333333333333
39401,2,0.4
39414,2,0.7333333333333333
39431,2,0.4666666666666667
39432,2,0.6666666666666666
39433,2,0.6666666666666666
39452,2,0.4666666666666667
39454,2,0.6666666666666666
39457,2,0.7333333333333333
39458,2,0.3333333333333333
39461,2,0.5333333333333333
39472,2,0.5333333333333333
39484,2,0.6666666666666666
39493,2,0.6
39499,2,0.6666666666666666
39502,2,0.4666666666666667
39505,2,0.7333333333333333
39517,2,0.2
39528,2,0.06666666666666667
39550,2,0.4
39558,2,0.8666666666666667
39569,2,0.6666666666666666
39572,2,0.7333333333333333
39582,2,0.8
39594,2,0.7333333333333333
39605,2,0.8
39606,2,0.8666666666666667
39608,2,0.6666666666666666
39609,2,0.26666666666666666
39614,2,0.9333333333333333
39622,2,0.4666666666666667
39632,2,0.13333333333333333
39643,2,0.7333333333333333
39644,2,0.8
39649,2,0.9333333333333333
39657,2,0.8666666666666667
39664,2,0.9333333333333333
39667,2,0.6
39671,2,0.06666666666666667
39672,2,0.3333333333333333
39675,2,0.8
39683,2,0.26666666666666666
39687,2,0.5333333333333333
39694,2,0.4
39698,2,0.4
39703,2,0.5333333333333333
39706,2,0.2
39707,2,0.4
39712,2,0.7333333333333333
39716,2,0.4666666666666667
39719,2,0.8
39728,2,0.6666666666666666
39729,2,0.6
39741,2,0.13333333333333333
39748,2,0.3333333333333333
39758,2,0.26666666666666666
39760,2,0.6666666666666666
39764,2,0.5333333333333333
39780,2,0.13333333333333333
39785,2,0.6666666666666666
39794,2,0.13333333333333333
39802,2,0.8
39805,2,0.4666666666666667
39806,2,0.6
39807,2,0.8
39808,2,0.4
39822,2,0.4666666666666667
39828,2,0.8666666666666667
39829,2,0.7333333333333333
39839,2,0.0
39840,2,0.5333333333333333
39842,2,0.6666666666666666
39846,2,0.8
39850,2,0.26666666666666666
39885,2,0.5333333333333333
39891,2,0.7333333333333333
39896,2,0.8666666666666667
39899,2,0.8666666666666667
39904,2,0.3333333333333333
39905,2,0.7333333333333333
39922,2,0.26666666666666666
39927,2,0.4
39942,2,0.4
39944,2,0.8
39946,2,0.06666666666666667
39953,2,0.6666666666666666
39970,2,0.2
39973,2,0.4666666666666667
39978,2,0.4
39984,2,0.6
39991,2,0.13333333333333333
39994,2,0.4666666666666667
39997,2,0.5333333333333333
40000,2,0.06666666666666667
40012,2,0.4
40014,2,0.9333333333333333
40024,2,0.8
40026,2,0.8
40028,2,0.3333333333333333
40030,2,0.8666666666666667
40035,2,0.4
40053,2,0.8666666666666667
40067,2,0.7333333333333333
40070,2,0.6666666666666666
40071,2,0.4666666666666667
40086,2,0.13333333333333333
40092,2,0.6666666666666666
40097,2,0.2
40101,2,0.3333333333333333
40109,2,0.4666666666666667
40121,2,0.5333333333333333
40123,2,0.7333333333333333
40124,2,0.4
40136,2,0.3333333333333333
40149,2,0.4666666666666667
40150,2,0.4666666666666667
40152,2,0.3333333333333333
40156,2,0.9333333333333333
40159,2,0.4666666666666667
40165,2,0.4666666666666667
40174,2,0.8
40176,2,0.6666666666666666
40181,2,0.6
40182,2,0.13333333333333333
40193,2,0.8
40198,2,0.4
40200,2,0.4
40203,2,0.6
40204,2,0.7333333333333333
40205,2,0.4
40206,2,0.5333333333333333
40212,2,0.5333333333333333
40214,2,0.6
40220,2,0.5333333333333333
40224,2,0.4666666666666667
40225,2,0.8
40232,2,0.6666666666666666
40238,2,0.7333333333333333
40242,2,0.8666666666666667
40245,2,0.26666666666666666
40263,2,0.4666666666666667
40273,2,0.9333333333333333
40279,2,0.26666666666666666
40281,2,0.4666666666666667
40286,2,0.9333333333333333
40287,2,0.5333333333333333
40296,2,0.3333333333333333
40300,2,0.9333333333333333
40312,2,0.4666666666666667
40315,2,0.8
40317,2,0.6666666666666666
40329,2,0.7333333333333333
40333,2,0.2
40342,2,0.8666666666666667
40361,2,0.2
40367,2,0.7333333333333333
40379,2,0.7333333333333333
40383,2,0.26666666666666666
40388,2,0.6666666666666666
40390,2,0.2
40393,2,0.5333333333333333
40419,2,1.0
40421,2,0.7333333333333333
40432,2,0.13333333333333333
40456,2,0.6
40459,2,0.2
40462,2,0.4666666666666667
40471,2,0.8
40480,2,0.9333333333333333
40490,2,0.8666666666666667
40491,2,0.7333333333333333
40494,2,0.5333333333333333
40502,2,0.6666666666666666
40503,2,0.2
40508,2,0.5333333333333333
40522,2,0.13333333333333333
40524,2,0.2
40536,2,0.3333333333333333
40538,2,0.2
40546,2,0.3333333333333333
40548,2,0.4666666666666667
40550,2,0.4666666666666667
40552,2,0.7333333333333333
40559,2,0.8666666666666667
40574,2,0.7333333333333333
40575,2,0.9333333333333333
40580,2,0.26666666666666666
40581,2,0.3333333333333333
40584,2,0.2
40594,2,0.4
40598,2,0.8
40611,2,0.13333333333333333
40615,2,0.4
40616,2,0.2
40634,2,0.13333333333333333
40638,2,0.9333333333333333
40639,2,0.6666666666666666
40642,2,0.8666666666666667
40648,2,0.3333333333333333
40652,2,0.7333333333333333
40658,2,0.4666666666666667
40659,2,0.6
40662,2,0.13333333333333333
40663,2,0.8666666666666667
40669,2,0.5333333333333333
40670,2,0.8666666666666667
40685,2,0.8666666666666667
40686,2,0.8666666666666667
40691,2,0.6666666666666666
40693,2,0.13333333333333333
40696,2,0.2
40699,2,0.6666666666666666
40703,2,0.4
40704,2,0.5333333333333333
40721,2,0.8
40724,2,0.4666666666666667
40728,2,0.7333333333333333
40730,2,0.5333333333333333
40733,2,0.3333333333333333
40735,2,0.9333333333333333
40737,2,0.5333333333333333
40740,2,0.5333333333333333
40741,2,0.8666666666666667
40743,2,0.2
40746,2,0.6
40755,2,0.7333333333333333
40760,2,0.4666666666666667
40780,2,0.8
40784,2,0.8666666666666667
40786,2,0.8
40789,2,0.6
40790,2,0.4
40792,2,0.4666666666666667
40799,2,0.7333333333333333
40801,2,0.6666666666666666
40802,2,0.4666666666666667
40824,2,0.4
40833,2,0.4
40843,2,0.06666666666666667
40848,2,0.6
40850,2,0.4
40875,2,0.8
40878,2,0.5333333333333333
40882,2,0.6
40886,2,0.6666666666666666
40889,2,0.26666666666666666
40892,2,0.13333333333333333
40894,2,0.6
40908,2,0.06666666666666667
40918,2,0.7333333333333333
40920,2,0.3333333333333333
40921,2,0.3333333333333333
40924,2,0.3333333333333333
40927,2,0.7333333333333333
40931,2,0.6666666666666666
40937,2,0.13333333333333333
40938,2,0.2
40943,2,0.7333333333333333
40954,2,0.7333333333333333
40959,2,0.6666666666666666
40962,2,0.6666666666666666
40972,2,0.4
40979,2,0.4
40982,2,0.26666666666666666
40988,2,0.2
40989,2,0.26666666666666666
41000,2,0.13333333333333333
41008,2,0.6
41019,2,0.5333333333333333
41020,2,0.6666666666666666
41025,2,0.5333333333333333
41032,2,0.7333333333333333
41045,2,0.7333333333333333
41048,2,0.3333333333333333
41051,2,0.6666666666666666
41053,2,0.8
41056,2,0.4
41059,2,0.3333333333333333
41064,2,0.6666666666666666
41069,2,0.6666666666666666
41074,2,0.06666666666666667
41076,2,0.4666666666666667
41089,2,0.8666666666666667
41107,2,0.26666666666666666
41109,2,0.6
41110,2,0.8
41113,2,0.8
41114,2,0.7333333333333333
41131,2,0.4666666666666667
41149,2,0.6
41153,2,0.5333333333333333
41154,2,0.7333333333333333
41165,2,0.6666666666666666
41175,2,0.13333333333333333
41177,2,0.3333333333333333
41183,2,0.26666666666666666
15,3,0.0
17,3,0.0
19,3,0.0
22,3,0.0
24,3,0.0
48,3,0.0
50,3,0.0
51,3,0.06666666666666667
56,3,0.06666666666666667
64,3,0.0
71,3,0.0
74,3,0.0
101,3,0.0
106,3,0.06666666666666667
111,3,0.0
112,3,0.0
117,3,0.0
122,3,0.0
124,3,0.0
134,3,0.0
137,3,0.0
151,3,0.0
154,3,0.13333333333333333
155,3,0.06666666666666667
170,3,0.06666666666666667
181,3,0.06666666666666667
190,3,0.0
202,3,0.0
205,3,0.06666666666666667
207,3,0.0
210,3,0.0
214,3,0.13333333333333333
216,3,0.0
223,3,0.06666666666666667
225,3,0.0
227,3,0.06666666666666667
235,3,0.0
239,3,0.06666666666666667
247,3,0.0
254,3,0.06666666666666667
256,3,0.06666666666666667
293,3,0.0
303,3,0.0
306,3,0.06666666666666667
310,3,0.0
316,3,0.0
320,3,0.06666666666666667
324,3,0.06666666666666667
325,3,0.0
328,3,0.0
333,3,0.2
335,3,0.06666666666666667
361,3,0.0
384,3,0.06666666666666667
385,3,0.0
396,3,0.0
400,3,0.0
401,3,0.06666666666666667
407,3,0.0
414,3,0.0
418,3,0.0
429,3,0.0
434,3,0.06666666666666667
438,3,0.06666666666666667
439,3,0.13333333333333333
440,3,0.0
449,3,0.0
453,3,0.0
455,3,0.13333333333333333
475,3,0.0
476,3,0.06666666666666667
477,3,0.0
481,3,0.13333333333333333
486,3,0.06666666666666667
508,3,0.06666666666666667
511,3,0.06666666666666667
523,3,0.0
525,3,0.0
526,3,0.0
529,3,0.13333333333333333
531,3,0.06666666666666667
532,3,0.0
560,3,0.0
564,3,0.0
576,3,0.06666666666666667
579,3,0.0
580,3,0.0
581,3,0.0
585,3,0.0
588,3,0.0
589,3,0.06666666666666667
596,3,0.0
599,3,0.0
603,3,0.0
605,3,0.06666666666666667
608,3,0.0
616,3,0.0
617,3,0.0
619,3,0.0
620,3,0.0
637,3,0.06666666666666667
641,3,0.0
643,3,0.0
652,3,0.0
655,3,0.0
662,3,0.0
663,3,0.0
664,3,0.0
666,3,0.0
670,3,0.0
673,3,0.13333333333333333
716,3,0.0
718,3,0.0
719,3,0.0
726,3,0.13333333333333333
729,3,0.0
741,3,0.0
749,3,0.0
754,3,0.0
755,3,0.0
756,3,0.06666666666666667
758,3,0.0
764,3,0.0
767,3,0.0
775,3,0.13333333333333333
786,3,0.0
790,3,0.06666666666666667
793,3,0.0
797,3,0.06666666666666667
806,3,0.0
813,3,0.0
841,3,0.0
850,3,0.13333333333333333
852,3,0.0
856,3,0.13333333333333333
857,3,0.0
866,3,0.0
873,3,0.0
877,3,0.06666666666666667
884,3,0.06666666666666667
893,3,0.0
916,3,0.13333333333333333
935,3,0.0
949,3,0.13333333333333333
951,3,0.06666666666666667
953,3,0.0
957,3,0.13333333333333333
959,3,0.06666666666666667
962,3,0.0
966,3,0.06666666666666667
971,3,0.0
978,3,0.06666666666666667
979,3,0.0
980,3,0.06666666666666667
984,3,0.06666666666666667
985,3,0.13333333333333333
990,3,0.0
996,3,0.06666666666666667
998,3,0.06666666666666667
1000,3,0.0
1004,3,0.0
1014,3,0.06666666666666667
1039,3,0.06666666666666667
1058,3,0.0
1062,3,0.0
1063,3,0.06666666666666667
1064,3,0.0
1065,3,0.13333333333333333
1073,3,0.0
1075,3,0.0
1081,3,0.0
1092,3,0.0
1098,3,0.0
1104,3,0.06666666666666667
1105,3,0.0
1106,3,0.13333333333333333
1117,3,0.0
1121,3,0.0
1123,3,0.2
1125,3,0.0
1130,3,0.06666666666666667
1131,3,0.0
1134,3,0.0
1139,3,0.0
1147,3,0.0
1151,3,0.0
1163,3,0.0
1164,3,0.06666666666666667
1168,3,0.0
1178,3,0.0
1211,3,0.0
1212,3,0.06666666666666667
1215,3,0.0
1217,3,0.0
1231,3,0.0
1233,3,0.06666666666666667
1237,3,0.06666666666666667
1243,3,0.0
1246,3,0.0
1248,3,0.0
1252,3,0.0
1253,3,0.06666666666666667
1262,3,0.0
1280,3,0.06666666666666667
1290,3,0.0
1296,3,0.0
1301,3,0.06666666666666667
1303,3,0.0
1304,3,0.0
1307,3,0.0
1312,3,0.0
1318,3,0.0
1321,3,0.0
1322,3,0.06666666666666667
1327,3,0.2
1339,3,0.06666666666666667
1340,3,0.0
1347,3,0.0
1351,3,0.0
1360,3,0.0
1363,3,0.0
1364,3,0.0
1365,3,0.0
1371,3,0.0
1375,3,0.0
1376,3,0.06666666666666667
1377,3,0.0
1378,3,0.0
1379,3,0.0
1387,3,0.0
1399,3,0.0
1401,3,0.0
1402,3,0.06666666666666667
1414,3,0.0
1415,3,0.13333333333333333
1421,3,0.13333333333333333
1422,3,0.06666666666666667
1424,3,0.0
1425,3,0.0
1426,3,0.0
1435,3,0.06666666666666667
1440,3,0.06666666666666667
1446,3,0.06666666666666667
1451,3,0.06666666666666667
1453,3,0.0
1456,3,0.0
1460,3,0.0
1463,3,0.06666666666666667
1468,3,0.0
1470,3,0.13333333333333333
1472,3,0.13333333333333333
1483,3,0.06666666666666667
1487,3,0.06666666666666667
1491,3,0.0
1504,3,0.0
1508,3,0.0
1527,3,0.0
1530,3,0.0
1532,3,0.0
1538,3,0.06666666666666667
1539,3,0.06666666666666667
1540,3,0.0
1546,3,0.0
1555,3,0.13333333333333333
1557,3,0.0
1558,3,0.0
1562,3,0.0
1565,3,0.0
1572,3,0.0
1581,3,0.0
1589,3,0.06666666666666667
1591,3,0.06666666666666667
1596,3,0.06666666666666667
1598,3,0.0
1603,3,0.0
1604,3,0.0
1611,3,0.0
1613,3,0.06666666666666667
1617,3,0.06666666666666667
1620,3,0.0
1624,3,0.0
1626,3,0.0
1634,3,0.06666666666666667
1643,3,0.06666666666666667
1649,3,0.0
1651,3,0.0
1660,3,0.06666666666666667
1675,3,0.0
1677,3,0.06666666666666667
1679,3,0.0
1681,3,0.0
1690,3,0.06666666666666667
1696,3,0.0
1700,3,0.06666666666666667
1703,3,0.0
1710,3,0.0
1715,3,0.0
1725,3,0.0
1740,3,0.0
1742,3,0.0
1749,3,0.0
1757,3,0.0
1758,3,0.06666666666666667
1759,3,0.06666666666666667
1761,3,0.06666666666666667
1768,3,0.06666666666666667
1778,3,0.06666666666666667
1786,3,0.06666666666666667
1788,3,0.0
1789,3,0.13333333333333333
1794,3,0.0
1799,3,0.0
1809,3,0.0
1823,3,0.2
1826,3,0.0
1829,3,0.2
1830,3,0.0
1838,3,0.0
1843,3,0.0
1862,3,0.0
1868,3,0.0
1869,3,0.0
1872,3,0.13333333333333333
1873,3,0.06666666666666667
1879,3,0.0
1880,3,0.06666666666666667
1881,3,0.06666666666666667
1892,3,0.0
1895,3,0.06666666666666667
1909,3,0.06666666666666667
1920,3,0.0
1923,3,0.0
1928,3,0.0
1930,3,0.06666666666666667
1939,3,0.06666666666666667
1943,3,0.0
1944,3,0.2
1946,3,0.0
1964,3,0.06666666666666667
1965,3,0.06666666666666667
1971,3,0.06666666666666667
1977,3,0.06666666666666667
1992,3,0.0
1994,3,0.0
1997,3,0.0
2000,3,0.0
2006,3,0.0
2011,3,0.0
2036,3,0.0
2061,3,0.0
2064,3,0.0
2079,3,0.0
2080,3,0.06666666666666667
2082,3,0.0
2087,3,0.0
2091,3,0.0
2093,3,0.0
2100,3,0.06666666666666667
2104,3,0.0
2105,3,0.0
2120,3,0.0
2125,3,0.0
2133,3,0.06666666666666667
2137,3,0.0
2145,3,0.0
2156,3,0.0
2157,3,0.0
2162,3,0.0
2175,3,0.0
2176,3,0.0
2190,3,0.0
2196,3,0.0
2199,3,0.0
2204,3,0.06666666666666667
2207,3,0.0
2211,3,0.0
2218,3,0.0
2225,3,0.06666666666666667
2229,3,0.06666666666666667
2233,3,0.06666666666666667
2242,3,0.0
2250,3,0.0
2274,3,0.0
2282,3,0.06666666666666667
2286,3,0.0
2287,3,0.0
2294,3,0.0
2295,3,0.0
2301,3,0.0
2333,3,0.06666666666666667
2337,3,0.06666666666666667
2352,3,0.13333333333333333
2367,3,0.0
2368,3,0.0
2383,3,0.0
2385,3,0.0
2392,3,0.0
2414,3,0.06666666666666667
2417,3,0.0
2419,3,0.06666666666666667
2430,3,0.06666666666666667
2431,3,0.0
2438,3,0.0
2459,3,0.0
2463,3,0.0
2464,3,0.06666666666666667
2466,3,0.06666666666666667
2473,3,0.13333333333333333
2487,3,0.13333333333333333
2499,3,0.06666666666666667
2504,3,0.06666666666666667
2516,3,0.0
2523,3,0.0
2524,3,0.0
2544,3,0.0
2549,3,0.06666666666666667
2552,3,0.06666666666666667
2553,3,0.06666666666666667
2561,3,0.0
2563,3,0.06666666666666667
2567,3,0.0
2569,3,0.06666666666666667
2571,3,0.06666666666666667
2574,3,0.0
2585,3,0.06666666666666667
2592,3,0.0
2596,3,0.0
2600,3,0.0
2602,3,0.06666666666666667
2608,3,0.0
2614,3,0.0
2631,3,0.0
2644,3,0.0
2646,3,0.0
2650,3,0.0
2655,3,0.0
2681,3,0.0
2682,3,0.0
2690,3,0.0
2698,3,0.06666666666666667
2717,3,0.0
2732,3,0.0
2733,3,0.0
2743,3,0.0
2754,3,0.0
2756,3,0.06666666666666667
2772,3,0.0
2793,3,0.06666666666666667
2800,3,0.0
2801,3,0.0
2805,3,0.0
2810,3,0.06666666666666667
2832,3,0.06666666666666667
2837,3,0.0
2840,3,0.13333333333333333
2842,3,0.13333333333333333
2847,3,0.0
2848,3,0.0
2850,3,0.06666666666666667
2860,3,0.0
2861,3,0.06666666666666667
2864,3,0.0
2870,3,0.06666666666666667
2873,3,0.0
2875,3,0.0
2881,3,0.13333333333333333
2883,3,0.06666666666666667
2884,3,0.0
2885,3,0.0
2904,3,0.06666666666666667
2905,3,0.06666666666666667
2906,3,0.06666666666666667
2916,3,0.0
2918,3,0.13333333333333333
2930,3,0.0
2950,3,0.0
2960,3,0.06666666666666667
2965,3,0.0
2973,3,0.0
2977,3,0.06666666666666667
2979,3,0.06666666666666667
2984,3,0.0
2987,3,0.0
2998,3,0.0
3001,3,0.2
3002,3,0.06666666666666667
3010,3,0.0
3012,3,0.13333333333333333
3014,3,0.0
3015,3,0.0
3021,3,0.0
3024,3,0.06666666666666667
3032,3,0.0
3036,3,0.06666666666666667
3045,3,0.0
3052,3,0.0
3055,3,0.06666666666666667
3063,3,0.06666666666666667
3064,3,0.0
3065,3,0.0
3068,3,0.06666666666666667
3070,3,0.0
3075,3,0.0
3076,3,0.06666666666666667
3077,3,0.06666666666666667
3079,3,0.0
3091,3,0.0
3098,3,0.0
3100,3,0.06666666666666667
3102,3,0.13333333333333333
3103,3,0.0
3105,3,0.0
3109,3,0.0
3118,3,0.06666666666666667
3122,3,0.0
3133,3,0.06666666666666667
3147,3,0.0
3153,3,0.0
3163,3,0.06666666666666667
3165,3,0.0
3169,3,0.06666666666666667
3170,3,0.0
3177,3,0.13333333333333333
3178,3,0.0
3184,3,0.0
3185,3,0.13333333333333333
3188,3,0.0
3195,3,0.06666666666666667
3208,3,0.0
3211,3,0.0
3219,3,0.0
3226,3,0.13333333333333333
3234,3,0.06666666666666667
3236,3,0.0
3240,3,0.0
3248,3,0.06666666666666667
3253,3,0.0
3260,3,0.06666666666666667
3269,3,0.06666666666666667
3272,3,0.0
3277,3,0.0
3280,3,0.06666666666666667
3289,3,0.0
3293,3,0.0
3298,3,0.0
3300,3,0.0
3311,3,0.0
3317,3,0.0
3319,3,0.06666666666666667
3321,3,0.0
3327,3,0.06666666666666667
3332,3,0.0
3333,3,0.13333333333333333
3335,3,0.0
3339,3,0.0
3340,3,0.2
3351,3,0.0
3359,3,0.0
3371,3,0.0
3374,3,0.0
3383,3,0.0
3399,3,0.0
3405,3,0.0
3415,3,0.0
3417,3,0.0
3428,3,0.0
3432,3,0.13333333333333333
3435,3,0.0
3436,3,0.06666666666666667
3458,3,0.0
3468,3,0.0
3480,3,0.0
3482,3,0.0
3485,3,0.13333333333333333
3489,3,0.0
3499,3,0.0
3503,3,0.0
3506,3,0.0
3516,3,0.0
3521,3,0.0
3534,3,0.06666666666666667
3537,3,0.06666666666666667
3538,3,0.13333333333333333
3540,3,0.0
3542,3,0.2
3545,3,0.06666666666666667
3553,3,0.0
3556,3,0.0
3558,3,0.13333333333333333
3560,3,0.0
3577,3,0.0
3586,3,0.13333333333333333
3591,3,0.0
3596,3,0.06666666666666667
3604,3,0.13333333333333333
3609,3,0.0
3616,3,0.0
3618,3,0.0
3619,3,0.06666666666666667
3624,3,0.0
3628,3,0.0
3632,3,0.0
3635,3,0.2
3638,3,0.0
3639,3,0.06666666666666667
3642,3,0.0
3648,3,0.06666666666666667
3649,3,0.0
3653,3,0.0
3672,3,0.06666666666666667
3673,3,0.0
3674,3,0.06666666666666667
3681,3,0.13333333333333333
3683,3,0.0
3691,3,0.0
3695,3,0.06666666666666667
3697,3,0.0
3701,3,0.2
3702,3,0.06666666666666667
3704,3,0.06666666666666667
3706,3,0.0
3708,3,0.0
3711,3,0.06666666666666667
3713,3,0.13333333333333333
3728,3,0.0
3752,3,0.0
3757,3,0.0
3763,3,0.0
3769,3,0.06666666666666667
3776,3,0.2
3777,3,0.0
3780,3,0.06666666666666667
3794,3,0.13333333333333333
3799,3,0.06666666666666667
3800,3,0.06666666666666667
3804,3,0.0
3805,3,0.06666666666666667
3810,3,0.06666666666666667
3818,3,0.06666666666666667
3826,3,0.0
3831,3,0.06666666666666667
3846,3,0.06666666666666667
3852,3,0.0
3859,3,0.0
3861,3,0.0
3866,3,0.06666666666666667
3871,3,0.0
3874,3,0.06666666666666667
3879,3,0.0
3880,3,0.0
3890,3,0.0
3910,3,0.0
3939,3,0.0
3954,3,0.0
3955,3,0.0
3961,3,0.0
3967,3,0.06666666666666667
3969,3,0.0
3970,3,0.0
3971,3,0.06666666666666667
3974,3,0.06666666666666667
3984,3,0.0
3991,3,0.13333333333333333
3999,3,0.06666666666666667
4007,3,0.0
4009,3,0.0
4023,3,0.0
4026,3,0.0
4033,3,0.0
4038,3,0.0
4044,3,0.0
4051,3,0.0
4052,3,0.0
4058,3,0.06666666666666667
4059,3,0.06666666666666667
4063,3,0.0
4066,3,0.0
4068,3,0.06666666666666667
4079,3,0.06666666666666667
4080,3,0.0
4093,3,0.0
4108,3,0.0
4110,3,0.06666666666666667
4111,3,0.06666666666666667
4112,3,0.0
4124,3,0.0
4146,3,0.0
4154,3,0.0
4168,3,0.0
4175,3,0.0
4184,3,0.0
4185,3,0.0
4187,3,0.06666666666666667
4188,3,0.0
4193,3,0.0
4194,3,0.06666666666666667
4210,3,0.0
4211,3,0.0
4212,3,0.0
4220,3,0.0
4223,3,0.0
4225,3,0.0
4227,3,0.06666666666666667
4238,3,0.0
4240,3,0.06666666666666667
4241,3,0.0
4242,3,0.06666666666666667
4247,3,0.0
4248,3,0.06666666666666667
4263,3,0.06666666666666667
4267,3,0.0
4270,3,0.06666666666666667
4284,3,0.0
4290,3,0.0
4300,3,0.0
4302,3,0.06666666666666667
4305,3,0.0
4307,3,0.0
4323,3,0.06666666666666667
4324,3,0.13333333333333333
4332,3,0.0
4337,3,0.0
4351,3,0.06666666666666667
4353,3,0.0
4357,3,0.0
4362,3,0.0
4364,3,0.0
4376,3,0.0
4380,3,0.0
4385,3,0.0
4391,3,0.06666666666666667
4398,3,0.0
4399,3,0.06666666666666667
4403,3,0.06666666666666667
4409,3,0.0
4412,3,0.0
4420,3,0.0
4421,3,0.0
4429,3,0.06666666666666667
4437,3,0.0
4441,3,0.06666666666666667
4444,3,0.06666666666666667
4454,3,0.06666666666666667
4456,3,0.0
4459,3,0.0
4462,3,0.0
4463,3,0.0
4466,3,0.0
4467,3,0.0
4472,3,0.06666666666666667
4476,3,0.0
4487,3,0.06666666666666667
4498,3,0.06666666666666667
4502,3,0.0
4506,3,0.0
4511,3,0.0
4516,3,0.0
4525,3,0.0
4530,3,0.0
4531,3,0.13333333333333333
4533,3,0.0
4536,3,0.0
4546,3,0.0
4548,3,0.0
4567,3,0.0
4591,3,0.0
4593,3,0.0
4599,3,0.0
4600,3,0.0
4602,3,0.0
4606,3,0.0
4614,3,0.0
4616,3,0.13333333333333333
4619,3,0.06666666666666667
4631,3,0.13333333333333333
4632,3,0.06666666666666667
4634,3,0.0
4636,3,0.06666666666666667
4641,3,0.06666666666666667
4642,3,0.0
4651,3,0.0
4668,3,0.06666666666666667
4681,3,0.0
4695,3,0.13333333333333333
4713,3,0.0
4725,3,0.06666666666666667
4726,3,0.06666666666666667
4730,3,0.0
4732,3,0.06666666666666667
4733,3,0.0
4737,3,0.06666666666666667
4744,3,0.06666666666666667
4745,3,0.06666666666666667
4748,3,0.13333333333333333
4749,3,0.0
4750,3,0.06666666666666667
4765,3,0.06666666666666667
4767,3,0.0
4774,3,0.0
4776,3,0.06666666666666667
4783,3,0.0
4788,3,0.0
4799,3,0.0
4800,3,0.0
4804,3,0.06666666666666667
4816,3,0.06666666666666667
4828,3,0.0
4832,3,0.0
4833,3,0.0
4835,3,0.13333333333333333
4839,3,0.06666666666666667
4847,3,0.0
4862,3,0.13333333333333333
4863,3,0.06666666666666667
4878,3,0.0
4879,3,0.06666666666666667
4881,3,0.0
4888,3,0.06666666666666667
4889,3,0.06666666666666667
4904,3,0.0
4909,3,0.0
4912,3,0.0
4917,3,0.0
4928,3,0.06666666666666667
4946,3,0.06666666666666667
4961,3,0.13333333333333333
4970,3,0.06666666666666667
4971,3,0.06666666666666667
4994,3,0.0
4997,3,0.0
5001,3,0.0
5004,3,0.06666666666666667
5009,3,0.0
5016,3,0.0
5019,3,0.06666666666666667
5031,3,0.0
5033,3,0.0
5042,3,0.0
5044,3,0.0
5049,3,0.06666666666666667
5055,3,0.13333333333333333
5065,3,0.0
5072,3,0.06666666666666667
5082,3,0.0
5087,3,0.06666666666666667
5092,3,0.06666666666666667
5101,3,0.06666666666666667
5116,3,0.0
5117,3,0.0
5122,3,0.06666666666666667
5127,3,0.0
5133,3,0.0
5134,3,0.0
5138,3,0.0
5142,3,0.0
5144,3,0.13333333333333333
5153,3,0.0
5154,3,0.0
5158,3,0.0
5164,3,0.13333333333333333
5167,3,0.0
5177,3,0.0
5178,3,0.0
5181,3,0.06666666666666667
5183,3,0.0
5184,3,0.06666666666666667
5186,3,0.0
5193,3,0.06666666666666667
5195,3,0.0
5197,3,0.06666666666666667
5203,3,0.06666666666666667
5210,3,0.06666666666666667
5213,3,0.06666666666666667
5214,3,0.13333333333333333
5243,3,0.0
5252,3,0.0
5253,3,0.06666666666666667
5255,3,0.06666666666666667
5263,3,0.0
5272,3,0.0
5283,3,0.0
5284,3,0.06666666666666667
5292,3,0.06666666666666667
5297,3,0.0
5298,3,0.0
5303,3,0.0
5316,3,0.0
5323,3,0.06666666666666667
5328,3,0.0
5332,3,0.0
5333,3,0.06666666666666667
5338,3,0.06666666666666667
5347,3,0.0
5352,3,0.06666666666666667
5374,3,0.0
5375,3,0.13333333333333333
5377,3,0.0
5398,3,0.0
5400,3,0.0
5402,3,0.0
5413,3,0.06666666666666667
5419,3,0.0
5431,3,0.06666666666666667
5446,3,0.0
5450,3,0.0
5459,3,0.13333333333333333
5466,3,0.06666666666666667
5470,3,0.0
5482,3,0.0
5486,3,0.0
5492,3,0.0
5493,3,0.13333333333333333
5495,3,0.06666666666666667
5506,3,0.06666666666666667
5514,3,0.2
5522,3,0.06666666666666667
5526,3,0.0
5532,3,0.06666666666666667
5540,3,0.0
5546,3,0.0
5552,3,0.0
5557,3,0.0
5574,3,0.0
5588,3,0.06666666666666667
5590,3,0.0
5599,3,0.0
5624,3,0.06666666666666667
5626,3,0.06666666666666667
5631,3,0.0
5642,3,0.0
5645,3,0.0
5646,3,0.0
5655,3,0.06666666666666667
5656,3,0.0
5659,3,0.06666666666666667
5670,3,0.0
5672,3,0.06666666666666667
5678,3,0.0
5684,3,0.0
5685,3,0.06666666666666667
5703,3,0.0
5706,3,0.0
5715,3,0.06666666666666667
5717,3,0.0
5721,3,0.06666666666666667
5724,3,0.0
5735,3,0.0
5737,3,0.06666666666666667
5738,3,0.0
5743,3,0.0
5762,3,0.06666666666666667
5764,3,0.0
5776,3,0.0
5781,3,0.0
5783,3,0.0
5785,3,0.0
5790,3,0.0
5803,3,0.06666666666666667
5804,3,0.0
5805,3,0.0
5807,3,0.06666666666666667
5811,3,0.0
5814,3,0.06666666666666667
5836,3,0.0
5845,3,0.06666666666666667
5847,3,0.0
5859,3,0.0
5862,3,0.06666666666666667
5864,3,0.0
5876,3,0.0
5882,3,0.0
5883,3,0.06666666666666667
5885,3,0.06666666666666667
5913,3,0.13333333333333333
5919,3,0.06666666666666667
5920,3,0.06666666666666667
5929,3,0.06666666666666667
5944,3,0.06666666666666667
5953,3,0.06666666666666667
5955,3,0.06666666666666667
5963,3,0.13333333333333333
5979,3,0.06666666666666667
6001,3,0.0
6009,3,0.0
6015,3,0.0
6019,3,0.0
6037,3,0.0
6039,3,0.0
6053,3,0.0
6056,3,0.0
6060,3,0.0
6068,3,0.0
6080,3,0.06666666666666667
6084,3,0.06666666666666667
6085,3,0.0
6088,3,0.0
6093,3,0.06666666666666667
6098,3,0.13333333333333333
6106,3,0.0
6117,3,0.0
6118,3,0.0
6120,3,0.06666666666666667
6122,3,0.0
6126,3,0.0
6128,3,0.06666666666666667
6134,3,0.0
6136,3,0.06666666666666667
6137,3,0.0
6141,3,0.0
6143,3,0.06666666666666667
6148,3,0.0
6149,3,0.06666666666666667
6150,3,0.0
6158,3,0.0
6159,3,0.0
6166,3,0.0
6172,3,0.0
6173,3,0.0
6180,3,0.0
6186,3,0.06666666666666667
6189,3,0.13333333333333333
6200,3,0.0
6215,3,0.0
6217,3,0.0
6222,3,0.0
6229,3,0.06666666666666667
6236,3,0.0
6244,3,0.0
6247,3,0.0
6252,3,0.0
6253,3,0.13333333333333333
6255,3,0.06666666666666667
6262,3,0.0
6267,3,0.0
6271,3,0.06666666666666667
6283,3,0.0
6287,3,0.0
6300,3,0.13333333333333333
6323,3,0.13333333333333333
6334,3,0.0
6335,3,0.0
6337,3,0.0
6342,3,0.0
6352,3,0.13333333333333333
6353,3,0.06666666666666667
6359,3,0.0
6363,3,0.0
6369,3,0.06666666666666667
6372,3,0.06666666666666667
6375,3,0.06666666666666667
6376,3,0.06666666666666667
6385,3,0.06666666666666667
6398,3,0.06666666666666667
6418,3,0.0
6422,3,0.0
6423,3,0.0
6433,3,0.06666666666666667
6438,3,0.0
6455,3,0.0
6457,3,0.06666666666666667
6458,3,0.06666666666666667
6459,3,0.06666666666666667
6463,3,0.13333333333333333
6465,3,0.0
6470,3,0.06666666666666667
6473,3,0.0
6482,3,0.06666666666666667
6488,3,0.06666666666666667
6497,3,0.06666666666666667
6499,3,0.0
6504,3,0.06666666666666667
6517,3,0.0
6527,3,0.0
6546,3,0.0
6547,3,0.06666666666666667
6560,3,0.06666666666666667
6566,3,0.06666666666666667
6570,3,0.13333333333333333
6574,3,0.0
6579,3,0.0
6581,3,0.0
6584,3,0.06666666666666667
6599,3,0.06666666666666667
6601,3,0.06666666666666667
6602,3,0.06666666666666667
6604,3,0.0
6617,3,0.06666666666666667
6623,3,0.0
6628,3,0.0
6643,3,0.0
6646,3,0.06666666666666667
6650,3,0.0
6651,3,0.0
6652,3,0.0
6659,3,0.06666666666666667
6681,3,0.0
6686,3,0.0
6689,3,0.13333333333333333
6696,3,0.0
6702,3,0.06666666666666667
6726,3,0.06666666666666667
6731,3,0.0
6733,3,0.13333333333333333
6742,3,0.0
6743,3,0.0
6745,3,0.06666666666666667
6750,3,0.0
6758,3,0.06666666666666667
6763,3,0.06666666666666667
6767,3,0.0
6770,3,0.0
6813,3,0.0
6820,3,0.0
6821,3,0.0
6828,3,0.06666666666666667
6832,3,0.06666666666666667
6850,3,0.06666666666666667
6861,3,0.06666666666666667
6862,3,0.0
6869,3,0.0
6879,3,0.0
6884,3,0.06666666666666667
6891,3,0.0
6912,3,0.13333333333333333
6914,3,0.06666666666666667
6927,3,0.0
6929,3,0.0
6946,3,0.13333333333333333
6951,3,0.06666666666666667
6961,3,0.13333333333333333
6964,3,0.13333333333333333
6966,3,0.0
6967,3,0.0
6968,3,0.0
6980,3,0.13333333333333333
6981,3,0.0
6985,3,0.0
6986,3,0.0
6987,3,0.06666666666666667
6996,3,0.0
7007,3,0.13333333333333333
7009,3,0.0
7016,3,0.13333333333333333
7025,3,0.0
7028,3,0.06666666666666667
7030,3,0.06666666666666667
7035,3,0.13333333333333333
7049,3,0.13333333333333333
7052,3,0.0
7055,3,0.0
7056,3,0.0
7065,3,0.0
7069,3,0.0
7072,3,0.0
7088,3,0.0
7101,3,0.0
7105,3,0.0
7107,3,0.0
7113,3,0.0
7114,3,0.06666666666666667
7119,3,0.06666666666666667
7131,3,0.06666666666666667
7148,3,0.0
7151,3,0.0
7152,3,0.0
7157,3,0.0
7159,3,0.0
7172,3,0.0
7186,3,0.0
7187,3,0.0
7191,3,0.0
7199,3,0.13333333333333333
7200,3,0.0
7207,3,0.0
7209,3,0.06666666666666667
7214,3,0.06666666666666667
7232,3,0.0
7233,3,0.0
7242,3,0.0
7243,3,0.06666666666666667
7253,3,0.0
7254,3,0.0
7263,3,0.0
7276,3,0.0
7278,3,0.13333333333333333
7279,3,0.0
7283,3,0.0
7285,3,0.0
7287,3,0.0
7292,3,0.0
7293,3,0.0
7302,3,0.0
7304,3,0.0
7306,3,0.06666666666666667
7309,3,0.0
7313,3,0.06666666666666667
7318,3,0.0
7319,3,0.0
7338,3,0.0
7340,3,0.0
7342,3,0.06666666666666667
7355,3,0.0
7356,3,0.0
7360,3,0.0
7368,3,0.06666666666666667
7372,3,0.0
7379,3,0.06666666666666667
7394,3,0.0
7413,3,0.2
7415,3,0.06666666666666667
7418,3,0.0
7419,3,0.0
7422,3,0.13333333333333333
7430,3,0.0
7438,3,0.06666666666666667
7439,3,0.06666666666666667
7452,3,0.0
7453,3,0.06666666666666667
7462,3,0.0
7470,3,0.13333333333333333
7472,3,0.06666666666666667
7473,3,0.0
7474,3,0.0
7479,3,0.0
7486,3,0.0
7487,3,0.06666666666666667
7500,3,0.0
7504,3,0.0
7522,3,0.0
7526,3,0.06666666666666667
7531,3,0.0
7532,3,0.0
7535,3,0.06666666666666667
7545,3,0.26666666666666666
7549,3,0.0
7562,3,0.0
7565,3,0.0
7579,3,0.06666666666666667
7581,3,0.06666666666666667
7592,3,0.0
7602,3,0.06666666666666667
7605,3,0.0
7609,3,0.0
7610,3,0.0
7623,3,0.06666666666666667
7625,3,0.06666666666666667
7626,3,0.0
7639,3,0.06666666666666667
7640,3,0.06666666666666667
7642,3,0.0
7662,3,0.0
7668,3,0.0
7676,3,0.0
7679,3,0.06666666666666667
7681,3,0.0
7683,3,0.06666666666666667
7693,3,0.06666666666666667
7694,3,0.13333333333333333
7704,3,0.0
7706,3,0.0
7710,3,0.13333333333333333
7728,3,0.0
7736,3,0.0
7740,3,0.06666666666666667
7742,3,0.06666666666666667
7745,3,0.06666666666666667
7770,3,0.06666666666666667
7773,3,0.06666666666666667
7786,3,0.13333333333333333
7795,3,0.06666666666666667
7804,3,0.0
7811,3,0.0
7814,3,0.0
7816,3,0.06666666666666667
7820,3,0.0
7826,3,0.06666666666666667
7830,3,0.06666666666666667
7835,3,0.13333333333333333
7836,3,0.0
7842,3,0.0
7843,3,0.13333333333333333
7845,3,0.0
7864,3,0.06666666666666667
7870,3,0.06666666666666667
7873,3,0.0
7883,3,0.0
7887,3,0.06666666666666667
7888,3,0.0
7894,3,0.06666666666666667
7897,3,0.06666666666666667
7900,3,0.0
7901,3,0.0
7904,3,0.0
7910,3,0.06666666666666667
7916,3,0.0
7920,3,0.0
7925,3,0.0
7931,3,0.0
7962,3,0.0
7964,3,0.26666666666666666
7966,3,0.06666666666666667
7979,3,0.13333333333333333
7980,3,0.0
7986,3,0.0
8008,3,0.06666666666666667
8010,3,0.0
8019,3,0.0
8023,3,0.0
8025,3,0.06666666666666667
8033,3,0.13333333333333333
8036,3,0.0
8052,3,0.06666666666666667
8053,3,0.06666666666666667
8068,3,0.0
8072,3,0.0
8079,3,0.06666666666666667
8080,3,0.0
8085,3,0.06666666666666667
8100,3,0.0
8107,3,0.13333333333333333
8110,3,0.2
8117,3,0.06666666666666667
8124,3,0.13333333333333333
8125,3,0.0
8128,3,0.13333333333333333
8132,3,0.0
8137,3,0.0
8138,3,0.0
8139,3,0.06666666666666667
8167,3,0.0
8170,3,0.0
8172,3,0.0
8176,3,0.0
8182,3,0.06666666666666667
8184,3,0.0
8196,3,0.0
8197,3,0.0
8206,3,0.06666666666666667
8208,3,0.0
8211,3,0.06666666666666667
8214,3,0.0
8217,3,0.0
8219,3,0.13333333333333333
8240,3,0.0
8242,3,0.0
8243,3,0.06666666666666667
8244,3,0.06666666666666667
8245,3,0.0
8249,3,0.0
8253,3,0.06666666666666667
8283,3,0.2
8308,3,0.06666666666666667
8309,3,0.06666666666666667
8312,3,0.0
8313,3,0.06666666666666667
8314,3,0.06666666666666667
8321,3,0.0
8326,3,0.26666666666666666
8327,3,0.0
8341,3,0.0
8355,3,0.0
8377,3,0.0
8381,3,0.0
8384,3,0.0
8386,3,0.0
8394,3,0.06666666666666667
8399,3,0.06666666666666667
8404,3,0.0
8405,3,0.0
8406,3,0.0
8407,3,0.0
8411,3,0.06666666666666667
8412,3,0.0
8415,3,0.06666666666666667
8425,3,0.13333333333333333
8427,3,0.06666666666666667
8441,3,0.06666666666666667
8442,3,0.0
8452,3,0.0
8453,3,0.06666666666666667
8466,3,0.0
8470,3,0.0
8471,3,0.0
8482,3,0.0
8489,3,0.06666666666666667
8494,3,0.0
8498,3,0.0
8501,3,0.0
8504,3,0.0
8514,3,0.0
8526,3,0.0
8536,3,0.06666666666666667
8541,3,0.13333333333333333
8544,3,0.2
8545,3,0.0
8549,3,0.06666666666666667
8566,3,0.06666666666666667
8575,3,0.0
8576,3,0.0
8592,3,0.0
8601,3,0.06666666666666667
8602,3,0.0
8609,3,0.0
8617,3,0.0
8626,3,0.0
8628,3,0.13333333333333333
8633,3,0.13333333333333333
8639,3,0.0
8640,3,0.0
8661,3,0.0
8667,3,0.06666666666666667
8669,3,0.06666666666666667
8670,3,0.06666666666666667
8672,3,0.0
8686,3,0.0
8687,3,0.0
8704,3,0.13333333333333333
8711,3,0.0
8717,3,0.13333333333333333
8719,3,0.0
8726,3,0.0
8737,3,0.06666666666666667
8740,3,0.0
8742,3,0.06666666666666667
8755,3,0.06666666666666667
8765,3,0.0
8767,3,0.06666666666666667
8769,3,0.06666666666666667
8775,3,0.06666666666666667
8784,3,0.0
8791,3,0.0
8795,3,0.0
8801,3,0.06666666666666667
8810,3,0.0
8812,3,0.06666666666666667
8829,3,0.0
8831,3,0.13333333333333333
8834,3,0.0
8837,3,0.0
8839,3,0.06666666666666667
8842,3,0.0
8848,3,0.06666666666666667
8850,3,0.06666666666666667
8851,3,0.06666666666666667
8854,3,0.06666666666666667
8863,3,0.06666666666666667
8878,3,0.0
8880,3,0.0
8881,3,0.0
8882,3,0.0
8889,3,0.0
8900,3,0.06666666666666667
8901,3,0.2
8903,3,0.0
8907,3,0.0
8911,3,0.06666666666666667
8918,3,0.06666666666666667
8927,3,0.06666666666666667
8934,3,0.06666666666666667
8938,3,0.0
8940,3,0.0
8945,3,0.0
8950,3,0.0
8981,3,0.06666666666666667
8989,3,0.0
9011,3,0.06666666666666667
9013,3,0.0
9022,3,0.0
9029,3,0.0
9034,3,0.06666666666666667
9042,3,0.06666666666666667
9052,3,0.2
9057,3,0.0
9058,3,0.06666666666666667
9061,3,0.0
9067,3,0.0
9072,3,0.2
9078,3,0.06666666666666667
9079,3,0.06666666666666667
9083,3,0.06666666666666667
9087,3,0.06666666666666667
9089,3,0.0
9108,3,0.0
9114,3,0.0
9117,3,0.0
9121,3,0.0
9136,3,0.06666666666666667
9138,3,0.06666666666666667
9145,3,0.0
9146,3,0.0
9157,3,0.2
9166,3,0.0
9169,3,0.0
9177,3,0.0
9181,3,0.0
9182,3,0.13333333333333333
9195,3,0.06666666666666667
9207,3,0.0
9212,3,0.06666666666666667
9213,3,0.0
9214,3,0.06666666666666667
9221,3,0.06666666666666667
9222,3,0.0
9224,3,0.0
9226,3,0.0
9234,3,0.0
9248,3,0.06666666666666667
9250,3,0.06666666666666667
9252,3,0.13333333333333333
9255,3,0.0
9259,3,0.13333333333333333
9261,3,0.06666666666666667
9267,3,0.13333333333333333
9277,3,0.0
9286,3,0.0
9295,3,0.13333333333333333
9297,3,0.13333333333333333
9298,3,0.13333333333333333
9301,3,0.0
9310,3,0.06666666666666667
9320,3,0.0
9322,3,0.06666666666666667
9332,3,0.13333333333333333
9335,3,0.0
9336,3,0.0
9345,3,0.0
9350,3,0.0
9365,3,0.0
9366,3,0.13333333333333333
9367,3,0.13333333333333333
9376,3,0.0
9394,3,0.06666666666666667
9430,3,0.06666666666666667
9439,3,0.0
9443,3,0.0
9448,3,0.06666666666666667
9458,3,0.06666666666666667
9459,3,0.06666666666666667
9462,3,0.06666666666666667
9469,3,0.0
9479,3,0.06666666666666667
9484,3,0.0
9485,3,0.2
9489,3,0.0
9492,3,0.0
9509,3,0.13333333333333333
9514,3,0.06666666666666667
9521,3,0.0
9536,3,0.0
9550,3,0.06666666666666667
9554,3,0.06666666666666667
9557,3,0.06666666666666667
9569,3,0.0
9577,3,0.06666666666666667
9578,3,0.0
9579,3,0.0
9590,3,0.06666666666666667
9598,3,0.06666666666666667
9601,3,0.0
9602,3,0.06666666666666667
9603,3,0.0
9617,3,0.0
9624,3,0.0
9630,3,0.06666666666666667
9642,3,0.2
9649,3,0.13333333333333333
9667,3,0.13333333333333333
9669,3,0.0
9670,3,0.0
9674,3,0.06666666666666667
9675,3,0.06666666666666667
9678,3,0.0
9681,3,0.0
9694,3,0.0
9695,3,0.06666666666666667
9700,3,0.13333333333333333
9707,3,0.0
9714,3,0.06666666666666667
9715,3,0.0
9724,3,0.0
9742,3,0.13333333333333333
9744,3,0.0
9759,3,0.0
9764,3,0.0
9766,3,0.0
9767,3,0.06666666666666667
9770,3,0.06666666666666667
9777,3,0.06666666666666667
9791,3,0.0
9792,3,0.06666666666666667
9794,3,0.13333333333333333
9795,3,0.0
9804,3,0.0
9805,3,0.0
9808,3,0.0
9811,3,0.06666666666666667
9814,3,0.0
9823,3,0.06666666666666667
9841,3,0.13333333333333333
9850,3,0.0
9857,3,0.06666666666666667
9865,3,0.06666666666666667
9880,3,0.0
9881,3,0.06666666666666667
9887,3,0.2
9896,3,0.0
9908,3,0.0
9912,3,0.0
9914,3,0.06666666666666667
9918,3,0.06666666666666667
9919,3,0.0
9926,3,0.0
9934,3,0.0
9943,3,0.06666666666666667
9955,3,0.06666666666666667
9959,3,0.0
9963,3,0.0
9967,3,0.0
9970,3,0.06666666666666667
9975,3,0.0
9978,3,0.06666666666666667
9983,3,0.0
9989,3,0.06666666666666667
9990,3,0.06666666666666667
9991,3,0.0
10015,3,0.06666666666666667
10017,3,0.0
10029,3,0.0
10033,3,0.0
10037,3,0.0
10045,3,0.06666666666666667
10047,3,0.0
10049,3,0.0
10069,3,0.06666666666666667
10070,3,0.0
10074,3,0.0
10089,3,0.0
10096,3,0.0
10099,3,0.0
10102,3,0.0
10140,3,0.06666666666666667
10147,3,0.06666666666666667
10149,3,0.06666666666666667
10151,3,0.0
10154,3,0.06666666666666667
10162,3,0.0
10175,3,0.06666666666666667
10177,3,0.0
10178,3,0.0
10184,3,0.06666666666666667
10185,3,0.06666666666666667
10187,3,0.06666666666666667
10219,3,0.06666666666666667
10221,3,0.0
10243,3,0.13333333333333333
10248,3,0.06666666666666667
10250,3,0.0
10251,3,0.0
10259,3,0.0
10262,3,0.0
10271,3,0.0
10283,3,0.06666666666666667
10289,3,0.13333333333333333
10290,3,0.0
10293,3,0.0
10298,3,0.13333333333333333
10299,3,0.0
10311,3,0.0
10315,3,0.06666666666666667
10317,3,0.0
10319,3,0.06666666666666667
10328,3,0.0
10371,3,0.13333333333333333
10373,3,0.0
10387,3,0.0
10393,3,0.0
10398,3,0.0
10407,3,0.0
10416,3,0.06666666666666667
10419,3,0.0
10428,3,0.0
10431,3,0.0
10433,3,0.0
10435,3,0.2
10442,3,0.13333333333333333
10443,3,0.0
10448,3,0.06666666666666667
10454,3,0.06666666666666667
10455,3,0.0
10460,3,0.0
10470,3,0.13333333333333333
10474,3,0.0
10490,3,0.13333333333333333
10491,3,0.0
10495,3,0.06666666666666667
10516,3,0.06666666666666667
10520,3,0.06666666666666667
10527,3,0.06666666666666667
10528,3,0.06666666666666667
10530,3,0.0
10538,3,0.0
10541,3,0.06666666666666667
10551,3,0.06666666666666667
10563,3,0.06666666666666667
10586,3,0.0
10608,3,0.06666666666666667
10614,3,0.0
10619,3,0.13333333333333333
10636,3,0.0
10647,3,0.06666666666666667
10659,3,0.06666666666666667
10672,3,0.06666666666666667
10675,3,0.0
10679,3,0.0
10688,3,0.06666666666666667
10704,3,0.06666666666666667
10705,3,0.0
10713,3,0.0
10726,3,0.06666666666666667
10727,3,0.06666666666666667
10729,3,0.0
10733,3,0.2
10734,3,0.06666666666666667
10735,3,0.0
10736,3,0.0
10738,3,0.0
10765,3,0.0
10766,3,0.0
10774,3,0.0
10778,3,0.0
10782,3,0.0
10784,3,0.0
10785,3,0.0
10792,3,0.0
10795,3,0.0
10802,3,0.06666666666666667
10810,3,0.06666666666666667
10812,3,0.13333333333333333
10815,3,0.06666666666666667
10820,3,0.13333333333333333
10827,3,0.0
10838,3,0.06666666666666667
10839,3,0.0
10843,3,0.06666666666666667
10844,3,0.06666666666666667
10848,3,0.0
10860,3,0.06666666666666667
10865,3,0.0
10866,3,0.06666666666666667
10875,3,0.06666666666666667
10881,3,0.0
10883,3,0.06666666666666667
10892,3,0.0
10905,3,0.0
10906,3,0.06666666666666667
10908,3,0.0
10910,3,0.06666666666666667
10921,3,0.0
10922,3,0.2
10924,3,0.06666666666666667
10931,3,0.06666666666666667
10941,3,0.0
10954,3,0.0
10957,3,0.0
10965,3,0.06666666666666667
10974,3,0.06666666666666667
10978,3,0.0
10981,3,0.0
10982,3,0.0
10983,3,0.06666666666666667
10984,3,0.13333333333333333
11008,3,0.0
11009,3,0.0
11016,3,0.06666666666666667
11017,3,0.0
11020,3,0.06666666666666667
11029,3,0.06666666666666667
11039,3,0.0
11040,3,0.0
11046,3,0.13333333333333333
11054,3,0.06666666666666667
11055,3,0.06666666666666667
11056,3,0.06666666666666667
11063,3,0.0
11069,3,0.0
11075,3,0.13333333333333333
11076,3,0.06666666666666667
11082,3,0.13333333333333333
11093,3,0.0
11094,3,0.0
11097,3,0.0
11102,3,0.0
11109,3,0.06666666666666667
11114,3,0.0
11116,3,0.0
11126,3,0.0
11127,3,0.0
11129,3,0.0
11130,3,0.06666666666666667
11137,3,0.0
11141,3,0.0
11151,3,0.06666666666666667
11153,3,0.06666666666666667
11163,3,0.06666666666666667
11165,3,0.0
11168,3,0.0
11176,3,0.0
11180,3,0.0
11204,3,0.0
11211,3,0.0
11214,3,0.0
11226,3,0.06666666666666667
11229,3,0.0
11230,3,0.06666666666666667
11231,3,0.0
11239,3,0.06666666666666667
11240,3,0.13333333333333333
11245,3,0.2
11247,3,0.13333333333333333
11256,3,0.06666666666666667
11270,3,0.13333333333333333
11310,3,0.0
11324,3,0.0
11331,3,0.06666666666666667
11336,3,0.13333333333333333
11338,3,0.0
11344,3,0.13333333333333333
11346,3,0.06666666666666667
11348,3,0.13333333333333333
11351,3,0.0
11362,3,0.06666666666666667
11370,3,0.0
11379,3,0.06666666666666667
11390,3,0.0
11404,3,0.06666666666666667
11405,3,0.0
11413,3,0.0
11417,3,0.06666666666666667
11423,3,0.06666666666666667
11429,3,0.13333333333333333
11434,3,0.13333333333333333
11435,3,0.0
11436,3,0.13333333333333333
11439,3,0.0
11446,3,0.0
11452,3,0.0
11458,3,0.0
11459,3,0.0
11469,3,0.0
11489,3,0.0
11495,3,0.0
11502,3,0.2
11505,3,0.06666666666666667
11509,3,0.06666666666666667
11517,3,0.06666666666666667
11519,3,0.06666666666666667
11525,3,0.13333333333333333
11530,3,0.13333333333333333
11533,3,0.0
11540,3,0.06666666666666667
11556,3,0.0
11576,3,0.06666666666666667
11595,3,0.0
11601,3,0.0
11607,3,0.06666666666666667
11612,3,0.0
11614,3,0.06666666666666667
11630,3,0.0
11636,3,0.0
11637,3,0.06666666666666667
11656,3,0.06666666666666667
11665,3,0.0
11670,3,0.13333333333333333
11689,3,0.06666666666666667
11701,3,0.0
11704,3,0.13333333333333333
11714,3,0.13333333333333333
11722,3,0.06666666666666667
11731,3,0.0
11736,3,0.0
11753,3,0.06666666666666667
11766,3,0.0
11768,3,0.0
11769,3,0.0
11772,3,0.0
11773,3,0.0
11782,3,0.0
11784,3,0.0
11793,3,0.06666666666666667
11794,3,0.0
11799,3,0.06666666666666667
11806,3,0.06666666666666667
11810,3,0.0
11823,3,0.0
11835,3,0.13333333333333333
11843,3,0.0
11845,3,0.13333333333333333
11848,3,0.13333333333333333
11872,3,0.0
11879,3,0.0
11886,3,0.06666666666666667
11888,3,0.0
11889,3,0.0
11894,3,0.13333333333333333
11897,3,0.06666666666666667
11915,3,0.06666666666666667
11927,3,0.0
11941,3,0.0
11963,3,0.06666666666666667
11972,3,0.13333333333333333
11983,3,0.0
11986,3,0.06666666666666667
11989,3,0.0
11999,3,0.0
12002,3,0.0
12019,3,0.06666666666666667
12023,3,0.0
12031,3,0.13333333333333333
12033,3,0.06666666666666667
12035,3,0.06666666666666667
12039,3,0.0
12041,3,0.2
12042,3,0.06666666666666667
12047,3,0.13333333333333333
12051,3,0.0
12052,3,0.0
12054,3,0.0
12059,3,0.0
12063,3,0.0
12064,3,0.06666666666666667
12069,3,0.13333333333333333
12072,3,0.06666666666666667
12085,3,0.06666666666666667
12086,3,0.06666666666666667
12089,3,0.0
12090,3,0.13333333333333333
12103,3,0.0
12105,3,0.06666666666666667
12109,3,0.06666666666666667
12117,3,0.0
12121,3,0.06666666666666667
12129,3,0.0
12153,3,0.0
12155,3,0.06666666666666667
12162,3,0.0
12164,3,0.0
12166,3,0.0
12173,3,0.06666666666666667
12177,3,0.06666666666666667
12179,3,0.0
12183,3,0.13333333333333333
12184,3,0.06666666666666667
12186,3,0.13333333333333333
12196,3,0.0
12207,3,0.06666666666666667
12210,3,0.0
12224,3,0.0
12228,3,0.0
12241,3,0.13333333333333333
12248,3,0.0
12250,3,0.06666666666666667
12257,3,0.0
12270,3,0.13333333333333333
12274,3,0.0
12277,3,0.0
12278,3,0.13333333333333333
12280,3,0.0
12283,3,0.06666666666666667
12286,3,0.0
12296,3,0.0
12303,3,0.0
12313,3,0.06666666666666667
12317,3,0.06666666666666667
12327,3,0.13333333333333333
12357,3,0.2
12363,3,0.13333333333333333
12365,3,0.26666666666666666
12369,3,0.06666666666666667
12370,3,0.4
12372,3,0.13333333333333333
12387,3,0.0
12397,3,0.06666666666666667
12398,3,0.06666666666666667
12399,3,0.0
12404,3,0.13333333333333333
12406,3,0.0
12420,3,0.06666666666666667
12431,3,0.0
12434,3,0.2
12461,3,0.06666666666666667
12468,3,0.06666666666666667
12470,3,0.06666666666666667
12480,3,0.13333333333333333
12489,3,0.0
12494,3,0.06666666666666667
12505,3,0.06666666666666667
12506,3,0.0
12508,3,0.13333333333333333
12513,3,0.0
12519,3,0.06666666666666667
12526,3,0.13333333333333333
12536,3,0.0
12537,3,0.06666666666666667
12542,3,0.13333333333333333
12549,3,0.13333333333333333
12550,3,0.13333333333333333
12562,3,0.13333333333333333
12568,3,0.06666666666666667
12572,3,0.06666666666666667
12573,3,0.0
12581,3,0.06666666666666667
12588,3,0.13333333333333333
12601,3,0.13333333333333333
12605,3,0.0
12606,3,0.0
12611,3,0.06666666666666667
12612,3,0.0
12617,3,0.2
12619,3,0.0
12636,3,0.06666666666666667
12638,3,0.0
12650,3,0.0
12658,3,0.06666666666666667
12660,3,0.06666666666666667
12667,3,0.13333333333333333
12673,3,0.2
12681,3,0.0
12685,3,0.0
12691,3,0.06666666666666667
12699,3,0.0
12701,3,0.0
12702,3,0.0
12720,3,0.0
12734,3,0.0
12738,3,0.13333333333333333
12748,3,0.06666666666666667
12752,3,0.06666666666666667
12758,3,0.06666666666666667
12762,3,0.0
12766,3,0.0
12771,3,0.13333333333333333
12778,3,0.13333333333333333
12801,3,0.2
12802,3,0.06666666666666667
12805,3,0.13333333333333333
12815,3,0.0
12821,3,0.13333333333333333
12826,3,0.0
12830,3,0.06666666666666667
12831,3,0.0
12834,3,0.06666666666666667
12843,3,0.0
12847,3,0.13333333333333333
12861,3,0.06666666666666667
12867,3,0.06666666666666667
12888,3,0.06666666666666667
12893,3,0.06666666666666667
12900,3,0.06666666666666667
12907,3,0.0
12910,3,0.06666666666666667
12912,3,0.0
12925,3,0.13333333333333333
12933,3,0.2
12935,3,0.06666666666666667
12947,3,0.0
12957,3,0.06666666666666667
12968,3,0.13333333333333333
12977,3,0.13333333333333333
12981,3,0.0
12987,3,0.2
12989,3,0.13333333333333333
12990,3,0.0
12994,3,0.0
13001,3,0.06666666666666667
13012,3,0.13333333333333333
13019,3,0.06666666666666667
13020,3,0.06666666666666667
13037,3,0.06666666666666667
13038,3,0.06666666666666667
13049,3,0.13333333333333333
13051,3,0.06666666666666667
13075,3,0.0
13078,3,0.0
13085,3,0.0
13098,3,0.06666666666666667
13103,3,0.0
13110,3,0.06666666666666667
13112,3,0.0
13115,3,0.0
13118,3,0.06666666666666667
13119,3,0.06666666666666667
13124,3,0.06666666666666667
13125,3,0.13333333333333333
13130,3,0.06666666666666667
13140,3,0.06666666666666667
13151,3,0.0
13152,3,0.0
13160,3,0.0
13161,3,0.0
13163,3,0.0
13165,3,0.06666666666666667
13173,3,0.0
13176,3,0.06666666666666667
13180,3,0.0
13188,3,0.13333333333333333
13194,3,0.0
13196,3,0.0
13210,3,0.06666666666666667
13212,3,0.26666666666666666
13218,3,0.06666666666666667
13219,3,0.26666666666666666
13221,3,0.2
13222,3,0.06666666666666667
13229,3,0.0
13231,3,0.0
13247,3,0.06666666666666667
13248,3,0.0
13249,3,0.06666666666666667
13259,3,0.13333333333333333
13262,3,0.2
13266,3,0.06666666666666667
13268,3,0.06666666666666667
13279,3,0.06666666666666667
13282,3,0.06666666666666667
13284,3,0.13333333333333333
13287,3,0.13333333333333333
13288,3,0.0
13290,3,0.06666666666666667
13295,3,0.13333333333333333
13299,3,0.0
13315,3,0.13333333333333333
13317,3,0.13333333333333333
13327,3,0.0
13333,3,0.06666666666666667
13334,3,0.13333333333333333
13370,3,0.2
13371,3,0.0
13382,3,0.0
13383,3,0.0
13388,3,0.2
13389,3,0.26666666666666666
13390,3,0.0
13410,3,0.06666666666666667
13411,3,0.13333333333333333
13413,3,0.0
13418,3,0.0
13424,3,0.13333333333333333
13428,3,0.0
13440,3,0.06666666666666667
13446,3,0.0
13448,3,0.0
13450,3,0.06666666666666667
13452,3,0.06666666666666667
13455,3,0.2
13469,3,0.2
13475,3,0.0
13476,3,0.06666666666666667
13478,3,0.0
13480,3,0.0
13485,3,0.13333333333333333
13490,3,0.0
13495,3,0.0
13512,3,0.2
13520,3,0.2
13522,3,0.0
13524,3,0.2
13531,3,0.06666666666666667
13536,3,0.0
13539,3,0.0
13544,3,0.13333333333333333
13566,3,0.0
13567,3,0.06666666666666667
13575,3,0.06666666666666667
13580,3,0.06666666666666667
13582,3,0.26666666666666666
13583,3,0.13333333333333333
13599,3,0.0
13615,3,0.06666666666666667
13636,3,0.06666666666666667
13639,3,0.06666666666666667
13647,3,0.06666666666666667
13652,3,0.13333333333333333
13657,3,0.06666666666666667
13661,3,0.06666666666666667
13675,3,0.0
13676,3,0.06666666666666667
13681,3,0.0
13700,3,0.06666666666666667
13704,3,0.0
13705,3,0.06666666666666667
13713,3,0.06666666666666667
13726,3,0.06666666666666667
13729,3,0.0
13735,3,0.13333333333333333
13738,3,0.06666666666666667
13748,3,0.06666666666666667
13759,3,0.0
13763,3,0.0
13770,3,0.0
13777,3,0.0
13778,3,0.06666666666666667
13779,3,0.13333333333333333
13780,3,0.06666666666666667
13791,3,0.06666666666666667
13797,3,0.0
13803,3,0.06666666666666667
13831,3,0.06666666666666667
13842,3,0.13333333333333333
13844,3,0.13333333333333333
13852,3,0.0
13861,3,0.13333333333333333
13866,3,0.0
13872,3,0.13333333333333333
13875,3,0.0
13876,3,0.0
13882,3,0.0
13887,3,0.13333333333333333
13889,3,0.06666666666666667
13891,3,0.06666666666666667
13894,3,0.0
13897,3,0.13333333333333333
13903,3,0.06666666666666667
13905,3,0.13333333333333333
13912,3,0.06666666666666667
13916,3,0.06666666666666667
13939,3,0.06666666666666667
13949,3,0.06666666666666667
13950,3,0.2
13954,3,0.0
13956,3,0.06666666666666667
13959,3,0.0
13963,3,0.06666666666666667
13970,3,0.2
13973,3,0.06666666666666667
13987,3,0.13333333333333333
13995,3,0.0
13997,3,0.06666666666666667
14001,3,0.06666666666666667
14006,3,0.0
14018,3,0.06666666666666667
14020,3,0.0
14021,3,0.2
14023,3,0.13333333333333333
14029,3,0.06666666666666667
14034,3,0.2
14042,3,0.13333333333333333
14057,3,0.06666666666666667
14061,3,0.06666666666666667
14063,3,0.06666666666666667
14064,3,0.06666666666666667
14073,3,0.13333333333333333
14079,3,0.0
14084,3,0.06666666666666667
14091,3,0.2
14092,3,0.0
14102,3,0.0
14103,3,0.06666666666666667
14109,3,0.06666666666666667
14113,3,0.0
14128,3,0.13333333333333333
14131,3,0.06666666666666667
14141,3,0.13333333333333333
14143,3,0.0
14145,3,0.0
14150,3,0.06666666666666667
14152,3,0.0
14158,3,0.13333333333333333
14175,3,0.0
14181,3,0.2
14182,3,0.0
14189,3,0.13333333333333333
14190,3,0.13333333333333333
14192,3,0.0
14195,3,0.13333333333333333
14197,3,0.0
14199,3,0.13333333333333333
14205,3,0.13333333333333333
14226,3,0.06666666666666667
14237,3,0.06666666666666667
14238,3,0.0
14241,3,0.0
14243,3,0.0
14257,3,0.0
14265,3,0.13333333333333333
14275,3,0.06666666666666667
14276,3,0.13333333333333333
14281,3,0.0
14299,3,0.13333333333333333
14300,3,0.2
14302,3,0.0
14305,3,0.2
14325,3,0.13333333333333333
14337,3,0.06666666666666667
14339,3,0.06666666666666667
14340,3,0.2
14351,3,0.06666666666666667
14354,3,0.06666666666666667
14355,3,0.06666666666666667
14357,3,0.0
14363,3,0.06666666666666667
14364,3,0.06666666666666667
14370,3,0.0
14375,3,0.06666666666666667
14379,3,0.06666666666666667
14382,3,0.06666666666666667
14387,3,0.06666666666666667
14395,3,0.13333333333333333
14403,3,0.0
14405,3,0.0
14410,3,0.0
14414,3,0.0
14419,3,0.0
14423,3,0.06666666666666667
14425,3,0.06666666666666667
14432,3,0.2
14433,3,0.0
14445,3,0.0
14455,3,0.06666666666666667
14465,3,0.06666666666666667
14479,3,0.0
14487,3,0.06666666666666667
14492,3,0.06666666666666667
14493,3,0.13333333333333333
14494,3,0.0
14495,3,0.0
14496,3,0.0
14513,3,0.06666666666666667
14515,3,0.0
14517,3,0.0
14543,3,0.13333333333333333
14550,3,0.0
14552,3,0.0
14566,3,0.13333333333333333
14591,3,0.26666666666666666
14596,3,0.13333333333333333
14597,3,0.0
14605,3,0.06666666666666667
14633,3,0.06666666666666667
14646,3,0.0
14675,3,0.0
14681,3,0.13333333333333333
14693,3,0.06666666666666667
14697,3,0.06666666666666667
14720,3,0.06666666666666667
14727,3,0.06666666666666667
14728,3,0.06666666666666667
14730,3,0.0
14741,3,0.13333333333333333
14744,3,0.0
14750,3,0.06666666666666667
14753,3,0.13333333333333333
14758,3,0.3333333333333333
14761,3,0.06666666666666667
14764,3,0.06666666666666667
14768,3,0.2
14770,3,0.0
14778,3,0.13333333333333333
14788,3,0.0
14789,3,0.06666666666666667
14796,3,0.06666666666666667
14797,3,0.06666666666666667
14824,3,0.13333333333333333
14832,3,0.06666666666666667
14836,3,0.0
14849,3,0.13333333333333333
14865,3,0.13333333333333333
14868,3,0.0
14871,3,0.06666666666666667
14881,3,0.2
14888,3,0.0
14892,3,0.06666666666666667
14894,3,0.0
14897,3,0.06666666666666667
14914,3,0.0
14918,3,0.06666666666666667
14920,3,0.06666666666666667
14940,3,0.13333333333333333
14943,3,0.06666666666666667
14947,3,0.13333333333333333
14965,3,0.0
14977,3,0.06666666666666667
14992,3,0.0
15005,3,0.0
15007,3,0.13333333333333333
15016,3,0.0
15023,3,0.0
15030,3,0.13333333333333333
15031,3,0.13333333333333333
15040,3,0.0
15048,3,0.0
15053,3,0.06666666666666667
15060,3,0.06666666666666667
15068,3,0.06666666666666667
15069,3,0.0
15072,3,0.06666666666666667
15073,3,0.06666666666666667
15075,3,0.0
15078,3,0.06666666666666667
15084,3,0.0
15086,3,0.13333333333333333
15091,3,0.0
15094,3,0.0
15096,3,0.0
15097,3,0.13333333333333333
15099,3,0.13333333333333333
15101,3,0.0
15102,3,0.06666666666666667
15103,3,0.0
15109,3,0.06666666666666667
15111,3,0.0
15115,3,0.0
15118,3,0.06666666666666667
15122,3,0.06666666666666667
15124,3,0.0
15128,3,0.06666666666666667
15142,3,0.06666666666666667
15145,3,0.06666666666666667
15153,3,0.06666666666666667
15155,3,0.06666666666666667
15157,3,0.06666666666666667
15162,3,0.06666666666666667
15171,3,0.06666666666666667
15177,3,0.0
15183,3,0.06666666666666667
15193,3,0.0
15196,3,0.2
15203,3,0.2
15207,3,0.0
15212,3,0.13333333333333333
15235,3,0.0
15237,3,0.06666666666666667
15241,3,0.0
15243,3,0.0
15256,3,0.0
15261,3,0.0
15264,3,0.13333333333333333
15271,3,0.13333333333333333
15283,3,0.13333333333333333
15291,3,0.0
15323,3,0.06666666666666667
15332,3,0.13333333333333333
15341,3,0.06666666666666667
15348,3,0.06666666666666667
15351,3,0.2
15355,3,0.06666666666666667
15358,3,0.06666666666666667
15361,3,0.13333333333333333
15366,3,0.0
15370,3,0.06666666666666667
15375,3,0.13333333333333333
15379,3,0.06666666666666667
15381,3,0.13333333333333333
15382,3,0.26666666666666666
15386,3,0.0
15387,3,0.0
15392,3,0.13333333333333333
15393,3,0.06666666666666667
15394,3,0.0
15400,3,0.13333333333333333
15407,3,0.13333333333333333
15408,3,0.0
15410,3,0.0
15412,3,0.13333333333333333
15414,3,0.0
15425,3,0.2
15427,3,0.13333333333333333
15428,3,0.06666666666666667
15437,3,0.13333333333333333
15438,3,0.2
15443,3,0.06666666666666667
15448,3,0.06666666666666667
15456,3,0.13333333333333333
15459,3,0.2
15472,3,0.06666666666666667
15474,3,0.06666666666666667
15476,3,0.0
15482,3,0.13333333333333333
15483,3,0.13333333333333333
15484,3,0.0
15490,3,0.06666666666666667
15493,3,0.06666666666666667
15494,3,0.06666666666666667
15507,3,0.06666666666666667
15530,3,0.06666666666666667
15532,3,0.2
15548,3,0.13333333333333333
15549,3,0.26666666666666666
15565,3,0.06666666666666667
15568,3,0.06666666666666667
15569,3,0.0
15573,3,0.06666666666666667
15581,3,0.2
15582,3,0.0
15584,3,0.0
15591,3,0.2
15593,3,0.06666666666666667
15596,3,0.0
15598,3,0.13333333333333333
15600,3,0.0
15604,3,0.06666666666666667
15608,3,0.0
15615,3,0.0
15622,3,0.0
15623,3,0.06666666666666667
15626,3,0.2
15629,3,0.0
15631,3,0.0
15634,3,0.0
15641,3,0.06666666666666667
15648,3,0.13333333333333333
15651,3,0.0
15672,3,0.06666666666666667
15674,3,0.13333333333333333
15677,3,0.13333333333333333
15685,3,0.0
15687,3,0.0
15689,3,0.13333333333333333
15699,3,0.0
15700,3,0.06666666666666667
15704,3,0.0
15717,3,0.0
15724,3,0.13333333333333333
15725,3,0.0
15730,3,0.0
15738,3,0.0
15744,3,0.0
15747,3,0.0
15763,3,0.0
15783,3,0.13333333333333333
15787,3,0.06666666666666667
15793,3,0.0
15799,3,0.06666666666666667
15806,3,0.13333333333333333
15811,3,0.0
15817,3,0.0
15820,3,0.06666666666666667
15847,3,0.2
15849,3,0.0
15850,3,0.13333333333333333
15855,3,0.0
15861,3,0.06666666666666667
15867,3,0.0
15873,3,0.06666666666666667
15875,3,0.0
15880,3,0.0
15881,3,0.06666666666666667
15885,3,0.06666666666666667
15889,3,0.06666666666666667
15892,3,0.0
15895,3,0.06666666666666667
15905,3,0.06666666666666667
15911,3,0.06666666666666667
15921,3,0.06666666666666667
15922,3,0.0
15925,3,0.06666666666666667
15929,3,0.13333333333333333
15960,3,0.06666666666666667
15962,3,0.0
15971,3,0.06666666666666667
15973,3,0.13333333333333333
15980,3,0.0
15982,3,0.06666666666666667
15987,3,0.06666666666666667
15993,3,0.0
16003,3,0.06666666666666667
16009,3,0.0
16010,3,0.0
16016,3,0.13333333333333333
16017,3,0.0
16022,3,0.13333333333333333
16031,3,0.06666666666666667
16042,3,0.0
16044,3,0.06666666666666667
16047,3,0.06666666666666667
16057,3,0.0
16060,3,0.06666666666666667
16061,3,0.06666666666666667
16067,3,0.06666666666666667
16090,3,0.2
16091,3,0.13333333333333333
16101,3,0.06666666666666667
16106,3,0.06666666666666667
16107,3,0.0
16110,3,0.06666666666666667
16112,3,0.06666666666666667
16114,3,0.0
16120,3,0.0
16130,3,0.13333333333333333
16136,3,0.06666666666666667
16147,3,0.13333333333333333
16150,3,0.06666666666666667
16177,3,0.06666666666666667
16179,3,0.0
16181,3,0.0
16188,3,0.13333333333333333
16191,3,0.0
16197,3,0.0
16214,3,0.26666666666666666
16218,3,0.06666666666666667
16233,3,0.06666666666666667
16244,3,0.0
16249,3,0.0
16257,3,0.0
16266,3,0.0
16270,3,0.06666666666666667
16274,3,0.0
16301,3,0.0
16302,3,0.06666666666666667
16312,3,0.0
16316,3,0.0
16323,3,0.06666666666666667
16327,3,0.06666666666666667
16339,3,0.06666666666666667
16340,3,0.06666666666666667
16342,3,0.0
16343,3,0.06666666666666667
16348,3,0.0
16354,3,0.26666666666666666
16356,3,0.13333333333333333
16366,3,0.13333333333333333
16368,3,0.06666666666666667
16369,3,0.0
16374,3,0.06666666666666667
16382,3,0.06666666666666667
16386,3,0.06666666666666667
16387,3,0.13333333333333333
16392,3,0.06666666666666667
16394,3,0.06666666666666667
16399,3,0.0
16421,3,0.13333333333333333
16424,3,0.06666666666666667
16432,3,0.0
16434,3,0.13333333333333333
16439,3,0.13333333333333333
16444,3,0.0
16447,3,0.2
16450,3,0.2
16460,3,0.06666666666666667
16465,3,0.06666666666666667
16467,3,0.0
16468,3,0.0
16488,3,0.13333333333333333
16489,3,0.0
16494,3,0.2
16508,3,0.0
16522,3,0.13333333333333333
16523,3,0.0
16524,3,0.06666666666666667
16528,3,0.0
16530,3,0.13333333333333333
16538,3,0.06666666666666667
16539,3,0.3333333333333333
16549,3,0.06666666666666667
16550,3,0.13333333333333333
16551,3,0.0
16565,3,0.0
16570,3,0.13333333333333333
16585,3,0.0
16598,3,0.0
16605,3,0.06666666666666667
16608,3,0.13333333333333333
16624,3,0.0
16642,3,0.0
16646,3,0.06666666666666667
16655,3,0.0
16656,3,0.06666666666666667
16662,3,0.0
16670,3,0.0
16676,3,0.2
16692,3,0.0
16696,3,0.06666666666666667
16703,3,0.13333333333333333
16706,3,0.13333333333333333
16711,3,0.06666666666666667
16712,3,0.06666666666666667
16718,3,0.06666666666666667
16730,3,0.13333333333333333
16735,3,0.13333333333333333
16741,3,0.0
16766,3,0.06666666666666667
16774,3,0.0
16776,3,0.06666666666666667
16784,3,0.0
16790,3,0.0
16802,3,0.2
16818,3,0.0
16820,3,0.0
16827,3,0.06666666666666667
16828,3,0.0
16847,3,0.13333333333333333
16858,3,0.13333333333333333
16884,3,0.0
16886,3,0.13333333333333333
16893,3,0.0
16894,3,0.13333333333333333
16903,3,0.06666666666666667
16909,3,0.06666666666666667
16914,3,0.2
16915,3,0.0
16917,3,0.0
16921,3,0.0
16924,3,0.06666666666666667
16926,3,0.13333333333333333
16938,3,0.06666666666666667
16941,3,0.0
16958,3,0.06666666666666667
16959,3,0.06666666666666667
16964,3,0.06666666666666667
16968,3,0.06666666666666667
16969,3,0.06666666666666667
16970,3,0.0
16989,3,0.0
16996,3,0.13333333333333333
17004,3,0.06666666666666667
17013,3,0.13333333333333333
17016,3,0.06666666666666667
17019,3,0.06666666666666667
17026,3,0.0
17027,3,0.26666666666666666
17032,3,0.06666666666666667
17040,3,0.2
17043,3,0.13333333333333333
17046,3,0.13333333333333333
17049,3,0.0
17065,3,0.0
17080,3,0.06666666666666667
17084,3,0.13333333333333333
17087,3,0.0
17090,3,0.0
17092,3,0.0
17094,3,0.13333333333333333
17105,3,0.0
17109,3,0.06666666666666667
17110,3,0.13333333333333333
17112,3,0.2
17113,3,0.13333333333333333
17119,3,0.0
17130,3,0.06666666666666667
17137,3,0.0
17138,3,0.06666666666666667
17152,3,0.2
17153,3,0.13333333333333333
17156,3,0.26666666666666666
17160,3,0.0
17162,3,0.06666666666666667
17167,3,0.3333333333333333
17171,3,0.0
17177,3,0.2
17183,3,0.13333333333333333
17196,3,0.0
17201,3,0.06666666666666667
17203,3,0.2
17211,3,0.06666666666666667
17218,3,0.2
17236,3,0.06666666666666667
17244,3,0.06666666666666667
17246,3,0.06666666666666667
17250,3,0.06666666666666667
17254,3,0.0
17259,3,0.0
17261,3,0.0
17265,3,0.2
17268,3,0.06666666666666667
17274,3,0.06666666666666667
17278,3,0.0
17279,3,0.06666666666666667
17281,3,0.06666666666666667
17290,3,0.0
17295,3,0.0
17296,3,0.06666666666666667
17309,3,0.13333333333333333
17313,3,0.0
17319,3,0.06666666666666667
17334,3,0.0
17338,3,0.2
17345,3,0.13333333333333333
17351,3,0.06666666666666667
17366,3,0.06666666666666667
17369,3,0.06666666666666667
17374,3,0.0
17383,3,0.06666666666666667
17385,3,0.13333333333333333
17388,3,0.13333333333333333
17390,3,0.06666666666666667
17404,3,0.0
17405,3,0.06666666666666667
17418,3,0.06666666666666667
17421,3,0.06666666666666667
17433,3,0.06666666666666667
17438,3,0.06666666666666667
17439,3,0.06666666666666667
17444,3,0.06666666666666667
17448,3,0.06666666666666667
17459,3,0.06666666666666667
17478,3,0.06666666666666667
17479,3,0.0
17481,3,0.0
17486,3,0.06666666666666667
17491,3,0.0
17505,3,0.0
17507,3,0.06666666666666667
17509,3,0.13333333333333333
17511,3,0.13333333333333333
17514,3,0.06666666666666667
17522,3,0.06666666666666667
17525,3,0.13333333333333333
17526,3,0.06666666666666667
17531,3,0.06666666666666667
17539,3,0.13333333333333333
17541,3,0.2
17546,3,0.06666666666666667
17550,3,0.0
17553,3,0.06666666666666667
17559,3,0.13333333333333333
17560,3,0.13333333333333333
17567,3,0.13333333333333333
17588,3,0.0
17589,3,0.0
17592,3,0.06666666666666667
17603,3,0.13333333333333333
17606,3,0.13333333333333333
17609,3,0.13333333333333333
17616,3,0.06666666666666667
17632,3,0.0
17634,3,0.06666666666666667
17636,3,0.06666666666666667
17637,3,0.0
17652,3,0.0
17654,3,0.0
17663,3,0.13333333333333333
17682,3,0.0
17696,3,0.0
17698,3,0.0
17705,3,0.0
17709,3,0.06666666666666667
17721,3,0.06666666666666667
17730,3,0.0
17732,3,0.0
17735,3,0.0
17736,3,0.0
17737,3,0.13333333333333333
17743,3,0.0
17747,3,0.0
17749,3,0.06666666666666667
17750,3,0.06666666666666667
17755,3,0.06666666666666667
17780,3,0.0
17781,3,0.13333333333333333
17785,3,0.0
17788,3,0.06666666666666667
17789,3,0.0
17796,3,0.06666666666666667
17799,3,0.13333333333333333
17804,3,0.0
17830,3,0.0
17835,3,0.0
17841,3,0.0
17848,3,0.13333333333333333
17866,3,0.0
17880,3,0.0
17887,3,0.06666666666666667
17908,3,0.06666666666666667
17916,3,0.13333333333333333
17917,3,0.0
17924,3,0.13333333333333333
17930,3,0.0
17931,3,0.06666666666666667
17932,3,0.0
17935,3,0.06666666666666667
17936,3,0.13333333333333333
17940,3,0.0
17950,3,0.0
17951,3,0.0
17956,3,0.06666666666666667
17964,3,0.0
17968,3,0.26666666666666666
17979,3,0.13333333333333333
17994,3,0.06666666666666667
18001,3,0.13333333333333333
18012,3,0.0
18020,3,0.0
18021,3,0.0
18022,3,0.13333333333333333
18023,3,0.13333333333333333
18032,3,0.0
18034,3,0.0
18036,3,0.0
18046,3,0.0
18052,3,0.0
18053,3,0.0
18061,3,0.06666666666666667
18062,3,0.0
18064,3,0.06666666666666667
18079,3,0.2
18091,3,0.0
18094,3,0.0
18097,3,0.13333333333333333
18117,3,0.06666666666666667
18122,3,0.13333333333333333
18128,3,0.06666666666666667
18129,3,0.13333333333333333
18135,3,0.0
18139,3,0.0
18145,3,0.0
18146,3,0.06666666666666667
18167,3,0.0
18170,3,0.13333333333333333
18171,3,0.0
18183,3,0.06666666666666667
18195,3,0.2
18203,3,0.13333333333333333
18225,3,0.13333333333333333
18241,3,0.0
18242,3,0.2
18249,3,0.06666666666666667
18261,3,0.06666666666666667
18265,3,0.0
18271,3,0.0
18292,3,0.13333333333333333
18306,3,0.0
18316,3,0.0
18318,3,0.0
18319,3,0.0
18325,3,0.0
18334,3,0.0
18336,3,0.0
18337,3,0.0
18340,3,0.0
18342,3,0.0
18344,3,0.0
18358,3,0.13333333333333333
18361,3,0.0
18362,3,0.0
18365,3,0.06666666666666667
18377,3,0.06666666666666667
18391,3,0.06666666666666667
18402,3,0.13333333333333333
18417,3,0.13333333333333333
18429,3,0.13333333333333333
18433,3,0.0
18442,3,0.2
18445,3,0.0
18449,3,0.2
18452,3,0.0
18458,3,0.0
18466,3,0.13333333333333333
18477,3,0.0
18488,3,0.0
18490,3,0.13333333333333333
18492,3,0.0
18493,3,0.0
18495,3,0.06666666666666667
18496,3,0.0
18501,3,0.06666666666666667
18509,3,0.06666666666666667
18510,3,0.0
18531,3,0.0
18536,3,0.2
18539,3,0.0
18543,3,0.06666666666666667
18547,3,0.06666666666666667
18565,3,0.0
18567,3,0.0
18582,3,0.0
18591,3,0.0
18594,3,0.0
18595,3,0.06666666666666667
18602,3,0.06666666666666667
18607,3,0.0
18613,3,0.06666666666666667
18619,3,0.0
18626,3,0.0
18635,3,0.0
18644,3,0.06666666666666667
18673,3,0.13333333333333333
18674,3,0.0
18676,3,0.0
18678,3,0.0
18681,3,0.0
18690,3,0.0
18692,3,0.13333333333333333
18701,3,0.06666666666666667
18704,3,0.0
18722,3,0.0
18724,3,0.06666666666666667
18728,3,0.0
18738,3,0.0
18742,3,0.0
18751,3,0.06666666666666667
18770,3,0.0
18777,3,0.0
18779,3,0.0
18780,3,0.0
18785,3,0.0
18786,3,0.0
18790,3,0.0
18796,3,0.0
18807,3,0.0
18808,3,0.0
18812,3,0.06666666666666667
18816,3,0.0
18829,3,0.0
18830,3,0.06666666666666667
18835,3,0.0
18838,3,0.0
18841,3,0.06666666666666667
18870,3,0.2
18873,3,0.13333333333333333
18877,3,0.26666666666666666
18879,3,0.0
18881,3,0.06666666666666667
18883,3,0.06666666666666667
18894,3,0.13333333333333333
18897,3,0.06666666666666667
18904,3,0.13333333333333333
18907,3,0.0
18909,3,0.06666666666666667
18910,3,0.06666666666666667
18912,3,0.0
18914,3,0.06666666666666667
18928,3,0.06666666666666667
18934,3,0.0
18937,3,0.06666666666666667
18940,3,0.06666666666666667
18967,3,0.13333333333333333
18968,3,0.0
18982,3,0.06666666666666667
18984,3,0.13333333333333333
18985,3,0.06666666666666667
18995,3,0.0
19004,3,0.06666666666666667
19006,3,0.13333333333333333
19008,3,0.0
19015,3,0.06666666666666667
19019,3,0.13333333333333333
19021,3,0.13333333333333333
19024,3,0.06666666666666667
19029,3,0.0
19032,3,0.0
19035,3,0.13333333333333333
19038,3,0.0
19062,3,0.13333333333333333
19066,3,0.0
19073,3,0.13333333333333333
19074,3,0.0
19083,3,0.06666666666666667
19087,3,0.13333333333333333
19088,3,0.0
19089,3,0.06666666666666667
19093,3,0.06666666666666667
19100,3,0.06666666666666667
19104,3,0.0
19106,3,0.2
19118,3,0.0
19140,3,0.13333333333333333
19141,3,0.06666666666666667
19142,3,0.0
19147,3,0.0
19148,3,0.0
19154,3,0.06666666666666667
19164,3,0.0
19169,3,0.0
19174,3,0.13333333333333333
19179,3,0.06666666666666667
19195,3,0.06666666666666667
19201,3,0.0
19210,3,0.0
19227,3,0.06666666666666667
19245,3,0.0
19256,3,0.0
19259,3,0.06666666666666667
19261,3,0.0
19272,3,0.06666666666666667
19273,3,0.0
19275,3,0.2
19285,3,0.2
19290,3,0.06666666666666667
19291,3,0.06666666666666667
19293,3,0.0
19294,3,0.0
19301,3,0.13333333333333333
19302,3,0.13333333333333333
19304,3,0.13333333333333333
19309,3,0.0
19315,3,0.06666666666666667
19335,3,0.0
19336,3,0.0
19341,3,0.13333333333333333
19361,3,0.13333333333333333
19372,3,0.0
19374,3,0.06666666666666667
19376,3,0.0
19383,3,0.0
19385,3,0.06666666666666667
19386,3,0.0
19388,3,0.0
19395,3,0.0
19424,3,0.06666666666666667
19430,3,0.2
19437,3,0.06666666666666667
19444,3,0.0
19446,3,0.0
19452,3,0.13333333333333333
19470,3,0.0
19471,3,0.0
19473,3,0.13333333333333333
19474,3,0.0
19487,3,0.06666666666666667
19496,3,0.0
19500,3,0.0
19511,3,0.0
19518,3,0.0
19519,3,0.06666666666666667
19525,3,0.0
19527,3,0.0
19534,3,0.0
19536,3,0.06666666666666667
19541,3,0.0
19544,3,0.0
19547,3,0.13333333333333333
19548,3,0.06666666666666667
19557,3,0.06666666666666667
19558,3,0.13333333333333333
19559,3,0.13333333333333333
19566,3,0.2
19581,3,0.0
19585,3,0.06666666666666667
19587,3,0.06666666666666667
19589,3,0.13333333333333333
19604,3,0.0
19610,3,0.0
19615,3,0.06666666666666667
19623,3,0.06666666666666667
19625,3,0.0
19626,3,0.0
19633,3,0.0
19637,3,0.13333333333333333
19645,3,0.06666666666666667
19658,3,0.06666666666666667
19659,3,0.13333333333333333
19671,3,0.0
19672,3,0.06666666666666667
19675,3,0.0
19678,3,0.06666666666666667
19680,3,0.13333333333333333
19694,3,0.0
19705,3,0.13333333333333333
19709,3,0.0
19724,3,0.0
19733,3,0.13333333333333333
19736,3,0.0
19737,3,0.0
19744,3,0.06666666666666667
19748,3,0.0
19750,3,0.0
19752,3,0.0
19761,3,0.06666666666666667
19764,3,0.06666666666666667
19766,3,0.0
19771,3,0.06666666666666667
19772,3,0.06666666666666667
19775,3,0.06666666666666667
19776,3,0.0
19778,3,0.13333333333333333
19779,3,0.06666666666666667
19786,3,0.0
19788,3,0.13333333333333333
19790,3,0.0
19815,3,0.0
19830,3,0.06666666666666667
19854,3,0.06666666666666667
19865,3,0.06666666666666667
19866,3,0.0
19877,3,0.06666666666666667
19888,3,0.0
19902,3,0.0
19908,3,0.13333333333333333
19912,3,0.06666666666666667
19913,3,0.13333333333333333
19916,3,0.0
19919,3,0.13333333333333333
19924,3,0.06666666666666667
19930,3,0.0
19933,3,0.0
19946,3,0.0
19952,3,0.0
19959,3,0.0
19963,3,0.06666666666666667
19984,3,0.06666666666666667
19989,3,0.06666666666666667
19990,3,0.06666666666666667
19997,3,0.0
19999,3,0.0
20004,3,0.13333333333333333
20009,3,0.06666666666666667
20014,3,0.06666666666666667
20018,3,0.0
20019,3,0.2
20037,3,0.06666666666666667
20044,3,0.06666666666666667
20045,3,0.13333333333333333
20050,3,0.06666666666666667
20059,3,0.06666666666666667
20066,3,0.06666666666666667
20072,3,0.0
20081,3,0.0
20082,3,0.0
20089,3,0.0
20094,3,0.06666666666666667
20097,3,0.13333333333333333
20106,3,0.06666666666666667
20111,3,0.13333333333333333
20112,3,0.0
20115,3,0.06666666666666667
20116,3,0.06666666666666667
20123,3,0.06666666666666667
20124,3,0.06666666666666667
20127,3,0.06666666666666667
20131,3,0.0
20133,3,0.0
20138,3,0.06666666666666667
20139,3,0.2
20153,3,0.06666666666666667
20155,3,0.0
20164,3,0.2
20195,3,0.06666666666666667
20201,3,0.13333333333333333
20206,3,0.0
20208,3,0.2
20219,3,0.06666666666666667
20227,3,0.06666666666666667
20233,3,0.06666666666666667
20235,3,0.13333333333333333
20238,3,0.13333333333333333
20245,3,0.13333333333333333
20264,3,0.06666666666666667
20271,3,0.26666666666666666
20289,3,0.0
20290,3,0.13333333333333333
20293,3,0.06666666666666667
20295,3,0.0
20302,3,0.13333333333333333
20310,3,0.2
20311,3,0.06666666666666667
20312,3,0.0
20327,3,0.13333333333333333
20333,3,0.0
20347,3,0.0
20348,3,0.06666666666666667
20352,3,0.06666666666666667
20356,3,0.06666666666666667
20358,3,0.06666666666666667
20360,3,0.13333333333333333
20362,3,0.0
20372,3,0.0
20381,3,0.0
20384,3,0.0
20387,3,0.06666666666666667
20418,3,0.13333333333333333
20419,3,0.0
20420,3,0.0
20426,3,0.2
20437,3,0.06666666666666667
20447,3,0.0
20448,3,0.0
20449,3,0.0
20450,3,0.0
20451,3,0.06666666666666667
20462,3,0.13333333333333333
20465,3,0.0
20467,3,0.0
20475,3,0.13333333333333333
20478,3,0.2
20520,3,0.0
20527,3,0.06666666666666667
20528,3,0.2
20530,3,0.0
20553,3,0.0
20559,3,0.06666666666666667
20570,3,0.06666666666666667
20583,3,0.26666666666666666
20592,3,0.06666666666666667
20607,3,0.0
20610,3,0.06666666666666667
20617,3,0.06666666666666667
20620,3,0.06666666666666667
20632,3,0.0
20636,3,0.06666666666666667
20637,3,0.06666666666666667
20641,3,0.06666666666666667
20644,3,0.06666666666666667
20647,3,0.2
20650,3,0.06666666666666667
20652,3,0.06666666666666667
20659,3,0.06666666666666667
20661,3,0.13333333333333333
20667,3,0.0
20699,3,0.0
20710,3,0.2
20713,3,0.06666666666666667
20729,3,0.0
20734,3,0.0
20736,3,0.0
20745,3,0.06666666666666667
20761,3,0.0
20780,3,0.06666666666666667
20784,3,0.06666666666666667
20788,3,0.0
20803,3,0.0
20811,3,0.06666666666666667
20825,3,0.06666666666666667
20827,3,0.13333333333333333
20836,3,0.06666666666666667
20839,3,0.06666666666666667
20844,3,0.0
20851,3,0.06666666666666667
20858,3,0.0
20871,3,0.0
20875,3,0.06666666666666667
20877,3,0.06666666666666667
20884,3,0.0
20893,3,0.13333333333333333
20895,3,0.06666666666666667
20912,3,0.06666666666666667
20917,3,0.06666666666666667
20919,3,0.06666666666666667
20920,3,0.0
20926,3,0.06666666666666667
20930,3,0.0
20942,3,0.0
20955,3,0.0
20963,3,0.0
20966,3,0.3333333333333333
20975,3,0.0
20980,3,0.0
20984,3,0.0
20989,3,0.0
21004,3,0.0
21018,3,0.0
21023,3,0.06666666666666667
21036,3,0.06666666666666667
21039,3,0.0
21041,3,0.0
21042,3,0.06666666666666667
21043,3,0.0
21063,3,0.0
21067,3,0.06666666666666667
21072,3,0.0
21082,3,0.06666666666666667
21085,3,0.06666666666666667
21112,3,0.06666666666666667
21115,3,0.0
21116,3,0.06666666666666667
21122,3,0.0
21126,3,0.06666666666666667
21128,3,0.0
21132,3,0.13333333333333333
21135,3,0.13333333333333333
21136,3,0.06666666666666667
21146,3,0.0
21170,3,0.06666666666666667
21175,3,0.0
21176,3,0.0
21178,3,0.0
21190,3,0.0
21194,3,0.06666666666666667
21200,3,0.2
21202,3,0.0
21211,3,0.06666666666666667
21216,3,0.06666666666666667
21224,3,0.06666666666666667
21225,3,0.0
21227,3,0.13333333333333333
21237,3,0.06666666666666667
21248,3,0.13333333333333333
21252,3,0.0
21255,3,0.0
21258,3,0.0
21265,3,0.13333333333333333
21266,3,0.0
21270,3,0.13333333333333333
21281,3,0.0
21288,3,0.06666666666666667
21294,3,0.06666666666666667
21307,3,0.06666666666666667
21309,3,0.06666666666666667
21311,3,0.2
21315,3,0.06666666666666667
21335,3,0.06666666666666667
21337,3,0.0
21352,3,0.0
21354,3,0.13333333333333333
21358,3,0.06666666666666667
21362,3,0.13333333333333333
21366,3,0.06666666666666667
21370,3,0.06666666666666667
21390,3,0.13333333333333333
21400,3,0.0
21411,3,0.0
21415,3,0.2
21424,3,0.13333333333333333
21428,3,0.06666666666666667
21429,3,0.13333333333333333
21436,3,0.0
21438,3,0.13333333333333333
21447,3,0.0
21451,3,0.13333333333333333
21457,3,0.0
21459,3,0.2
21460,3,0.13333333333333333
21463,3,0.2
21467,3,0.0
21479,3,0.0
21492,3,0.06666666666666667
21496,3,0.0
21497,3,0.0
21499,3,0.06666666666666667
21502,3,0.13333333333333333
21516,3,0.06666666666666667
21525,3,0.06666666666666667
21528,3,0.13333333333333333
21533,3,0.06666666666666667
21542,3,0.06666666666666667
21543,3,0.0
21546,3,0.2
21547,3,0.0
21568,3,0.06666666666666667
21569,3,0.06666666666666667
21574,3,0.0
21586,3,0.06666666666666667
21588,3,0.06666666666666667
21597,3,0.0
21599,3,0.06666666666666667
21600,3,0.06666666666666667
21608,3,0.06666666666666667
21615,3,0.0
21616,3,0.0
21635,3,0.0
21647,3,0.13333333333333333
21648,3,0.0
21650,3,0.0
21655,3,0.0
21681,3,0.0
21701,3,0.06666666666666667
21703,3,0.06666666666666667
21743,3,0.0
21744,3,0.06666666666666667
21746,3,0.13333333333333333
21759,3,0.06666666666666667
21776,3,0.06666666666666667
21781,3,0.06666666666666667
21787,3,0.0
21795,3,0.06666666666666667
21800,3,0.06666666666666667
21802,3,0.0
21804,3,0.06666666666666667
21805,3,0.13333333333333333
21812,3,0.06666666666666667
21819,3,0.06666666666666667
21826,3,0.0
21829,3,0.0
21831,3,0.0
21845,3,0.0
21849,3,0.06666666666666667
21858,3,0.06666666666666667
21863,3,0.0
21865,3,0.06666666666666667
21866,3,0.06666666666666667
21871,3,0.06666666666666667
21881,3,0.0
21882,3,0.0
21886,3,0.0
21888,3,0.06666666666666667
21894,3,0.0
21895,3,0.06666666666666667
21904,3,0.06666666666666667
21918,3,0.0
21924,3,0.2
21925,3,0.0
21927,3,0.0
21942,3,0.0
21951,3,0.0
21962,3,0.06666666666666667
21983,3,0.13333333333333333
21990,3,0.13333333333333333
21992,3,0.0
21999,3,0.06666666666666667
22003,3,0.06666666666666667
22013,3,0.06666666666666667
22015,3,0.13333333333333333
22025,3,0.0
22034,3,0.0
22035,3,0.06666666666666667
22038,3,0.06666666666666667
22041,3,0.0
22042,3,0.06666666666666667
22045,3,0.0
22048,3,0.0
22057,3,0.06666666666666667
22058,3,0.0
22059,3,0.06666666666666667
22063,3,0.13333333333333333
22080,3,0.0
22081,3,0.06666666666666667
22085,3,0.06666666666666667
22087,3,0.06666666666666667
22100,3,0.06666666666666667
22108,3,0.0
22109,3,0.0
22122,3,0.13333333333333333
22123,3,0.13333333333333333
22128,3,0.06666666666666667
22130,3,0.06666666666666667
22133,3,0.06666666666666667
22135,3,0.0
22137,3,0.06666666666666667
22147,3,0.06666666666666667
22153,3,0.06666666666666667
22156,3,0.06666666666666667
22157,3,0.06666666666666667
22160,3,0.13333333333333333
22169,3,0.06666666666666667
22172,3,0.0
22185,3,0.0
22196,3,0.0
22233,3,0.06666666666666667
22240,3,0.06666666666666667
22252,3,0.06666666666666667
22254,3,0.06666666666666667
22259,3,0.06666666666666667
22261,3,0.0
22267,3,0.06666666666666667
22271,3,0.06666666666666667
22273,3,0.2
22275,3,0.06666666666666667
22282,3,0.0
22287,3,0.06666666666666667
22295,3,0.06666666666666667
22298,3,0.06666666666666667
22306,3,0.06666666666666667
22316,3,0.0
22320,3,0.06666666666666667
22323,3,0.0
22341,3,0.06666666666666667
22346,3,0.0
22350,3,0.13333333333333333
22360,3,0.13333333333333333
22363,3,0.0
22364,3,0.06666666666666667
22370,3,0.0
22374,3,0.0
22376,3,0.0
22377,3,0.0
22380,3,0.0
22381,3,0.06666666666666667
22393,3,0.06666666666666667
22397,3,0.06666666666666667
22398,3,0.0
22404,3,0.0
22408,3,0.0
22417,3,0.13333333333333333
22420,3,0.06666666666666667
22423,3,0.06666666666666667
22430,3,0.06666666666666667
22437,3,0.06666666666666667
22450,3,0.06666666666666667
22451,3,0.06666666666666667
22454,3,0.13333333333333333
22456,3,0.06666666666666667
22466,3,0.06666666666666667
22468,3,0.06666666666666667
22470,3,0.06666666666666667
22476,3,0.06666666666666667
22484,3,0.0
22486,3,0.0
22496,3,0.13333333333333333
22500,3,0.0
22510,3,0.13333333333333333
22513,3,0.0
22517,3,0.0
22520,3,0.0
22521,3,0.06666666666666667
22523,3,0.13333333333333333
22539,3,0.0
22540,3,0.0
22542,3,0.0
22547,3,0.0
22550,3,0.06666666666666667
22569,3,0.13333333333333333
22574,3,0.13333333333333333
22576,3,0.0
22578,3,0.0
22581,3,0.06666666666666667
22583,3,0.06666666666666667
22591,3,0.13333333333333333
22598,3,0.0
22599,3,0.0
22600,3,0.06666666666666667
22618,3,0.0
22620,3,0.06666666666666667
22628,3,0.0
22632,3,0.2
22637,3,0.0
22642,3,0.06666666666666667
22657,3,0.06666666666666667
22658,3,0.0
22666,3,0.0
22672,3,0.0
22680,3,0.06666666666666667
22687,3,0.0
22693,3,0.0
22703,3,0.0
22704,3,0.06666666666666667
22713,3,0.0
22724,3,0.0
22726,3,0.13333333333333333
22742,3,0.0
22753,3,0.0
22767,3,0.2
22771,3,0.06666666666666667
22775,3,0.0
22777,3,0.06666666666666667
22781,3,0.06666666666666667
22788,3,0.06666666666666667
22789,3,0.06666666666666667
22790,3,0.0
22793,3,0.13333333333333333
22794,3,0.0
22798,3,0.2
22802,3,0.06666666666666667
22812,3,0.06666666666666667
22815,3,0.06666666666666667
22816,3,0.2
22821,3,0.06666666666666667
22822,3,0.06666666666666667
22828,3,0.06666666666666667
22831,3,0.13333333333333333
22838,3,0.0
22839,3,0.0
22842,3,0.13333333333333333
22860,3,0.06666666666666667
22874,3,0.0
22885,3,0.0
22888,3,0.06666666666666667
22889,3,0.06666666666666667
22894,3,0.06666666666666667
22898,3,0.13333333333333333
22916,3,0.2
22923,3,0.06666666666666667
22927,3,0.06666666666666667
22932,3,0.06666666666666667
22934,3,0.0
22937,3,0.06666666666666667
22938,3,0.06666666666666667
22942,3,0.06666666666666667
22949,3,0.06666666666666667
22953,3,0.06666666666666667
22962,3,0.06666666666666667
22964,3,0.0
22974,3,0.06666666666666667
22975,3,0.0
22977,3,0.13333333333333333
22997,3,0.06666666666666667
23000,3,0.06666666666666667
23008,3,0.0
23013,3,0.13333333333333333
23014,3,0.06666666666666667
23016,3,0.0
23020,3,0.0
23022,3,0.0
23026,3,0.06666666666666667
23028,3,0.13333333333333333
23029,3,0.0
23035,3,0.13333333333333333
23036,3,0.06666666666666667
23041,3,0.0
23049,3,0.06666666666666667
23055,3,0.13333333333333333
23059,3,0.0
23070,3,0.13333333333333333
23072,3,0.06666666666666667
23075,3,0.13333333333333333
23087,3,0.0
23089,3,0.0
23095,3,0.06666666666666667
23096,3,0.0
23108,3,0.0
23110,3,0.0
23125,3,0.13333333333333333
23127,3,0.0
23130,3,0.06666666666666667
23132,3,0.13333333333333333
23133,3,0.0
23163,3,0.0
23164,3,0.0
23165,3,0.0
23166,3,0.0
23176,3,0.13333333333333333
23182,3,0.0
23184,3,0.06666666666666667
23185,3,0.13333333333333333
23186,3,0.0
23196,3,0.13333333333333333
23200,3,0.13333333333333333
23201,3,0.2
23204,3,0.0
23208,3,0.0
23210,3,0.06666666666666667
23224,3,0.13333333333333333
23228,3,0.2
23236,3,0.2
23256,3,0.0
23261,3,0.0
23271,3,0.0
23281,3,0.06666666666666667
23289,3,0.0
23293,3,0.06666666666666667
23296,3,0.0
23301,3,0.13333333333333333
23305,3,0.0
23306,3,0.06666666666666667
23316,3,0.0
23322,3,0.0
23331,3,0.06666666666666667
23332,3,0.0
23337,3,0.06666666666666667
23343,3,0.0
23347,3,0.0
23358,3,0.13333333333333333
23361,3,0.06666666666666667
23363,3,0.0
23369,3,0.06666666666666667
23372,3,0.06666666666666667
23379,3,0.0
23397,3,0.0
23398,3,0.13333333333333333
23404,3,0.2
23406,3,0.0
23412,3,0.06666666666666667
23413,3,0.0
23414,3,0.0
23418,3,0.06666666666666667
23420,3,0.0
23421,3,0.0
23428,3,0.0
23430,3,0.13333333333333333
23432,3,0.13333333333333333
23433,3,0.06666666666666667
23434,3,0.0
23445,3,0.0
23450,3,0.13333333333333333
23451,3,0.0
23455,3,0.06666666666666667
23456,3,0.0
23480,3,0.06666666666666667
23486,3,0.0
23494,3,0.06666666666666667
23497,3,0.06666666666666667
23513,3,0.06666666666666667
23520,3,0.13333333333333333
23521,3,0.0
23528,3,0.13333333333333333
23541,3,0.06666666666666667
23553,3,0.0
23555,3,0.06666666666666667
23560,3,0.13333333333333333
23565,3,0.13333333333333333
23569,3,0.0
23581,3,0.06666666666666667
23585,3,0.06666666666666667
23586,3,0.26666666666666666
23587,3,0.06666666666666667
23593,3,0.0
23597,3,0.0
23603,3,0.0
23608,3,0.0
23615,3,0.0
23616,3,0.0
23645,3,0.13333333333333333
23648,3,0.06666666666666667
23653,3,0.2
23655,3,0.13333333333333333
23658,3,0.06666666666666667
23661,3,0.13333333333333333
23669,3,0.06666666666666667
23674,3,0.0
23676,3,0.13333333333333333
23693,3,0.06666666666666667
23703,3,0.0
23705,3,0.13333333333333333
23716,3,0.06666666666666667
23722,3,0.06666666666666667
23731,3,0.0
23741,3,0.06666666666666667
23755,3,0.06666666666666667
23758,3,0.0
23768,3,0.0
23779,3,0.0
23785,3,0.0
23789,3,0.0
23803,3,0.06666666666666667
23808,3,0.13333333333333333
23820,3,0.0
23823,3,0.0
23830,3,0.06666666666666667
23832,3,0.0
23841,3,0.13333333333333333
23847,3,0.0
23848,3,0.0
23860,3,0.0
23861,3,0.13333333333333333
23866,3,0.06666666666666667
23868,3,0.06666666666666667
23876,3,0.0
23882,3,0.0
23887,3,0.06666666666666667
23888,3,0.06666666666666667
23893,3,0.0
23895,3,0.0
23909,3,0.0
23932,3,0.06666666666666667
23936,3,0.0
23946,3,0.06666666666666667
23967,3,0.13333333333333333
23970,3,0.0
23975,3,0.0
23976,3,0.06666666666666667
23981,3,0.0
24005,3,0.3333333333333333
24007,3,0.2
24010,3,0.2
24013,3,0.13333333333333333
24028,3,0.13333333333333333
24032,3,0.06666666666666667
24041,3,0.3333333333333333
24065,3,0.0
24072,3,0.13333333333333333
24079,3,0.06666666666666667
24092,3,0.06666666666666667
24098,3,0.06666666666666667
24101,3,0.0
24102,3,0.0
24103,3,0.0
24108,3,0.13333333333333333
24111,3,0.0
24112,3,0.06666666666666667
24114,3,0.2
24121,3,0.06666666666666667
24123,3,0.06666666666666667
24128,3,0.0
24132,3,0.06666666666666667
24141,3,0.06666666666666667
24147,3,0.0
24152,3,0.0
24172,3,0.0
24185,3,0.0
24191,3,0.0
24192,3,0.13333333333333333
24198,3,0.0
24202,3,0.06666666666666667
24212,3,0.06666666666666667
24223,3,0.06666666666666667
24233,3,0.0
24240,3,0.0
24246,3,0.06666666666666667
24248,3,0.0
24261,3,0.0
24276,3,0.13333333333333333
24278,3,0.0
24281,3,0.0
24286,3,0.0
24292,3,0.0
24293,3,0.0
24295,3,0.0
24327,3,0.06666666666666667
24335,3,0.06666666666666667
24349,3,0.06666666666666667
24352,3,0.0
24360,3,0.0
24361,3,0.0
24368,3,0.26666666666666666
24385,3,0.06666666666666667
24391,3,0.0
24404,3,0.06666666666666667
24414,3,0.06666666666666667
24418,3,0.0
24419,3,0.0
24439,3,0.06666666666666667
24444,3,0.0
24454,3,0.06666666666666667
24455,3,0.06666666666666667
24456,3,0.06666666666666667
24462,3,0.0
24463,3,0.06666666666666667
24467,3,0.0
24473,3,0.06666666666666667
24474,3,0.0
24477,3,0.0
24480,3,0.06666666666666667
24489,3,0.06666666666666667
24493,3,0.0
24495,3,0.0
24497,3,0.0
24501,3,0.13333333333333333
24503,3,0.2
24504,3,0.0
24515,3,0.0
24525,3,0.0
24527,3,0.0
24546,3,0.0
24551,3,0.06666666666666667
24558,3,0.0
24563,3,0.0
24566,3,0.13333333333333333
24580,3,0.0
24588,3,0.0
24595,3,0.0
24604,3,0.0
24607,3,0.0
24609,3,0.0
24616,3,0.0
24622,3,0.06666666666666667
24623,3,0.0
24629,3,0.0
24632,3,0.0
24635,3,0.0
24639,3,0.06666666666666667
24642,3,0.0
24652,3,0.0
24653,3,0.06666666666666667
24654,3,0.06666666666666667
24662,3,0.0
24668,3,0.06666666666666667
24669,3,0.0
24672,3,0.06666666666666667
24675,3,0.06666666666666667
24678,3,0.06666666666666667
24684,3,0.06666666666666667
24686,3,0.0
24689,3,0.0
24698,3,0.0
24699,3,0.0
24700,3,0.0
24705,3,0.0
24712,3,0.06666666666666667
24713,3,0.0
24714,3,0.2
24715,3,0.0
24717,3,0.0
24718,3,0.2
24720,3,0.0
24724,3,0.0
24729,3,0.0
24739,3,0.0
24743,3,0.2
24753,3,0.0
24780,3,0.0
24784,3,0.13333333333333333
24797,3,0.0
24801,3,0.0
24802,3,0.13333333333333333
24803,3,0.06666666666666667
24811,3,0.06666666666666667
24814,3,0.0
24815,3,0.0
24821,3,0.0
24829,3,0.0
24839,3,0.0
24842,3,0.0
24853,3,0.0
24865,3,0.06666666666666667
24876,3,0.0
24877,3,0.0
24880,3,0.0
24895,3,0.06666666666666667
24899,3,0.0
24909,3,0.0
24914,3,0.0
24919,3,0.13333333333333333
24925,3,0.0
24937,3,0.2
24942,3,0.0
24946,3,0.0
24956,3,0.0
24960,3,0.0
24965,3,0.0
24970,3,0.06666666666666667
24978,3,0.0
24981,3,0.0
24984,3,0.2
24985,3,0.0
25004,3,0.06666666666666667
25006,3,0.0
25010,3,0.06666666666666667
25018,3,0.0
25021,3,0.13333333333333333
25022,3,0.06666666666666667
25031,3,0.06666666666666667
25034,3,0.06666666666666667
25036,3,0.0
25039,3,0.0
25045,3,0.13333333333333333
25049,3,0.2
25050,3,0.0
25056,3,0.0
25064,3,0.0
25067,3,0.0
25102,3,0.0
25108,3,0.0
25120,3,0.06666666666666667
25122,3,0.0
25124,3,0.0
25133,3,0.0
25142,3,0.06666666666666667
25150,3,0.0
25156,3,0.06666666666666667
25172,3,0.13333333333333333
25177,3,0.0
25184,3,0.06666666666666667
25188,3,0.0
25195,3,0.06666666666666667
25198,3,0.13333333333333333
25203,3,0.13333333333333333
25205,3,0.0
25209,3,0.0
25224,3,0.06666666666666667
25225,3,0.06666666666666667
25238,3,0.06666666666666667
25243,3,0.13333333333333333
25246,3,0.0
25257,3,0.13333333333333333
25266,3,0.06666666666666667
25267,3,0.0
25288,3,0.0
25295,3,0.06666666666666667
25302,3,0.0
25303,3,0.0
25315,3,0.0
25317,3,0.13333333333333333
25318,3,0.2
25326,3,0.0
25327,3,0.0
25328,3,0.0
25329,3,0.0
25338,3,0.0
25344,3,0.06666666666666667
25347,3,0.06666666666666667
25349,3,0.0
25350,3,0.06666666666666667
25352,3,0.0
25358,3,0.0
25360,3,0.0
25371,3,0.0
25372,3,0.06666666666666667
25376,3,0.0
25382,3,0.0
25391,3,0.0
25397,3,0.06666666666666667
25399,3,0.0
25400,3,0.06666666666666667
25410,3,0.06666666666666667
25412,3,0.0
25413,3,0.13333333333333333
25414,3,0.06666666666666667
25418,3,0.06666666666666667
25419,3,0.0
25422,3,0.13333333333333333
25444,3,0.0
25446,3,0.0
25448,3,0.13333333333333333
25457,3,0.06666666666666667
25459,3,0.06666666666666667
25467,3,0.06666666666666667
25468,3,0.06666666666666667
25469,3,0.0
25476,3,0.06666666666666667
25481,3,0.0
25483,3,0.0
25484,3,0.06666666666666667
25489,3,0.2
25516,3,0.2
25526,3,0.0
25528,3,0.13333333333333333
25530,3,0.06666666666666667
25532,3,0.06666666666666667
25539,3,0.0
25541,3,0.0
25542,3,0.0
25546,3,0.06666666666666667
25552,3,0.0
25557,3,0.13333333333333333
25560,3,0.13333333333333333
25563,3,0.06666666666666667
25565,3,0.13333333333333333
25578,3,0.06666666666666667
25586,3,0.13333333333333333
25598,3,0.0
25604,3,0.06666666666666667
25611,3,0.0
25624,3,0.06666666666666667
25626,3,0.0
25633,3,0.06666666666666667
25643,3,0.0
25645,3,0.06666666666666667
25649,3,0.0
25656,3,0.13333333333333333
25665,3,0.06666666666666667
25666,3,0.2
25675,3,0.2
25682,3,0.06666666666666667
25691,3,0.13333333333333333
25697,3,0.13333333333333333
25701,3,0.0
25704,3,0.13333333333333333
25709,3,0.06666666666666667
25716,3,0.0
25726,3,0.0
25738,3,0.13333333333333333
25749,3,0.06666666666666667
25750,3,0.2
25755,3,0.06666666666666667
25764,3,0.0
25765,3,0.06666666666666667
25766,3,0.0
25771,3,0.06666666666666667
25773,3,0.06666666666666667
25777,3,0.06666666666666667
25783,3,0.0
25786,3,0.06666666666666667
25787,3,0.13333333333333333
25792,3,0.0
25799,3,0.0
25800,3,0.0
25804,3,0.2
25808,3,0.06666666666666667
25822,3,0.0
25824,3,0.0
25828,3,0.06666666666666667
25831,3,0.06666666666666667
25834,3,0.13333333333333333
25842,3,0.06666666666666667
25848,3,0.06666666666666667
25850,3,0.06666666666666667
25863,3,0.0
25864,3,0.13333333333333333
25867,3,0.06666666666666667
25869,3,0.0
25870,3,0.13333333333333333
25878,3,0.06666666666666667
25885,3,0.06666666666666667
25898,3,0.13333333333333333
25911,3,0.0
25913,3,0.0
25915,3,0.0
25929,3,0.06666666666666667
25931,3,0.06666666666666667
25943,3,0.13333333333333333
25961,3,0.2
25965,3,0.0
25970,3,0.0
25977,3,0.13333333333333333
25991,3,0.06666666666666667
25993,3,0.0
25995,3,0.2
26001,3,0.0
26004,3,0.0
26027,3,0.13333333333333333
26030,3,0.0
26032,3,0.0
26033,3,0.06666666666666667
26034,3,0.06666666666666667
26037,3,0.06666666666666667
26038,3,0.06666666666666667
26041,3,0.06666666666666667
26045,3,0.0
26051,3,0.0
26053,3,0.13333333333333333
26063,3,0.0
26066,3,0.13333333333333333
26072,3,0.06666666666666667
26083,3,0.06666666666666667
26093,3,0.13333333333333333
26102,3,0.0
26113,3,0.0
26114,3,0.0
26149,3,0.06666666666666667
26157,3,0.06666666666666667
26160,3,0.0
26166,3,0.13333333333333333
26168,3,0.13333333333333333
26171,3,0.0
26172,3,0.0
26174,3,0.0
26182,3,0.0
26184,3,0.06666666666666667
26185,3,0.06666666666666667
26186,3,0.06666666666666667
26189,3,0.0
26198,3,0.06666666666666667
26199,3,0.06666666666666667
26204,3,0.06666666666666667
26206,3,0.0
26213,3,0.13333333333333333
26216,3,0.06666666666666667
26217,3,0.06666666666666667
26222,3,0.0
26226,3,0.06666666666666667
26228,3,0.2
26229,3,0.0
26232,3,0.06666666666666667
26235,3,0.06666666666666667
26250,3,0.06666666666666667
26251,3,0.0
26252,3,0.0
26254,3,0.06666666666666667
26257,3,0.0
26267,3,0.13333333333333333
26276,3,0.06666666666666667
26286,3,0.06666666666666667
26300,3,0.06666666666666667
26301,3,0.0
26303,3,0.0
26310,3,0.06666666666666667
26313,3,0.13333333333333333
26323,3,0.06666666666666667
26330,3,0.06666666666666667
26342,3,0.0
26369,3,0.06666666666666667
26370,3,0.0
26377,3,0.13333333333333333
26380,3,0.13333333333333333
26381,3,0.06666666666666667
26389,3,0.0
26406,3,0.13333333333333333
26412,3,0.0
26417,3,0.13333333333333333
26418,3,0.06666666666666667
26421,3,0.13333333333333333
26432,3,0.06666666666666667
26439,3,0.0
26440,3,0.06666666666666667
26448,3,0.0
26452,3,0.13333333333333333
26454,3,0.0
26470,3,0.0
26471,3,0.06666666666666667
26474,3,0.0
26475,3,0.06666666666666667
26487,3,0.0
26495,3,0.0
26499,3,0.0
26511,3,0.0
26520,3,0.06666666666666667
26533,3,0.13333333333333333
26547,3,0.06666666666666667
26549,3,0.13333333333333333
26550,3,0.0
26556,3,0.13333333333333333
26560,3,0.06666666666666667
26561,3,0.2
26568,3,0.0
26569,3,0.0
26576,3,0.06666666666666667
26580,3,0.06666666666666667
26581,3,0.0
26586,3,0.0
26602,3,0.0
26606,3,0.13333333333333333
26620,3,0.06666666666666667
26621,3,0.0
26625,3,0.13333333333333333
26649,3,0.06666666666666667
26667,3,0.13333333333333333
26679,3,0.06666666666666667
26680,3,0.13333333333333333
26691,3,0.0
26702,3,0.0
26711,3,0.13333333333333333
26714,3,0.0
26715,3,0.2
26737,3,0.0
26739,3,0.0
26745,3,0.13333333333333333
26753,3,0.26666666666666666
26754,3,0.06666666666666667
26756,3,0.0
26764,3,0.0
26775,3,0.06666666666666667
26778,3,0.13333333333333333
26790,3,0.0
26793,3,0.06666666666666667
26805,3,0.13333333333333333
26824,3,0.06666666666666667
26826,3,0.0
26832,3,0.06666666666666667
26833,3,0.0
26840,3,0.06666666666666667
26845,3,0.06666666666666667
26850,3,0.06666666666666667
26855,3,0.06666666666666667
26858,3,0.13333333333333333
26872,3,0.2
26880,3,0.13333333333333333
26881,3,0.2
26885,3,0.0
26889,3,0.0
26895,3,0.06666666666666667
26899,3,0.13333333333333333
26909,3,0.06666666666666667
26932,3,0.0
26935,3,0.13333333333333333
26949,3,0.06666666666666667
26951,3,0.06666666666666667
26973,3,0.0
26982,3,0.13333333333333333
26985,3,0.26666666666666666
26987,3,0.06666666666666667
26994,3,0.06666666666666667
26998,3,0.2
27000,3,0.0
27006,3,0.06666666666666667
27009,3,0.06666666666666667
27011,3,0.0
27013,3,0.13333333333333333
27024,3,0.06666666666666667
27025,3,0.06666666666666667
27027,3,0.06666666666666667
27030,3,0.06666666666666667
27037,3,0.0
27041,3,0.06666666666666667
27045,3,0.06666666666666667
27052,3,0.0
27063,3,0.0
27073,3,0.0
27095,3,0.0
27097,3,0.0
27098,3,0.13333333333333333
27103,3,0.13333333333333333
27126,3,0.13333333333333333
27130,3,0.13333333333333333
27138,3,0.0
27139,3,0.2
27142,3,0.2
27156,3,0.0
27162,3,0.06666666666666667
27189,3,0.06666666666666667
27192,3,0.0
27197,3,0.0
27204,3,0.06666666666666667
27207,3,0.13333333333333333
27214,3,0.0
27221,3,0.0
27222,3,0.06666666666666667
27224,3,0.0
27237,3,0.06666666666666667
27239,3,0.13333333333333333
27244,3,0.06666666666666667
27247,3,0.06666666666666667
27249,3,0.13333333333333333
27255,3,0.0
27256,3,0.0
27257,3,0.0
27269,3,0.06666666666666667
27273,3,0.13333333333333333
27275,3,0.06666666666666667
27280,3,0.0
27287,3,0.2
27294,3,0.13333333333333333
27300,3,0.13333333333333333
27308,3,0.0
27310,3,0.2
27312,3,0.0
27314,3,0.06666666666666667
27317,3,0.06666666666666667
27320,3,0.2
27321,3,0.0
27323,3,0.0
27325,3,0.0
27335,3,0.06666666666666667
27344,3,0.13333333333333333
27353,3,0.26666666666666666
27356,3,0.0
27367,3,0.0
27378,3,0.0
27399,3,0.0
27410,3,0.0
27412,3,0.0
27414,3,0.0
27418,3,0.06666666666666667
27419,3,0.0
27421,3,0.06666666666666667
27422,3,0.0
27430,3,0.0
27439,3,0.06666666666666667
27450,3,0.06666666666666667
27457,3,0.13333333333333333
27468,3,0.13333333333333333
27476,3,0.06666666666666667
27504,3,0.13333333333333333
27517,3,0.13333333333333333
27528,3,0.06666666666666667
27533,3,0.0
27535,3,0.06666666666666667
27538,3,0.06666666666666667
27547,3,0.06666666666666667
27553,3,0.13333333333333333
27557,3,0.0
27559,3,0.0
27563,3,0.06666666666666667
27570,3,0.06666666666666667
27572,3,0.0
27573,3,0.0
27580,3,0.06666666666666667
27586,3,0.06666666666666667
27588,3,0.13333333333333333
27605,3,0.0
27606,3,0.0
27607,3,0.0
27608,3,0.06666666666666667
27613,3,0.0
27615,3,0.06666666666666667
27617,3,0.0
27620,3,0.0
27631,3,0.0
27648,3,0.0
27649,3,0.06666666666666667
27661,3,0.06666666666666667
27664,3,0.13333333333333333
27669,3,0.13333333333333333
27674,3,0.0
27678,3,0.2
27682,3,0.0
27699,3,0.2
27708,3,0.2
27713,3,0.5333333333333333
27716,3,0.3333333333333333
27718,3,0.3333333333333333
27726,3,0.4666666666666667
27727,3,0.4666666666666667
27732,3,0.06666666666666667
27741,3,0.2
27751,3,0.4
27752,3,0.4666666666666667
27755,3,0.26666666666666666
27760,3,0.4
27768,3,0.26666666666666666
27773,3,0.13333333333333333
27777,3,0.4
27785,3,0.26666666666666666
27791,3,0.13333333333333333
27800,3,0.4
27802,3,0.4
27804,3,0.06666666666666667
27813,3,0.4666666666666667
27816,3,0.4
27819,3,0.26666666666666666
27821,3,0.4
27825,3,0.6
27830,3,0.4
27833,3,0.3333333333333333
27834,3,0.4
27835,3,0.2
27839,3,0.2
27855,3,0.4666666666666667
27860,3,0.4666666666666667
27868,3,0.4
27869,3,0.2
27871,3,0.3333333333333333
27874,3,0.3333333333333333
27886,3,0.4666666666666667
27892,3,0.26666666666666666
27894,3,0.5333333333333333
27900,3,0.2
27913,3,0.2
27916,3,0.13333333333333333
27918,3,0.3333333333333333
27921,3,0.26666666666666666
27922,3,0.3333333333333333
27928,3,0.6
27929,3,0.06666666666666667
27933,3,0.5333333333333333
27934,3,0.13333333333333333
27937,3,0.4666666666666667
27944,3,0.3333333333333333
27946,3,0.3333333333333333
27947,3,0.06666666666666667
27961,3,0.26666666666666666
27964,3,0.13333333333333333
27966,3,0.3333333333333333
27969,3,0.06666666666666667
27971,3,0.5333333333333333
27985,3,0.5333333333333333
27986,3,0.0
27988,3,0.13333333333333333
27994,3,0.4
27995,3,0.26666666666666666
27998,3,0.4
28000,3,0.0
28020,3,0.13333333333333333
28023,3,0.0
28024,3,0.0
28031,3,0.13333333333333333
28043,3,0.26666666666666666
28044,3,0.26666666666666666
28052,3,0.2
28061,3,0.13333333333333333
28064,3,0.06666666666666667
28065,3,0.2
28068,3,0.0
28078,3,0.06666666666666667
28085,3,0.13333333333333333
28091,3,0.0
28098,3,0.13333333333333333
28114,3,0.13333333333333333
28124,3,0.06666666666666667
28125,3,0.13333333333333333
28126,3,0.06666666666666667
28151,3,0.4
28156,3,0.26666666666666666
28164,3,0.2
28165,3,0.0
28174,3,0.2
28182,3,0.06666666666666667
28184,3,0.06666666666666667
28193,3,0.06666666666666667
28201,3,0.13333333333333333
28204,3,0.13333333333333333
28209,3,0.06666666666666667
28221,3,0.3333333333333333
28223,3,0.0
28224,3,0.2
28227,3,0.0
28236,3,0.3333333333333333
28244,3,0.0
28246,3,0.13333333333333333
28254,3,0.06666666666666667
28259,3,0.13333333333333333
28267,3,0.2
28279,3,0.5333333333333333
28280,3,0.26666666666666666
28283,3,0.13333333333333333
28285,3,0.06666666666666667
28295,3,0.0
28306,3,0.6
28316,3,0.26666666666666666
28317,3,0.4
28318,3,0.06666666666666667
28331,3,0.0
28336,3,0.06666666666666667
28341,3,0.4
28346,3,0.06666666666666667
28359,3,0.26666666666666666
28367,3,0.26666666666666666
28368,3,0.26666666666666666
28396,3,0.0
28404,3,0.26666666666666666
28406,3,0.13333333333333333
28408,3,0.6
28414,3,0.3333333333333333
28424,3,0.06666666666666667
28430,3,0.13333333333333333
28433,3,0.6
28434,3,0.3333333333333333
28436,3,0.13333333333333333
28440,3,0.0
28452,3,0.26666666666666666
28459,3,0.0
28472,3,0.13333333333333333
28480,3,0.3333333333333333
28487,3,0.4
28494,3,0.4
28496,3,0.0
28501,3,0.0
28502,3,0.26666666666666666
28513,3,0.3333333333333333
28515,3,0.0
28517,3,0.0
28534,3,0.3333333333333333
28544,3,0.4
28546,3,0.26666666666666666
28555,3,0.13333333333333333
28556,3,0.2
28570,3,0.13333333333333333
28577,3,0.2
28582,3,0.26666666666666666
28591,3,0.26666666666666666
28592,3,0.06666666666666667
28594,3,0.2
28598,3,0.26666666666666666
28602,3,0.4
28604,3,0.3333333333333333
28606,3,0.4
28609,3,0.06666666666666667
28613,3,0.0
28614,3,0.3333333333333333
28627,3,0.2
28630,3,0.26666666666666666
28639,3,0.3333333333333333
28642,3,0.06666666666666667
28656,3,0.3333333333333333
28662,3,0.2
28665,3,0.26666666666666666
28666,3,0.26666666666666666
28671,3,0.06666666666666667
28673,3,0.26666666666666666
28674,3,0.13333333333333333
28676,3,0.3333333333333333
28678,3,0.4
28697,3,0.2
28702,3,0.06666666666666667
28706,3,0.13333333333333333
28720,3,0.7333333333333333
28728,3,0.0
28740,3,0.0
28741,3,0.2
28742,3,0.13333333333333333
28744,3,0.06666666666666667
28751,3,0.13333333333333333
28756,3,0.13333333333333333
28757,3,0.26666666666666666
28758,3,0.06666666666666667
28761,3,0.13333333333333333
28772,3,0.26666666666666666
28775,3,0.5333333333333333
28779,3,0.26666666666666666
28782,3,0.0
28784,3,0.2
28788,3,0.2
28792,3,0.4666666666666667
28803,3,0.5333333333333333
28810,3,0.13333333333333333
28816,3,0.13333333333333333
28818,3,0.4
28826,3,0.13333333333333333
28830,3,0.4
28834,3,0.13333333333333333
28837,3,0.13333333333333333
28841,3,0.13333333333333333
28844,3,0.5333333333333333
28849,3,0.2
28850,3,0.26666666666666666
28858,3,0.2
28860,3,0.2
28865,3,0.2
28867,3,0.2
28877,3,0.2
28878,3,0.06666666666666667
28883,3,0.13333333333333333
28895,3,0.0
28897,3,0.0
28898,3,0.0
28899,3,0.0
28900,3,0.0
28910,3,0.13333333333333333
28911,3,0.06666666666666667
28913,3,0.06666666666666667
28918,3,0.2
28923,3,0.0
28937,3,0.06666666666666667
28945,3,0.0
28950,3,0.0
28963,3,0.2
28964,3,0.06666666666666667
28987,3,0.0
28989,3,0.0
28991,3,0.06666666666666667
29009,3,0.06666666666666667
29010,3,0.06666666666666667
29020,3,0.06666666666666667
29021,3,0.06666666666666667
29022,3,0.06666666666666667
29059,3,0.13333333333333333
29066,3,0.26666666666666666
29067,3,0.13333333333333333
29071,3,0.06666666666666667
29072,3,0.26666666666666666
29074,3,0.06666666666666667
29076,3,0.0
29087,3,0.06666666666666667
29092,3,0.0
29095,3,0.06666666666666667
29102,3,0.06666666666666667
29103,3,0.0
29104,3,0.0
29112,3,0.0
29116,3,0.06666666666666667
29124,3,0.06666666666666667
29135,3,0.26666666666666666
29143,3,0.13333333333333333
29149,3,0.06666666666666667
29154,3,0.06666666666666667
29156,3,0.06666666666666667
29160,3,0.2
29180,3,0.0
29198,3,0.06666666666666667
29217,3,0.06666666666666667
29221,3,0.2
29224,3,0.0
29226,3,0.06666666666666667
29236,3,0.13333333333333333
29241,3,0.06666666666666667
29252,3,0.06666666666666667
29258,3,0.06666666666666667
29260,3,0.0
29265,3,0.0
29271,3,0.0
29276,3,0.06666666666666667
29279,3,0.06666666666666667
29293,3,0.0
29312,3,0.13333333333333333
29314,3,0.06666666666666667
29329,3,0.13333333333333333
29330,3,0.0
29335,3,0.4
29341,3,0.13333333333333333
29343,3,0.13333333333333333
29346,3,0.13333333333333333
29351,3,0.06666666666666667
29354,3,0.13333333333333333
29357,3,0.0
29359,3,0.13333333333333333
29360,3,0.0
29363,3,0.06666666666666667
29364,3,0.06666666666666667
29366,3,0.0
29369,3,0.0
29379,3,0.13333333333333333
29384,3,0.0
29389,3,0.06666666666666667
29402,3,0.06666666666666667
29404,3,0.13333333333333333
29409,3,0.13333333333333333
29411,3,0.13333333333333333
29417,3,0.0
29420,3,0.13333333333333333
29421,3,0.13333333333333333
29425,3,0.0
29437,3,0.06666666666666667
29439,3,0.13333333333333333
29444,3,0.06666666666666667
29462,3,0.2
29472,3,0.06666666666666667
29476,3,0.06666666666666667
29503,3,0.4666666666666667
29505,3,0.0
29508,3,0.13333333333333333
29526,3,0.0
29529,3,0.2
29553,3,0.0
29555,3,0.06666666666666667
29562,3,0.26666666666666666
29575,3,0.13333333333333333
29578,3,0.2
29582,3,0.0
29587,3,0.06666666666666667
29590,3,0.06666666666666667
29595,3,0.06666666666666667
29612,3,0.0
29617,3,0.13333333333333333
29619,3,0.06666666666666667
29631,3,0.06666666666666667
29641,3,0.4
29664,3,0.13333333333333333
29666,3,0.2
29667,3,0.0
29670,3,0.0
29673,3,0.0
29682,3,0.4666666666666667
29683,3,0.2
29687,3,0.06666666666666667
29693,3,0.06666666666666667
29711,3,0.13333333333333333
29720,3,0.06666666666666667
29740,3,0.2
29749,3,0.13333333333333333
29752,3,0.13333333333333333
29763,3,0.26666666666666666
29765,3,0.0
29778,3,0.0
29791,3,0.06666666666666667
29795,3,0.26666666666666666
29799,3,0.06666666666666667
29804,3,0.13333333333333333
29809,3,0.06666666666666667
29811,3,0.0
29822,3,0.13333333333333333
29824,3,0.0
29832,3,0.0
29841,3,0.06666666666666667
29845,3,0.0
29863,3,0.4
29879,3,0.13333333333333333
29891,3,0.06666666666666667
29895,3,0.06666666666666667
29901,3,0.06666666666666667
29911,3,0.06666666666666667
29912,3,0.13333333333333333
29916,3,0.06666666666666667
29922,3,0.0
29927,3,0.2
29931,3,0.06666666666666667
29933,3,0.26666666666666666
29936,3,0.0
29950,3,0.06666666666666667
29951,3,0.06666666666666667
29952,3,0.0
29954,3,0.06666666666666667
29957,3,0.0
29965,3,0.13333333333333333
29978,3,0.26666666666666666
29980,3,0.06666666666666667
29991,3,0.26666666666666666
29994,3,0.4
30000,3,0.26666666666666666
30011,3,0.13333333333333333
30014,3,0.26666666666666666
30015,3,0.26666666666666666
30019,3,0.5333333333333333
30020,3,0.5333333333333333
30021,3,0.13333333333333333
30024,3,0.2
30040,3,0.4666666666666667
30047,3,0.26666666666666666
30048,3,0.3333333333333333
30083,3,0.0
30085,3,0.4
30087,3,0.3333333333333333
30088,3,0.26666666666666666
30101,3,0.26666666666666666
30105,3,0.13333333333333333
30107,3,0.13333333333333333
30108,3,0.3333333333333333
30128,3,0.26666666666666666
30152,3,0.2
30160,3,0.06666666666666667
30161,3,0.4666666666666667
30167,3,0.2
30168,3,0.13333333333333333
30173,3,0.13333333333333333
30175,3,0.5333333333333333
30177,3,0.2
30181,3,0.13333333333333333
30182,3,0.2
30199,3,0.4
30207,3,0.6
30211,3,0.3333333333333333
30228,3,0.2
30230,3,0.5333333333333333
30246,3,0.2
30247,3,0.4666666666666667
30249,3,0.0
30256,3,0.26666666666666666
30258,3,0.2
30261,3,0.13333333333333333
30263,3,0.2
30267,3,0.26666666666666666
30273,3,0.26666666666666666
30276,3,0.26666666666666666
30279,3,0.06666666666666667
30280,3,0.4
30283,3,0.4
30284,3,0.4
30285,3,0.26666666666666666
30298,3,0.5333333333333333
30304,3,0.3333333333333333
30327,3,0.06666666666666667
30342,3,0.4
30343,3,0.26666666666666666
30344,3,0.6
30349,3,0.3333333333333333
30354,3,0.2
30365,3,0.06666666666666667
30368,3,0.13333333333333333
30381,3,0.26666666666666666
30384,3,0.06666666666666667
30392,3,0.06666666666666667
30409,3,0.26666666666666666
30413,3,0.4666666666666667
30414,3,0.2
30432,3,0.06666666666666667
30433,3,0.06666666666666667
30443,3,0.13333333333333333
30446,3,0.2
30450,3,0.0
30453,3,0.0
30467,3,0.3333333333333333
30468,3,0.2
30480,3,0.13333333333333333
30485,3,0.2
30486,3,0.3333333333333333
30487,3,0.06666666666666667
30489,3,0.26666666666666666
30497,3,0.2
30512,3,0.0
30522,3,0.13333333333333333
30523,3,0.3333333333333333
30524,3,0.06666666666666667
30527,3,0.13333333333333333
30531,3,0.06666666666666667
30532,3,0.13333333333333333
30535,3,0.4
30537,3,0.06666666666666667
30547,3,0.0
30555,3,0.13333333333333333
30557,3,0.06666666666666667
30559,3,0.06666666666666667
30560,3,0.2
30574,3,0.13333333333333333
30577,3,0.06666666666666667
30579,3,0.0
30587,3,0.06666666666666667
30602,3,0.0
30607,3,0.0
30628,3,0.3333333333333333
30634,3,0.3333333333333333
30638,3,0.13333333333333333
30640,3,0.13333333333333333
30642,3,0.3333333333333333
30647,3,0.06666666666666667
30660,3,0.0
30678,3,0.06666666666666667
30679,3,0.06666666666666667
30686,3,0.0
30689,3,0.06666666666666667
30690,3,0.13333333333333333
30698,3,0.06666666666666667
30700,3,0.0
30707,3,0.13333333333333333
30715,3,0.06666666666666667
30725,3,0.0
30730,3,0.06666666666666667
30735,3,0.06666666666666667
30741,3,0.06666666666666667
30748,3,0.06666666666666667
30755,3,0.0
30765,3,0.06666666666666667
30767,3,0.13333333333333333
30768,3,0.2
30778,3,0.13333333333333333
30788,3,0.06666666666666667
30796,3,0.0
30808,3,0.3333333333333333
30809,3,0.06666666666666667
30810,3,0.06666666666666667
30812,3,0.06666666666666667
30815,3,0.06666666666666667
30817,3,0.13333333333333333
30818,3,0.06666666666666667
30822,3,0.06666666666666667
30823,3,0.06666666666666667
30829,3,0.06666666666666667
30842,3,0.2
30843,3,0.0
30853,3,0.13333333333333333
30858,3,0.13333333333333333
30859,3,0.13333333333333333
30868,3,0.0
30895,3,0.06666666666666667
30909,3,0.13333333333333333
30916,3,0.13333333333333333
30921,3,0.2
30923,3,0.06666666666666667
30929,3,0.0
30934,3,0.0
30942,3,0.13333333333333333
30948,3,0.0
30954,3,0.0
30955,3,0.26666666666666666
30961,3,0.06666666666666667
30969,3,0.06666666666666667
30970,3,0.0
30975,3,0.06666666666666667
30988,3,0.06666666666666667
30989,3,0.13333333333333333
30992,3,0.0
31005,3,0.0
31008,3,0.06666666666666667
31009,3,0.26666666666666666
31010,3,0.06666666666666667
31020,3,0.0
31021,3,0.06666666666666667
31027,3,0.06666666666666667
31040,3,0.0
31048,3,0.06666666666666667
31056,3,0.06666666666666667
31069,3,0.06666666666666667
31081,3,0.06666666666666667
31084,3,0.13333333333333333
31086,3,0.0
31088,3,0.26666666666666666
31094,3,0.2
31100,3,0.13333333333333333
31120,3,0.0
31123,3,0.06666666666666667
31126,3,0.13333333333333333
31127,3,0.13333333333333333
31136,3,0.13333333333333333
31140,3,0.13333333333333333
31153,3,0.06666666666666667
31158,3,0.06666666666666667
31166,3,0.26666666666666666
31170,3,0.06666666666666667
31172,3,0.06666666666666667
31185,3,0.0
31188,3,0.13333333333333333
31199,3,0.06666666666666667
31213,3,0.13333333333333333
31217,3,0.06666666666666667
31219,3,0.26666666666666666
31221,3,0.06666666666666667
31230,3,0.06666666666666667
31250,3,0.06666666666666667
31256,3,0.13333333333333333
31258,3,0.13333333333333333
31260,3,0.06666666666666667
31269,3,0.0
31278,3,0.2
31279,3,0.06666666666666667
31281,3,0.13333333333333333
31294,3,0.06666666666666667
31296,3,0.0
31299,3,0.06666666666666667
31302,3,0.0
31314,3,0.06666666666666667
31333,3,0.0
31338,3,0.06666666666666667
31354,3,0.06666666666666667
31366,3,0.0
31367,3,0.06666666666666667
31373,3,0.0
31387,3,0.06666666666666667
31388,3,0.13333333333333333
31409,3,0.0
31415,3,0.0
31419,3,0.13333333333333333
31420,3,0.06666666666666667
31423,3,0.06666666666666667
31430,3,0.06666666666666667
31432,3,0.06666666666666667
31433,3,0.0
31447,3,0.13333333333333333
31456,3,0.13333333333333333
31461,3,0.06666666666666667
31464,3,0.13333333333333333
31472,3,0.06666666666666667
31473,3,0.3333333333333333
31484,3,0.2
31486,3,0.06666666666666667
31500,3,0.06666666666666667
31501,3,0.13333333333333333
31509,3,0.13333333333333333
31525,3,0.0
31527,3,0.0
31530,3,0.06666666666666667
31544,3,0.0
31555,3,0.06666666666666667
31558,3,0.06666666666666667
31563,3,0.2
31565,3,0.06666666666666667
31566,3,0.06666666666666667
31568,3,0.2
31572,3,0.0
31579,3,0.0
31583,3,0.26666666666666666
31586,3,0.06666666666666667
31587,3,0.13333333333333333
31591,3,0.06666666666666667
31595,3,0.0
31596,3,0.06666666666666667
31603,3,0.0
31609,3,0.06666666666666667
31610,3,0.0
31616,3,0.13333333333333333
31618,3,0.0
31627,3,0.0
31628,3,0.0
31630,3,0.06666666666666667
31635,3,0.13333333333333333
31638,3,0.0
31639,3,0.0
31651,3,0.0
31656,3,0.0
31659,3,0.06666666666666667
31668,3,0.06666666666666667
31671,3,0.06666666666666667
31687,3,0.0
31693,3,0.13333333333333333
31697,3,0.0
31699,3,0.06666666666666667
31702,3,0.06666666666666667
31705,3,0.13333333333333333
31707,3,0.06666666666666667
31719,3,0.06666666666666667
31725,3,0.06666666666666667
31728,3,0.06666666666666667
31734,3,0.06666666666666667
31735,3,0.0
31759,3,0.06666666666666667
31777,3,0.06666666666666667
31784,3,0.13333333333333333
31785,3,0.13333333333333333
31791,3,0.13333333333333333
31798,3,0.0
31799,3,0.2
31800,3,0.06666666666666667
31807,3,0.06666666666666667
31812,3,0.06666666666666667
31820,3,0.0
31830,3,0.0
31835,3,0.06666666666666667
31838,3,0.06666666666666667
31840,3,0.0
31843,3,0.13333333333333333
31846,3,0.3333333333333333
31859,3,0.0
31862,3,0.06666666666666667
31868,3,0.06666666666666667
31869,3,0.06666666666666667
31883,3,0.0
31885,3,0.0
31893,3,0.0
31894,3,0.13333333333333333
31897,3,0.13333333333333333
31905,3,0.0
31906,3,0.2
31910,3,0.13333333333333333
31913,3,0.0
31921,3,0.06666666666666667
31937,3,0.0
31944,3,0.26666666666666666
31951,3,0.06666666666666667
31954,3,0.0
31956,3,0.06666666666666667
31960,3,0.06666666666666667
31963,3,0.06666666666666667
31975,3,0.0
31988,3,0.0
31994,3,0.0
31995,3,0.06666666666666667
32002,3,0.0
32005,3,0.13333333333333333
32019,3,0.13333333333333333
32026,3,0.13333333333333333
32027,3,0.0
32028,3,0.0
32034,3,0.13333333333333333
32036,3,0.13333333333333333
32038,3,0.13333333333333333
32044,3,0.06666666666666667
32059,3,0.0
32079,3,0.06666666666666667
32091,3,0.13333333333333333
32103,3,0.13333333333333333
32111,3,0.0
32115,3,0.2
32119,3,0.0
32122,3,0.0
32134,3,0.2
32135,3,0.0
32148,3,0.2
32164,3,0.2
32166,3,0.0
32167,3,0.0
32169,3,0.06666666666666667
32173,3,0.13333333333333333
32182,3,0.0
32194,3,0.13333333333333333
32203,3,0.13333333333333333
32210,3,0.06666666666666667
32219,3,0.13333333333333333
32223,3,0.2
32228,3,0.06666666666666667
32237,3,0.13333333333333333
32238,3,0.0
32244,3,0.2
32247,3,0.13333333333333333
32248,3,0.13333333333333333
32250,3,0.06666666666666667
32251,3,0.13333333333333333
32254,3,0.06666666666666667
32260,3,0.0
32263,3,0.06666666666666667
32266,3,0.13333333333333333
32267,3,0.0
32268,3,0.06666666666666667
32270,3,0.2
32272,3,0.06666666666666667
32275,3,0.0
32277,3,0.06666666666666667
32297,3,0.06666666666666667
32299,3,0.06666666666666667
32301,3,0.06666666666666667
32305,3,0.06666666666666667
32307,3,0.06666666666666667
32312,3,0.06666666666666667
32322,3,0.06666666666666667
32332,3,0.06666666666666667
32340,3,0.06666666666666667
32341,3,0.06666666666666667
32343,3,0.13333333333333333
32344,3,0.06666666666666667
32355,3,0.06666666666666667
32356,3,0.13333333333333333
32357,3,0.13333333333333333
32366,3,0.2
32376,3,0.2
32399,3,0.0
32414,3,0.0
32420,3,0.13333333333333333
32434,3,0.06666666666666667
32435,3,0.0
32446,3,0.13333333333333333
32449,3,0.13333333333333333
32450,3,0.13333333333333333
32463,3,0.0
32465,3,0.06666666666666667
32466,3,0.06666666666666667
32472,3,0.06666666666666667
32473,3,0.0
32476,3,0.0
32479,3,0.13333333333333333
32483,3,0.2
32497,3,0.0
32502,3,0.0
32503,3,0.0
32504,3,0.06666666666666667
32507,3,0.13333333333333333
32518,3,0.06666666666666667
32529,3,0.0
32530,3,0.06666666666666667
32539,3,0.06666666666666667
32544,3,0.0
32548,3,0.26666666666666666
32552,3,0.0
32564,3,0.13333333333333333
32565,3,0.13333333333333333
32573,3,0.13333333333333333
32582,3,0.0
32589,3,0.06666666666666667
32593,3,0.13333333333333333
32603,3,0.2
32607,3,0.0
32608,3,0.13333333333333333
32622,3,0.13333333333333333
32630,3,0.06666666666666667
32639,3,0.0
32654,3,0.06666666666666667
32685,3,0.06666666666666667
32694,3,0.06666666666666667
32707,3,0.0
32719,3,0.0
32734,3,0.06666666666666667
32736,3,0.0
32739,3,0.13333333333333333
32741,3,0.06666666666666667
32746,3,0.0
32753,3,0.06666666666666667
32756,3,0.0
32762,3,0.0
32766,3,0.06666666666666667
32767,3,0.06666666666666667
32775,3,0.0
32782,3,0.13333333333333333
32794,3,0.13333333333333333
32799,3,0.06666666666666667
32806,3,0.0
32807,3,0.06666666666666667
32808,3,0.06666666666666667
32809,3,0.06666666666666667
32813,3,0.0
32815,3,0.13333333333333333
32816,3,0.13333333333333333
32819,3,0.2
32821,3,0.06666666666666667
32822,3,0.06666666666666667
32823,3,0.0
32831,3,0.06666666666666667
32841,3,0.0
32848,3,0.06666666666666667
32860,3,0.06666666666666667
32862,3,0.06666666666666667
32868,3,0.0
32873,3,0.06666666666666667
32875,3,0.0
32876,3,0.06666666666666667
32883,3,0.26666666666666666
32914,3,0.06666666666666667
32922,3,0.0
32937,3,0.26666666666666666
32944,3,0.06666666666666667
32950,3,0.06666666666666667
32955,3,0.13333333333333333
32965,3,0.06666666666666667
32970,3,0.0
32982,3,0.13333333333333333
32987,3,0.06666666666666667
32989,3,0.06666666666666667
32993,3,0.06666666666666667
32994,3,0.2
32998,3,0.26666666666666666
33024,3,0.0
33025,3,0.06666666666666667
33032,3,0.06666666666666667
33033,3,0.06666666666666667
33047,3,0.0
33061,3,0.0
33070,3,0.2
33073,3,0.13333333333333333
33079,3,0.06666666666666667
33087,3,0.0
33090,3,0.06666666666666667
33109,3,0.06666666666666667
33112,3,0.0
33114,3,0.13333333333333333
33116,3,0.0
33127,3,0.2
33131,3,0.06666666666666667
33134,3,0.2
33148,3,0.2
33150,3,0.0
33154,3,0.0
33155,3,0.0
33160,3,0.13333333333333333
33163,3,0.06666666666666667
33168,3,0.06666666666666667
33169,3,0.06666666666666667
33172,3,0.0
33175,3,0.2
33188,3,0.13333333333333333
33199,3,0.06666666666666667
33212,3,0.0
33222,3,0.0
33223,3,0.06666666666666667
33226,3,0.0
33230,3,0.0
33236,3,0.13333333333333333
33251,3,0.0
33252,3,0.13333333333333333
33253,3,0.06666666666666667
33274,3,0.13333333333333333
33281,3,0.0
33285,3,0.0
33286,3,0.06666666666666667
33292,3,0.0
33299,3,0.06666666666666667
33301,3,0.13333333333333333
33308,3,0.13333333333333333
33318,3,0.0
33319,3,0.13333333333333333
33324,3,0.2
33325,3,0.06666666666666667
33340,3,0.2
33345,3,0.13333333333333333
33347,3,0.13333333333333333
33354,3,0.2
33358,3,0.06666666666666667
33360,3,0.06666666666666667
33363,3,0.06666666666666667
33364,3,0.06666666666666667
33365,3,0.13333333333333333
33368,3,0.26666666666666666
33369,3,0.2
33380,3,0.06666666666666667
33381,3,0.2
33383,3,0.0
33387,3,0.06666666666666667
33392,3,0.06666666666666667
33393,3,0.13333333333333333
33402,3,0.0
33410,3,0.0
33414,3,0.06666666666666667
33426,3,0.2
33447,3,0.0
33451,3,0.2
33457,3,0.13333333333333333
33459,3,0.2
33472,3,0.06666666666666667
33488,3,0.06666666666666667
33491,3,0.0
33495,3,0.06666666666666667
33516,3,0.0
33528,3,0.06666666666666667
33536,3,0.2
33540,3,0.06666666666666667
33541,3,0.06666666666666667
33544,3,0.13333333333333333
33550,3,0.13333333333333333
33567,3,0.06666666666666667
33575,3,0.26666666666666666
33579,3,0.06666666666666667
33580,3,0.06666666666666667
33582,3,0.0
33586,3,0.13333333333333333
33589,3,0.0
33600,3,0.13333333333333333
33606,3,0.06666666666666667
33611,3,0.06666666666666667
33616,3,0.2
33620,3,0.13333333333333333
33626,3,0.13333333333333333
33631,3,0.26666666666666666
33634,3,0.13333333333333333
33637,3,0.06666666666666667
33651,3,0.2
33655,3,0.06666666666666667
33656,3,0.0
33659,3,0.0
33661,3,0.0
33671,3,0.13333333333333333
33674,3,0.06666666666666667
33685,3,0.0
33692,3,0.0
33693,3,0.13333333333333333
33695,3,0.06666666666666667
33702,3,0.13333333333333333
33705,3,0.06666666666666667
33713,3,0.2
33730,3,0.06666666666666667
33734,3,0.0
33736,3,0.06666666666666667
33739,3,0.0
33740,3,0.0
33743,3,0.06666666666666667
33763,3,0.06666666666666667
33764,3,0.0
33767,3,0.0
33771,3,0.26666666666666666
33773,3,0.13333333333333333
33775,3,0.13333333333333333
33780,3,0.0
33781,3,0.2
33782,3,0.06666666666666667
33783,3,0.0
33791,3,0.13333333333333333
33794,3,0.0
33803,3,0.06666666666666667
33808,3,0.0
33816,3,0.2
33817,3,0.13333333333333333
33819,3,0.2
33833,3,0.06666666666666667
33844,3,0.0
33846,3,0.13333333333333333
33858,3,0.2
33864,3,0.0
33869,3,0.0
33875,3,0.13333333333333333
33878,3,0.06666666666666667
33887,3,0.0
33893,3,0.0
33901,3,0.13333333333333333
33905,3,0.06666666666666667
33913,3,0.0
33916,3,0.13333333333333333
33921,3,0.06666666666666667
33925,3,0.0
33937,3,0.06666666666666667
33940,3,0.06666666666666667
33945,3,0.2
33956,3,0.06666666666666667
33958,3,0.13333333333333333
33968,3,0.0
33977,3,0.0
33979,3,0.13333333333333333
33980,3,0.06666666666666667
33986,3,0.2
33992,3,0.13333333333333333
34003,3,0.2
34028,3,0.0
34033,3,0.2
34050,3,0.06666666666666667
34058,3,0.0
34061,3,0.0
34071,3,0.06666666666666667
34077,3,0.0
34080,3,0.06666666666666667
34081,3,0.13333333333333333
34089,3,0.06666666666666667
34091,3,0.0
34100,3,0.2
34102,3,0.06666666666666667
34112,3,0.0
34115,3,0.0
34116,3,0.13333333333333333
34118,3,0.0
34119,3,0.0
34139,3,0.13333333333333333
34143,3,0.06666666666666667
34144,3,0.2
34145,3,0.06666666666666667
34152,3,0.13333333333333333
34161,3,0.0
34171,3,0.26666666666666666
34173,3,0.0
34174,3,0.0
34176,3,0.13333333333333333
34179,3,0.06666666666666667
34197,3,0.26666666666666666
34201,3,0.0
34203,3,0.06666666666666667
34214,3,0.06666666666666667
34218,3,0.06666666666666667
34219,3,0.13333333333333333
34226,3,0.06666666666666667
34233,3,0.2
34239,3,0.13333333333333333
34243,3,0.0
34245,3,0.06666666666666667
34248,3,0.13333333333333333
34255,3,0.0
34281,3,0.06666666666666667
34296,3,0.0
34305,3,0.0
34308,3,0.06666666666666667
34315,3,0.06666666666666667
34325,3,0.13333333333333333
34326,3,0.0
34334,3,0.0
34338,3,0.0
34342,3,0.0
34345,3,0.0
34348,3,0.13333333333333333
34349,3,0.13333333333333333
34359,3,0.06666666666666667
34360,3,0.0
34371,3,0.0
34383,3,0.0
34384,3,0.0
34389,3,0.06666666666666667
34397,3,0.0
34398,3,0.13333333333333333
34407,3,0.4
34414,3,0.0
34424,3,0.06666666666666667
34432,3,0.13333333333333333
34434,3,0.06666666666666667
34451,3,0.13333333333333333
34458,3,0.0
34473,3,0.0
34476,3,0.13333333333333333
34490,3,0.0
34497,3,0.0
34512,3,0.13333333333333333
34513,3,0.0
34521,3,0.0
34522,3,0.06666666666666667
34523,3,0.0
34533,3,0.06666666666666667
34534,3,0.0
34539,3,0.06666666666666667
34540,3,0.06666666666666667
34549,3,0.26666666666666666
34551,3,0.13333333333333333
34568,3,0.0
34576,3,0.0
34592,3,0.0
34596,3,0.13333333333333333
34597,3,0.0
34605,3,0.06666666666666667
34615,3,0.06666666666666667
34617,3,0.13333333333333333
34621,3,0.06666666666666667
34631,3,0.06666666666666667
34636,3,0.0
34637,3,0.0
34650,3,0.06666666666666667
34653,3,0.0
34655,3,0.0
34664,3,0.0
34665,3,0.0
34666,3,0.13333333333333333
34681,3,0.06666666666666667
34684,3,0.0
34688,3,0.06666666666666667
34707,3,0.06666666666666667
34709,3,0.13333333333333333
34718,3,0.0
34719,3,0.06666666666666667
34720,3,0.06666666666666667
34722,3,0.0
34733,3,0.0
34738,3,0.0
34744,3,0.06666666666666667
34745,3,0.0
34751,3,0.0
34760,3,0.2
34763,3,0.06666666666666667
34764,3,0.2
34774,3,0.13333333333333333
34775,3,0.06666666666666667
34779,3,0.06666666666666667
34781,3,0.0
34782,3,0.26666666666666666
34783,3,0.0
34791,3,0.13333333333333333
34792,3,0.0
34802,3,0.06666666666666667
34805,3,0.06666666666666667
34810,3,0.06666666666666667
34812,3,0.06666666666666667
34822,3,0.13333333333333333
34823,3,0.13333333333333333
34825,3,0.0
34834,3,0.13333333333333333
34841,3,0.13333333333333333
34844,3,0.13333333333333333
34850,3,0.0
34863,3,0.13333333333333333
34864,3,0.13333333333333333
34872,3,0.06666666666666667
34878,3,0.0
34879,3,0.06666666666666667
34896,3,0.13333333333333333
34923,3,0.06666666666666667
34931,3,0.06666666666666667
34932,3,0.06666666666666667
34934,3,0.13333333333333333
34945,3,0.13333333333333333
34946,3,0.06666666666666667
34951,3,0.13333333333333333
34952,3,0.0
34962,3,0.0
34964,3,0.13333333333333333
34975,3,0.06666666666666667
34976,3,0.13333333333333333
34978,3,0.06666666666666667
34979,3,0.13333333333333333
34981,3,0.13333333333333333
34991,3,0.0
34994,3,0.0
34995,3,0.06666666666666667
35000,3,0.0
35004,3,0.0
35012,3,0.2
35017,3,0.0
35025,3,0.06666666666666667
35038,3,0.06666666666666667
35042,3,0.06666666666666667
35054,3,0.0
35055,3,0.0
35057,3,0.2
35061,3,0.2
35068,3,0.0
35080,3,0.06666666666666667
35082,3,0.0
35088,3,0.2
35111,3,0.13333333333333333
35130,3,0.0
35159,3,0.13333333333333333
35163,3,0.06666666666666667
35165,3,0.0
35182,3,0.0
35193,3,0.0
35204,3,0.0
35222,3,0.13333333333333333
35232,3,0.06666666666666667
35240,3,0.13333333333333333
35241,3,0.2
35249,3,0.0
35256,3,0.06666666666666667
35260,3,0.0
35269,3,0.0
35270,3,0.06666666666666667
35272,3,0.0
35279,3,0.06666666666666667
35286,3,0.0
35288,3,0.13333333333333333
35292,3,0.06666666666666667
35299,3,0.0
35311,3,0.13333333333333333
35316,3,0.0
35329,3,0.06666666666666667
35336,3,0.13333333333333333
35343,3,0.0
35364,3,0.13333333333333333
35366,3,0.0
35374,3,0.0
35377,3,0.0
35383,3,0.0
35396,3,0.06666666666666667
35401,3,0.13333333333333333
35406,3,0.2
35408,3,0.06666666666666667
35409,3,0.13333333333333333
35417,3,0.06666666666666667
35429,3,0.13333333333333333
35432,3,0.06666666666666667
35434,3,0.0
35439,3,0.0
35450,3,0.06666666666666667
35459,3,0.06666666666666667
35471,3,0.06666666666666667
35477,3,0.06666666666666667
35479,3,0.06666666666666667
35481,3,0.0
35485,3,0.0
35486,3,0.13333333333333333
35497,3,0.06666666666666667
35504,3,0.06666666666666667
35515,3,0.0
35523,3,0.0
35524,3,0.06666666666666667
35527,3,0.0
35530,3,0.13333333333333333
35532,3,0.2
35533,3,0.2
35538,3,0.2
35542,3,0.0
35557,3,0.0
35559,3,0.13333333333333333
35562,3,0.0
35569,3,0.06666666666666667
35577,3,0.0
35580,3,0.2
35586,3,0.0
35590,3,0.26666666666666666
35598,3,0.06666666666666667
35605,3,0.0
35609,3,0.06666666666666667
35614,3,0.13333333333333333
35620,3,0.3333333333333333
35621,3,0.26666666666666666
35624,3,0.26666666666666666
35628,3,0.0
35637,3,0.06666666666666667
35639,3,0.2
35640,3,0.2
35642,3,0.13333333333333333
35644,3,0.06666666666666667
35645,3,0.26666666666666666
35646,3,0.0
35663,3,0.13333333333333333
35666,3,0.13333333333333333
35667,3,0.2
35674,3,0.2
35678,3,0.06666666666666667
35684,3,0.0
35694,3,0.06666666666666667
35698,3,0.13333333333333333
35705,3,0.13333333333333333
35710,3,0.0
35715,3,0.2
35722,3,0.0
35725,3,0.06666666666666667
35729,3,0.13333333333333333
35735,3,0.0
35743,3,0.0
35750,3,0.0
35760,3,0.2
35768,3,0.0
35774,3,0.3333333333333333
35775,3,0.0
35778,3,0.0
35779,3,0.06666666666666667
35781,3,0.06666666666666667
35788,3,0.2
35795,3,0.0
35798,3,0.06666666666666667
35801,3,0.13333333333333333
35802,3,0.2
35805,3,0.2
35808,3,0.0
35824,3,0.2
35831,3,0.13333333333333333
35837,3,0.0
35841,3,0.06666666666666667
35842,3,0.06666666666666667
35843,3,0.06666666666666667
35854,3,0.13333333333333333
35855,3,0.13333333333333333
35860,3,0.0
35864,3,0.0
35887,3,0.0
35889,3,0.06666666666666667
35893,3,0.06666666666666667
35896,3,0.0
35898,3,0.13333333333333333
35910,3,0.0
35913,3,0.2
35925,3,0.06666666666666667
35938,3,0.26666666666666666
35945,3,0.06666666666666667
35947,3,0.2
35956,3,0.26666666666666666
35957,3,0.13333333333333333
35965,3,0.2
35970,3,0.06666666666666667
35971,3,0.4
35978,3,0.06666666666666667
35981,3,0.06666666666666667
35983,3,0.06666666666666667
35985,3,0.13333333333333333
35996,3,0.2
35999,3,0.26666666666666666
36003,3,0.06666666666666667
36015,3,0.2
36024,3,0.06666666666666667
36026,3,0.26666666666666666
36039,3,0.13333333333333333
36044,3,0.06666666666666667
36046,3,0.06666666666666667
36047,3,0.0
36053,3,0.0
36058,3,0.06666666666666667
36060,3,0.06666666666666667
36071,3,0.13333333333333333
36073,3,0.13333333333333333
36081,3,0.06666666666666667
36082,3,0.0
36085,3,0.2
36089,3,0.26666666666666666
36090,3,0.13333333333333333
36093,3,0.0
36095,3,0.06666666666666667
36099,3,0.06666666666666667
36104,3,0.06666666666666667
36107,3,0.13333333333333333
36115,3,0.06666666666666667
36123,3,0.2
36125,3,0.26666666666666666
36137,3,0.06666666666666667
36139,3,0.2
36143,3,0.2
36144,3,0.06666666666666667
36145,3,0.06666666666666667
36146,3,0.13333333333333333
36159,3,0.0
36173,3,0.13333333333333333
36192,3,0.0
36207,3,0.06666666666666667
36213,3,0.0
36214,3,0.26666666666666666
36217,3,0.06666666666666667
36219,3,0.13333333333333333
36228,3,0.4
36230,3,0.4666666666666667
36238,3,0.3333333333333333
36246,3,0.4666666666666667
36247,3,0.3333333333333333
36252,3,0.4666666666666667
36261,3,0.4666666666666667
36264,3,0.4
36268,3,0.4
36273,3,0.6666666666666666
36292,3,0.7333333333333333
36295,3,0.5333333333333333
36297,3,0.3333333333333333
36302,3,0.4
36303,3,0.26666666666666666
36314,3,0.2
36318,3,0.2
36321,3,0.4
36328,3,0.5333333333333333
36331,3,0.5333333333333333
36333,3,0.2
36339,3,0.06666666666666667
36344,3,0.3333333333333333
36347,3,0.3333333333333333
36348,3,0.26666666666666666
36349,3,0.26666666666666666
36354,3,0.2
36362,3,0.4
36369,3,0.4
36377,3,0.4666666666666667
36380,3,0.2
36385,3,0.6
36390,3,0.6
36392,3,0.26666666666666666
36395,3,0.3333333333333333
36396,3,0.5333333333333333
36400,3,0.26666666666666666
36405,3,0.4
36414,3,0.6
36416,3,0.26666666666666666
36425,3,0.4
36429,3,0.26666666666666666
36430,3,0.3333333333333333
36434,3,0.4
36441,3,0.5333333333333333
36445,3,0.3333333333333333
36446,3,0.13333333333333333
36448,3,0.26666666666666666
36450,3,0.3333333333333333
36454,3,0.3333333333333333
36455,3,0.26666666666666666
36459,3,0.2
36483,3,0.4666666666666667
36490,3,0.4666666666666667
36491,3,0.6666666666666666
36496,3,0.13333333333333333
36502,3,0.6
36513,3,0.4666666666666667
36523,3,0.26666666666666666
36524,3,0.3333333333333333
36532,3,0.5333333333333333
36536,3,0.6
36537,3,0.4666666666666667
36556,3,0.4
36559,3,0.4
36560,3,0.5333333333333333
36567,3,0.4666666666666667
36570,3,0.13333333333333333
36576,3,0.4666666666666667
36597,3,0.26666666666666666
36610,3,0.4
36613,3,0.3333333333333333
36617,3,0.06666666666666667
36619,3,0.5333333333333333
36629,3,0.4
36634,3,0.3333333333333333
36635,3,0.5333333333333333
36638,3,0.4
36640,3,0.2
36644,3,0.5333333333333333
36646,3,0.26666666666666666
36655,3,0.4666666666666667
36669,3,0.2
36672,3,0.4666666666666667
36673,3,0.4
36675,3,0.4
36682,3,0.4
36689,3,0.6
36711,3,0.5333333333333333
36712,3,0.3333333333333333
36714,3,0.4666666666666667
36715,3,0.3333333333333333
36732,3,0.4
36737,3,0.4666666666666667
36738,3,0.4666666666666667
36749,3,0.26666666666666666
36754,3,0.4
36755,3,0.3333333333333333
36762,3,0.4
36763,3,0.2
36764,3,0.6
36782,3,0.3333333333333333
36785,3,0.3333333333333333
36789,3,0.3333333333333333
36794,3,0.4
36796,3,0.26666666666666666
36803,3,0.4666666666666667
36811,3,0.4666666666666667
36824,3,0.4
36826,3,0.3333333333333333
36834,3,0.2
36837,3,0.4
36844,3,0.5333333333333333
36848,3,0.3333333333333333
36849,3,0.3333333333333333
36866,3,0.4666666666666667
36871,3,0.4666666666666667
36874,3,0.13333333333333333
36875,3,0.06666666666666667
36892,3,0.26666666666666666
36899,3,0.5333333333333333
36904,3,0.3333333333333333
36908,3,0.3333333333333333
36909,3,0.6
36915,3,0.3333333333333333
36922,3,0.4
36926,3,0.4
36928,3,0.4666666666666667
36946,3,0.2
36953,3,0.4
36954,3,0.5333333333333333
36957,3,0.2
36959,3,0.3333333333333333
36963,3,0.2
36969,3,0.26666666666666666
36970,3,0.06666666666666667
36975,3,0.26666666666666666
36994,3,0.4
36996,3,0.26666666666666666
36997,3,0.4666666666666667
37000,3,0.5333333333333333
37002,3,0.3333333333333333
37003,3,0.5333333333333333
37013,3,0.3333333333333333
37014,3,0.2
37016,3,0.5333333333333333
37023,3,0.3333333333333333
37026,3,0.7333333333333333
37030,3,0.4
37032,3,0.3333333333333333
37056,3,0.4
37070,3,0.6
37087,3,0.4
37089,3,0.26666666666666666
37094,3,0.5333333333333333
37095,3,0.3333333333333333
37101,3,0.4
37106,3,0.3333333333333333
37111,3,0.3333333333333333
37124,3,0.4666666666666667
37132,3,0.26666666666666666
37139,3,0.4
37150,3,0.26666666666666666
37175,3,0.4
37178,3,0.7333333333333333
37191,3,0.7333333333333333
37193,3,0.26666666666666666
37195,3,0.2
37208,3,0.4666666666666667
37213,3,0.26666666666666666
37217,3,0.13333333333333333
37220,3,0.2
37221,3,0.26666666666666666
37224,3,0.4
37230,3,0.8
37233,3,0.3333333333333333
37262,3,0.13333333333333333
37270,3,0.13333333333333333
37292,3,0.5333333333333333
37305,3,0.26666666666666666
37312,3,0.7333333333333333
37313,3,0.2
37314,3,0.26666666666666666
37317,3,0.4
37319,3,0.26666666666666666
37323,3,0.6666666666666666
37340,3,0.2
37352,3,0.26666666666666666
37367,3,0.6666666666666666
37369,3,0.26666666666666666
37380,3,0.2
37387,3,0.4
37390,3,0.3333333333333333
37401,3,0.4666666666666667
37404,3,0.13333333333333333
37408,3,0.13333333333333333
37409,3,0.6
37413,3,0.3333333333333333
37416,3,0.06666666666666667
37419,3,0.4
37426,3,0.26666666666666666
37439,3,0.6666666666666666
37447,3,0.2
37452,3,0.6
37454,3,0.3333333333333333
37456,3,0.4
37462,3,0.2
37472,3,0.3333333333333333
37475,3,0.2
37480,3,0.26666666666666666
37485,3,0.13333333333333333
37503,3,0.6
37505,3,0.2
37510,3,0.4
37511,3,0.26666666666666666
37518,3,0.7333333333333333
37519,3,0.3333333333333333
37529,3,0.4
37534,3,0.2
37535,3,0.6666666666666666
37538,3,0.26666666666666666
37539,3,0.26666666666666666
37543,3,0.2
37550,3,0.4
37559,3,0.4
37561,3,0.4
37566,3,0.5333333333333333
37579,3,0.3333333333333333
37580,3,0.3333333333333333
37618,3,0.3333333333333333
37620,3,0.5333333333333333
37623,3,0.4666666666666667
37625,3,0.5333333333333333
37629,3,0.26666666666666666
37641,3,0.4
37643,3,0.6
37648,3,0.6666666666666666
37654,3,0.26666666666666666
37655,3,0.4666666666666667
37659,3,0.13333333333333333
37670,3,0.2
37691,3,0.4
37693,3,0.7333333333333333
37697,3,0.3333333333333333
37702,3,0.4666666666666667
37704,3,0.6
37711,3,0.2
37727,3,0.5333333333333333
37728,3,0.4
37729,3,0.6666666666666666
37741,3,0.3333333333333333
37742,3,0.5333333333333333
37758,3,0.6
37764,3,0.5333333333333333
37778,3,0.26666666666666666
37780,3,0.26666666666666666
37799,3,0.4666666666666667
37808,3,0.6
37813,3,0.2
37820,3,0.3333333333333333
37824,3,0.3333333333333333
37833,3,0.26666666666666666
37834,3,0.4666666666666667
37835,3,0.26666666666666666
37836,3,0.2
37845,3,0.6
37846,3,0.26666666666666666
37852,3,0.3333333333333333
37873,3,0.26666666666666666
37878,3,0.26666666666666666
37881,3,0.06666666666666667
37897,3,0.4
37903,3,0.6
37906,3,0.3333333333333333
37921,3,0.2
37948,3,0.5333333333333333
37966,3,0.3333333333333333
37980,3,0.8
37981,3,0.26666666666666666
37983,3,0.26666666666666666
37999,3,0.3333333333333333
38001,3,0.3333333333333333
38012,3,0.4
38016,3,0.4666666666666667
38052,3,0.4
38065,3,0.4
38076,3,0.6666666666666666
38091,3,0.6666666666666666
38103,3,0.4666666666666667
38116,3,0.2
38117,3,0.7333333333333333
38120,3,0.4
38129,3,0.3333333333333333
38130,3,0.4
38135,3,0.3333333333333333
38139,3,0.13333333333333333
38149,3,0.5333333333333333
38150,3,0.2
38152,3,0.26666666666666666
38161,3,0.4
38162,3,0.4666666666666667
38164,3,0.2
38174,3,0.4
38181,3,0.6
38188,3,0.6
38193,3,0.4666666666666667
38194,3,0.5333333333333333
38201,3,0.3333333333333333
38226,3,0.26666666666666666
38227,3,0.4666666666666667
38235,3,0.4666666666666667
38237,3,0.4
38240,3,0.4
38245,3,0.6
38252,3,0.3333333333333333
38253,3,0.6666666666666666
38255,3,0.3333333333333333
38256,3,0.7333333333333333
38259,3,0.4
38272,3,0.6666666666666666
38277,3,0.6
38288,3,0.4666666666666667
38294,3,0.2
38295,3,0.4
38309,3,0.26666666666666666
38313,3,0.4
38318,3,0.4666666666666667
38336,3,0.4666666666666667
38342,3,0.7333333333333333
38343,3,0.3333333333333333
38347,3,0.6
38353,3,0.26666666666666666
38354,3,0.5333333333333333
38356,3,0.2
38367,3,0.2
38369,3,0.2
38374,3,0.26666666666666666
38378,3,0.2
38384,3,0.5333333333333333
38406,3,0.3333333333333333
38408,3,0.4666666666666667
38409,3,0.2
38411,3,0.6666666666666666
38414,3,0.6666666666666666
38417,3,0.4
38419,3,0.7333333333333333
38429,3,0.26666666666666666
38433,3,0.6
38442,3,0.7333333333333333
38443,3,0.6
38450,3,0.5333333333333333
38463,3,0.2
38473,3,0.4666666666666667
38494,3,0.5333333333333333
38496,3,0.6666666666666666
38498,3,0.6
38507,3,0.26666666666666666
38509,3,0.5333333333333333
38512,3,0.6
38519,3,0.13333333333333333
38520,3,0.4
38532,3,0.4666666666666667
38540,3,0.5333333333333333
38541,3,0.6
38548,3,0.4
38563,3,0.3333333333333333
38590,3,0.6
38603,3,0.3333333333333333
38617,3,0.3333333333333333
38620,3,0.5333333333333333
38626,3,0.6
38628,3,0.2
38631,3,0.26666666666666666
38641,3,0.4
38642,3,0.13333333333333333
38660,3,0.3333333333333333
38663,3,0.4666666666666667
38667,3,0.8
38669,3,0.4
38672,3,0.13333333333333333
38687,3,0.8
38691,3,0.26666666666666666
38692,3,0.6666666666666666
38697,3,0.4
38701,3,0.2
38704,3,0.13333333333333333
38718,3,0.6666666666666666
38732,3,0.26666666666666666
38737,3,0.2
38747,3,0.2
38751,3,0.4666666666666667
38754,3,0.6
38756,3,0.6666666666666666
38760,3,0.5333333333333333
38762,3,0.8
38767,3,0.26666666666666666
38768,3,0.4
38773,3,0.3333333333333333
38778,3,0.4
38780,3,0.7333333333333333
38784,3,0.4666666666666667
38785,3,0.5333333333333333
38787,3,0.3333333333333333
38800,3,0.6666666666666666
38805,3,0.8666666666666667
38814,3,0.3333333333333333
38827,3,0.6
38833,3,0.6666666666666666
38844,3,0.4
38858,3,0.13333333333333333
38861,3,0.2
38868,3,0.3333333333333333
38880,3,0.5333333333333333
38884,3,0.4
38890,3,0.26666666666666666
38899,3,0.4
38915,3,0.8
38935,3,0.4666666666666667
38944,3,0.4666666666666667
38953,3,0.3333333333333333
38958,3,0.4666666666666667
38959,3,0.3333333333333333
38973,3,0.6
38974,3,0.26666666666666666
38975,3,0.4666666666666667
38977,3,0.6
38980,3,0.4666666666666667
38990,3,0.4
38998,3,0.6666666666666666
39005,3,0.4666666666666667
39006,3,0.3333333333333333
39009,3,0.4666666666666667
39015,3,0.13333333333333333
39024,3,0.6
39035,3,0.6666666666666666
39052,3,0.4666666666666667
39056,3,0.26666666666666666
39073,3,0.4666666666666667
39075,3,0.3333333333333333
39088,3,0.5333333333333333
39089,3,0.4666666666666667
39095,3,0.4666666666666667
39098,3,0.4666666666666667
39112,3,0.13333333333333333
39142,3,0.6666666666666666
39145,3,0.4
39146,3,0.7333333333333333
39151,3,0.6666666666666666
39152,3,0.6
39170,3,0.3333333333333333
39188,3,0.6
39207,3,0.8666666666666667
39210,3,0.4
39217,3,0.7333333333333333
39225,3,0.8
39232,3,0.3333333333333333
39234,3,0.6
39236,3,0.26666666666666666
39256,3,0.6666666666666666
39292,3,0.8666666666666667
39312,3,0.6
39314,3,0.8
39327,3,0.5333333333333333
39350,3,0.5333333333333333
39351,3,0.4
39354,3,0.4666666666666667
39366,3,0.3333333333333333
39368,3,0.3333333333333333
39369,3,0.3333333333333333
39371,3,0.3333333333333333
39382,3,0.4
39385,3,0.7333333333333333
39394,3,0.6666666666666666
39399,3,0.06666666666666667
39403,3,0.5333333333333333
39404,3,0.6
39422,3,0.6
39425,3,0.06666666666666667
39428,3,0.5333333333333333
39466,3,0.6
39473,3,0.8
39476,3,0.8666666666666667
39485,3,0.3333333333333333
39487,3,0.5333333333333333
39491,3,0.8
39506,3,0.5333333333333333
39508,3,0.5333333333333333
39522,3,0.5333333333333333
39526,3,0.4
39531,3,0.5333333333333333
39533,3,0.4
39536,3,0.4
39541,3,0.4666666666666667
39542,3,0.6666666666666666
39546,3,0.4666666666666667
39561,3,0.0
39566,3,0.3333333333333333
39571,3,0.3333333333333333
39588,3,0.5333333333333333
39591,3,0.6
39593,3,0.4
39602,3,0.3333333333333333
39617,3,0.4666666666666667
39620,3,0.6666666666666666
39623,3,0.6666666666666666
39626,3,0.7333333333333333
39628,3,0.4666666666666667
39678,3,0.4666666666666667
39685,3,0.7333333333333333
39686,3,0.6666666666666666
39691,3,0.4666666666666667
39697,3,0.6666666666666666
39708,3,0.7333333333333333
39710,3,0.13333333333333333
39718,3,0.6666666666666666
39724,3,0.4
39725,3,0.6
39732,3,0.6666666666666666
39752,3,0.5333333333333333
39757,3,0.3333333333333333
39761,3,0.4666666666666667
39766,3,0.5333333333333333
39767,3,0.6
39768,3,0.6
39771,3,0.6
39774,3,0.6666666666666666
39775,3,0.4666666666666667
39776,3,0.4666666666666667
39782,3,0.5333333333333333
39788,3,0.26666666666666666
39790,3,0.06666666666666667
39795,3,0.6666666666666666
39811,3,0.8
39818,3,0.13333333333333333
39819,3,0.06666666666666667
39827,3,0.8
39830,3,0.6
39836,3,0.6666666666666666
39845,3,0.9333333333333333
39852,3,0.7333333333333333
39853,3,0.5333333333333333
39855,3,0.6
39864,3,0.4666666666666667
39867,3,0.7333333333333333
39873,3,0.8
39874,3,0.7333333333333333
39883,3,0.8
39886,3,0.2
39887,3,0.6666666666666666
39893,3,0.8666666666666667
39900,3,0.06666666666666667
39913,3,0.5333333333333333
39917,3,0.5333333333333333
39918,3,0.7333333333333333
39925,3,0.5333333333333333
39930,3,0.6
39931,3,0.6666666666666666
39948,3,0.4
39956,3,0.4666666666666667
39976,3,0.9333333333333333
39986,3,0.6
39995,3,0.6
40001,3,0.6
40005,3,0.7333333333333333
40010,3,0.26666666666666666
40018,3,0.2
40027,3,0.4
40039,3,0.4666666666666667
40043,3,0.3333333333333333
40048,3,0.6666666666666666
40054,3,0.26666666666666666
40056,3,0.13333333333333333
40090,3,0.5333333333333333
40093,3,0.26666666666666666
40098,3,0.6
40106,3,0.6
40107,3,0.4666666666666667
40122,3,0.2
40130,3,0.06666666666666667
40132,3,0.7333333333333333
40134,3,0.8
40153,3,0.8
40162,3,0.5333333333333333
40168,3,0.7333333333333333
40171,3,0.9333333333333333
40177,3,0.8
40183,3,0.7333333333333333
40189,3,0.4666666666666667
40190,3,0.4
40192,3,0.8
40194,3,0.5333333333333333
40201,3,0.8
40209,3,0.6
40211,3,0.06666666666666667
40215,3,0.6
40219,3,0.6666666666666666
40221,3,0.6666666666666666
40223,3,0.8666666666666667
40227,3,0.6
40229,3,0.9333333333333333
40239,3,0.7333333333333333
40243,3,0.7333333333333333
40244,3,0.3333333333333333
40255,3,0.26666666666666666
40261,3,0.8
40272,3,0.7333333333333333
40275,3,0.9333333333333333
40284,3,0.8666666666666667
40291,3,0.8666666666666667
40292,3,0.3333333333333333
40294,3,0.8666666666666667
40297,3,0.3333333333333333
40298,3,0.7333333333333333
40301,3,0.6
40304,3,0.6666666666666666
40309,3,0.6666666666666666
40311,3,0.3333333333333333
40319,3,0.8
40321,3,0.2
40323,3,0.5333333333333333
40327,3,0.5333333333333333
40339,3,0.4666666666666667
40340,3,0.3333333333333333
40363,3,0.6
40376,3,0.6666666666666666
40377,3,0.8
40382,3,0.7333333333333333
40384,3,0.8666666666666667
40389,3,0.8666666666666667
40398,3,0.7333333333333333
40412,3,0.7333333333333333
40420,3,0.8
40429,3,0.13333333333333333
40430,3,0.5333333333333333
40431,3,0.3333333333333333
40437,3,0.26666666666666666
40438,3,0.8666666666666667
40451,3,0.3333333333333333
40455,3,0.5333333333333333
40465,3,0.9333333333333333
40466,3,0.7333333333333333
40470,3,0.9333333333333333
40472,3,0.8666666666666667
40481,3,0.4666666666666667
40492,3,0.8
40509,3,0.3333333333333333
40510,3,0.6666666666666666
40511,3,0.4666666666666667
40514,3,0.7333333333333333
40516,3,0.3333333333333333
40520,3,0.8
40529,3,0.26666666666666666
40530,3,0.2
40545,3,0.26666666666666666
40561,3,0.3333333333333333
40564,3,0.5333333333333333
40573,3,0.7333333333333333
40576,3,0.3333333333333333
40588,3,0.4
40589,3,0.8666666666666667
40591,3,0.8
40596,3,0.7333333333333333
40599,3,0.5333333333333333
40601,3,0.8
40610,3,0.6666666666666666
40618,3,0.06666666666666667
40626,3,0.2
40641,3,0.3333333333333333
40661,3,0.6666666666666666
40665,3,0.6666666666666666
40673,3,0.6666666666666666
40674,3,0.8
40675,3,0.8
40695,3,0.4666666666666667
40705,3,0.13333333333333333
40710,3,0.2
40718,3,0.8666666666666667
40723,3,0.8
40726,3,0.8666666666666667
40729,3,0.7333333333333333
40747,3,0.9333333333333333
40751,3,0.4
40756,3,0.4
40759,3,0.7333333333333333
40761,3,0.4666666666666667
40766,3,0.7333333333333333
40768,3,0.4666666666666667
40771,3,0.5333333333333333
40782,3,0.13333333333333333
40783,3,0.5333333333333333
40791,3,0.8666666666666667
40796,3,0.3333333333333333
40809,3,0.26666666666666666
40810,3,0.13333333333333333
40819,3,0.8
40820,3,0.4
40823,3,0.4
40832,3,0.7333333333333333
40837,3,0.8666666666666667
40842,3,0.5333333333333333
40846,3,0.2
40851,3,0.7333333333333333
40854,3,0.8666666666666667
40859,3,0.13333333333333333
40860,3,0.13333333333333333
40866,3,0.6
40867,3,0.5333333333333333
40871,3,0.4666666666666667
40873,3,0.26666666666666666
40887,3,0.3333333333333333
40890,3,0.4
40897,3,0.3333333333333333
40910,3,0.4
40911,3,0.4
40926,3,0.4
40933,3,0.4666666666666667
40935,3,0.3333333333333333
40940,3,0.7333333333333333
40968,3,0.6
40970,3,0.6666666666666666
40974,3,0.26666666666666666
40978,3,0.4
40985,3,0.2
40987,3,0.3333333333333333
40996,3,0.4666666666666667
41005,3,0.9333333333333333
41009,3,0.5333333333333333
41012,3,0.7333333333333333
41013,3,0.4666666666666667
41015,3,0.3333333333333333
41023,3,0.4666666666666667
41026,3,0.8
41030,3,0.4666666666666667
41035,3,0.8
41039,3,0.4666666666666667
41044,3,0.6
41054,3,0.5333333333333333
41057,3,0.7333333333333333
41063,3,0.4666666666666667
41067,3,0.26666666666666666
41077,3,0.5333333333333333
41083,3,0.4
41098,3,0.4666666666666667
41125,3,0.5333333333333333
41128,3,0.5333333333333333
41150,3,0.2
41156,3,0.6
41160,3,0.6666666666666666
41162,3,0.9333333333333333
41170,3,0.06666666666666667
41178,3,0.5333333333333333
41179,3,0.2
41185,3,0.3333333333333333
41186,3,0.5333333333333333
0,4,0.0
5,4,0.0
27,4,0.0
33,4,0.13333333333333333
35,4,0.06666666666666667
38,4,0.0
49,4,0.06666666666666667
57,4,0.13333333333333333
58,4,0.0
61,4,0.06666666666666667
87,4,0.0
92,4,0.0
93,4,0.06666666666666667
97,4,0.0
98,4,0.0
103,4,0.06666666666666667
107,4,0.0
116,4,0.0
119,4,0.06666666666666667
131,4,0.06666666666666667
132,4,0.0
135,4,0.0
144,4,0.06666666666666667
147,4,0.06666666666666667
157,4,0.0
163,4,0.0
165,4,0.0
171,4,0.0
193,4,0.0
200,4,0.06666666666666667
217,4,0.13333333333333333
218,4,0.06666666666666667
224,4,0.06666666666666667
230,4,0.0
233,4,0.0
237,4,0.0
242,4,0.0
248,4,0.0
249,4,0.06666666666666667
253,4,0.06666666666666667
261,4,0.06666666666666667
262,4,0.0
272,4,0.0
277,4,0.0
280,4,0.06666666666666667
281,4,0.06666666666666667
284,4,0.0
291,4,0.0
295,4,0.0
297,4,0.0
298,4,0.0
300,4,0.0
302,4,0.06666666666666667
307,4,0.0
311,4,0.0
326,4,0.0
340,4,0.06666666666666667
350,4,0.0
355,4,0.06666666666666667
362,4,0.06666666666666667
366,4,0.0
374,4,0.0
377,4,0.06666666666666667
389,4,0.06666666666666667
390,4,0.06666666666666667
391,4,0.0
402,4,0.0
408,4,0.0
417,4,0.06666666666666667
419,4,0.06666666666666667
459,4,0.0
460,4,0.06666666666666667
461,4,0.0
462,4,0.0
468,4,0.0
471,4,0.0
472,4,0.06666666666666667
479,4,0.0
480,4,0.0
482,4,0.0
512,4,0.06666666666666667
517,4,0.0
520,4,0.06666666666666667
528,4,0.06666666666666667
530,4,0.06666666666666667
536,4,0.06666666666666667
539,4,0.0
547,4,0.0
548,4,0.06666666666666667
549,4,0.0
550,4,0.0
552,4,0.0
555,4,0.0
556,4,0.0
562,4,0.0
571,4,0.0
591,4,0.0
594,4,0.0
598,4,0.06666666666666667
607,4,0.0
609,4,0.0
625,4,0.0
635,4,0.0
639,4,0.0
647,4,0.0
660,4,0.06666666666666667
671,4,0.06666666666666667
672,4,0.0
681,4,0.0
683,4,0.0
691,4,0.0
693,4,0.0
695,4,0.0
696,4,0.0
704,4,0.0
708,4,0.0
715,4,0.0
725,4,0.0
737,4,0.06666666666666667
766,4,0.0
774,4,0.0
782,4,0.0
785,4,0.0
791,4,0.06666666666666667
802,4,0.0
803,4,0.06666666666666667
808,4,0.13333333333333333
811,4,0.0
816,4,0.06666666666666667
818,4,0.0
825,4,0.06666666666666667
831,4,0.0
833,4,0.0
834,4,0.0
843,4,0.06666666666666667
847,4,0.13333333333333333
853,4,0.13333333333333333
855,4,0.0
859,4,0.0
860,4,0.13333333333333333
874,4,0.13333333333333333
900,4,0.0
902,4,0.0
903,4,0.0
904,4,0.13333333333333333
907,4,0.0
908,4,0.0
926,4,0.06666666666666667
928,4,0.06666666666666667
931,4,0.13333333333333333
945,4,0.0
947,4,0.06666666666666667
955,4,0.0
956,4,0.0
964,4,0.13333333333333333
970,4,0.0
981,4,0.06666666666666667
982,4,0.0
986,4,0.13333333333333333
999,4,0.0
1013,4,0.06666666666666667
1018,4,0.06666666666666667
1019,4,0.0
1022,4,0.0
1023,4,0.0
1024,4,0.0
1029,4,0.06666666666666667
1051,4,0.0
1055,4,0.0
1059,4,0.0
1061,4,0.0
1066,4,0.0
1068,4,0.06666666666666667
1076,4,0.0
1083,4,0.0
1086,4,0.13333333333333333
1107,4,0.0
1122,4,0.06666666666666667
1127,4,0.06666666666666667
1132,4,0.0
1133,4,0.06666666666666667
1143,4,0.0
1145,4,0.13333333333333333
1148,4,0.06666666666666667
1170,4,0.13333333333333333
1171,4,0.13333333333333333
1173,4,0.06666666666666667
1179,4,0.0
1180,4,0.06666666666666667
1184,4,0.06666666666666667
1187,4,0.0
1189,4,0.06666666666666667
1197,4,0.13333333333333333
1198,4,0.06666666666666667
1209,4,0.0
1213,4,0.0
1221,4,0.0
1238,4,0.0
1242,4,0.0
1255,4,0.0
1258,4,0.0
1271,4,0.13333333333333333
1273,4,0.0
1281,4,0.06666666666666667
1282,4,0.0
1283,4,0.0
1287,4,0.0
1302,4,0.0
1306,4,0.0
1310,4,0.13333333333333333
1316,4,0.06666666666666667
1324,4,0.06666666666666667
1325,4,0.06666666666666667
1332,4,0.13333333333333333
1338,4,0.13333333333333333
1350,4,0.06666666666666667
1353,4,0.0
1361,4,0.06666666666666667
1362,4,0.06666666666666667
1380,4,0.0
1394,4,0.0
1400,4,0.0
1409,4,0.0
1412,4,0.06666666666666667
1416,4,0.0
1417,4,0.06666666666666667
1444,4,0.06666666666666667
1445,4,0.0
1447,4,0.06666666666666667
1448,4,0.06666666666666667
1465,4,0.0
1471,4,0.0
1473,4,0.0
1474,4,0.0
1475,4,0.06666666666666667
1479,4,0.13333333333333333
1481,4,0.0
1490,4,0.0
1494,4,0.0
1495,4,0.0
1511,4,0.06666666666666667
1523,4,0.0
1536,4,0.06666666666666667
1541,4,0.0
1544,4,0.0
1548,4,0.06666666666666667
1552,4,0.0
1553,4,0.0
1566,4,0.13333333333333333
1578,4,0.06666666666666667
1586,4,0.0
1588,4,0.13333333333333333
1593,4,0.0
1594,4,0.13333333333333333
1595,4,0.06666666666666667
1600,4,0.0
1606,4,0.0
1612,4,0.06666666666666667
1616,4,0.0
1628,4,0.13333333333333333
1647,4,0.06666666666666667
1648,4,0.0
1657,4,0.06666666666666667
1658,4,0.0
1687,4,0.0
1692,4,0.0
1699,4,0.0
1709,4,0.06666666666666667
1714,4,0.06666666666666667
1721,4,0.06666666666666667
1724,4,0.06666666666666667
1727,4,0.0
1729,4,0.13333333333333333
1732,4,0.06666666666666667
1736,4,0.0
1737,4,0.06666666666666667
1741,4,0.0
1750,4,0.0
1753,4,0.0
1766,4,0.0
1770,4,0.0
1771,4,0.06666666666666667
1779,4,0.0
1804,4,0.0
1806,4,0.13333333333333333
1818,4,0.06666666666666667
1822,4,0.0
1831,4,0.0
1833,4,0.0
1834,4,0.06666666666666667
1837,4,0.06666666666666667
1839,4,0.0
1842,4,0.06666666666666667
1848,4,0.0
1859,4,0.0
1867,4,0.06666666666666667
1878,4,0.0
1885,4,0.0
1894,4,0.0
1899,4,0.0
1901,4,0.0
1902,4,0.06666666666666667
1916,4,0.13333333333333333
1921,4,0.0
1922,4,0.13333333333333333
1927,4,0.0
1929,4,0.06666666666666667
1931,4,0.0
1933,4,0.0
1937,4,0.06666666666666667
1954,4,0.06666666666666667
1955,4,0.13333333333333333
1966,4,0.0
1973,4,0.0
1982,4,0.0
1983,4,0.0
1984,4,0.06666666666666667
1996,4,0.06666666666666667
2009,4,0.0
2017,4,0.06666666666666667
2020,4,0.06666666666666667
2025,4,0.0
2035,4,0.0
2038,4,0.0
2049,4,0.0
2063,4,0.06666666666666667
2071,4,0.0
2072,4,0.0
2074,4,0.0
2076,4,0.0
2086,4,0.0
2089,4,0.0
2099,4,0.06666666666666667
2101,4,0.0
2102,4,0.0
2106,4,0.0
2107,4,0.0
2110,4,0.0
2121,4,0.0
2132,4,0.0
2135,4,0.0
2138,4,0.0
2144,4,0.13333333333333333
2149,4,0.06666666666666667
2155,4,0.0
2158,4,0.06666666666666667
2169,4,0.0
2171,4,0.06666666666666667
2174,4,0.0
2179,4,0.0
2184,4,0.0
2192,4,0.06666666666666667
2214,4,0.13333333333333333
2215,4,0.2
2217,4,0.06666666666666667
2241,4,0.06666666666666667
2246,4,0.0
2259,4,0.0
2269,4,0.0
2271,4,0.06666666666666667
2276,4,0.0
2283,4,0.06666666666666667
2291,4,0.0
2298,4,0.0
2299,4,0.0
2300,4,0.0
2308,4,0.0
2310,4,0.0
2312,4,0.0
2324,4,0.13333333333333333
2327,4,0.0
2330,4,0.0
2339,4,0.06666666666666667
2340,4,0.0
2341,4,0.0
2343,4,0.0
2344,4,0.0
2348,4,0.0
2353,4,0.0
2357,4,0.2
2361,4,0.06666666666666667
2362,4,0.06666666666666667
2369,4,0.06666666666666667
2371,4,0.0
2376,4,0.0
2378,4,0.0
2382,4,0.0
2386,4,0.0
2388,4,0.0
2394,4,0.0
2402,4,0.06666666666666667
2404,4,0.06666666666666667
2406,4,0.0
2408,4,0.06666666666666667
2411,4,0.13333333333333333
2415,4,0.06666666666666667
2420,4,0.0
2422,4,0.0
2434,4,0.13333333333333333
2436,4,0.06666666666666667
2437,4,0.0
2452,4,0.0
2462,4,0.0
2472,4,0.0
2480,4,0.0
2491,4,0.06666666666666667
2492,4,0.06666666666666667
2498,4,0.06666666666666667
2509,4,0.0
2510,4,0.06666666666666667
2515,4,0.0
2517,4,0.06666666666666667
2543,4,0.0
2546,4,0.0
2555,4,0.0
2558,4,0.0
2564,4,0.0
2565,4,0.06666666666666667
2568,4,0.13333333333333333
2584,4,0.06666666666666667
2594,4,0.06666666666666667
2605,4,0.0
2612,4,0.06666666666666667
2613,4,0.06666666666666667
2621,4,0.0
2637,4,0.0
2638,4,0.06666666666666667
2648,4,0.0
2649,4,0.0
2654,4,0.06666666666666667
2657,4,0.06666666666666667
2660,4,0.0
2666,4,0.0
2675,4,0.0
2683,4,0.0
2689,4,0.06666666666666667
2691,4,0.06666666666666667
2694,4,0.0
2699,4,0.0
2703,4,0.0
2712,4,0.0
2713,4,0.0
2718,4,0.0
2727,4,0.0
2729,4,0.0
2735,4,0.06666666666666667
2739,4,0.0
2742,4,0.06666666666666667
2749,4,0.13333333333333333
2763,4,0.0
2766,4,0.0
2779,4,0.06666666666666667
2782,4,0.13333333333333333
2785,4,0.0
2794,4,0.0
2807,4,0.06666666666666667
2812,4,0.0
2813,4,0.0
2819,4,0.0
2829,4,0.0
2834,4,0.0
2835,4,0.06666666666666667
2836,4,0.06666666666666667
2844,4,0.0
2853,4,0.0
2889,4,0.0
2892,4,0.0
2914,4,0.13333333333333333
2922,4,0.0
2923,4,0.06666666666666667
2926,4,0.0
2928,4,0.0
2931,4,0.06666666666666667
2937,4,0.0
2948,4,0.0
2958,4,0.0
2969,4,0.0
2971,4,0.0
2978,4,0.0
2985,4,0.0
2996,4,0.0
3004,4,0.0
3017,4,0.0
3018,4,0.0
3026,4,0.0
3030,4,0.0
3057,4,0.06666666666666667
3059,4,0.0
3062,4,0.0
3069,4,0.0
3073,4,0.0
3085,4,0.06666666666666667
3088,4,0.0
3089,4,0.0
3090,4,0.0
3099,4,0.0
3108,4,0.0
3110,4,0.06666666666666667
3117,4,0.0
3123,4,0.0
3128,4,0.06666666666666667
3129,4,0.06666666666666667
3141,4,0.0
3146,4,0.0
3148,4,0.0
3172,4,0.06666666666666667
3173,4,0.0
3175,4,0.06666666666666667
3176,4,0.0
3193,4,0.0
3194,4,0.13333333333333333
3199,4,0.06666666666666667
3203,4,0.06666666666666667
3221,4,0.0
3222,4,0.06666666666666667
3246,4,0.0
3249,4,0.0
3252,4,0.0
3261,4,0.0
3262,4,0.06666666666666667
3265,4,0.0
3271,4,0.06666666666666667
3275,4,0.13333333333333333
3283,4,0.0
3288,4,0.06666666666666667
3299,4,0.06666666666666667
3309,4,0.0
3316,4,0.0
3328,4,0.13333333333333333
3330,4,0.0
3342,4,0.0
3346,4,0.0
3348,4,0.06666666666666667
3355,4,0.0
3357,4,0.0
3360,4,0.0
3362,4,0.13333333333333333
3369,4,0.06666666666666667
3381,4,0.0
3382,4,0.0
3386,4,0.0
3387,4,0.0
3390,4,0.0
3393,4,0.0
3395,4,0.0
3398,4,0.0
3400,4,0.0
3404,4,0.0
3406,4,0.13333333333333333
3419,4,0.0
3421,4,0.0
3437,4,0.0
3441,4,0.13333333333333333
3442,4,0.0
3444,4,0.13333333333333333
3448,4,0.0
3449,4,0.13333333333333333
3450,4,0.13333333333333333
3456,4,0.0
3459,4,0.06666666666666667
3464,4,0.0
3465,4,0.13333333333333333
3486,4,0.06666666666666667
3494,4,0.0
3497,4,0.13333333333333333
3505,4,0.0
3512,4,0.06666666666666667
3514,4,0.0
3517,4,0.0
3518,4,0.0
3523,4,0.0
3527,4,0.0
3535,4,0.0
3543,4,0.0
3549,4,0.0
3550,4,0.0
3562,4,0.06666666666666667
3566,4,0.06666666666666667
3572,4,0.2
3575,4,0.06666666666666667
3579,4,0.06666666666666667
3584,4,0.06666666666666667
3594,4,0.0
3601,4,0.06666666666666667
3602,4,0.06666666666666667
3610,4,0.13333333333333333
3612,4,0.0
3615,4,0.0
3622,4,0.0
3626,4,0.13333333333333333
3643,4,0.0
3652,4,0.0
3666,4,0.13333333333333333
3668,4,0.0
3676,4,0.0
3678,4,0.0
3690,4,0.06666666666666667
3707,4,0.0
3709,4,0.0
3716,4,0.13333333333333333
3718,4,0.06666666666666667
3719,4,0.0
3726,4,0.06666666666666667
3733,4,0.06666666666666667
3747,4,0.13333333333333333
3751,4,0.0
3782,4,0.06666666666666667
3786,4,0.06666666666666667
3791,4,0.06666666666666667
3796,4,0.0
3821,4,0.13333333333333333
3824,4,0.0
3837,4,0.0
3839,4,0.0
3857,4,0.0
3865,4,0.0
3882,4,0.06666666666666667
3896,4,0.06666666666666667
3904,4,0.0
3905,4,0.06666666666666667
3908,4,0.0
3909,4,0.0
3916,4,0.0
3920,4,0.0
3926,4,0.06666666666666667
3931,4,0.0
3941,4,0.06666666666666667
3963,4,0.06666666666666667
3966,4,0.06666666666666667
3983,4,0.0
3985,4,0.0
3987,4,0.0
3994,4,0.0
4000,4,0.06666666666666667
4001,4,0.0
4006,4,0.0
4014,4,0.06666666666666667
4017,4,0.0
4021,4,0.0
4028,4,0.0
4035,4,0.0
4064,4,0.06666666666666667
4073,4,0.0
4074,4,0.06666666666666667
4078,4,0.0
4087,4,0.06666666666666667
4089,4,0.0
4090,4,0.0
4102,4,0.06666666666666667
4104,4,0.0
4105,4,0.06666666666666667
4109,4,0.0
4116,4,0.0
4118,4,0.06666666666666667
4122,4,0.0
4131,4,0.0
4135,4,0.0
4149,4,0.06666666666666667
4153,4,0.06666666666666667
4157,4,0.0
4181,4,0.0
4186,4,0.0
4189,4,0.0
4191,4,0.0
4192,4,0.0
4198,4,0.06666666666666667
4205,4,0.06666666666666667
4213,4,0.0
4214,4,0.06666666666666667
4216,4,0.0
4218,4,0.06666666666666667
4219,4,0.06666666666666667
4221,4,0.06666666666666667
4229,4,0.0
4235,4,0.0
4239,4,0.0
4244,4,0.0
4246,4,0.0
4251,4,0.06666666666666667
4265,4,0.0
4268,4,0.0
4275,4,0.0
4289,4,0.0
4292,4,0.06666666666666667
4293,4,0.0
4299,4,0.06666666666666667
4309,4,0.0
4315,4,0.06666666666666667
4320,4,0.0
4331,4,0.0
4334,4,0.0
4335,4,0.0
4338,4,0.0
4342,4,0.0
4344,4,0.06666666666666667
4345,4,0.0
4365,4,0.06666666666666667
4374,4,0.0
4375,4,0.0
4382,4,0.0
4389,4,0.0
4395,4,0.0
4406,4,0.06666666666666667
4411,4,0.0
4417,4,0.06666666666666667
4430,4,0.0
4434,4,0.0
4440,4,0.06666666666666667
4442,4,0.0
4465,4,0.0
4468,4,0.0
4470,4,0.0
4481,4,0.0
4482,4,0.0
4492,4,0.0
4495,4,0.0
4500,4,0.0
4503,4,0.0
4508,4,0.0
4514,4,0.0
4524,4,0.0
4535,4,0.0
4537,4,0.0
4539,4,0.06666666666666667
4575,4,0.0
4576,4,0.0
4581,4,0.0
4589,4,0.0
4590,4,0.13333333333333333
4592,4,0.0
4594,4,0.0
4604,4,0.06666666666666667
4607,4,0.0
4630,4,0.0
4643,4,0.06666666666666667
4650,4,0.06666666666666667
4653,4,0.13333333333333333
4665,4,0.0
4672,4,0.06666666666666667
4682,4,0.0
4691,4,0.0
4693,4,0.13333333333333333
4715,4,0.0
4718,4,0.06666666666666667
4722,4,0.06666666666666667
4724,4,0.0
4727,4,0.0
4728,4,0.0
4731,4,0.06666666666666667
4735,4,0.0
4743,4,0.2
4756,4,0.0
4760,4,0.0
4762,4,0.0
4769,4,0.0
4781,4,0.0
4785,4,0.06666666666666667
4794,4,0.13333333333333333
4812,4,0.06666666666666667
4813,4,0.06666666666666667
4815,4,0.0
4817,4,0.06666666666666667
4819,4,0.0
4821,4,0.06666666666666667
4837,4,0.0
4838,4,0.0
4846,4,0.06666666666666667
4849,4,0.0
4859,4,0.06666666666666667
4860,4,0.0
4882,4,0.0
4883,4,0.13333333333333333
4885,4,0.13333333333333333
4892,4,0.0
4893,4,0.0
4899,4,0.06666666666666667
4903,4,0.0
4911,4,0.0
4915,4,0.0
4921,4,0.0
4923,4,0.0
4926,4,0.0
4930,4,0.0
4932,4,0.0
4938,4,0.06666666666666667
4947,4,0.06666666666666667
4948,4,0.0
4952,4,0.0
4953,4,0.0
4966,4,0.06666666666666667
4976,4,0.0
4981,4,0.06666666666666667
4991,4,0.06666666666666667
4996,4,0.06666666666666667
5002,4,0.0
5017,4,0.06666666666666667
5025,4,0.13333333333333333
5026,4,0.0
5028,4,0.0
5029,4,0.0
5030,4,0.06666666666666667
5037,4,0.0
5050,4,0.0
5053,4,0.0
5056,4,0.13333333333333333
5068,4,0.06666666666666667
5080,4,0.06666666666666667
5084,4,0.06666666666666667
5106,4,0.06666666666666667
5107,4,0.0
5109,4,0.06666666666666667
5111,4,0.0
5118,4,0.06666666666666667
5136,4,0.06666666666666667
5140,4,0.06666666666666667
5146,4,0.0
5151,4,0.0
5161,4,0.0
5166,4,0.0
5169,4,0.0
5170,4,0.0
5191,4,0.06666666666666667
5220,4,0.06666666666666667
5221,4,0.13333333333333333
5224,4,0.06666666666666667
5231,4,0.0
5234,4,0.0
5241,4,0.0
5244,4,0.0
5251,4,0.0
5270,4,0.0
5271,4,0.0
5273,4,0.06666666666666667
5280,4,0.0
5287,4,0.0
5304,4,0.0
5308,4,0.0
5310,4,0.0
5312,4,0.06666666666666667
5315,4,0.0
5318,4,0.0
5319,4,0.0
5321,4,0.0
5326,4,0.06666666666666667
5336,4,0.06666666666666667
5342,4,0.0
5344,4,0.06666666666666667
5349,4,0.06666666666666667
5360,4,0.0
5364,4,0.2
5365,4,0.0
5369,4,0.0
5385,4,0.13333333333333333
5387,4,0.0
5389,4,0.0
5397,4,0.0
5401,4,0.0
5414,4,0.06666666666666667
5417,4,0.0
5432,4,0.0
5434,4,0.0
5444,4,0.13333333333333333
5464,4,0.06666666666666667
5476,4,0.06666666666666667
5483,4,0.06666666666666667
5487,4,0.0
5496,4,0.0
5497,4,0.06666666666666667
5498,4,0.0
5499,4,0.06666666666666667
5503,4,0.13333333333333333
5512,4,0.13333333333333333
5513,4,0.06666666666666667
5515,4,0.2
5519,4,0.06666666666666667
5520,4,0.0
5531,4,0.0
5535,4,0.0
5537,4,0.0
5541,4,0.0
5543,4,0.0
5544,4,0.0
5545,4,0.0
5550,4,0.06666666666666667
5553,4,0.06666666666666667
5562,4,0.06666666666666667
5564,4,0.0
5566,4,0.0
5570,4,0.06666666666666667
5575,4,0.06666666666666667
5581,4,0.0
5584,4,0.0
5617,4,0.0
5625,4,0.0
5633,4,0.0
5638,4,0.06666666666666667
5640,4,0.0
5651,4,0.13333333333333333
5657,4,0.06666666666666667
5668,4,0.06666666666666667
5673,4,0.06666666666666667
5676,4,0.0
5690,4,0.0
5699,4,0.06666666666666667
5701,4,0.0
5702,4,0.0
5705,4,0.06666666666666667
5711,4,0.0
5726,4,0.0
5727,4,0.0
5729,4,0.0
5734,4,0.0
5750,4,0.0
5753,4,0.0
5759,4,0.06666666666666667
5779,4,0.0
5782,4,0.0
5801,4,0.0
5806,4,0.0
5815,4,0.0
5819,4,0.06666666666666667
5826,4,0.13333333333333333
5833,4,0.06666666666666667
5839,4,0.06666666666666667
5851,4,0.0
5857,4,0.06666666666666667
5860,4,0.0
5865,4,0.06666666666666667
5867,4,0.06666666666666667
5869,4,0.0
5877,4,0.06666666666666667
5892,4,0.06666666666666667
5895,4,0.06666666666666667
5905,4,0.13333333333333333
5908,4,0.0
5911,4,0.0
5923,4,0.0
5935,4,0.06666666666666667
5943,4,0.0
5948,4,0.0
5951,4,0.0
5965,4,0.0
5972,4,0.06666666666666667
5982,4,0.0
5983,4,0.06666666666666667
5985,4,0.0
5996,4,0.0
6004,4,0.0
6024,4,0.06666666666666667
6035,4,0.0
6046,4,0.0
6047,4,0.0
6050,4,0.0
6064,4,0.0
6075,4,0.13333333333333333
6086,4,0.0
6099,4,0.0
6104,4,0.06666666666666667
6111,4,0.06666666666666667
6132,4,0.06666666666666667
6156,4,0.0
6164,4,0.0
6175,4,0.0
6179,4,0.0
6183,4,0.0
6194,4,0.0
6197,4,0.0
6202,4,0.0
6204,4,0.0
6205,4,0.0
6207,4,0.13333333333333333
6211,4,0.0
6213,4,0.0
6223,4,0.0
6224,4,0.06666666666666667
6228,4,0.0
6233,4,0.0
6235,4,0.0
6238,4,0.0
6246,4,0.06666666666666667
6256,4,0.0
6257,4,0.0
6258,4,0.0
6266,4,0.06666666666666667
6276,4,0.06666666666666667
6277,4,0.06666666666666667
6286,4,0.0
6296,4,0.0
6298,4,0.0
6301,4,0.0
6305,4,0.0
6308,4,0.0
6312,4,0.0
6313,4,0.06666666666666667
6317,4,0.0
6318,4,0.06666666666666667
6329,4,0.0
6333,4,0.0
6343,4,0.06666666666666667
6361,4,0.13333333333333333
6366,4,0.06666666666666667
6367,4,0.0
6368,4,0.13333333333333333
6373,4,0.0
6386,4,0.0
6390,4,0.0
6392,4,0.06666666666666667
6399,4,0.06666666666666667
6400,4,0.13333333333333333
6402,4,0.0
6417,4,0.0
6426,4,0.0
6432,4,0.06666666666666667
6437,4,0.13333333333333333
6446,4,0.13333333333333333
6448,4,0.0
6450,4,0.0
6462,4,0.0
6471,4,0.0
6474,4,0.06666666666666667
6477,4,0.13333333333333333
6480,4,0.0
6481,4,0.0
6491,4,0.06666666666666667
6511,4,0.0
6518,4,0.0
6525,4,0.13333333333333333
6534,4,0.06666666666666667
6540,4,0.06666666666666667
6548,4,0.0
6551,4,0.0
6558,4,0.0
6567,4,0.06666666666666667
6568,4,0.0
6572,4,0.0
6576,4,0.06666666666666667
6600,4,0.06666666666666667
6606,4,0.0
6613,4,0.0
6626,4,0.0
6627,4,0.0
6629,4,0.06666666666666667
6638,4,0.0
6640,4,0.0
6654,4,0.0
6664,4,0.0
6669,4,0.0
6672,4,0.06666666666666667
6675,4,0.0
6677,4,0.0
6679,4,0.0
6680,4,0.0
6683,4,0.0
6684,4,0.0
6694,4,0.0
6700,4,0.0
6716,4,0.06666666666666667
6722,4,0.0
6727,4,0.06666666666666667
6734,4,0.0
6741,4,0.0
6749,4,0.0
6751,4,0.0
6752,4,0.06666666666666667
6781,4,0.0
6785,4,0.13333333333333333
6793,4,0.0
6795,4,0.0
6798,4,0.0
6801,4,0.0
6816,4,0.0
6825,4,0.06666666666666667
6829,4,0.0
6835,4,0.06666666666666667
6849,4,0.06666666666666667
6854,4,0.0
6872,4,0.06666666666666667
6877,4,0.06666666666666667
6878,4,0.0
6892,4,0.06666666666666667
6894,4,0.06666666666666667
6897,4,0.0
6906,4,0.06666666666666667
6909,4,0.06666666666666667
6917,4,0.06666666666666667
6921,4,0.0
6943,4,0.0
6944,4,0.06666666666666667
6950,4,0.0
6970,4,0.06666666666666667
6972,4,0.0
6994,4,0.0
6995,4,0.0
6998,4,0.0
7000,4,0.06666666666666667
7001,4,0.06666666666666667
7014,4,0.0
7015,4,0.0
7017,4,0.0
7018,4,0.06666666666666667
7019,4,0.13333333333333333
7022,4,0.0
7038,4,0.0
7039,4,0.06666666666666667
7044,4,0.06666666666666667
7066,4,0.06666666666666667
7071,4,0.06666666666666667
7073,4,0.0
7074,4,0.0
7076,4,0.0
7084,4,0.0
7087,4,0.0
7090,4,0.06666666666666667
7109,4,0.13333333333333333
7112,4,0.13333333333333333
7115,4,0.0
7118,4,0.06666666666666667
7123,4,0.13333333333333333
7124,4,0.06666666666666667
7139,4,0.0
7146,4,0.06666666666666667
7156,4,0.0
7163,4,0.0
7169,4,0.0
7174,4,0.06666666666666667
7175,4,0.06666666666666667
7177,4,0.0
7196,4,0.0
7198,4,0.06666666666666667
7212,4,0.0
7213,4,0.06666666666666667
7215,4,0.06666666666666667
7217,4,0.06666666666666667
7225,4,0.0
7246,4,0.2
7247,4,0.0
7249,4,0.0
7252,4,0.0
7256,4,0.0
7260,4,0.0
7262,4,0.0
7277,4,0.06666666666666667
7281,4,0.0
7288,4,0.06666666666666667
7301,4,0.06666666666666667
7303,4,0.13333333333333333
7305,4,0.0
7310,4,0.06666666666666667
7311,4,0.0
7312,4,0.06666666666666667
7315,4,0.0
7326,4,0.13333333333333333
7329,4,0.0
7348,4,0.13333333333333333
7350,4,0.06666666666666667
7353,4,0.06666666666666667
7358,4,0.06666666666666667
7362,4,0.0
7365,4,0.06666666666666667
7373,4,0.06666666666666667
7375,4,0.06666666666666667
7377,4,0.0
7378,4,0.2
7391,4,0.0
7400,4,0.06666666666666667
7401,4,0.06666666666666667
7404,4,0.13333333333333333
7406,4,0.13333333333333333
7408,4,0.0
7417,4,0.0
7420,4,0.0
7425,4,0.0
7433,4,0.0
7444,4,0.0
7447,4,0.06666666666666667
7449,4,0.06666666666666667
7455,4,0.0
7458,4,0.0
7465,4,0.2
7468,4,0.06666666666666667
7475,4,0.0
7481,4,0.0
7494,4,0.06666666666666667
7495,4,0.06666666666666667
7502,4,0.0
7508,4,0.0
7512,4,0.13333333333333333
7513,4,0.0
7518,4,0.06666666666666667
7520,4,0.0
7534,4,0.0
7551,4,0.06666666666666667
7554,4,0.0
7557,4,0.0
7558,4,0.06666666666666667
7569,4,0.0
7570,4,0.13333333333333333
7571,4,0.0
7584,4,0.0
7588,4,0.0
7612,4,0.0
7646,4,0.0
7653,4,0.13333333333333333
7663,4,0.06666666666666667
7669,4,0.06666666666666667
7671,4,0.0
7674,4,0.0
7698,4,0.0
7699,4,0.06666666666666667
7702,4,0.0
7703,4,0.0
7709,4,0.0
7712,4,0.0
7715,4,0.06666666666666667
7721,4,0.0
7730,4,0.06666666666666667
7735,4,0.06666666666666667
7738,4,0.0
7756,4,0.0
7759,4,0.06666666666666667
7763,4,0.06666666666666667
7766,4,0.0
7776,4,0.0
7787,4,0.06666666666666667
7796,4,0.06666666666666667
7800,4,0.0
7801,4,0.13333333333333333
7805,4,0.0
7813,4,0.06666666666666667
7818,4,0.2
7821,4,0.06666666666666667
7828,4,0.0
7831,4,0.0
7832,4,0.06666666666666667
7854,4,0.0
7860,4,0.06666666666666667
7875,4,0.0
7878,4,0.0
7879,4,0.06666666666666667
7892,4,0.06666666666666667
7895,4,0.26666666666666666
7896,4,0.06666666666666667
7909,4,0.13333333333333333
7914,4,0.0
7935,4,0.06666666666666667
7939,4,0.06666666666666667
7943,4,0.0
7953,4,0.13333333333333333
7956,4,0.13333333333333333
7963,4,0.0
7967,4,0.06666666666666667
7991,4,0.0
7993,4,0.0
7998,4,0.13333333333333333
7999,4,0.06666666666666667
8015,4,0.06666666666666667
8017,4,0.06666666666666667
8020,4,0.0
8027,4,0.06666666666666667
8030,4,0.0
8032,4,0.0
8034,4,0.06666666666666667
8043,4,0.0
8045,4,0.06666666666666667
8046,4,0.06666666666666667
8051,4,0.06666666666666667
8060,4,0.13333333333333333
8071,4,0.13333333333333333
8083,4,0.0
8091,4,0.0
8092,4,0.06666666666666667
8093,4,0.06666666666666667
8095,4,0.0
8102,4,0.0
8108,4,0.06666666666666667
8109,4,0.13333333333333333
8116,4,0.06666666666666667
8118,4,0.13333333333333333
8126,4,0.0
8136,4,0.0
8146,4,0.13333333333333333
8147,4,0.0
8153,4,0.06666666666666667
8154,4,0.06666666666666667
8156,4,0.0
8157,4,0.0
8159,4,0.06666666666666667
8160,4,0.0
8163,4,0.0
8178,4,0.06666666666666667
8180,4,0.0
8181,4,0.13333333333333333
8189,4,0.0
8204,4,0.0
8222,4,0.0
8224,4,0.0
8230,4,0.13333333333333333
8236,4,0.06666666666666667
8238,4,0.13333333333333333
8247,4,0.0
8251,4,0.0
8252,4,0.06666666666666667
8258,4,0.06666666666666667
8281,4,0.0
8286,4,0.06666666666666667
8298,4,0.0
8315,4,0.06666666666666667
8323,4,0.06666666666666667
8328,4,0.06666666666666667
8330,4,0.06666666666666667
8335,4,0.06666666666666667
8340,4,0.06666666666666667
8351,4,0.0
8352,4,0.06666666666666667
8357,4,0.0
8367,4,0.06666666666666667
8369,4,0.06666666666666667
8373,4,0.2
8376,4,0.0
8382,4,0.13333333333333333
8385,4,0.0
8389,4,0.06666666666666667
8391,4,0.0
8396,4,0.0
8400,4,0.0
8401,4,0.13333333333333333
8410,4,0.0
8413,4,0.0
8417,4,0.06666666666666667
8418,4,0.06666666666666667
8420,4,0.06666666666666667
8430,4,0.0
8435,4,0.0
8447,4,0.06666666666666667
8450,4,0.26666666666666666
8462,4,0.0
8468,4,0.0
8475,4,0.06666666666666667
8484,4,0.0
8487,4,0.0
8491,4,0.06666666666666667
8492,4,0.0
8496,4,0.06666666666666667
8507,4,0.0
8511,4,0.13333333333333333
8520,4,0.0
8528,4,0.0
8543,4,0.0
8548,4,0.06666666666666667
8551,4,0.06666666666666667
8553,4,0.13333333333333333
8554,4,0.0
8555,4,0.13333333333333333
8558,4,0.06666666666666667
8560,4,0.0
8562,4,0.0
8565,4,0.06666666666666667
8567,4,0.06666666666666667
8568,4,0.0
8571,4,0.06666666666666667
8603,4,0.0
8605,4,0.06666666666666667
8613,4,0.0
8619,4,0.0
8620,4,0.06666666666666667
8622,4,0.06666666666666667
8643,4,0.06666666666666667
8646,4,0.0
8651,4,0.0
8668,4,0.06666666666666667
8680,4,0.06666666666666667
8684,4,0.0
8691,4,0.2
8695,4,0.06666666666666667
8699,4,0.0
8706,4,0.06666666666666667
8707,4,0.06666666666666667
8708,4,0.06666666666666667
8710,4,0.0
8724,4,0.0
8725,4,0.13333333333333333
8727,4,0.0
8734,4,0.13333333333333333
8741,4,0.06666666666666667
8747,4,0.0
8751,4,0.0
8756,4,0.0
8759,4,0.0
8760,4,0.0
8768,4,0.0
8771,4,0.0
8777,4,0.0
8780,4,0.06666666666666667
8800,4,0.0
8808,4,0.06666666666666667
8819,4,0.06666666666666667
8826,4,0.0
8828,4,0.0
8841,4,0.0
8843,4,0.0
8849,4,0.0
8861,4,0.0
8868,4,0.13333333333333333
8870,4,0.0
8872,4,0.0
8879,4,0.06666666666666667
8883,4,0.06666666666666667
8894,4,0.06666666666666667
8895,4,0.0
8898,4,0.06666666666666667
8904,4,0.0
8906,4,0.0
8923,4,0.0
8932,4,0.0
8933,4,0.0
8942,4,0.06666666666666667
8946,4,0.0
8948,4,0.0
8953,4,0.13333333333333333
8954,4,0.06666666666666667
8955,4,0.06666666666666667
8960,4,0.06666666666666667
8961,4,0.06666666666666667
8970,4,0.0
8971,4,0.06666666666666667
8973,4,0.0
8975,4,0.06666666666666667
8994,4,0.06666666666666667
8995,4,0.2
8996,4,0.0
9001,4,0.06666666666666667
9006,4,0.06666666666666667
9007,4,0.06666666666666667
9008,4,0.0
9021,4,0.0
9027,4,0.0
9028,4,0.0
9031,4,0.0
9043,4,0.06666666666666667
9054,4,0.0
9073,4,0.0
9084,4,0.0
9097,4,0.13333333333333333
9100,4,0.26666666666666666
9105,4,0.0
9109,4,0.0
9118,4,0.0
9119,4,0.0
9123,4,0.06666666666666667
9129,4,0.0
9132,4,0.06666666666666667
9135,4,0.13333333333333333
9139,4,0.0
9143,4,0.06666666666666667
9149,4,0.13333333333333333
9155,4,0.0
9160,4,0.0
9161,4,0.0
9163,4,0.0
9174,4,0.13333333333333333
9189,4,0.06666666666666667
9191,4,0.0
9194,4,0.0
9205,4,0.06666666666666667
9216,4,0.0
9225,4,0.06666666666666667
9236,4,0.06666666666666667
9241,4,0.0
9256,4,0.13333333333333333
9269,4,0.0
9276,4,0.0
9279,4,0.0
9283,4,0.0
9285,4,0.0
9292,4,0.0
9294,4,0.0
9302,4,0.0
9307,4,0.0
9323,4,0.13333333333333333
9325,4,0.13333333333333333
9328,4,0.0
9334,4,0.06666666666666667
9347,4,0.0
9352,4,0.06666666666666667
9354,4,0.0
9357,4,0.0
9371,4,0.0
9374,4,0.06666666666666667
9379,4,0.0
9396,4,0.0
9397,4,0.13333333333333333
9408,4,0.06666666666666667
9412,4,0.06666666666666667
9413,4,0.06666666666666667
9415,4,0.0
9429,4,0.0
9432,4,0.06666666666666667
9434,4,0.06666666666666667
9435,4,0.13333333333333333
9444,4,0.06666666666666667
9449,4,0.0
9451,4,0.0
9464,4,0.06666666666666667
9466,4,0.06666666666666667
9468,4,0.06666666666666667
9473,4,0.06666666666666667
9478,4,0.06666666666666667
9498,4,0.0
9500,4,0.0
9504,4,0.06666666666666667
9505,4,0.06666666666666667
9511,4,0.0
9513,4,0.06666666666666667
9518,4,0.13333333333333333
9531,4,0.0
9532,4,0.0
9537,4,0.06666666666666667
9543,4,0.0
9544,4,0.06666666666666667
9551,4,0.0
9563,4,0.0
9567,4,0.0
9582,4,0.06666666666666667
9600,4,0.13333333333333333
9608,4,0.0
9610,4,0.0
9612,4,0.06666666666666667
9621,4,0.06666666666666667
9635,4,0.13333333333333333
9665,4,0.0
9683,4,0.0
9684,4,0.0
9685,4,0.06666666666666667
9686,4,0.0
9698,4,0.13333333333333333
9699,4,0.0
9719,4,0.06666666666666667
9726,4,0.06666666666666667
9731,4,0.06666666666666667
9732,4,0.0
9736,4,0.0
9737,4,0.0
9745,4,0.0
9747,4,0.13333333333333333
9753,4,0.0
9758,4,0.0
9760,4,0.06666666666666667
9761,4,0.06666666666666667
9765,4,0.0
9788,4,0.06666666666666667
9793,4,0.13333333333333333
9815,4,0.0
9831,4,0.0
9832,4,0.06666666666666667
9840,4,0.0
9846,4,0.06666666666666667
9849,4,0.0
9854,4,0.0
9860,4,0.06666666666666667
9874,4,0.06666666666666667
9878,4,0.06666666666666667
9882,4,0.06666666666666667
9884,4,0.06666666666666667
9888,4,0.06666666666666667
9892,4,0.0
9899,4,0.06666666666666667
9901,4,0.0
9906,4,0.06666666666666667
9911,4,0.0
9932,4,0.06666666666666667
9936,4,0.0
9938,4,0.06666666666666667
9941,4,0.13333333333333333
9942,4,0.06666666666666667
9952,4,0.06666666666666667
9960,4,0.0
9982,4,0.06666666666666667
9992,4,0.0
9998,4,0.0
9999,4,0.0
10002,4,0.0
10004,4,0.06666666666666667
10018,4,0.06666666666666667
10019,4,0.0
10025,4,0.06666666666666667
10031,4,0.13333333333333333
10035,4,0.0
10048,4,0.06666666666666667
10053,4,0.06666666666666667
10060,4,0.0
10063,4,0.0
10067,4,0.06666666666666667
10071,4,0.0
10092,4,0.0
10093,4,0.06666666666666667
10118,4,0.13333333333333333
10123,4,0.0
10125,4,0.0
10143,4,0.13333333333333333
10167,4,0.06666666666666667
10192,4,0.0
10196,4,0.06666666666666667
10209,4,0.0
10216,4,0.06666666666666667
10227,4,0.06666666666666667
10231,4,0.13333333333333333
10234,4,0.2
10236,4,0.06666666666666667
10242,4,0.0
10252,4,0.06666666666666667
10256,4,0.0
10263,4,0.06666666666666667
10264,4,0.2
10270,4,0.06666666666666667
10279,4,0.0
10280,4,0.06666666666666667
10296,4,0.0
10322,4,0.0
10326,4,0.0
10331,4,0.06666666666666667
10335,4,0.06666666666666667
10336,4,0.13333333333333333
10339,4,0.0
10340,4,0.06666666666666667
10341,4,0.13333333333333333
10342,4,0.13333333333333333
10356,4,0.0
10357,4,0.06666666666666667
10364,4,0.0
10365,4,0.06666666666666667
10375,4,0.0
10376,4,0.0
10378,4,0.0
10382,4,0.06666666666666667
10385,4,0.0
10386,4,0.0
10390,4,0.06666666666666667
10397,4,0.0
10400,4,0.06666666666666667
10402,4,0.06666666666666667
10403,4,0.13333333333333333
10405,4,0.06666666666666667
10417,4,0.13333333333333333
10429,4,0.0
10434,4,0.06666666666666667
10439,4,0.0
10447,4,0.2
10457,4,0.0
10471,4,0.13333333333333333
10472,4,0.13333333333333333
10475,4,0.0
10484,4,0.13333333333333333
10487,4,0.13333333333333333
10489,4,0.0
10498,4,0.0
10499,4,0.0
10502,4,0.0
10513,4,0.0
10514,4,0.0
10521,4,0.06666666666666667
10532,4,0.13333333333333333
10533,4,0.06666666666666667
10543,4,0.0
10549,4,0.0
10558,4,0.0
10565,4,0.13333333333333333
10567,4,0.0
10571,4,0.13333333333333333
10573,4,0.0
10576,4,0.0
10579,4,0.0
10588,4,0.06666666666666667
10601,4,0.0
10612,4,0.06666666666666667
10616,4,0.13333333333333333
10625,4,0.13333333333333333
10631,4,0.0
10641,4,0.0
10642,4,0.0
10652,4,0.0
10662,4,0.06666666666666667
10663,4,0.0
10668,4,0.06666666666666667
10686,4,0.0
10692,4,0.06666666666666667
10714,4,0.06666666666666667
10724,4,0.06666666666666667
10737,4,0.0
10740,4,0.0
10764,4,0.06666666666666667
10771,4,0.06666666666666667
10780,4,0.0
10781,4,0.06666666666666667
10803,4,0.0
10805,4,0.13333333333333333
10813,4,0.0
10835,4,0.2
10847,4,0.0
10850,4,0.06666666666666667
10863,4,0.0
10864,4,0.0
10868,4,0.0
10869,4,0.06666666666666667
10870,4,0.13333333333333333
10876,4,0.0
10877,4,0.0
10880,4,0.13333333333333333
10890,4,0.13333333333333333
10898,4,0.0
10902,4,0.13333333333333333
10903,4,0.0
10909,4,0.0
10914,4,0.0
10918,4,0.06666666666666667
10929,4,0.0
10934,4,0.0
10935,4,0.06666666666666667
10939,4,0.0
10942,4,0.13333333333333333
10953,4,0.06666666666666667
10959,4,0.0
10976,4,0.0
10979,4,0.06666666666666667
10985,4,0.0
10986,4,0.06666666666666667
10988,4,0.0
10990,4,0.0
10994,4,0.06666666666666667
11004,4,0.0
11005,4,0.0
11015,4,0.0
11018,4,0.0
11021,4,0.0
11025,4,0.0
11028,4,0.06666666666666667
11033,4,0.0
11035,4,0.06666666666666667
11041,4,0.0
11045,4,0.0
11047,4,0.0
11051,4,0.06666666666666667
11053,4,0.06666666666666667
11067,4,0.0
11077,4,0.0
11083,4,0.06666666666666667
11084,4,0.0
11090,4,0.0
11091,4,0.13333333333333333
11095,4,0.0
11098,4,0.13333333333333333
11104,4,0.0
11106,4,0.06666666666666667
11110,4,0.06666666666666667
11120,4,0.13333333333333333
11125,4,0.0
11144,4,0.0
11145,4,0.0
11149,4,0.0
11150,4,0.0
11156,4,0.06666666666666667
11158,4,0.0
11164,4,0.0
11166,4,0.06666666666666667
11172,4,0.0
11173,4,0.0
11182,4,0.06666666666666667
11183,4,0.06666666666666667
11188,4,0.13333333333333333
11191,4,0.13333333333333333
11196,4,0.0
11197,4,0.0
11208,4,0.0
11215,4,0.06666666666666667
11219,4,0.0
11220,4,0.13333333333333333
11221,4,0.06666666666666667
11234,4,0.0
11238,4,0.13333333333333333
11241,4,0.06666666666666667
11243,4,0.06666666666666667
11249,4,0.0
11258,4,0.0
11261,4,0.0
11266,4,0.0
11268,4,0.0
11272,4,0.0
11274,4,0.06666666666666667
11275,4,0.0
11284,4,0.0
11285,4,0.0
11286,4,0.06666666666666667
11288,4,0.06666666666666667
11293,4,0.0
11304,4,0.13333333333333333
11309,4,0.0
11311,4,0.0
11314,4,0.0
11319,4,0.06666666666666667
11330,4,0.0
11332,4,0.0
11333,4,0.0
11334,4,0.06666666666666667
11340,4,0.0
11342,4,0.0
11345,4,0.06666666666666667
11355,4,0.13333333333333333
11356,4,0.13333333333333333
11357,4,0.0
11358,4,0.06666666666666667
11365,4,0.0
11368,4,0.06666666666666667
11372,4,0.0
11374,4,0.0
11384,4,0.13333333333333333
11385,4,0.06666666666666667
11386,4,0.06666666666666667
11387,4,0.0
11389,4,0.13333333333333333
11398,4,0.13333333333333333
11400,4,0.06666666666666667
11407,4,0.13333333333333333
11412,4,0.06666666666666667
11415,4,0.0
11421,4,0.13333333333333333
11422,4,0.0
11424,4,0.06666666666666667
11430,4,0.26666666666666666
11437,4,0.0
11440,4,0.06666666666666667
11442,4,0.0
11443,4,0.0
11447,4,0.06666666666666667
11460,4,0.0
11463,4,0.0
11474,4,0.06666666666666667
11480,4,0.06666666666666667
11485,4,0.0
11488,4,0.0
11498,4,0.0
11506,4,0.13333333333333333
11518,4,0.06666666666666667
11528,4,0.0
11534,4,0.06666666666666667
11535,4,0.06666666666666667
11543,4,0.06666666666666667
11547,4,0.06666666666666667
11549,4,0.06666666666666667
11553,4,0.0
11558,4,0.0
11567,4,0.06666666666666667
11568,4,0.0
11570,4,0.0
11572,4,0.06666666666666667
11588,4,0.06666666666666667
11591,4,0.0
11602,4,0.06666666666666667
11603,4,0.06666666666666667
11606,4,0.06666666666666667
11609,4,0.06666666666666667
11621,4,0.06666666666666667
11632,4,0.0
11633,4,0.06666666666666667
11635,4,0.0
11639,4,0.06666666666666667
11642,4,0.06666666666666667
11651,4,0.06666666666666667
11653,4,0.0
11659,4,0.06666666666666667
11661,4,0.06666666666666667
11667,4,0.0
11673,4,0.0
11677,4,0.06666666666666667
11678,4,0.06666666666666667
11685,4,0.0
11702,4,0.13333333333333333
11709,4,0.0
11718,4,0.06666666666666667
11723,4,0.0
11729,4,0.06666666666666667
11735,4,0.06666666666666667
11738,4,0.0
11739,4,0.13333333333333333
11741,4,0.0
11747,4,0.06666666666666667
11755,4,0.0
11757,4,0.0
11760,4,0.06666666666666667
11765,4,0.0
11775,4,0.06666666666666667
11785,4,0.0
11788,4,0.0
11792,4,0.06666666666666667
11803,4,0.06666666666666667
11816,4,0.0
11830,4,0.06666666666666667
11834,4,0.0
11847,4,0.06666666666666667
11852,4,0.06666666666666667
11853,4,0.13333333333333333
11856,4,0.0
11858,4,0.0
11865,4,0.13333333333333333
11866,4,0.0
11880,4,0.0
11882,4,0.06666666666666667
11887,4,0.13333333333333333
11892,4,0.0
11893,4,0.0
11902,4,0.0
11904,4,0.06666666666666667
11905,4,0.13333333333333333
11907,4,0.13333333333333333
11910,4,0.0
11912,4,0.13333333333333333
11916,4,0.06666666666666667
11917,4,0.0
11921,4,0.0
11925,4,0.0
11934,4,0.26666666666666666
11960,4,0.06666666666666667
11965,4,0.0
11975,4,0.0
11978,4,0.06666666666666667
11979,4,0.0
11981,4,0.0
11987,4,0.13333333333333333
11988,4,0.0
11994,4,0.0
12004,4,0.06666666666666667
12008,4,0.0
12014,4,0.0
12029,4,0.06666666666666667
12030,4,0.0
12032,4,0.0
12037,4,0.0
12055,4,0.06666666666666667
12056,4,0.0
12075,4,0.13333333333333333
12078,4,0.0
12080,4,0.0
12088,4,0.06666666666666667
12091,4,0.0
12095,4,0.13333333333333333
12096,4,0.06666666666666667
12108,4,0.06666666666666667
12110,4,0.0
12112,4,0.0
12115,4,0.13333333333333333
12133,4,0.13333333333333333
12138,4,0.0
12139,4,0.0
12143,4,0.06666666666666667
12146,4,0.06666666666666667
12148,4,0.0
12165,4,0.0
12170,4,0.06666666666666667
12172,4,0.0
12178,4,0.0
12180,4,0.06666666666666667
12193,4,0.0
12202,4,0.0
12222,4,0.0
12230,4,0.06666666666666667
12232,4,0.0
12249,4,0.0
12253,4,0.0
12255,4,0.0
12275,4,0.0
12282,4,0.0
12287,4,0.0
12288,4,0.0
12289,4,0.06666666666666667
12290,4,0.13333333333333333
12291,4,0.0
12299,4,0.06666666666666667
12302,4,0.0
12304,4,0.13333333333333333
12320,4,0.06666666666666667
12321,4,0.06666666666666667
12323,4,0.13333333333333333
12329,4,0.0
12330,4,0.13333333333333333
12332,4,0.06666666666666667
12335,4,0.0
12338,4,0.06666666666666667
12341,4,0.0
12346,4,0.06666666666666667
12349,4,0.0
12356,4,0.13333333333333333
12361,4,0.0
12366,4,0.0
12368,4,0.0
12371,4,0.13333333333333333
12381,4,0.13333333333333333
12384,4,0.13333333333333333
12393,4,0.0
12405,4,0.0
12410,4,0.06666666666666667
12411,4,0.13333333333333333
12412,4,0.06666666666666667
12413,4,0.06666666666666667
12414,4,0.0
12421,4,0.06666666666666667
12423,4,0.06666666666666667
12425,4,0.0
12435,4,0.06666666666666667
12437,4,0.06666666666666667
12441,4,0.0
12444,4,0.13333333333333333
12445,4,0.0
12450,4,0.06666666666666667
12463,4,0.06666666666666667
12467,4,0.0
12472,4,0.06666666666666667
12478,4,0.13333333333333333
12479,4,0.0
12483,4,0.13333333333333333
12490,4,0.06666666666666667
12492,4,0.0
12496,4,0.06666666666666667
12497,4,0.06666666666666667
12500,4,0.06666666666666667
12507,4,0.13333333333333333
12509,4,0.0
12512,4,0.0
12524,4,0.13333333333333333
12538,4,0.13333333333333333
12541,4,0.13333333333333333
12544,4,0.13333333333333333
12545,4,0.13333333333333333
12554,4,0.06666666666666667
12555,4,0.13333333333333333
12575,4,0.06666666666666667
12578,4,0.06666666666666667
12587,4,0.06666666666666667
12589,4,0.06666666666666667
12590,4,0.06666666666666667
12591,4,0.0
12595,4,0.06666666666666667
12598,4,0.06666666666666667
12614,4,0.06666666666666667
12622,4,0.06666666666666667
12628,4,0.06666666666666667
12642,4,0.0
12645,4,0.06666666666666667
12647,4,0.0
12663,4,0.0
12669,4,0.06666666666666667
12672,4,0.2
12675,4,0.0
12682,4,0.06666666666666667
12684,4,0.0
12690,4,0.0
12696,4,0.13333333333333333
12723,4,0.13333333333333333
12729,4,0.06666666666666667
12746,4,0.0
12755,4,0.13333333333333333
12764,4,0.13333333333333333
12765,4,0.13333333333333333
12784,4,0.13333333333333333
12788,4,0.0
12792,4,0.0
12811,4,0.13333333333333333
12823,4,0.0
12827,4,0.0
12828,4,0.0
12836,4,0.0
12839,4,0.13333333333333333
12845,4,0.06666666666666667
12848,4,0.13333333333333333
12849,4,0.06666666666666667
12856,4,0.0
12862,4,0.0
12864,4,0.13333333333333333
12870,4,0.0
12872,4,0.13333333333333333
12874,4,0.2
12878,4,0.13333333333333333
12886,4,0.06666666666666667
12889,4,0.06666666666666667
12896,4,0.06666666666666667
12898,4,0.13333333333333333
12902,4,0.0
12904,4,0.06666666666666667
12914,4,0.06666666666666667
12915,4,0.06666666666666667
12945,4,0.06666666666666667
12953,4,0.06666666666666667
12959,4,0.13333333333333333
12965,4,0.0
12970,4,0.0
12973,4,0.0
12976,4,0.13333333333333333
12979,4,0.0
12985,4,0.06666666666666667
12993,4,0.0
13000,4,0.06666666666666667
13033,4,0.0
13041,4,0.13333333333333333
13042,4,0.2
13059,4,0.0
13063,4,0.13333333333333333
13067,4,0.06666666666666667
13073,4,0.0
13093,4,0.0
13094,4,0.06666666666666667
13095,4,0.0
13105,4,0.0
13108,4,0.0
13117,4,0.0
13122,4,0.0
13123,4,0.06666666666666667
13126,4,0.0
13127,4,0.0
13150,4,0.0
13154,4,0.0
13156,4,0.13333333333333333
13159,4,0.26666666666666666
13162,4,0.0
13170,4,0.13333333333333333
13172,4,0.13333333333333333
13175,4,0.0
13177,4,0.0
13181,4,0.0
13185,4,0.06666666666666667
13189,4,0.06666666666666667
13192,4,0.0
13202,4,0.0
13217,4,0.06666666666666667
13224,4,0.06666666666666667
13261,4,0.06666666666666667
13264,4,0.06666666666666667
13269,4,0.06666666666666667
13274,4,0.06666666666666667
13276,4,0.06666666666666667
13277,4,0.06666666666666667
13283,4,0.06666666666666667
13289,4,0.0
13291,4,0.13333333333333333
13293,4,0.06666666666666667
13296,4,0.2
13300,4,0.06666666666666667
13305,4,0.13333333333333333
13326,4,0.0
13335,4,0.06666666666666667
13341,4,0.0
13343,4,0.06666666666666667
13345,4,0.0
13352,4,0.0
13354,4,0.13333333333333333
13357,4,0.2
13362,4,0.06666666666666667
13366,4,0.13333333333333333
13372,4,0.0
13376,4,0.0
13392,4,0.06666666666666667
13394,4,0.06666666666666667
13396,4,0.2
13398,4,0.06666666666666667
13401,4,0.06666666666666667
13405,4,0.13333333333333333
13408,4,0.0
13415,4,0.06666666666666667
13427,4,0.13333333333333333
13429,4,0.0
13433,4,0.0
13435,4,0.06666666666666667
13438,4,0.13333333333333333
13441,4,0.06666666666666667
13447,4,0.0
13451,4,0.2
13464,4,0.06666666666666667
13467,4,0.0
13473,4,0.0
13481,4,0.06666666666666667
13486,4,0.06666666666666667
13507,4,0.06666666666666667
13517,4,0.0
13519,4,0.06666666666666667
13521,4,0.0
13530,4,0.06666666666666667
13533,4,0.13333333333333333
13538,4,0.06666666666666667
13540,4,0.0
13552,4,0.13333333333333333
13554,4,0.06666666666666667
13560,4,0.06666666666666667
13564,4,0.13333333333333333
13569,4,0.06666666666666667
13577,4,0.0
13578,4,0.0
13584,4,0.13333333333333333
13590,4,0.06666666666666667
13598,4,0.13333333333333333
13600,4,0.06666666666666667
13605,4,0.13333333333333333
13606,4,0.13333333333333333
13609,4,0.13333333333333333
13610,4,0.06666666666666667
13617,4,0.0
13623,4,0.13333333333333333
13628,4,0.13333333333333333
13633,4,0.06666666666666667
13638,4,0.0
13641,4,0.0
13642,4,0.13333333333333333
13646,4,0.06666666666666667
13650,4,0.06666666666666667
13651,4,0.13333333333333333
13654,4,0.13333333333333333
13658,4,0.0
13669,4,0.13333333333333333
13679,4,0.06666666666666667
13684,4,0.13333333333333333
13692,4,0.06666666666666667
13695,4,0.0
13696,4,0.0
13701,4,0.06666666666666667
13702,4,0.06666666666666667
13703,4,0.06666666666666667
13706,4,0.13333333333333333
13707,4,0.0
13714,4,0.13333333333333333
13717,4,0.06666666666666667
13731,4,0.06666666666666667
13732,4,0.06666666666666667
13747,4,0.13333333333333333
13761,4,0.13333333333333333
13762,4,0.06666666666666667
13768,4,0.0
13769,4,0.06666666666666667
13773,4,0.0
13774,4,0.13333333333333333
13786,4,0.0
13799,4,0.0
13801,4,0.0
13814,4,0.0
13818,4,0.0
13820,4,0.06666666666666667
13826,4,0.06666666666666667
13832,4,0.0
13833,4,0.2
13843,4,0.13333333333333333
13849,4,0.0
13853,4,0.0
13864,4,0.0
13865,4,0.13333333333333333
13867,4,0.13333333333333333
13873,4,0.06666666666666667
13874,4,0.06666666666666667
13884,4,0.13333333333333333
13886,4,0.13333333333333333
13906,4,0.13333333333333333
13917,4,0.0
13922,4,0.13333333333333333
13925,4,0.06666666666666667
13941,4,0.06666666666666667
13945,4,0.13333333333333333
13946,4,0.0
13962,4,0.06666666666666667
13964,4,0.13333333333333333
13968,4,0.0
13984,4,0.0
13988,4,0.06666666666666667
13999,4,0.13333333333333333
14003,4,0.06666666666666667
14005,4,0.06666666666666667
14007,4,0.06666666666666667
14013,4,0.2
14014,4,0.06666666666666667
14017,4,0.0
14031,4,0.06666666666666667
14033,4,0.06666666666666667
14035,4,0.0
14043,4,0.13333333333333333
14056,4,0.06666666666666667
14074,4,0.06666666666666667
14080,4,0.06666666666666667
14082,4,0.13333333333333333
14083,4,0.2
14095,4,0.0
14101,4,0.0
14106,4,0.06666666666666667
14117,4,0.0
14120,4,0.06666666666666667
14121,4,0.13333333333333333
14123,4,0.06666666666666667
14127,4,0.13333333333333333
14130,4,0.13333333333333333
14132,4,0.13333333333333333
14134,4,0.0
14140,4,0.0
14161,4,0.0
14163,4,0.06666666666666667
14166,4,0.0
14172,4,0.13333333333333333
14180,4,0.0
14201,4,0.0
14216,4,0.06666666666666667
14229,4,0.13333333333333333
14232,4,0.0
14240,4,0.0
14242,4,0.2
14244,4,0.06666666666666667
14246,4,0.06666666666666667
14247,4,0.06666666666666667
14250,4,0.0
14256,4,0.06666666666666667
14260,4,0.06666666666666667
14270,4,0.06666666666666667
14273,4,0.06666666666666667
14278,4,0.13333333333333333
14287,4,0.0
14290,4,0.06666666666666667
14297,4,0.13333333333333333
14303,4,0.0
14307,4,0.13333333333333333
14312,4,0.06666666666666667
14317,4,0.06666666666666667
14329,4,0.06666666666666667
14334,4,0.06666666666666667
14338,4,0.0
14343,4,0.0
14359,4,0.2
14371,4,0.0
14374,4,0.0
14383,4,0.06666666666666667
14393,4,0.06666666666666667
14394,4,0.0
14402,4,0.06666666666666667
14412,4,0.06666666666666667
14413,4,0.0
14415,4,0.0
14439,4,0.06666666666666667
14441,4,0.06666666666666667
14448,4,0.0
14449,4,0.0
14453,4,0.0
14454,4,0.06666666666666667
14462,4,0.0
14468,4,0.0
14472,4,0.06666666666666667
14484,4,0.0
14489,4,0.0
14501,4,0.13333333333333333
14502,4,0.06666666666666667
14506,4,0.2
14520,4,0.06666666666666667
14521,4,0.06666666666666667
14523,4,0.2
14530,4,0.13333333333333333
14542,4,0.0
14555,4,0.06666666666666667
14556,4,0.06666666666666667
14560,4,0.0
14564,4,0.0
14568,4,0.06666666666666667
14573,4,0.06666666666666667
14574,4,0.13333333333333333
14577,4,0.0
14578,4,0.0
14582,4,0.2
14585,4,0.13333333333333333
14588,4,0.06666666666666667
14592,4,0.13333333333333333
14609,4,0.0
14622,4,0.06666666666666667
14624,4,0.06666666666666667
14625,4,0.0
14626,4,0.06666666666666667
14628,4,0.06666666666666667
14636,4,0.0
14644,4,0.13333333333333333
14648,4,0.0
14652,4,0.13333333333333333
14655,4,0.06666666666666667
14656,4,0.13333333333333333
14662,4,0.0
14669,4,0.0
14683,4,0.0
14698,4,0.0
14703,4,0.06666666666666667
14706,4,0.13333333333333333
14712,4,0.2
14721,4,0.06666666666666667
14729,4,0.06666666666666667
14734,4,0.06666666666666667
14735,4,0.3333333333333333
14743,4,0.0
14755,4,0.06666666666666667
14763,4,0.06666666666666667
14767,4,0.13333333333333333
14771,4,0.06666666666666667
14774,4,0.0
14783,4,0.06666666666666667
14800,4,0.06666666666666667
14810,4,0.13333333333333333
14811,4,0.2
14812,4,0.06666666666666667
14817,4,0.0
14833,4,0.13333333333333333
14834,4,0.06666666666666667
14837,4,0.0
14839,4,0.13333333333333333
14840,4,0.13333333333333333
14851,4,0.26666666666666666
14859,4,0.06666666666666667
14860,4,0.13333333333333333
14863,4,0.06666666666666667
14873,4,0.06666666666666667
14874,4,0.0
14876,4,0.13333333333333333
14878,4,0.2
14886,4,0.13333333333333333
14901,4,0.0
14905,4,0.0
14906,4,0.13333333333333333
14908,4,0.13333333333333333
14909,4,0.0
14915,4,0.0
14919,4,0.0
14925,4,0.06666666666666667
14929,4,0.13333333333333333
14931,4,0.0
14933,4,0.13333333333333333
14934,4,0.13333333333333333
14937,4,0.06666666666666667
14941,4,0.0
14942,4,0.0
14946,4,0.06666666666666667
14956,4,0.0
14960,4,0.13333333333333333
14969,4,0.26666666666666666
14978,4,0.06666666666666667
14980,4,0.0
14981,4,0.06666666666666667
14985,4,0.06666666666666667
14987,4,0.06666666666666667
14989,4,0.2
14998,4,0.06666666666666667
15001,4,0.06666666666666667
15008,4,0.06666666666666667
15009,4,0.06666666666666667
15018,4,0.0
15020,4,0.0
15024,4,0.06666666666666667
15032,4,0.06666666666666667
15039,4,0.06666666666666667
15046,4,0.2
15050,4,0.06666666666666667
15054,4,0.0
15057,4,0.06666666666666667
15067,4,0.0
15071,4,0.0
15076,4,0.13333333333333333
15081,4,0.06666666666666667
15087,4,0.06666666666666667
15095,4,0.0
15100,4,0.0
15104,4,0.0
15110,4,0.06666666666666667
15117,4,0.06666666666666667
15119,4,0.2
15121,4,0.0
15123,4,0.13333333333333333
15130,4,0.13333333333333333
15139,4,0.0
15166,4,0.06666666666666667
15169,4,0.06666666666666667
15170,4,0.0
15172,4,0.13333333333333333
15174,4,0.06666666666666667
15188,4,0.0
15189,4,0.0
15190,4,0.0
15192,4,0.0
15194,4,0.13333333333333333
15200,4,0.13333333333333333
15209,4,0.0
15216,4,0.0
15231,4,0.06666666666666667
15233,4,0.06666666666666667
15236,4,0.06666666666666667
15240,4,0.0
15246,4,0.0
15250,4,0.06666666666666667
15257,4,0.06666666666666667
15262,4,0.06666666666666667
15263,4,0.13333333333333333
15286,4,0.0
15293,4,0.06666666666666667
15294,4,0.13333333333333333
15295,4,0.13333333333333333
15298,4,0.13333333333333333
15312,4,0.13333333333333333
15329,4,0.13333333333333333
15330,4,0.13333333333333333
15333,4,0.06666666666666667
15337,4,0.0
15338,4,0.06666666666666667
15344,4,0.13333333333333333
15359,4,0.0
15360,4,0.06666666666666667
15369,4,0.0
15372,4,0.06666666666666667
15376,4,0.06666666666666667
15384,4,0.06666666666666667
15388,4,0.2
15390,4,0.0
15396,4,0.06666666666666667
15401,4,0.0
15403,4,0.0
15406,4,0.06666666666666667
15411,4,0.26666666666666666
15413,4,0.0
15420,4,0.13333333333333333
15444,4,0.0
15449,4,0.0
15453,4,0.0
15454,4,0.06666666666666667
15460,4,0.06666666666666667
15465,4,0.13333333333333333
15468,4,0.0
15475,4,0.2
15481,4,0.06666666666666667
15492,4,0.13333333333333333
15498,4,0.06666666666666667
15499,4,0.06666666666666667
15503,4,0.2
15506,4,0.06666666666666667
15514,4,0.06666666666666667
15531,4,0.0
15534,4,0.0
15540,4,0.13333333333333333
15542,4,0.13333333333333333
15553,4,0.0
15561,4,0.06666666666666667
15571,4,0.0
15574,4,0.06666666666666667
15583,4,0.0
15586,4,0.06666666666666667
15587,4,0.0
15609,4,0.06666666666666667
15612,4,0.13333333333333333
15613,4,0.0
15614,4,0.13333333333333333
15621,4,0.0
15628,4,0.06666666666666667
15637,4,0.0
15642,4,0.06666666666666667
15645,4,0.06666666666666667
15646,4,0.0
15670,4,0.06666666666666667
15676,4,0.0
15686,4,0.06666666666666667
15690,4,0.06666666666666667
15698,4,0.06666666666666667
15710,4,0.2
15719,4,0.2
15728,4,0.06666666666666667
15729,4,0.06666666666666667
15731,4,0.0
15755,4,0.0
15756,4,0.06666666666666667
15765,4,0.06666666666666667
15773,4,0.0
15776,4,0.0
15780,4,0.2
15786,4,0.0
15801,4,0.06666666666666667
15807,4,0.06666666666666667
15809,4,0.06666666666666667
15830,4,0.0
15838,4,0.06666666666666667
15840,4,0.06666666666666667
15844,4,0.13333333333333333
15845,4,0.06666666666666667
15853,4,0.06666666666666667
15879,4,0.06666666666666667
15886,4,0.13333333333333333
15887,4,0.06666666666666667
15899,4,0.06666666666666667
15910,4,0.0
15914,4,0.13333333333333333
15918,4,0.0
15923,4,0.2
15924,4,0.13333333333333333
15926,4,0.0
15927,4,0.0
15930,4,0.06666666666666667
15937,4,0.06666666666666667
15939,4,0.06666666666666667
15940,4,0.13333333333333333
15941,4,0.0
15942,4,0.0
15945,4,0.06666666666666667
15948,4,0.0
15961,4,0.13333333333333333
15976,4,0.0
15977,4,0.13333333333333333
15981,4,0.06666666666666667
15983,4,0.0
16018,4,0.0
16034,4,0.06666666666666667
16035,4,0.06666666666666667
16038,4,0.13333333333333333
16041,4,0.13333333333333333
16043,4,0.06666666666666667
16045,4,0.06666666666666667
16058,4,0.2
16066,4,0.06666666666666667
16085,4,0.0
16087,4,0.06666666666666667
16093,4,0.06666666666666667
16102,4,0.0
16103,4,0.06666666666666667
16104,4,0.0
16105,4,0.06666666666666667
16109,4,0.13333333333333333
16119,4,0.06666666666666667
16123,4,0.0
16126,4,0.0
16128,4,0.0
16133,4,0.13333333333333333
16135,4,0.06666666666666667
16138,4,0.06666666666666667
16142,4,0.06666666666666667
16145,4,0.13333333333333333
16149,4,0.06666666666666667
16152,4,0.2
16159,4,0.0
16168,4,0.0
16171,4,0.06666666666666667
16176,4,0.13333333333333333
16184,4,0.06666666666666667
16186,4,0.0
16192,4,0.13333333333333333
16194,4,0.06666666666666667
16195,4,0.0
16196,4,0.06666666666666667
16203,4,0.0
16204,4,0.0
16210,4,0.13333333333333333
16219,4,0.06666666666666667
16223,4,0.06666666666666667
16229,4,0.06666666666666667
16234,4,0.26666666666666666
16263,4,0.2
16264,4,0.0
16282,4,0.13333333333333333
16287,4,0.2
16289,4,0.06666666666666667
16299,4,0.13333333333333333
16300,4,0.06666666666666667
16311,4,0.13333333333333333
16320,4,0.06666666666666667
16325,4,0.0
16328,4,0.13333333333333333
16333,4,0.0
16346,4,0.0
16355,4,0.06666666666666667
16359,4,0.0
16360,4,0.06666666666666667
16363,4,0.13333333333333333
16372,4,0.13333333333333333
16376,4,0.06666666666666667
16377,4,0.0
16381,4,0.06666666666666667
16383,4,0.06666666666666667
16396,4,0.06666666666666667
16401,4,0.06666666666666667
16403,4,0.06666666666666667
16406,4,0.0
16407,4,0.0
16410,4,0.0
16416,4,0.0
16419,4,0.0
16425,4,0.0
16431,4,0.06666666666666667
16436,4,0.06666666666666667
16451,4,0.06666666666666667
16463,4,0.06666666666666667
16473,4,0.13333333333333333
16477,4,0.13333333333333333
16479,4,0.0
16482,4,0.0
16484,4,0.13333333333333333
16485,4,0.0
16502,4,0.0
16506,4,0.2
16518,4,0.0
16525,4,0.06666666666666667
16540,4,0.0
16543,4,0.2
16548,4,0.13333333333333333
16554,4,0.06666666666666667
16556,4,0.13333333333333333
16558,4,0.2
16564,4,0.06666666666666667
16566,4,0.0
16569,4,0.06666666666666667
16580,4,0.0
16586,4,0.0
16596,4,0.06666666666666667
16604,4,0.0
16617,4,0.0
16626,4,0.06666666666666667
16630,4,0.06666666666666667
16631,4,0.06666666666666667
16635,4,0.06666666666666667
16636,4,0.06666666666666667
16639,4,0.0
16661,4,0.0
16672,4,0.13333333333333333
16678,4,0.06666666666666667
16687,4,0.0
16688,4,0.06666666666666667
16690,4,0.2
16697,4,0.0
16700,4,0.0
16708,4,0.06666666666666667
16720,4,0.0
16726,4,0.06666666666666667
16729,4,0.06666666666666667
16732,4,0.06666666666666667
16733,4,0.2
16736,4,0.06666666666666667
16739,4,0.0
16748,4,0.0
16753,4,0.06666666666666667
16767,4,0.13333333333333333
16769,4,0.0
16773,4,0.13333333333333333
16778,4,0.06666666666666667
16783,4,0.13333333333333333
16797,4,0.06666666666666667
16799,4,0.06666666666666667
16800,4,0.06666666666666667
16807,4,0.06666666666666667
16813,4,0.13333333333333333
16821,4,0.0
16824,4,0.0
16831,4,0.0
16836,4,0.0
16837,4,0.06666666666666667
16840,4,0.0
16844,4,0.0
16846,4,0.13333333333333333
16854,4,0.13333333333333333
16856,4,0.06666666666666667
16859,4,0.13333333333333333
16865,4,0.06666666666666667
16877,4,0.0
16878,4,0.0
16883,4,0.13333333333333333
16888,4,0.0
16892,4,0.2
16902,4,0.06666666666666667
16904,4,0.06666666666666667
16908,4,0.0
16911,4,0.06666666666666667
16913,4,0.13333333333333333
16922,4,0.06666666666666667
16934,4,0.0
16943,4,0.06666666666666667
16944,4,0.06666666666666667
16947,4,0.0
16960,4,0.0
16961,4,0.06666666666666667
16967,4,0.13333333333333333
16982,4,0.06666666666666667
16983,4,0.2
16986,4,0.0
16997,4,0.06666666666666667
16998,4,0.0
17001,4,0.0
17006,4,0.0
17007,4,0.06666666666666667
17012,4,0.13333333333333333
17022,4,0.0
17024,4,0.13333333333333333
17038,4,0.06666666666666667
17047,4,0.0
17051,4,0.0
17052,4,0.0
17060,4,0.06666666666666667
17062,4,0.06666666666666667
17063,4,0.0
17074,4,0.0
17075,4,0.0
17083,4,0.06666666666666667
17091,4,0.0
17103,4,0.0
17107,4,0.06666666666666667
17114,4,0.13333333333333333
17132,4,0.06666666666666667
17136,4,0.13333333333333333
17150,4,0.0
17161,4,0.0
17170,4,0.0
17173,4,0.0
17174,4,0.13333333333333333
17176,4,0.06666666666666667
17179,4,0.13333333333333333
17187,4,0.0
17194,4,0.06666666666666667
17197,4,0.0
17214,4,0.06666666666666667
17225,4,0.06666666666666667
17226,4,0.06666666666666667
17228,4,0.06666666666666667
17231,4,0.06666666666666667
17232,4,0.0
17233,4,0.26666666666666666
17245,4,0.0
17251,4,0.2
17252,4,0.13333333333333333
17262,4,0.06666666666666667
17264,4,0.06666666666666667
17292,4,0.13333333333333333
17294,4,0.0
17298,4,0.0
17302,4,0.13333333333333333
17318,4,0.06666666666666667
17325,4,0.13333333333333333
17337,4,0.0
17361,4,0.0
17364,4,0.13333333333333333
17367,4,0.0
17391,4,0.0
17397,4,0.06666666666666667
17402,4,0.13333333333333333
17409,4,0.0
17411,4,0.0
17425,4,0.06666666666666667
17445,4,0.0
17452,4,0.13333333333333333
17457,4,0.0
17463,4,0.13333333333333333
17464,4,0.13333333333333333
17465,4,0.0
17467,4,0.13333333333333333
17472,4,0.06666666666666667
17477,4,0.13333333333333333
17483,4,0.13333333333333333
17485,4,0.0
17492,4,0.13333333333333333
17517,4,0.13333333333333333
17530,4,0.13333333333333333
17545,4,0.06666666666666667
17547,4,0.06666666666666667
17568,4,0.06666666666666667
17571,4,0.06666666666666667
17574,4,0.13333333333333333
17575,4,0.2
17576,4,0.0
17580,4,0.0
17581,4,0.0
17583,4,0.0
17585,4,0.06666666666666667
17594,4,0.06666666666666667
17597,4,0.13333333333333333
17608,4,0.0
17612,4,0.13333333333333333
17613,4,0.13333333333333333
17625,4,0.0
17631,4,0.06666666666666667
17643,4,0.0
17644,4,0.06666666666666667
17650,4,0.0
17655,4,0.06666666666666667
17662,4,0.13333333333333333
17664,4,0.0
17670,4,0.0
17671,4,0.0
17673,4,0.0
17676,4,0.0
17678,4,0.06666666666666667
17680,4,0.0
17681,4,0.06666666666666667
17684,4,0.06666666666666667
17691,4,0.13333333333333333
17712,4,0.0
17717,4,0.06666666666666667
17728,4,0.13333333333333333
17731,4,0.13333333333333333
17733,4,0.06666666666666667
17741,4,0.06666666666666667
17752,4,0.2
17763,4,0.0
17766,4,0.2
17779,4,0.06666666666666667
17784,4,0.13333333333333333
17795,4,0.0
17827,4,0.06666666666666667
17833,4,0.13333333333333333
17836,4,0.0
17837,4,0.0
17844,4,0.06666666666666667
17849,4,0.2
17850,4,0.06666666666666667
17852,4,0.06666666666666667
17856,4,0.0
17857,4,0.13333333333333333
17869,4,0.2
17872,4,0.0
17879,4,0.0
17888,4,0.0
17893,4,0.2
17903,4,0.13333333333333333
17919,4,0.06666666666666667
17925,4,0.0
17926,4,0.06666666666666667
17933,4,0.06666666666666667
17946,4,0.0
17966,4,0.0
17969,4,0.06666666666666667
17971,4,0.0
17975,4,0.06666666666666667
17976,4,0.0
17978,4,0.06666666666666667
17982,4,0.0
17983,4,0.0
18000,4,0.0
18003,4,0.0
18014,4,0.06666666666666667
18015,4,0.0
18018,4,0.06666666666666667
18019,4,0.06666666666666667
18027,4,0.0
18035,4,0.06666666666666667
18037,4,0.0
18038,4,0.0
18044,4,0.0
18055,4,0.06666666666666667
18072,4,0.13333333333333333
18080,4,0.13333333333333333
18085,4,0.06666666666666667
18087,4,0.06666666666666667
18095,4,0.06666666666666667
18109,4,0.26666666666666666
18113,4,0.13333333333333333
18123,4,0.06666666666666667
18132,4,0.13333333333333333
18136,4,0.13333333333333333
18137,4,0.0
18149,4,0.0
18150,4,0.0
18151,4,0.0
18159,4,0.06666666666666667
18165,4,0.0
18176,4,0.06666666666666667
18178,4,0.06666666666666667
18190,4,0.0
18196,4,0.06666666666666667
18198,4,0.0
18199,4,0.13333333333333333
18201,4,0.0
18204,4,0.0
18207,4,0.2
18210,4,0.0
18228,4,0.2
18229,4,0.0
18239,4,0.06666666666666667
18246,4,0.06666666666666667
18247,4,0.0
18250,4,0.13333333333333333
18258,4,0.06666666666666667
18278,4,0.06666666666666667
18281,4,0.0
18282,4,0.13333333333333333
18283,4,0.2
18287,4,0.2
18289,4,0.0
18296,4,0.0
18301,4,0.06666666666666667
18308,4,0.0
18321,4,0.06666666666666667
18327,4,0.0
18331,4,0.06666666666666667
18347,4,0.0
18364,4,0.06666666666666667
18372,4,0.0
18380,4,0.0
18386,4,0.0
18392,4,0.0
18405,4,0.13333333333333333
18406,4,0.13333333333333333
18408,4,0.13333333333333333
18409,4,0.0
18411,4,0.0
18413,4,0.0
18418,4,0.06666666666666667
18423,4,0.06666666666666667
18434,4,0.06666666666666667
18440,4,0.0
18444,4,0.06666666666666667
18456,4,0.06666666666666667
18457,4,0.0
18460,4,0.06666666666666667
18467,4,0.0
18469,4,0.0
18482,4,0.06666666666666667
18497,4,0.0
18508,4,0.06666666666666667
18512,4,0.0
18522,4,0.06666666666666667
18524,4,0.06666666666666667
18526,4,0.0
18527,4,0.06666666666666667
18534,4,0.13333333333333333
18537,4,0.06666666666666667
18538,4,0.06666666666666667
18550,4,0.2
18554,4,0.0
18555,4,0.0
18569,4,0.0
18570,4,0.13333333333333333
18571,4,0.06666666666666667
18575,4,0.13333333333333333
18580,4,0.2
18583,4,0.13333333333333333
18584,4,0.06666666666666667
18590,4,0.06666666666666667
18593,4,0.0
18603,4,0.06666666666666667
18608,4,0.06666666666666667
18614,4,0.0
18639,4,0.06666666666666667
18641,4,0.13333333333333333
18643,4,0.06666666666666667
18645,4,0.06666666666666667
18646,4,0.0
18647,4,0.06666666666666667
18654,4,0.06666666666666667
18656,4,0.0
18658,4,0.0
18663,4,0.06666666666666667
18680,4,0.0
18698,4,0.0
18713,4,0.0
18714,4,0.13333333333333333
18720,4,0.0
18723,4,0.0
18725,4,0.13333333333333333
18731,4,0.06666666666666667
18732,4,0.06666666666666667
18735,4,0.06666666666666667
18761,4,0.0
18773,4,0.06666666666666667
18774,4,0.0
18784,4,0.0
18787,4,0.0
18804,4,0.0
18815,4,0.13333333333333333
18817,4,0.06666666666666667
18820,4,0.0
18824,4,0.06666666666666667
18831,4,0.06666666666666667
18833,4,0.13333333333333333
18840,4,0.06666666666666667
18852,4,0.26666666666666666
18868,4,0.0
18876,4,0.06666666666666667
18896,4,0.0
18906,4,0.06666666666666667
18921,4,0.06666666666666667
18924,4,0.0
18926,4,0.0
18944,4,0.0
18953,4,0.06666666666666667
18955,4,0.06666666666666667
18957,4,0.06666666666666667
18979,4,0.0
18988,4,0.06666666666666667
19000,4,0.13333333333333333
19011,4,0.13333333333333333
19013,4,0.0
19022,4,0.0
19025,4,0.0
19040,4,0.06666666666666667
19043,4,0.0
19058,4,0.13333333333333333
19069,4,0.13333333333333333
19078,4,0.13333333333333333
19079,4,0.0
19086,4,0.06666666666666667
19091,4,0.13333333333333333
19094,4,0.06666666666666667
19097,4,0.13333333333333333
19102,4,0.06666666666666667
19114,4,0.13333333333333333
19119,4,0.13333333333333333
19128,4,0.06666666666666667
19133,4,0.06666666666666667
19134,4,0.2
19149,4,0.13333333333333333
19170,4,0.0
19172,4,0.06666666666666667
19189,4,0.06666666666666667
19190,4,0.06666666666666667
19192,4,0.0
19200,4,0.06666666666666667
19203,4,0.0
19204,4,0.0
19206,4,0.06666666666666667
19217,4,0.0
19220,4,0.2
19221,4,0.06666666666666667
19222,4,0.06666666666666667
19231,4,0.2
19235,4,0.06666666666666667
19237,4,0.0
19240,4,0.13333333333333333
19241,4,0.0
19242,4,0.0
19249,4,0.13333333333333333
19264,4,0.0
19269,4,0.06666666666666667
19271,4,0.0
19276,4,0.06666666666666667
19283,4,0.06666666666666667
19284,4,0.06666666666666667
19297,4,0.06666666666666667
19311,4,0.0
19320,4,0.06666666666666667
19333,4,0.06666666666666667
19334,4,0.06666666666666667
19339,4,0.0
19343,4,0.0
19356,4,0.0
19367,4,0.06666666666666667
19369,4,0.0
19377,4,0.0
19378,4,0.0
19381,4,0.0
19387,4,0.0
19391,4,0.06666666666666667
19397,4,0.0
19402,4,0.06666666666666667
19409,4,0.06666666666666667
19412,4,0.06666666666666667
19417,4,0.0
19428,4,0.2
19429,4,0.06666666666666667
19445,4,0.06666666666666667
19449,4,0.0
19454,4,0.13333333333333333
19462,4,0.0
19468,4,0.0
19482,4,0.13333333333333333
19485,4,0.0
19490,4,0.0
19499,4,0.0
19504,4,0.06666666666666667
19505,4,0.2
19510,4,0.0
19514,4,0.0
19520,4,0.06666666666666667
19521,4,0.0
19523,4,0.0
19526,4,0.0
19528,4,0.0
19529,4,0.06666666666666667
19531,4,0.06666666666666667
19543,4,0.06666666666666667
19556,4,0.06666666666666667
19562,4,0.06666666666666667
19565,4,0.0
19579,4,0.06666666666666667
19592,4,0.2
19593,4,0.06666666666666667
19595,4,0.06666666666666667
19600,4,0.13333333333333333
19605,4,0.13333333333333333
19612,4,0.13333333333333333
19614,4,0.0
19616,4,0.0
19617,4,0.2
19622,4,0.0
19656,4,0.0
19670,4,0.13333333333333333
19673,4,0.06666666666666667
19683,4,0.0
19686,4,0.0
19687,4,0.06666666666666667
19698,4,0.13333333333333333
19701,4,0.0
19703,4,0.0
19704,4,0.0
19707,4,0.0
19708,4,0.0
19711,4,0.06666666666666667
19721,4,0.0
19725,4,0.0
19726,4,0.06666666666666667
19731,4,0.06666666666666667
19732,4,0.06666666666666667
19735,4,0.0
19738,4,0.06666666666666667
19739,4,0.06666666666666667
19746,4,0.06666666666666667
19753,4,0.06666666666666667
19757,4,0.0
19759,4,0.0
19760,4,0.06666666666666667
19765,4,0.0
19768,4,0.0
19769,4,0.0
19774,4,0.0
19784,4,0.06666666666666667
19794,4,0.0
19803,4,0.0
19807,4,0.0
19808,4,0.06666666666666667
19818,4,0.0
19825,4,0.06666666666666667
19843,4,0.06666666666666667
19847,4,0.06666666666666667
19870,4,0.0
19884,4,0.0
19891,4,0.0
19900,4,0.06666666666666667
19906,4,0.0
19907,4,0.06666666666666667
19922,4,0.06666666666666667
19928,4,0.06666666666666667
19947,4,0.06666666666666667
19951,4,0.06666666666666667
19954,4,0.06666666666666667
19961,4,0.0
19972,4,0.06666666666666667
19973,4,0.06666666666666667
19974,4,0.0
19983,4,0.0
19987,4,0.0
20003,4,0.06666666666666667
20011,4,0.0
20017,4,0.0
20028,4,0.13333333333333333
20039,4,0.0
20040,4,0.0
20053,4,0.2
20056,4,0.0
20057,4,0.13333333333333333
20061,4,0.06666666666666667
20071,4,0.2
20074,4,0.26666666666666666
20075,4,0.0
20093,4,0.2
20101,4,0.06666666666666667
20107,4,0.0
20108,4,0.0
20109,4,0.0
20114,4,0.06666666666666667
20126,4,0.13333333333333333
20132,4,0.13333333333333333
20156,4,0.13333333333333333
20161,4,0.06666666666666667
20169,4,0.0
20171,4,0.13333333333333333
20175,4,0.0
20193,4,0.06666666666666667
20198,4,0.0
20211,4,0.06666666666666667
20215,4,0.13333333333333333
20218,4,0.06666666666666667
20225,4,0.0
20226,4,0.2
20236,4,0.2
20246,4,0.13333333333333333
20251,4,0.06666666666666667
20267,4,0.06666666666666667
20274,4,0.0
20276,4,0.0
20286,4,0.06666666666666667
20299,4,0.2
20301,4,0.06666666666666667
20307,4,0.06666666666666667
20319,4,0.0
20320,4,0.06666666666666667
20328,4,0.06666666666666667
20334,4,0.2
20335,4,0.06666666666666667
20341,4,0.0
20363,4,0.0
20366,4,0.0
20368,4,0.0
20370,4,0.0
20377,4,0.06666666666666667
20382,4,0.0
20383,4,0.06666666666666667
20390,4,0.0
20394,4,0.06666666666666667
20398,4,0.0
20431,4,0.06666666666666667
20438,4,0.0
20439,4,0.06666666666666667
20443,4,0.0
20452,4,0.2
20457,4,0.0
20461,4,0.06666666666666667
20473,4,0.0
20485,4,0.0
20487,4,0.0
20488,4,0.06666666666666667
20489,4,0.0
20498,4,0.06666666666666667
20501,4,0.0
20512,4,0.06666666666666667
20517,4,0.06666666666666667
20519,4,0.06666666666666667
20521,4,0.13333333333333333
20522,4,0.06666666666666667
20525,4,0.0
20532,4,0.06666666666666667
20540,4,0.13333333333333333
20551,4,0.0
20552,4,0.06666666666666667
20554,4,0.0
20563,4,0.06666666666666667
20564,4,0.0
20574,4,0.06666666666666667
20579,4,0.06666666666666667
20595,4,0.13333333333333333
20596,4,0.06666666666666667
20604,4,0.0
20618,4,0.0
20625,4,0.2
20627,4,0.0
20628,4,0.13333333333333333
20633,4,0.13333333333333333
20642,4,0.06666666666666667
20645,4,0.0
20677,4,0.06666666666666667
20678,4,0.26666666666666666
20685,4,0.0
20701,4,0.0
20702,4,0.0
20708,4,0.13333333333333333
20715,4,0.0
20716,4,0.0
20719,4,0.06666666666666667
20720,4,0.2
20731,4,0.13333333333333333
20738,4,0.0
20740,4,0.0
20747,4,0.0
20752,4,0.13333333333333333
20757,4,0.06666666666666667
20758,4,0.0
20763,4,0.06666666666666667
20764,4,0.0
20770,4,0.06666666666666667
20774,4,0.0
20786,4,0.13333333333333333
20789,4,0.06666666666666667
20792,4,0.06666666666666667
20805,4,0.06666666666666667
20813,4,0.06666666666666667
20816,4,0.13333333333333333
20822,4,0.0
20829,4,0.0
20840,4,0.0
20849,4,0.0
20856,4,0.06666666666666667
20864,4,0.0
20876,4,0.0
20879,4,0.13333333333333333
20882,4,0.0
20898,4,0.0
20902,4,0.0
20904,4,0.06666666666666667
20906,4,0.0
20915,4,0.0
20916,4,0.0
20933,4,0.0
20941,4,0.0
20943,4,0.0
20946,4,0.0
20956,4,0.06666666666666667
20967,4,0.0
20972,4,0.0
20979,4,0.0
20983,4,0.0
20991,4,0.06666666666666667
20996,4,0.06666666666666667
21002,4,0.26666666666666666
21003,4,0.06666666666666667
21010,4,0.0
21016,4,0.06666666666666667
21021,4,0.06666666666666667
21032,4,0.06666666666666667
21052,4,0.0
21062,4,0.0
21070,4,0.06666666666666667
21074,4,0.0
21075,4,0.0
21095,4,0.2
21102,4,0.0
21107,4,0.06666666666666667
21110,4,0.0
21113,4,0.06666666666666667
21119,4,0.13333333333333333
21125,4,0.06666666666666667
21131,4,0.2
21133,4,0.0
21141,4,0.06666666666666667
21142,4,0.06666666666666667
21147,4,0.0
21159,4,0.0
21162,4,0.0
21167,4,0.06666666666666667
21177,4,0.06666666666666667
21206,4,0.06666666666666667
21210,4,0.06666666666666667
21217,4,0.13333333333333333
21241,4,0.13333333333333333
21249,4,0.13333333333333333
21259,4,0.06666666666666667
21262,4,0.0
21263,4,0.13333333333333333
21267,4,0.2
21268,4,0.13333333333333333
21271,4,0.0
21280,4,0.06666666666666667
21282,4,0.06666666666666667
21286,4,0.0
21290,4,0.06666666666666667
21306,4,0.13333333333333333
21317,4,0.06666666666666667
21319,4,0.06666666666666667
21320,4,0.06666666666666667
21327,4,0.0
21338,4,0.0
21347,4,0.06666666666666667
21357,4,0.06666666666666667
21363,4,0.0
21367,4,0.06666666666666667
21374,4,0.0
21383,4,0.2
21384,4,0.0
21386,4,0.2
21388,4,0.0
21394,4,0.0
21398,4,0.0
21405,4,0.06666666666666667
21421,4,0.0
21437,4,0.06666666666666667
21448,4,0.13333333333333333
21452,4,0.06666666666666667
21453,4,0.06666666666666667
21462,4,0.06666666666666667
21465,4,0.06666666666666667
21470,4,0.0
21485,4,0.0
21495,4,0.13333333333333333
21501,4,0.06666666666666667
21505,4,0.06666666666666667
21519,4,0.0
21524,4,0.13333333333333333
21526,4,0.06666666666666667
21529,4,0.2
21544,4,0.2
21556,4,0.0
21565,4,0.06666666666666667
21567,4,0.06666666666666667
21573,4,0.0
21581,4,0.2
21595,4,0.0
21601,4,0.13333333333333333
21622,4,0.0
21628,4,0.2
21636,4,0.0
21653,4,0.13333333333333333
21659,4,0.0
21662,4,0.06666666666666667
21674,4,0.0
21683,4,0.0
21692,4,0.0
21717,4,0.06666666666666667
21719,4,0.0
21728,4,0.0
21735,4,0.0
21748,4,0.0
21749,4,0.0
21751,4,0.06666666666666667
21756,4,0.13333333333333333
21758,4,0.0
21761,4,0.0
21766,4,0.0
21777,4,0.13333333333333333
21778,4,0.06666666666666667
21784,4,0.06666666666666667
21797,4,0.13333333333333333
21798,4,0.0
21807,4,0.0
21808,4,0.0
21814,4,0.13333333333333333
21823,4,0.0
21828,4,0.13333333333333333
21839,4,0.0
21844,4,0.06666666666666667
21847,4,0.0
21853,4,0.0
21855,4,0.06666666666666667
21860,4,0.0
21864,4,0.06666666666666667
21867,4,0.0
21869,4,0.13333333333333333
21873,4,0.0
21875,4,0.06666666666666667
21891,4,0.0
21893,4,0.13333333333333333
21900,4,0.06666666666666667
21902,4,0.0
21912,4,0.06666666666666667
21917,4,0.0
21921,4,0.06666666666666667
21922,4,0.0
21929,4,0.06666666666666667
21934,4,0.0
21939,4,0.06666666666666667
21940,4,0.06666666666666667
21941,4,0.13333333333333333
21948,4,0.0
21950,4,0.06666666666666667
21971,4,0.0
22009,4,0.06666666666666667
22028,4,0.0
22031,4,0.0
22033,4,0.06666666666666667
22039,4,0.06666666666666667
22046,4,0.06666666666666667
22056,4,0.13333333333333333
22062,4,0.13333333333333333
22070,4,0.06666666666666667
22071,4,0.0
22076,4,0.0
22077,4,0.0
22079,4,0.0
22083,4,0.06666666666666667
22084,4,0.06666666666666667
22088,4,0.06666666666666667
22093,4,0.0
22099,4,0.06666666666666667
22104,4,0.06666666666666667
22125,4,0.13333333333333333
22145,4,0.0
22146,4,0.06666666666666667
22167,4,0.0
22168,4,0.0
22173,4,0.13333333333333333
22177,4,0.06666666666666667
22178,4,0.0
22183,4,0.13333333333333333
22184,4,0.0
22186,4,0.06666666666666667
22187,4,0.0
22194,4,0.0
22203,4,0.0
22208,4,0.0
22225,4,0.0
22232,4,0.06666666666666667
22236,4,0.0
22242,4,0.0
22251,4,0.13333333333333333
22257,4,0.0
22265,4,0.13333333333333333
22281,4,0.0
22291,4,0.0
22302,4,0.0
22303,4,0.13333333333333333
22308,4,0.06666666666666667
22322,4,0.06666666666666667
22324,4,0.0
22325,4,0.0
22329,4,0.06666666666666667
22331,4,0.0
22335,4,0.0
22342,4,0.0
22343,4,0.0
22352,4,0.0
22366,4,0.0
22384,4,0.13333333333333333
22386,4,0.0
22389,4,0.06666666666666667
22394,4,0.0
22395,4,0.0
22400,4,0.06666666666666667
22402,4,0.06666666666666667
22407,4,0.06666666666666667
22419,4,0.06666666666666667
22421,4,0.06666666666666667
22422,4,0.0
22424,4,0.0
22425,4,0.0
22433,4,0.06666666666666667
22436,4,0.0
22438,4,0.13333333333333333
22443,4,0.13333333333333333
22444,4,0.06666666666666667
22446,4,0.06666666666666667
22455,4,0.06666666666666667
22461,4,0.06666666666666667
22463,4,0.0
22465,4,0.0
22469,4,0.0
22474,4,0.0
22482,4,0.06666666666666667
22489,4,0.06666666666666667
22503,4,0.06666666666666667
22507,4,0.0
22511,4,0.0
22522,4,0.06666666666666667
22526,4,0.06666666666666667
22528,4,0.0
22530,4,0.13333333333333333
22531,4,0.13333333333333333
22544,4,0.06666666666666667
22548,4,0.0
22552,4,0.0
22554,4,0.06666666666666667
22555,4,0.06666666666666667
22556,4,0.06666666666666667
22560,4,0.0
22561,4,0.06666666666666667
22563,4,0.13333333333333333
22566,4,0.06666666666666667
22570,4,0.13333333333333333
22572,4,0.0
22588,4,0.13333333333333333
22593,4,0.06666666666666667
22594,4,0.06666666666666667
22596,4,0.06666666666666667
22601,4,0.0
22602,4,0.0
22603,4,0.06666666666666667
22606,4,0.0
22611,4,0.13333333333333333
22614,4,0.0
22623,4,0.0
22625,4,0.0
22629,4,0.0
22634,4,0.2
22635,4,0.0
22645,4,0.0
22648,4,0.0
22653,4,0.06666666666666667
22660,4,0.0
22664,4,0.06666666666666667
22684,4,0.06666666666666667
22686,4,0.06666666666666667
22690,4,0.06666666666666667
22701,4,0.06666666666666667
22702,4,0.06666666666666667
22711,4,0.0
22716,4,0.06666666666666667
22718,4,0.0
22722,4,0.0
22738,4,0.0
22741,4,0.06666666666666667
22746,4,0.13333333333333333
22748,4,0.0
22751,4,0.0
22756,4,0.0
22759,4,0.2
22782,4,0.06666666666666667
22783,4,0.0
22792,4,0.0
22800,4,0.06666666666666667
22801,4,0.0
22819,4,0.13333333333333333
22830,4,0.06666666666666667
22835,4,0.06666666666666667
22840,4,0.06666666666666667
22844,4,0.06666666666666667
22848,4,0.06666666666666667
22849,4,0.26666666666666666
22852,4,0.0
22882,4,0.0
22886,4,0.13333333333333333
22895,4,0.0
22896,4,0.13333333333333333
22900,4,0.0
22901,4,0.0
22904,4,0.06666666666666667
22905,4,0.06666666666666667
22909,4,0.13333333333333333
22910,4,0.2
22911,4,0.06666666666666667
22917,4,0.0
22925,4,0.06666666666666667
22926,4,0.0
22936,4,0.06666666666666667
22940,4,0.0
22944,4,0.13333333333333333
22955,4,0.06666666666666667
22967,4,0.06666666666666667
22968,4,0.13333333333333333
22970,4,0.06666666666666667
22979,4,0.13333333333333333
22991,4,0.13333333333333333
22993,4,0.26666666666666666
23011,4,0.13333333333333333
23045,4,0.13333333333333333
23046,4,0.0
23047,4,0.0
23052,4,0.13333333333333333
23054,4,0.13333333333333333
23068,4,0.0
23069,4,0.06666666666666667
23074,4,0.0
23079,4,0.0
23082,4,0.06666666666666667
23097,4,0.06666666666666667
23100,4,0.13333333333333333
23101,4,0.3333333333333333
23102,4,0.0
23106,4,0.0
23112,4,0.0
23115,4,0.2
23123,4,0.06666666666666667
23150,4,0.06666666666666667
23151,4,0.13333333333333333
23155,4,0.0
23157,4,0.0
23187,4,0.0
23189,4,0.13333333333333333
23191,4,0.06666666666666667
23199,4,0.26666666666666666
23203,4,0.06666666666666667
23211,4,0.2
23212,4,0.0
23213,4,0.06666666666666667
23215,4,0.0
23216,4,0.06666666666666667
23217,4,0.2
23218,4,0.0
23219,4,0.2
23221,4,0.0
23225,4,0.0
23226,4,0.06666666666666667
23233,4,0.06666666666666667
23240,4,0.06666666666666667
23245,4,0.0
23249,4,0.06666666666666667
23251,4,0.13333333333333333
23252,4,0.13333333333333333
23268,4,0.0
23270,4,0.0
23272,4,0.06666666666666667
23274,4,0.06666666666666667
23280,4,0.0
23294,4,0.2
23314,4,0.2
23318,4,0.06666666666666667
23319,4,0.06666666666666667
23324,4,0.0
23326,4,0.06666666666666667
23327,4,0.06666666666666667
23339,4,0.0
23342,4,0.06666666666666667
23344,4,0.06666666666666667
23346,4,0.13333333333333333
23354,4,0.13333333333333333
23357,4,0.0
23371,4,0.13333333333333333
23375,4,0.06666666666666667
23389,4,0.06666666666666667
23392,4,0.2
23399,4,0.06666666666666667
23401,4,0.06666666666666667
23407,4,0.0
23416,4,0.06666666666666667
23419,4,0.0
23440,4,0.0
23447,4,0.13333333333333333
23449,4,0.13333333333333333
23452,4,0.0
23453,4,0.0
23458,4,0.06666666666666667
23466,4,0.0
23468,4,0.13333333333333333
23469,4,0.0
23472,4,0.13333333333333333
23474,4,0.0
23479,4,0.06666666666666667
23481,4,0.06666666666666667
23483,4,0.0
23485,4,0.0
23487,4,0.06666666666666667
23503,4,0.06666666666666667
23506,4,0.0
23507,4,0.0
23508,4,0.0
23511,4,0.0
23512,4,0.06666666666666667
23518,4,0.06666666666666667
23524,4,0.0
23532,4,0.06666666666666667
23533,4,0.0
23552,4,0.0
23562,4,0.0
23573,4,0.06666666666666667
23575,4,0.13333333333333333
23576,4,0.06666666666666667
23592,4,0.0
23601,4,0.06666666666666667
23607,4,0.0
23612,4,0.13333333333333333
23617,4,0.0
23623,4,0.13333333333333333
23627,4,0.06666666666666667
23652,4,0.06666666666666667
23654,4,0.06666666666666667
23656,4,0.0
23664,4,0.13333333333333333
23670,4,0.06666666666666667
23673,4,0.06666666666666667
23675,4,0.0
23679,4,0.06666666666666667
23680,4,0.0
23685,4,0.0
23687,4,0.0
23688,4,0.06666666666666667
23692,4,0.06666666666666667
23698,4,0.06666666666666667
23699,4,0.0
23704,4,0.0
23707,4,0.06666666666666667
23720,4,0.06666666666666667
23721,4,0.13333333333333333
23723,4,0.0
23730,4,0.06666666666666667
23749,4,0.06666666666666667
23751,4,0.06666666666666667
23754,4,0.06666666666666667
23764,4,0.0
23773,4,0.13333333333333333
23780,4,0.06666666666666667
23787,4,0.13333333333333333
23788,4,0.06666666666666667
23794,4,0.13333333333333333
23798,4,0.0
23809,4,0.0
23816,4,0.2
23829,4,0.0
23835,4,0.06666666666666667
23839,4,0.0
23840,4,0.0
23842,4,0.06666666666666667
23844,4,0.06666666666666667
23862,4,0.06666666666666667
23863,4,0.0
23870,4,0.0
23871,4,0.06666666666666667
23877,4,0.06666666666666667
23886,4,0.06666666666666667
23889,4,0.13333333333333333
23894,4,0.0
23897,4,0.06666666666666667
23900,4,0.06666666666666667
23902,4,0.06666666666666667
23905,4,0.0
23906,4,0.06666666666666667
23912,4,0.06666666666666667
23915,4,0.06666666666666667
23916,4,0.06666666666666667
23920,4,0.13333333333333333
23923,4,0.0
23948,4,0.06666666666666667
23964,4,0.0
23973,4,0.06666666666666667
23977,4,0.06666666666666667
23982,4,0.0
23990,4,0.0
23996,4,0.06666666666666667
24004,4,0.4
24012,4,0.13333333333333333
24019,4,0.06666666666666667
24027,4,0.2
24030,4,0.2
24031,4,0.26666666666666666
24042,4,0.2
24044,4,0.2
24045,4,0.13333333333333333
24046,4,0.2
24047,4,0.06666666666666667
24051,4,0.13333333333333333
24067,4,0.0
24073,4,0.0
24085,4,0.0
24087,4,0.2
24089,4,0.06666666666666667
24094,4,0.06666666666666667
24110,4,0.13333333333333333
24113,4,0.06666666666666667
24118,4,0.2
24120,4,0.2
24126,4,0.06666666666666667
24127,4,0.0
24153,4,0.0
24155,4,0.13333333333333333
24158,4,0.0
24161,4,0.06666666666666667
24162,4,0.06666666666666667
24166,4,0.0
24180,4,0.0
24189,4,0.0
24195,4,0.0
24206,4,0.0
24213,4,0.0
24219,4,0.0
24222,4,0.0
24226,4,0.0
24249,4,0.06666666666666667
24250,4,0.0
24252,4,0.0
24254,4,0.0
24255,4,0.0
24262,4,0.06666666666666667
24267,4,0.0
24268,4,0.0
24269,4,0.0
24277,4,0.06666666666666667
24282,4,0.0
24283,4,0.0
24284,4,0.06666666666666667
24288,4,0.0
24289,4,0.0
24304,4,0.0
24307,4,0.0
24310,4,0.0
24320,4,0.0
24329,4,0.0
24334,4,0.06666666666666667
24340,4,0.0
24344,4,0.0
24351,4,0.0
24358,4,0.0
24362,4,0.0
24370,4,0.0
24373,4,0.06666666666666667
24374,4,0.06666666666666667
24381,4,0.13333333333333333
24383,4,0.0
24384,4,0.13333333333333333
24390,4,0.0
24394,4,0.0
24409,4,0.06666666666666667
24425,4,0.06666666666666667
24427,4,0.0
24430,4,0.0
24434,4,0.0
24442,4,0.0
24447,4,0.0
24483,4,0.0
24487,4,0.13333333333333333
24508,4,0.0
24530,4,0.06666666666666667
24535,4,0.06666666666666667
24540,4,0.0
24548,4,0.0
24550,4,0.0
24562,4,0.0
24564,4,0.06666666666666667
24565,4,0.0
24575,4,0.06666666666666667
24579,4,0.0
24581,4,0.0
24596,4,0.0
24598,4,0.0
24605,4,0.06666666666666667
24617,4,0.0
24627,4,0.06666666666666667
24630,4,0.06666666666666667
24641,4,0.0
24644,4,0.0
24648,4,0.0
24650,4,0.06666666666666667
24655,4,0.13333333333333333
24670,4,0.06666666666666667
24677,4,0.0
24682,4,0.0
24683,4,0.13333333333333333
24711,4,0.13333333333333333
24716,4,0.0
24725,4,0.06666666666666667
24733,4,0.13333333333333333
24754,4,0.06666666666666667
24759,4,0.0
24762,4,0.06666666666666667
24765,4,0.0
24779,4,0.0
24781,4,0.0
24782,4,0.0
24790,4,0.0
24804,4,0.06666666666666667
24813,4,0.06666666666666667
24833,4,0.0
24838,4,0.0
24840,4,0.0
24843,4,0.06666666666666667
24844,4,0.06666666666666667
24846,4,0.06666666666666667
24855,4,0.0
24857,4,0.06666666666666667
24859,4,0.0
24860,4,0.06666666666666667
24868,4,0.0
24879,4,0.06666666666666667
24891,4,0.13333333333333333
24897,4,0.06666666666666667
24902,4,0.06666666666666667
24918,4,0.0
24922,4,0.06666666666666667
24923,4,0.06666666666666667
24927,4,0.0
24936,4,0.06666666666666667
24939,4,0.13333333333333333
24948,4,0.06666666666666667
24952,4,0.06666666666666667
24961,4,0.0
24962,4,0.13333333333333333
24967,4,0.0
24972,4,0.0
24976,4,0.0
24991,4,0.13333333333333333
25005,4,0.06666666666666667
25009,4,0.06666666666666667
25026,4,0.06666666666666667
25038,4,0.0
25046,4,0.0
25063,4,0.0
25066,4,0.06666666666666667
25077,4,0.0
25084,4,0.06666666666666667
25106,4,0.0
25112,4,0.06666666666666667
25113,4,0.0
25129,4,0.06666666666666667
25139,4,0.0
25143,4,0.0
25153,4,0.0
25154,4,0.13333333333333333
25165,4,0.0
25166,4,0.0
25173,4,0.06666666666666667
25176,4,0.0
25180,4,0.06666666666666667
25182,4,0.06666666666666667
25186,4,0.13333333333333333
25187,4,0.0
25206,4,0.06666666666666667
25215,4,0.0
25222,4,0.06666666666666667
25227,4,0.0
25228,4,0.0
25235,4,0.0
25248,4,0.0
25253,4,0.06666666666666667
25254,4,0.0
25258,4,0.13333333333333333
25260,4,0.0
25265,4,0.0
25270,4,0.06666666666666667
25282,4,0.0
25284,4,0.0
25285,4,0.0
25286,4,0.0
25290,4,0.06666666666666667
25292,4,0.0
25296,4,0.0
25298,4,0.0
25301,4,0.0
25306,4,0.0
25309,4,0.06666666666666667
25313,4,0.06666666666666667
25316,4,0.06666666666666667
25320,4,0.0
25330,4,0.0
25336,4,0.2
25339,4,0.06666666666666667
25341,4,0.0
25342,4,0.06666666666666667
25348,4,0.0
25359,4,0.06666666666666667
25363,4,0.2
25365,4,0.0
25369,4,0.0
25378,4,0.0
25380,4,0.0
25384,4,0.0
25385,4,0.06666666666666667
25386,4,0.0
25394,4,0.0
25395,4,0.0
25396,4,0.0
25404,4,0.0
25408,4,0.06666666666666667
25411,4,0.0
25417,4,0.0
25424,4,0.0
25427,4,0.06666666666666667
25431,4,0.0
25434,4,0.2
25435,4,0.06666666666666667
25463,4,0.06666666666666667
25474,4,0.0
25475,4,0.06666666666666667
25486,4,0.06666666666666667
25488,4,0.0
25492,4,0.0
25496,4,0.06666666666666667
25497,4,0.13333333333333333
25509,4,0.2
25510,4,0.13333333333333333
25513,4,0.06666666666666667
25523,4,0.0
25524,4,0.06666666666666667
25534,4,0.06666666666666667
25536,4,0.06666666666666667
25537,4,0.06666666666666667
25547,4,0.13333333333333333
25555,4,0.06666666666666667
25564,4,0.06666666666666667
25567,4,0.2
25568,4,0.0
25569,4,0.0
25583,4,0.0
25584,4,0.0
25587,4,0.0
25588,4,0.2
25592,4,0.0
25608,4,0.0
25612,4,0.0
25615,4,0.0
25619,4,0.0
25620,4,0.06666666666666667
25625,4,0.0
25630,4,0.13333333333333333
25638,4,0.06666666666666667
25639,4,0.0
25651,4,0.13333333333333333
25652,4,0.06666666666666667
25662,4,0.06666666666666667
25671,4,0.06666666666666667
25672,4,0.06666666666666667
25679,4,0.06666666666666667
25684,4,0.0
25686,4,0.06666666666666667
25690,4,0.13333333333333333
25698,4,0.06666666666666667
25713,4,0.13333333333333333
25728,4,0.06666666666666667
25729,4,0.0
25737,4,0.13333333333333333
25745,4,0.0
25746,4,0.0
25752,4,0.2
25760,4,0.06666666666666667
25768,4,0.0
25776,4,0.2
25779,4,0.0
25791,4,0.13333333333333333
25809,4,0.0
25819,4,0.06666666666666667
25827,4,0.2
25830,4,0.0
25836,4,0.0
25840,4,0.13333333333333333
25849,4,0.0
25858,4,0.06666666666666667
25875,4,0.06666666666666667
25876,4,0.0
25881,4,0.06666666666666667
25883,4,0.0
25896,4,0.13333333333333333
25901,4,0.06666666666666667
25908,4,0.2
25919,4,0.0
25928,4,0.06666666666666667
25933,4,0.13333333333333333
25937,4,0.06666666666666667
25946,4,0.13333333333333333
25949,4,0.06666666666666667
25955,4,0.0
25967,4,0.06666666666666667
25968,4,0.06666666666666667
25971,4,0.0
25973,4,0.0
25976,4,0.06666666666666667
25978,4,0.0
25981,4,0.0
25992,4,0.0
25997,4,0.0
26007,4,0.06666666666666667
26017,4,0.06666666666666667
26026,4,0.06666666666666667
26029,4,0.2
26031,4,0.13333333333333333
26036,4,0.0
26044,4,0.0
26047,4,0.0
26048,4,0.0
26050,4,0.0
26054,4,0.06666666666666667
26057,4,0.06666666666666667
26064,4,0.13333333333333333
26081,4,0.06666666666666667
26086,4,0.13333333333333333
26087,4,0.0
26090,4,0.13333333333333333
26094,4,0.0
26103,4,0.13333333333333333
26121,4,0.06666666666666667
26122,4,0.0
26123,4,0.0
26134,4,0.0
26136,4,0.0
26141,4,0.13333333333333333
26142,4,0.0
26143,4,0.13333333333333333
26146,4,0.0
26156,4,0.0
26162,4,0.13333333333333333
26165,4,0.06666666666666667
26169,4,0.0
26180,4,0.0
26181,4,0.13333333333333333
26183,4,0.06666666666666667
26188,4,0.06666666666666667
26190,4,0.13333333333333333
26191,4,0.0
26205,4,0.13333333333333333
26211,4,0.2
26224,4,0.0
26225,4,0.06666666666666667
26233,4,0.0
26234,4,0.0
26263,4,0.13333333333333333
26278,4,0.06666666666666667
26284,4,0.2
26285,4,0.0
26289,4,0.0
26292,4,0.0
26298,4,0.13333333333333333
26312,4,0.2
26338,4,0.0
26340,4,0.0
26341,4,0.06666666666666667
26344,4,0.06666666666666667
26349,4,0.13333333333333333
26356,4,0.0
26360,4,0.0
26362,4,0.0
26364,4,0.06666666666666667
26383,4,0.0
26390,4,0.06666666666666667
26394,4,0.0
26400,4,0.0
26405,4,0.13333333333333333
26408,4,0.06666666666666667
26409,4,0.06666666666666667
26414,4,0.06666666666666667
26415,4,0.06666666666666667
26422,4,0.06666666666666667
26423,4,0.06666666666666667
26427,4,0.06666666666666667
26451,4,0.13333333333333333
26453,4,0.06666666666666667
26458,4,0.06666666666666667
26480,4,0.06666666666666667
26481,4,0.06666666666666667
26486,4,0.0
26498,4,0.06666666666666667
26501,4,0.13333333333333333
26530,4,0.2
26531,4,0.06666666666666667
26546,4,0.2
26553,4,0.13333333333333333
26559,4,0.0
26571,4,0.0
26588,4,0.0
26596,4,0.0
26601,4,0.0
26604,4,0.06666666666666667
26612,4,0.06666666666666667
26617,4,0.0
26631,4,0.0
26654,4,0.13333333333333333
26660,4,0.2
26673,4,0.2
26675,4,0.0
26677,4,0.13333333333333333
26682,4,0.0
26685,4,0.13333333333333333
26688,4,0.06666666666666667
26701,4,0.0
26705,4,0.13333333333333333
26706,4,0.06666666666666667
26709,4,0.06666666666666667
26710,4,0.0
26727,4,0.13333333333333333
26746,4,0.06666666666666667
26747,4,0.13333333333333333
26749,4,0.0
26751,4,0.06666666666666667
26760,4,0.0
26770,4,0.2
26784,4,0.06666666666666667
26792,4,0.26666666666666666
26802,4,0.06666666666666667
26811,4,0.06666666666666667
26813,4,0.06666666666666667
26816,4,0.0
26846,4,0.06666666666666667
26861,4,0.0
26871,4,0.13333333333333333
26874,4,0.13333333333333333
26879,4,0.26666666666666666
26884,4,0.0
26890,4,0.13333333333333333
26892,4,0.13333333333333333
26908,4,0.06666666666666667
26910,4,0.0
26917,4,0.06666666666666667
26922,4,0.0
26924,4,0.06666666666666667
26944,4,0.0
26954,4,0.0
26958,4,0.0
26960,4,0.13333333333333333
26963,4,0.06666666666666667
26970,4,0.13333333333333333
26971,4,0.2
26978,4,0.06666666666666667
26980,4,0.0
26992,4,0.0
27015,4,0.0
27023,4,0.06666666666666667
27028,4,0.13333333333333333
27029,4,0.0
27036,4,0.0
27048,4,0.06666666666666667
27053,4,0.06666666666666667
27059,4,0.0
27061,4,0.06666666666666667
27066,4,0.2
27088,4,0.13333333333333333
27096,4,0.13333333333333333
27099,4,0.13333333333333333
27110,4,0.2
27119,4,0.06666666666666667
27124,4,0.06666666666666667
27132,4,0.06666666666666667
27135,4,0.0
27145,4,0.13333333333333333
27149,4,0.06666666666666667
27150,4,0.13333333333333333
27152,4,0.06666666666666667
27161,4,0.0
27164,4,0.13333333333333333
27169,4,0.0
27170,4,0.06666666666666667
27177,4,0.13333333333333333
27179,4,0.06666666666666667
27187,4,0.0
27193,4,0.0
27200,4,0.06666666666666667
27201,4,0.06666666666666667
27203,4,0.0
27210,4,0.13333333333333333
27211,4,0.13333333333333333
27212,4,0.13333333333333333
27216,4,0.0
27217,4,0.06666666666666667
27220,4,0.13333333333333333
27223,4,0.26666666666666666
27230,4,0.0
27231,4,0.06666666666666667
27232,4,0.0
27236,4,0.06666666666666667
27246,4,0.2
27265,4,0.2
27266,4,0.0
27286,4,0.06666666666666667
27311,4,0.13333333333333333
27313,4,0.0
27315,4,0.0
27326,4,0.0
27333,4,0.0
27337,4,0.06666666666666667
27346,4,0.06666666666666667
27347,4,0.13333333333333333
27357,4,0.2
27361,4,0.06666666666666667
27371,4,0.13333333333333333
27375,4,0.0
27376,4,0.0
27379,4,0.0
27397,4,0.0
27405,4,0.0
27408,4,0.0
27428,4,0.0
27433,4,0.06666666666666667
27437,4,0.06666666666666667
27442,4,0.06666666666666667
27444,4,0.0
27465,4,0.0
27471,4,0.0
27474,4,0.0
27475,4,0.2
27478,4,0.3333333333333333
27486,4,0.13333333333333333
27493,4,0.13333333333333333
27494,4,0.0
27505,4,0.0
27507,4,0.0
27510,4,0.13333333333333333
27514,4,0.3333333333333333
27515,4,0.06666666666666667
27521,4,0.0
27524,4,0.0
27534,4,0.13333333333333333
27541,4,0.06666666666666667
27542,4,0.0
27565,4,0.13333333333333333
27571,4,0.0
27574,4,0.2
27579,4,0.06666666666666667
27587,4,0.0
27598,4,0.0
27610,4,0.06666666666666667
27619,4,0.0
27627,4,0.0
27640,4,0.0
27644,4,0.0
27650,4,0.06666666666666667
27652,4,0.0
27667,4,0.0
27679,4,0.13333333333333333
27680,4,0.06666666666666667
27686,4,0.0
27701,4,0.4666666666666667
27706,4,0.5333333333333333
27709,4,0.5333333333333333
27712,4,0.3333333333333333
27719,4,0.26666666666666666
27720,4,0.4666666666666667
27723,4,0.4
27724,4,0.4666666666666667
27738,4,0.2
27756,4,0.4
27778,4,0.06666666666666667
27786,4,0.3333333333333333
27793,4,0.3333333333333333
27795,4,0.3333333333333333
27799,4,0.3333333333333333
27805,4,0.6
27807,4,0.5333333333333333
27812,4,0.6
27814,4,0.6
27815,4,0.6
27823,4,0.6
27853,4,0.26666666666666666
27859,4,0.13333333333333333
27866,4,0.6
27881,4,0.6
27885,4,0.3333333333333333
27895,4,0.5333333333333333
27904,4,0.6666666666666666
27906,4,0.5333333333333333
27914,4,0.6
27924,4,0.4
27931,4,0.2
27952,4,0.2
27954,4,0.5333333333333333
27955,4,0.26666666666666666
27975,4,0.0
27983,4,0.13333333333333333
28004,4,0.4
28006,4,0.0
28034,4,0.2
28047,4,0.06666666666666667
28050,4,0.13333333333333333
28066,4,0.6
28069,4,0.13333333333333333
28077,4,0.26666666666666666
28092,4,0.0
28094,4,0.0
28095,4,0.13333333333333333
28100,4,0.06666666666666667
28104,4,0.0
28106,4,0.13333333333333333
28112,4,0.06666666666666667
28113,4,0.0
28118,4,0.06666666666666667
28121,4,0.13333333333333333
28140,4,0.0
28141,4,0.06666666666666667
28161,4,0.0
28173,4,0.0
28177,4,0.4
28178,4,0.06666666666666667
28179,4,0.4
28183,4,0.06666666666666667
28186,4,0.13333333333333333
28187,4,0.13333333333333333
28188,4,0.13333333333333333
28191,4,0.3333333333333333
28197,4,0.13333333333333333
28222,4,0.3333333333333333
28233,4,0.06666666666666667
28253,4,0.0
28258,4,0.13333333333333333
28263,4,0.4
28264,4,0.4
28275,4,0.26666666666666666
28277,4,0.06666666666666667
28284,4,0.0
28287,4,0.13333333333333333
28288,4,0.0
28292,4,0.0
28293,4,0.13333333333333333
28298,4,0.3333333333333333
28303,4,0.7333333333333333
28309,4,0.4
28313,4,0.2
28319,4,0.4
28322,4,0.13333333333333333
28328,4,0.0
28330,4,0.4666666666666667
28335,4,0.06666666666666667
28338,4,0.3333333333333333
28342,4,0.13333333333333333
28349,4,0.0
28354,4,0.06666666666666667
28362,4,0.0
28375,4,0.13333333333333333
28376,4,0.4
28380,4,0.06666666666666667
28401,4,0.13333333333333333
28413,4,0.13333333333333333
28417,4,0.26666666666666666
28425,4,0.06666666666666667
28446,4,0.2
28449,4,0.13333333333333333
28458,4,0.13333333333333333
28465,4,0.06666666666666667
28469,4,0.06666666666666667
28474,4,0.06666666666666667
28476,4,0.26666666666666666
28482,4,0.26666666666666666
28490,4,0.26666666666666666
28506,4,0.26666666666666666
28514,4,0.06666666666666667
28518,4,0.3333333333333333
28533,4,0.26666666666666666
28535,4,0.0
28558,4,0.06666666666666667
28559,4,0.13333333333333333
28564,4,0.5333333333333333
28568,4,0.2
28569,4,0.26666666666666666
28573,4,0.6666666666666666
28583,4,0.4666666666666667
28597,4,0.3333333333333333
28622,4,0.6
28633,4,0.2
28649,4,0.26666666666666666
28653,4,0.2
28657,4,0.2
28663,4,0.13333333333333333
28664,4,0.3333333333333333
28675,4,0.13333333333333333
28687,4,0.06666666666666667
28716,4,0.06666666666666667
28717,4,0.4
28718,4,0.06666666666666667
28719,4,0.2
28721,4,0.0
28724,4,0.6
28731,4,0.0
28739,4,0.2
28747,4,0.3333333333333333
28748,4,0.5333333333333333
28749,4,0.2
28759,4,0.13333333333333333
28764,4,0.2
28765,4,0.13333333333333333
28767,4,0.06666666666666667
28776,4,0.13333333333333333
28787,4,0.26666666666666666
28790,4,0.5333333333333333
28791,4,0.26666666666666666
28800,4,0.3333333333333333
28809,4,0.06666666666666667
28811,4,0.0
28821,4,0.13333333333333333
28822,4,0.3333333333333333
28831,4,0.06666666666666667
28833,4,0.13333333333333333
28842,4,0.2
28864,4,0.06666666666666667
28873,4,0.3333333333333333
28882,4,0.06666666666666667
28884,4,0.13333333333333333
28890,4,0.06666666666666667
28904,4,0.26666666666666666
28916,4,0.06666666666666667
28922,4,0.3333333333333333
28926,4,0.2
28934,4,0.0
28935,4,0.06666666666666667
28940,4,0.0
28943,4,0.0
28948,4,0.06666666666666667
28961,4,0.06666666666666667
28967,4,0.13333333333333333
28973,4,0.0
28974,4,0.06666666666666667
28986,4,0.06666666666666667
29023,4,0.3333333333333333
29025,4,0.13333333333333333
29030,4,0.13333333333333333
29064,4,0.0
29068,4,0.26666666666666666
29082,4,0.06666666666666667
29096,4,0.0
29097,4,0.13333333333333333
29100,4,0.06666666666666667
29105,4,0.06666666666666667
29106,4,0.4666666666666667
29107,4,0.2
29111,4,0.0
29123,4,0.06666666666666667
29136,4,0.6
29138,4,0.0
29147,4,0.2
29159,4,0.06666666666666667
29162,4,0.13333333333333333
29166,4,0.7333333333333333
29172,4,0.2
29173,4,0.13333333333333333
29184,4,0.13333333333333333
29187,4,0.13333333333333333
29189,4,0.2
29199,4,0.13333333333333333
29201,4,0.0
29207,4,0.4
29208,4,0.13333333333333333
29211,4,0.06666666666666667
29214,4,0.0
29223,4,0.06666666666666667
29225,4,0.4666666666666667
29232,4,0.0
29237,4,0.06666666666666667
29239,4,0.0
29240,4,0.06666666666666667
29246,4,0.2
29249,4,0.13333333333333333
29261,4,0.0
29263,4,0.4
29268,4,0.0
29274,4,0.26666666666666666
29285,4,0.06666666666666667
29289,4,0.13333333333333333
29300,4,0.0
29303,4,0.13333333333333333
29305,4,0.0
29307,4,0.06666666666666667
29310,4,0.0
29337,4,0.06666666666666667
29340,4,0.0
29355,4,0.06666666666666667
29362,4,0.13333333333333333
29370,4,0.06666666666666667
29376,4,0.06666666666666667
29388,4,0.06666666666666667
29407,4,0.5333333333333333
29413,4,0.13333333333333333
29419,4,0.13333333333333333
29422,4,0.06666666666666667
29423,4,0.06666666666666667
29440,4,0.3333333333333333
29445,4,0.06666666666666667
29451,4,0.2
29455,4,0.06666666666666667
29457,4,0.06666666666666667
29463,4,0.0
29467,4,0.06666666666666667
29471,4,0.13333333333333333
29478,4,0.06666666666666667
29483,4,0.2
29486,4,0.2
29487,4,0.13333333333333333
29489,4,0.06666666666666667
29491,4,0.0
29496,4,0.0
29528,4,0.06666666666666667
29537,4,0.06666666666666667
29539,4,0.13333333333333333
29540,4,0.13333333333333333
29542,4,0.0
29543,4,0.4666666666666667
29549,4,0.06666666666666667
29566,4,0.3333333333333333
29568,4,0.13333333333333333
29574,4,0.0
29580,4,0.06666666666666667
29583,4,0.2
29597,4,0.13333333333333333
29600,4,0.13333333333333333
29602,4,0.26666666666666666
29608,4,0.06666666666666667
29610,4,0.06666666666666667
29626,4,0.4
29634,4,0.06666666666666667
29637,4,0.0
29639,4,0.06666666666666667
29653,4,0.2
29659,4,0.26666666666666666
29663,4,0.0
29672,4,0.26666666666666666
29675,4,0.06666666666666667
29676,4,0.3333333333333333
29679,4,0.06666666666666667
29680,4,0.06666666666666667
29696,4,0.0
29697,4,0.13333333333333333
29698,4,0.0
29701,4,0.26666666666666666
29707,4,0.06666666666666667
29709,4,0.0
29716,4,0.13333333333333333
29722,4,0.06666666666666667
29723,4,0.06666666666666667
29733,4,0.13333333333333333
29745,4,0.06666666666666667
29755,4,0.4
29758,4,0.0
29764,4,0.0
29770,4,0.0
29772,4,0.2
29785,4,0.2
29793,4,0.26666666666666666
29796,4,0.13333333333333333
29802,4,0.06666666666666667
29803,4,0.5333333333333333
29808,4,0.13333333333333333
29810,4,0.2
29825,4,0.13333333333333333
29826,4,0.13333333333333333
29829,4,0.4666666666666667
29833,4,0.5333333333333333
29855,4,0.13333333333333333
29874,4,0.06666666666666667
29875,4,0.06666666666666667
29889,4,0.06666666666666667
29892,4,0.13333333333333333
29897,4,0.06666666666666667
29900,4,0.13333333333333333
29902,4,0.06666666666666667
29909,4,0.0
29918,4,0.2
29932,4,0.2
29940,4,0.06666666666666667
29943,4,0.26666666666666666
29944,4,0.06666666666666667
29959,4,0.13333333333333333
29964,4,0.06666666666666667
29973,4,0.4666666666666667
29975,4,0.26666666666666666
29979,4,0.3333333333333333
29983,4,0.26666666666666666
29988,4,0.3333333333333333
29995,4,0.6
30002,4,0.2
30025,4,0.4
30035,4,0.2
30038,4,0.13333333333333333
30044,4,0.6
30046,4,0.4
30051,4,0.4666666666666667
30059,4,0.2
30065,4,0.2
30068,4,0.26666666666666666
30072,4,0.26666666666666666
30080,4,0.3333333333333333
30081,4,0.0
30091,4,0.2
30104,4,0.4
30106,4,0.0
30111,4,0.4666666666666667
30114,4,0.6
30117,4,0.3333333333333333
30121,4,0.26666666666666666
30127,4,0.4666666666666667
30137,4,0.3333333333333333
30144,4,0.4
30147,4,0.4666666666666667
30151,4,0.2
30154,4,0.4666666666666667
30158,4,0.26666666666666666
30171,4,0.4
30174,4,0.4
30179,4,0.13333333333333333
30191,4,0.2
30203,4,0.2
30221,4,0.3333333333333333
30223,4,0.4
30231,4,0.3333333333333333
30235,4,0.4666666666666667
30237,4,0.2
30241,4,0.4666666666666667
30243,4,0.6
30252,4,0.2
30253,4,0.13333333333333333
30255,4,0.2
30260,4,0.4
30264,4,0.2
30266,4,0.2
30271,4,0.4666666666666667
30277,4,0.3333333333333333
30286,4,0.26666666666666666
30293,4,0.13333333333333333
30294,4,0.4
30300,4,0.6666666666666666
30301,4,0.3333333333333333
30316,4,0.06666666666666667
30318,4,0.5333333333333333
30339,4,0.3333333333333333
30351,4,0.5333333333333333
30363,4,0.26666666666666666
30369,4,0.13333333333333333
30383,4,0.4
30391,4,0.13333333333333333
30396,4,0.3333333333333333
30407,4,0.26666666666666666
30408,4,0.6
30410,4,0.2
30419,4,0.6
30425,4,0.3333333333333333
30430,4,0.5333333333333333
30431,4,0.0
30437,4,0.13333333333333333
30439,4,0.0
30445,4,0.0
30451,4,0.06666666666666667
30457,4,0.2
30460,4,0.26666666666666666
30462,4,0.5333333333333333
30466,4,0.13333333333333333
30472,4,0.4
30473,4,0.3333333333333333
30474,4,0.13333333333333333
30481,4,0.0
30482,4,0.13333333333333333
30484,4,0.2
30488,4,0.13333333333333333
30498,4,0.13333333333333333
30500,4,0.06666666666666667
30502,4,0.2
30503,4,0.06666666666666667
30504,4,0.0
30505,4,0.06666666666666667
30511,4,0.06666666666666667
30516,4,0.06666666666666667
30526,4,0.13333333333333333
30528,4,0.13333333333333333
30541,4,0.13333333333333333
30548,4,0.0
30549,4,0.2
30556,4,0.06666666666666667
30562,4,0.26666666666666666
30584,4,0.13333333333333333
30590,4,0.13333333333333333
30596,4,0.26666666666666666
30603,4,0.06666666666666667
30604,4,0.0
30618,4,0.13333333333333333
30624,4,0.0
30632,4,0.06666666666666667
30639,4,0.06666666666666667
30651,4,0.13333333333333333
30654,4,0.06666666666666667
30657,4,0.13333333333333333
30662,4,0.0
30681,4,0.06666666666666667
30682,4,0.06666666666666667
30685,4,0.06666666666666667
30687,4,0.06666666666666667
30688,4,0.13333333333333333
30695,4,0.06666666666666667
30699,4,0.06666666666666667
30702,4,0.06666666666666667
30712,4,0.06666666666666667
30718,4,0.2
30724,4,0.0
30726,4,0.06666666666666667
30731,4,0.06666666666666667
30738,4,0.13333333333333333
30744,4,0.13333333333333333
30750,4,0.06666666666666667
30760,4,0.2
30761,4,0.06666666666666667
30762,4,0.13333333333333333
30777,4,0.06666666666666667
30802,4,0.13333333333333333
30814,4,0.06666666666666667
30830,4,0.13333333333333333
30834,4,0.2
30836,4,0.06666666666666667
30837,4,0.06666666666666667
30845,4,0.0
30850,4,0.06666666666666667
30851,4,0.0
30863,4,0.0
30865,4,0.0
30870,4,0.0
30871,4,0.06666666666666667
30877,4,0.13333333333333333
30885,4,0.06666666666666667
30899,4,0.13333333333333333
30900,4,0.0
30902,4,0.06666666666666667
30908,4,0.06666666666666667
30927,4,0.0
30941,4,0.06666666666666667
30956,4,0.3333333333333333
30962,4,0.0
30965,4,0.2
30967,4,0.2
30971,4,0.06666666666666667
30983,4,0.2
30986,4,0.06666666666666667
30991,4,0.0
31007,4,0.06666666666666667
31011,4,0.0
31013,4,0.0
31016,4,0.06666666666666667
31025,4,0.0
31028,4,0.06666666666666667
31043,4,0.13333333333333333
31045,4,0.13333333333333333
31046,4,0.06666666666666667
31057,4,0.0
31059,4,0.06666666666666667
31060,4,0.13333333333333333
31077,4,0.0
31092,4,0.13333333333333333
31099,4,0.13333333333333333
31106,4,0.06666666666666667
31108,4,0.13333333333333333
31111,4,0.0
31115,4,0.0
31125,4,0.0
31143,4,0.06666666666666667
31149,4,0.26666666666666666
31154,4,0.13333333333333333
31169,4,0.06666666666666667
31178,4,0.13333333333333333
31186,4,0.0
31192,4,0.06666666666666667
31202,4,0.2
31209,4,0.06666666666666667
31211,4,0.0
31222,4,0.0
31224,4,0.0
31231,4,0.06666666666666667
31270,4,0.13333333333333333
31273,4,0.2
31297,4,0.0
31300,4,0.13333333333333333
31301,4,0.0
31304,4,0.06666666666666667
31305,4,0.2
31328,4,0.13333333333333333
31358,4,0.26666666666666666
31368,4,0.0
31382,4,0.0
31389,4,0.2
31404,4,0.0
31410,4,0.06666666666666667
31411,4,0.06666666666666667
31413,4,0.0
31414,4,0.0
31418,4,0.06666666666666667
31421,4,0.13333333333333333
31424,4,0.13333333333333333
31431,4,0.06666666666666667
31436,4,0.13333333333333333
31438,4,0.0
31444,4,0.2
31445,4,0.13333333333333333
31448,4,0.06666666666666667
31465,4,0.0
31466,4,0.06666666666666667
31468,4,0.06666666666666667
31492,4,0.26666666666666666
31503,4,0.13333333333333333
31504,4,0.06666666666666667
31506,4,0.0
31513,4,0.13333333333333333
31514,4,0.0
31518,4,0.06666666666666667
31519,4,0.06666666666666667
31526,4,0.06666666666666667
31533,4,0.0
31540,4,0.0
31541,4,0.0
31546,4,0.13333333333333333
31551,4,0.0
31569,4,0.0
31571,4,0.06666666666666667
31581,4,0.0
31593,4,0.0
31597,4,0.2
31614,4,0.06666666666666667
31617,4,0.06666666666666667
31620,4,0.13333333333333333
31621,4,0.0
31624,4,0.06666666666666667
31631,4,0.2
31637,4,0.0
31640,4,0.13333333333333333
31642,4,0.06666666666666667
31643,4,0.06666666666666667
31645,4,0.13333333333333333
31655,4,0.0
31662,4,0.0
31663,4,0.13333333333333333
31665,4,0.26666666666666666
31673,4,0.06666666666666667
31674,4,0.06666666666666667
31676,4,0.13333333333333333
31677,4,0.26666666666666666
31678,4,0.06666666666666667
31679,4,0.0
31704,4,0.06666666666666667
31706,4,0.0
31713,4,0.0
31718,4,0.06666666666666667
31720,4,0.06666666666666667
31722,4,0.0
31729,4,0.0
31732,4,0.13333333333333333
31733,4,0.06666666666666667
31736,4,0.13333333333333333
31742,4,0.13333333333333333
31746,4,0.0
31756,4,0.06666666666666667
31758,4,0.13333333333333333
31774,4,0.06666666666666667
31776,4,0.06666666666666667
31780,4,0.0
31786,4,0.06666666666666667
31803,4,0.0
31809,4,0.13333333333333333
31811,4,0.13333333333333333
31832,4,0.0
31836,4,0.13333333333333333
31849,4,0.26666666666666666
31851,4,0.13333333333333333
31853,4,0.06666666666666667
31860,4,0.0
31864,4,0.0
31873,4,0.0
31874,4,0.2
31884,4,0.06666666666666667
31887,4,0.06666666666666667
31892,4,0.06666666666666667
31895,4,0.06666666666666667
31896,4,0.06666666666666667
31899,4,0.2
31900,4,0.13333333333333333
31915,4,0.06666666666666667
31917,4,0.0
31918,4,0.06666666666666667
31938,4,0.0
31943,4,0.0
31946,4,0.06666666666666667
31948,4,0.06666666666666667
31949,4,0.0
31957,4,0.26666666666666666
31968,4,0.13333333333333333
31970,4,0.2
31972,4,0.06666666666666667
31974,4,0.0
31987,4,0.2
31989,4,0.06666666666666667
31993,4,0.0
31996,4,0.06666666666666667
31997,4,0.0
31998,4,0.13333333333333333
32011,4,0.0
32015,4,0.06666666666666667
32029,4,0.06666666666666667
32037,4,0.06666666666666667
32050,4,0.0
32053,4,0.06666666666666667
32056,4,0.13333333333333333
32061,4,0.06666666666666667
32064,4,0.13333333333333333
32097,4,0.13333333333333333
32109,4,0.13333333333333333
32113,4,0.06666666666666667
32120,4,0.0
32123,4,0.0
32124,4,0.06666666666666667
32140,4,0.2
32147,4,0.0
32153,4,0.0
32154,4,0.13333333333333333
32161,4,0.13333333333333333
32184,4,0.2
32193,4,0.13333333333333333
32207,4,0.26666666666666666
32216,4,0.26666666666666666
32218,4,0.2
32220,4,0.26666666666666666
32224,4,0.2
32236,4,0.06666666666666667
32243,4,0.06666666666666667
32257,4,0.06666666666666667
32258,4,0.06666666666666667
32264,4,0.0
32271,4,0.06666666666666667
32278,4,0.4
32292,4,0.26666666666666666
32295,4,0.06666666666666667
32313,4,0.06666666666666667
32318,4,0.0
32321,4,0.0
32323,4,0.0
32326,4,0.0
32327,4,0.2
32330,4,0.13333333333333333
32339,4,0.0
32364,4,0.0
32369,4,0.0
32371,4,0.13333333333333333
32372,4,0.06666666666666667
32373,4,0.06666666666666667
32379,4,0.0
32381,4,0.0
32385,4,0.0
32406,4,0.0
32408,4,0.13333333333333333
32409,4,0.06666666666666667
32411,4,0.2
32412,4,0.13333333333333333
32441,4,0.06666666666666667
32442,4,0.0
32443,4,0.13333333333333333
32451,4,0.0
32459,4,0.13333333333333333
32461,4,0.0
32474,4,0.2
32478,4,0.13333333333333333
32482,4,0.13333333333333333
32486,4,0.2
32499,4,0.06666666666666667
32501,4,0.0
32509,4,0.06666666666666667
32513,4,0.06666666666666667
32514,4,0.06666666666666667
32515,4,0.26666666666666666
32517,4,0.13333333333333333
32520,4,0.13333333333333333
32521,4,0.13333333333333333
32523,4,0.2
32527,4,0.2
32531,4,0.06666666666666667
32545,4,0.13333333333333333
32547,4,0.13333333333333333
32549,4,0.0
32550,4,0.13333333333333333
32561,4,0.0
32562,4,0.0
32566,4,0.06666666666666667
32567,4,0.3333333333333333
32575,4,0.0
32578,4,0.06666666666666667
32583,4,0.06666666666666667
32585,4,0.13333333333333333
32587,4,0.06666666666666667
32590,4,0.0
32600,4,0.06666666666666667
32616,4,0.13333333333333333
32618,4,0.06666666666666667
32626,4,0.0
32628,4,0.0
32629,4,0.06666666666666667
32635,4,0.06666666666666667
32640,4,0.3333333333333333
32649,4,0.2
32650,4,0.13333333333333333
32659,4,0.06666666666666667
32663,4,0.0
32680,4,0.06666666666666667
32681,4,0.3333333333333333
32682,4,0.06666666666666667
32689,4,0.0
32715,4,0.13333333333333333
32723,4,0.06666666666666667
32729,4,0.06666666666666667
32742,4,0.06666666666666667
32747,4,0.13333333333333333
32750,4,0.06666666666666667
32754,4,0.4
32758,4,0.06666666666666667
32761,4,0.06666666666666667
32763,4,0.2
32765,4,0.13333333333333333
32769,4,0.2
32772,4,0.2
32774,4,0.2
32776,4,0.13333333333333333
32790,4,0.06666666666666667
32795,4,0.06666666666666667
32801,4,0.2
32820,4,0.0
32828,4,0.06666666666666667
32832,4,0.06666666666666667
32854,4,0.0
32861,4,0.06666666666666667
32866,4,0.13333333333333333
32871,4,0.13333333333333333
32877,4,0.0
32878,4,0.06666666666666667
32881,4,0.0
32888,4,0.06666666666666667
32890,4,0.3333333333333333
32892,4,0.06666666666666667
32902,4,0.0
32906,4,0.06666666666666667
32909,4,0.26666666666666666
32910,4,0.06666666666666667
32916,4,0.06666666666666667
32917,4,0.0
32929,4,0.0
32931,4,0.0
32934,4,0.13333333333333333
32940,4,0.13333333333333333
32941,4,0.2
32942,4,0.2
32943,4,0.06666666666666667
32947,4,0.13333333333333333
32948,4,0.2
32952,4,0.06666666666666667
32954,4,0.06666666666666667
32960,4,0.2
32961,4,0.0
32966,4,0.13333333333333333
32978,4,0.06666666666666667
32986,4,0.06666666666666667
32988,4,0.06666666666666667
32995,4,0.06666666666666667
33013,4,0.13333333333333333
33020,4,0.06666666666666667
33023,4,0.2
33030,4,0.26666666666666666
33043,4,0.13333333333333333
33053,4,0.13333333333333333
33057,4,0.06666666666666667
33059,4,0.2
33062,4,0.0
33064,4,0.13333333333333333
33067,4,0.0
33085,4,0.2
33095,4,0.13333333333333333
33104,4,0.0
33106,4,0.06666666666666667
33119,4,0.0
33120,4,0.0
33121,4,0.06666666666666667
33125,4,0.0
33128,4,0.06666666666666667
33129,4,0.06666666666666667
33130,4,0.06666666666666667
33136,4,0.06666666666666667
33137,4,0.0
33139,4,0.06666666666666667
33142,4,0.06666666666666667
33145,4,0.0
33146,4,0.13333333333333333
33149,4,0.06666666666666667
33151,4,0.0
33165,4,0.0
33167,4,0.13333333333333333
33171,4,0.13333333333333333
33174,4,0.0
33178,4,0.0
33179,4,0.06666666666666667
33182,4,0.13333333333333333
33191,4,0.13333333333333333
33195,4,0.13333333333333333
33196,4,0.13333333333333333
33198,4,0.13333333333333333
33203,4,0.0
33211,4,0.2
33218,4,0.0
33220,4,0.06666666666666667
33225,4,0.06666666666666667
33227,4,0.06666666666666667
33232,4,0.0
33233,4,0.13333333333333333
33235,4,0.06666666666666667
33244,4,0.06666666666666667
33247,4,0.2
33248,4,0.26666666666666666
33250,4,0.2
33256,4,0.26666666666666666
33272,4,0.0
33273,4,0.2
33275,4,0.0
33279,4,0.0
33291,4,0.06666666666666667
33293,4,0.0
33298,4,0.13333333333333333
33304,4,0.13333333333333333
33316,4,0.06666666666666667
33332,4,0.26666666666666666
33334,4,0.13333333333333333
33339,4,0.0
33342,4,0.0
33344,4,0.06666666666666667
33346,4,0.0
33349,4,0.0
33353,4,0.06666666666666667
33374,4,0.2
33378,4,0.0
33379,4,0.13333333333333333
33386,4,0.3333333333333333
33398,4,0.13333333333333333
33405,4,0.13333333333333333
33422,4,0.0
33428,4,0.06666666666666667
33436,4,0.06666666666666667
33439,4,0.13333333333333333
33446,4,0.06666666666666667
33461,4,0.13333333333333333
33464,4,0.0
33466,4,0.13333333333333333
33478,4,0.0
33480,4,0.06666666666666667
33490,4,0.0
33492,4,0.0
33494,4,0.06666666666666667
33502,4,0.0
33508,4,0.0
33518,4,0.13333333333333333
33533,4,0.06666666666666667
33539,4,0.2
33546,4,0.0
33547,4,0.06666666666666667
33551,4,0.06666666666666667
33552,4,0.06666666666666667
33553,4,0.0
33556,4,0.06666666666666667
33559,4,0.0
33562,4,0.0
33565,4,0.2
33569,4,0.13333333333333333
33571,4,0.06666666666666667
33590,4,0.06666666666666667
33591,4,0.2
33594,4,0.0
33597,4,0.0
33598,4,0.0
33601,4,0.0
33607,4,0.06666666666666667
33608,4,0.3333333333333333
33622,4,0.06666666666666667
33635,4,0.06666666666666667
33639,4,0.13333333333333333
33645,4,0.06666666666666667
33648,4,0.06666666666666667
33654,4,0.0
33657,4,0.13333333333333333
33660,4,0.06666666666666667
33666,4,0.0
33667,4,0.06666666666666667
33669,4,0.0
33673,4,0.0
33678,4,0.13333333333333333
33681,4,0.06666666666666667
33690,4,0.13333333333333333
33697,4,0.06666666666666667
33704,4,0.06666666666666667
33714,4,0.06666666666666667
33716,4,0.0
33722,4,0.06666666666666667
33726,4,0.06666666666666667
33727,4,0.06666666666666667
33731,4,0.2
33732,4,0.06666666666666667
33733,4,0.13333333333333333
33735,4,0.0
33737,4,0.06666666666666667
33752,4,0.06666666666666667
33753,4,0.0
33755,4,0.0
33770,4,0.0
33776,4,0.0
33778,4,0.13333333333333333
33785,4,0.0
33793,4,0.0
33797,4,0.13333333333333333
33798,4,0.13333333333333333
33800,4,0.06666666666666667
33806,4,0.0
33811,4,0.0
33820,4,0.26666666666666666
33823,4,0.26666666666666666
33825,4,0.3333333333333333
33827,4,0.13333333333333333
33829,4,0.3333333333333333
33842,4,0.0
33853,4,0.06666666666666667
33856,4,0.0
33868,4,0.06666666666666667
33870,4,0.0
33892,4,0.13333333333333333
33902,4,0.06666666666666667
33927,4,0.06666666666666667
33929,4,0.06666666666666667
33932,4,0.2
33935,4,0.2
33939,4,0.13333333333333333
33948,4,0.0
33949,4,0.0
33963,4,0.06666666666666667
33964,4,0.0
33966,4,0.0
33967,4,0.06666666666666667
33971,4,0.26666666666666666
33974,4,0.0
33989,4,0.26666666666666666
33990,4,0.26666666666666666
33996,4,0.0
33997,4,0.13333333333333333
34006,4,0.0
34011,4,0.06666666666666667
34014,4,0.06666666666666667
34015,4,0.2
34020,4,0.13333333333333333
34039,4,0.2
34042,4,0.06666666666666667
34046,4,0.13333333333333333
34054,4,0.06666666666666667
34055,4,0.13333333333333333
34062,4,0.0
34068,4,0.0
34069,4,0.06666666666666667
34072,4,0.0
34103,4,0.06666666666666667
34106,4,0.13333333333333333
34117,4,0.0
34125,4,0.06666666666666667
34127,4,0.13333333333333333
34132,4,0.13333333333333333
34134,4,0.0
34135,4,0.06666666666666667
34150,4,0.26666666666666666
34160,4,0.0
34172,4,0.13333333333333333
34183,4,0.06666666666666667
34192,4,0.06666666666666667
34193,4,0.2
34200,4,0.13333333333333333
34211,4,0.0
34221,4,0.06666666666666667
34227,4,0.26666666666666666
34228,4,0.13333333333333333
34230,4,0.06666666666666667
34232,4,0.0
34238,4,0.0
34241,4,0.13333333333333333
34244,4,0.0
34256,4,0.26666666666666666
34257,4,0.06666666666666667
34260,4,0.2
34267,4,0.2
34279,4,0.13333333333333333
34287,4,0.06666666666666667
34289,4,0.06666666666666667
34299,4,0.0
34311,4,0.3333333333333333
34316,4,0.0
34318,4,0.13333333333333333
34335,4,0.13333333333333333
34336,4,0.06666666666666667
34351,4,0.06666666666666667
34355,4,0.06666666666666667
34361,4,0.0
34369,4,0.13333333333333333
34373,4,0.06666666666666667
34374,4,0.13333333333333333
34380,4,0.06666666666666667
34388,4,0.06666666666666667
34395,4,0.06666666666666667
34402,4,0.0
34403,4,0.06666666666666667
34410,4,0.06666666666666667
34423,4,0.0
34427,4,0.3333333333333333
34437,4,0.13333333333333333
34439,4,0.13333333333333333
34440,4,0.0
34445,4,0.0
34448,4,0.0
34459,4,0.06666666666666667
34460,4,0.0
34464,4,0.06666666666666667
34467,4,0.0
34472,4,0.2
34475,4,0.06666666666666667
34478,4,0.06666666666666667
34481,4,0.0
34482,4,0.06666666666666667
34491,4,0.0
34504,4,0.06666666666666667
34515,4,0.06666666666666667
34528,4,0.13333333333333333
34535,4,0.0
34536,4,0.0
34545,4,0.06666666666666667
34548,4,0.0
34552,4,0.0
34554,4,0.06666666666666667
34565,4,0.13333333333333333
34569,4,0.0
34578,4,0.06666666666666667
34580,4,0.0
34584,4,0.0
34587,4,0.13333333333333333
34588,4,0.6
34590,4,0.0
34601,4,0.06666666666666667
34603,4,0.0
34610,4,0.2
34623,4,0.06666666666666667
34630,4,0.13333333333333333
34639,4,0.06666666666666667
34651,4,0.06666666666666667
34654,4,0.13333333333333333
34683,4,0.0
34686,4,0.06666666666666667
34697,4,0.0
34698,4,0.13333333333333333
34699,4,0.13333333333333333
34700,4,0.06666666666666667
34703,4,0.06666666666666667
34714,4,0.06666666666666667
34724,4,0.0
34725,4,0.13333333333333333
34728,4,0.06666666666666667
34741,4,0.0
34749,4,0.06666666666666667
34771,4,0.0
34776,4,0.0
34789,4,0.06666666666666667
34790,4,0.0
34803,4,0.13333333333333333
34814,4,0.06666666666666667
34826,4,0.06666666666666667
34833,4,0.06666666666666667
34839,4,0.13333333333333333
34848,4,0.06666666666666667
34851,4,0.13333333333333333
34854,4,0.13333333333333333
34881,4,0.0
34882,4,0.13333333333333333
34888,4,0.13333333333333333
34895,4,0.13333333333333333
34898,4,0.0
34899,4,0.26666666666666666
34906,4,0.13333333333333333
34916,4,0.13333333333333333
34927,4,0.2
34929,4,0.2
34933,4,0.13333333333333333
34941,4,0.06666666666666667
34947,4,0.13333333333333333
34963,4,0.13333333333333333
34966,4,0.2
34985,4,0.06666666666666667
34986,4,0.06666666666666667
34990,4,0.06666666666666667
35005,4,0.06666666666666667
35010,4,0.2
35016,4,0.06666666666666667
35024,4,0.0
35027,4,0.06666666666666667
35031,4,0.13333333333333333
35032,4,0.13333333333333333
35059,4,0.0
35062,4,0.13333333333333333
35075,4,0.0
35078,4,0.13333333333333333
35085,4,0.06666666666666667
35090,4,0.06666666666666667
35099,4,0.0
35101,4,0.2
35117,4,0.06666666666666667
35120,4,0.26666666666666666
35122,4,0.2
35125,4,0.2
35127,4,0.0
35132,4,0.13333333333333333
35140,4,0.06666666666666667
35141,4,0.13333333333333333
35142,4,0.13333333333333333
35150,4,0.2
35160,4,0.13333333333333333
35168,4,0.13333333333333333
35172,4,0.2
35174,4,0.13333333333333333
35176,4,0.06666666666666667
35180,4,0.0
35194,4,0.0
35201,4,0.13333333333333333
35213,4,0.13333333333333333
35214,4,0.13333333333333333
35216,4,0.06666666666666667
35226,4,0.06666666666666667
35230,4,0.0
35238,4,0.2
35244,4,0.06666666666666667
35245,4,0.06666666666666667
35255,4,0.13333333333333333
35257,4,0.0
35258,4,0.06666666666666667
35264,4,0.0
35265,4,0.06666666666666667
35266,4,0.06666666666666667
35287,4,0.0
35294,4,0.06666666666666667
35307,4,0.13333333333333333
35313,4,0.06666666666666667
35319,4,0.0
35332,4,0.06666666666666667
35340,4,0.13333333333333333
35353,4,0.2
35357,4,0.2
35362,4,0.13333333333333333
35363,4,0.13333333333333333
35367,4,0.0
35373,4,0.06666666666666667
35376,4,0.06666666666666667
35378,4,0.06666666666666667
35385,4,0.2
35389,4,0.06666666666666667
35390,4,0.0
35397,4,0.2
35399,4,0.13333333333333333
35402,4,0.0
35421,4,0.06666666666666667
35422,4,0.0
35436,4,0.0
35442,4,0.13333333333333333
35445,4,0.0
35469,4,0.0
35476,4,0.06666666666666667
35488,4,0.13333333333333333
35493,4,0.0
35495,4,0.4
35498,4,0.13333333333333333
35500,4,0.0
35507,4,0.2
35509,4,0.2
35534,4,0.26666666666666666
35535,4,0.13333333333333333
35551,4,0.13333333333333333
35554,4,0.13333333333333333
35558,4,0.06666666666666667
35563,4,0.0
35571,4,0.13333333333333333
35573,4,0.06666666666666667
35578,4,0.06666666666666667
35583,4,0.2
35592,4,0.26666666666666666
35594,4,0.13333333333333333
35599,4,0.0
35612,4,0.06666666666666667
35613,4,0.06666666666666667
35616,4,0.0
35617,4,0.06666666666666667
35623,4,0.0
35650,4,0.0
35653,4,0.2
35668,4,0.13333333333333333
35677,4,0.13333333333333333
35679,4,0.2
35691,4,0.06666666666666667
35706,4,0.2
35712,4,0.0
35723,4,0.13333333333333333
35733,4,0.06666666666666667
35757,4,0.13333333333333333
35758,4,0.26666666666666666
35761,4,0.06666666666666667
35783,4,0.06666666666666667
35796,4,0.13333333333333333
35797,4,0.0
35803,4,0.26666666666666666
35810,4,0.2
35836,4,0.0
35853,4,0.06666666666666667
35868,4,0.13333333333333333
35870,4,0.13333333333333333
35881,4,0.2
35899,4,0.0
35904,4,0.06666666666666667
35906,4,0.13333333333333333
35908,4,0.06666666666666667
35909,4,0.06666666666666667
35912,4,0.06666666666666667
35928,4,0.2
35932,4,0.2
35942,4,0.3333333333333333
35959,4,0.06666666666666667
35964,4,0.26666666666666666
35972,4,0.13333333333333333
35973,4,0.6
35974,4,0.13333333333333333
35982,4,0.0
35984,4,0.0
35987,4,0.06666666666666667
36011,4,0.0
36020,4,0.2
36028,4,0.3333333333333333
36031,4,0.26666666666666666
36034,4,0.13333333333333333
36036,4,0.13333333333333333
36038,4,0.06666666666666667
36041,4,0.13333333333333333
36042,4,0.0
36045,4,0.13333333333333333
36054,4,0.06666666666666667
36059,4,0.13333333333333333
36091,4,0.0
36113,4,0.13333333333333333
36116,4,0.13333333333333333
36122,4,0.26666666666666666
36126,4,0.06666666666666667
36129,4,0.2
36131,4,0.2
36133,4,0.0
36136,4,0.26666666666666666
36150,4,0.06666666666666667
36151,4,0.26666666666666666
36160,4,0.06666666666666667
36164,4,0.13333333333333333
36180,4,0.06666666666666667
36187,4,0.06666666666666667
36190,4,0.13333333333333333
36200,4,0.06666666666666667
36210,4,0.06666666666666667
36216,4,0.06666666666666667
36220,4,0.26666666666666666
36222,4,0.06666666666666667
36233,4,0.26666666666666666
36242,4,0.26666666666666666
36255,4,0.5333333333333333
36256,4,0.2
36274,4,0.6666666666666666
36276,4,0.5333333333333333
36280,4,0.4
36285,4,0.4666666666666667
36289,4,0.3333333333333333
36291,4,0.4666666666666667
36304,4,0.26666666666666666
36313,4,0.2
36329,4,0.4666666666666667
36332,4,0.13333333333333333
36335,4,0.06666666666666667
36337,4,0.13333333333333333
36346,4,0.13333333333333333
36367,4,0.26666666666666666
36370,4,0.13333333333333333
36373,4,0.26666666666666666
36383,4,0.26666666666666666
36386,4,0.2
36389,4,0.06666666666666667
36401,4,0.8
36402,4,0.06666666666666667
36409,4,0.06666666666666667
36410,4,0.3333333333333333
36415,4,0.26666666666666666
36419,4,0.4
36420,4,0.2
36422,4,0.4666666666666667
36424,4,0.4
36427,4,0.4
36428,4,0.8666666666666667
36431,4,0.3333333333333333
36451,4,0.2
36469,4,0.3333333333333333
36477,4,0.4
36482,4,0.13333333333333333
36487,4,0.26666666666666666
36489,4,0.4
36498,4,0.5333333333333333
36501,4,0.5333333333333333
36504,4,0.13333333333333333
36511,4,0.4
36516,4,0.4
36519,4,0.2
36530,4,0.5333333333333333
36540,4,0.8
36548,4,0.4
36562,4,0.4
36565,4,0.5333333333333333
36579,4,0.26666666666666666
36586,4,0.26666666666666666
36590,4,0.26666666666666666
36591,4,0.5333333333333333
36595,4,0.4666666666666667
36598,4,0.26666666666666666
36601,4,0.5333333333333333
36604,4,0.2
36612,4,0.5333333333333333
36620,4,0.3333333333333333
36622,4,0.2
36636,4,0.26666666666666666
36639,4,0.26666666666666666
36645,4,0.4
36647,4,0.2
36648,4,0.4
36651,4,0.3333333333333333
36654,4,0.4
36663,4,0.4666666666666667
36664,4,0.2
36668,4,0.3333333333333333
36674,4,0.5333333333333333
36679,4,0.2
36681,4,0.6666666666666666
36683,4,0.4666666666666667
36692,4,0.26666666666666666
36693,4,0.06666666666666667
36706,4,0.26666666666666666
36719,4,0.4666666666666667
36725,4,0.3333333333333333
36736,4,0.6666666666666666
36739,4,0.2
36747,4,0.26666666666666666
36753,4,0.6
36758,4,0.26666666666666666
36768,4,0.13333333333333333
36773,4,0.3333333333333333
36783,4,0.4
36784,4,0.4
36786,4,0.4
36799,4,0.26666666666666666
36800,4,0.4
36809,4,0.3333333333333333
36812,4,0.5333333333333333
36818,4,0.13333333333333333
36828,4,0.3333333333333333
36831,4,0.6
36833,4,0.3333333333333333
36836,4,0.3333333333333333
36840,4,0.4
36846,4,0.4666666666666667
36847,4,0.3333333333333333
36852,4,0.2
36856,4,0.13333333333333333
36869,4,0.6666666666666666
36878,4,0.6666666666666666
36888,4,0.2
36914,4,0.6666666666666666
36918,4,0.2
36925,4,0.13333333333333333
36929,4,0.3333333333333333
36939,4,0.3333333333333333
36948,4,0.5333333333333333
36949,4,0.4
36962,4,0.3333333333333333
36977,4,0.6666666666666666
36986,4,0.4666666666666667
36989,4,0.7333333333333333
37025,4,0.5333333333333333
37037,4,0.3333333333333333
37044,4,0.3333333333333333
37045,4,0.4666666666666667
37049,4,0.5333333333333333
37051,4,0.26666666666666666
37053,4,0.4
37057,4,0.3333333333333333
37059,4,0.2
37067,4,0.2
37093,4,0.6
37103,4,0.5333333333333333
37105,4,0.3333333333333333
37107,4,0.26666666666666666
37110,4,0.26666666666666666
37117,4,0.2
37123,4,0.2
37133,4,0.26666666666666666
37140,4,0.6666666666666666
37141,4,0.4666666666666667
37142,4,0.7333333333333333
37147,4,0.4666666666666667
37158,4,0.3333333333333333
37159,4,0.3333333333333333
37163,4,0.4666666666666667
37166,4,0.4
37168,4,0.4666666666666667
37173,4,0.3333333333333333
37180,4,0.2
37182,4,0.4
37187,4,0.4666666666666667
37204,4,0.2
37207,4,0.4666666666666667
37232,4,0.4666666666666667
37239,4,0.4666666666666667
37241,4,0.2
37244,4,0.26666666666666666
37247,4,0.4
37248,4,0.2
37260,4,0.4
37263,4,0.26666666666666666
37264,4,0.7333333333333333
37267,4,0.13333333333333333
37269,4,0.2
37271,4,0.2
37275,4,0.26666666666666666
37276,4,0.5333333333333333
37278,4,0.26666666666666666
37280,4,0.13333333333333333
37306,4,0.2
37316,4,0.26666666666666666
37325,4,0.2
37330,4,0.2
37336,4,0.4
37338,4,0.7333333333333333
37345,4,0.6
37348,4,0.06666666666666667
37349,4,0.26666666666666666
37350,4,0.5333333333333333
37351,4,0.2
37354,4,0.3333333333333333
37362,4,0.3333333333333333
37375,4,0.2
37379,4,0.2
37384,4,0.4
37386,4,0.6666666666666666
37391,4,0.26666666666666666
37397,4,0.4
37398,4,0.2
37403,4,0.13333333333333333
37417,4,0.6
37418,4,0.3333333333333333
37420,4,0.6
37428,4,0.26666666666666666
37429,4,0.4666666666666667
37432,4,0.4666666666666667
37433,4,0.3333333333333333
37436,4,0.13333333333333333
37438,4,0.4666666666666667
37442,4,0.6666666666666666
37443,4,0.26666666666666666
37460,4,0.26666666666666666
37464,4,0.26666666666666666
37468,4,0.6
37469,4,0.2
37474,4,0.26666666666666666
37481,4,0.26666666666666666
37487,4,0.26666666666666666
37500,4,0.2
37506,4,0.26666666666666666
37509,4,0.26666666666666666
37514,4,0.3333333333333333
37520,4,0.3333333333333333
37525,4,0.2
37541,4,0.4
37542,4,0.26666666666666666
37545,4,0.26666666666666666
37551,4,0.7333333333333333
37556,4,0.3333333333333333
37569,4,0.3333333333333333
37573,4,0.4
37575,4,0.4
37582,4,0.4666666666666667
37585,4,0.4
37603,4,0.3333333333333333
37606,4,0.2
37609,4,0.3333333333333333
37611,4,0.26666666666666666
37614,4,0.2
37616,4,0.26666666666666666
37619,4,0.06666666666666667
37632,4,0.06666666666666667
37633,4,0.4
37638,4,0.26666666666666666
37642,4,0.26666666666666666
37644,4,0.26666666666666666
37656,4,0.26666666666666666
37661,4,0.4
37667,4,0.4666666666666667
37676,4,0.3333333333333333
37700,4,0.4
37710,4,0.7333333333333333
37714,4,0.6
37718,4,0.4
37720,4,0.26666666666666666
37722,4,0.3333333333333333
37723,4,0.2
37724,4,0.5333333333333333
37750,4,0.26666666666666666
37754,4,0.26666666666666666
37755,4,0.4
37775,4,0.4
37784,4,0.2
37789,4,0.6
37807,4,0.13333333333333333
37822,4,0.4
37827,4,0.6
37829,4,0.26666666666666666
37847,4,0.3333333333333333
37851,4,0.26666666666666666
37857,4,0.26666666666666666
37869,4,0.26666666666666666
37870,4,0.2
37879,4,0.26666666666666666
37888,4,0.4
37901,4,0.4
37904,4,0.26666666666666666
37911,4,0.3333333333333333
37914,4,0.3333333333333333
37919,4,0.5333333333333333
37920,4,0.26666666666666666
37924,4,0.5333333333333333
37928,4,0.4
37929,4,0.4
37932,4,0.5333333333333333
37933,4,0.7333333333333333
37941,4,0.26666666666666666
37945,4,0.2
37947,4,0.5333333333333333
37956,4,0.6
37959,4,0.26666666666666666
37960,4,0.26666666666666666
37962,4,0.2
37971,4,0.3333333333333333
37979,4,0.0
37985,4,0.2
37993,4,0.26666666666666666
38002,4,0.3333333333333333
38003,4,0.3333333333333333
38009,4,0.4
38013,4,0.3333333333333333
38018,4,0.4
38022,4,0.3333333333333333
38024,4,0.4666666666666667
38030,4,0.26666666666666666
38037,4,0.4
38038,4,0.2
38040,4,0.2
38051,4,0.3333333333333333
38054,4,0.6
38069,4,0.26666666666666666
38073,4,0.3333333333333333
38074,4,0.4
38075,4,0.6
38077,4,0.6
38083,4,0.4
38097,4,0.3333333333333333
38102,4,0.3333333333333333
38110,4,0.4666666666666667
38115,4,0.3333333333333333
38119,4,0.26666666666666666
38121,4,0.4666666666666667
38123,4,0.26666666666666666
38158,4,0.6666666666666666
38159,4,0.4666666666666667
38163,4,0.3333333333333333
38171,4,0.6666666666666666
38173,4,0.7333333333333333
38178,4,0.4
38198,4,0.3333333333333333
38203,4,0.2
38207,4,0.06666666666666667
38211,4,0.4
38212,4,0.7333333333333333
38217,4,0.2
38231,4,0.5333333333333333
38236,4,0.4
38238,4,0.5333333333333333
38246,4,0.3333333333333333
38250,4,0.8666666666666667
38258,4,0.4
38262,4,0.3333333333333333
38274,4,0.6666666666666666
38282,4,0.6666666666666666
38301,4,0.3333333333333333
38302,4,0.6
38312,4,0.7333333333333333
38319,4,0.5333333333333333
38328,4,0.4666666666666667
38331,4,0.26666666666666666
38334,4,0.5333333333333333
38335,4,0.6
38338,4,0.2
38348,4,0.7333333333333333
38349,4,0.6666666666666666
38372,4,0.3333333333333333
38373,4,0.5333333333333333
38376,4,0.4
38381,4,0.4666666666666667
38382,4,0.0
38383,4,0.26666666666666666
38385,4,0.2
38386,4,0.5333333333333333
38391,4,0.3333333333333333
38392,4,0.4
38397,4,0.3333333333333333
38399,4,0.4666666666666667
38403,4,0.3333333333333333
38404,4,0.4666666666666667
38413,4,0.4
38415,4,0.4666666666666667
38416,4,0.26666666666666666
38424,4,0.2
38428,4,0.8666666666666667
38445,4,0.5333333333333333
38449,4,0.5333333333333333
38464,4,0.26666666666666666
38466,4,0.3333333333333333
38470,4,0.5333333333333333
38481,4,0.4
38488,4,0.26666666666666666
38502,4,0.3333333333333333
38503,4,0.13333333333333333
38514,4,0.26666666666666666
38516,4,0.3333333333333333
38518,4,0.4
38543,4,0.3333333333333333
38544,4,0.4
38549,4,0.3333333333333333
38555,4,0.5333333333333333
38559,4,0.26666666666666666
38560,4,0.2
38574,4,0.4
38579,4,0.3333333333333333
38585,4,0.4666666666666667
38588,4,0.5333333333333333
38595,4,0.4666666666666667
38598,4,0.4
38609,4,0.6
38623,4,0.5333333333333333
38632,4,0.26666666666666666
38634,4,0.2
38637,4,0.26666666666666666
38638,4,0.26666666666666666
38647,4,0.13333333333333333
38650,4,0.4
38655,4,0.3333333333333333
38682,4,0.6666666666666666
38684,4,0.4
38688,4,0.4666666666666667
38689,4,0.4666666666666667
38695,4,0.26666666666666666
38702,4,0.26666666666666666
38705,4,0.5333333333333333
38707,4,0.4
38709,4,0.4666666666666667
38710,4,0.6
38720,4,0.6
38726,4,0.5333333333333333
38730,4,0.2
38738,4,0.2
38755,4,0.7333333333333333
38757,4,0.4
38770,4,0.4666666666666667
38775,4,0.6666666666666666
38783,4,0.6
38791,4,0.5333333333333333
38793,4,0.4
38803,4,0.26666666666666666
38812,4,0.6
38815,4,0.4666666666666667
38820,4,0.5333333333333333
38824,4,0.4666666666666667
38825,4,0.6
38832,4,0.5333333333333333
38843,4,0.6666666666666666
38850,4,0.26666666666666666
38854,4,0.26666666666666666
38862,4,0.3333333333333333
38863,4,0.5333333333333333
38876,4,0.4666666666666667
38879,4,0.2
38882,4,0.3333333333333333
38889,4,0.3333333333333333
38900,4,0.4
38908,4,0.26666666666666666
38911,4,0.6
38913,4,0.26666666666666666
38917,4,0.8
38930,4,0.6666666666666666
38931,4,0.6666666666666666
38933,4,0.2
38939,4,0.4666666666666667
38942,4,0.26666666666666666
38950,4,0.13333333333333333
38956,4,0.13333333333333333
38968,4,0.4
38969,4,0.4
38983,4,0.4666666666666667
38988,4,0.4
38997,4,0.4
38999,4,0.4
39012,4,0.4
39014,4,0.6
39019,4,0.4666666666666667
39030,4,0.4666666666666667
39043,4,0.3333333333333333
39048,4,0.6
39058,4,0.8
39060,4,0.4
39062,4,0.13333333333333333
39063,4,0.4
39070,4,0.4666666666666667
39072,4,0.13333333333333333
39084,4,0.6
39090,4,0.3333333333333333
39100,4,0.4
39103,4,0.5333333333333333
39104,4,0.4
39105,4,0.4666666666666667
39106,4,0.6666666666666666
39109,4,0.3333333333333333
39115,4,0.4666666666666667
39133,4,0.4
39155,4,0.4666666666666667
39165,4,0.4666666666666667
39169,4,0.4666666666666667
39172,4,0.2
39173,4,0.5333333333333333
39176,4,0.13333333333333333
39185,4,0.4666666666666667
39187,4,0.8666666666666667
39190,4,0.3333333333333333
39192,4,0.26666666666666666
39195,4,0.4666666666666667
39197,4,0.8
39205,4,0.4
39208,4,0.7333333333333333
39216,4,0.6666666666666666
39223,4,0.6
39231,4,0.8666666666666667
39239,4,0.26666666666666666
39245,4,0.6666666666666666
39258,4,0.8666666666666667
39259,4,0.5333333333333333
39263,4,0.26666666666666666
39265,4,0.4666666666666667
39266,4,0.5333333333333333
39267,4,0.5333333333333333
39268,4,0.7333333333333333
39270,4,0.2
39272,4,1.0
39280,4,0.4
39285,4,0.4666666666666667
39289,4,0.4666666666666667
39291,4,0.8666666666666667
39298,4,0.3333333333333333
39301,4,0.7333333333333333
39304,4,0.4
39317,4,0.8666666666666667
39320,4,0.5333333333333333
39326,4,0.6
39328,4,0.8
39336,4,0.8
39342,4,0.4
39362,4,0.3333333333333333
39363,4,0.4
39372,4,0.4666666666666667
39373,4,0.9333333333333333
39375,4,0.3333333333333333
39379,4,0.6666666666666666
39388,4,0.26666666666666666
39389,4,0.6666666666666666
39393,4,0.3333333333333333
39402,4,0.4666666666666667
39416,4,0.7333333333333333
39417,4,0.9333333333333333
39427,4,0.4666666666666667
39430,4,0.5333333333333333
39441,4,0.5333333333333333
39448,4,0.7333333333333333
39471,4,0.8666666666666667
39474,4,0.5333333333333333
39475,4,0.9333333333333333
39479,4,0.4666666666666667
39486,4,0.6
39498,4,0.8666666666666667
39509,4,0.8
39511,4,0.8666666666666667
39520,4,0.7333333333333333
39527,4,0.4
39529,4,0.6
39530,4,0.3333333333333333
39534,4,0.3333333333333333
39544,4,0.4
39559,4,0.3333333333333333
39576,4,0.8666666666666667
39579,4,0.6666666666666666
39581,4,0.8666666666666667
39583,4,0.13333333333333333
39585,4,0.4666666666666667
39589,4,0.8
39592,4,0.6666666666666666
39597,4,0.3333333333333333
39601,4,0.5333333333333333
39615,4,0.6666666666666666
39616,4,0.9333333333333333
39619,4,0.6
39621,4,0.13333333333333333
39630,4,0.4
39631,4,0.4666666666666667
39637,4,0.8666666666666667
39638,4,0.8666666666666667
39639,4,0.9333333333333333
39642,4,0.4666666666666667
39652,4,1.0
39655,4,0.9333333333333333
39658,4,0.9333333333333333
39659,4,0.7333333333333333
39666,4,0.6666666666666666
39674,4,0.8666666666666667
39679,4,0.5333333333333333
39682,4,0.9333333333333333
39689,4,0.7333333333333333
39690,4,0.7333333333333333
39693,4,0.9333333333333333
39705,4,0.7333333333333333
39709,4,0.7333333333333333
39714,4,0.8
39717,4,0.6666666666666666
39722,4,0.4
39737,4,0.6
39738,4,0.6666666666666666
39746,4,0.4
39749,4,0.3333333333333333
39759,4,0.3333333333333333
39772,4,0.4
39773,4,0.7333333333333333
39784,4,0.3333333333333333
39793,4,0.4666666666666667
39801,4,0.06666666666666667
39816,4,0.06666666666666667
39823,4,0.8666666666666667
39841,4,0.8666666666666667
39847,4,0.6666666666666666
39851,4,0.5333333333333333
39865,4,0.7333333333333333
39866,4,0.8666666666666667
39869,4,0.4
39870,4,0.7333333333333333
39872,4,0.6666666666666666
39880,4,0.6666666666666666
39882,4,0.5333333333333333
39884,4,0.26666666666666666
39901,4,0.7333333333333333
39909,4,0.4
39910,4,0.26666666666666666
39915,4,0.7333333333333333
39919,4,0.8666666666666667
39921,4,0.2
39928,4,0.4666666666666667
39935,4,0.2
39936,4,0.13333333333333333
39939,4,0.8
39947,4,0.6
39965,4,0.6
39966,4,0.4666666666666667
39971,4,0.26666666666666666
39974,4,0.8666666666666667
39981,4,0.8
39987,4,0.0
39989,4,0.3333333333333333
39990,4,0.13333333333333333
39993,4,0.8
39998,4,0.8
40015,4,0.8
40022,4,0.8
40023,4,0.4
40036,4,0.4666666666666667
40038,4,0.8666666666666667
40041,4,0.4
40047,4,0.2
40055,4,0.8666666666666667
40063,4,1.0
40064,4,0.6
40066,4,0.4666666666666667
40077,4,0.2
40080,4,0.3333333333333333
40082,4,0.5333333333333333
40099,4,0.6666666666666666
40103,4,0.8
40105,4,0.8
40113,4,0.8
40119,4,0.9333333333333333
40125,4,0.8666666666666667
40128,4,0.3333333333333333
40138,4,0.6
40140,4,0.5333333333333333
40175,4,0.4
40186,4,0.8
40191,4,0.2
40195,4,0.5333333333333333
40202,4,0.6
40210,4,0.7333333333333333
40213,4,0.2
40217,4,0.3333333333333333
40218,4,0.6666666666666666
40226,4,1.0
40241,4,0.5333333333333333
40251,4,0.5333333333333333
40252,4,0.13333333333333333
40256,4,0.0
40258,4,0.6
40265,4,0.2
40266,4,0.8
40267,4,0.13333333333333333
40270,4,0.8666666666666667
40271,4,0.9333333333333333
40283,4,0.5333333333333333
40295,4,0.4666666666666667
40310,4,0.26666666666666666
40314,4,0.4666666666666667
40316,4,0.4
40332,4,0.8666666666666667
40336,4,0.8666666666666667
40338,4,0.4666666666666667
40345,4,0.6
40350,4,0.2
40351,4,0.7333333333333333
40354,4,0.6
40364,4,0.9333333333333333
40366,4,1.0
40374,4,0.6666666666666666
40375,4,0.9333333333333333
40381,4,0.8666666666666667
40386,4,0.7333333333333333
40387,4,0.8
40395,4,0.6666666666666666
40400,4,0.6666666666666666
40405,4,0.5333333333333333
40406,4,0.6666666666666666
40408,4,0.6
40413,4,0.8666666666666667
40416,4,0.9333333333333333
40417,4,0.8
40424,4,0.4666666666666667
40440,4,0.4
40442,4,0.7333333333333333
40443,4,0.26666666666666666
40445,4,0.4
40447,4,0.9333333333333333
40449,4,0.26666666666666666
40452,4,0.8666666666666667
40457,4,0.6
40463,4,0.7333333333333333
40477,4,0.4
40488,4,0.6
40489,4,0.8666666666666667
40495,4,0.8
40497,4,0.4666666666666667
40504,4,0.8666666666666667
40521,4,0.3333333333333333
40523,4,0.2
40528,4,0.2
40537,4,0.3333333333333333
40543,4,0.4
40549,4,0.3333333333333333
40554,4,0.6
40560,4,0.7333333333333333
40568,4,0.4
40569,4,0.5333333333333333
40570,4,0.5333333333333333
40578,4,0.3333333333333333
40585,4,0.6
40586,4,0.9333333333333333
40605,4,0.8
40612,4,0.4666666666666667
40613,4,0.8666666666666667
40614,4,0.2
40620,4,0.26666666666666666
40623,4,0.26666666666666666
40624,4,0.5333333333333333
40627,4,0.6666666666666666
40629,4,0.13333333333333333
40650,4,0.6
40655,4,0.2
40656,4,0.8666666666666667
40666,4,0.2
40690,4,0.8666666666666667
40694,4,0.2
40700,4,0.3333333333333333
40702,4,0.8
40709,4,0.6
40732,4,0.7333333333333333
40736,4,0.6666666666666666
40745,4,0.8
40750,4,0.26666666666666666
40754,4,0.4
40758,4,0.8
40765,4,0.4666666666666667
40770,4,0.3333333333333333
40775,4,0.2
40776,4,0.2
40777,4,0.13333333333333333
40788,4,0.13333333333333333
40793,4,0.6666666666666666
40794,4,0.8666666666666667
40798,4,0.4666666666666667
40800,4,0.26666666666666666
40807,4,0.26666666666666666
40814,4,0.4666666666666667
40818,4,0.2
40821,4,0.4666666666666667
40822,4,0.8666666666666667
40827,4,0.06666666666666667
40828,4,0.8
40829,4,0.3333333333333333
40840,4,0.3333333333333333
40845,4,0.8
40852,4,0.4666666666666667
40855,4,0.8666666666666667
40856,4,0.3333333333333333
40865,4,0.5333333333333333
40868,4,0.6666666666666666
40879,4,0.4
40881,4,0.26666666666666666
40884,4,0.7333333333333333
40895,4,0.7333333333333333
40905,4,0.3333333333333333
40915,4,0.4666666666666667
40925,4,0.2
40930,4,0.4666666666666667
40944,4,0.26666666666666666
40947,4,0.4
40951,4,0.6666666666666666
40952,4,0.4
40973,4,0.4
40986,4,0.6666666666666666
40993,4,0.7333333333333333
40994,4,0.6666666666666666
40995,4,0.2
41003,4,0.6
41006,4,0.8
41017,4,0.8
41022,4,0.4666666666666667
41029,4,0.8
41031,4,0.5333333333333333
41042,4,0.6
41046,4,0.2
41066,4,0.0
41075,4,0.5333333333333333
41078,4,0.7333333333333333
41086,4,0.8
41088,4,0.5333333333333333
41090,4,0.7333333333333333
41097,4,0.8666666666666667
41101,4,0.6666666666666666
41105,4,0.5333333333333333
41120,4,0.6
41121,4,0.26666666666666666
41129,4,0.4
41137,4,0.26666666666666666
41140,4,0.4666666666666667
41145,4,0.4666666666666667
41146,4,0.5333333333333333
41148,4,0.5333333333333333
41151,4,0.8
41167,4,0.6
41176,4,0.5333333333333333
41180,4,0.6
41181,4,0.4666666666666667
2,5,0.13333333333333333
7,5,0.0
8,5,0.0
10,5,0.0
23,5,0.0
28,5,0.13333333333333333
29,5,0.0
31,5,0.06666666666666667
34,5,0.0
36,5,0.06666666666666667
37,5,0.13333333333333333
39,5,0.06666666666666667
41,5,0.0
43,5,0.0
45,5,0.0
46,5,0.0
53,5,0.13333333333333333
54,5,0.0
72,5,0.06666666666666667
73,5,0.0
76,5,0.06666666666666667
96,5,0.0
99,5,0.0
113,5,0.06666666666666667
114,5,0.0
123,5,0.06666666666666667
125,5,0.0
126,5,0.0
129,5,0.0
142,5,0.0
149,5,0.06666666666666667
152,5,0.06666666666666667
173,5,0.06666666666666667
175,5,0.13333333333333333
176,5,0.06666666666666667
178,5,0.06666666666666667
183,5,0.0
185,5,0.0
201,5,0.06666666666666667
206,5,0.06666666666666667
219,5,0.06666666666666667
220,5,0.0
229,5,0.13333333333333333
243,5,0.0
251,5,0.0
259,5,0.0
266,5,0.0
267,5,0.0
269,5,0.06666666666666667
270,5,0.06666666666666667
271,5,0.0
273,5,0.06666666666666667
276,5,0.06666666666666667
279,5,0.0
285,5,0.0
292,5,0.0
329,5,0.0
331,5,0.0
334,5,0.13333333333333333
338,5,0.06666666666666667
342,5,0.13333333333333333
346,5,0.0
348,5,0.0
354,5,0.0
358,5,0.06666666666666667
359,5,0.0
363,5,0.0
364,5,0.0
375,5,0.06666666666666667
379,5,0.06666666666666667
380,5,0.06666666666666667
387,5,0.06666666666666667
392,5,0.0
403,5,0.0
409,5,0.0
412,5,0.06666666666666667
423,5,0.0
424,5,0.0
431,5,0.0
432,5,0.0
437,5,0.0
441,5,0.0
444,5,0.0
445,5,0.06666666666666667
451,5,0.0
454,5,0.0
457,5,0.06666666666666667
463,5,0.06666666666666667
470,5,0.0
473,5,0.0
489,5,0.0
493,5,0.06666666666666667
494,5,0.06666666666666667
496,5,0.0
497,5,0.0
498,5,0.06666666666666667
502,5,0.06666666666666667
506,5,0.06666666666666667
513,5,0.0
518,5,0.06666666666666667
521,5,0.06666666666666667
524,5,0.06666666666666667
542,5,0.0
543,5,0.0
544,5,0.0
554,5,0.0
565,5,0.0
567,5,0.0
568,5,0.06666666666666667
592,5,0.0
597,5,0.0
601,5,0.0
606,5,0.0
610,5,0.06666666666666667
611,5,0.13333333333333333
618,5,0.0
623,5,0.0
631,5,0.06666666666666667
645,5,0.06666666666666667
648,5,0.06666666666666667
654,5,0.06666666666666667
657,5,0.06666666666666667
669,5,0.13333333333333333
677,5,0.0
682,5,0.0
686,5,0.06666666666666667
697,5,0.06666666666666667
702,5,0.0
709,5,0.0
711,5,0.0
717,5,0.06666666666666667
721,5,0.0
727,5,0.0
739,5,0.0
743,5,0.0
747,5,0.06666666666666667
748,5,0.06666666666666667
761,5,0.06666666666666667
762,5,0.0
768,5,0.0
771,5,0.06666666666666667
778,5,0.0
779,5,0.0
780,5,0.06666666666666667
781,5,0.0
807,5,0.06666666666666667
810,5,0.0
815,5,0.0
817,5,0.0
819,5,0.06666666666666667
832,5,0.0
836,5,0.0
840,5,0.06666666666666667
846,5,0.0
848,5,0.0
854,5,0.06666666666666667
861,5,0.06666666666666667
862,5,0.0
865,5,0.0
875,5,0.06666666666666667
876,5,0.0
882,5,0.06666666666666667
891,5,0.06666666666666667
894,5,0.0
897,5,0.06666666666666667
898,5,0.06666666666666667
899,5,0.0
914,5,0.06666666666666667
925,5,0.0
932,5,0.13333333333333333
967,5,0.0
973,5,0.06666666666666667
983,5,0.13333333333333333
989,5,0.06666666666666667
992,5,0.0
1003,5,0.13333333333333333
1005,5,0.0
1006,5,0.06666666666666667
1009,5,0.0
1010,5,0.0
1021,5,0.0
1025,5,0.0
1031,5,0.0
1038,5,0.06666666666666667
1045,5,0.0
1046,5,0.06666666666666667
1060,5,0.0
1072,5,0.13333333333333333
1080,5,0.0
1084,5,0.0
1089,5,0.0
1097,5,0.0
1102,5,0.0
1103,5,0.06666666666666667
1116,5,0.0
1124,5,0.0
1128,5,0.0
1129,5,0.0
1152,5,0.0
1158,5,0.0
1169,5,0.0
1185,5,0.0
1202,5,0.0
1203,5,0.0
1205,5,0.0
1206,5,0.0
1216,5,0.0
1229,5,0.0
1234,5,0.0
1250,5,0.0
1268,5,0.0
1269,5,0.06666666666666667
1270,5,0.0
1274,5,0.0
1275,5,0.13333333333333333
1284,5,0.06666666666666667
1297,5,0.0
1298,5,0.06666666666666667
1311,5,0.06666666666666667
1319,5,0.0
1329,5,0.06666666666666667
1336,5,0.0
1341,5,0.13333333333333333
1342,5,0.06666666666666667
1345,5,0.0
1355,5,0.0
1356,5,0.0
1358,5,0.06666666666666667
1367,5,0.0
1381,5,0.0
1382,5,0.0
1385,5,0.0
1386,5,0.0
1390,5,0.0
1403,5,0.06666666666666667
1406,5,0.06666666666666667
1418,5,0.0
1427,5,0.0
1429,5,0.06666666666666667
1434,5,0.0
1437,5,0.0
1449,5,0.06666666666666667
1452,5,0.06666666666666667
1459,5,0.13333333333333333
1461,5,0.0
1464,5,0.0
1469,5,0.13333333333333333
1477,5,0.0
1482,5,0.0
1484,5,0.0
1496,5,0.0
1499,5,0.0
1500,5,0.0
1502,5,0.0
1505,5,0.0
1506,5,0.06666666666666667
1515,5,0.0
1516,5,0.0
1517,5,0.13333333333333333
1521,5,0.06666666666666667
1528,5,0.0
1529,5,0.0
1535,5,0.13333333333333333
1554,5,0.06666666666666667
1559,5,0.0
1568,5,0.0
1575,5,0.0
1579,5,0.0
1585,5,0.06666666666666667
1590,5,0.0
1597,5,0.0
1601,5,0.0
1607,5,0.06666666666666667
1622,5,0.0
1635,5,0.0
1638,5,0.0
1655,5,0.0
1663,5,0.0
1684,5,0.06666666666666667
1685,5,0.0
1691,5,0.0
1694,5,0.06666666666666667
1698,5,0.0
1702,5,0.0
1706,5,0.0
1711,5,0.06666666666666667
1713,5,0.2
1731,5,0.0
1733,5,0.0
1746,5,0.0
1751,5,0.0
1752,5,0.0
1772,5,0.06666666666666667
1784,5,0.0
1785,5,0.0
1810,5,0.06666666666666667
1814,5,0.13333333333333333
1815,5,0.0
1816,5,0.0
1821,5,0.13333333333333333
1828,5,0.0
1832,5,0.0
1836,5,0.0
1850,5,0.06666666666666667
1870,5,0.0
1896,5,0.06666666666666667
1907,5,0.0
1908,5,0.0
1912,5,0.0
1913,5,0.0
1914,5,0.0
1934,5,0.0
1945,5,0.06666666666666667
1952,5,0.0
1958,5,0.13333333333333333
1961,5,0.0
1969,5,0.0
1981,5,0.0
1987,5,0.06666666666666667
1991,5,0.0
1993,5,0.0
2002,5,0.0
2003,5,0.0
2007,5,0.13333333333333333
2019,5,0.0
2023,5,0.0
2026,5,0.0
2027,5,0.0
2028,5,0.0
2033,5,0.0
2044,5,0.06666666666666667
2046,5,0.0
2050,5,0.06666666666666667
2058,5,0.13333333333333333
2060,5,0.0
2066,5,0.0
2067,5,0.0
2070,5,0.0
2075,5,0.0
2092,5,0.06666666666666667
2113,5,0.0
2119,5,0.0
2129,5,0.0
2136,5,0.0
2146,5,0.06666666666666667
2151,5,0.06666666666666667
2182,5,0.0
2185,5,0.0
2194,5,0.0
2197,5,0.0
2201,5,0.06666666666666667
2205,5,0.0
2209,5,0.0
2212,5,0.0
2222,5,0.0
2224,5,0.06666666666666667
2235,5,0.0
2237,5,0.0
2248,5,0.06666666666666667
2252,5,0.06666666666666667
2254,5,0.0
2255,5,0.0
2258,5,0.0
2266,5,0.0
2273,5,0.06666666666666667
2281,5,0.0
2284,5,0.0
2289,5,0.0
2290,5,0.0
2304,5,0.0
2305,5,0.0
2319,5,0.06666666666666667
2328,5,0.0
2345,5,0.0
2349,5,0.0
2351,5,0.06666666666666667
2355,5,0.0
2364,5,0.0
2365,5,0.0
2373,5,0.0
2375,5,0.06666666666666667
2379,5,0.06666666666666667
2384,5,0.0
2387,5,0.0
2390,5,0.06666666666666667
2396,5,0.0
2397,5,0.2
2400,5,0.0
2413,5,0.06666666666666667
2416,5,0.06666666666666667
2423,5,0.13333333333333333
2445,5,0.0
2448,5,0.06666666666666667
2457,5,0.0
2467,5,0.13333333333333333
2477,5,0.0
2488,5,0.0
2494,5,0.0
2495,5,0.06666666666666667
2502,5,0.0
2518,5,0.0
2526,5,0.0
2531,5,0.06666666666666667
2540,5,0.13333333333333333
2548,5,0.06666666666666667
2556,5,0.0
2573,5,0.0
2583,5,0.0
2590,5,0.0
2598,5,0.0
2603,5,0.0
2606,5,0.06666666666666667
2616,5,0.06666666666666667
2618,5,0.0
2624,5,0.0
2626,5,0.0
2643,5,0.06666666666666667
2645,5,0.0
2647,5,0.0
2651,5,0.0
2661,5,0.06666666666666667
2667,5,0.0
2668,5,0.0
2670,5,0.06666666666666667
2673,5,0.0
2676,5,0.0
2679,5,0.0
2692,5,0.0
2704,5,0.0
2709,5,0.0
2716,5,0.0
2720,5,0.0
2723,5,0.0
2725,5,0.06666666666666667
2726,5,0.06666666666666667
2738,5,0.0
2750,5,0.0
2751,5,0.0
2753,5,0.0
2755,5,0.0
2758,5,0.0
2761,5,0.0
2771,5,0.0
2796,5,0.0
2804,5,0.13333333333333333
2806,5,0.0
2808,5,0.0
2816,5,0.0
2818,5,0.13333333333333333
2822,5,0.06666666666666667
2823,5,0.0
2826,5,0.0
2828,5,0.0
2831,5,0.06666666666666667
2852,5,0.0
2855,5,0.0
2859,5,0.0
2863,5,0.0
2867,5,0.0
2877,5,0.0
2878,5,0.0
2888,5,0.06666666666666667
2893,5,0.0
2894,5,0.0
2896,5,0.0
2897,5,0.0
2898,5,0.06666666666666667
2907,5,0.0
2908,5,0.0
2910,5,0.0
2912,5,0.0
2925,5,0.0
2929,5,0.0
2932,5,0.13333333333333333
2934,5,0.06666666666666667
2935,5,0.06666666666666667
2936,5,0.0
2939,5,0.0
2940,5,0.06666666666666667
2942,5,0.06666666666666667
2945,5,0.0
2951,5,0.0
2954,5,0.0
2956,5,0.0
2957,5,0.0
2968,5,0.0
2972,5,0.0
2980,5,0.06666666666666667
2982,5,0.0
2988,5,0.0
2993,5,0.06666666666666667
2995,5,0.0
2999,5,0.06666666666666667
3025,5,0.0
3041,5,0.06666666666666667
3051,5,0.0
3053,5,0.0
3054,5,0.13333333333333333
3066,5,0.06666666666666667
3072,5,0.06666666666666667
3078,5,0.0
3080,5,0.13333333333333333
3081,5,0.0
3084,5,0.0
3086,5,0.06666666666666667
3095,5,0.06666666666666667
3096,5,0.0
3112,5,0.06666666666666667
3121,5,0.0
3125,5,0.06666666666666667
3127,5,0.0
3131,5,0.06666666666666667
3135,5,0.06666666666666667
3138,5,0.0
3143,5,0.0
3150,5,0.06666666666666667
3154,5,0.0
3180,5,0.0
3186,5,0.0
3197,5,0.0
3202,5,0.0
3213,5,0.06666666666666667
3214,5,0.06666666666666667
3216,5,0.0
3217,5,0.06666666666666667
3228,5,0.0
3232,5,0.0
3251,5,0.06666666666666667
3255,5,0.0
3267,5,0.06666666666666667
3274,5,0.0
3278,5,0.0
3286,5,0.0
3290,5,0.13333333333333333
3291,5,0.0
3294,5,0.06666666666666667
3295,5,0.06666666666666667
3297,5,0.06666666666666667
3301,5,0.0
3314,5,0.0
3315,5,0.0
3320,5,0.06666666666666667
3336,5,0.0
3341,5,0.0
3344,5,0.06666666666666667
3349,5,0.06666666666666667
3352,5,0.06666666666666667
3358,5,0.0
3365,5,0.0
3367,5,0.0
3368,5,0.0
3370,5,0.06666666666666667
3372,5,0.0
3373,5,0.06666666666666667
3422,5,0.0
3434,5,0.0
3438,5,0.06666666666666667
3443,5,0.0
3467,5,0.0
3470,5,0.06666666666666667
3475,5,0.0
3476,5,0.0
3483,5,0.0
3498,5,0.06666666666666667
3501,5,0.0
3504,5,0.0
3511,5,0.0
3513,5,0.06666666666666667
3530,5,0.0
3539,5,0.0
3568,5,0.06666666666666667
3574,5,0.0
3576,5,0.06666666666666667
3585,5,0.0
3589,5,0.0
3593,5,0.06666666666666667
3598,5,0.0
3605,5,0.0
3607,5,0.0
3629,5,0.0
3634,5,0.06666666666666667
3646,5,0.0
3647,5,0.0
3659,5,0.0
3679,5,0.0
3680,5,0.0
3689,5,0.06666666666666667
3698,5,0.06666666666666667
3705,5,0.06666666666666667
3721,5,0.0
3732,5,0.0
3740,5,0.0
3741,5,0.0
3761,5,0.06666666666666667
3771,5,0.26666666666666666
3790,5,0.0
3797,5,0.0
3798,5,0.06666666666666667
3801,5,0.2
3812,5,0.0
3814,5,0.06666666666666667
3830,5,0.0
3832,5,0.0
3834,5,0.13333333333333333
3835,5,0.0
3841,5,0.2
3843,5,0.0
3844,5,0.13333333333333333
3855,5,0.06666666666666667
3875,5,0.06666666666666667
3881,5,0.0
3884,5,0.0
3891,5,0.0
3893,5,0.0
3898,5,0.0
3907,5,0.06666666666666667
3922,5,0.13333333333333333
3927,5,0.0
3935,5,0.13333333333333333
3938,5,0.06666666666666667
3940,5,0.0
3945,5,0.0
3946,5,0.0
3948,5,0.0
3949,5,0.0
3951,5,0.0
3958,5,0.0
3965,5,0.06666666666666667
3993,5,0.06666666666666667
3996,5,0.06666666666666667
3997,5,0.0
3998,5,0.06666666666666667
4003,5,0.0
4012,5,0.0
4024,5,0.06666666666666667
4039,5,0.06666666666666667
4042,5,0.0
4043,5,0.0
4048,5,0.0
4060,5,0.0
4065,5,0.0
4069,5,0.06666666666666667
4098,5,0.06666666666666667
4100,5,0.06666666666666667
4107,5,0.0
4113,5,0.13333333333333333
4119,5,0.0
4123,5,0.0
4127,5,0.0
4130,5,0.0
4134,5,0.0
4136,5,0.0
4139,5,0.0
4141,5,0.0
4147,5,0.0
4155,5,0.06666666666666667
4156,5,0.06666666666666667
4160,5,0.0
4162,5,0.06666666666666667
4163,5,0.0
4170,5,0.0
4177,5,0.06666666666666667
4182,5,0.0
4195,5,0.06666666666666667
4201,5,0.2
4207,5,0.0
4209,5,0.0
4224,5,0.0
4234,5,0.0
4245,5,0.06666666666666667
4259,5,0.0
4261,5,0.0
4281,5,0.0
4282,5,0.13333333333333333
4283,5,0.0
4285,5,0.06666666666666667
4286,5,0.0
4291,5,0.0
4304,5,0.0
4312,5,0.13333333333333333
4313,5,0.0
4314,5,0.06666666666666667
4325,5,0.0
4326,5,0.0
4328,5,0.0
4333,5,0.06666666666666667
4343,5,0.06666666666666667
4349,5,0.0
4350,5,0.0
4352,5,0.0
4354,5,0.0
4366,5,0.0
4368,5,0.13333333333333333
4377,5,0.06666666666666667
4378,5,0.06666666666666667
4381,5,0.0
4383,5,0.0
4384,5,0.06666666666666667
4392,5,0.0
4393,5,0.06666666666666667
4410,5,0.06666666666666667
4416,5,0.0
4419,5,0.06666666666666667
4427,5,0.0
4438,5,0.0
4439,5,0.0
4451,5,0.0
4453,5,0.06666666666666667
4460,5,0.0
4469,5,0.0
4474,5,0.0
4477,5,0.06666666666666667
4484,5,0.0
4485,5,0.0
4489,5,0.0
4491,5,0.06666666666666667
4493,5,0.0
4497,5,0.0
4501,5,0.06666666666666667
4510,5,0.06666666666666667
4517,5,0.0
4521,5,0.13333333333333333
4523,5,0.0
4529,5,0.0
4538,5,0.0
4540,5,0.06666666666666667
4541,5,0.0
4543,5,0.0
4544,5,0.0
4549,5,0.0
4550,5,0.0
4557,5,0.0
4565,5,0.0
4569,5,0.06666666666666667
4572,5,0.0
4573,5,0.0
4574,5,0.0
4579,5,0.0
4582,5,0.0
4596,5,0.13333333333333333
4612,5,0.06666666666666667
4635,5,0.06666666666666667
4645,5,0.0
4646,5,0.0
4648,5,0.0
4649,5,0.0
4656,5,0.0
4657,5,0.06666666666666667
4659,5,0.06666666666666667
4663,5,0.0
4677,5,0.06666666666666667
4684,5,0.0
4686,5,0.0
4692,5,0.0
4698,5,0.0
4700,5,0.0
4702,5,0.0
4705,5,0.06666666666666667
4706,5,0.0
4714,5,0.0
4736,5,0.0
4751,5,0.13333333333333333
4754,5,0.06666666666666667
4755,5,0.13333333333333333
4766,5,0.0
4773,5,0.0
4779,5,0.13333333333333333
4780,5,0.0
4782,5,0.06666666666666667
4793,5,0.13333333333333333
4795,5,0.0
4803,5,0.0
4809,5,0.06666666666666667
4820,5,0.0
4827,5,0.0
4834,5,0.06666666666666667
4836,5,0.0
4840,5,0.0
4843,5,0.06666666666666667
4845,5,0.0
4853,5,0.0
4856,5,0.13333333333333333
4858,5,0.06666666666666667
4861,5,0.0
4868,5,0.0
4870,5,0.0
4871,5,0.0
4872,5,0.0
4880,5,0.0
4887,5,0.0
4894,5,0.0
4898,5,0.06666666666666667
4931,5,0.13333333333333333
4933,5,0.0
4934,5,0.0
4941,5,0.0
4956,5,0.0
4958,5,0.0
4967,5,0.0
4973,5,0.0
4977,5,0.0
4978,5,0.0
4984,5,0.0
4985,5,0.0
4990,5,0.13333333333333333
4992,5,0.0
5005,5,0.13333333333333333
5006,5,0.0
5010,5,0.0
5012,5,0.0
5018,5,0.0
5021,5,0.0
5027,5,0.0
5032,5,0.26666666666666666
5036,5,0.0
5051,5,0.0
5058,5,0.0
5060,5,0.06666666666666667
5062,5,0.06666666666666667
5079,5,0.06666666666666667
5086,5,0.0
5099,5,0.0
5100,5,0.0
5126,5,0.06666666666666667
5135,5,0.0
5137,5,0.06666666666666667
5143,5,0.0
5148,5,0.06666666666666667
5152,5,0.0
5156,5,0.0
5157,5,0.06666666666666667
5159,5,0.0
5172,5,0.06666666666666667
5174,5,0.0
5185,5,0.0
5190,5,0.06666666666666667
5202,5,0.0
5204,5,0.0
5209,5,0.06666666666666667
5226,5,0.0
5242,5,0.0
5248,5,0.0
5257,5,0.0
5274,5,0.06666666666666667
5276,5,0.0
5279,5,0.0
5290,5,0.2
5299,5,0.06666666666666667
5306,5,0.06666666666666667
5325,5,0.0
5351,5,0.2
5355,5,0.0
5362,5,0.13333333333333333
5363,5,0.0
5368,5,0.06666666666666667
5370,5,0.06666666666666667
5372,5,0.0
5373,5,0.2
5376,5,0.0
5379,5,0.0
5382,5,0.0
5390,5,0.06666666666666667
5393,5,0.0
5412,5,0.06666666666666667
5415,5,0.0
5421,5,0.0
5424,5,0.06666666666666667
5425,5,0.06666666666666667
5442,5,0.06666666666666667
5452,5,0.06666666666666667
5454,5,0.0
5455,5,0.0
5456,5,0.0
5462,5,0.0
5471,5,0.0
5474,5,0.0
5491,5,0.0
5502,5,0.0
5505,5,0.06666666666666667
5510,5,0.0
5518,5,0.0
5524,5,0.06666666666666667
5533,5,0.0
5534,5,0.06666666666666667
5547,5,0.0
5555,5,0.0
5559,5,0.0
5560,5,0.06666666666666667
5567,5,0.0
5568,5,0.0
5576,5,0.0
5577,5,0.0
5583,5,0.0
5586,5,0.0
5600,5,0.0
5604,5,0.0
5606,5,0.13333333333333333
5607,5,0.0
5623,5,0.0
5636,5,0.06666666666666667
5648,5,0.0
5653,5,0.0
5662,5,0.0
5664,5,0.0
5669,5,0.0
5682,5,0.0
5686,5,0.06666666666666667
5692,5,0.0
5695,5,0.0
5700,5,0.06666666666666667
5714,5,0.06666666666666667
5716,5,0.0
5723,5,0.0
5731,5,0.06666666666666667
5732,5,0.0
5739,5,0.06666666666666667
5745,5,0.13333333333333333
5747,5,0.0
5748,5,0.0
5755,5,0.0
5768,5,0.0
5769,5,0.06666666666666667
5775,5,0.0
5793,5,0.0
5808,5,0.0
5816,5,0.0
5818,5,0.0
5821,5,0.0
5828,5,0.0
5854,5,0.06666666666666667
5855,5,0.0
5878,5,0.0
5880,5,0.0
5888,5,0.06666666666666667
5891,5,0.0
5893,5,0.06666666666666667
5897,5,0.0
5900,5,0.0
5903,5,0.0
5912,5,0.0
5916,5,0.0
5922,5,0.0
5924,5,0.0
5928,5,0.0
5933,5,0.0
5959,5,0.0
5964,5,0.0
5967,5,0.0
5974,5,0.0
5977,5,0.0
5984,5,0.06666666666666667
5986,5,0.06666666666666667
5990,5,0.13333333333333333
5994,5,0.13333333333333333
5995,5,0.0
5998,5,0.0
6013,5,0.0
6018,5,0.06666666666666667
6028,5,0.0
6032,5,0.06666666666666667
6033,5,0.0
6040,5,0.0
6043,5,0.06666666666666667
6044,5,0.0
6049,5,0.06666666666666667
6059,5,0.13333333333333333
6062,5,0.0
6071,5,0.0
6073,5,0.0
6077,5,0.06666666666666667
6096,5,0.0
6101,5,0.13333333333333333
6103,5,0.06666666666666667
6105,5,0.0
6107,5,0.0
6109,5,0.06666666666666667
6139,5,0.0
6147,5,0.0
6154,5,0.13333333333333333
6155,5,0.0
6163,5,0.06666666666666667
6165,5,0.0
6169,5,0.0
6170,5,0.06666666666666667
6174,5,0.0
6176,5,0.0
6182,5,0.06666666666666667
6188,5,0.13333333333333333
6198,5,0.13333333333333333
6201,5,0.0
6208,5,0.06666666666666667
6212,5,0.0
6220,5,0.0
6221,5,0.0
6227,5,0.06666666666666667
6232,5,0.0
6241,5,0.0
6243,5,0.0
6245,5,0.0
6259,5,0.0
6261,5,0.0
6270,5,0.0
6278,5,0.13333333333333333
6290,5,0.06666666666666667
6291,5,0.0
6292,5,0.0
6294,5,0.0
6295,5,0.2
6297,5,0.06666666666666667
6304,5,0.06666666666666667
6307,5,0.0
6314,5,0.06666666666666667
6326,5,0.06666666666666667
6327,5,0.0
6339,5,0.13333333333333333
6347,5,0.06666666666666667
6349,5,0.0
6350,5,0.0
6351,5,0.06666666666666667
6356,5,0.0
6365,5,0.0
6382,5,0.0
6389,5,0.06666666666666667
6393,5,0.0
6394,5,0.0
6401,5,0.06666666666666667
6404,5,0.06666666666666667
6405,5,0.0
6411,5,0.06666666666666667
6419,5,0.0
6431,5,0.06666666666666667
6441,5,0.13333333333333333
6443,5,0.06666666666666667
6451,5,0.0
6460,5,0.0
6466,5,0.0
6468,5,0.06666666666666667
6469,5,0.0
6476,5,0.0
6479,5,0.0
6483,5,0.0
6492,5,0.0
6495,5,0.0
6501,5,0.0
6509,5,0.0
6510,5,0.06666666666666667
6516,5,0.06666666666666667
6522,5,0.0
6536,5,0.0
6539,5,0.0
6541,5,0.0
6542,5,0.0
6543,5,0.0
6552,5,0.0
6553,5,0.0
6573,5,0.06666666666666667
6575,5,0.0
6577,5,0.0
6578,5,0.06666666666666667
6586,5,0.06666666666666667
6596,5,0.2
6607,5,0.0
6614,5,0.0
6615,5,0.0
6618,5,0.13333333333333333
6619,5,0.06666666666666667
6620,5,0.0
6622,5,0.0
6630,5,0.06666666666666667
6632,5,0.06666666666666667
6633,5,0.0
6695,5,0.0
6697,5,0.0
6699,5,0.0
6705,5,0.0
6706,5,0.06666666666666667
6713,5,0.06666666666666667
6715,5,0.06666666666666667
6735,5,0.0
6736,5,0.06666666666666667
6747,5,0.06666666666666667
6760,5,0.0
6778,5,0.0
6787,5,0.0
6791,5,0.0
6794,5,0.0
6796,5,0.0
6797,5,0.0
6800,5,0.06666666666666667
6803,5,0.0
6808,5,0.0
6809,5,0.0
6814,5,0.0
6817,5,0.0
6833,5,0.0
6834,5,0.06666666666666667
6842,5,0.06666666666666667
6848,5,0.0
6857,5,0.0
6860,5,0.0
6863,5,0.0
6864,5,0.06666666666666667
6870,5,0.0
6871,5,0.13333333333333333
6874,5,0.06666666666666667
6875,5,0.0
6880,5,0.0
6886,5,0.06666666666666667
6889,5,0.0
6895,5,0.0
6899,5,0.06666666666666667
6900,5,0.0
6901,5,0.0
6902,5,0.0
6905,5,0.0
6920,5,0.06666666666666667
6931,5,0.0
6932,5,0.0
6936,5,0.0
6939,5,0.0
6948,5,0.0
6949,5,0.0
6954,5,0.06666666666666667
6957,5,0.0
6960,5,0.06666666666666667
6976,5,0.0
7004,5,0.06666666666666667
7010,5,0.0
7011,5,0.06666666666666667
7029,5,0.0
7033,5,0.0
7037,5,0.0
7040,5,0.13333333333333333
7042,5,0.0
7047,5,0.06666666666666667
7048,5,0.06666666666666667
7050,5,0.0
7054,5,0.0
7057,5,0.0
7058,5,0.06666666666666667
7070,5,0.0
7075,5,0.0
7077,5,0.0
7086,5,0.0
7089,5,0.0
7095,5,0.06666666666666667
7097,5,0.0
7102,5,0.2
7122,5,0.0
7127,5,0.0
7128,5,0.0
7137,5,0.0
7141,5,0.0
7144,5,0.0
7145,5,0.0
7165,5,0.06666666666666667
7171,5,0.0
7176,5,0.0
7182,5,0.0
7201,5,0.0
7204,5,0.0
7206,5,0.0
7220,5,0.0
7230,5,0.0
7231,5,0.06666666666666667
7240,5,0.0
7245,5,0.0
7248,5,0.0
7255,5,0.0
7259,5,0.0
7261,5,0.06666666666666667
7272,5,0.13333333333333333
7286,5,0.0
7294,5,0.0
7295,5,0.0
7308,5,0.0
7321,5,0.0
7322,5,0.06666666666666667
7323,5,0.0
7328,5,0.13333333333333333
7334,5,0.0
7345,5,0.0
7349,5,0.0
7357,5,0.0
7364,5,0.13333333333333333
7367,5,0.0
7371,5,0.0
7383,5,0.06666666666666667
7386,5,0.06666666666666667
7388,5,0.06666666666666667
7392,5,0.0
7403,5,0.13333333333333333
7405,5,0.0
7411,5,0.0
7414,5,0.06666666666666667
7428,5,0.0
7436,5,0.06666666666666667
7437,5,0.0
7440,5,0.0
7441,5,0.06666666666666667
7446,5,0.0
7448,5,0.0
7464,5,0.0
7471,5,0.0
7476,5,0.0
7477,5,0.0
7478,5,0.06666666666666667
7482,5,0.06666666666666667
7483,5,0.06666666666666667
7485,5,0.0
7492,5,0.0
7496,5,0.13333333333333333
7498,5,0.13333333333333333
7499,5,0.06666666666666667
7506,5,0.0
7509,5,0.0
7536,5,0.0
7537,5,0.06666666666666667
7548,5,0.0
7552,5,0.0
7559,5,0.06666666666666667
7564,5,0.06666666666666667
7567,5,0.0
7568,5,0.06666666666666667
7573,5,0.0
7574,5,0.0
7577,5,0.06666666666666667
7589,5,0.0
7594,5,0.06666666666666667
7598,5,0.06666666666666667
7608,5,0.0
7620,5,0.06666666666666667
7630,5,0.0
7634,5,0.0
7643,5,0.0
7647,5,0.0
7658,5,0.13333333333333333
7667,5,0.0
7675,5,0.13333333333333333
7677,5,0.0
7680,5,0.0
7685,5,0.06666666666666667
7686,5,0.06666666666666667
7689,5,0.06666666666666667
7695,5,0.0
7696,5,0.06666666666666667
7705,5,0.2
7714,5,0.06666666666666667
7718,5,0.13333333333333333
7733,5,0.06666666666666667
7743,5,0.06666666666666667
7754,5,0.0
7758,5,0.0
7760,5,0.13333333333333333
7761,5,0.06666666666666667
7764,5,0.13333333333333333
7768,5,0.06666666666666667
7780,5,0.0
7782,5,0.0
7783,5,0.0
7791,5,0.06666666666666667
7792,5,0.0
7793,5,0.0
7808,5,0.0
7812,5,0.0
7822,5,0.0
7824,5,0.0
7829,5,0.0
7846,5,0.0
7847,5,0.06666666666666667
7849,5,0.0
7850,5,0.13333333333333333
7851,5,0.0
7853,5,0.06666666666666667
7868,5,0.06666666666666667
7871,5,0.06666666666666667
7874,5,0.06666666666666667
7880,5,0.0
7885,5,0.06666666666666667
7889,5,0.06666666666666667
7893,5,0.06666666666666667
7898,5,0.0
7902,5,0.0
7911,5,0.0
7913,5,0.06666666666666667
7915,5,0.0
7919,5,0.0
7927,5,0.0
7930,5,0.06666666666666667
7933,5,0.0
7951,5,0.0
7969,5,0.0
7972,5,0.0
7973,5,0.06666666666666667
7974,5,0.0
7985,5,0.0
7994,5,0.06666666666666667
7995,5,0.06666666666666667
7997,5,0.0
8006,5,0.0
8011,5,0.06666666666666667
8013,5,0.0
8018,5,0.0
8024,5,0.0
8037,5,0.0
8038,5,0.0
8044,5,0.0
8059,5,0.0
8061,5,0.13333333333333333
8067,5,0.0
8069,5,0.13333333333333333
8070,5,0.0
8073,5,0.0
8077,5,0.0
8087,5,0.0
8094,5,0.0
8123,5,0.06666666666666667
8129,5,0.0
8143,5,0.06666666666666667
8144,5,0.06666666666666667
8149,5,0.13333333333333333
8151,5,0.06666666666666667
8158,5,0.06666666666666667
8171,5,0.06666666666666667
8192,5,0.06666666666666667
8195,5,0.0
8203,5,0.0
8207,5,0.0
8246,5,0.0
8259,5,0.06666666666666667
8272,5,0.0
8275,5,0.0
8288,5,0.06666666666666667
8290,5,0.0
8297,5,0.0
8300,5,0.06666666666666667
8303,5,0.0
8305,5,0.0
8306,5,0.2
8310,5,0.06666666666666667
8311,5,0.0
8317,5,0.0
8318,5,0.0
8322,5,0.0
8331,5,0.0
8333,5,0.06666666666666667
8343,5,0.2
8345,5,0.06666666666666667
8356,5,0.13333333333333333
8361,5,0.06666666666666667
8365,5,0.06666666666666667
8379,5,0.06666666666666667
8390,5,0.13333333333333333
8392,5,0.0
8395,5,0.0
8403,5,0.0
8408,5,0.0
8414,5,0.06666666666666667
8422,5,0.13333333333333333
8428,5,0.0
8434,5,0.06666666666666667
8445,5,0.0
8448,5,0.0
8456,5,0.06666666666666667
8458,5,0.0
8459,5,0.0
8461,5,0.0
8476,5,0.06666666666666667
8479,5,0.06666666666666667
8481,5,0.0
8495,5,0.13333333333333333
8505,5,0.0
8515,5,0.06666666666666667
8523,5,0.06666666666666667
8556,5,0.0
8559,5,0.0
8579,5,0.0
8581,5,0.06666666666666667
8582,5,0.13333333333333333
8594,5,0.06666666666666667
8598,5,0.06666666666666667
8604,5,0.06666666666666667
8607,5,0.0
8608,5,0.06666666666666667
8612,5,0.0
8625,5,0.13333333333333333
8635,5,0.0
8638,5,0.0
8642,5,0.06666666666666667
8649,5,0.06666666666666667
8654,5,0.0
8655,5,0.06666666666666667
8665,5,0.2
8673,5,0.0
8674,5,0.13333333333333333
8694,5,0.0
8709,5,0.13333333333333333
8713,5,0.06666666666666667
8716,5,0.0
8729,5,0.13333333333333333
8732,5,0.0
8748,5,0.0
8753,5,0.13333333333333333
8754,5,0.13333333333333333
8758,5,0.0
8763,5,0.06666666666666667
8772,5,0.0
8779,5,0.06666666666666667
8781,5,0.06666666666666667
8790,5,0.06666666666666667
8811,5,0.06666666666666667
8827,5,0.13333333333333333
8830,5,0.06666666666666667
8840,5,0.0
8844,5,0.06666666666666667
8847,5,0.0
8853,5,0.0
8859,5,0.13333333333333333
8862,5,0.06666666666666667
8871,5,0.0
8874,5,0.0
8877,5,0.0
8893,5,0.0
8897,5,0.0
8908,5,0.0
8914,5,0.06666666666666667
8916,5,0.0
8917,5,0.0
8924,5,0.0
8925,5,0.0
8929,5,0.0
8939,5,0.06666666666666667
8944,5,0.0
8947,5,0.0
8956,5,0.13333333333333333
8959,5,0.06666666666666667
8974,5,0.0
8985,5,0.0
8987,5,0.06666666666666667
8997,5,0.0
9000,5,0.06666666666666667
9012,5,0.06666666666666667
9020,5,0.06666666666666667
9023,5,0.0
9024,5,0.06666666666666667
9026,5,0.06666666666666667
9030,5,0.06666666666666667
9038,5,0.0
9040,5,0.0
9041,5,0.0
9048,5,0.0
9056,5,0.0
9093,5,0.0
9101,5,0.0
9103,5,0.0
9113,5,0.0
9115,5,0.0
9127,5,0.0
9133,5,0.06666666666666667
9150,5,0.0
9151,5,0.06666666666666667
9152,5,0.06666666666666667
9153,5,0.06666666666666667
9162,5,0.0
9168,5,0.0
9173,5,0.06666666666666667
9180,5,0.0
9185,5,0.0
9190,5,0.06666666666666667
9192,5,0.0
9200,5,0.0
9203,5,0.06666666666666667
9204,5,0.0
9215,5,0.0
9218,5,0.06666666666666667
9219,5,0.06666666666666667
9237,5,0.06666666666666667
9238,5,0.0
9243,5,0.06666666666666667
9247,5,0.06666666666666667
9268,5,0.06666666666666667
9274,5,0.06666666666666667
9287,5,0.06666666666666667
9289,5,0.06666666666666667
9296,5,0.0
9304,5,0.06666666666666667
9312,5,0.0
9317,5,0.0
9329,5,0.06666666666666667
9333,5,0.0
9339,5,0.06666666666666667
9356,5,0.0
9360,5,0.06666666666666667
9361,5,0.06666666666666667
9369,5,0.0
9370,5,0.0
9378,5,0.06666666666666667
9382,5,0.06666666666666667
9401,5,0.06666666666666667
9403,5,0.0
9407,5,0.06666666666666667
9409,5,0.06666666666666667
9422,5,0.0
9425,5,0.06666666666666667
9440,5,0.13333333333333333
9447,5,0.0
9455,5,0.06666666666666667
9460,5,0.13333333333333333
9461,5,0.13333333333333333
9471,5,0.0
9477,5,0.0
9481,5,0.0
9499,5,0.06666666666666667
9522,5,0.0
9535,5,0.06666666666666667
9539,5,0.13333333333333333
9548,5,0.0
9562,5,0.06666666666666667
9581,5,0.0
9585,5,0.0
9611,5,0.06666666666666667
9614,5,0.0
9615,5,0.0
9616,5,0.0
9619,5,0.06666666666666667
9634,5,0.0
9650,5,0.06666666666666667
9651,5,0.06666666666666667
9663,5,0.0
9672,5,0.0
9690,5,0.06666666666666667
9693,5,0.06666666666666667
9704,5,0.0
9705,5,0.06666666666666667
9708,5,0.0
9710,5,0.06666666666666667
9718,5,0.0
9720,5,0.0
9735,5,0.0
9740,5,0.0
9743,5,0.0
9749,5,0.06666666666666667
9752,5,0.06666666666666667
9755,5,0.06666666666666667
9769,5,0.13333333333333333
9772,5,0.0
9773,5,0.0
9774,5,0.0
9775,5,0.0
9789,5,0.0
9796,5,0.06666666666666667
9797,5,0.06666666666666667
9802,5,0.06666666666666667
9803,5,0.06666666666666667
9807,5,0.13333333333333333
9809,5,0.0
9816,5,0.0
9817,5,0.0
9826,5,0.06666666666666667
9844,5,0.0
9863,5,0.06666666666666667
9870,5,0.06666666666666667
9872,5,0.0
9875,5,0.06666666666666667
9889,5,0.0
9894,5,0.13333333333333333
9897,5,0.06666666666666667
9900,5,0.0
9902,5,0.06666666666666667
9920,5,0.0
9925,5,0.2
9935,5,0.06666666666666667
9939,5,0.0
9944,5,0.0
9953,5,0.0
9958,5,0.0
9962,5,0.06666666666666667
9969,5,0.06666666666666667
9974,5,0.0
9976,5,0.0
9986,5,0.06666666666666667
9987,5,0.0
10001,5,0.06666666666666667
10007,5,0.0
10011,5,0.0
10013,5,0.0
10026,5,0.06666666666666667
10032,5,0.0
10036,5,0.0
10055,5,0.06666666666666667
10075,5,0.06666666666666667
10079,5,0.0
10084,5,0.0
10085,5,0.06666666666666667
10098,5,0.0
10109,5,0.06666666666666667
10115,5,0.0
10129,5,0.0
10131,5,0.06666666666666667
10136,5,0.06666666666666667
10137,5,0.0
10138,5,0.06666666666666667
10142,5,0.06666666666666667
10144,5,0.0
10146,5,0.0
10160,5,0.06666666666666667
10165,5,0.0
10188,5,0.13333333333333333
10189,5,0.0
10197,5,0.06666666666666667
10200,5,0.0
10201,5,0.06666666666666667
10202,5,0.0
10210,5,0.0
10222,5,0.06666666666666667
10223,5,0.06666666666666667
10229,5,0.0
10237,5,0.06666666666666667
10240,5,0.06666666666666667
10244,5,0.13333333333333333
10246,5,0.06666666666666667
10249,5,0.0
10260,5,0.13333333333333333
10269,5,0.0
10272,5,0.13333333333333333
10274,5,0.06666666666666667
10275,5,0.0
10276,5,0.06666666666666667
10281,5,0.0
10285,5,0.0
10287,5,0.0
10303,5,0.0
10305,5,0.06666666666666667
10306,5,0.0
10307,5,0.0
10320,5,0.0
10323,5,0.0
10324,5,0.0
10329,5,0.06666666666666667
10330,5,0.06666666666666667
10332,5,0.0
10333,5,0.0
10346,5,0.13333333333333333
10351,5,0.0
10366,5,0.06666666666666667
10368,5,0.0
10377,5,0.0
10380,5,0.06666666666666667
10392,5,0.0
10395,5,0.06666666666666667
10396,5,0.13333333333333333
10404,5,0.06666666666666667
10408,5,0.0
10412,5,0.0
10413,5,0.06666666666666667
10418,5,0.06666666666666667
10420,5,0.06666666666666667
10438,5,0.0
10446,5,0.0
10458,5,0.0
10465,5,0.0
10466,5,0.13333333333333333
10478,5,0.0
10496,5,0.06666666666666667
10503,5,0.06666666666666667
10504,5,0.2
10506,5,0.06666666666666667
10508,5,0.0
10512,5,0.0
10524,5,0.06666666666666667
10545,5,0.06666666666666667
10547,5,0.0
10550,5,0.06666666666666667
10552,5,0.06666666666666667
10555,5,0.2
10557,5,0.06666666666666667
10559,5,0.0
10560,5,0.0
10564,5,0.0
10577,5,0.06666666666666667
10580,5,0.0
10582,5,0.0
10583,5,0.06666666666666667
10596,5,0.06666666666666667
10602,5,0.0
10603,5,0.0
10604,5,0.06666666666666667
10606,5,0.0
10611,5,0.0
10620,5,0.13333333333333333
10623,5,0.0
10630,5,0.06666666666666667
10633,5,0.0
10634,5,0.0
10637,5,0.06666666666666667
10648,5,0.13333333333333333
10654,5,0.13333333333333333
10664,5,0.13333333333333333
10665,5,0.06666666666666667
10669,5,0.0
10674,5,0.0
10680,5,0.0
10682,5,0.06666666666666667
10685,5,0.06666666666666667
10690,5,0.06666666666666667
10693,5,0.0
10702,5,0.06666666666666667
10707,5,0.0
10709,5,0.0
10716,5,0.0
10730,5,0.0
10743,5,0.2
10746,5,0.06666666666666667
10748,5,0.06666666666666667
10751,5,0.0
10754,5,0.06666666666666667
10756,5,0.0
10761,5,0.0
10769,5,0.0
10777,5,0.0
10788,5,0.13333333333333333
10791,5,0.0
10794,5,0.06666666666666667
10797,5,0.06666666666666667
10798,5,0.06666666666666667
10804,5,0.0
10808,5,0.06666666666666667
10811,5,0.13333333333333333
10819,5,0.06666666666666667
10829,5,0.0
10836,5,0.0
10842,5,0.06666666666666667
10845,5,0.0
10851,5,0.0
10852,5,0.0
10853,5,0.13333333333333333
10862,5,0.0
10867,5,0.06666666666666667
10885,5,0.0
10888,5,0.06666666666666667
10893,5,0.0
10895,5,0.06666666666666667
10899,5,0.0
10911,5,0.13333333333333333
10917,5,0.13333333333333333
10928,5,0.06666666666666667
10932,5,0.0
10944,5,0.13333333333333333
10952,5,0.0
10956,5,0.0
10970,5,0.06666666666666667
10971,5,0.13333333333333333
10972,5,0.0
10980,5,0.0
10987,5,0.26666666666666666
10989,5,0.0
10997,5,0.0
11000,5,0.0
11006,5,0.0
11007,5,0.0
11012,5,0.06666666666666667
11013,5,0.06666666666666667
11038,5,0.0
11043,5,0.0
11049,5,0.0
11064,5,0.0
11071,5,0.06666666666666667
11092,5,0.06666666666666667
11096,5,0.06666666666666667
11101,5,0.0
11122,5,0.13333333333333333
11134,5,0.13333333333333333
11136,5,0.0
11139,5,0.0
11148,5,0.13333333333333333
11152,5,0.0
11181,5,0.0
11186,5,0.0
11199,5,0.06666666666666667
11200,5,0.06666666666666667
11202,5,0.0
11203,5,0.06666666666666667
11206,5,0.0
11207,5,0.06666666666666667
11209,5,0.06666666666666667
11228,5,0.0
11250,5,0.0
11257,5,0.0
11262,5,0.0
11273,5,0.06666666666666667
11277,5,0.06666666666666667
11280,5,0.06666666666666667
11282,5,0.06666666666666667
11292,5,0.13333333333333333
11296,5,0.06666666666666667
11297,5,0.0
11300,5,0.06666666666666667
11301,5,0.0
11315,5,0.06666666666666667
11322,5,0.06666666666666667
11339,5,0.06666666666666667
11352,5,0.0
11363,5,0.0
11364,5,0.13333333333333333
11378,5,0.0
11380,5,0.0
11388,5,0.06666666666666667
11403,5,0.13333333333333333
11406,5,0.0
11409,5,0.0
11414,5,0.06666666666666667
11419,5,0.0
11420,5,0.0
11425,5,0.0
11427,5,0.06666666666666667
11431,5,0.0
11433,5,0.06666666666666667
11438,5,0.0
11449,5,0.06666666666666667
11456,5,0.0
11464,5,0.13333333333333333
11465,5,0.0
11471,5,0.13333333333333333
11477,5,0.0
11478,5,0.13333333333333333
11479,5,0.0
11481,5,0.0
11490,5,0.0
11492,5,0.06666666666666667
11496,5,0.0
11507,5,0.06666666666666667
11523,5,0.0
11545,5,0.0
11566,5,0.0
11569,5,0.13333333333333333
11585,5,0.06666666666666667
11589,5,0.0
11599,5,0.06666666666666667
11610,5,0.13333333333333333
11618,5,0.06666666666666667
11620,5,0.06666666666666667
11622,5,0.0
11626,5,0.06666666666666667
11631,5,0.0
11647,5,0.0
11657,5,0.06666666666666667
11664,5,0.0
11666,5,0.06666666666666667
11680,5,0.0
11684,5,0.0
11695,5,0.0
11696,5,0.06666666666666667
11699,5,0.06666666666666667
11700,5,0.13333333333333333
11705,5,0.06666666666666667
11706,5,0.13333333333333333
11711,5,0.0
11727,5,0.13333333333333333
11733,5,0.0
11734,5,0.06666666666666667
11740,5,0.0
11744,5,0.06666666666666667
11777,5,0.06666666666666667
11778,5,0.06666666666666667
11781,5,0.0
11787,5,0.0
11791,5,0.13333333333333333
11807,5,0.0
11813,5,0.0
11815,5,0.0
11820,5,0.06666666666666667
11829,5,0.0
11831,5,0.0
11838,5,0.06666666666666667
11846,5,0.06666666666666667
11861,5,0.06666666666666667
11864,5,0.06666666666666667
11873,5,0.0
11874,5,0.13333333333333333
11891,5,0.13333333333333333
11895,5,0.0
11896,5,0.0
11908,5,0.06666666666666667
11918,5,0.06666666666666667
11924,5,0.0
11928,5,0.0
11929,5,0.0
11935,5,0.0
11937,5,0.13333333333333333
11955,5,0.06666666666666667
11957,5,0.13333333333333333
11961,5,0.0
11962,5,0.06666666666666667
11966,5,0.13333333333333333
11967,5,0.0
11968,5,0.0
11974,5,0.06666666666666667
11985,5,0.13333333333333333
11997,5,0.06666666666666667
12003,5,0.06666666666666667
12012,5,0.0
12015,5,0.0
12018,5,0.13333333333333333
12020,5,0.13333333333333333
12036,5,0.06666666666666667
12040,5,0.0
12044,5,0.13333333333333333
12060,5,0.0
12062,5,0.13333333333333333
12070,5,0.0
12076,5,0.13333333333333333
12079,5,0.06666666666666667
12087,5,0.06666666666666667
12093,5,0.0
12094,5,0.0
12102,5,0.0
12113,5,0.0
12144,5,0.13333333333333333
12149,5,0.06666666666666667
12151,5,0.13333333333333333
12158,5,0.06666666666666667
12160,5,0.13333333333333333
12161,5,0.13333333333333333
12171,5,0.0
12174,5,0.0
12176,5,0.0
12182,5,0.06666666666666667
12189,5,0.06666666666666667
12191,5,0.13333333333333333
12197,5,0.0
12198,5,0.06666666666666667
12200,5,0.0
12206,5,0.0
12208,5,0.0
12211,5,0.0
12215,5,0.0
12220,5,0.0
12223,5,0.0
12229,5,0.0
12234,5,0.0
12247,5,0.13333333333333333
12254,5,0.0
12262,5,0.0
12263,5,0.0
12284,5,0.06666666666666667
12292,5,0.0
12311,5,0.0
12319,5,0.06666666666666667
12322,5,0.06666666666666667
12331,5,0.0
12333,5,0.06666666666666667
12334,5,0.06666666666666667
12339,5,0.0
12342,5,0.06666666666666667
12344,5,0.0
12345,5,0.0
12352,5,0.06666666666666667
12355,5,0.06666666666666667
12360,5,0.3333333333333333
12367,5,0.06666666666666667
12376,5,0.06666666666666667
12380,5,0.06666666666666667
12390,5,0.13333333333333333
12396,5,0.0
12402,5,0.0
12403,5,0.13333333333333333
12429,5,0.0
12440,5,0.06666666666666667
12447,5,0.0
12454,5,0.0
12458,5,0.06666666666666667
12469,5,0.0
12476,5,0.0
12482,5,0.06666666666666667
12488,5,0.13333333333333333
12491,5,0.06666666666666667
12493,5,0.06666666666666667
12498,5,0.06666666666666667
12504,5,0.13333333333333333
12511,5,0.13333333333333333
12518,5,0.3333333333333333
12523,5,0.06666666666666667
12527,5,0.0
12528,5,0.2
12529,5,0.06666666666666667
12531,5,0.0
12539,5,0.06666666666666667
12565,5,0.0
12569,5,0.06666666666666667
12570,5,0.26666666666666666
12577,5,0.0
12583,5,0.0
12585,5,0.06666666666666667
12586,5,0.0
12603,5,0.06666666666666667
12615,5,0.06666666666666667
12620,5,0.06666666666666667
12631,5,0.06666666666666667
12633,5,0.06666666666666667
12640,5,0.0
12643,5,0.0
12648,5,0.0
12656,5,0.13333333333333333
12676,5,0.13333333333333333
12687,5,0.0
12708,5,0.0
12710,5,0.06666666666666667
12713,5,0.2
12714,5,0.13333333333333333
12717,5,0.06666666666666667
12722,5,0.06666666666666667
12725,5,0.2
12726,5,0.0
12727,5,0.2
12733,5,0.0
12735,5,0.0
12737,5,0.06666666666666667
12740,5,0.0
12747,5,0.06666666666666667
12749,5,0.0
12753,5,0.06666666666666667
12761,5,0.0
12769,5,0.0
12783,5,0.0
12785,5,0.0
12794,5,0.06666666666666667
12795,5,0.06666666666666667
12796,5,0.06666666666666667
12800,5,0.06666666666666667
12809,5,0.06666666666666667
12817,5,0.0
12818,5,0.0
12819,5,0.0
12829,5,0.06666666666666667
12837,5,0.06666666666666667
12842,5,0.0
12850,5,0.06666666666666667
12857,5,0.13333333333333333
12858,5,0.0
12879,5,0.26666666666666666
12883,5,0.0
12885,5,0.06666666666666667
12890,5,0.0
12897,5,0.0
12911,5,0.06666666666666667
12920,5,0.06666666666666667
12923,5,0.06666666666666667
12924,5,0.06666666666666667
12930,5,0.13333333333333333
12934,5,0.2
12937,5,0.2
12938,5,0.06666666666666667
12941,5,0.0
12943,5,0.13333333333333333
12951,5,0.0
12952,5,0.0
12954,5,0.0
12960,5,0.06666666666666667
12969,5,0.06666666666666667
12971,5,0.0
12974,5,0.06666666666666667
12984,5,0.06666666666666667
12986,5,0.0
12998,5,0.13333333333333333
13002,5,0.13333333333333333
13005,5,0.0
13007,5,0.06666666666666667
13011,5,0.06666666666666667
13024,5,0.0
13027,5,0.06666666666666667
13030,5,0.2
13050,5,0.0
13054,5,0.13333333333333333
13061,5,0.2
13064,5,0.06666666666666667
13068,5,0.13333333333333333
13069,5,0.0
13081,5,0.06666666666666667
13089,5,0.06666666666666667
13097,5,0.06666666666666667
13104,5,0.0
13111,5,0.06666666666666667
13129,5,0.0
13131,5,0.13333333333333333
13134,5,0.06666666666666667
13139,5,0.0
13153,5,0.0
13171,5,0.06666666666666667
13182,5,0.06666666666666667
13209,5,0.13333333333333333
13214,5,0.13333333333333333
13215,5,0.0
13216,5,0.06666666666666667
13223,5,0.06666666666666667
13234,5,0.0
13242,5,0.2
13245,5,0.06666666666666667
13250,5,0.06666666666666667
13251,5,0.2
13253,5,0.0
13271,5,0.06666666666666667
13272,5,0.13333333333333333
13286,5,0.13333333333333333
13309,5,0.13333333333333333
13319,5,0.06666666666666667
13339,5,0.0
13344,5,0.06666666666666667
13348,5,0.0
13350,5,0.0
13359,5,0.0
13365,5,0.06666666666666667
13373,5,0.0
13375,5,0.0
13378,5,0.0
13381,5,0.06666666666666667
13386,5,0.13333333333333333
13409,5,0.0
13425,5,0.06666666666666667
13426,5,0.0
13432,5,0.0
13442,5,0.2
13444,5,0.06666666666666667
13449,5,0.0
13454,5,0.0
13459,5,0.0
13471,5,0.06666666666666667
13489,5,0.13333333333333333
13501,5,0.0
13503,5,0.06666666666666667
13505,5,0.0
13523,5,0.13333333333333333
13525,5,0.0
13537,5,0.06666666666666667
13559,5,0.0
13568,5,0.0
13571,5,0.06666666666666667
13585,5,0.13333333333333333
13586,5,0.13333333333333333
13591,5,0.06666666666666667
13592,5,0.06666666666666667
13594,5,0.06666666666666667
13611,5,0.0
13619,5,0.06666666666666667
13621,5,0.06666666666666667
13627,5,0.06666666666666667
13632,5,0.06666666666666667
13634,5,0.06666666666666667
13635,5,0.06666666666666667
13643,5,0.0
13662,5,0.0
13671,5,0.0
13673,5,0.2
13682,5,0.0
13687,5,0.0
13690,5,0.0
13691,5,0.06666666666666667
13693,5,0.06666666666666667
13698,5,0.06666666666666667
13709,5,0.06666666666666667
13719,5,0.13333333333333333
13721,5,0.13333333333333333
13744,5,0.2
13745,5,0.06666666666666667
13751,5,0.06666666666666667
13755,5,0.0
13756,5,0.13333333333333333
13757,5,0.06666666666666667
13771,5,0.0
13772,5,0.0
13783,5,0.0
13787,5,0.2
13815,5,0.06666666666666667
13823,5,0.2
13827,5,0.2
13838,5,0.06666666666666667
13840,5,0.2
13846,5,0.26666666666666666
13848,5,0.3333333333333333
13860,5,0.13333333333333333
13868,5,0.2
13870,5,0.26666666666666666
13879,5,0.06666666666666667
13883,5,0.06666666666666667
13885,5,0.06666666666666667
13892,5,0.0
13893,5,0.06666666666666667
13898,5,0.06666666666666667
13899,5,0.06666666666666667
13909,5,0.06666666666666667
13919,5,0.26666666666666666
13924,5,0.13333333333333333
13927,5,0.06666666666666667
13928,5,0.13333333333333333
13931,5,0.06666666666666667
13934,5,0.06666666666666667
13936,5,0.2
13937,5,0.13333333333333333
13967,5,0.13333333333333333
13969,5,0.0
13975,5,0.13333333333333333
13976,5,0.0
13981,5,0.0
13983,5,0.06666666666666667
13985,5,0.13333333333333333
13989,5,0.13333333333333333
13990,5,0.06666666666666667
13991,5,0.0
13996,5,0.13333333333333333
14010,5,0.0
14011,5,0.26666666666666666
14015,5,0.13333333333333333
14022,5,0.13333333333333333
14032,5,0.13333333333333333
14038,5,0.13333333333333333
14047,5,0.0
14051,5,0.06666666666666667
14052,5,0.2
14060,5,0.13333333333333333
14066,5,0.0
14067,5,0.0
14071,5,0.0
14075,5,0.06666666666666667
14076,5,0.13333333333333333
14081,5,0.06666666666666667
14090,5,0.0
14098,5,0.0
14104,5,0.0
14122,5,0.0
14129,5,0.0
14133,5,0.06666666666666667
14135,5,0.06666666666666667
14137,5,0.06666666666666667
14147,5,0.13333333333333333
14156,5,0.13333333333333333
14162,5,0.06666666666666667
14164,5,0.0
14165,5,0.0
14167,5,0.2
14169,5,0.0
14176,5,0.0
14203,5,0.13333333333333333
14204,5,0.0
14210,5,0.13333333333333333
14217,5,0.0
14218,5,0.06666666666666667
14224,5,0.0
14231,5,0.06666666666666667
14252,5,0.0
14271,5,0.0
14282,5,0.06666666666666667
14291,5,0.06666666666666667
14296,5,0.06666666666666667
14310,5,0.06666666666666667
14316,5,0.13333333333333333
14318,5,0.06666666666666667
14324,5,0.06666666666666667
14327,5,0.06666666666666667
14330,5,0.0
14336,5,0.0
14344,5,0.06666666666666667
14346,5,0.0
14358,5,0.06666666666666667
14365,5,0.0
14369,5,0.0
14373,5,0.0
14380,5,0.06666666666666667
14391,5,0.06666666666666667
14401,5,0.0
14406,5,0.06666666666666667
14442,5,0.06666666666666667
14446,5,0.0
14450,5,0.13333333333333333
14452,5,0.06666666666666667
14456,5,0.0
14459,5,0.06666666666666667
14460,5,0.0
14463,5,0.0
14470,5,0.0
14482,5,0.0
14497,5,0.0
14498,5,0.06666666666666667
14503,5,0.13333333333333333
14518,5,0.13333333333333333
14525,5,0.0
14534,5,0.06666666666666667
14541,5,0.13333333333333333
14546,5,0.06666666666666667
14547,5,0.13333333333333333
14549,5,0.0
14558,5,0.0
14559,5,0.13333333333333333
14562,5,0.0
14569,5,0.0
14571,5,0.0
14580,5,0.0
14581,5,0.0
14587,5,0.13333333333333333
14589,5,0.0
14595,5,0.0
14598,5,0.13333333333333333
14602,5,0.06666666666666667
14603,5,0.0
14607,5,0.0
14629,5,0.0
14630,5,0.0
14638,5,0.2
14643,5,0.13333333333333333
14649,5,0.13333333333333333
14650,5,0.06666666666666667
14653,5,0.0
14660,5,0.06666666666666667
14666,5,0.06666666666666667
14668,5,0.06666666666666667
14671,5,0.06666666666666667
14672,5,0.06666666666666667
14682,5,0.06666666666666667
14684,5,0.06666666666666667
14687,5,0.0
14688,5,0.06666666666666667
14692,5,0.06666666666666667
14694,5,0.13333333333333333
14702,5,0.0
14707,5,0.0
14710,5,0.2
14715,5,0.0
14717,5,0.06666666666666667
14718,5,0.06666666666666667
14731,5,0.0
14746,5,0.0
14757,5,0.0
14760,5,0.2
14769,5,0.0
14775,5,0.06666666666666667
14777,5,0.06666666666666667
14784,5,0.06666666666666667
14785,5,0.06666666666666667
14787,5,0.0
14791,5,0.0
14793,5,0.0
14803,5,0.0
14816,5,0.06666666666666667
14818,5,0.06666666666666667
14823,5,0.0
14826,5,0.06666666666666667
14830,5,0.13333333333333333
14835,5,0.0
14847,5,0.06666666666666667
14848,5,0.06666666666666667
14866,5,0.06666666666666667
14882,5,0.06666666666666667
14885,5,0.06666666666666667
14896,5,0.0
14898,5,0.13333333333333333
14903,5,0.06666666666666667
14917,5,0.06666666666666667
14924,5,0.06666666666666667
14928,5,0.06666666666666667
14936,5,0.0
14944,5,0.13333333333333333
14955,5,0.0
14959,5,0.06666666666666667
14964,5,0.0
14974,5,0.2
14976,5,0.06666666666666667
14983,5,0.0
14991,5,0.13333333333333333
14999,5,0.2
15002,5,0.2
15006,5,0.13333333333333333
15028,5,0.13333333333333333
15034,5,0.06666666666666667
15037,5,0.0
15045,5,0.0
15049,5,0.06666666666666667
15055,5,0.06666666666666667
15063,5,0.13333333333333333
15070,5,0.13333333333333333
15083,5,0.0
15093,5,0.13333333333333333
15106,5,0.0
15114,5,0.06666666666666667
15126,5,0.06666666666666667
15129,5,0.06666666666666667
15131,5,0.06666666666666667
15137,5,0.0
15148,5,0.0
15151,5,0.0
15158,5,0.06666666666666667
15159,5,0.13333333333333333
15168,5,0.13333333333333333
15182,5,0.06666666666666667
15197,5,0.0
15198,5,0.0
15202,5,0.26666666666666666
15206,5,0.13333333333333333
15224,5,0.0
15229,5,0.06666666666666667
15230,5,0.06666666666666667
15232,5,0.06666666666666667
15234,5,0.06666666666666667
15239,5,0.06666666666666667
15242,5,0.06666666666666667
15245,5,0.0
15253,5,0.06666666666666667
15259,5,0.06666666666666667
15267,5,0.0
15269,5,0.0
15275,5,0.0
15280,5,0.06666666666666667
15281,5,0.06666666666666667
15284,5,0.06666666666666667
15297,5,0.13333333333333333
15299,5,0.0
15306,5,0.2
15307,5,0.06666666666666667
15309,5,0.06666666666666667
15311,5,0.0
15314,5,0.06666666666666667
15316,5,0.0
15322,5,0.13333333333333333
15331,5,0.06666666666666667
15339,5,0.13333333333333333
15346,5,0.13333333333333333
15356,5,0.0
15357,5,0.0
15367,5,0.06666666666666667
15371,5,0.06666666666666667
15383,5,0.13333333333333333
15391,5,0.13333333333333333
15398,5,0.13333333333333333
15399,5,0.06666666666666667
15402,5,0.06666666666666667
15405,5,0.06666666666666667
15415,5,0.0
15419,5,0.13333333333333333
15426,5,0.06666666666666667
15429,5,0.0
15430,5,0.06666666666666667
15434,5,0.13333333333333333
15442,5,0.06666666666666667
15445,5,0.06666666666666667
15455,5,0.0
15457,5,0.13333333333333333
15462,5,0.0
15473,5,0.06666666666666667
15486,5,0.0
15488,5,0.13333333333333333
15497,5,0.0
15502,5,0.13333333333333333
15505,5,0.06666666666666667
15515,5,0.0
15520,5,0.0
15522,5,0.0
15524,5,0.06666666666666667
15539,5,0.26666666666666666
15541,5,0.06666666666666667
15544,5,0.0
15554,5,0.06666666666666667
15560,5,0.06666666666666667
15562,5,0.0
15579,5,0.0
15589,5,0.0
15590,5,0.2
15592,5,0.06666666666666667
15594,5,0.0
15597,5,0.2
15599,5,0.13333333333333333
15601,5,0.0
15602,5,0.0
15603,5,0.0
15610,5,0.0
15616,5,0.06666666666666667
15635,5,0.06666666666666667
15636,5,0.0
15639,5,0.13333333333333333
15640,5,0.06666666666666667
15643,5,0.0
15650,5,0.0
15652,5,0.06666666666666667
15657,5,0.13333333333333333
15658,5,0.0
15665,5,0.06666666666666667
15667,5,0.0
15668,5,0.0
15669,5,0.0
15671,5,0.06666666666666667
15675,5,0.06666666666666667
15678,5,0.0
15679,5,0.13333333333333333
15680,5,0.13333333333333333
15681,5,0.13333333333333333
15694,5,0.0
15709,5,0.13333333333333333
15718,5,0.0
15721,5,0.13333333333333333
15722,5,0.13333333333333333
15743,5,0.06666666666666667
15753,5,0.06666666666666667
15759,5,0.13333333333333333
15769,5,0.0
15774,5,0.0
15800,5,0.26666666666666666
15803,5,0.0
15814,5,0.0
15837,5,0.06666666666666667
15839,5,0.0
15842,5,0.06666666666666667
15866,5,0.06666666666666667
15890,5,0.0
15900,5,0.06666666666666667
15904,5,0.0
15906,5,0.0
15919,5,0.0
15931,5,0.0
15935,5,0.0
15938,5,0.0
15943,5,0.13333333333333333
15946,5,0.0
15950,5,0.06666666666666667
15953,5,0.0
15957,5,0.13333333333333333
15967,5,0.0
15970,5,0.0
15988,5,0.0
15990,5,0.0
15992,5,0.06666666666666667
15999,5,0.06666666666666667
16006,5,0.0
16007,5,0.2
16014,5,0.06666666666666667
16033,5,0.06666666666666667
16051,5,0.06666666666666667
16052,5,0.13333333333333333
16053,5,0.06666666666666667
16056,5,0.2
16071,5,0.0
16072,5,0.2
16077,5,0.0
16079,5,0.2
16082,5,0.2
16086,5,0.2
16100,5,0.0
16111,5,0.06666666666666667
16117,5,0.0
16121,5,0.0
16127,5,0.2
16132,5,0.06666666666666667
16140,5,0.0
16148,5,0.13333333333333333
16151,5,0.06666666666666667
16156,5,0.0
16160,5,0.06666666666666667
16165,5,0.06666666666666667
16182,5,0.06666666666666667
16183,5,0.13333333333333333
16202,5,0.0
16213,5,0.26666666666666666
16215,5,0.06666666666666667
16217,5,0.0
16227,5,0.06666666666666667
16228,5,0.06666666666666667
16232,5,0.0
16241,5,0.06666666666666667
16245,5,0.0
16247,5,0.0
16253,5,0.13333333333333333
16254,5,0.06666666666666667
16262,5,0.0
16268,5,0.06666666666666667
16280,5,0.06666666666666667
16283,5,0.13333333333333333
16291,5,0.0
16297,5,0.13333333333333333
16303,5,0.06666666666666667
16310,5,0.2
16314,5,0.06666666666666667
16317,5,0.13333333333333333
16318,5,0.2
16321,5,0.2
16341,5,0.0
16352,5,0.13333333333333333
16361,5,0.06666666666666667
16370,5,0.0
16373,5,0.0
16375,5,0.06666666666666667
16384,5,0.06666666666666667
16388,5,0.06666666666666667
16389,5,0.06666666666666667
16390,5,0.13333333333333333
16391,5,0.0
16409,5,0.0
16418,5,0.06666666666666667
16426,5,0.2
16430,5,0.13333333333333333
16433,5,0.2
16452,5,0.0
16453,5,0.0
16455,5,0.0
16456,5,0.13333333333333333
16459,5,0.2
16461,5,0.0
16471,5,0.06666666666666667
16478,5,0.13333333333333333
16483,5,0.0
16486,5,0.0
16495,5,0.13333333333333333
16500,5,0.06666666666666667
16503,5,0.06666666666666667
16507,5,0.13333333333333333
16509,5,0.0
16510,5,0.13333333333333333
16512,5,0.0
16516,5,0.06666666666666667
16517,5,0.13333333333333333
16526,5,0.0
16527,5,0.06666666666666667
16535,5,0.06666666666666667
16542,5,0.13333333333333333
16546,5,0.13333333333333333
16552,5,0.0
16584,5,0.2
16587,5,0.06666666666666667
16591,5,0.13333333333333333
16597,5,0.06666666666666667
16603,5,0.0
16609,5,0.13333333333333333
16621,5,0.0
16623,5,0.13333333333333333
16633,5,0.0
16641,5,0.06666666666666667
16643,5,0.13333333333333333
16654,5,0.2
16665,5,0.13333333333333333
16674,5,0.06666666666666667
16691,5,0.0
16698,5,0.06666666666666667
16709,5,0.0
16713,5,0.13333333333333333
16716,5,0.0
16725,5,0.0
16731,5,0.0
16737,5,0.0
16743,5,0.06666666666666667
16747,5,0.06666666666666667
16750,5,0.0
16752,5,0.13333333333333333
16758,5,0.0
16765,5,0.0
16779,5,0.13333333333333333
16786,5,0.0
16791,5,0.06666666666666667
16793,5,0.13333333333333333
16794,5,0.13333333333333333
16795,5,0.0
16801,5,0.06666666666666667
16804,5,0.0
16808,5,0.0
16810,5,0.06666666666666667
16826,5,0.06666666666666667
16830,5,0.0
16832,5,0.06666666666666667
16835,5,0.0
16842,5,0.06666666666666667
16845,5,0.0
16851,5,0.06666666666666667
16864,5,0.0
16869,5,0.0
16882,5,0.0
16891,5,0.0
16898,5,0.0
16900,5,0.06666666666666667
16910,5,0.13333333333333333
16923,5,0.13333333333333333
16939,5,0.0
16949,5,0.0
16950,5,0.06666666666666667
16963,5,0.0
16976,5,0.06666666666666667
16995,5,0.0
17010,5,0.0
17014,5,0.06666666666666667
17028,5,0.06666666666666667
17030,5,0.0
17034,5,0.0
17037,5,0.0
17041,5,0.06666666666666667
17048,5,0.13333333333333333
17050,5,0.0
17057,5,0.06666666666666667
17058,5,0.0
17059,5,0.06666666666666667
17064,5,0.13333333333333333
17072,5,0.06666666666666667
17077,5,0.0
17081,5,0.13333333333333333
17085,5,0.13333333333333333
17106,5,0.13333333333333333
17125,5,0.06666666666666667
17131,5,0.06666666666666667
17154,5,0.06666666666666667
17165,5,0.13333333333333333
17166,5,0.06666666666666667
17180,5,0.0
17185,5,0.13333333333333333
17186,5,0.06666666666666667
17199,5,0.0
17204,5,0.0
17221,5,0.06666666666666667
17222,5,0.0
17224,5,0.13333333333333333
17237,5,0.06666666666666667
17239,5,0.06666666666666667
17240,5,0.0
17242,5,0.13333333333333333
17243,5,0.0
17248,5,0.06666666666666667
17253,5,0.13333333333333333
17257,5,0.06666666666666667
17286,5,0.0
17300,5,0.0
17305,5,0.13333333333333333
17306,5,0.13333333333333333
17323,5,0.06666666666666667
17328,5,0.0
17330,5,0.13333333333333333
17344,5,0.0
17355,5,0.06666666666666667
17356,5,0.13333333333333333
17370,5,0.06666666666666667
17375,5,0.06666666666666667
17379,5,0.06666666666666667
17381,5,0.0
17384,5,0.06666666666666667
17401,5,0.06666666666666667
17413,5,0.0
17415,5,0.0
17432,5,0.06666666666666667
17434,5,0.06666666666666667
17446,5,0.13333333333333333
17450,5,0.06666666666666667
17460,5,0.06666666666666667
17480,5,0.0
17489,5,0.13333333333333333
17494,5,0.06666666666666667
17495,5,0.06666666666666667
17496,5,0.0
17497,5,0.13333333333333333
17500,5,0.06666666666666667
17501,5,0.0
17508,5,0.0
17515,5,0.06666666666666667
17516,5,0.06666666666666667
17527,5,0.06666666666666667
17533,5,0.0
17542,5,0.13333333333333333
17563,5,0.13333333333333333
17565,5,0.0
17570,5,0.06666666666666667
17578,5,0.13333333333333333
17584,5,0.2
17587,5,0.13333333333333333
17591,5,0.13333333333333333
17595,5,0.0
17598,5,0.13333333333333333
17601,5,0.06666666666666667
17607,5,0.06666666666666667
17618,5,0.06666666666666667
17622,5,0.06666666666666667
17629,5,0.06666666666666667
17638,5,0.0
17639,5,0.0
17640,5,0.0
17642,5,0.06666666666666667
17649,5,0.06666666666666667
17672,5,0.0
17675,5,0.06666666666666667
17685,5,0.06666666666666667
17687,5,0.13333333333333333
17703,5,0.0
17713,5,0.0
17726,5,0.06666666666666667
17727,5,0.13333333333333333
17746,5,0.0
17756,5,0.06666666666666667
17765,5,0.06666666666666667
17768,5,0.0
17770,5,0.0
17787,5,0.0
17797,5,0.13333333333333333
17801,5,0.13333333333333333
17803,5,0.13333333333333333
17808,5,0.0
17811,5,0.13333333333333333
17813,5,0.0
17816,5,0.0
17825,5,0.0
17828,5,0.13333333333333333
17834,5,0.13333333333333333
17840,5,0.0
17842,5,0.06666666666666667
17847,5,0.0
17853,5,0.06666666666666667
17854,5,0.06666666666666667
17864,5,0.26666666666666666
17873,5,0.0
17875,5,0.0
17890,5,0.0
17909,5,0.0
17910,5,0.26666666666666666
17911,5,0.0
17915,5,0.13333333333333333
17929,5,0.06666666666666667
17937,5,0.0
17945,5,0.13333333333333333
17949,5,0.13333333333333333
17955,5,0.0
17961,5,0.0
17967,5,0.0
17972,5,0.06666666666666667
17984,5,0.06666666666666667
17987,5,0.06666666666666667
17988,5,0.0
17993,5,0.0
18002,5,0.0
18006,5,0.0
18009,5,0.06666666666666667
18010,5,0.0
18024,5,0.06666666666666667
18026,5,0.06666666666666667
18042,5,0.0
18045,5,0.06666666666666667
18048,5,0.2
18050,5,0.0
18054,5,0.13333333333333333
18059,5,0.06666666666666667
18060,5,0.06666666666666667
18066,5,0.13333333333333333
18081,5,0.13333333333333333
18082,5,0.06666666666666667
18084,5,0.2
18090,5,0.13333333333333333
18093,5,0.13333333333333333
18105,5,0.06666666666666667
18110,5,0.06666666666666667
18114,5,0.13333333333333333
18125,5,0.0
18131,5,0.06666666666666667
18133,5,0.0
18138,5,0.13333333333333333
18153,5,0.0
18154,5,0.0
18158,5,0.0
18161,5,0.06666666666666667
18162,5,0.06666666666666667
18164,5,0.0
18172,5,0.0
18177,5,0.0
18179,5,0.0
18182,5,0.06666666666666667
18185,5,0.06666666666666667
18192,5,0.0
18197,5,0.13333333333333333
18211,5,0.06666666666666667
18212,5,0.06666666666666667
18214,5,0.0
18217,5,0.06666666666666667
18220,5,0.0
18221,5,0.06666666666666667
18222,5,0.06666666666666667
18223,5,0.06666666666666667
18224,5,0.0
18232,5,0.06666666666666667
18233,5,0.0
18237,5,0.06666666666666667
18259,5,0.0
18275,5,0.0
18280,5,0.06666666666666667
18288,5,0.06666666666666667
18293,5,0.0
18297,5,0.0
18299,5,0.06666666666666667
18304,5,0.06666666666666667
18307,5,0.06666666666666667
18315,5,0.0
18317,5,0.0
18320,5,0.06666666666666667
18323,5,0.0
18324,5,0.0
18333,5,0.0
18349,5,0.13333333333333333
18351,5,0.13333333333333333
18353,5,0.0
18356,5,0.13333333333333333
18366,5,0.0
18373,5,0.06666666666666667
18375,5,0.0
18378,5,0.06666666666666667
18382,5,0.06666666666666667
18388,5,0.06666666666666667
18389,5,0.06666666666666667
18390,5,0.0
18399,5,0.06666666666666667
18401,5,0.0
18410,5,0.13333333333333333
18424,5,0.13333333333333333
18425,5,0.0
18438,5,0.0
18441,5,0.0
18448,5,0.06666666666666667
18468,5,0.06666666666666667
18478,5,0.13333333333333333
18487,5,0.0
18491,5,0.0
18500,5,0.0
18507,5,0.0
18513,5,0.06666666666666667
18535,5,0.06666666666666667
18544,5,0.13333333333333333
18549,5,0.0
18557,5,0.0
18563,5,0.06666666666666667
18568,5,0.13333333333333333
18572,5,0.13333333333333333
18578,5,0.13333333333333333
18596,5,0.0
18599,5,0.0
18618,5,0.13333333333333333
18625,5,0.06666666666666667
18627,5,0.13333333333333333
18628,5,0.0
18629,5,0.06666666666666667
18630,5,0.26666666666666666
18633,5,0.0
18637,5,0.06666666666666667
18650,5,0.06666666666666667
18655,5,0.0
18660,5,0.06666666666666667
18661,5,0.0
18667,5,0.0
18668,5,0.0
18670,5,0.06666666666666667
18672,5,0.0
18684,5,0.0
18691,5,0.0
18694,5,0.0
18705,5,0.13333333333333333
18710,5,0.06666666666666667
18717,5,0.0
18718,5,0.13333333333333333
18741,5,0.13333333333333333
18748,5,0.13333333333333333
18753,5,0.06666666666666667
18763,5,0.0
18764,5,0.06666666666666667
18772,5,0.0
18776,5,0.0
18788,5,0.0
18792,5,0.0
18793,5,0.0
18794,5,0.0
18802,5,0.06666666666666667
18806,5,0.2
18809,5,0.06666666666666667
18813,5,0.13333333333333333
18826,5,0.13333333333333333
18834,5,0.06666666666666667
18836,5,0.0
18843,5,0.0
18850,5,0.0
18863,5,0.06666666666666667
18867,5,0.0
18880,5,0.0
18884,5,0.0
18885,5,0.06666666666666667
18886,5,0.06666666666666667
18892,5,0.06666666666666667
18898,5,0.06666666666666667
18931,5,0.06666666666666667
18936,5,0.13333333333333333
18947,5,0.0
18954,5,0.26666666666666666
18958,5,0.0
18960,5,0.0
18961,5,0.3333333333333333
18969,5,0.06666666666666667
18976,5,0.0
18978,5,0.0
18993,5,0.06666666666666667
19014,5,0.0
19017,5,0.06666666666666667
19030,5,0.2
19033,5,0.13333333333333333
19034,5,0.06666666666666667
19042,5,0.26666666666666666
19044,5,0.06666666666666667
19048,5,0.0
19055,5,0.0
19059,5,0.0
19067,5,0.0
19075,5,0.0
19080,5,0.0
19090,5,0.0
19092,5,0.13333333333333333
19112,5,0.13333333333333333
19115,5,0.06666666666666667
19122,5,0.0
19124,5,0.0
19127,5,0.0
19156,5,0.2
19165,5,0.06666666666666667
19182,5,0.06666666666666667
19183,5,0.06666666666666667
19212,5,0.06666666666666667
19213,5,0.13333333333333333
19225,5,0.0
19228,5,0.0
19230,5,0.06666666666666667
19243,5,0.06666666666666667
19260,5,0.0
19263,5,0.0
19265,5,0.06666666666666667
19277,5,0.06666666666666667
19280,5,0.2
19281,5,0.0
19286,5,0.06666666666666667
19296,5,0.06666666666666667
19298,5,0.0
19306,5,0.0
19312,5,0.06666666666666667
19318,5,0.0
19324,5,0.0
19325,5,0.0
19330,5,0.0
19337,5,0.0
19342,5,0.0
19344,5,0.0
19345,5,0.06666666666666667
19348,5,0.0
19352,5,0.06666666666666667
19357,5,0.0
19358,5,0.0
19364,5,0.06666666666666667
19371,5,0.06666666666666667
19375,5,0.06666666666666667
19380,5,0.06666666666666667
19393,5,0.13333333333333333
19396,5,0.0
19407,5,0.13333333333333333
19408,5,0.0
19410,5,0.06666666666666667
19433,5,0.06666666666666667
19436,5,0.13333333333333333
19443,5,0.0
19461,5,0.2
19463,5,0.0
19467,5,0.0
19481,5,0.0
19494,5,0.06666666666666667
19502,5,0.06666666666666667
19506,5,0.13333333333333333
19508,5,0.0
19512,5,0.06666666666666667
19545,5,0.2
19552,5,0.0
19567,5,0.0
19570,5,0.06666666666666667
19578,5,0.06666666666666667
19588,5,0.13333333333333333
19591,5,0.06666666666666667
19594,5,0.06666666666666667
19597,5,0.0
19598,5,0.0
19602,5,0.13333333333333333
19630,5,0.06666666666666667
19631,5,0.06666666666666667
19639,5,0.13333333333333333
19649,5,0.06666666666666667
19653,5,0.0
19660,5,0.0
19663,5,0.0
19669,5,0.13333333333333333
19677,5,0.0
19682,5,0.06666666666666667
19699,5,0.06666666666666667
19702,5,0.06666666666666667
19706,5,0.06666666666666667
19717,5,0.0
19718,5,0.13333333333333333
19719,5,0.06666666666666667
19720,5,0.13333333333333333
19734,5,0.0
19762,5,0.06666666666666667
19770,5,0.0
19777,5,0.06666666666666667
19781,5,0.0
19782,5,0.0
19787,5,0.13333333333333333
19797,5,0.06666666666666667
19799,5,0.13333333333333333
19801,5,0.0
19804,5,0.0
19805,5,0.06666666666666667
19809,5,0.0
19813,5,0.13333333333333333
19814,5,0.0
19816,5,0.0
19817,5,0.0
19822,5,0.13333333333333333
19827,5,0.06666666666666667
19838,5,0.06666666666666667
19839,5,0.0
19845,5,0.0
19846,5,0.0
19850,5,0.13333333333333333
19860,5,0.06666666666666667
19861,5,0.06666666666666667
19863,5,0.0
19881,5,0.13333333333333333
19882,5,0.13333333333333333
19885,5,0.06666666666666667
19887,5,0.0
19893,5,0.06666666666666667
19897,5,0.06666666666666667
19915,5,0.13333333333333333
19920,5,0.0
19925,5,0.0
19926,5,0.0
19927,5,0.0
19935,5,0.06666666666666667
19937,5,0.06666666666666667
19943,5,0.0
19949,5,0.06666666666666667
19955,5,0.06666666666666667
19957,5,0.06666666666666667
19965,5,0.0
19967,5,0.06666666666666667
19969,5,0.06666666666666667
19970,5,0.06666666666666667
19996,5,0.0
20012,5,0.0
20021,5,0.06666666666666667
20026,5,0.0
20033,5,0.06666666666666667
20046,5,0.06666666666666667
20047,5,0.0
20054,5,0.06666666666666667
20062,5,0.06666666666666667
20067,5,0.06666666666666667
20068,5,0.06666666666666667
20086,5,0.06666666666666667
20098,5,0.0
20100,5,0.06666666666666667
20104,5,0.0
20118,5,0.0
20143,5,0.06666666666666667
20144,5,0.06666666666666667
20151,5,0.0
20152,5,0.06666666666666667
20162,5,0.06666666666666667
20166,5,0.13333333333333333
20167,5,0.06666666666666667
20181,5,0.06666666666666667
20186,5,0.0
20187,5,0.06666666666666667
20199,5,0.13333333333333333
20203,5,0.06666666666666667
20205,5,0.06666666666666667
20213,5,0.2
20214,5,0.06666666666666667
20217,5,0.06666666666666667
20223,5,0.06666666666666667
20224,5,0.13333333333333333
20232,5,0.0
20239,5,0.13333333333333333
20241,5,0.0
20243,5,0.0
20247,5,0.06666666666666667
20249,5,0.0
20256,5,0.0
20262,5,0.06666666666666667
20263,5,0.13333333333333333
20272,5,0.13333333333333333
20275,5,0.06666666666666667
20279,5,0.2
20281,5,0.06666666666666667
20285,5,0.0
20308,5,0.0
20309,5,0.0
20313,5,0.0
20315,5,0.0
20318,5,0.0
20321,5,0.06666666666666667
20324,5,0.0
20326,5,0.0
20330,5,0.0
20336,5,0.0
20342,5,0.06666666666666667
20344,5,0.0
20353,5,0.0
20354,5,0.06666666666666667
20355,5,0.06666666666666667
20357,5,0.06666666666666667
20359,5,0.06666666666666667
20375,5,0.06666666666666667
20376,5,0.13333333333333333
20380,5,0.13333333333333333
20388,5,0.06666666666666667
20396,5,0.06666666666666667
20408,5,0.13333333333333333
20421,5,0.13333333333333333
20422,5,0.13333333333333333
20423,5,0.13333333333333333
20425,5,0.06666666666666667
20430,5,0.0
20432,5,0.13333333333333333
20435,5,0.06666666666666667
20459,5,0.0
20463,5,0.0
20468,5,0.0
20471,5,0.0
20477,5,0.0
20480,5,0.13333333333333333
20497,5,0.0
20505,5,0.13333333333333333
20514,5,0.13333333333333333
20515,5,0.13333333333333333
20535,5,0.2
20536,5,0.13333333333333333
20541,5,0.06666666666666667
20544,5,0.13333333333333333
20546,5,0.0
20555,5,0.13333333333333333
20558,5,0.06666666666666667
20572,5,0.06666666666666667
20581,5,0.0
20582,5,0.06666666666666667
20588,5,0.13333333333333333
20590,5,0.0
20601,5,0.0
20602,5,0.13333333333333333
20616,5,0.13333333333333333
20623,5,0.06666666666666667
20630,5,0.13333333333333333
20631,5,0.0
20639,5,0.0
20646,5,0.06666666666666667
20649,5,0.06666666666666667
20657,5,0.0
20658,5,0.0
20660,5,0.06666666666666667
20662,5,0.0
20664,5,0.06666666666666667
20676,5,0.06666666666666667
20683,5,0.06666666666666667
20689,5,0.06666666666666667
20693,5,0.06666666666666667
20695,5,0.06666666666666667
20696,5,0.06666666666666667
20697,5,0.06666666666666667
20703,5,0.13333333333333333
20706,5,0.13333333333333333
20714,5,0.06666666666666667
20724,5,0.0
20728,5,0.06666666666666667
20741,5,0.0
20742,5,0.0
20744,5,0.2
20749,5,0.0
20771,5,0.13333333333333333
20775,5,0.06666666666666667
20779,5,0.13333333333333333
20782,5,0.06666666666666667
20783,5,0.0
20796,5,0.0
20797,5,0.0
20808,5,0.0
20809,5,0.13333333333333333
20812,5,0.13333333333333333
20824,5,0.06666666666666667
20832,5,0.06666666666666667
20833,5,0.13333333333333333
20835,5,0.0
20843,5,0.0
20845,5,0.06666666666666667
20848,5,0.06666666666666667
20852,5,0.0
20853,5,0.0
20854,5,0.0
20857,5,0.0
20860,5,0.06666666666666667
20885,5,0.13333333333333333
20896,5,0.0
20897,5,0.0
20900,5,0.0
20908,5,0.13333333333333333
20918,5,0.06666666666666667
20923,5,0.06666666666666667
20928,5,0.0
20929,5,0.06666666666666667
20937,5,0.06666666666666667
20940,5,0.0
20948,5,0.0
20951,5,0.13333333333333333
20953,5,0.0
20954,5,0.06666666666666667
20960,5,0.13333333333333333
20961,5,0.06666666666666667
20964,5,0.13333333333333333
20969,5,0.06666666666666667
20976,5,0.0
20977,5,0.0
20981,5,0.0
20982,5,0.0
20998,5,0.0
21000,5,0.0
21006,5,0.0
21015,5,0.0
21020,5,0.06666666666666667
21033,5,0.06666666666666667
21035,5,0.13333333333333333
21037,5,0.06666666666666667
21050,5,0.13333333333333333
21053,5,0.0
21054,5,0.06666666666666667
21065,5,0.06666666666666667
21068,5,0.0
21069,5,0.13333333333333333
21079,5,0.0
21088,5,0.06666666666666667
21090,5,0.13333333333333333
21100,5,0.06666666666666667
21104,5,0.2
21105,5,0.0
21108,5,0.06666666666666667
21120,5,0.26666666666666666
21124,5,0.06666666666666667
21137,5,0.06666666666666667
21145,5,0.0
21168,5,0.06666666666666667
21173,5,0.13333333333333333
21181,5,0.13333333333333333
21182,5,0.0
21187,5,0.06666666666666667
21196,5,0.2
21197,5,0.0
21201,5,0.06666666666666667
21205,5,0.0
21213,5,0.06666666666666667
21214,5,0.06666666666666667
21219,5,0.06666666666666667
21220,5,0.06666666666666667
21223,5,0.06666666666666667
21231,5,0.0
21233,5,0.06666666666666667
21242,5,0.06666666666666667
21243,5,0.06666666666666667
21261,5,0.06666666666666667
21274,5,0.0
21277,5,0.0
21279,5,0.06666666666666667
21283,5,0.06666666666666667
21293,5,0.0
21296,5,0.13333333333333333
21298,5,0.06666666666666667
21302,5,0.0
21312,5,0.0
21318,5,0.0
21336,5,0.06666666666666667
21345,5,0.06666666666666667
21351,5,0.06666666666666667
21353,5,0.0
21378,5,0.2
21381,5,0.06666666666666667
21389,5,0.13333333333333333
21391,5,0.0
21397,5,0.0
21399,5,0.13333333333333333
21401,5,0.13333333333333333
21416,5,0.0
21418,5,0.0
21419,5,0.06666666666666667
21425,5,0.06666666666666667
21427,5,0.0
21430,5,0.0
21434,5,0.0
21442,5,0.0
21444,5,0.06666666666666667
21450,5,0.0
21469,5,0.0
21478,5,0.0
21488,5,0.13333333333333333
21493,5,0.06666666666666667
21500,5,0.0
21507,5,0.2
21510,5,0.06666666666666667
21515,5,0.0
21517,5,0.0
21518,5,0.13333333333333333
21520,5,0.0
21521,5,0.0
21523,5,0.0
21530,5,0.06666666666666667
21531,5,0.06666666666666667
21534,5,0.06666666666666667
21545,5,0.06666666666666667
21549,5,0.2
21554,5,0.06666666666666667
21560,5,0.06666666666666667
21570,5,0.13333333333333333
21571,5,0.06666666666666667
21576,5,0.0
21578,5,0.06666666666666667
21580,5,0.0
21583,5,0.06666666666666667
21591,5,0.0
21592,5,0.0
21593,5,0.0
21605,5,0.0
21618,5,0.0
21626,5,0.0
21631,5,0.06666666666666667
21644,5,0.06666666666666667
21645,5,0.06666666666666667
21651,5,0.06666666666666667
21654,5,0.13333333333333333
21658,5,0.0
21660,5,0.13333333333333333
21665,5,0.06666666666666667
21667,5,0.2
21675,5,0.0
21682,5,0.0
21686,5,0.0
21697,5,0.06666666666666667
21698,5,0.13333333333333333
21700,5,0.13333333333333333
21706,5,0.0
21718,5,0.0
21723,5,0.06666666666666667
21725,5,0.13333333333333333
21734,5,0.06666666666666667
21741,5,0.13333333333333333
21747,5,0.0
21764,5,0.13333333333333333
21765,5,0.06666666666666667
21769,5,0.06666666666666667
21775,5,0.13333333333333333
21779,5,0.13333333333333333
21780,5,0.0
21782,5,0.06666666666666667
21789,5,0.06666666666666667
21791,5,0.06666666666666667
21792,5,0.0
21796,5,0.06666666666666667
21803,5,0.0
21811,5,0.0
21816,5,0.06666666666666667
21820,5,0.0
21827,5,0.06666666666666667
21837,5,0.06666666666666667
21848,5,0.0
21852,5,0.13333333333333333
21854,5,0.0
21870,5,0.06666666666666667
21876,5,0.13333333333333333
21879,5,0.0
21887,5,0.06666666666666667
21889,5,0.06666666666666667
21892,5,0.0
21899,5,0.06666666666666667
21905,5,0.06666666666666667
21908,5,0.2
21923,5,0.06666666666666667
21954,5,0.0
21966,5,0.0
21968,5,0.06666666666666667
21969,5,0.06666666666666667
21975,5,0.0
21976,5,0.06666666666666667
21980,5,0.0
21998,5,0.06666666666666667
22001,5,0.06666666666666667
22006,5,0.0
22010,5,0.0
22011,5,0.0
22012,5,0.0
22018,5,0.13333333333333333
22021,5,0.0
22036,5,0.13333333333333333
22055,5,0.0
22068,5,0.0
22074,5,0.13333333333333333
22094,5,0.06666666666666667
22103,5,0.13333333333333333
22113,5,0.0
22119,5,0.0
22134,5,0.0
22138,5,0.0
22142,5,0.0
22148,5,0.0
22149,5,0.0
22162,5,0.0
22170,5,0.06666666666666667
22175,5,0.0
22191,5,0.06666666666666667
22193,5,0.0
22200,5,0.13333333333333333
22205,5,0.0
22207,5,0.0
22209,5,0.0
22218,5,0.06666666666666667
22219,5,0.06666666666666667
22224,5,0.0
22228,5,0.06666666666666667
22231,5,0.06666666666666667
22243,5,0.06666666666666667
22244,5,0.06666666666666667
22245,5,0.0
22258,5,0.13333333333333333
22263,5,0.06666666666666667
22264,5,0.13333333333333333
22269,5,0.06666666666666667
22270,5,0.0
22277,5,0.06666666666666667
22279,5,0.0
22284,5,0.06666666666666667
22292,5,0.0
22293,5,0.06666666666666667
22294,5,0.0
22296,5,0.0
22309,5,0.13333333333333333
22315,5,0.0
22317,5,0.06666666666666667
22332,5,0.06666666666666667
22334,5,0.0
22349,5,0.0
22353,5,0.0
22355,5,0.0
22358,5,0.06666666666666667
22365,5,0.0
22371,5,0.06666666666666667
22375,5,0.0
22379,5,0.06666666666666667
22382,5,0.2
22387,5,0.0
22390,5,0.2
22403,5,0.06666666666666667
22406,5,0.13333333333333333
22409,5,0.06666666666666667
22412,5,0.13333333333333333
22413,5,0.06666666666666667
22415,5,0.06666666666666667
22418,5,0.0
22428,5,0.06666666666666667
22457,5,0.2
22458,5,0.0
22471,5,0.0
22473,5,0.06666666666666667
22475,5,0.06666666666666667
22480,5,0.06666666666666667
22488,5,0.06666666666666667
22498,5,0.0
22501,5,0.06666666666666667
22508,5,0.0
22509,5,0.0
22512,5,0.0
22516,5,0.0
22524,5,0.0
22525,5,0.0
22527,5,0.06666666666666667
22534,5,0.0
22536,5,0.0
22537,5,0.0
22549,5,0.06666666666666667
22565,5,0.06666666666666667
22573,5,0.06666666666666667
22575,5,0.0
22582,5,0.0
22586,5,0.0
22592,5,0.06666666666666667
22597,5,0.06666666666666667
22646,5,0.06666666666666667
22650,5,0.0
22663,5,0.13333333333333333
22673,5,0.06666666666666667
22674,5,0.06666666666666667
22688,5,0.0
22692,5,0.0
22699,5,0.06666666666666667
22700,5,0.06666666666666667
22714,5,0.0
22719,5,0.06666666666666667
22725,5,0.0
22728,5,0.0
22730,5,0.06666666666666667
22732,5,0.06666666666666667
22733,5,0.13333333333333333
22755,5,0.0
22758,5,0.06666666666666667
22795,5,0.13333333333333333
22804,5,0.13333333333333333
22808,5,0.06666666666666667
22811,5,0.0
22823,5,0.06666666666666667
22825,5,0.06666666666666667
22834,5,0.0
22858,5,0.0
22859,5,0.06666666666666667
22869,5,0.06666666666666667
22870,5,0.0
22876,5,0.06666666666666667
22878,5,0.06666666666666667
22893,5,0.06666666666666667
22899,5,0.13333333333333333
22902,5,0.06666666666666667
22906,5,0.06666666666666667
22924,5,0.0
22928,5,0.0
22929,5,0.06666666666666667
22941,5,0.13333333333333333
22943,5,0.2
22952,5,0.13333333333333333
22960,5,0.06666666666666667
22981,5,0.13333333333333333
22982,5,0.0
22984,5,0.06666666666666667
22996,5,0.06666666666666667
22998,5,0.06666666666666667
23006,5,0.2
23015,5,0.13333333333333333
23019,5,0.13333333333333333
23023,5,0.13333333333333333
23024,5,0.0
23025,5,0.13333333333333333
23034,5,0.13333333333333333
23037,5,0.06666666666666667
23050,5,0.06666666666666667
23056,5,0.0
23060,5,0.0
23071,5,0.06666666666666667
23077,5,0.06666666666666667
23083,5,0.0
23084,5,0.0
23093,5,0.06666666666666667
23103,5,0.06666666666666667
23105,5,0.0
23109,5,0.0
23114,5,0.06666666666666667
23116,5,0.06666666666666667
23119,5,0.06666666666666667
23135,5,0.06666666666666667
23138,5,0.26666666666666666
23139,5,0.06666666666666667
23144,5,0.06666666666666667
23154,5,0.06666666666666667
23158,5,0.06666666666666667
23160,5,0.06666666666666667
23168,5,0.0
23170,5,0.0
23175,5,0.06666666666666667
23181,5,0.0
23202,5,0.0
23205,5,0.06666666666666667
23227,5,0.06666666666666667
23234,5,0.0
23241,5,0.06666666666666667
23242,5,0.0
23244,5,0.06666666666666667
23246,5,0.13333333333333333
23248,5,0.06666666666666667
23253,5,0.06666666666666667
23257,5,0.0
23258,5,0.0
23260,5,0.06666666666666667
23264,5,0.06666666666666667
23265,5,0.13333333333333333
23275,5,0.0
23278,5,0.2
23279,5,0.13333333333333333
23282,5,0.13333333333333333
23284,5,0.13333333333333333
23285,5,0.06666666666666667
23302,5,0.13333333333333333
23307,5,0.06666666666666667
23308,5,0.0
23310,5,0.0
23311,5,0.06666666666666667
23312,5,0.0
23315,5,0.0
23317,5,0.0
23323,5,0.06666666666666667
23328,5,0.0
23330,5,0.0
23338,5,0.13333333333333333
23345,5,0.13333333333333333
23348,5,0.06666666666666667
23352,5,0.13333333333333333
23356,5,0.0
23374,5,0.0
23376,5,0.0
23385,5,0.13333333333333333
23388,5,0.06666666666666667
23396,5,0.0
23409,5,0.06666666666666667
23410,5,0.0
23424,5,0.0
23426,5,0.06666666666666667
23438,5,0.13333333333333333
23442,5,0.0
23446,5,0.0
23471,5,0.0
23473,5,0.06666666666666667
23484,5,0.13333333333333333
23500,5,0.0
23502,5,0.06666666666666667
23514,5,0.0
23516,5,0.06666666666666667
23535,5,0.06666666666666667
23544,5,0.06666666666666667
23545,5,0.0
23549,5,0.06666666666666667
23559,5,0.0
23590,5,0.06666666666666667
23591,5,0.0
23598,5,0.06666666666666667
23604,5,0.3333333333333333
23611,5,0.0
23618,5,0.13333333333333333
23625,5,0.0
23630,5,0.0
23636,5,0.0
23642,5,0.06666666666666667
23643,5,0.06666666666666667
23667,5,0.0
23672,5,0.06666666666666667
23677,5,0.0
23678,5,0.0
23681,5,0.06666666666666667
23689,5,0.06666666666666667
23691,5,0.0
23695,5,0.13333333333333333
23697,5,0.0
23702,5,0.0
23710,5,0.06666666666666667
23718,5,0.0
23735,5,0.13333333333333333
23740,5,0.0
23742,5,0.06666666666666667
23743,5,0.13333333333333333
23757,5,0.0
23763,5,0.0
23767,5,0.13333333333333333
23774,5,0.06666666666666667
23793,5,0.06666666666666667
23802,5,0.06666666666666667
23811,5,0.0
23814,5,0.0
23826,5,0.06666666666666667
23828,5,0.06666666666666667
23831,5,0.0
23850,5,0.0
23854,5,0.13333333333333333
23856,5,0.2
23874,5,0.06666666666666667
23875,5,0.06666666666666667
23880,5,0.06666666666666667
23885,5,0.2
23903,5,0.0
23918,5,0.06666666666666667
23922,5,0.06666666666666667
23925,5,0.13333333333333333
23933,5,0.06666666666666667
23941,5,0.0
23942,5,0.13333333333333333
23952,5,0.0
23955,5,0.13333333333333333
23957,5,0.13333333333333333
23959,5,0.0
23961,5,0.06666666666666667
23966,5,0.06666666666666667
23969,5,0.06666666666666667
23972,5,0.13333333333333333
23983,5,0.06666666666666667
23988,5,0.13333333333333333
23989,5,0.0
23991,5,0.0
23999,5,0.2
24000,5,0.3333333333333333
24001,5,0.3333333333333333
24017,5,0.2
24021,5,0.0
24026,5,0.13333333333333333
24029,5,0.26666666666666666
24036,5,0.26666666666666666
24043,5,0.6
24057,5,0.13333333333333333
24061,5,0.2
24064,5,0.06666666666666667
24069,5,0.06666666666666667
24076,5,0.06666666666666667
24078,5,0.06666666666666667
24082,5,0.13333333333333333
24090,5,0.06666666666666667
24096,5,0.0
24104,5,0.06666666666666667
24106,5,0.13333333333333333
24109,5,0.0
24116,5,0.06666666666666667
24119,5,0.06666666666666667
24124,5,0.06666666666666667
24146,5,0.0
24149,5,0.0
24157,5,0.0
24159,5,0.0
24163,5,0.0
24167,5,0.06666666666666667
24168,5,0.0
24171,5,0.26666666666666666
24178,5,0.0
24179,5,0.0
24182,5,0.06666666666666667
24183,5,0.0
24184,5,0.06666666666666667
24190,5,0.0
24199,5,0.0
24201,5,0.0
24205,5,0.06666666666666667
24208,5,0.0
24210,5,0.0
24216,5,0.06666666666666667
24225,5,0.0
24234,5,0.06666666666666667
24237,5,0.0
24239,5,0.06666666666666667
24257,5,0.0
24259,5,0.0
24260,5,0.06666666666666667
24263,5,0.0
24274,5,0.06666666666666667
24294,5,0.0
24300,5,0.0
24308,5,0.0
24311,5,0.0
24317,5,0.0
24321,5,0.0
24323,5,0.0
24324,5,0.0
24330,5,0.0
24331,5,0.0
24339,5,0.0
24342,5,0.06666666666666667
24350,5,0.13333333333333333
24357,5,0.0
24364,5,0.0
24366,5,0.0
24369,5,0.0
24379,5,0.0
24387,5,0.06666666666666667
24402,5,0.0
24403,5,0.06666666666666667
24412,5,0.0
24413,5,0.06666666666666667
24416,5,0.0
24422,5,0.06666666666666667
24426,5,0.0
24428,5,0.0
24443,5,0.0
24446,5,0.0
24451,5,0.06666666666666667
24458,5,0.0
24469,5,0.0
24479,5,0.0
24485,5,0.06666666666666667
24492,5,0.06666666666666667
24506,5,0.0
24518,5,0.13333333333333333
24523,5,0.0
24524,5,0.13333333333333333
24531,5,0.0
24532,5,0.0
24545,5,0.0
24555,5,0.0
24559,5,0.13333333333333333
24561,5,0.0
24569,5,0.13333333333333333
24571,5,0.06666666666666667
24578,5,0.06666666666666667
24583,5,0.06666666666666667
24586,5,0.06666666666666667
24590,5,0.2
24592,5,0.0
24597,5,0.0
24612,5,0.0
24613,5,0.13333333333333333
24619,5,0.06666666666666667
24628,5,0.0
24634,5,0.0
24638,5,0.0
24640,5,0.06666666666666667
24647,5,0.0
24656,5,0.06666666666666667
24660,5,0.06666666666666667
24661,5,0.06666666666666667
24664,5,0.06666666666666667
24690,5,0.0
24693,5,0.0
24696,5,0.0
24707,5,0.06666666666666667
24709,5,0.0
24723,5,0.2
24738,5,0.0
24747,5,0.06666666666666667
24752,5,0.0
24761,5,0.0
24768,5,0.06666666666666667
24769,5,0.06666666666666667
24775,5,0.13333333333333333
24783,5,0.0
24785,5,0.0
24794,5,0.06666666666666667
24798,5,0.06666666666666667
24807,5,0.06666666666666667
24809,5,0.0
24819,5,0.06666666666666667
24823,5,0.0
24827,5,0.06666666666666667
24831,5,0.0
24854,5,0.06666666666666667
24863,5,0.06666666666666667
24874,5,0.0
24884,5,0.0
24892,5,0.0
24894,5,0.0
24898,5,0.0
24901,5,0.06666666666666667
24921,5,0.06666666666666667
24945,5,0.13333333333333333
24949,5,0.06666666666666667
24950,5,0.0
24951,5,0.0
24953,5,0.13333333333333333
24964,5,0.0
24969,5,0.06666666666666667
24971,5,0.06666666666666667
24977,5,0.0
24987,5,0.0
24994,5,0.2
25012,5,0.0
25013,5,0.06666666666666667
25030,5,0.0
25035,5,0.0
25040,5,0.0
25043,5,0.06666666666666667
25047,5,0.06666666666666667
25048,5,0.13333333333333333
25053,5,0.2
25054,5,0.06666666666666667
25055,5,0.06666666666666667
25058,5,0.13333333333333333
25079,5,0.0
25081,5,0.06666666666666667
25083,5,0.0
25085,5,0.06666666666666667
25086,5,0.0
25090,5,0.06666666666666667
25093,5,0.13333333333333333
25095,5,0.13333333333333333
25098,5,0.06666666666666667
25099,5,0.0
25100,5,0.06666666666666667
25101,5,0.0
25109,5,0.0
25110,5,0.0
25111,5,0.0
25121,5,0.0
25125,5,0.0
25127,5,0.13333333333333333
25148,5,0.13333333333333333
25163,5,0.0
25169,5,0.0
25175,5,0.13333333333333333
25190,5,0.06666666666666667
25193,5,0.0
25202,5,0.06666666666666667
25204,5,0.06666666666666667
25210,5,0.0
25211,5,0.06666666666666667
25221,5,0.0
25230,5,0.0
25240,5,0.06666666666666667
25249,5,0.0
25250,5,0.0
25261,5,0.06666666666666667
25276,5,0.06666666666666667
25278,5,0.0
25304,5,0.0
25325,5,0.0
25332,5,0.0
25346,5,0.0
25367,5,0.06666666666666667
25374,5,0.06666666666666667
25398,5,0.0
25401,5,0.0
25405,5,0.0
25407,5,0.0
25415,5,0.0
25416,5,0.0
25421,5,0.06666666666666667
25423,5,0.0
25437,5,0.13333333333333333
25438,5,0.0
25440,5,0.0
25441,5,0.13333333333333333
25449,5,0.06666666666666667
25454,5,0.13333333333333333
25465,5,0.0
25466,5,0.06666666666666667
25487,5,0.13333333333333333
25498,5,0.26666666666666666
25505,5,0.06666666666666667
25506,5,0.0
25511,5,0.06666666666666667
25514,5,0.13333333333333333
25520,5,0.06666666666666667
25533,5,0.13333333333333333
25535,5,0.06666666666666667
25538,5,0.06666666666666667
25553,5,0.13333333333333333
25554,5,0.06666666666666667
25562,5,0.0
25573,5,0.0
25576,5,0.0
25579,5,0.0
25589,5,0.06666666666666667
25596,5,0.06666666666666667
25607,5,0.0
25610,5,0.13333333333333333
25614,5,0.0
25617,5,0.06666666666666667
25627,5,0.06666666666666667
25632,5,0.06666666666666667
25640,5,0.0
25648,5,0.26666666666666666
25650,5,0.06666666666666667
25655,5,0.0
25670,5,0.0
25673,5,0.06666666666666667
25678,5,0.06666666666666667
25683,5,0.0
25687,5,0.0
25689,5,0.06666666666666667
25692,5,0.0
25696,5,0.0
25711,5,0.13333333333333333
25718,5,0.06666666666666667
25719,5,0.2
25721,5,0.06666666666666667
25724,5,0.06666666666666667
25730,5,0.0
25731,5,0.13333333333333333
25732,5,0.0
25748,5,0.13333333333333333
25751,5,0.0
25756,5,0.0
25762,5,0.06666666666666667
25770,5,0.0
25811,5,0.0
25817,5,0.0
25825,5,0.0
25838,5,0.0
25844,5,0.0
25847,5,0.06666666666666667
25851,5,0.26666666666666666
25854,5,0.06666666666666667
25856,5,0.06666666666666667
25865,5,0.13333333333333333
25866,5,0.06666666666666667
25868,5,0.0
25872,5,0.13333333333333333
25874,5,0.0
25877,5,0.06666666666666667
25879,5,0.13333333333333333
25884,5,0.0
25886,5,0.0
25897,5,0.0
25907,5,0.0
25917,5,0.0
25918,5,0.06666666666666667
25920,5,0.13333333333333333
25939,5,0.06666666666666667
25941,5,0.26666666666666666
25948,5,0.06666666666666667
25957,5,0.0
25963,5,0.0
25966,5,0.13333333333333333
25969,5,0.0
25975,5,0.0
25983,5,0.0
25986,5,0.26666666666666666
25988,5,0.2
25990,5,0.06666666666666667
25999,5,0.0
26006,5,0.06666666666666667
26008,5,0.06666666666666667
26011,5,0.13333333333333333
26013,5,0.0
26021,5,0.06666666666666667
26022,5,0.0
26024,5,0.2
26040,5,0.13333333333333333
26055,5,0.0
26059,5,0.0
26062,5,0.06666666666666667
26068,5,0.0
26079,5,0.0
26088,5,0.06666666666666667
26105,5,0.06666666666666667
26111,5,0.0
26116,5,0.0
26124,5,0.0
26128,5,0.0
26130,5,0.06666666666666667
26131,5,0.0
26150,5,0.0
26152,5,0.06666666666666667
26155,5,0.0
26158,5,0.06666666666666667
26170,5,0.06666666666666667
26173,5,0.06666666666666667
26187,5,0.06666666666666667
26208,5,0.2
26212,5,0.0
26220,5,0.06666666666666667
26221,5,0.0
26237,5,0.13333333333333333
26238,5,0.0
26243,5,0.13333333333333333
26244,5,0.0
26246,5,0.06666666666666667
26259,5,0.13333333333333333
26270,5,0.06666666666666667
26273,5,0.06666666666666667
26277,5,0.0
26282,5,0.13333333333333333
26294,5,0.13333333333333333
26296,5,0.0
26297,5,0.13333333333333333
26309,5,0.0
26317,5,0.0
26324,5,0.13333333333333333
26329,5,0.0
26345,5,0.13333333333333333
26346,5,0.06666666666666667
26347,5,0.0
26351,5,0.13333333333333333
26358,5,0.0
26372,5,0.13333333333333333
26374,5,0.06666666666666667
26382,5,0.0
26387,5,0.13333333333333333
26402,5,0.06666666666666667
26403,5,0.2
26413,5,0.13333333333333333
26425,5,0.06666666666666667
26428,5,0.06666666666666667
26429,5,0.13333333333333333
26430,5,0.13333333333333333
26434,5,0.06666666666666667
26438,5,0.06666666666666667
26443,5,0.0
26446,5,0.13333333333333333
26449,5,0.13333333333333333
26456,5,0.13333333333333333
26461,5,0.06666666666666667
26468,5,0.06666666666666667
26472,5,0.06666666666666667
26483,5,0.13333333333333333
26484,5,0.13333333333333333
26488,5,0.06666666666666667
26491,5,0.06666666666666667
26500,5,0.13333333333333333
26507,5,0.06666666666666667
26515,5,0.13333333333333333
26524,5,0.06666666666666667
26528,5,0.13333333333333333
26540,5,0.0
26545,5,0.06666666666666667
26551,5,0.0
26554,5,0.0
26565,5,0.06666666666666667
26589,5,0.0
26594,5,0.13333333333333333
26605,5,0.0
26609,5,0.0
26611,5,0.06666666666666667
26639,5,0.13333333333333333
26640,5,0.2
26641,5,0.0
26642,5,0.0
26644,5,0.0
26653,5,0.13333333333333333
26657,5,0.13333333333333333
26658,5,0.0
26661,5,0.06666666666666667
26672,5,0.0
26684,5,0.13333333333333333
26686,5,0.13333333333333333
26697,5,0.0
26700,5,0.06666666666666667
26712,5,0.0
26717,5,0.13333333333333333
26720,5,0.06666666666666667
26725,5,0.0
26726,5,0.06666666666666667
26730,5,0.06666666666666667
26733,5,0.0
26734,5,0.06666666666666667
26781,5,0.06666666666666667
26795,5,0.2
26803,5,0.06666666666666667
26804,5,0.06666666666666667
26806,5,0.06666666666666667
26808,5,0.0
26809,5,0.13333333333333333
26812,5,0.0
26814,5,0.0
26828,5,0.0
26836,5,0.0
26839,5,0.0
26841,5,0.06666666666666667
26848,5,0.0
26862,5,0.13333333333333333
26875,5,0.0
26900,5,0.06666666666666667
26907,5,0.06666666666666667
26912,5,0.06666666666666667
26925,5,0.06666666666666667
26929,5,0.06666666666666667
26934,5,0.2
26940,5,0.13333333333333333
26941,5,0.0
26956,5,0.06666666666666667
26959,5,0.0
26962,5,0.06666666666666667
26966,5,0.0
26968,5,0.0
26977,5,0.0
26979,5,0.26666666666666666
26981,5,0.13333333333333333
26989,5,0.06666666666666667
26996,5,0.0
26997,5,0.0
26999,5,0.0
27004,5,0.0
27005,5,0.2
27010,5,0.0
27019,5,0.06666666666666667
27034,5,0.0
27039,5,0.06666666666666667
27054,5,0.13333333333333333
27055,5,0.06666666666666667
27056,5,0.0
27065,5,0.0
27076,5,0.0
27080,5,0.0
27086,5,0.06666666666666667
27091,5,0.0
27094,5,0.0
27101,5,0.06666666666666667
27106,5,0.13333333333333333
27118,5,0.0
27120,5,0.0
27122,5,0.0
27128,5,0.0
27133,5,0.0
27134,5,0.0
27136,5,0.0
27144,5,0.0
27148,5,0.0
27158,5,0.0
27166,5,0.06666666666666667
27172,5,0.0
27188,5,0.06666666666666667
27195,5,0.0
27196,5,0.0
27206,5,0.06666666666666667
27215,5,0.13333333333333333
27219,5,0.0
27226,5,0.0
27242,5,0.0
27253,5,0.26666666666666666
27259,5,0.06666666666666667
27271,5,0.13333333333333333
27290,5,0.2
27293,5,0.0
27296,5,0.06666666666666667
27297,5,0.06666666666666667
27302,5,0.06666666666666667
27307,5,0.2
27328,5,0.0
27334,5,0.06666666666666667
27338,5,0.0
27341,5,0.0
27343,5,0.2
27364,5,0.13333333333333333
27365,5,0.0
27366,5,0.2
27370,5,0.13333333333333333
27381,5,0.13333333333333333
27382,5,0.06666666666666667
27386,5,0.13333333333333333
27387,5,0.0
27389,5,0.0
27391,5,0.06666666666666667
27398,5,0.2
27400,5,0.06666666666666667
27401,5,0.0
27406,5,0.0
27407,5,0.13333333333333333
27409,5,0.06666666666666667
27411,5,0.06666666666666667
27413,5,0.06666666666666667
27415,5,0.06666666666666667
27425,5,0.06666666666666667
27427,5,0.26666666666666666
27432,5,0.06666666666666667
27438,5,0.13333333333333333
27448,5,0.06666666666666667
27452,5,0.13333333333333333
27453,5,0.13333333333333333
27456,5,0.0
27459,5,0.0
27466,5,0.0
27470,5,0.0
27472,5,0.2
27503,5,0.06666666666666667
27519,5,0.13333333333333333
27520,5,0.0
27526,5,0.06666666666666667
27530,5,0.0
27540,5,0.06666666666666667
27545,5,0.06666666666666667
27546,5,0.06666666666666667
27551,5,0.13333333333333333
27567,5,0.06666666666666667
27575,5,0.13333333333333333
27581,5,0.06666666666666667
27590,5,0.0
27603,5,0.0
27612,5,0.0
27625,5,0.06666666666666667
27629,5,0.0
27642,5,0.06666666666666667
27643,5,0.13333333333333333
27646,5,0.0
27651,5,0.06666666666666667
27654,5,0.0
27657,5,0.13333333333333333
27671,5,0.06666666666666667
27676,5,0.0
27684,5,0.2
27689,5,0.0
27695,5,0.13333333333333333
27698,5,0.3333333333333333
27702,5,0.26666666666666666
27703,5,0.2
27715,5,0.2
27721,5,0.26666666666666666
27725,5,0.4666666666666667
27733,5,0.06666666666666667
27739,5,0.26666666666666666
27745,5,0.26666666666666666
27747,5,0.13333333333333333
27749,5,0.26666666666666666
27753,5,0.2
27754,5,0.13333333333333333
27757,5,0.5333333333333333
27758,5,0.3333333333333333
27761,5,0.4666666666666667
27764,5,0.5333333333333333
27769,5,0.4
27771,5,0.3333333333333333
27772,5,0.3333333333333333
27783,5,0.4
27788,5,0.2
27806,5,0.6
27822,5,0.26666666666666666
27824,5,0.2
27828,5,0.26666666666666666
27829,5,0.13333333333333333
27832,5,0.3333333333333333
27837,5,0.4
27842,5,0.2
27856,5,0.26666666666666666
27863,5,0.4666666666666667
27865,5,0.2
27875,5,0.6
27888,5,0.26666666666666666
27897,5,0.3333333333333333
27898,5,0.26666666666666666
27907,5,0.6
27912,5,0.4
27915,5,0.06666666666666667
27923,5,0.13333333333333333
27930,5,0.4666666666666667
27932,5,0.3333333333333333
27939,5,0.2
27942,5,0.26666666666666666
27948,5,0.26666666666666666
27956,5,0.3333333333333333
27962,5,0.26666666666666666
27967,5,0.13333333333333333
27968,5,0.13333333333333333
27973,5,0.13333333333333333
27977,5,0.13333333333333333
27978,5,0.6
27982,5,0.2
28007,5,0.26666666666666666
28009,5,0.2
28013,5,0.3333333333333333
28022,5,0.4
28025,5,0.13333333333333333
28030,5,0.0
28038,5,0.2
28048,5,0.2
28053,5,0.2
28057,5,0.13333333333333333
28067,5,0.06666666666666667
28070,5,0.13333333333333333
28072,5,0.06666666666666667
28081,5,0.0
28082,5,0.13333333333333333
28084,5,0.0
28088,5,0.0
28090,5,0.13333333333333333
28097,5,0.0
28107,5,0.2
28116,5,0.2
28136,5,0.4
28137,5,0.3333333333333333
28138,5,0.0
28144,5,0.0
28146,5,0.06666666666666667
28152,5,0.26666666666666666
28160,5,0.06666666666666667
28162,5,0.13333333333333333
28200,5,0.13333333333333333
28210,5,0.06666666666666667
28216,5,0.06666666666666667
28218,5,0.5333333333333333
28234,5,0.2
28235,5,0.06666666666666667
28247,5,0.13333333333333333
28249,5,0.06666666666666667
28250,5,0.2
28255,5,0.0
28256,5,0.06666666666666667
28261,5,0.3333333333333333
28265,5,0.13333333333333333
28266,5,0.0
28270,5,0.2
28274,5,0.2
28276,5,0.06666666666666667
28278,5,0.2
28289,5,0.13333333333333333
28290,5,0.0
28291,5,0.06666666666666667
28299,5,0.3333333333333333
28311,5,0.4
28314,5,0.2
28320,5,0.4
28329,5,0.0
28332,5,0.2
28333,5,0.13333333333333333
28345,5,0.06666666666666667
28348,5,0.2
28363,5,0.4
28369,5,0.3333333333333333
28374,5,0.2
28379,5,0.2
28381,5,0.2
28385,5,0.2
28386,5,0.13333333333333333
28388,5,0.4666666666666667
28412,5,0.26666666666666666
28427,5,0.13333333333333333
28428,5,0.26666666666666666
28431,5,0.4
28435,5,0.4
28464,5,0.13333333333333333
28467,5,0.3333333333333333
28473,5,0.4
28488,5,0.3333333333333333
28507,5,0.13333333333333333
28521,5,0.2
28528,5,0.4666666666666667
28538,5,0.13333333333333333
28548,5,0.06666666666666667
28549,5,0.4
28550,5,0.13333333333333333
28557,5,0.3333333333333333
28567,5,0.13333333333333333
28579,5,0.13333333333333333
28581,5,0.26666666666666666
28584,5,0.06666666666666667
28585,5,0.26666666666666666
28596,5,0.2
28605,5,0.26666666666666666
28610,5,0.3333333333333333
28611,5,0.2
28612,5,0.3333333333333333
28616,5,0.06666666666666667
28621,5,0.0
28623,5,0.2
28625,5,0.3333333333333333
28629,5,0.13333333333333333
28634,5,0.06666666666666667
28636,5,0.0
28643,5,0.13333333333333333
28648,5,0.0
28651,5,0.13333333333333333
28669,5,0.0
28670,5,0.2
28680,5,0.06666666666666667
28681,5,0.26666666666666666
28689,5,0.3333333333333333
28692,5,0.2
28694,5,0.2
28704,5,0.2
28711,5,0.13333333333333333
28712,5,0.13333333333333333
28713,5,0.26666666666666666
28732,5,0.4666666666666667
28733,5,0.3333333333333333
28746,5,0.13333333333333333
28760,5,0.13333333333333333
28769,5,0.2
28774,5,0.26666666666666666
28785,5,0.3333333333333333
28796,5,0.13333333333333333
28799,5,0.13333333333333333
28801,5,0.0
28802,5,0.26666666666666666
28808,5,0.13333333333333333
28819,5,0.2
28827,5,0.0
28835,5,0.4666666666666667
28861,5,0.26666666666666666
28876,5,0.0
28893,5,0.0
28901,5,0.06666666666666667
28902,5,0.3333333333333333
28905,5,0.13333333333333333
28915,5,0.0
28921,5,0.0
28925,5,0.26666666666666666
28930,5,0.0
28939,5,0.3333333333333333
28944,5,0.13333333333333333
28955,5,0.0
28956,5,0.0
28966,5,0.06666666666666667
28968,5,0.13333333333333333
28975,5,0.0
28978,5,0.0
28990,5,0.06666666666666667
28993,5,0.13333333333333333
29000,5,0.26666666666666666
29013,5,0.06666666666666667
29017,5,0.2
29018,5,0.0
29033,5,0.13333333333333333
29036,5,0.13333333333333333
29043,5,0.0
29047,5,0.06666666666666667
29048,5,0.0
29058,5,0.0
29063,5,0.0
29065,5,0.0
29070,5,0.06666666666666667
29079,5,0.06666666666666667
29083,5,0.06666666666666667
29084,5,0.06666666666666667
29088,5,0.26666666666666666
29093,5,0.06666666666666667
29114,5,0.0
29117,5,0.06666666666666667
29120,5,0.0
29127,5,0.06666666666666667
29134,5,0.13333333333333333
29137,5,0.2
29145,5,0.06666666666666667
29146,5,0.0
29164,5,0.0
29169,5,0.06666666666666667
29177,5,0.06666666666666667
29181,5,0.2
29191,5,0.0
29229,5,0.3333333333333333
29230,5,0.0
29231,5,0.26666666666666666
29233,5,0.13333333333333333
29242,5,0.06666666666666667
29248,5,0.26666666666666666
29250,5,0.13333333333333333
29255,5,0.3333333333333333
29264,5,0.0
29267,5,0.13333333333333333
29270,5,0.06666666666666667
29283,5,0.0
29288,5,0.13333333333333333
29290,5,0.13333333333333333
29296,5,0.13333333333333333
29311,5,0.13333333333333333
29313,5,0.13333333333333333
29316,5,0.13333333333333333
29320,5,0.06666666666666667
29321,5,0.0
29336,5,0.06666666666666667
29344,5,0.0
29345,5,0.4
29348,5,0.3333333333333333
29358,5,0.0
29361,5,0.0
29365,5,0.2
29368,5,0.06666666666666667
29381,5,0.2
29387,5,0.13333333333333333
29390,5,0.0
29396,5,0.0
29401,5,0.3333333333333333
29403,5,0.13333333333333333
29405,5,0.06666666666666667
29416,5,0.2
29431,5,0.06666666666666667
29452,5,0.2
29453,5,0.0
29464,5,0.06666666666666667
29479,5,0.26666666666666666
29481,5,0.2
29498,5,0.4666666666666667
29499,5,0.0
29502,5,0.2
29507,5,0.13333333333333333
29509,5,0.2
29510,5,0.4
29517,5,0.06666666666666667
29524,5,0.0
29525,5,0.2
29533,5,0.0
29558,5,0.06666666666666667
29571,5,0.13333333333333333
29581,5,0.06666666666666667
29584,5,0.13333333333333333
29586,5,0.0
29593,5,0.0
29598,5,0.06666666666666667
29599,5,0.06666666666666667
29609,5,0.3333333333333333
29611,5,0.06666666666666667
29620,5,0.0
29628,5,0.13333333333333333
29640,5,0.13333333333333333
29646,5,0.4
29651,5,0.0
29654,5,0.2
29658,5,0.13333333333333333
29668,5,0.4
29669,5,0.13333333333333333
29674,5,0.0
29677,5,0.2
29685,5,0.13333333333333333
29706,5,0.06666666666666667
29710,5,0.06666666666666667
29714,5,0.2
29726,5,0.4666666666666667
29727,5,0.2
29732,5,0.13333333333333333
29736,5,0.06666666666666667
29738,5,0.06666666666666667
29747,5,0.26666666666666666
29750,5,0.13333333333333333
29762,5,0.26666666666666666
29776,5,0.06666666666666667
29780,5,0.13333333333333333
29782,5,0.2
29792,5,0.06666666666666667
29794,5,0.0
29805,5,0.0
29815,5,0.06666666666666667
29816,5,0.06666666666666667
29842,5,0.0
29848,5,0.0
29850,5,0.0
29865,5,0.0
29866,5,0.13333333333333333
29869,5,0.0
29873,5,0.06666666666666667
29884,5,0.13333333333333333
29905,5,0.2
29908,5,0.2
29919,5,0.13333333333333333
29928,5,0.0
29958,5,0.0
29961,5,0.06666666666666667
29967,5,0.06666666666666667
29972,5,0.26666666666666666
29976,5,0.3333333333333333
29985,5,0.3333333333333333
29987,5,0.5333333333333333
29998,5,0.06666666666666667
30009,5,0.2
30036,5,0.06666666666666667
30037,5,0.06666666666666667
30041,5,0.3333333333333333
30042,5,0.3333333333333333
30045,5,0.06666666666666667
30049,5,0.4666666666666667
30054,5,0.4666666666666667
30055,5,0.4666666666666667
30056,5,0.06666666666666667
30063,5,0.26666666666666666
30064,5,0.3333333333333333
30066,5,0.5333333333333333
30082,5,0.13333333333333333
30092,5,0.2
30093,5,0.06666666666666667
30094,5,0.06666666666666667
30095,5,0.2
30096,5,0.2
30099,5,0.0
30113,5,0.13333333333333333
30115,5,0.13333333333333333
30122,5,0.3333333333333333
30123,5,0.3333333333333333
30124,5,0.13333333333333333
30126,5,0.2
30139,5,0.6666666666666666
30140,5,0.13333333333333333
30146,5,0.3333333333333333
30156,5,0.4666666666666667
30157,5,0.6
30159,5,0.5333333333333333
30169,5,0.2
30172,5,0.26666666666666666
30176,5,0.4
30178,5,0.4
30186,5,0.13333333333333333
30189,5,0.26666666666666666
30198,5,0.3333333333333333
30204,5,0.06666666666666667
30206,5,0.26666666666666666
30213,5,0.26666666666666666
30214,5,0.3333333333333333
30239,5,0.2
30240,5,0.26666666666666666
30287,5,0.06666666666666667
30292,5,0.2
30295,5,0.26666666666666666
30297,5,0.26666666666666666
30309,5,0.2
30310,5,0.4
30313,5,0.06666666666666667
30319,5,0.06666666666666667
30320,5,0.13333333333333333
30328,5,0.26666666666666666
30338,5,0.26666666666666666
30340,5,0.5333333333333333
30345,5,0.4
30347,5,0.26666666666666666
30348,5,0.26666666666666666
30358,5,0.3333333333333333
30361,5,0.2
30364,5,0.26666666666666666
30366,5,0.3333333333333333
30371,5,0.0
30376,5,0.2
30379,5,0.13333333333333333
30385,5,0.26666666666666666
30394,5,0.4
30395,5,0.6666666666666666
30398,5,0.0
30438,5,0.5333333333333333
30448,5,0.5333333333333333
30449,5,0.0
30456,5,0.2
30458,5,0.06666666666666667
30461,5,0.06666666666666667
30463,5,0.3333333333333333
30465,5,0.2
30477,5,0.06666666666666667
30493,5,0.06666666666666667
30495,5,0.26666666666666666
30509,5,0.06666666666666667
30515,5,0.13333333333333333
30518,5,0.0
30520,5,0.13333333333333333
30525,5,0.2
30529,5,0.2
30540,5,0.06666666666666667
30542,5,0.06666666666666667
30550,5,0.13333333333333333
30568,5,0.13333333333333333
30569,5,0.13333333333333333
30570,5,0.3333333333333333
30591,5,0.26666666666666666
30592,5,0.13333333333333333
30595,5,0.5333333333333333
30609,5,0.5333333333333333
30615,5,0.06666666666666667
30617,5,0.26666666666666666
30622,5,0.13333333333333333
30623,5,0.26666666666666666
30626,5,0.4666666666666667
30629,5,0.2
30635,5,0.13333333333333333
30645,5,0.13333333333333333
30652,5,0.2
30659,5,0.13333333333333333
30677,5,0.06666666666666667
30693,5,0.06666666666666667
30711,5,0.06666666666666667
30714,5,0.0
30717,5,0.0
30719,5,0.0
30727,5,0.0
30728,5,0.13333333333333333
30729,5,0.13333333333333333
30732,5,0.06666666666666667
30734,5,0.13333333333333333
30754,5,0.13333333333333333
30756,5,0.06666666666666667
30757,5,0.06666666666666667
30759,5,0.2
30763,5,0.06666666666666667
30773,5,0.06666666666666667
30774,5,0.0
30776,5,0.13333333333333333
30785,5,0.13333333333333333
30786,5,0.0
30797,5,0.06666666666666667
30798,5,0.06666666666666667
30813,5,0.0
30825,5,0.13333333333333333
30831,5,0.06666666666666667
30832,5,0.13333333333333333
30833,5,0.0
30841,5,0.13333333333333333
30844,5,0.13333333333333333
30848,5,0.06666666666666667
30852,5,0.06666666666666667
30857,5,0.13333333333333333
30861,5,0.0
30879,5,0.13333333333333333
30882,5,0.06666666666666667
30884,5,0.06666666666666667
30886,5,0.13333333333333333
30891,5,0.2
30896,5,0.2
30901,5,0.0
30914,5,0.0
30925,5,0.06666666666666667
30932,5,0.13333333333333333
30937,5,0.06666666666666667
30943,5,0.06666666666666667
30950,5,0.13333333333333333
30957,5,0.13333333333333333
30958,5,0.06666666666666667
30966,5,0.06666666666666667
30968,5,0.06666666666666667
30972,5,0.0
30978,5,0.06666666666666667
30984,5,0.06666666666666667
30994,5,0.06666666666666667
30996,5,0.06666666666666667
30997,5,0.13333333333333333
30999,5,0.0
31000,5,0.06666666666666667
31003,5,0.0
31014,5,0.3333333333333333
31017,5,0.0
31019,5,0.2
31024,5,0.06666666666666667
31033,5,0.0
31036,5,0.0
31039,5,0.13333333333333333
31042,5,0.13333333333333333
31044,5,0.06666666666666667
31065,5,0.06666666666666667
31071,5,0.06666666666666667
31075,5,0.06666666666666667
31082,5,0.0
31089,5,0.13333333333333333
31117,5,0.13333333333333333
31118,5,0.0
31132,5,0.13333333333333333
31142,5,0.0
31150,5,0.06666666666666667
31151,5,0.13333333333333333
31157,5,0.0
31159,5,0.13333333333333333
31162,5,0.0
31164,5,0.06666666666666667
31167,5,0.06666666666666667
31168,5,0.06666666666666667
31176,5,0.4
31181,5,0.06666666666666667
31183,5,0.06666666666666667
31184,5,0.06666666666666667
31187,5,0.2
31191,5,0.0
31195,5,0.06666666666666667
31214,5,0.06666666666666667
31215,5,0.13333333333333333
31216,5,0.3333333333333333
31225,5,0.06666666666666667
31232,5,0.06666666666666667
31235,5,0.0
31236,5,0.06666666666666667
31241,5,0.06666666666666667
31245,5,0.2
31247,5,0.13333333333333333
31248,5,0.06666666666666667
31249,5,0.13333333333333333
31252,5,0.13333333333333333
31255,5,0.06666666666666667
31268,5,0.0
31272,5,0.2
31276,5,0.0
31288,5,0.06666666666666667
31289,5,0.13333333333333333
31290,5,0.2
31291,5,0.13333333333333333
31313,5,0.0
31320,5,0.13333333333333333
31331,5,0.06666666666666667
31337,5,0.06666666666666667
31342,5,0.13333333333333333
31344,5,0.06666666666666667
31345,5,0.0
31348,5,0.0
31349,5,0.4
31369,5,0.06666666666666667
31370,5,0.06666666666666667
31374,5,0.06666666666666667
31376,5,0.06666666666666667
31377,5,0.2
31379,5,0.06666666666666667
31380,5,0.0
31381,5,0.0
31393,5,0.06666666666666667
31395,5,0.0
31402,5,0.2
31403,5,0.0
31405,5,0.06666666666666667
31425,5,0.13333333333333333
31429,5,0.06666666666666667
31441,5,0.26666666666666666
31442,5,0.0
31454,5,0.13333333333333333
31458,5,0.06666666666666667
31467,5,0.06666666666666667
31478,5,0.0
31479,5,0.06666666666666667
31480,5,0.13333333333333333
31483,5,0.13333333333333333
31488,5,0.0
31489,5,0.06666666666666667
31490,5,0.0
31493,5,0.0
31495,5,0.0
31499,5,0.06666666666666667
31520,5,0.0
31532,5,0.06666666666666667
31537,5,0.06666666666666667
31538,5,0.06666666666666667
31539,5,0.0
31545,5,0.13333333333333333
31548,5,0.0
31549,5,0.0
31552,5,0.13333333333333333
31556,5,0.06666666666666667
31560,5,0.13333333333333333
31561,5,0.0
31562,5,0.0
31564,5,0.06666666666666667
31575,5,0.0
31588,5,0.13333333333333333
31590,5,0.3333333333333333
31602,5,0.0
31606,5,0.13333333333333333
31607,5,0.06666666666666667
31608,5,0.0
31613,5,0.0
31629,5,0.13333333333333333
31633,5,0.0
31634,5,0.0
31647,5,0.06666666666666667
31650,5,0.13333333333333333
31653,5,0.0
31666,5,0.06666666666666667
31670,5,0.0
31690,5,0.06666666666666667
31692,5,0.06666666666666667
31696,5,0.0
31708,5,0.0
31710,5,0.13333333333333333
31711,5,0.26666666666666666
31724,5,0.0
31738,5,0.0
31740,5,0.0
31743,5,0.0
31748,5,0.13333333333333333
31750,5,0.13333333333333333
31754,5,0.06666666666666667
31763,5,0.06666666666666667
31769,5,0.0
31779,5,0.0
31782,5,0.0
31793,5,0.13333333333333333
31796,5,0.13333333333333333
31806,5,0.13333333333333333
31813,5,0.0
31817,5,0.06666666666666667
31819,5,0.0
31823,5,0.2
31833,5,0.0
31845,5,0.2
31852,5,0.0
31866,5,0.0
31875,5,0.13333333333333333
31876,5,0.0
31877,5,0.0
31880,5,0.0
31888,5,0.0
31889,5,0.2
31890,5,0.06666666666666667
31904,5,0.13333333333333333
31920,5,0.13333333333333333
31928,5,0.13333333333333333
31932,5,0.13333333333333333
31947,5,0.0
31958,5,0.13333333333333333
31961,5,0.0
31962,5,0.13333333333333333
31965,5,0.13333333333333333
31984,5,0.0
31985,5,0.06666666666666667
31986,5,0.06666666666666667
31999,5,0.06666666666666667
32001,5,0.0
32007,5,0.13333333333333333
32013,5,0.06666666666666667
32018,5,0.06666666666666667
32020,5,0.0
32021,5,0.06666666666666667
32040,5,0.13333333333333333
32041,5,0.06666666666666667
32046,5,0.0
32047,5,0.06666666666666667
32054,5,0.06666666666666667
32058,5,0.0
32067,5,0.06666666666666667
32068,5,0.0
32074,5,0.2
32095,5,0.06666666666666667
32096,5,0.0
32098,5,0.0
32118,5,0.06666666666666667
32132,5,0.06666666666666667
32136,5,0.0
32139,5,0.13333333333333333
32143,5,0.06666666666666667
32151,5,0.26666666666666666
32155,5,0.13333333333333333
32163,5,0.0
32170,5,0.13333333333333333
32172,5,0.13333333333333333
32176,5,0.0
32177,5,0.2
32183,5,0.2
32186,5,0.0
32191,5,0.0
32195,5,0.06666666666666667
32198,5,0.13333333333333333
32206,5,0.0
32208,5,0.13333333333333333
32211,5,0.0
32217,5,0.13333333333333333
32227,5,0.06666666666666667
32231,5,0.13333333333333333
32233,5,0.13333333333333333
32234,5,0.06666666666666667
32235,5,0.13333333333333333
32241,5,0.13333333333333333
32249,5,0.06666666666666667
32255,5,0.06666666666666667
32265,5,0.26666666666666666
32280,5,0.2
32285,5,0.13333333333333333
32293,5,0.2
32309,5,0.2
32316,5,0.0
32320,5,0.06666666666666667
32328,5,0.2
32338,5,0.2
32370,5,0.0
32377,5,0.06666666666666667
32380,5,0.13333333333333333
32382,5,0.26666666666666666
32404,5,0.06666666666666667
32405,5,0.06666666666666667
32410,5,0.0
32419,5,0.0
32423,5,0.06666666666666667
32431,5,0.13333333333333333
32433,5,0.0
32436,5,0.0
32448,5,0.0
32452,5,0.06666666666666667
32453,5,0.06666666666666667
32458,5,0.13333333333333333
32460,5,0.26666666666666666
32464,5,0.13333333333333333
32468,5,0.0
32469,5,0.13333333333333333
32481,5,0.06666666666666667
32493,5,0.2
32496,5,0.13333333333333333
32500,5,0.13333333333333333
32511,5,0.0
32522,5,0.0
32525,5,0.06666666666666667
32526,5,0.06666666666666667
32538,5,0.0
32543,5,0.13333333333333333
32553,5,0.2
32556,5,0.13333333333333333
32571,5,0.0
32576,5,0.06666666666666667
32580,5,0.13333333333333333
32594,5,0.2
32596,5,0.06666666666666667
32597,5,0.06666666666666667
32604,5,0.0
32620,5,0.2
32623,5,0.13333333333333333
32631,5,0.0
32638,5,0.0
32641,5,0.0
32651,5,0.0
32656,5,0.06666666666666667
32664,5,0.2
32667,5,0.0
32686,5,0.06666666666666667
32695,5,0.13333333333333333
32696,5,0.13333333333333333
32698,5,0.26666666666666666
32701,5,0.2
32702,5,0.13333333333333333
32703,5,0.06666666666666667
32712,5,0.06666666666666667
32722,5,0.13333333333333333
32725,5,0.0
32726,5,0.0
32731,5,0.26666666666666666
32732,5,0.13333333333333333
32737,5,0.13333333333333333
32740,5,0.2
32743,5,0.26666666666666666
32748,5,0.13333333333333333
32751,5,0.13333333333333333
32759,5,0.06666666666666667
32778,5,0.26666666666666666
32781,5,0.06666666666666667
32785,5,0.13333333333333333
32788,5,0.06666666666666667
32792,5,0.0
32793,5,0.0
32798,5,0.06666666666666667
32802,5,0.13333333333333333
32803,5,0.0
32804,5,0.2
32818,5,0.13333333333333333
32836,5,0.06666666666666667
32844,5,0.26666666666666666
32845,5,0.06666666666666667
32849,5,0.0
32855,5,0.2
32857,5,0.26666666666666666
32859,5,0.06666666666666667
32869,5,0.06666666666666667
32874,5,0.13333333333333333
32882,5,0.06666666666666667
32884,5,0.06666666666666667
32887,5,0.13333333333333333
32893,5,0.13333333333333333
32897,5,0.13333333333333333
32900,5,0.06666666666666667
32903,5,0.06666666666666667
32904,5,0.06666666666666667
32911,5,0.13333333333333333
32912,5,0.06666666666666667
32924,5,0.26666666666666666
32927,5,0.13333333333333333
32932,5,0.0
32939,5,0.06666666666666667
32953,5,0.13333333333333333
32962,5,0.13333333333333333
32973,5,0.0
32974,5,0.0
32975,5,0.0
32976,5,0.3333333333333333
32980,5,0.0
33000,5,0.0
33004,5,0.0
33010,5,0.06666666666666667
33011,5,0.0
33014,5,0.06666666666666667
33015,5,0.06666666666666667
33016,5,0.06666666666666667
33017,5,0.06666666666666667
33026,5,0.2
33036,5,0.06666666666666667
33037,5,0.0
33048,5,0.0
33051,5,0.13333333333333333
33056,5,0.2
33069,5,0.06666666666666667
33075,5,0.06666666666666667
33083,5,0.0
33084,5,0.06666666666666667
33097,5,0.0
33099,5,0.0
33108,5,0.06666666666666667
33117,5,0.06666666666666667
33118,5,0.06666666666666667
33123,5,0.0
33158,5,0.13333333333333333
33162,5,0.13333333333333333
33164,5,0.06666666666666667
33177,5,0.06666666666666667
33181,5,0.26666666666666666
33185,5,0.13333333333333333
33189,5,0.26666666666666666
33192,5,0.06666666666666667
33202,5,0.0
33213,5,0.06666666666666667
33228,5,0.06666666666666667
33231,5,0.06666666666666667
33234,5,0.06666666666666667
33255,5,0.0
33261,5,0.13333333333333333
33263,5,0.06666666666666667
33267,5,0.13333333333333333
33269,5,0.0
33280,5,0.2
33282,5,0.0
33296,5,0.0
33307,5,0.06666666666666667
33309,5,0.0
33312,5,0.06666666666666667
33314,5,0.0
33321,5,0.06666666666666667
33323,5,0.2
33338,5,0.13333333333333333
33341,5,0.0
33351,5,0.13333333333333333
33352,5,0.13333333333333333
33357,5,0.26666666666666666
33366,5,0.06666666666666667
33376,5,0.06666666666666667
33385,5,0.06666666666666667
33397,5,0.0
33399,5,0.13333333333333333
33403,5,0.13333333333333333
33408,5,0.13333333333333333
33412,5,0.0
33415,5,0.0
33427,5,0.13333333333333333
33431,5,0.2
33441,5,0.06666666666666667
33445,5,0.13333333333333333
33454,5,0.13333333333333333
33456,5,0.06666666666666667
33458,5,0.26666666666666666
33474,5,0.0
33476,5,0.06666666666666667
33482,5,0.0
33485,5,0.06666666666666667
33487,5,0.06666666666666667
33498,5,0.13333333333333333
33499,5,0.13333333333333333
33503,5,0.13333333333333333
33505,5,0.26666666666666666
33511,5,0.0
33519,5,0.0
33521,5,0.13333333333333333
33531,5,0.0
33535,5,0.13333333333333333
33537,5,0.06666666666666667
33538,5,0.13333333333333333
33542,5,0.0
33558,5,0.06666666666666667
33563,5,0.06666666666666667
33566,5,0.2
33595,5,0.13333333333333333
33596,5,0.0
33605,5,0.06666666666666667
33609,5,0.13333333333333333
33612,5,0.0
33614,5,0.06666666666666667
33628,5,0.06666666666666667
33643,5,0.0
33647,5,0.0
33649,5,0.0
33664,5,0.13333333333333333
33668,5,0.06666666666666667
33670,5,0.0
33689,5,0.06666666666666667
33707,5,0.0
33717,5,0.26666666666666666
33725,5,0.06666666666666667
33748,5,0.0
33749,5,0.06666666666666667
33757,5,0.2
33758,5,0.06666666666666667
33761,5,0.2
33774,5,0.06666666666666667
33784,5,0.0
33786,5,0.13333333333333333
33795,5,0.13333333333333333
33796,5,0.06666666666666667
33802,5,0.06666666666666667
33810,5,0.0
33814,5,0.06666666666666667
33815,5,0.06666666666666667
33818,5,0.13333333333333333
33826,5,0.13333333333333333
33838,5,0.06666666666666667
33839,5,0.0
33850,5,0.13333333333333333
33854,5,0.0
33862,5,0.0
33863,5,0.13333333333333333
33867,5,0.13333333333333333
33876,5,0.06666666666666667
33877,5,0.06666666666666667
33894,5,0.06666666666666667
33903,5,0.0
33904,5,0.06666666666666667
33907,5,0.13333333333333333
33918,5,0.13333333333333333
33919,5,0.06666666666666667
33924,5,0.0
33931,5,0.0
33938,5,0.06666666666666667
33942,5,0.06666666666666667
33947,5,0.06666666666666667
33951,5,0.2
33953,5,0.06666666666666667
33954,5,0.06666666666666667
33955,5,0.13333333333333333
33970,5,0.0
33983,5,0.06666666666666667
33995,5,0.0
34000,5,0.13333333333333333
34007,5,0.0
34019,5,0.0
34025,5,0.06666666666666667
34029,5,0.06666666666666667
34031,5,0.0
34051,5,0.0
34059,5,0.06666666666666667
34065,5,0.0
34073,5,0.0
34074,5,0.06666666666666667
34082,5,0.13333333333333333
34083,5,0.0
34094,5,0.06666666666666667
34099,5,0.0
34105,5,0.2
34131,5,0.2
34137,5,0.0
34138,5,0.0
34147,5,0.06666666666666667
34151,5,0.06666666666666667
34156,5,0.06666666666666667
34157,5,0.06666666666666667
34164,5,0.0
34165,5,0.2
34167,5,0.06666666666666667
34169,5,0.06666666666666667
34182,5,0.13333333333333333
34186,5,0.06666666666666667
34187,5,0.06666666666666667
34188,5,0.2
34190,5,0.2
34195,5,0.26666666666666666
34202,5,0.13333333333333333
34206,5,0.13333333333333333
34209,5,0.06666666666666667
34212,5,0.06666666666666667
34229,5,0.06666666666666667
34236,5,0.13333333333333333
34240,5,0.06666666666666667
34242,5,0.06666666666666667
34254,5,0.06666666666666667
34262,5,0.0
34266,5,0.06666666666666667
34268,5,0.0
34271,5,0.06666666666666667
34276,5,0.0
34280,5,0.13333333333333333
34290,5,0.0
34312,5,0.06666666666666667
34313,5,0.0
34322,5,0.06666666666666667
34327,5,0.0
34332,5,0.2
34337,5,0.0
34352,5,0.2
34357,5,0.0
34358,5,0.0
34365,5,0.13333333333333333
34367,5,0.06666666666666667
34368,5,0.13333333333333333
34378,5,0.0
34385,5,0.2
34393,5,0.0
34401,5,0.06666666666666667
34418,5,0.0
34442,5,0.06666666666666667
34443,5,0.0
34449,5,0.13333333333333333
34461,5,0.2
34462,5,0.3333333333333333
34468,5,0.2
34469,5,0.06666666666666667
34477,5,0.06666666666666667
34485,5,0.13333333333333333
34487,5,0.2
34503,5,0.06666666666666667
34510,5,0.0
34516,5,0.13333333333333333
34517,5,0.06666666666666667
34544,5,0.06666666666666667
34553,5,0.06666666666666667
34557,5,0.13333333333333333
34564,5,0.06666666666666667
34570,5,0.0
34571,5,0.06666666666666667
34574,5,0.13333333333333333
34575,5,0.13333333333333333
34577,5,0.0
34579,5,0.0
34582,5,0.13333333333333333
34585,5,0.0
34594,5,0.0
34595,5,0.0
34598,5,0.06666666666666667
34599,5,0.06666666666666667
34602,5,0.0
34607,5,0.06666666666666667
34608,5,0.06666666666666667
34609,5,0.0
34612,5,0.13333333333333333
34613,5,0.13333333333333333
34619,5,0.0
34625,5,0.3333333333333333
34643,5,0.06666666666666667
34656,5,0.06666666666666667
34675,5,0.0
34677,5,0.13333333333333333
34679,5,0.06666666666666667
34680,5,0.0
34687,5,0.26666666666666666
34691,5,0.06666666666666667
34694,5,0.0
34696,5,0.06666666666666667
34701,5,0.2
34708,5,0.13333333333333333
34712,5,0.13333333333333333
34723,5,0.06666666666666667
34727,5,0.0
34729,5,0.0
34746,5,0.13333333333333333
34748,5,0.13333333333333333
34757,5,0.0
34761,5,0.13333333333333333
34767,5,0.0
34777,5,0.2
34784,5,0.13333333333333333
34794,5,0.2
34798,5,0.06666666666666667
34806,5,0.26666666666666666
34808,5,0.13333333333333333
34809,5,0.0
34824,5,0.13333333333333333
34829,5,0.13333333333333333
34832,5,0.06666666666666667
34835,5,0.13333333333333333
34845,5,0.06666666666666667
34846,5,0.13333333333333333
34847,5,0.13333333333333333
34859,5,0.26666666666666666
34873,5,0.13333333333333333
34875,5,0.0
34876,5,0.0
34880,5,0.06666666666666667
34885,5,0.13333333333333333
34889,5,0.06666666666666667
34890,5,0.0
34914,5,0.0
34917,5,0.26666666666666666
34918,5,0.13333333333333333
34921,5,0.2
34924,5,0.13333333333333333
34926,5,0.06666666666666667
34935,5,0.0
34940,5,0.06666666666666667
34942,5,0.06666666666666667
34943,5,0.06666666666666667
34949,5,0.0
34950,5,0.13333333333333333
34954,5,0.06666666666666667
34955,5,0.13333333333333333
34957,5,0.0
34961,5,0.26666666666666666
34965,5,0.06666666666666667
34974,5,0.13333333333333333
34992,5,0.06666666666666667
34993,5,0.0
34997,5,0.06666666666666667
34998,5,0.13333333333333333
35009,5,0.13333333333333333
35014,5,0.13333333333333333
35015,5,0.0
35018,5,0.2
35020,5,0.0
35026,5,0.13333333333333333
35029,5,0.13333333333333333
35033,5,0.13333333333333333
35041,5,0.2
35047,5,0.0
35051,5,0.06666666666666667
35065,5,0.4
35066,5,0.13333333333333333
35067,5,0.0
35079,5,0.0
35083,5,0.06666666666666667
35084,5,0.2
35089,5,0.13333333333333333
35092,5,0.13333333333333333
35093,5,0.06666666666666667
35094,5,0.13333333333333333
35095,5,0.06666666666666667
35096,5,0.13333333333333333
35097,5,0.0
35098,5,0.0
35100,5,0.06666666666666667
35102,5,0.13333333333333333
35104,5,0.06666666666666667
35113,5,0.06666666666666667
35115,5,0.13333333333333333
35124,5,0.13333333333333333
35128,5,0.13333333333333333
35129,5,0.0
35135,5,0.06666666666666667
35139,5,0.06666666666666667
35143,5,0.0
35156,5,0.0
35158,5,0.2
35161,5,0.0
35164,5,0.13333333333333333
35166,5,0.0
35167,5,0.0
35169,5,0.0
35175,5,0.06666666666666667
35185,5,0.0
35197,5,0.13333333333333333
35199,5,0.3333333333333333
35200,5,0.2
35205,5,0.13333333333333333
35206,5,0.13333333333333333
35227,5,0.06666666666666667
35237,5,0.0
35252,5,0.06666666666666667
35261,5,0.0
35274,5,0.13333333333333333
35281,5,0.06666666666666667
35282,5,0.06666666666666667
35293,5,0.0
35298,5,0.13333333333333333
35304,5,0.06666666666666667
35308,5,0.13333333333333333
35322,5,0.13333333333333333
35323,5,0.06666666666666667
35324,5,0.0
35327,5,0.13333333333333333
35328,5,0.06666666666666667
35335,5,0.0
35342,5,0.26666666666666666
35346,5,0.4
35351,5,0.06666666666666667
35354,5,0.06666666666666667
35356,5,0.13333333333333333
35359,5,0.06666666666666667
35361,5,0.06666666666666667
35368,5,0.0
35369,5,0.0
35382,5,0.06666666666666667
35387,5,0.2
35388,5,0.0
35391,5,0.13333333333333333
35400,5,0.06666666666666667
35407,5,0.06666666666666667
35411,5,0.06666666666666667
35414,5,0.0
35415,5,0.13333333333333333
35424,5,0.13333333333333333
35425,5,0.13333333333333333
35426,5,0.06666666666666667
35427,5,0.0
35435,5,0.06666666666666667
35438,5,0.13333333333333333
35443,5,0.06666666666666667
35446,5,0.13333333333333333
35451,5,0.0
35453,5,0.0
35455,5,0.06666666666666667
35458,5,0.13333333333333333
35461,5,0.0
35465,5,0.06666666666666667
35473,5,0.06666666666666667
35475,5,0.06666666666666667
35487,5,0.0
35490,5,0.0
35494,5,0.2
35501,5,0.0
35508,5,0.13333333333333333
35511,5,0.0
35518,5,0.2
35519,5,0.06666666666666667
35520,5,0.26666666666666666
35539,5,0.0
35545,5,0.06666666666666667
35546,5,0.2
35564,5,0.06666666666666667
35565,5,0.0
35572,5,0.06666666666666667
35576,5,0.06666666666666667
35579,5,0.06666666666666667
35587,5,0.0
35593,5,0.13333333333333333
35597,5,0.6
35600,5,0.2
35625,5,0.13333333333333333
35633,5,0.13333333333333333
35654,5,0.5333333333333333
35656,5,0.0
35659,5,0.13333333333333333
35660,5,0.13333333333333333
35661,5,0.13333333333333333
35669,5,0.13333333333333333
35687,5,0.13333333333333333
35696,5,0.2
35697,5,0.0
35713,5,0.0
35718,5,0.26666666666666666
35720,5,0.06666666666666667
35724,5,0.13333333333333333
35734,5,0.26666666666666666
35741,5,0.13333333333333333
35752,5,0.06666666666666667
35753,5,0.0
35759,5,0.13333333333333333
35765,5,0.06666666666666667
35770,5,0.2
35777,5,0.13333333333333333
35782,5,0.26666666666666666
35790,5,0.13333333333333333
35791,5,0.26666666666666666
35792,5,0.06666666666666667
35794,5,0.13333333333333333
35806,5,0.13333333333333333
35807,5,0.06666666666666667
35817,5,0.13333333333333333
35821,5,0.2
35829,5,0.13333333333333333
35849,5,0.06666666666666667
35857,5,0.13333333333333333
35859,5,0.2
35872,5,0.26666666666666666
35873,5,0.13333333333333333
35890,5,0.2
35891,5,0.0
35892,5,0.0
35901,5,0.4
35911,5,0.06666666666666667
35923,5,0.13333333333333333
35927,5,0.26666666666666666
35936,5,0.13333333333333333
35943,5,0.13333333333333333
35944,5,0.0
35946,5,0.3333333333333333
35954,5,0.13333333333333333
35961,5,0.13333333333333333
35977,5,0.13333333333333333
35980,5,0.06666666666666667
35988,5,0.06666666666666667
35992,5,0.0
35993,5,0.13333333333333333
36018,5,0.13333333333333333
36030,5,0.0
36035,5,0.4666666666666667
36048,5,0.13333333333333333
36050,5,0.13333333333333333
36051,5,0.0
36055,5,0.13333333333333333
36064,5,0.0
36070,5,0.13333333333333333
36074,5,0.06666666666666667
36080,5,0.3333333333333333
36084,5,0.06666666666666667
36087,5,0.13333333333333333
36100,5,0.0
36101,5,0.2
36103,5,0.06666666666666667
36114,5,0.13333333333333333
36119,5,0.13333333333333333
36130,5,0.06666666666666667
36132,5,0.06666666666666667
36135,5,0.13333333333333333
36149,5,0.06666666666666667
36154,5,0.26666666666666666
36157,5,0.2
36161,5,0.06666666666666667
36165,5,0.2
36166,5,0.0
36170,5,0.06666666666666667
36172,5,0.26666666666666666
36174,5,0.13333333333333333
36176,5,0.0
36181,5,0.13333333333333333
36183,5,0.5333333333333333
36185,5,0.0
36186,5,0.0
36189,5,0.3333333333333333
36194,5,0.06666666666666667
36198,5,0.13333333333333333
36199,5,0.06666666666666667
36201,5,0.06666666666666667
36202,5,0.13333333333333333
36212,5,0.06666666666666667
36218,5,0.06666666666666667
36234,5,0.26666666666666666
36237,5,0.3333333333333333
36239,5,0.3333333333333333
36248,5,0.26666666666666666
36249,5,0.3333333333333333
36253,5,0.26666666666666666
36257,5,0.3333333333333333
36275,5,0.2
36278,5,0.2
36282,5,0.7333333333333333
36286,5,0.3333333333333333
36287,5,0.2
36290,5,0.13333333333333333
36296,5,0.4
36298,5,0.26666666666666666
36301,5,0.3333333333333333
36308,5,0.4
36309,5,0.3333333333333333
36310,5,0.6
36317,5,0.2
36327,5,0.6
36338,5,0.26666666666666666
36364,5,0.26666666666666666
36365,5,0.26666666666666666
36372,5,0.13333333333333333
36374,5,0.06666666666666667
36376,5,0.06666666666666667
36378,5,0.2
36381,5,0.7333333333333333
36384,5,0.26666666666666666
36432,5,0.26666666666666666
36433,5,0.13333333333333333
36440,5,0.13333333333333333
36444,5,0.2
36447,5,0.4666666666666667
36453,5,0.7333333333333333
36458,5,0.4
36461,5,0.3333333333333333
36472,5,0.4
36473,5,0.2
36475,5,0.13333333333333333
36478,5,0.13333333333333333
36479,5,0.5333333333333333
36485,5,0.4
36494,5,0.3333333333333333
36500,5,0.4666666666666667
36505,5,0.06666666666666667
36518,5,0.6666666666666666
36522,5,0.13333333333333333
36527,5,0.4666666666666667
36531,5,0.7333333333333333
36533,5,0.6
36544,5,0.26666666666666666
36546,5,0.6
36566,5,0.2
36585,5,0.26666666666666666
36593,5,0.4
36603,5,0.3333333333333333
36605,5,0.13333333333333333
36609,5,0.3333333333333333
36621,5,0.6666666666666666
36630,5,0.3333333333333333
36633,5,0.3333333333333333
36657,5,0.4666666666666667
36659,5,0.3333333333333333
36666,5,0.4666666666666667
36671,5,0.4
36684,5,0.13333333333333333
36687,5,0.6
36691,5,0.3333333333333333
36701,5,0.2
36718,5,0.4
36751,5,0.8666666666666667
36756,5,0.3333333333333333
36767,5,0.3333333333333333
36774,5,0.13333333333333333
36776,5,0.13333333333333333
36780,5,0.4666666666666667
36790,5,0.4666666666666667
36792,5,0.4
36802,5,0.4666666666666667
36806,5,0.3333333333333333
36807,5,0.3333333333333333
36808,5,0.26666666666666666
36810,5,0.2
36813,5,0.4
36817,5,0.3333333333333333
36820,5,0.4
36822,5,0.26666666666666666
36823,5,0.4
36825,5,0.4
36865,5,0.13333333333333333
36868,5,0.3333333333333333
36872,5,0.2
36880,5,0.06666666666666667
36881,5,0.4
36885,5,0.4
36889,5,0.3333333333333333
36893,5,0.2
36894,5,0.2
36897,5,0.6
36898,5,0.26666666666666666
36902,5,0.2
36903,5,0.2
36910,5,0.4
36911,5,0.3333333333333333
36912,5,0.4
36920,5,0.13333333333333333
36932,5,0.3333333333333333
36933,5,0.2
36942,5,0.4
36945,5,0.3333333333333333
36958,5,0.6666666666666666
36964,5,0.4
36966,5,0.4
36979,5,0.3333333333333333
36984,5,0.13333333333333333
36988,5,0.3333333333333333
36990,5,0.4666666666666667
37001,5,0.3333333333333333
37006,5,0.26666666666666666
37015,5,0.4
37019,5,0.13333333333333333
37020,5,0.3333333333333333
37024,5,0.26666666666666666
37033,5,0.2
37035,5,0.3333333333333333
37036,5,0.2
37040,5,0.2
37041,5,0.2
37043,5,0.2
37055,5,0.4666666666666667
37069,5,0.7333333333333333
37075,5,0.4
37077,5,0.4
37078,5,0.5333333333333333
37086,5,0.26666666666666666
37090,5,0.4
37091,5,0.26666666666666666
37092,5,0.26666666666666666
37098,5,0.4
37099,5,0.13333333333333333
37102,5,0.4
37104,5,0.0
37108,5,0.06666666666666667
37114,5,0.26666666666666666
37126,5,0.13333333333333333
37129,5,0.4
37131,5,0.26666666666666666
37135,5,0.26666666666666666
37137,5,0.3333333333333333
37153,5,0.3333333333333333
37156,5,0.2
37164,5,0.3333333333333333
37174,5,0.3333333333333333
37176,5,0.13333333333333333
37179,5,0.26666666666666666
37183,5,0.6
37189,5,0.3333333333333333
37205,5,0.2
37209,5,0.4666666666666667
37215,5,0.3333333333333333
37216,5,0.4
37227,5,0.4
37236,5,0.6
37238,5,0.2
37240,5,0.2
37251,5,0.5333333333333333
37252,5,0.3333333333333333
37254,5,0.4666666666666667
37255,5,0.13333333333333333
37257,5,0.4666666666666667
37259,5,0.3333333333333333
37261,5,0.3333333333333333
37268,5,0.13333333333333333
37279,5,0.6
37281,5,0.4666666666666667
37282,5,0.26666666666666666
37288,5,0.06666666666666667
37290,5,0.7333333333333333
37291,5,0.6666666666666666
37294,5,0.2
37301,5,0.5333333333333333
37302,5,0.26666666666666666
37307,5,0.6666666666666666
37308,5,0.3333333333333333
37309,5,0.6
37324,5,0.26666666666666666
37327,5,0.2
37328,5,0.6666666666666666
37332,5,0.4
37334,5,0.4666666666666667
37335,5,0.2
37337,5,0.4666666666666667
37341,5,0.26666666666666666
37343,5,0.6
37346,5,0.4666666666666667
37357,5,0.3333333333333333
37360,5,0.2
37368,5,0.2
37382,5,0.4
37389,5,0.4
37392,5,0.4666666666666667
37394,5,0.6
37396,5,0.3333333333333333
37406,5,0.3333333333333333
37414,5,0.3333333333333333
37421,5,0.2
37424,5,0.5333333333333333
37448,5,0.2
37453,5,0.26666666666666666
37457,5,0.26666666666666666
37461,5,0.4
37483,5,0.5333333333333333
37484,5,0.13333333333333333
37493,5,0.5333333333333333
37501,5,0.3333333333333333
37507,5,0.13333333333333333
37513,5,0.8
37515,5,0.3333333333333333
37540,5,0.3333333333333333
37548,5,0.2
37553,5,0.2
37558,5,0.5333333333333333
37572,5,0.5333333333333333
37576,5,0.26666666666666666
37583,5,0.4666666666666667
37584,5,0.26666666666666666
37586,5,0.4666666666666667
37592,5,0.3333333333333333
37595,5,0.4
37598,5,0.26666666666666666
37615,5,0.3333333333333333
37626,5,0.4
37662,5,0.4
37663,5,0.5333333333333333
37668,5,0.26666666666666666
37677,5,0.06666666666666667
37678,5,0.4
37683,5,0.3333333333333333
37688,5,0.4666666666666667
37692,5,0.26666666666666666
37703,5,0.4
37709,5,0.3333333333333333
37725,5,0.6666666666666666
37735,5,0.4
37737,5,0.5333333333333333
37749,5,0.3333333333333333
37762,5,0.4666666666666667
37767,5,0.4
37768,5,0.2
37769,5,0.6
37777,5,0.3333333333333333
37783,5,0.26666666666666666
37785,5,0.26666666666666666
37794,5,0.5333333333333333
37795,5,0.3333333333333333
37797,5,0.26666666666666666
37800,5,0.26666666666666666
37803,5,0.6
37804,5,0.2
37812,5,0.6
37817,5,0.2
37823,5,0.13333333333333333
37828,5,0.2
37832,5,0.13333333333333333
37840,5,0.5333333333333333
37856,5,0.2
37860,5,0.4666666666666667
37861,5,0.4
37866,5,0.2
37867,5,0.2
37871,5,0.4666666666666667
37872,5,0.3333333333333333
37880,5,0.5333333333333333
37882,5,0.06666666666666667
37887,5,0.4
37890,5,0.6
37905,5,0.3333333333333333
37910,5,0.26666666666666666
37913,5,0.3333333333333333
37915,5,0.7333333333333333
37916,5,0.6
37923,5,0.3333333333333333
37927,5,0.6666666666666666
37930,5,0.4666666666666667
37939,5,0.8
37943,5,0.4666666666666667
37954,5,0.6
37974,5,0.2
37978,5,0.13333333333333333
37984,5,0.13333333333333333
37986,5,0.5333333333333333
37987,5,0.5333333333333333
37991,5,0.26666666666666666
37995,5,0.26666666666666666
38007,5,0.4666666666666667
38008,5,0.8666666666666667
38014,5,0.2
38015,5,0.7333333333333333
38020,5,0.3333333333333333
38031,5,0.4666666666666667
38048,5,0.26666666666666666
38064,5,0.2
38068,5,0.06666666666666667
38086,5,0.7333333333333333
38106,5,0.9333333333333333
38108,5,0.2
38112,5,0.26666666666666666
38118,5,0.4
38132,5,0.3333333333333333
38140,5,0.3333333333333333
38141,5,0.4
38143,5,0.4
38146,5,0.13333333333333333
38147,5,0.4666666666666667
38166,5,0.26666666666666666
38172,5,0.2
38175,5,0.26666666666666666
38180,5,0.3333333333333333
38192,5,0.4666666666666667
38196,5,0.6
38197,5,0.7333333333333333
38199,5,0.5333333333333333
38204,5,0.4666666666666667
38205,5,0.26666666666666666
38210,5,0.26666666666666666
38213,5,0.4666666666666667
38218,5,0.4666666666666667
38219,5,0.2
38220,5,0.13333333333333333
38221,5,0.4666666666666667
38222,5,0.4666666666666667
38224,5,0.5333333333333333
38241,5,0.4
38257,5,0.6
38261,5,0.2
38266,5,0.26666666666666666
38267,5,0.3333333333333333
38268,5,0.6
38270,5,0.8
38296,5,0.3333333333333333
38297,5,0.26666666666666666
38303,5,0.5333333333333333
38305,5,0.4666666666666667
38322,5,0.4666666666666667
38323,5,0.2
38332,5,0.06666666666666667
38345,5,0.3333333333333333
38350,5,0.4666666666666667
38355,5,0.4666666666666667
38358,5,0.3333333333333333
38371,5,0.4666666666666667
38375,5,0.3333333333333333
38395,5,0.4
38398,5,0.7333333333333333
38400,5,0.6666666666666666
38401,5,0.26666666666666666
38410,5,0.5333333333333333
38418,5,0.7333333333333333
38420,5,0.2
38430,5,0.3333333333333333
38447,5,0.4
38452,5,0.6666666666666666
38456,5,0.3333333333333333
38457,5,0.6
38459,5,0.4
38467,5,0.6
38468,5,0.4
38482,5,0.4666666666666667
38490,5,0.26666666666666666
38492,5,0.26666666666666666
38493,5,0.4666666666666667
38500,5,0.6666666666666666
38501,5,0.4
38508,5,0.6666666666666666
38511,5,0.5333333333333333
38535,5,0.3333333333333333
38539,5,0.7333333333333333
38542,5,0.4666666666666667
38550,5,0.4
38552,5,0.4
38556,5,0.4
38557,5,0.26666666666666666
38569,5,0.4
38572,5,0.2
38575,5,0.6666666666666666
38577,5,0.26666666666666666
38587,5,0.6666666666666666
38589,5,0.6
38604,5,0.5333333333333333
38605,5,0.13333333333333333
38606,5,0.2
38622,5,0.0
38624,5,0.06666666666666667
38651,5,0.6
38653,5,0.6
38654,5,0.3333333333333333
38656,5,0.5333333333333333
38657,5,0.2
38665,5,0.3333333333333333
38670,5,0.06666666666666667
38674,5,0.26666666666666666
38676,5,0.4
38677,5,0.3333333333333333
38685,5,0.4
38690,5,0.2
38698,5,0.6666666666666666
38699,5,0.26666666666666666
38700,5,0.4
38731,5,0.3333333333333333
38743,5,0.2
38752,5,0.6666666666666666
38753,5,0.26666666666666666
38769,5,0.4
38776,5,0.6
38781,5,0.7333333333333333
38806,5,0.7333333333333333
38808,5,0.2
38810,5,0.5333333333333333
38826,5,0.4666666666666667
38829,5,0.6666666666666666
38831,5,0.5333333333333333
38837,5,0.6666666666666666
38841,5,0.6
38847,5,0.6666666666666666
38848,5,0.3333333333333333
38849,5,0.3333333333333333
38855,5,0.3333333333333333
38859,5,0.4
38864,5,0.2
38867,5,0.26666666666666666
38870,5,0.4
38871,5,0.3333333333333333
38873,5,0.3333333333333333
38875,5,0.13333333333333333
38888,5,0.2
38895,5,0.2
38896,5,0.5333333333333333
38904,5,0.7333333333333333
38921,5,0.3333333333333333
38923,5,0.4666666666666667
38924,5,0.5333333333333333
38928,5,0.4
38929,5,0.26666666666666666
38932,5,0.4
38934,5,0.3333333333333333
38947,5,0.4
38960,5,0.5333333333333333
38966,5,0.26666666666666666
38982,5,0.6
38985,5,0.4666666666666667
38986,5,0.26666666666666666
39001,5,0.4666666666666667
39008,5,0.7333333333333333
39010,5,0.4
39013,5,0.3333333333333333
39022,5,0.6666666666666666
39023,5,0.6666666666666666
39027,5,0.4666666666666667
39041,5,0.6
39045,5,0.4
39055,5,0.13333333333333333
39059,5,0.13333333333333333
39064,5,0.2
39066,5,0.26666666666666666
39068,5,0.6666666666666666
39069,5,0.4666666666666667
39074,5,0.4666666666666667
39076,5,0.26666666666666666
39078,5,0.2
39080,5,0.5333333333333333
39081,5,0.26666666666666666
39085,5,0.5333333333333333
39086,5,0.8
39087,5,0.5333333333333333
39092,5,0.4
39093,5,0.6
39099,5,0.5333333333333333
39110,5,0.2
39113,5,0.4
39116,5,0.4
39118,5,0.8
39121,5,0.4
39122,5,0.3333333333333333
39124,5,0.7333333333333333
39131,5,0.6666666666666666
39135,5,0.8
39136,5,0.7333333333333333
39140,5,0.4666666666666667
39141,5,0.4
39148,5,0.4
39157,5,0.6666666666666666
39159,5,0.9333333333333333
39161,5,0.6
39162,5,0.7333333333333333
39168,5,0.5333333333333333
39174,5,0.5333333333333333
39177,5,0.3333333333333333
39179,5,0.3333333333333333
39191,5,0.5333333333333333
39194,5,0.7333333333333333
39206,5,0.4
39213,5,0.6666666666666666
39214,5,0.13333333333333333
39219,5,0.6
39221,5,0.8
39227,5,0.9333333333333333
39240,5,0.26666666666666666
39247,5,0.4
39251,5,0.4
39252,5,0.3333333333333333
39257,5,0.4
39261,5,0.8666666666666667
39269,5,0.13333333333333333
39274,5,0.8
39278,5,0.4666666666666667
39281,5,0.6
39287,5,0.8
39293,5,0.5333333333333333
39296,5,0.6
39300,5,0.6
39310,5,0.6666666666666666
39321,5,0.8
39324,5,0.6
39325,5,0.5333333333333333
39330,5,0.4
39340,5,0.8
39345,5,0.26666666666666666
39347,5,0.8
39357,5,0.4666666666666667
39365,5,0.3333333333333333
39378,5,0.8
39390,5,0.26666666666666666
39398,5,0.6
39405,5,0.6
39406,5,0.26666666666666666
39407,5,0.6666666666666666
39420,5,0.26666666666666666
39421,5,0.4
39423,5,0.5333333333333333
39435,5,0.4
39436,5,0.6
39437,5,0.6666666666666666
39439,5,0.06666666666666667
39449,5,0.3333333333333333
39453,5,0.9333333333333333
39455,5,0.7333333333333333
39456,5,0.7333333333333333
39467,5,0.0
39470,5,0.7333333333333333
39494,5,0.6
39495,5,0.4666666666666667
39496,5,0.5333333333333333
39512,5,0.4666666666666667
39514,5,0.8
39515,5,0.13333333333333333
39516,5,0.6
39519,5,0.3333333333333333
39521,5,0.0
39532,5,0.5333333333333333
39537,5,0.7333333333333333
39538,5,0.7333333333333333
39540,5,0.6666666666666666
39547,5,0.4
39556,5,0.6666666666666666
39560,5,0.4
39567,5,0.4
39578,5,0.5333333333333333
39587,5,0.6666666666666666
39590,5,0.13333333333333333
39595,5,0.2
39596,5,0.4666666666666667
39599,5,0.4
39612,5,0.3333333333333333
39624,5,0.26666666666666666
39634,5,0.4666666666666667
39640,5,0.8666666666666667
39645,5,0.9333333333333333
39647,5,0.2
39651,5,0.7333333333333333
39661,5,0.9333333333333333
39663,5,0.8666666666666667
39668,5,0.9333333333333333
39673,5,0.3333333333333333
39676,5,0.8
39680,5,0.7333333333333333
39700,5,0.6
39701,5,0.26666666666666666
39704,5,0.6
39726,5,0.6
39727,5,0.7333333333333333
39733,5,0.9333333333333333
39734,5,0.4666666666666667
39742,5,0.8666666666666667
39745,5,0.8
39750,5,0.4
39751,5,0.5333333333333333
39754,5,0.5333333333333333
39755,5,0.9333333333333333
39763,5,0.3333333333333333
39769,5,0.6666666666666666
39789,5,0.26666666666666666
39799,5,0.06666666666666667
39809,5,0.06666666666666667
39810,5,0.4
39813,5,0.3333333333333333
39824,5,0.2
39825,5,0.2
39826,5,0.13333333333333333
39837,5,0.6666666666666666
39844,5,0.7333333333333333
39848,5,0.5333333333333333
39856,5,0.7333333333333333
39857,5,0.7333333333333333
39859,5,0.26666666666666666
39860,5,0.3333333333333333
39863,5,0.13333333333333333
39888,5,0.5333333333333333
39890,5,0.4666666666666667
39892,5,0.5333333333333333
39907,5,0.6666666666666666
39908,5,0.7333333333333333
39916,5,0.5333333333333333
39920,5,0.2
39924,5,0.13333333333333333
39932,5,0.4
39938,5,0.3333333333333333
39950,5,0.3333333333333333
39951,5,0.5333333333333333
39955,5,0.6666666666666666
39961,5,0.13333333333333333
39969,5,0.26666666666666666
39975,5,0.8
39992,5,0.6666666666666666
40002,5,0.5333333333333333
40007,5,0.2
40008,5,0.4666666666666667
40019,5,0.2
40025,5,0.4666666666666667
40033,5,0.4666666666666667
40042,5,0.7333333333333333
40049,5,0.4
40057,5,0.26666666666666666
40065,5,0.8666666666666667
40069,5,0.4
40074,5,0.4
40084,5,0.6666666666666666
40096,5,0.8
40102,5,0.2
40104,5,0.6666666666666666
40116,5,0.4
40126,5,0.8666666666666667
40135,5,0.26666666666666666
40137,5,0.3333333333333333
40141,5,0.9333333333333333
40147,5,0.26666666666666666
40148,5,0.3333333333333333
40154,5,0.7333333333333333
40158,5,0.7333333333333333
40163,5,0.8
40170,5,0.6
40178,5,0.8
40179,5,0.6666666666666666
40184,5,0.6666666666666666
40188,5,0.8
40197,5,0.5333333333333333
40199,5,0.5333333333333333
40234,5,0.8666666666666667
40236,5,0.4666666666666667
40246,5,0.6
40250,5,0.9333333333333333
40259,5,0.8666666666666667
40260,5,0.6
40262,5,0.7333333333333333
40268,5,0.13333333333333333
40280,5,0.6666666666666666
40282,5,0.5333333333333333
40285,5,0.4
40293,5,0.8
40299,5,0.3333333333333333
40302,5,0.8666666666666667
40306,5,0.8666666666666667
40307,5,0.4666666666666667
40326,5,0.6666666666666666
40328,5,0.4
40330,5,0.06666666666666667
40331,5,0.5333333333333333
40341,5,0.4
40344,5,0.3333333333333333
40352,5,0.4666666666666667
40356,5,0.2
40362,5,0.8666666666666667
40365,5,0.9333333333333333
40370,5,0.9333333333333333
40371,5,0.6
40373,5,1.0
40401,5,0.4666666666666667
40403,5,0.2
40404,5,0.6666666666666666
40409,5,0.6666666666666666
40418,5,1.0
40423,5,0.8666666666666667
40426,5,0.26666666666666666
40427,5,0.26666666666666666
40433,5,0.2
40436,5,0.4
40439,5,0.6666666666666666
40444,5,0.26666666666666666
40446,5,0.6666666666666666
40450,5,0.9333333333333333
40469,5,0.8666666666666667
40482,5,0.4
40483,5,0.6666666666666666
40484,5,0.8666666666666667
40496,5,0.4666666666666667
40498,5,0.5333333333333333
40506,5,0.3333333333333333
40507,5,0.8666666666666667
40512,5,0.2
40519,5,0.6
40525,5,0.2
40526,5,0.2
40533,5,0.26666666666666666
40541,5,0.6666666666666666
40542,5,0.6666666666666666
40544,5,0.4666666666666667
40553,5,0.4666666666666667
40562,5,0.6
40566,5,0.8666666666666667
40567,5,0.8
40577,5,0.26666666666666666
40582,5,0.3333333333333333
40593,5,0.5333333333333333
40597,5,0.26666666666666666
40602,5,0.6666666666666666
40603,5,0.6666666666666666
40608,5,0.3333333333333333
40609,5,0.2
40628,5,0.4
40630,5,0.3333333333333333
40631,5,0.6666666666666666
40644,5,0.8
40653,5,0.9333333333333333
40657,5,0.3333333333333333
40664,5,0.6666666666666666
40667,5,0.4666666666666667
40668,5,0.8666666666666667
40678,5,0.6
40682,5,0.4
40684,5,0.8666666666666667
40687,5,0.9333333333333333
40689,5,0.8666666666666667
40698,5,0.6666666666666666
40701,5,0.26666666666666666
40706,5,0.2
40717,5,0.4666666666666667
40727,5,0.5333333333333333
40731,5,0.8666666666666667
40749,5,0.5333333333333333
40757,5,0.5333333333333333
40763,5,0.3333333333333333
40787,5,0.3333333333333333
40804,5,0.4
40811,5,0.3333333333333333
40813,5,0.8666666666666667
40815,5,0.4
40816,5,0.6
40817,5,0.5333333333333333
40831,5,0.4666666666666667
40835,5,0.13333333333333333
40838,5,0.3333333333333333
40841,5,0.2
40849,5,0.8
40858,5,0.4
40864,5,0.3333333333333333
40869,5,0.3333333333333333
40872,5,0.6
40877,5,0.4666666666666667
40880,5,0.4666666666666667
40883,5,0.4
40888,5,0.4
40898,5,0.9333333333333333
40899,5,0.26666666666666666
40900,5,0.3333333333333333
40903,5,0.4
40909,5,0.3333333333333333
40914,5,0.7333333333333333
40919,5,0.2
40928,5,0.26666666666666666
40939,5,0.26666666666666666
40941,5,0.6666666666666666
40946,5,0.26666666666666666
40948,5,0.4666666666666667
40953,5,0.6
40956,5,0.8
40957,5,0.7333333333333333
40961,5,0.26666666666666666
40964,5,0.2
40980,5,0.4
40990,5,0.7333333333333333
40997,5,0.3333333333333333
41001,5,0.13333333333333333
41004,5,0.4666666666666667
41010,5,0.6666666666666666
41011,5,0.5333333333333333
41016,5,0.8666666666666667
41021,5,0.3333333333333333
41024,5,0.7333333333333333
41028,5,0.4
41036,5,0.6
41037,5,0.6666666666666666
41038,5,0.2
41043,5,0.26666666666666666
41047,5,0.6
41068,5,0.6666666666666666
41081,5,0.9333333333333333
41094,5,0.2
41095,5,0.5333333333333333
41103,5,0.13333333333333333
41106,5,0.06666666666666667
41108,5,0.7333333333333333
41116,5,0.4666666666666667
41117,5,0.6
41118,5,0.06666666666666667
41124,5,0.4
41127,5,0.3333333333333333
41132,5,0.8
41139,5,0.6666666666666666
41152,5,0.4666666666666667
41157,5,0.5333333333333333
41171,5,0.4666666666666667
41187,5,0.3333333333333333
