fila,fold,puntaje
3,1,-10.695959563831373
11,1,-9.551442069892467
13,1,-9.684050753006808
14,1,-11.20844926764839
40,1,-9.21849855844885
42,1,-10.015675500722963
52,1,-9.415821260653452
59,1,-8.98004460963648
65,1,-10.054099605080602
68,1,-9.911443404201599
69,1,-11.839233892473771
79,1,-12.655940211073393
85,1,-10.210216342391156
89,1,-10.181755732742992
90,1,-10.107343440998967
94,1,-11.481092416227668
95,1,-10.732127041612635
102,1,-10.302020246700138
105,1,-11.6674750218978
109,1,-11.162871042995079
121,1,-10.975638904334673
139,1,-12.493400165575082
169,1,-10.220252416032736
174,1,-11.208423648024429
180,1,-10.286253255882883
182,1,-11.673637508265323
187,1,-10.355356502182936
191,1,-11.268353592128392
194,1,-11.905504637438575
208,1,-10.489691455426616
215,1,-11.82647443096186
222,1,-11.713375084850583
228,1,-10.87582246885227
236,1,-10.157535003503675
245,1,-10.382221721974545
252,1,-10.928946449653687
257,1,-10.98543549369316
263,1,-11.196769435783565
274,1,-11.320136041965448
286,1,-11.29844552018583
287,1,-10.035068702282615
290,1,-10.442304026795654
315,1,-11.44368805336444
319,1,-10.9974120468477
322,1,-10.014424536410694
323,1,-12.500401529947112
332,1,-11.213615166813348
336,1,-11.339785262783401
337,1,-10.857387925475038
341,1,-10.504551209554137
344,1,-10.24592014982403
349,1,-10.30702604144524
357,1,-11.4744992015994
360,1,-11.650259573306585
367,1,-9.77135916571308
368,1,-12.215659685315138
369,1,-9.467870346943513
373,1,-10.090219658316379
381,1,-10.352661289459071
383,1,-8.959872848413816
388,1,-9.918734766675549
394,1,-10.709098131839234
395,1,-10.42981415433151
404,1,-11.964809322748309
406,1,-10.938353249106754
410,1,-10.33301266768457
420,1,-10.990318787256356
427,1,-10.345005700901233
428,1,-10.828500740512723
435,1,-10.33356695230831
443,1,-10.069397122004851
448,1,-10.536752524298898
452,1,-9.34225508544148
458,1,-10.589787478837778
465,1,-10.252231625682946
466,1,-11.763880038467462
467,1,-10.602248846543056
483,1,-10.564245303417621
484,1,-11.523159254038731
485,1,-9.907610859412316
491,1,-12.004844039716644
505,1,-10.425669471126042
509,1,-11.929040144973165
514,1,-9.596506981616301
515,1,-10.894994859275378
522,1,-11.185285472874938
540,1,-10.197872640061568
541,1,-12.045322823787224
557,1,-10.462801077218337
559,1,-12.251764331644537
563,1,-11.07776753391586
566,1,-11.869528579708565
572,1,-12.365150723256704
574,1,-10.71138732731427
575,1,-10.597268104779673
578,1,-10.315135361969617
590,1,-10.425588991351987
593,1,-10.143491093649416
614,1,-9.934688608283949
615,1,-10.847074914171664
626,1,-9.885930483177411
633,1,-9.139182067573294
644,1,-10.102108266551959
650,1,-10.252022582157068
659,1,-9.976231491224944
661,1,-9.753218661510644
665,1,-10.129316481101625
675,1,-10.44846874182933
678,1,-10.76562437429083
687,1,-9.08977756458927
689,1,-10.218888159946417
690,1,-10.23408535578104
692,1,-9.23560592638114
698,1,-11.26168478087829
699,1,-10.254378295329289
700,1,-10.879699947568305
703,1,-10.40836825207365
714,1,-10.971677535898763
724,1,-10.813318465539759
728,1,-11.733193681939035
734,1,-11.238351285764764
738,1,-10.355100910377658
746,1,-11.453731740560777
759,1,-11.90648704347604
760,1,-11.03120061424162
763,1,-10.769246363884143
765,1,-9.897389534192406
772,1,-10.914573947831734
784,1,-10.781528714078647
788,1,-10.145721137320265
789,1,-11.638281736576495
794,1,-10.620502079860067
796,1,-10.471373214030777
826,1,-10.07397603687879
827,1,-10.566071783086343
828,1,-12.145396222711383
830,1,-10.614518408573261
837,1,-12.196222906164913
844,1,-11.081431084898227
864,1,-10.137271919807937
869,1,-9.873651591575054
871,1,-10.640720031451316
881,1,-10.325928194124344
885,1,-11.061152079756873
892,1,-11.064465963549587
909,1,-11.383349738777845
910,1,-12.092062960447599
913,1,-9.60288860345738
917,1,-9.442763573444012
921,1,-11.917537076632293
922,1,-12.279421100631367
924,1,-9.797515913038787
938,1,-10.462954986102623
939,1,-10.977538563845599
940,1,-10.414308645970408
946,1,-11.019405798677177
968,1,-10.308257360827042
969,1,-9.525076804897743
972,1,-10.38428964664444
976,1,-12.140119844512064
988,1,-9.840120540136894
991,1,-10.166373319232534
995,1,-10.417349414549335
997,1,-9.554357472418687
1001,1,-9.922783152997596
1007,1,-11.61866179923532
1012,1,-10.90412231192088
1015,1,-10.736990818598443
1017,1,-10.591813018993513
1036,1,-11.026887263226655
1042,1,-10.018979637557294
1044,1,-11.781201844733637
1047,1,-10.092164169186795
1056,1,-10.355779714866522
1057,1,-9.983838327155304
1087,1,-10.030956738166736
1094,1,-10.91831372850642
1100,1,-10.92061719022741
1110,1,-9.283562486837425
1111,1,-11.001246255693538
1114,1,-9.928904425463976
1118,1,-12.12366233334356
1135,1,-11.072649634595543
1144,1,-10.982729058563208
1156,1,-9.012016533516018
1165,1,-9.856919855883568
1174,1,-10.172325811501793
1181,1,-10.347889599345649
1182,1,-10.027852229096261
1188,1,-9.846278095930188
1228,1,-10.454441488335867
1232,1,-12.203308178916707
1240,1,-10.672822482102141
1245,1,-11.91892388619597
1251,1,-11.91892388619597
1257,1,-9.644521627020012
1260,1,-11.122910333087297
1267,1,-10.024699416518715
1272,1,-8.969473067842017
1276,1,-9.4799509528439
1285,1,-9.798731964133438
1289,1,-9.423850677340788
1291,1,-11.86809720274244
1313,1,-10.989617148373881
1314,1,-9.567933642770008
1317,1,-9.819939612081008
1320,1,-10.87193859887661
1323,1,-10.161877107016245
1331,1,-10.899964025575656
1335,1,-10.623321358283754
1337,1,-10.542540316282135
1346,1,-10.996211227598863
1349,1,-11.018953587708715
1354,1,-11.262123021757105
1368,1,-10.027539096881156
1388,1,-11.42605725544459
1408,1,-9.276320895128059
1442,1,-12.15833550016987
1450,1,-9.566987745910794
1454,1,-9.914988091870136
1457,1,-11.497576198773821
1485,1,-10.14843400144369
1489,1,-8.246810504455965
1501,1,-10.703756421190718
1514,1,-11.065873781067928
1519,1,-10.622449723407762
1525,1,-10.019433957050005
1531,1,-9.058044530529486
1533,1,-10.895092871987039
1542,1,-10.467230502217227
1564,1,-12.10849659411727
1567,1,-10.375475356975677
1573,1,-10.117329412180297
1587,1,-10.931487110364557
1602,1,-10.091800335125939
1605,1,-10.599344429325193
1609,1,-10.620707635806077
1614,1,-9.759193477967706
1627,1,-11.11678661011593
1629,1,-9.840814638698049
1630,1,-9.661845771275786
1633,1,-11.20607418704585
1636,1,-10.792481558775343
1639,1,-10.675601363599327
1640,1,-11.091223860773354
1644,1,-10.306970839010312
1646,1,-10.372247211971917
1653,1,-10.896914096149388
1654,1,-11.239018836462314
1665,1,-8.253437991310108
1676,1,-8.968238498993315
1704,1,-10.875765678090062
1718,1,-10.579955597318879
1722,1,-10.160626409502385
1726,1,-8.95753812874895
1730,1,-10.391867699891122
1762,1,-10.234696098175895
1769,1,-8.977974974676926
1775,1,-10.1685205264776
1780,1,-10.0722733244544
1781,1,-9.560877711396259
1787,1,-10.983829024765768
1793,1,-12.013936519370475
1795,1,-9.759193477967706
1801,1,-10.10739870224917
1805,1,-9.813946551938535
1808,1,-9.666444881608776
1811,1,-10.813079423343567
1817,1,-9.73315506598341
1819,1,-12.008392600208445
1820,1,-10.306994682860754
1824,1,-9.237106270064245
1835,1,-9.534656201919148
1854,1,-10.974763399367212
1855,1,-10.041015088316328
1860,1,-9.32003073952486
1861,1,-10.483708395295672
1864,1,-9.085789755745772
1865,1,-10.993864070454471
1874,1,-9.705370075322115
1875,1,-8.916224835473301
1876,1,-9.689903915300533
1883,1,-11.877023270264168
1884,1,-12.571646946130492
1890,1,-11.825321809439757
1897,1,-10.77546732270799
1900,1,-10.994976658750154
1905,1,-10.02898767342495
1906,1,-10.273655450885471
1911,1,-11.077226371612724
1919,1,-9.716512744102168
1926,1,-10.861695233022694
1959,1,-11.76938029294427
1972,1,-10.937307209290871
1976,1,-9.614430240557411
1978,1,-10.434638831413793
1986,1,-10.838870728344716
1989,1,-12.818917454716448
1990,1,-9.755868306847397
1998,1,-11.693677761687141
2012,1,-12.246287340037021
2015,1,-10.276779530818722
2016,1,-12.48713243622884
2021,1,-12.96369932157458
2047,1,-11.82296924370862
2054,1,-9.654364968042202
2065,1,-10.833128732209673
2068,1,-9.40399769943923
2088,1,-13.058336264633958
2103,1,-10.333214410887834
2108,1,-12.178655304770821
2112,1,-10.632384361489457
2114,1,-10.632384361489457
2116,1,-10.72863156351265
2118,1,-9.16573872378742
2128,1,-11.991510292680701
2130,1,-12.117292511528966
2131,1,-11.26541811944687
2141,1,-11.382875901562457
2148,1,-11.112300500228493
2154,1,-12.234671814698196
2161,1,-12.823948446145295
2163,1,-11.59187850476863
2164,1,-11.249951959425289
2166,1,-9.469065096571818
2167,1,-10.47866711740943
2173,1,-10.627580940164982
2181,1,-11.654612803207037
2188,1,-11.300501130961678
2189,1,-11.786120552885379
2191,1,-11.951422596934378
2193,1,-10.47866711740943
2198,1,-13.232617454273736
2210,1,-10.138223677751036
2232,1,-11.702911135367358
2240,1,-11.072468095970422
2253,1,-10.25526220044496
2256,1,-13.009205060355363
2264,1,-9.32855468946861
2268,1,-10.510043677588385
2270,1,-11.140795641017824
2275,1,-10.356825028106776
2278,1,-11.357444076151864
2303,1,-11.0719130744056
2309,1,-10.576283541644983
2313,1,-11.61758728624141
2314,1,-10.847209902511388
2317,1,-11.799025965517124
2318,1,-10.239163316085545
2322,1,-10.2872082197375
2323,1,-11.216408286812147
2325,1,-10.615491138620712
2342,1,-10.517973763392995
2347,1,-9.586955081973791
2350,1,-10.80179719036574
2354,1,-12.208884758751246
2356,1,-9.883721660139834
2391,1,-10.631137636527171
2395,1,-11.04348546706099
2399,1,-11.851030205223076
2409,1,-9.648898578102745
2412,1,-11.041875208097167
2421,1,-9.569100341035444
2429,1,-9.580310462752557
2432,1,-10.732576252199372
2442,1,-9.539720218643836
2443,1,-10.897533450162527
2447,1,-10.481309234122477
2450,1,-9.664738679212775
2451,1,-11.787769926086696
2470,1,-11.873568423624356
2471,1,-12.360946512868303
2474,1,-10.364968440647935
2476,1,-12.246596785328727
2485,1,-11.019229473348133
2501,1,-11.051441119638916
2505,1,-10.039591179324411
2506,1,-10.606415140183074
2512,1,-9.925068869890346
2513,1,-10.016763216366463
2525,1,-10.65482538358485
2528,1,-10.502570870353914
2536,1,-11.367106600036038
2537,1,-11.879836152970597
2539,1,-10.206646390765826
2541,1,-11.452826724457708
2547,1,-11.82000108030509
2559,1,-10.825887723590881
2562,1,-9.759548077593514
2566,1,-10.45632718544168
2570,1,-10.033424989377025
2572,1,-11.366311405147847
2579,1,-9.585314721426585
2587,1,-10.680700532442025
2589,1,-12.51967068626871
2604,1,-11.585903133251982
2610,1,-10.65207042154696
2615,1,-10.325824621096764
2619,1,-9.9091870136128
2630,1,-11.678540013952997
2635,1,-10.954526382023886
2640,1,-10.01069143890576
2652,1,-10.115581134565154
2656,1,-10.521313498089285
2658,1,-10.17747201203224
2664,1,-10.466753795454153
2678,1,-11.557924224275965
2685,1,-9.573035203061387
2687,1,-11.83341322247442
2696,1,-10.348906469490466
2700,1,-9.14814109404034
2708,1,-10.813442285830106
2711,1,-10.063348441604901
2715,1,-9.536164976995288
2721,1,-11.997567988731646
2730,1,-9.925156281227778
2734,1,-9.885705775054
2741,1,-10.442009408095032
2745,1,-9.712870588780802
2746,1,-11.493022106843043
2747,1,-11.124824387151925
2765,1,-11.240762192593976
2767,1,-9.24742743062685
2768,1,-11.012848133458746
2780,1,-12.36792027530791
2783,1,-9.718620888304322
2784,1,-10.430355195854169
2792,1,-9.463829281867483
2795,1,-12.002754940585554
2797,1,-10.871254057296547
2802,1,-10.240127111536118
2803,1,-10.80463921090896
2820,1,-10.222131187517135
2821,1,-9.645837356263385
2824,1,-9.747329204571841
2825,1,-9.900741090840938
2830,1,-11.761028179442228
2841,1,-10.427109507000381
2872,1,-12.613063230281348
2876,1,-11.199898224379027
2890,1,-9.824052206101364
2891,1,-12.10610345215673
2901,1,-10.90245548585714
2917,1,-11.260137735742703
2919,1,-10.343566542734635
2933,1,-11.260137735742703
2944,1,-10.951497547662001
2946,1,-12.460641472432293
2961,1,-9.687799602214916
2966,1,-11.432907101021954
2976,1,-10.755671144901058
2981,1,-11.570923663260167
2991,1,-9.799545173405207
3000,1,-10.218444839313896
3006,1,-9.934380485609424
3007,1,-9.13111809109256
3016,1,-11.447340800261749
3019,1,-9.643855216891787
3022,1,-10.588756280130895
3027,1,-9.874494349138047
3028,1,-10.782400523726402
3029,1,-11.14782887436349
3031,1,-12.434660958605853
3038,1,-9.838133283586217
3042,1,-10.372849782205314
3046,1,-11.383626437881006
3048,1,-12.16397119006136
3049,1,-11.491752880222386
3050,1,-9.009996048871265
3061,1,-11.32922553789394
3071,1,-10.547382860920287
3074,1,-12.18173219349952
3093,1,-11.640427726194524
3097,1,-8.960750711648984
3101,1,-9.797619481306462
3107,1,-10.083771879279134
3113,1,-10.957440346669692
3137,1,-12.040969647900148
3139,1,-11.357374540806589
3145,1,-11.935993953534755
3152,1,-11.688208529530996
3155,1,-10.317800590651501
3157,1,-11.456176330340128
3161,1,-10.407393012254175
3162,1,-10.850643536396738
3166,1,-10.643873498431034
3181,1,-11.047521300285055
3187,1,-10.737119449278303
3190,1,-9.74187655228058
3204,1,-10.254980873981303
3205,1,-9.170387235408384
3206,1,-12.037428107411863
3210,1,-11.83077232517983
3220,1,-11.49735726219501
3223,1,-11.86672121131673
3225,1,-10.30778632721374
3242,1,-10.672588268729235
3250,1,-10.293572433690748
3257,1,-12.36025722607512
3263,1,-10.065842568393222
3264,1,-11.455740689103507
3266,1,-12.362789436128168
3279,1,-10.027517704962314
3284,1,-12.12500412438095
3302,1,-11.010102037865693
3305,1,-11.229850186907633
3312,1,-10.146880125803179
3323,1,-11.786149556255879
3324,1,-11.16691067558336
3326,1,-11.124866437019222
3329,1,-10.09376638811814
3334,1,-11.780235186246955
3363,1,-13.225302603346648
3366,1,-9.641786261707686
3378,1,-8.186455628251458
3396,1,-9.645475191058864
3401,1,-12.409655958064405
3402,1,-12.18173219349952
3414,1,-9.414272946623
3424,1,-11.170099103059599
3425,1,-10.373030699639386
3431,1,-9.584263321066494
3433,1,-12.105612447570472
3439,1,-12.495314639258602
3440,1,-11.897516350972175
3460,1,-10.149040762859677
3466,1,-12.236837414171063
3471,1,-11.163557343432515
3474,1,-11.559066339664113
3487,1,-9.33356717232207
3488,1,-9.841616259172774
3491,1,-10.326909578012078
3502,1,-11.266078706893339
3509,1,-12.812902239388883
3515,1,-11.875048906052214
3531,1,-10.661485229122682
3536,1,-9.980723837143053
3546,1,-9.8051879873789
3552,1,-10.23345184695281
3555,1,-11.874936032115883
3557,1,-9.157585087514029
3559,1,-11.128705778413028
3567,1,-10.33452734713422
3571,1,-9.253832289537229
3573,1,-11.216622584842256
3580,1,-10.085107336046441
3583,1,-9.903678213010025
3587,1,-10.279194706436158
3590,1,-9.73690211176497
3592,1,-11.875247819421453
3595,1,-9.73812551571244
3600,1,-12.457802069302666
3606,1,-9.794720625375582
3617,1,-11.478192749456653
3621,1,-10.287008815086274
3623,1,-11.035399958470535
3631,1,-9.199465678803463
3633,1,-9.938819523412015
3641,1,-11.778466674131664
3656,1,-10.564000127523023
3661,1,-10.117662688225202
3662,1,-10.237632822092117
3663,1,-9.936687129669423
3667,1,-12.006636331846643
3669,1,-10.625540832235998
3670,1,-9.96481683325571
3677,1,-9.253832289537229
3682,1,-10.05316925095159
3694,1,-11.345159222683591
3696,1,-11.138374963402349
3699,1,-11.111136320902801
3712,1,-10.382942884894376
3717,1,-11.123097924903938
3720,1,-10.713599458080246
3737,1,-11.782300083391469
3738,1,-10.06020954927375
3739,1,-11.420325011552023
3745,1,-12.071564186653795
3750,1,-11.828062607512734
3756,1,-11.875247819421453
3758,1,-10.321756894762544
3766,1,-11.38752263765268
3768,1,-10.01323181515604
3770,1,-11.655796532388564
3775,1,-10.675965543482995
3795,1,-10.965612230528258
3806,1,-11.385221131054607
3809,1,-10.691839602956186
3811,1,-11.503992435562616
3813,1,-11.422086343864535
3815,1,-10.64390901016791
3817,1,-11.842676217072935
3828,1,-10.389642325720814
3840,1,-12.643969847358207
3842,1,-12.169392009341934
3847,1,-10.497707284047912
3848,1,-9.898741606780675
3849,1,-9.573840553441016
3850,1,-10.094447345596897
3853,1,-11.989205073550963
3863,1,-12.08877618616988
3869,1,-9.66728292102433
3877,1,-9.983863755677213
3885,1,-9.830453337170283
3897,1,-10.881941164192355
3901,1,-12.01542631407385
3903,1,-11.27725769819164
3917,1,-10.62441240656318
3925,1,-10.44813329563707
3933,1,-11.462034601987952
3934,1,-10.039502468988182
3936,1,-11.311414661880058
3943,1,-12.304918956588473
3944,1,-8.450406850626855
3947,1,-10.29245433515839
3953,1,-11.112300500228493
3960,1,-11.944888169490412
3962,1,-11.24357464544316
3975,1,-10.503409918416864
3978,1,-8.845330849316746
3979,1,-9.577305331811687
3988,1,-10.744870003694174
3989,1,-11.100460921483723
4008,1,-11.604927512325382
4010,1,-10.999232333883974
4015,1,-10.130104338513945
4016,1,-11.771740615152808
4018,1,-11.095117854383183
4031,1,-11.250816513142645
4034,1,-11.538634668850271
4046,1,-11.689657036157605
4049,1,-10.131397975388474
4054,1,-11.929422009468823
4055,1,-10.210612258780387
4061,1,-10.582023812726021
4067,1,-10.508460017283838
4071,1,-9.501940946074086
4077,1,-12.000057465879827
4084,1,-10.834760688911537
4085,1,-11.228760961634634
4092,1,-12.09776793615012
4103,1,-11.065071252599935
4120,1,-12.106902766623683
4128,1,-10.811804679940131
4143,1,-10.124886197636783
4144,1,-12.08256007928312
4151,1,-10.324566069930732
4165,1,-12.00225935821475
4169,1,-12.600536460950174
4173,1,-10.897325837735274
4178,1,-10.293796374443865
4179,1,-10.093902270948725
4202,1,-10.767176765038826
4203,1,-11.19909613051992
4226,1,-11.046158697958447
4230,1,-11.375290271081987
4231,1,-9.586955081973791
4232,1,-10.402133808148854
4237,1,-10.939411810709316
4243,1,-10.897533450162527
4271,1,-9.817190363782657
4276,1,-11.78358895094739
4277,1,-9.979881710223204
4287,1,-10.199530921751531
4288,1,-9.992472768312979
4295,1,-10.649147314904518
4306,1,-10.75352222153549
4316,1,-9.501832933077239
4317,1,-10.785040940627958
4318,1,-11.11738872208263
4322,1,-11.116940692612282
4327,1,-11.724077385682783
4339,1,-10.261642790087336
4340,1,-10.642761751623993
4341,1,-10.934063638678396
4347,1,-9.992472768312979
4355,1,-10.729955554725862
4359,1,-10.515363799478045
4360,1,-10.23569608836916
4361,1,-10.347273940703964
4386,1,-10.240927926086059
4388,1,-9.910609545479275
4397,1,-11.516597637977604
4402,1,-10.598070057952278
4413,1,-9.970118673616959
4414,1,-11.030097038602428
4423,1,-8.934162056256078
4426,1,-9.992845101119592
4428,1,-10.31235220176405
4433,1,-11.488434490866247
4435,1,-10.646151451767757
4446,1,-9.781457106984092
4458,1,-10.902678586409337
4461,1,-10.238315433258826
4471,1,-9.838913104232063
4473,1,-10.737087503802293
4479,1,-9.27080208594468
4480,1,-11.023416337848595
4499,1,-10.492605817211363
4518,1,-11.049646983397984
4522,1,-11.221767045214577
4528,1,-11.493451946402288
4534,1,-10.140353547290715
4542,1,-8.087892094640921
4554,1,-10.051904526768453
4568,1,-10.646319097220072
4571,1,-10.84895297569841
4577,1,-11.294467654098703
4578,1,-9.71396849651255
4583,1,-10.729955554725862
4587,1,-11.661227185983336
4601,1,-10.721621343780697
4615,1,-8.095156517285297
4617,1,-12.036049572478035
4618,1,-9.721903363458665
4627,1,-9.998006860943832
4637,1,-9.562433653980023
4638,1,-11.047989443860736
4644,1,-10.264233998394353
4647,1,-9.135714068582075
4652,1,-9.622682471785751
4669,1,-11.841809221443839
4678,1,-9.745895438047405
4679,1,-9.497988200678812
4680,1,-12.297975808131334
4694,1,-12.399519648203864
4696,1,-11.140574660175119
4697,1,-11.03638859334174
4703,1,-9.634522050530506
4704,1,-10.755671144901058
4708,1,-10.174887188585323
4720,1,-10.936337471959668
4740,1,-10.027980974090674
4741,1,-10.249094092934243
4777,1,-9.146351930445455
4787,1,-10.86574510253017
4791,1,-9.50386604083598
4798,1,-10.194662708856328
4801,1,-9.910433999939364
4802,1,-9.57676281460143
4808,1,-11.322685245315121
4810,1,-11.267725907454228
4811,1,-10.324378226526889
4826,1,-11.539407027145643
4829,1,-10.414515936250382
4830,1,-9.60843971571164
4831,1,-9.463829281867483
4841,1,-12.559459390630984
4844,1,-10.08122481000904
4848,1,-12.55527841549167
4851,1,-10.683667969049544
4857,1,-10.218444839313896
4869,1,-11.078993672838685
4886,1,-10.920320058411605
4891,1,-10.616659505009672
4896,1,-12.059540316992205
4902,1,-9.555868115484998
4916,1,-11.652798207732658
4919,1,-11.605699870620754
4924,1,-11.606064973662164
4929,1,-10.319549928368687
4936,1,-10.31696463607112
4939,1,-10.951742241837536
4942,1,-11.08174983298754
4950,1,-12.75576983145477
4962,1,-10.311364597202825
4969,1,-11.145466699646853
4974,1,-11.262708451918193
4982,1,-10.512953129581526
4987,1,-11.917698820496483
4988,1,-11.932066587901204
4993,1,-10.097069047905777
4995,1,-10.535927983662205
4998,1,-11.148580832421246
5014,1,-11.292894063605843
5015,1,-11.668687200140624
5023,1,-11.832192068179964
5024,1,-12.323973800284975
5038,1,-11.27292979002339
5040,1,-12.912095847702702
5047,1,-10.705258913202229
5057,1,-11.517348432894792
5063,1,-10.315614986614747
5067,1,-10.373849632675515
5074,1,-11.910389129823443
5085,1,-11.701108913936928
5088,1,-9.690982454580642
5104,1,-11.541885289860566
5110,1,-10.998052698537307
5113,1,-11.875247819421453
5123,1,-10.158027181241138
5128,1,-9.568827192130122
5129,1,-10.39602150416927
5131,1,-10.492268706192469
5141,1,-10.104603385438018
5160,1,-11.637055814258481
5163,1,-9.52654136994932
5173,1,-10.190761613063081
5179,1,-11.126848560408014
5187,1,-10.140538216404003
5196,1,-8.193083115105601
5198,1,-11.708079491495333
5199,1,-10.478584891501008
5201,1,-11.615717984315268
5205,1,-10.703487624544316
5208,1,-10.81716306229373
5212,1,-10.211462671991292
5216,1,-10.099749309946503
5217,1,-11.392394251918994
5219,1,-10.40082019060933
5222,1,-8.370959820935326
5237,1,-11.638132491883766
5238,1,-11.180001265861485
5240,1,-12.34636966886368
5245,1,-11.014112930783732
5249,1,-10.267352075254415
5250,1,-10.238424399111729
5256,1,-10.11882697347788
5275,1,-9.965428352213657
5286,1,-9.674790243429165
5288,1,-11.400013317565772
5289,1,-10.546618888716026
5293,1,-11.817380081516824
5294,1,-10.835136366734524
5295,1,-11.214633032497169
5300,1,-10.564824038193116
5301,1,-11.411975155092229
5302,1,-11.619282100968938
5305,1,-9.965428352213657
5309,1,-11.289292843859037
5313,1,-11.195777769377912
5317,1,-11.638174066865439
5320,1,-11.571752828133278
5330,1,-9.875353140120346
5339,1,-10.67298317625255
5343,1,-12.024738857363019
5350,1,-10.350586177089014
5356,1,-10.615718088360602
5358,1,-12.529205448204678
5359,1,-11.315727953069022
5378,1,-12.143150288389272
5381,1,-10.902580156194873
5394,1,-10.141270441667743
5405,1,-13.41238146340504
5407,1,-9.755023819762265
5410,1,-10.973726158614994
5411,1,-12.085587758693634
5420,1,-9.29847557721304
5423,1,-10.687128623355136
5426,1,-10.238555356460218
5428,1,-9.983863755677213
5430,1,-11.458911337894754
5438,1,-11.433347094681693
5439,1,-10.674017623812347
5440,1,-10.435763749460456
5448,1,-10.133769465232724
5453,1,-11.71045907652892
5463,1,-10.420297589438867
5472,1,-13.16037549409404
5485,1,-11.61372352041274
5490,1,-10.554366583479137
5504,1,-8.013768080573449
5507,1,-10.489153299468022
5508,1,-12.337641398287275
5511,1,-10.804162696163154
5516,1,-12.1552092906579
5521,1,-9.498986593224693
5525,1,-12.445683415874925
5529,1,-12.15147362023174
5538,1,-10.550185608339824
5548,1,-10.863387168927716
5551,1,-11.455888244285582
5554,1,-10.53601982140426
5558,1,-10.544382745698528
5579,1,-10.244935803110458
5585,1,-11.307267185847074
5587,1,-10.12410006540091
5589,1,-11.72633377627158
5592,1,-10.686991222371638
5601,1,-11.727172706502238
5605,1,-9.22000959867809
5609,1,-11.159871005809926
5612,1,-12.840937662458359
5621,1,-12.328234323293849
5629,1,-10.979309521331324
5635,1,-11.563420631191065
5639,1,-10.578529104222163
5641,1,-12.663018659610799
5644,1,-11.358038740193258
5652,1,-12.048424745595717
5675,1,-9.11813863947632
5681,1,-10.342991287757755
5687,1,-9.939176525473968
5694,1,-10.237574000174078
5696,1,-10.43990167753838
5718,1,-10.067680195981573
5766,1,-10.700091317895343
5778,1,-11.687167159839277
5788,1,-10.10605118123533
5797,1,-11.139482184767573
5798,1,-11.941979538454078
5810,1,-12.320166488621041
5812,1,-11.0936592488709
5820,1,-11.248531564309488
5825,1,-11.708253162885981
5831,1,-12.684647190025991
5832,1,-10.029400951321342
5837,1,-12.233978611941033
5838,1,-13.224208308846812
5841,1,-12.411570087269645
5843,1,-11.170972879976354
5846,1,-10.437044145103286
5848,1,-10.107343440998967
5850,1,-12.193677446563917
5861,1,-10.474471779486244
5863,1,-9.98184347297073
5868,1,-10.420226527157972
5879,1,-11.146311779688624
5886,1,-12.794407172035982
5889,1,-11.02790034866237
5898,1,-11.4933321785821
5904,1,-10.576638794717809
5906,1,-11.615504400746985
5926,1,-10.328134174435377
5934,1,-9.359510409057961
5938,1,-11.367073938921607
5940,1,-11.10410601776504
5942,1,-10.051805803078501
5945,1,-11.063287661941864
5968,1,-11.182714756699454
5970,1,-11.039028701108684
5975,1,-10.768244418395241
5988,1,-9.786881588272522
5989,1,-11.839334822234939
6002,1,-10.678676729134153
6005,1,-9.725387431237479
6008,1,-10.689456171622318
6014,1,-11.665912515962354
6016,1,-9.52570755894353
6020,1,-10.352490066514108
6025,1,-10.653161327745039
6027,1,-10.589787478837778
6038,1,-10.694787762860877
6041,1,-10.912186365036476
6042,1,-9.66590616136397
6051,1,-10.489015833718312
6054,1,-9.113772169093181
6055,1,-11.2975089801226
6057,1,-10.979566259156002
6061,1,-10.55567452950941
6067,1,-11.346203946150268
6074,1,-12.871010524229959
6078,1,-11.060718856025488
6081,1,-11.225768810795543
6083,1,-11.098866504968392
6089,1,-11.452131507611583
6094,1,-10.081981262856658
6102,1,-9.686766175930742
6110,1,-11.08656598927955
6114,1,-10.423156788764565
6127,1,-10.432384870507
6129,1,-9.956846116993823
6130,1,-9.663636363947539
6135,1,-10.757440739760924
6145,1,-9.762153363387164
6146,1,-10.968273644774584
6153,1,-10.102393816992105
6171,1,-9.773802968997636
6187,1,-10.379141034588635
6191,1,-10.83270729754608
6195,1,-11.203026450685698
6203,1,-10.826213909385856
6210,1,-10.119568379961855
6214,1,-11.193065915403231
6219,1,-10.502152327400637
6231,1,-9.81539719930553
6234,1,-10.049855165300443
6240,1,-9.73738046445414
6250,1,-10.660401621723281
6251,1,-10.43890903442066
6260,1,-11.314138024508686
6268,1,-10.036795862513259
6269,1,-12.357771430867494
6272,1,-10.055628416223598
6280,1,-10.642676340607402
6281,1,-9.885930483177411
6293,1,-10.266214593014709
6306,1,-10.282778654164254
6311,1,-9.958698519589454
6319,1,-11.586271449913845
6320,1,-10.202584356958596
6324,1,-11.065858378117355
6348,1,-10.354475095411466
6362,1,-13.205272684360978
6371,1,-10.097157161154279
6379,1,-10.113154433211278
6381,1,-11.013896803372056
6388,1,-10.653253307048338
6395,1,-13.0143885392784
6396,1,-10.470013623684054
6397,1,-11.9371243993521
6403,1,-10.15071766499672
6407,1,-11.631281281506709
6412,1,-11.214461138740411
6414,1,-13.19062943652034
6415,1,-12.298411449367947
6420,1,-11.450306206374357
6421,1,-11.500045005453671
6434,1,-9.868629356068602
6435,1,-9.9342362316087
6447,1,-9.436521620842107
6467,1,-10.366843432893077
6472,1,-10.937984098916402
6475,1,-10.433825737049077
6489,1,-10.544771573464473
6496,1,-9.157298247593324
6498,1,-10.932431847963159
6513,1,-9.725186254236768
6514,1,-9.542533727252874
6519,1,-9.889319266078395
6531,1,-11.278059433538601
6532,1,-9.897843777973236
6533,1,-10.550972652739986
6537,1,-9.94465190677645
6545,1,-11.261049956044538
6554,1,-10.935002564138642
6564,1,-10.07874035645272
6580,1,-10.700607944682268
6583,1,-9.446286525229674
6591,1,-9.441349919000324
6594,1,-11.57070143132949
6595,1,-9.604027884287923
6597,1,-10.018889022371972
6605,1,-11.527181025654372
6609,1,-9.301613333583333
6612,1,-9.460102698432657
6625,1,-9.281595551738341
6635,1,-11.642513144784608
6641,1,-9.41889816929315
6647,1,-10.932339091156244
6653,1,-10.512073944133228
6657,1,-10.319658220984351
6661,1,-9.785069432469975
6663,1,-11.745028076154057
6670,1,-10.91637018860714
6687,1,-11.039262292368441
6690,1,-11.738542951440209
6691,1,-11.467026733457601
6698,1,-10.920828992456627
6703,1,-11.364005913671804
6704,1,-9.90560708254666
6707,1,-11.070534052419724
6711,1,-10.503131232323454
6714,1,-11.127554671831874
6717,1,-10.438583602220113
6728,1,-8.15178246142515
6737,1,-12.309540175526898
6744,1,-11.097389045926306
6756,1,-11.652961849270156
6765,1,-10.687530252692191
6774,1,-12.182652642788952
6776,1,-10.596792005435368
6777,1,-10.219676973140736
6780,1,-12.210091946399125
6783,1,-10.677127475104115
6784,1,-9.82225532436955
6802,1,-11.422634924206712
6806,1,-11.055090753408713
6807,1,-9.819752068509821
6810,1,-10.954130248850525
6822,1,-9.8447790055654
6824,1,-11.228845117929914
6843,1,-11.63207650165122
6851,1,-10.386453074385791
6853,1,-11.29773458391901
6855,1,-9.944550500534952
6865,1,-9.557524548368306
6881,1,-12.49417252387046
6885,1,-10.17747201203224
6887,1,-10.298610619488656
6890,1,-10.707729579131232
6896,1,-11.231360451884562
6908,1,-11.018091221527023
6915,1,-10.74756815376385
6916,1,-9.615762946356625
6923,1,-10.675328753362656
6926,1,-12.394842274255879
6935,1,-9.117568853661034
6938,1,-11.484447668056099
6945,1,-11.860748687285856
6947,1,-10.135843028713538
6959,1,-11.546543578000588
6962,1,-10.136639780289983
6971,1,-9.828565506562683
6975,1,-11.128034801323956
6982,1,-10.617989941816958
6984,1,-10.743621619666378
6988,1,-10.64263391018114
6993,1,-10.885362808392095
7005,1,-10.434913602043146
7012,1,-9.423108750168616
7013,1,-11.419522701076225
7020,1,-10.142505010516452
7021,1,-11.255744756001441
7032,1,-10.302217158853104
7034,1,-10.000468880708063
7051,1,-9.96440533907964
7059,1,-10.710573764429022
7063,1,-10.852494837318567
7083,1,-10.756454317633128
7085,1,-10.898307038268065
7091,1,-10.41170392417093
7093,1,-10.539037855265626
7094,1,-10.027740611362923
7099,1,-10.376517778358568
7108,1,-10.372182818114638
7117,1,-9.095379444329922
7129,1,-9.783636895744714
7136,1,-11.443203755927783
7142,1,-11.01472851784711
7147,1,-11.049736068047288
7154,1,-9.104453045628972
7180,1,-11.909919289102362
7185,1,-10.88659151375056
7190,1,-10.032568909521125
7194,1,-11.07040397483297
7216,1,-9.78377118142852
7223,1,-9.647993486635364
7228,1,-10.527313432593658
7234,1,-9.961470332664426
7238,1,-12.913330416551403
7239,1,-9.261880490321012
7241,1,-10.911237957249263
7270,1,-12.275675933801736
7307,1,-11.868538695014465
7314,1,-11.102472957245944
7317,1,-11.204528319388558
7324,1,-12.042046861512176
7327,1,-11.48747487090435
7339,1,-10.410547660128252
7354,1,-11.30701672915226
7359,1,-10.005866109363133
7370,1,-9.473995341596172
7381,1,-8.395571731296798
7385,1,-9.188154106021138
7387,1,-10.04388964194522
7399,1,-9.151886507027598
7407,1,-11.253914472180114
7426,1,-9.687656545415734
7429,1,-9.411292896702797
7431,1,-10.587610875541479
7443,1,-10.66567283404784
7457,1,-10.844216416261162
7469,1,-10.479027275221839
7488,1,-10.897028314522764
7493,1,-11.60214729075458
7501,1,-9.576845594000382
7505,1,-10.386283044742974
7511,1,-9.585189561099028
7528,1,-9.767093440900304
7529,1,-10.699640180573212
7538,1,-9.630089429918748
7540,1,-11.711874246727461
7544,1,-11.368236987983991
7546,1,-9.69101449381948
7556,1,-10.302497677494586
7561,1,-11.6776893983537
7563,1,-11.065036549594659
7572,1,-9.21413545928641
7575,1,-9.934625645786745
7576,1,-9.336880604958772
7583,1,-9.641628548402267
7591,1,-9.529013929737339
7596,1,-11.445970144627417
7614,1,-11.381287560116128
7617,1,-9.995506653716305
7622,1,-10.429092779566787
7632,1,-10.720036868632256
7633,1,-10.746785683861269
7636,1,-12.749336653330587
7637,1,-9.782565165090283
7638,1,-10.837335753509166
7648,1,-11.422815871516988
7649,1,-11.961265819510551
7656,1,-9.2760008704498
7659,1,-11.108254992499631
7670,1,-12.24648032145275
7692,1,-10.597135425496369
7700,1,-10.074827406663566
7707,1,-12.024758618916174
7719,1,-12.407410107987246
7720,1,-9.928714643914496
7724,1,-11.6696766606727
7737,1,-10.815147939382193
7741,1,-11.586870339590902
7744,1,-10.433202083748853
7748,1,-12.156330939732442
7751,1,-10.960964586324216
7752,1,-10.178900362705278
7753,1,-10.581544710889858
7757,1,-9.273430154274315
7765,1,-5.856168168197591
7767,1,-7.296922117813239
7769,1,-6.41149058794462
7777,1,-7.262839165175855
7778,1,-6.750678857088921
7781,1,-6.585306987511821
7789,1,-5.248992960265731
7794,1,-6.71253115476803
7802,1,-7.510974842371041
7827,1,-6.1894549097889
7833,1,-7.00225328026675
7834,1,-8.235911111021615
7839,1,-7.479251863331719
7841,1,-8.5261024118306
7856,1,-6.103640479644042
7858,1,-6.314270137831279
7859,1,-7.09571532251465
7862,1,-7.52146935998735
7863,1,-6.174258651265106
7869,1,-5.725592372299907
7872,1,-8.717187167450795
7882,1,-6.945498637717648
7884,1,-5.20548560003099
7886,1,-5.747903266221975
7890,1,-6.5842041865585585
7891,1,-6.446014187045833
7912,1,-5.396033949079623
7923,1,-6.216206043029857
7924,1,-8.514798402058155
7929,1,-6.601205434800754
7949,1,-6.88173084729948
7954,1,-7.289636903462139
7955,1,-7.553567814350238
7958,1,-6.343605468685652
7959,1,-6.379734891475344
7961,1,-6.633992942885222
7968,1,-6.656478823859224
7970,1,-8.316783283488128
7971,1,-5.676521174331363
7975,1,-6.977978049322687
7988,1,-7.0860804940749205
7990,1,-6.964167811383469
7992,1,-6.766219976139752
7996,1,-7.601524912018945
8000,1,-7.51977329773473
8003,1,-9.344270197172968
8014,1,-6.351692738112199
8022,1,-6.336966126370804
8029,1,-6.300787335303234
8031,1,-7.2818607156779365
8041,1,-7.477474280766906
8042,1,-7.015794208964685
8055,1,-6.20294124845082
8058,1,-5.958635152514297
8074,1,-6.730236181079121
8075,1,-6.166133964465118
8082,1,-7.883676819305116
8084,1,-8.297746277324329
8089,1,-6.681798200948137
8097,1,-7.736431741991019
8098,1,-6.429403966223298
8103,1,-6.951735138144969
8105,1,-7.270131129452807
8112,1,-5.772058713351036
8113,1,-6.477457506348493
8114,1,-6.529134951979856
8115,1,-8.967165806556437
8134,1,-7.103022743762132
8135,1,-7.535655154012275
8140,1,-5.560700812779963
8142,1,-8.983324710049764
8145,1,-8.478778828161161
8150,1,-6.658751072809828
8155,1,-6.4929901056544
8164,1,-7.221275769660473
8169,1,-4.614377893493611
8174,1,-7.3689861712067
8177,1,-6.4673619956782815
8183,1,-7.2049167684713
8187,1,-5.957253140217247
8198,1,-6.4219302178372715
8205,1,-7.66299236653547
8212,1,-5.720771599248593
8215,1,-7.873523646778935
8218,1,-5.368268899307516
8220,1,-5.67128208944402
8221,1,-8.045898523958762
8227,1,-4.446369658421716
8231,1,-7.536994406278588
8234,1,-7.422230007125066
8235,1,-5.4362764655485165
8241,1,-6.216284264677512
8254,1,-6.177206737501891
8262,1,-5.436145398560612
8266,1,-6.830360661553726
8267,1,-6.81264221854655
8273,1,-6.950014254287893
8277,1,-7.705759324088831
8282,1,-8.379515532034098
8292,1,-8.184772632832406
8294,1,-6.615234625252164
8316,1,-8.730419694430772
8320,1,-7.54400280440241
8324,1,-7.311017959350089
8325,1,-6.24334348759151
8338,1,-6.697458255235524
8342,1,-7.294500905590397
8346,1,-6.039247159916826
8347,1,-9.131354458511261
8353,1,-7.028634744281327
8359,1,-6.257753178503208
8364,1,-6.475157925090478
8368,1,-7.028765701629801
8372,1,-6.351022715793611
8383,1,-8.518816788153401
8397,1,-6.068966502262022
8426,1,-5.6653905922416214
8436,1,-6.472959426215496
8439,1,-7.460313585185958
8440,1,-7.727745893504043
8443,1,-6.782924873459358
8444,1,-6.601632259430957
8454,1,-7.583524896700958
8460,1,-7.15581561174524
8465,1,-8.018554325601265
8467,1,-6.544802633668169
8472,1,-6.250383785913662
8473,1,-5.83485655781034
8474,1,-6.794874512122121
8483,1,-6.8837756476071235
8486,1,-8.419998869954718
8493,1,-6.051892818251972
8499,1,-6.403017427407832
8503,1,-4.990982149288733
8509,1,-7.964187444753193
8510,1,-6.19966927148716
8519,1,-7.496183178786708
8522,1,-7.102060911796663
8524,1,-6.9116016318588365
8527,1,-6.31124346397683
8532,1,-6.1780691475466725
8537,1,-5.901148114064348
8538,1,-7.969236914432507
8547,1,-5.8747489479241395
8557,1,-6.075311539628281
8561,1,-6.07235248182284
8570,1,-6.040037602924556
8572,1,-6.181748523473743
8573,1,-8.906958234447224
8578,1,-4.335972649117956
8580,1,-5.481334487702675
8583,1,-7.163143942407295
8584,1,-5.418041493702297
8587,1,-6.061850023507176
8588,1,-7.291969638339538
8595,1,-5.4350762414699005
8596,1,-7.009903482159615
8597,1,-5.510799440255433
8624,1,-7.6316155652679285
8627,1,-6.0136781676327615
8632,1,-6.578881295118251
8634,1,-7.249656686898874
8636,1,-7.317297675952915
8637,1,-8.669440463662717
8644,1,-7.8022786234942245
8645,1,-4.440589828991712
8648,1,-4.931151658882754
8650,1,-6.306665800403543
8658,1,-5.710479312549374
8659,1,-7.147065636981566
8660,1,-6.321049779593039
8664,1,-5.92425007174252
8666,1,-6.499264629431025
8679,1,-6.387707726109561
8681,1,-6.58133049864697
8693,1,-6.401446997463644
8696,1,-8.482657320717713
8698,1,-7.319868392128399
8701,1,-7.223621966655351
8703,1,-7.456598932072218
8705,1,-7.924945338437823
8736,1,-6.364232915900537
8739,1,-5.510799440255433
8744,1,-6.619915867939703
8749,1,-6.106010125212137
8750,1,-7.903485044432308
8762,1,-8.39118350074115
8766,1,-5.470400258563927
8778,1,-5.757207878868833
8788,1,-5.056298776809115
8794,1,-6.595722281380638
8796,1,-5.832893378113631
8814,1,-5.403991572898349
8816,1,-4.007798617762724
8824,1,-6.089162170143055
8825,1,-7.683628676702256
8835,1,-5.546692777770893
8846,1,-7.126544296800709
8852,1,-6.12402833460969
8857,1,-6.784089607666246
8865,1,-8.35231042178436
8873,1,-6.776192645886887
8875,1,-6.869257284861753
8876,1,-7.821510944865722
8884,1,-7.636416748358911
8885,1,-6.622348567748972
8890,1,-4.385005629360663
8899,1,-6.91627660883502
8913,1,-6.814442685117655
8926,1,-4.965824825709063
8943,1,-7.995042048841377
8949,1,-7.147711709467437
8958,1,-6.140125775113447
8964,1,-7.446607785838609
8966,1,-7.094491458673005
8969,1,-7.0537077914212745
8982,1,-7.526413409300517
8984,1,-6.238966340299726
9005,1,-6.33725421242535
9047,1,-8.153401119200382
9051,1,-6.245582193968929
9064,1,-8.3937059800068
9065,1,-7.652201885433023
9068,1,-7.498981642253916
9071,1,-7.0099597811672965
9074,1,-6.223178675663931
9075,1,-7.84742834953564
9080,1,-6.189819982480493
9085,1,-6.592787704333894
9090,1,-8.846582499439855
9094,1,-6.4446718429745005
9095,1,-7.588685552321081
9098,1,-6.740268337390823
9104,1,-6.691346310552483
9110,1,-7.991396203452759
9112,1,-8.129046640173755
9122,1,-7.9542080535641375
9124,1,-7.382824784288573
9125,1,-7.893968993515784
9128,1,-5.2784259129461475
9130,1,-7.226517882753754
9137,1,-6.499882478046722
9142,1,-6.205318372890829
9147,1,-7.125246965579031
9154,1,-7.857426908274348
9159,1,-8.782441646765491
9164,1,-7.263697993934414
9172,1,-6.31738463325442
9176,1,-8.5037348092782
9179,1,-6.884546631746204
9186,1,-5.654932559373165
9187,1,-7.044572464670942
9199,1,-8.272506866350255
9201,1,-7.782260933072386
9209,1,-7.223933325149169
9223,1,-7.290502209387199
9231,1,-8.375352195977598
9244,1,-5.365944281736823
9245,1,-6.715573281640452
9246,1,-8.882869823927997
9263,1,-7.303999159311523
9265,1,-6.206652895087323
9270,1,-7.3046923620686925
9273,1,-7.06815255277926
9275,1,-6.8563130509651415
9290,1,-6.53104412105246
9300,1,-7.657859054542257
9303,1,-7.304946881317981
9311,1,-8.38965927251678
9313,1,-6.801449413633442
9324,1,-6.8579147763049875
9331,1,-7.931626481339023
9337,1,-7.6366894902361295
9344,1,-6.2205653488781465
9353,1,-6.5529512486352886
9362,1,-6.188713442100088
9368,1,-6.138336452697146
9373,1,-8.135593617243948
9385,1,-6.888996191758707
9389,1,-8.21494251521733
9395,1,-6.7422787422754595
9399,1,-6.352888836093555
9406,1,-7.5313474081237715
9410,1,-8.944981692263802
9419,1,-7.499285245694708
9437,1,-7.765553445124972
9442,1,-7.245034627485239
9445,1,-6.947982596790709
9450,1,-6.90319535481612
9465,1,-5.174795182453089
9474,1,-6.318230579395838
9475,1,-5.885462525150523
9490,1,-6.453276243369196
9503,1,-5.852453608491132
9510,1,-6.126320161017887
9515,1,-7.3070534961936175
9519,1,-6.260887505972313
9524,1,-6.431216463155941
9525,1,-4.647441104195977
9527,1,-6.701134085831413
9530,1,-8.458453186065299
9545,1,-6.6271826387508455
9549,1,-6.31154800869588
9552,1,-7.626827457798143
9553,1,-6.350818990037915
9561,1,-8.427929724356886
9565,1,-6.121979054122967
9573,1,-6.885766434174968
9586,1,-6.808086317668831
9588,1,-7.774442539522063
9589,1,-7.818458293697994
9594,1,-6.928091648256803
9605,1,-5.408281728094565
9609,1,-6.164097836914671
9618,1,-6.558866196360668
9625,1,-6.378789312549095
9631,1,-5.607273889854511
9633,1,-6.563746232875239
9637,1,-5.773749163105748
9638,1,-6.035641273626084
9643,1,-6.950938656725938
9646,1,-8.242376419105085
9647,1,-7.207805863992604
9654,1,-6.27640669829389
9673,1,-7.695440361233111
9679,1,-7.103024853458159
9688,1,-7.391934746446289
9701,1,-5.434066370774687
9706,1,-7.654184703996634
9721,1,-5.997850550441079
9722,1,-8.37643700361324
9723,1,-8.539194647217506
9727,1,-6.175507190727089
9730,1,-7.719548654922534
9734,1,-9.089759212764655
9741,1,-8.201824091318173
9754,1,-8.61934339175037
9756,1,-7.6702789829743665
9779,1,-7.439920420863523
9785,1,-6.837547405632179
9786,1,-7.181005280341296
9790,1,-5.992648811596119
9799,1,-5.741565639757873
9801,1,-8.325705747602825
9806,1,-6.59435301930823
9812,1,-7.221148908533017
9827,1,-6.403449119626899
9829,1,-8.097781983037954
9834,1,-6.481284485910159
9837,1,-6.6549073166188535
9855,1,-6.3380240981228155
9864,1,-5.374267121484571
9866,1,-5.791709805392131
9869,1,-8.218819336759367
9873,1,-6.330097582213135
9883,1,-8.354265768838474
9886,1,-5.327703986320039
9895,1,-5.75165707612279
9905,1,-8.547757358365743
9910,1,-7.40174483719003
9915,1,-7.063537418822747
9922,1,-7.00103842222542
9923,1,-5.868839254227517
9928,1,-5.5628406772034396
9947,1,-7.525827594764223
9950,1,-9.173907054504362
9951,1,-7.653569075316689
9954,1,-7.022399029427326
9956,1,-7.171197784953513
9957,1,-6.254654098312017
9964,1,-7.627607669885286
9968,1,-7.870433734225706
9972,1,-9.329665821792169
9973,1,-7.103294430931584
9979,1,-6.184035926690953
9981,1,-9.173907054504362
9993,1,-7.586541518123397
9994,1,-6.132505121294905
10003,1,-8.717012973033135
10005,1,-7.748883555999313
10006,1,-8.308793584214683
10010,1,-7.022399029427326
10012,1,-8.572294215331517
10014,1,-7.329936177314089
10016,1,-8.36502082088925
10020,1,-6.208955762230715
10028,1,-6.089437381492253
10034,1,-7.255723640756024
10039,1,-6.461017951062651
10040,1,-6.227215396802521
10041,1,-5.954453656422167
10043,1,-3.7107720907631645
10044,1,-4.3229173461487775
10054,1,-7.940354553710172
10057,1,-5.379275457196165
10058,1,-6.65585476733326
10061,1,-8.192370679357253
10062,1,-5.868371110651843
10065,1,-5.812085214266169
10068,1,-5.642974951182509
10072,1,-5.903512421053826
10073,1,-5.2297844192545995
10077,1,-6.394725107587533
10083,1,-7.861812711770298
10086,1,-6.312693933025649
10087,1,-6.571885297855388
10097,1,-5.890761116018254
10101,1,-6.016565524757972
10106,1,-8.505419342051589
10112,1,-7.779875878725463
10113,1,-5.9594711119581945
10116,1,-6.395420002659783
10120,1,-5.419145974990656
10124,1,-8.147648386988031
10126,1,-6.2544325003213075
10130,1,-6.985610575691204
10133,1,-6.025071828043231
10139,1,-7.5120306498106615
10152,1,-7.24900621176608
10153,1,-6.470317921136839
10159,1,-6.749731755500861
10163,1,-6.659675439754878
10170,1,-6.353417607238157
10174,1,-7.705513856804238
10180,1,-8.122339630065923
10181,1,-7.687343195835005
10186,1,-7.672346819854383
10190,1,-6.465045362491303
10195,1,-8.245614515275612
10198,1,-7.956889447490312
10204,1,-7.047283532304931
10205,1,-6.5391961304258714
10206,1,-6.0019446464326975
10211,1,-7.065574085410084
10215,1,-8.45697890791147
10217,1,-6.931070470179954
10235,1,-6.154837896708067
10245,1,-6.672422980620794
10255,1,-7.977624689788215
10261,1,-8.65232714713541
10273,1,-7.995242840610551
10284,1,-7.46653421486949
10288,1,-8.0579764695228
10295,1,-7.738822534791211
10308,1,-7.1204031092629165
10313,1,-7.334607593441767
10314,1,-6.126320161017887
10316,1,-6.460857850447766
10334,1,-5.703799215243372
10337,1,-7.092193159919589
10343,1,-6.997542113233756
10344,1,-6.935032747051416
10345,1,-8.314325135277436
10349,1,-7.328630463069302
10352,1,-8.7874474281154
10353,1,-7.175224618105943
10354,1,-7.7576322329834255
10359,1,-7.100716403934086
10362,1,-6.334515145152466
10367,1,-6.033294733153156
10370,1,-6.507336945148687
10399,1,-5.615802334336848
10426,1,-7.485160756100143
10427,1,-8.393126567582293
10432,1,-7.430854795464974
10444,1,-6.874215385284053
10445,1,-8.107391843891946
10463,1,-6.433368834836713
10468,1,-6.251899665597719
10469,1,-7.489899508019441
10477,1,-7.343890338667563
10479,1,-8.430551194205371
10480,1,-6.997732704455082
10481,1,-7.222169469205724
10482,1,-7.151146414381387
10483,1,-6.1568805230960635
10492,1,-9.148092892186774
10493,1,-6.4853451462997285
10544,1,-6.976549714488904
10553,1,-7.109885029091643
10556,1,-5.556248017036182
10562,1,-7.208751398957084
10585,1,-6.60788031241227
10590,1,-7.634580472489397
10599,1,-8.26386236563453
10605,1,-6.622587168856057
10607,1,-8.862161958050628
10613,1,-6.8168973963208686
10629,1,-5.739558861329485
10635,1,-8.141460751754742
10640,1,-6.287393445446966
10644,1,-6.746758190604169
10645,1,-8.605525586602319
10646,1,-7.238968735507932
10650,1,-6.32864424814867
10656,1,-8.245668330060255
10657,1,-6.410869084177513
10660,1,-6.597817657303885
10670,1,-6.306486739438803
10678,1,-8.814926928815218
10694,1,-6.945909388005802
10695,1,-7.377928236493531
10699,1,-7.269472712540896
10706,1,-8.286930768425364
10708,1,-6.378328315007344
10710,1,-6.638662209365016
10719,1,-6.76688564669832
10721,1,-6.169510143500979
10723,1,-6.71680383205608
10732,1,-8.70440637259751
10745,1,-6.400035939367591
10758,1,-7.7558234975874285
10760,1,-9.162842620014416
10783,1,-6.15246869167234
10786,1,-8.800438730288718
10789,1,-6.854716508394937
10790,1,-7.702808338445983
10796,1,-8.147612908322998
10799,1,-6.315927648007261
10806,1,-7.140294840891897
10821,1,-5.7569414976524484
10830,1,-5.603469258109463
10831,1,-6.782788064910363
10832,1,-7.802506687952224
10834,1,-4.950187563672927
10849,1,-5.80675159763792
10871,1,-7.776403150420421
10872,1,-8.109724104999636
10874,1,-7.857184192422039
10879,1,-6.810925982247873
10894,1,-5.990105659434512
10904,1,-7.716891585155821
10915,1,-5.743852839616963
10919,1,-6.8840322420399005
10927,1,-5.8074440838918235
10937,1,-5.828525310713069
10946,1,-7.033221991756726
10958,1,-8.378160517234036
10961,1,-5.849675711489745
10966,1,-6.67039813858576
10968,1,-7.243487775856316
10969,1,-4.837940667087153
10973,1,-6.226459636583471
10991,1,-7.879446645435735
11019,1,-6.927384206103071
11022,1,-7.997145471405901
11024,1,-6.071960088956843
11027,1,-7.399088281590849
11037,1,-8.191483108496328
11042,1,-6.414330138643614
11044,1,-8.30986626473532
11048,1,-7.6827146764867535
11058,1,-8.591049753610115
11068,1,-7.43069469354522
11070,1,-7.715508248532991
11087,1,-5.824425155218108
11089,1,-5.922015085414365
11115,1,-6.6546433346862415
11117,1,-7.281667972243092
11131,1,-6.412320683354622
11155,1,-6.475425099353487
11161,1,-8.248280519424995
11167,1,-6.904200114802784
11170,1,-7.3012980048753136
11175,1,-6.510792566867714
11177,1,-6.437640699548069
11187,1,-7.303114750760962
11194,1,-8.254548248771236
11198,1,-7.074958467274499
11212,1,-7.376206480699167
11223,1,-7.5476194715908065
11225,1,-5.817072872595432
11227,1,-6.824919259569874
11233,1,-8.677138394551264
11242,1,-6.734130978536612
11252,1,-5.165877876236593
11254,1,-7.580123727584358
11255,1,-6.512450739075668
11260,1,-5.795005219686885
11287,1,-7.834776134107791
11294,1,-7.902146850188267
11307,1,-6.768627551801792
11308,1,-6.226037793270699
11313,1,-6.988933061216834
11317,1,-7.006941072564246
11320,1,-4.743992520938875
11325,1,-7.650962045981792
11326,1,-7.857895596133439
11327,1,-8.08462481101666
11337,1,-6.134650927470709
11366,1,-6.643409753842903
11371,1,-7.444381865842971
11373,1,-6.643409753842903
11381,1,-6.739800984721448
11394,1,-8.546586351085928
11401,1,-6.544591835644212
11402,1,-6.874737132532928
11408,1,-7.826166731364431
11432,1,-6.008224414032199
11450,1,-6.678004099881541
11454,1,-6.714695173139376
11455,1,-6.5284061721693405
11461,1,-8.018465179832596
11468,1,-5.653575026414849
11470,1,-6.597503187647618
11472,1,-6.2846029804800665
11473,1,-5.307541728812623
11475,1,-8.52551841945695
11497,1,-4.548728258475094
11503,1,-7.897570110266436
11515,1,-6.385678480661483
11524,1,-4.543724098567971
11536,1,-7.1573302911948815
11544,1,-7.310866618605168
11551,1,-6.1841748033175605
11552,1,-7.604801929203347
11554,1,-8.203097528176151
11555,1,-6.314474842560877
11559,1,-7.886505133048715
11561,1,-6.115605569361122
11563,1,-8.206068140930022
11573,1,-6.778768576716175
11578,1,-8.071709015750962
11584,1,-5.84491147721117
11587,1,-9.222811812503565
11594,1,-7.159684093512411
11597,1,-7.743899984983926
11600,1,-6.105458136260019
11616,1,-7.487625182856775
11623,1,-7.543587268132306
11627,1,-6.882920803578877
11628,1,-7.620268089224929
11640,1,-8.122120738619536
11641,1,-7.820443394908459
11643,1,-5.649538072536679
11644,1,-6.530988543463735
11646,1,-6.844024875075135
11652,1,-6.358438123318919
11658,1,-7.59182085436111
11660,1,-7.104972414341788
11663,1,-8.802773295536248
11674,1,-9.223803163650487
11675,1,-6.105458136260019
11682,1,-5.57662546406592
11683,1,-7.6003610967875375
11690,1,-6.472080797050765
11698,1,-6.1071797076617
11708,1,-7.2545875065106245
11710,1,-5.7060244241460225
11715,1,-6.372306779632787
11725,1,-6.336062178441914
11728,1,-7.174134369865627
11730,1,-6.4174916563697195
11737,1,-7.008960467209235
11746,1,-5.329979575579394
11754,1,-9.02117787442645
11756,1,-9.525644465268094
11759,1,-6.64993391775657
11767,1,-8.30702224728951
11770,1,-5.473675293937291
11779,1,-7.424054709008686
11780,1,-6.593594379917903
11802,1,-8.156332953733958
11808,1,-6.334221063193681
11824,1,-6.292671473124841
11833,1,-5.43290767704751
11837,1,-6.0604761643221465
11841,1,-8.46836813704089
11842,1,-7.267898646612686
11849,1,-8.35769834221388
11851,1,-8.834267574065521
11899,1,-6.43316402403957
11909,1,-7.701049131226554
11913,1,-6.813631240911711
11914,1,-7.386192791886451
11920,1,-8.69094000574615
11922,1,-6.112874781767893
11926,1,-7.954479802626885
11930,1,-8.820068411008108
11936,1,-6.021672831829257
11938,1,-7.463785703310137
11939,1,-6.947380056574303
11943,1,-7.345393673491657
11944,1,-7.40042414698128
11950,1,-7.207887908835254
11959,1,-6.771606684424533
11964,1,-8.32241662031688
11969,1,-6.50931581754589
11971,1,-7.930923745941797
11996,1,-6.339728708266037
12006,1,-6.648389518917476
12024,1,-6.843197986287038
12027,1,-6.804532283676039
12034,1,-5.574604866232015
12049,1,-6.271126182762835
12053,1,-8.028351138040065
12057,1,-5.184463168040516
12061,1,-7.13910774802919
12073,1,-8.97032204552108
12083,1,-7.201343670592266
12084,1,-6.883251910779784
12098,1,-5.6862036394762825
12100,1,-6.3883952532410575
12120,1,-6.384554922036024
12124,1,-6.127612942950876
12127,1,-6.968417741290111
12130,1,-7.377214918652207
12140,1,-8.434373754529013
12142,1,-9.48538645327703
12145,1,-7.55493325862183
12147,1,-6.96932935685988
12150,1,-9.267997538118166
12157,1,-7.979961232409252
12159,1,-6.257122165305951
12181,1,-8.638609302716873
12188,1,-7.54037139325839
12190,1,-6.440366320428176
12199,1,-8.88862383845725
12203,1,-9.865862898706823
12214,1,-6.859619415520783
12219,1,-8.653468797049278
12225,1,-7.987072166237375
12226,1,-7.670188333615471
12231,1,-9.241382141708513
12233,1,-6.513917389415283
12236,1,-8.60680930095922
12237,1,-7.388122177435548
12238,1,-8.518440087246077
12239,1,-7.5854219443805775
12245,1,-6.408039992125289
12252,1,-7.973442787032717
12259,1,-8.2146959756858
12267,1,-7.477022862615897
12272,1,-8.757383543374573
12273,1,-6.987607241155111
12285,1,-9.928345166148567
12295,1,-7.740766922030133
12297,1,-8.31979393300471
12306,1,-8.226924624390286
12312,1,-7.841879925065037
12316,1,-7.739970197855307
12325,1,-6.373218800940279
12337,1,-7.841306411630498
12359,1,-8.068584122247536
12375,1,-7.2225167153183705
12378,1,-5.794838583308739
12383,1,-7.793378912131601
12391,1,-6.776500363031161
12401,1,-6.81431109073857
12416,1,-8.374198232332624
12424,1,-6.857441897946423
12432,1,-8.242592669084345
12436,1,-7.353047912829403
12453,1,-6.767863113837592
12457,1,-6.218921283732939
12462,1,-7.57572544616221
12465,1,-7.990177973629997
12466,1,-7.099987733441701
12474,1,-9.069092867416067
12481,1,-8.27003573365743
12486,1,-6.464037955804045
12495,1,-8.255023965340328
12499,1,-6.827471410733175
12502,1,-6.569756266216892
12520,1,-7.702912898017416
12533,1,-6.953461938812723
12540,1,-7.339123639854009
12547,1,-7.37278702729359
12556,1,-10.014048222403616
12559,1,-8.322085821058444
12566,1,-6.246629155272572
12574,1,-8.220632572326615
12579,1,-7.053479355605354
12584,1,-7.4416121650233364
12594,1,-7.714284473788247
12602,1,-5.8586983594990585
12607,1,-6.81473708559021
12616,1,-5.939973521059933
12639,1,-6.762804954887038
12641,1,-6.996470662274213
12646,1,-5.971631892232999
12652,1,-6.871479708450337
12661,1,-7.329324176101693
12662,1,-8.206618206320016
12679,1,-7.302168569294523
12683,1,-7.134655053854424
12692,1,-6.3593996010377865
12693,1,-10.083713507066896
12695,1,-6.547552062065627
12707,1,-7.202589126085321
12709,1,-8.353348081009173
12712,1,-7.699138861273163
12715,1,-6.4205372279744495
12721,1,-6.569756266216892
12730,1,-7.081234727258241
12736,1,-6.879931471521047
12741,1,-7.16086910679806
12743,1,-6.64312525992775
12744,1,-7.111252023586509
12745,1,-9.753197700381108
12754,1,-6.639887106211177
12756,1,-7.223389346230164
12757,1,-6.811112033520558
12767,1,-6.969043106151382
12772,1,-5.490033350810762
12776,1,-7.5022166759456255
12777,1,-5.682880109600603
12789,1,-6.193905789281054
12791,1,-6.172609034960473
12797,1,-5.402228340081777
12798,1,-7.6660435575052475
12806,1,-8.433403484284256
12807,1,-7.56979635548204
12808,1,-5.465097727088562
12840,1,-5.866199901501503
12846,1,-6.10616489054312
12865,1,-7.278910171733493
12868,1,-6.113124747279443
12871,1,-6.182467040688131
12882,1,-5.56283550401276
12891,1,-5.846949814669252
12899,1,-6.46912718929002
12905,1,-6.307285927039011
12906,1,-6.307285927039011
12908,1,-5.846949814669252
12916,1,-7.969420231363216
12928,1,-7.328575991124744
12929,1,-6.0844438792141275
12931,1,-5.586280552833969
12950,1,-7.618945220393336
12962,1,-6.736795408916876
12964,1,-6.1748748864830745
12996,1,-6.062579977252703
12997,1,-8.584805698463867
12999,1,-6.367722188848269
13003,1,-7.427441942989347
13004,1,-6.367722188848269
13008,1,-6.240347023630399
13014,1,-6.271474986825076
13017,1,-7.089726902679985
13022,1,-6.821951205581371
13025,1,-8.235073532485558
13026,1,-7.854135431520653
13032,1,-6.863260321638258
13034,1,-5.929764524665018
13035,1,-8.504587324720994
13036,1,-7.314236911856597
13043,1,-7.12880622311372
13045,1,-6.343396827222627
13055,1,-6.182467040688131
13056,1,-7.672189056311694
13060,1,-6.949317886579848
13071,1,-7.2153709599919935
13076,1,-5.0673766810311065
13077,1,-7.299327975418592
13080,1,-6.434408934281258
13083,1,-5.577295407687636
13086,1,-6.648084389279916
13087,1,-9.10597682613217
13090,1,-5.618109878754304
13091,1,-7.207499225609709
13096,1,-5.98913460186759
13100,1,-5.314966123082321
13113,1,-7.266529280752948
13116,1,-5.769587761918224
13120,1,-5.392716991696851
13121,1,-6.109987214530726
13133,1,-6.24720405476954
13136,1,-5.325959521735065
13138,1,-5.813728699418903
13141,1,-6.605080683197983
13144,1,-6.605080683197983
13145,1,-6.605080683197983
13183,1,-5.717804129634999
13187,1,-7.5243690588291585
13191,1,-6.102109226220662
13199,1,-4.754767531189721
13201,1,-4.835548573191346
13207,1,-7.884799594177302
13208,1,-5.582510722616497
13227,1,-7.145759082224551
13228,1,-5.638199249493034
13236,1,-6.986307509000518
13238,1,-5.949262815391343
13239,1,-5.952501884037375
13240,1,-6.986307509000518
13241,1,-6.20026172985893
13255,1,-6.635035041746072
13256,1,-8.17342599823791
13265,1,-5.725987800680954
13270,1,-5.697609794837746
13273,1,-7.663014984427576
13275,1,-8.209597424471013
13281,1,-6.225446693901631
13285,1,-6.925773676156425
13294,1,-5.468440190482383
13303,1,-5.913858302741097
13304,1,-7.003630887027107
13306,1,-5.381591938570182
13307,1,-5.556231601678256
13308,1,-7.7302808659044615
13312,1,-6.479276274458265
13320,1,-8.288173449031092
13323,1,-7.656093381945993
13324,1,-6.924947510476592
13325,1,-5.6419258329278605
13329,1,-6.471364704069046
13330,1,-5.894625879440689
13336,1,-7.196129702989303
13337,1,-5.929203558776365
13338,1,-6.87035601114507
13340,1,-6.317692690988174
13353,1,-6.479276274458265
13356,1,-7.803271639288603
13364,1,-6.240358900016936
13367,1,-6.799054463183445
13374,1,-6.53755889473446
13385,1,-6.225446693901631
13387,1,-6.0514486232639015
13393,1,-7.131992698398761
13397,1,-8.2121088491282
13402,1,-8.076544144184723
13403,1,-5.949262815391343
13406,1,-5.964728975412925
13407,1,-5.339768999328051
13412,1,-5.976988739156589
13422,1,-7.379442983952423
13423,1,-5.927975668749696
13453,1,-6.641381892909813
13458,1,-8.13834600011257
13461,1,-9.49782783377779
13462,1,-7.942667332081939
13466,1,-7.663180446694454
13468,1,-9.00238708622301
13483,1,-7.215573559452842
13488,1,-8.041033039312161
13493,1,-5.37444216615436
13494,1,-7.13429391795075
13510,1,-6.9777497478999635
13513,1,-6.560911641173334
13516,1,-6.163872658704733
13526,1,-6.26011986072794
13541,1,-8.33639920521513
13542,1,-6.1387393526220535
13551,1,-6.7290777034653
13553,1,-7.169010424288324
13558,1,-6.639730264900379
13565,1,-4.066397312455628
13573,1,-7.148379410923148
13574,1,-7.27667945107406
13588,1,-7.53027501220604
13595,1,-7.132645709938849
13596,1,-5.742747589228564
13601,1,-6.907679077090322
13603,1,-5.462828240561024
13607,1,-6.772212860232408
13608,1,-5.441413730562999
13613,1,-5.620569599619273
13620,1,-6.6070198145107994
13622,1,-7.001276379994579
13629,1,-6.038865731468434
13653,1,-6.812143634734419
13659,1,-6.028840945174245
13663,1,-6.5927894502134095
13672,1,-6.459973132474438
13677,1,-7.083033403275721
13678,1,-7.601334606974525
13686,1,-5.636035759640848
13694,1,-6.866273351911566
13708,1,-6.030499117382185
13710,1,-6.126746319405392
13711,1,-6.126746319405392
13716,1,-8.213612767234956
13722,1,-6.492883163587386
13725,1,-6.761403292236935
13730,1,-6.824121367209159
13736,1,-8.30995117201131
13737,1,-5.668154411044881
13739,1,-6.483533234573237
13746,1,-6.200756760465708
13758,1,-6.69497328859152
13764,1,-5.922337239718942
13782,1,-6.360128690947327
13788,1,-7.929619341805797
13805,1,-7.82112304637802
13810,1,-6.829095354652203
13811,1,-8.839038468125182
13816,1,-6.430338404825655
13824,1,-6.687802083387908
13825,1,-6.183379488461313
13828,1,-7.29551401143776
13830,1,-7.174450580840798
13847,1,-6.647924482464866
13855,1,-6.158891972529915
13859,1,-7.39176121346096
13862,1,-8.384325318877998
13869,1,-8.805949782224715
13878,1,-6.9945948436200425
13881,1,-6.773919272422226
13888,1,-8.03108941135055
13901,1,-5.671893829639224
13904,1,-7.440194099859021
13913,1,-5.671893829639224
13915,1,-7.969405553575768
13929,1,-4.443432263685267
13930,1,-7.259206019609913
13935,1,-5.865073270735344
13940,1,-7.537167496598009
13942,1,-5.660768776512562
13944,1,-7.789598072945438
13948,1,-6.9339181295639705
13953,1,-6.264130464670657
13958,1,-7.149532849087443
13977,1,-7.774131912923856
13979,1,-5.675084300687381
13993,1,-6.918074163331099
14000,1,-7.980617181662446
14008,1,-6.161067659911851
14024,1,-6.391023384605219
14025,1,-5.855881930400358
14028,1,-6.53735796366594
14036,1,-7.2856346640476275
14041,1,-7.301100824069209
14045,1,-5.759634728377165
14050,1,-6.909926272871118
14062,1,-7.2856346640476275
14068,1,-5.922568675833347
14069,1,-7.286430316279009
14072,1,-6.358967185305723
14096,1,-5.894311837060506
14107,1,-6.654860999572584
14115,1,-7.839591287853509
14116,1,-6.457029650319257
14119,1,-7.057063954311829
14124,1,-5.441405359392874
14125,1,-6.334042970251353
14138,1,-7.285951923892689
14148,1,-6.44234134025492
14155,1,-5.517104825462567
14168,1,-6.518031071012487
14170,1,-6.5927810790432915
14173,1,-6.276778541859549
14179,1,-7.058092777813592
14183,1,-6.343465287292524
14184,1,-5.501569190666572
14187,1,-6.091507265034252
14202,1,-7.481405385744537
14207,1,-9.608900089847722
14208,1,-7.03186600157283
14209,1,-5.6008674297985195
14225,1,-6.834620738032122
14227,1,-7.375493515601555
14236,1,-7.598099672347352
14251,1,-7.72787792580872
14255,1,-6.57731491902171
14262,1,-7.3397700604772
14268,1,-5.851334877155779
14277,1,-6.707473828680612
14279,1,-7.414718640311548
14286,1,-6.755352778911657
14288,1,-6.369131338171563
14308,1,-7.318471438288356
14321,1,-6.8394394170203725
14328,1,-6.168446327316374
14349,1,-7.263209563782837
14386,1,-6.212482691942803
14388,1,-6.034011859936243
14398,1,-8.487753771432622
14404,1,-7.51255535836367
14408,1,-7.448211658045402
14417,1,-7.600528074146155
14420,1,-7.639911511245607
14421,1,-7.350818912781307
14428,1,-6.72918582089379
14429,1,-6.080048861814021
14431,1,-8.69495667540916
14443,1,-6.315688070310834
14444,1,-8.633056472088995
14461,1,-7.970049902776488
14464,1,-5.7651415257192085
14475,1,-7.583621387562637
14488,1,-7.876335996257076
14490,1,-5.914123831709816
14504,1,-6.212644989132627
14511,1,-7.931722043237187
14522,1,-7.3217958061022586
14526,1,-7.48312334042032
14527,1,-7.466830104074866
14535,1,-8.729303674112195
14538,1,-6.682861049037179
14553,1,-8.440073847426795
14570,1,-7.237829102931869
14572,1,-6.990082448466339
14575,1,-9.513620357173785
14604,1,-6.263354400809341
14608,1,-6.782153577602614
14610,1,-8.096350940497196
14615,1,-5.961446430123445
14620,1,-8.570863172790759
14621,1,-8.17448336271707
14623,1,-7.131223629948096
14631,1,-6.977550137425382
14641,1,-7.4365602052557875
14642,1,-6.366176451892898
14645,1,-7.9429332769900896
14651,1,-6.662721586546844
14654,1,-7.8307486466571845
14658,1,-6.283400749024992
14659,1,-7.719610828780482
14670,1,-7.985980296453519
14678,1,-7.598071663915846
14680,1,-7.301026089283333
14708,1,-8.408323127292455
14711,1,-8.478542805818208
14726,1,-5.369707468655797
14732,1,-7.345218584165025
14733,1,-7.598946088238847
14736,1,-5.171152361382944
14747,1,-6.844355635817536
14751,1,-6.840203773735546
14754,1,-9.521869194459015
14756,1,-5.316405980690142
14759,1,-8.095374014907605
14765,1,-7.458367412326275
14772,1,-7.458367412326275
14773,1,-6.7423822494273224
14776,1,-8.00508139475243
14780,1,-7.528694259601089
14782,1,-5.886092478599544
14795,1,-6.487966623801128
14799,1,-6.582901559206434
14806,1,-5.944663564715675
14807,1,-6.776451303387013
14808,1,-8.015261875429033
14813,1,-5.415271932554745
14819,1,-9.018426188573066
14841,1,-6.871856798698005
14845,1,-7.016323003113278
14862,1,-5.360682791873707
14864,1,-5.322844899484963
14867,1,-7.180827796224079
14877,1,-6.419076667976427
14889,1,-8.577711631236923
14899,1,-5.9549304407293135
14911,1,-7.555926089735287
14913,1,-6.728803339519921
14921,1,-6.613156919402918
14927,1,-7.778028283413491
14930,1,-7.684189237858632
14945,1,-7.274661532127666
14950,1,-5.979940490650897
14952,1,-4.770362615311299
14958,1,-6.388427420432073
14967,1,-5.415271932554745
14968,1,-5.3672876418918705
14972,1,-5.998109910840888
14984,1,-8.54950398914697
15004,1,-6.663065576299992
15010,1,-5.79843003854694
15011,1,-6.018173199785792
15015,1,-7.98713226631439
15017,1,-6.011793682795421
15022,1,-6.129886561830567
15025,1,-7.044201794867533
15026,1,-6.196505673700742
15027,1,-7.114672777736274
15029,1,-6.302070895428436
15033,1,-7.875666995760852
15036,1,-6.7578755722765464
15038,1,-7.206739004620175
15041,1,-5.137705371623085
15042,1,-5.9710864104253005
15047,1,-7.061557125753971
15051,1,-6.098686700824693
15062,1,-5.352233168179033
15066,1,-7.488385262604012
15077,1,-7.89085591883935
15079,1,-6.172311933048036
15085,1,-6.172311933048036
15105,1,-5.922015399289506
15113,1,-5.999766267904029
15120,1,-4.847678068974609
15127,1,-7.49849129039896
15134,1,-5.678785035296002
15138,1,-3.5100098544739637
15141,1,-8.161504501344986
15156,1,-5.6707590297794965
15160,1,-4.805035782137608
15201,1,-6.558011775640608
15208,1,-7.541695748593106
15223,1,-7.6986066703512535
15247,1,-6.363192719656858
15255,1,-6.123607023996513
15260,1,-4.973044017209503
15270,1,-5.895400911180495
15272,1,-7.913842528440824
15279,1,-6.741745354949636
15285,1,-6.662281486621431
15290,1,-7.310536365996235
15302,1,-6.263911439750558
15313,1,-7.476091975662065
15318,1,-7.140642226777196
15319,1,-7.0475102345289145
15320,1,-8.304974690531182
15327,1,-8.539648609855703
15336,1,-5.304970602316864
15340,1,-7.394317759254335
15342,1,-6.534533426226751
15354,1,-7.933565735313778
15362,1,-7.194451586471864
15364,1,-6.038484630307593
15373,1,-5.711205394899061
15378,1,-6.150197992352375
15389,1,-7.094975437589021
15418,1,-8.467255533938783
15423,1,-4.953292251230479
15431,1,-5.716643972754497
15432,1,-6.196527354325774
15433,1,-6.100280152302574
15447,1,-6.2264337658211275
15451,1,-6.165375821252653
15452,1,-7.7856888930168395
15469,1,-9.257787006033581
15470,1,-8.101820049869303
15480,1,-5.3362133317429254
15485,1,-6.0427857641911515
15487,1,-7.6396693109544245
15491,1,-7.433461666424371
15495,1,-7.668054055643886
15500,1,-7.692321841772149
15504,1,-7.25910081896307
15511,1,-7.850870025111099
15519,1,-6.649482550377158
15525,1,-8.371008331915576
15526,1,-5.562010200507068
15535,1,-6.034262520176654
15537,1,-9.079908382697816
15547,1,-6.801126818895419
15557,1,-5.027149447887261
15563,1,-5.914028766205462
15566,1,-7.593503923573458
15572,1,-9.476407806717035
15575,1,-6.621715268268517
15578,1,-5.215631173738885
15580,1,-9.872276270868674
15585,1,-4.183942745290949
15607,1,-7.647128825064215
15620,1,-5.467517606020415
15624,1,-8.062573886181525
15625,1,-8.456085700890299
15627,1,-6.960540387350115
15638,1,-7.005874851768283
15647,1,-6.210519551982962
15659,1,-7.403747362556274
15660,1,-6.577659816584294
15663,1,-6.570028265916008
15666,1,-7.164366978138538
15703,1,-7.42862241523364
15711,1,-8.132618332690008
15712,1,-8.877526187078388
15714,1,-6.834011703311994
15715,1,-8.078040046203107
15716,1,-9.255221910196873
15720,1,-6.275891703086131
15726,1,-8.72298534693342
15727,1,-8.245358719091385
15732,1,-6.8626297086962325
15737,1,-6.702133495038346
15742,1,-7.666333737535297
15745,1,-6.551878960501945
15746,1,-7.950104348939476
15757,1,-9.177279125333456
15758,1,-9.158974708173666
15762,1,-6.849385884030269
15764,1,-6.666003468240092
15770,1,-6.762638935677138
15775,1,-6.4386766188934885
15777,1,-7.006548947962457
15778,1,-6.702932055988576
15789,1,-5.386865359195234
15802,1,-6.572701496813465
15805,1,-8.609772310099089
15808,1,-7.713700979755565
15810,1,-8.224685004499605
15812,1,-7.095563577279783
15813,1,-7.17726960135797
15815,1,-7.813853945568887
15818,1,-8.019112908463129
15821,1,-8.201552921280637
15827,1,-6.684428686067115
15834,1,-7.150540222532619
15846,1,-6.042172754592528
15848,1,-5.531008600384659
15856,1,-7.710059310808717
15857,1,-6.913466469976612
15860,1,-7.811141246447576
15864,1,-6.884520475555867
15865,1,-8.128218091806431
15868,1,-6.965301517557478
15871,1,-5.429507646032242
15872,1,-6.599854878765697
15876,1,-6.622316817731317
15884,1,-5.91022062401575
15888,1,-6.0811205919028595
15891,1,-6.60630319204121
15893,1,-5.762451157475859
15896,1,-6.26842240755132
15898,1,-5.626830348236844
15903,1,-6.0811205919028595
15912,1,-6.059223631025283
15917,1,-5.4401091951136
15934,1,-7.587565024906972
15954,1,-8.7607197913185
15963,1,-6.535575157514117
15964,1,-9.055718847024913
15965,1,-7.203197553972892
15974,1,-7.402399771244831
15978,1,-6.008189397440624
15979,1,-8.01389919352875
15991,1,-6.793405703124172
15996,1,-9.129996440090622
16001,1,-5.241791335324912
16005,1,-7.67839708506304
16011,1,-8.596798297147906
16019,1,-6.016158528759185
16027,1,-6.645089823845844
16032,1,-8.174208151367878
16037,1,-7.063699819962473
16050,1,-5.977809483959078
16070,1,-4.879326720316314
16075,1,-5.914239010110997
16080,1,-7.59557260997456
16083,1,-7.249250927694412
16084,1,-6.544559911226543
16088,1,-6.668940180342268
16092,1,-6.4975578413494475
16095,1,-7.236469185241731
16098,1,-6.811143974777671
16153,1,-8.01791544081349
16154,1,-7.362431226470051
16157,1,-5.060821663131051
16166,1,-5.898017054702294
16190,1,-8.065967319682073
16193,1,-6.1475646568377655
16198,1,-6.42179210769865
16199,1,-7.123195452619868
16200,1,-5.871978642718005
16205,1,-7.338955748912618
16207,1,-6.4571771156871876
16230,1,-5.871978642718005
16235,1,-8.001050574301665
16238,1,-5.585985656662928
16239,1,-7.690137114249595
16242,1,-8.677959067758593
16243,1,-6.947822847228288
16248,1,-5.90472488159881
16252,1,-6.3012287458997704
16255,1,-6.2203432789170705
16269,1,-7.66585780181822
16271,1,-6.047508092643859
16272,1,-7.867261476296207
16277,1,-6.190698787878318
16278,1,-5.884486113066814
16279,1,-5.625258653284291
16290,1,-8.26915527716487
16293,1,-8.213314328896907
16294,1,-8.690924209993618
16304,1,-6.9152049479574345
16306,1,-8.447192080805166
16307,1,-5.857929358955957
16322,1,-7.5617320793547265
16331,1,-6.560044677854606
16335,1,-6.6161801506848334
16336,1,-6.727893512729622
16337,1,-8.676826584878164
16347,1,-7.7811582361564575
16351,1,-5.865085619259759
16364,1,-5.299392197161325
16365,1,-7.150673445459631
16367,1,-6.744482609413183
16371,1,-6.249762853677311
16380,1,-6.375674886815219
16393,1,-6.007065700135357
16400,1,-4.9297652363913755
16404,1,-7.024607526962328
16417,1,-5.5793860268977795
16420,1,-5.392716991696851
16422,1,-7.567723181146107
16429,1,-6.375674886815219
16441,1,-7.614961444302388
16445,1,-4.739301371168146
16448,1,-6.057503050631212
16454,1,-6.202867807589193
16457,1,-7.333723606441978
16466,1,-6.007065700135357
16472,1,-7.870059402206792
16481,1,-6.698626286020932
16487,1,-6.385478521650292
16491,1,-6.224500927925924
16492,1,-6.799054463183445
16498,1,-6.797741500458756
16531,1,-5.582270013662551
16532,1,-5.576705092457992
16534,1,-5.3931448303206295
16537,1,-5.480457890434792
16545,1,-6.418005689749506
16547,1,-6.948849831996817
16568,1,-9.128052731437627
16572,1,-8.635780644303289
16576,1,-7.242006284247751
16578,1,-7.3634513841551055
16579,1,-5.216498296889256
16582,1,-7.6723157171648495
16590,1,-6.939324989852189
16593,1,-7.8134614211108655
16601,1,-8.018075397003344
16602,1,-5.40674056373669
16614,1,-6.144029472558913
16616,1,-7.32667286598268
16622,1,-7.81636003730334
16628,1,-6.9248053734008295
16634,1,-6.783297134699232
16637,1,-7.370274680768873
16640,1,-6.50579816613665
16653,1,-7.437518009636854
16659,1,-5.629948928376351
16660,1,-6.743947471262111
16663,1,-5.967331013651709
16664,1,-7.3125236942412
16667,1,-6.519503399570276
16673,1,-6.102109226220662
16677,1,-7.012141602228162
16680,1,-8.166743308306728
16685,1,-7.444467627721529
16686,1,-6.598572241354923
16693,1,-5.785624357419984
16694,1,-8.667980821959688
16699,1,-7.906206906672523
16701,1,-8.170199392272743
16704,1,-7.801855796330727
16710,1,-6.7330857169224885
16734,1,-9.435674815323473
16755,1,-7.18118760464877
16761,1,-6.274002422351835
16768,1,-7.052132208899948
16770,1,-5.982712578270174
16782,1,-7.351004700147193
16787,1,-8.77346774276075
16788,1,-6.3288298566678804
16796,1,-6.3816272142283665
16803,1,-5.475732783309546
16814,1,-6.2700263295919285
16822,1,-8.468554029278934
16825,1,-6.24731650220339
16838,1,-6.292854292549883
16843,1,-6.346534340934809
16849,1,-5.379485581286346
16850,1,-6.919294513657178
16860,1,-7.724800586330659
16863,1,-6.8750419678563475
16870,1,-6.645882651323454
16871,1,-7.837924632520746
16872,1,-8.024720718174848
16873,1,-6.64329745519202
16875,1,-5.652604395250258
16879,1,-6.468159825107982
16890,1,-6.926027593725124
16895,1,-8.2893126857035
16919,1,-7.220300411499956
16925,1,-7.5929752481991315
16929,1,-5.335732730140009
16933,1,-7.838377396416341
16940,1,-8.472337653798974
16951,1,-6.0129590888967
16953,1,-6.0268422318994865
16955,1,-6.0129590888967
16966,1,-6.6723992038210085
16971,1,-6.094980224938702
16975,1,-7.910347735964336
16979,1,-6.0129590888967
16980,1,-6.491578546484284
16985,1,-6.17241902290197
16990,1,-7.628961540276059
16991,1,-7.2131899026884625
17015,1,-7.009220764334522
17017,1,-6.537450511871782
17018,1,-5.693571422915376
17033,1,-6.568175668793607
17036,1,-7.519487059937504
17044,1,-9.786030515007042
17056,1,-8.964727577958456
17061,1,-6.2573148619350505
17068,1,-6.877334172558157
17069,1,-5.375720137007278
17076,1,-6.385884333953939
17078,1,-8.243578059392135
17088,1,-6.150414560230018
17096,1,-6.768583125389533
17099,1,-6.672335923366326
17101,1,-6.256914625765752
17111,1,-6.27962669048452
17117,1,-6.968929992236468
17118,1,-6.41917112065606
17120,1,-7.334818313799076
17124,1,-6.919513029497416
17133,1,-8.119439651594384
17134,1,-5.867858834951875
17139,1,-6.185965446684548
17146,1,-6.27962669048452
17149,1,-6.4886292936906855
17151,1,-6.03966170144291
17172,1,-6.64221530725959
17188,1,-4.76794677591672
17191,1,-7.447586679865459
17193,1,-8.048313143543588
17195,1,-6.387866925724381
17198,1,-8.533816356819564
17205,1,-5.581248197323937
17208,1,-5.485049492309962
17215,1,-7.645491411243661
17235,1,-7.094177782080656
17241,1,-6.459675905825804
17249,1,-5.661052414646107
17255,1,-7.897655041844644
17260,1,-6.736973628063623
17263,1,-6.257170607934341
17269,1,-6.482776235958397
17277,1,-6.985139754978434
17280,1,-8.101341072641134
17291,1,-5.890530550736742
17297,1,-5.591611225852482
17299,1,-7.4545168039610346
17303,1,-7.588806874880525
17304,1,-7.326590238564108
17312,1,-7.645491411243661
17315,1,-7.9158668700112
17321,1,-7.593816182486073
17322,1,-6.624562487234762
17324,1,-6.686185029379914
17326,1,-9.633706607565628
17329,1,-6.223667711658656
17336,1,-5.6205306776334965
17346,1,-6.32333783119838
17347,1,-7.113736317507382
17348,1,-7.344423069064511
17350,1,-7.376046395701849
17358,1,-6.3973782425346215
17359,1,-8.58269390881761
17368,1,-7.19217807680657
17371,1,-8.465372769054063
17377,1,-8.13620516424374
17389,1,-6.278716504255499
17395,1,-7.70927390840302
17400,1,-6.546984458877368
17408,1,-5.774410644472987
17410,1,-8.35898502941987
17412,1,-5.9153792504641345
17414,1,-7.301285361121089
17424,1,-5.294714149557549
17431,1,-8.901721635067297
17436,1,-6.094077981209743
17440,1,-7.761220838924601
17442,1,-8.186314098743921
17449,1,-6.999386589967806
17455,1,-8.274682001193376
17466,1,-6.835032324896893
17474,1,-7.284944158056547
17475,1,-7.075514623382112
17482,1,-6.7688426983045815
17484,1,-8.81040726067127
17488,1,-6.802433002993276
17499,1,-6.882554977558236
17502,1,-8.553740671503526
17520,1,-7.366467933673825
17521,1,-8.130851017681266
17524,1,-6.182221037810635
17535,1,-8.606984507421892
17537,1,-7.860828715800359
17554,1,-7.8726682945451145
17555,1,-7.351979735147317
17558,1,-6.673034042913173
17577,1,-6.421783868989287
17596,1,-8.22433890535654
17599,1,-6.640157032366453
17611,1,-6.461542659615652
17615,1,-6.2020850538673855
17623,1,-5.768199148188998
17624,1,-5.859397618528753
17627,1,-6.767418377095275
17630,1,-7.4498187646746885
17647,1,-7.128485536402657
17651,1,-8.072364346515997
17653,1,-7.209363939642678
17659,1,-8.305314538151165
17661,1,-5.68741810618738
17666,1,-6.910387736015252
17689,1,-7.393959483188269
17695,1,-6.706185278824201
17701,1,-5.937241918053147
17711,1,-7.864464139795089
17722,1,-5.705269652160219
17723,1,-7.152069033675616
17725,1,-6.640823241914902
17734,1,-6.810277417346832
17740,1,-5.326191486891034
17751,1,-7.384975876469724
17771,1,-6.664101569252587
17774,1,-6.207809564203146
17775,1,-6.304056766226346
17777,1,-6.874836515181585
17782,1,-7.959049300229282
17793,1,-6.274138480241994
17794,1,-6.490725330504283
17809,1,-8.041551389608912
17810,1,-5.651552815607332
17817,1,-6.392647780648261
17819,1,-6.018554704778971
17824,1,-5.5719297268557995
17829,1,-5.6601212101389535
17843,1,-7.652926882837022
17846,1,-8.287705670406623
17855,1,-6.631207553538012
17860,1,-6.402300840855034
17862,1,-7.503826947363805
17878,1,-6.920338028389281
17883,1,-8.007004755340247
17884,1,-5.910058034971684
17885,1,-6.285509719095636
17889,1,-6.2729052331532245
17894,1,-7.477937100669315
17899,1,-8.011573606369453
17905,1,-5.595201421788332
17914,1,-8.097378922293892
17922,1,-8.296977648618821
17928,1,-6.711000502895253
17938,1,-9.101653576154895
17948,1,-7.406058551883213
17954,1,-8.721479473433725
17957,1,-6.502019359846329
17960,1,-6.139917262130005
17962,1,-9.082753946619654
17989,1,-6.258500224424317
17990,1,-6.329990105824997
17992,1,-7.9276536851904
18004,1,-6.846395752560824
18011,1,-5.661428714088039
18017,1,-8.79209470185959
18025,1,-4.707297466294975
18029,1,-7.038472301593842
18030,1,-7.609346377502725
18068,1,-5.813728699418903
18070,1,-5.392716991696851
18071,1,-5.430663136538733
18074,1,-5.339768999328051
18076,1,-6.291211459244998
18086,1,-6.929030542805883
18098,1,-8.27270728900951
18102,1,-6.311408832976781
18104,1,-5.707971205519463
18111,1,-5.755860961514266
18127,1,-7.171273775566355
18143,1,-5.910818498112157
18173,1,-7.306314338887084
18191,1,-8.38570924340857
18208,1,-5.768685790836727
18216,1,-6.1476122640276785
18235,1,-6.9764706928189
18236,1,-6.678195330106469
18244,1,-6.6605848210938845
18245,1,-6.242249207087056
18251,1,-5.2589879573264255
18255,1,-6.120588763612091
18264,1,-7.906133127706198
18269,1,-6.554024308358358
18272,1,-6.388012945891937
18291,1,-7.013489193539598
18295,1,-7.132877004262518
18312,1,-6.8565936013287825
18313,1,-6.909693252108369
18314,1,-6.731877429064163
18328,1,-7.865095058913717
18330,1,-6.675442832147567
18352,1,-8.27856699948844
18354,1,-6.229019109227281
18355,1,-6.271102562251976
18359,1,-6.151015376025818
18360,1,-9.195039659963001
18363,1,-6.503184243074159
18369,1,-7.001110577182843
18374,1,-6.699839781691672
18384,1,-7.301593396572834
18385,1,-6.418254006334635
18400,1,-6.309159534242951
18412,1,-6.641407608611317
18416,1,-7.213154680528703
18422,1,-7.453097484344923
18426,1,-5.58285100791732
18427,1,-8.984316758319594
18432,1,-5.39996752732101
18447,1,-6.362403370161317
18454,1,-5.757338246215269
18473,1,-7.3193781645656415
18474,1,-8.030859570849287
18475,1,-10.307059815728927
18479,1,-7.013093186622427
18481,1,-7.86025150202552
18502,1,-6.016004356729205
18503,1,-7.206240236103426
18504,1,-8.571683923164443
18511,1,-5.995155587826652
18514,1,-6.9704587231342146
18521,1,-6.481710021187489
18523,1,-6.795643490358316
18525,1,-8.359722904775737
18530,1,-8.203163428908653
18532,1,-7.348076733707693
18540,1,-5.497401335157377
18541,1,-5.821738667667283
18545,1,-5.722457387760983
18559,1,-6.615204604435171
18562,1,-5.306342532380064
18564,1,-6.4199755777363094
18589,1,-8.18231979746524
18600,1,-6.395121816174132
18606,1,-7.1304741199630115
18615,1,-8.160020289357597
18617,1,-7.760364845740398
18620,1,-8.276640111484824
18622,1,-5.783624591658828
18640,1,-7.143748809345681
18642,1,-7.842138928547158
18651,1,-6.745424755963114
18652,1,-7.743126968722038
18653,1,-6.4255302064228985
18666,1,-6.788361471997227
18675,1,-7.114143199624742
18683,1,-6.300030238394662
18699,1,-8.025949588891855
18706,1,-6.760276392524602
18707,1,-6.788361471997227
18708,1,-5.812877357663865
18711,1,-7.491343254976421
18716,1,-7.72073696335562
18719,1,-7.290413862390118
18730,1,-7.745891726523958
18737,1,-7.903066711149158
18740,1,-7.581497162587176
18749,1,-5.953899132788088
18756,1,-8.676073116298404
18758,1,-6.3154963984162436
18760,1,-7.335301998532884
18765,1,-6.4255302064228985
18766,1,-6.4255302064228985
18769,1,-6.5217774084461055
18778,1,-6.31972048033046
18782,1,-8.557039555261433
18791,1,-8.735382591499508
18799,1,-8.176602324072682
18801,1,-6.42302661484505
18803,1,-6.6004347019404435
18810,1,-5.8377885255895166
18822,1,-6.430452062485081
18832,1,-6.23716741711096
18846,1,-5.5022276547382205
18849,1,-4.305643254427409
18855,1,-6.575358292028149
18856,1,-3.769471895837242
18862,1,-5.148065006834692
18875,1,-3.8816901646246507
18889,1,-5.395631230608124
18890,1,-5.556069529691861
18895,1,-4.890499752863164
18908,1,-5.1660140778791614
18918,1,-5.7421926437798305
18920,1,-6.184570951409597
18922,1,-4.624288022118662
18925,1,-5.889938075248153
18927,1,-5.087417029172627
18938,1,-5.166337523025739
18949,1,-6.304107630803074
18951,1,-4.783738197035106
18956,1,-4.971073560944184
18959,1,-4.642540482541932
18963,1,-5.096131976775972
18965,1,-5.75578733830725
18966,1,-6.7248493299697145
18973,1,-5.067320762967377
18974,1,-6.09137582235936
18989,1,-4.927294590213279
18990,1,-5.251012277715176
18994,1,-4.860513672734591
18997,1,-5.463531084205854
19005,1,-4.464521909341109
19007,1,-5.1790125745766105
19016,1,-4.481806972644598
19026,1,-3.7597084516525143
19028,1,-6.293004189491363
19031,1,-5.916150273468858
19047,1,-4.811580606587384
19054,1,-4.663236095681015
19057,1,-5.982129984728871
19060,1,-7.873598972315385
19063,1,-5.558122647595809
19064,1,-4.768890372697648
19068,1,-2.6749646727169676
19071,1,-7.1136019371854715
19082,1,-4.481211473310161
19101,1,-4.623486672346829
19103,1,-4.577458675333368
19105,1,-5.637533367584432
19109,1,-6.221400078698224
19110,1,-4.7594832977042145
19116,1,-4.985110466580899
19121,1,-4.88847499914386
19130,1,-4.792227797120667
19131,1,-4.4408121521114765
19135,1,-4.863923900919602
19136,1,-5.791975429729206
19144,1,-5.613943201461446
19155,1,-4.005446691617287
19160,1,-5.224069478907907
19166,1,-4.681905481009736
19167,1,-4.748044549111292
19176,1,-5.613005214059797
19177,1,-5.621188885105752
19180,1,-5.021152776576081
19191,1,-5.162167610406492
19193,1,-5.391473924482064
19194,1,-5.3319623592174565
19205,1,-5.087945690654358
19214,1,-5.566272884421032
19215,1,-4.7453915597401775
19226,1,-4.0694804476791475
19229,1,-6.010030763680618
19232,1,-6.816175201966921
19234,1,-6.831641361988503
19236,1,-5.979119943104308
19248,1,-4.336904629959001
19250,1,-4.5987718603817385
19251,1,-3.9421362705129965
19258,1,-4.470929507878992
19274,1,-3.871037693656291
19282,1,-4.03110098356057
19288,1,-4.596324642124621
19295,1,-4.756513219439981
19322,1,-5.828224924784024
19331,1,-4.3711225367960935
19340,1,-4.130974604714197
19349,1,-3.9382230022418554
19350,1,-4.952211983569846
19363,1,-4.853902460834149
19368,1,-5.407736673828737
19370,1,-5.574376792739635
19373,1,-4.691838954445885
19392,1,-5.760499807614856
19398,1,-4.558818184428752
19404,1,-6.340579044250823
19405,1,-3.067805697959244
19406,1,-4.395230041809292
19414,1,-4.625044447806815
19416,1,-5.078554744326084
19426,1,-5.901154230258086
19432,1,-4.250668518791656
19439,1,-5.241774242222412
19442,1,-5.113227911152393
19451,1,-5.3400618638453
19453,1,-4.897444029735716
19455,1,-4.670166319118671
19456,1,-4.573919117095471
19460,1,-4.493353659320057
19464,1,-4.493353659320057
19465,1,-4.941257399209043
19478,1,-4.156456431205534
19479,1,-5.705297161589144
19480,1,-4.573919117095471
19483,1,-6.101676971662833
19484,1,-6.99014962491254
19486,1,-4.954852712128229
19491,1,-4.465354643052777
19524,1,-4.370753610663797
19530,1,-6.99014962491254
19537,1,-4.530375573638324
19546,1,-4.577392243900384
19563,1,-4.963736873210827
19572,1,-5.6018617631660845
19575,1,-5.6018617631660845
19577,1,-4.115431677000146
19599,1,-4.799158020558316
19607,1,-5.0243404853792555
19611,1,-4.9603489149961035
19613,1,-5.087289814000371
19619,1,-3.81632351796771
19624,1,-6.035384128187722
19627,1,-4.987423502412675
19632,1,-5.0243404853792555
19636,1,-4.6881282943144384
19642,1,-6.846185673189183
19651,1,-6.009834987279582
19654,1,-6.137003217370939
19655,1,-6.040756015347732
19664,1,-4.741685262447909
19665,1,-4.575577289303418
19666,1,-5.492439934783484
19668,1,-5.557535603733562
19676,1,-4.904912673277984
19681,1,-3.102478864785553
19688,1,-5.290887660522486
19691,1,-3.102478864785553
19700,1,-5.9421889991374925
19710,1,-5.249151035146163
19712,1,-5.041082009944994
19722,1,-4.7730752564367265
19723,1,-6.112531662713124
19729,1,-4.696114939380109
19749,1,-4.829539569394491
19756,1,-5.672101497407553
19758,1,-4.48030900029498
19780,1,-6.521184101980779
19789,1,-5.388856417964554
19796,1,-4.859846172807728
19811,1,-5.231803570993257
19819,1,-4.204208734725633
19820,1,-5.871668410485327
19821,1,-4.897819719850837
19826,1,-5.216337410971676
19832,1,-4.38406179827178
19834,1,-6.521184101980779
19842,1,-4.321469524700333
19844,1,-4.834715303851972
19852,1,-6.506161960187683
19853,1,-4.974775875348499
19864,1,-4.503427086638304
19867,1,-6.295731765536665
19872,1,-5.0483204856858706
19873,1,-5.4228419373233265
19876,1,-5.739089535931917
19878,1,-4.7073558546276075
19895,1,-4.843980384598034
19898,1,-4.549614495569358
19904,1,-5.129490041148443
19905,1,-5.521230262678074
19909,1,-5.217631490655165
19914,1,-5.1242669132900645
19923,1,-4.488492671340936
19931,1,-3.923763176600481
19941,1,-6.785439539075874
19942,1,-6.486781742812887
19950,1,-6.486781742812887
19956,1,-4.619881183766118
19958,1,-4.82412529567852
19975,1,-4.208743346294199
19976,1,-4.331736400713979
19977,1,-4.996522459648347
19981,1,-6.418135227344749
19985,1,-7.506638130969414
19994,1,-6.142646229146308
19995,1,-5.273207828166861
19998,1,-5.70542251043058
20000,1,-5.133152067143925
20007,1,-5.536076383569501
20008,1,-4.923423534810468
20022,1,-6.825740704452983
20029,1,-6.037654360966911
20030,1,-6.10662581844786
20032,1,-5.284945300258833
20036,1,-4.127428404589423
20058,1,-4.623688612343884
20060,1,-4.878879052453122
20073,1,-5.368052882725742
20077,1,-5.031996509525108
20092,1,-4.5810463255068825
20102,1,-4.849526925581507
20122,1,-6.1139796912302415
20128,1,-3.1673174955652357
20134,1,-4.7864412126006215
20135,1,-4.794672830699319
20141,1,-4.1570932357041315
20145,1,-3.9779373666478577
20148,1,-3.9779373666478577
20165,1,-4.9519939098982135
20170,1,-4.624288022118662
20172,1,-4.720535224141855
20180,1,-5.24723327368136
20182,1,-4.8339887702707784
20190,1,-5.283573459214509
20194,1,-6.09137582235936
20197,1,-4.525134752689276
20200,1,-4.903169500506607
20202,1,-5.050811828096897
20207,1,-5.3119158581926555
20209,1,-5.048241111921406
20222,1,-5.524345593280138
20229,1,-4.541720964529105
20230,1,-5.995176567388896
20231,1,-6.18762302438256
20234,1,-5.882060086938083
20242,1,-6.153766365097582
20250,1,-4.1356787257061
20253,1,-4.276511856489499
20255,1,-5.426656413495721
20282,1,-4.145945601719745
20283,1,-6.700528048737866
20287,1,-5.856869247319203
20294,1,-4.984790661236957
20296,1,-5.312496549016508
20298,1,-6.464292548526274
20304,1,-5.4840106863581894
20306,1,-4.984790661236957
20316,1,-4.182270269866642
20317,1,-4.5810463255068825
20322,1,-4.433824156895433
20331,1,-4.326142590929322
20332,1,-4.871633147755944
20338,1,-5.7899966599503045
20340,1,-4.9617038754447975
20349,1,-6.46596373844951
20374,1,-4.4125014773702205
20378,1,-4.213551888386284
20379,1,-2.837178793144048
20389,1,-4.146289746625712
20397,1,-4.516932350439376
20399,1,-3.8559556536757214
20401,1,-4.420685148416176
20404,1,-5.307192993982035
20407,1,-4.213551888386284
20409,1,-4.664459499628485
20410,1,-4.420685148416176
20412,1,-4.596091050864864
20413,1,-5.553319007894537
20414,1,-4.676872092866489
20415,1,-6.4533765790560125
20417,1,-5.020896342008655
20429,1,-4.353651915898759
20434,1,-4.131358724755195
20444,1,-4.397958720913536
20445,1,-5.145383008784435
20454,1,-4.807269836816225
20455,1,-5.459102344694507
20460,1,-4.192852881790245
20464,1,-5.087189185483766
20469,1,-5.827040780294958
20474,1,-4.866434701469565
20490,1,-4.58230890877342
20494,1,-5.8819019098098195
20499,1,-4.762686523011354
20500,1,-4.776172861673274
20502,1,-5.896587573731473
20504,1,-6.420435509368197
20524,1,-4.647572184108569
20537,1,-5.839553488847727
20539,1,-4.990941983460566
20542,1,-6.60913534634382
20556,1,-7.10733420783923
20557,1,-4.468416315052288
20560,1,-4.853626459540621
20565,1,-4.8800216383403665
20576,1,-5.7282249818057664
20585,1,-7.222098606992759
20586,1,-5.824705703024911
20599,1,-3.7321492273230206
20614,1,-4.1076889678105815
20619,1,-4.485454648682271
20622,1,-5.3320687014736095
20626,1,-6.51309815045645
20629,1,-4.0694804476791475
20634,1,-5.77767521177168
20640,1,-4.695019062404938
20643,1,-6.000710961361413
20648,1,-4.385764510696156
20653,1,-5.137570769487262
20654,1,-4.2804583330898325
20665,1,-4.580858482103039
20668,1,-5.772533870608555
20680,1,-4.580858482103039
20684,1,-5.917964536796724
20686,1,-4.64914435771697
20707,1,-5.240378425713942
20727,1,-4.704084059390794
20737,1,-4.7453915597401775
20739,1,-4.623637690456896
20748,1,-4.473159269804491
20750,1,-5.143339331633818
20753,1,-6.522609201724812
20754,1,-5.7162564528725
20762,1,-6.395107780381146
20766,1,-4.4398286222957
20767,1,-4.54832905948674
20781,1,-5.025310908407718
20785,1,-3.9775517716931432
20787,1,-4.554876036556934
20798,1,-4.516548230398371
20799,1,-4.82783475173121
20802,1,-2.9735890347592147
20804,1,-6.294939312651195
20806,1,-5.108009936547475
20810,1,-6.665582333844078
20814,1,-4.237488682751042
20818,1,-4.1892873338783545
20820,1,-4.1909255475865095
20828,1,-4.585693907032521
20838,1,-5.70517310736188
20841,1,-6.173631556228685
20850,1,-4.075675389203909
20855,1,-4.683817524543279
20859,1,-5.968721574945377
20868,1,-4.615531648929348
20878,1,-4.780064726566486
20881,1,-4.683817524543279
20883,1,-4.289049165097282
20889,1,-4.615531648929348
20890,1,-6.0569533982910215
20891,1,-6.802140267946157
20903,1,-6.1667603863259615
20905,1,-5.090583133763374
20909,1,-4.351078460283389
20921,1,-4.445567120208047
20932,1,-4.493353659320057
20934,1,-4.068715532467593
20944,1,-4.8797632421740005
20959,1,-5.11777193544814
20962,1,-4.223515509445136
20965,1,-5.797932860102563
20986,1,-4.604027251017115
20988,1,-4.315138809482072
20999,1,-4.558037260817933
21009,1,-4.457406698952816
21011,1,-5.366653076993536
21012,1,-4.898458789365101
21014,1,-4.698729843395803
21026,1,-6.921612216361062
21030,1,-4.360430162800924
21034,1,-4.757609096415145
21064,1,-4.344964002779342
21076,1,-4.532369527026638
21081,1,-4.624592236838353
21087,1,-6.104611772858988
21092,1,-5.524649807999829
21093,1,-6.762525630559473
21094,1,-4.315138809482072
21106,1,-5.533792780323317
21121,1,-5.391857818522773
21123,1,-4.763733245573761
21134,1,-6.43391581799299
21148,1,-6.27818124387796
21149,1,-4.6829522035721425
21150,1,-4.936365382631912
21151,1,-4.603094573647809
21152,1,-6.968584961251523
21158,1,-5.630039982346524
21161,1,-5.520788897917605
21165,1,-5.134680829965085
21171,1,-7.321521440353649
21174,1,-4.782250442704083
21184,1,-6.327216691575153
21199,1,-5.233498748163768
21203,1,-4.452258230943563
21207,1,-4.8218416924323435
21212,1,-5.348340156298583
21232,1,-5.017387133587484
21235,1,-4.762278520687794
21236,1,-6.940211424677528
21244,1,-4.843334872846199
21254,1,-6.201079002630166
21256,1,-5.425841175674684
21257,1,-4.6759923468358195
21264,1,-4.517995005608988
21269,1,-5.479061167742593
21272,1,-4.856742293880366
21278,1,-4.6759923468358195
21287,1,-4.731621510801425
21291,1,-4.918125167246274
21300,1,-3.9446091220070016
21301,1,-5.146119578558007
21305,1,-4.4331300449265
21310,1,-4.462083432791381
21313,1,-5.406259014540595
21322,1,-4.882722807706813
21329,1,-6.506654385667659
21330,1,-4.965318770496793
21348,1,-5.329745950186968
21350,1,-5.415402627965044
21359,1,-4.746741636137415
21361,1,-4.939991801762332
21368,1,-6.557094214104843
21371,1,-5.3211859647650215
21376,1,-5.887548097523755
21387,1,-6.172267745860147
21392,1,-4.540103446270486
21393,1,-4.443856244247293
21406,1,-6.75261110829598
21407,1,-4.6096397978292885
21408,1,-4.446620763060423
21410,1,-7.213090662785895
21414,1,-4.681250517113412
21422,1,-5.949346155594164
21423,1,-5.949346155594164
21426,1,-5.05478711920621
21432,1,-5.669450951940981
21433,1,-4.685662348537136
21435,1,-5.05478711920621
21449,1,-5.152641116628352
21472,1,-5.172672441499216
21474,1,-4.481662856019028
21480,1,-5.894416406343389
21486,1,-5.968733332227558
21489,1,-5.586976260845923
21498,1,-6.145923713047374
21503,1,-5.012784723784577
21511,1,-4.697655381753798
21513,1,-4.386847798024064
21527,1,-5.37293753595484
21532,1,-6.0914867038585285
21537,1,-4.217798442798866
21552,1,-5.033246852946448
21555,1,-4.460413714088865
21557,1,-4.943210678678277
21563,1,-5.547273124478089
21579,1,-3.9046176958226013
21584,1,-5.578143276112165
21587,1,-4.8537857620102045
21602,1,-5.924678221554871
21609,1,-4.533782729678812
21612,1,-4.614563771680437
21617,1,-5.585050800374873
21621,1,-5.642285527612692
21623,1,-4.180020766902082
21624,1,-4.396013292636852
21627,1,-4.187296966990353
21633,1,-5.270555557948647
21640,1,-4.898333456846153
21652,1,-6.339406001428976
21657,1,-4.443741065846112
21663,1,-4.878674239072957
21666,1,-5.496710058243536
21671,1,-4.22604876391555
21680,1,-4.490304201010645
21704,1,-4.9606818507330175
21705,1,-7.829097226160194
21711,1,-7.175504798263368
21712,1,-5.057975077831806
21730,1,-4.057159770872914
21736,1,-4.467753461963895
21745,1,-5.199204251792885
21750,1,-8.315014243259142
21753,1,-5.6917304160187285
21755,1,-4.886822341665926
21762,1,-4.600335880932583
21767,1,-6.168719196433308
21768,1,-5.37420877972319
21770,1,-6.1976861339134
21771,1,-6.3251073200608445
21786,1,-4.022917312514622
21788,1,-6.547257069267772
21790,1,-4.743434600165095
21794,1,-4.455054073363328
21799,1,-4.300939133435499
21806,1,-3.9435684145412395
21817,1,-4.458680492493748
21824,1,-3.697830174576467
21825,1,-4.589364785388298
21830,1,-4.350623200294166
21834,1,-4.929063706384518
21843,1,-3.794077376599674
21851,1,-5.868647742416414
21872,1,-5.670623994762828
21877,1,-4.554927694516948
21880,1,-5.019190886735274
21883,1,-5.48997664117352
21884,1,-6.484866018418671
21885,1,-4.6660392683399365
21910,1,-4.37427303136171
21911,1,-4.802946165429695
21919,1,-5.007882890568332
21926,1,-5.8894133067948005
21932,1,-4.321704336174292
21935,1,-3.951818735657916
21944,1,-4.138190443619102
21946,1,-4.917910508231728
21947,1,-4.569419733510124
21949,1,-4.967126081609976
21953,1,-5.506066772111339
21958,1,-4.838874454613148
21959,1,-4.514219603942344
21972,1,-4.648603672938592
21973,1,-3.9590345745628213
21979,1,-4.418593647953919
21982,1,-4.084411469549664
21984,1,-4.356478244884094
21985,1,-5.917964536796724
21988,1,-4.249964166847249
21991,1,-4.025536062356018
21996,1,-4.18327742141426
21997,1,-4.8643811218732225
22000,1,-4.76813391985003
22007,1,-4.41265249548028
22008,1,-4.590204620452177
22014,1,-7.20121469805099
22016,1,-5.676717748806112
22020,1,-5.127026300004502
22026,1,-6.502205329052472
22027,1,-5.3337852267481765
22029,1,-4.565194570530593
22032,1,-4.703959488457009
22043,1,-4.8287270215120515
22049,1,-4.6506611908724835
22053,1,-5.554013969980382
22060,1,-5.393195495883731
22064,1,-5.457766767957175
22065,1,-4.974740659521615
22067,1,-4.6841841326636455
22072,1,-4.452725446907294
22078,1,-4.910209588148213
22091,1,-3.9775517716931432
22092,1,-4.237488682751042
22097,1,-4.190493260319165
22102,1,-5.08619048722958
22112,1,-5.3115735068937795
22114,1,-6.521455634143464
22115,1,-6.536921794165046
22116,1,-5.530953692717802
22121,1,-5.054602741689891
22124,1,-6.681418961694504
22126,1,-6.793132323739286
22129,1,-4.508297081022086
22136,1,-5.21802790407083
22139,1,-4.934705708599147
22144,1,-4.56221003626419
22150,1,-4.4084008128808705
22154,1,-6.018207251618648
22166,1,-5.0310680890235275
22189,1,-4.011437463492847
22190,1,-4.190593332549128
22192,1,-6.924824247466141
22198,1,-4.736849699372257
22202,1,-5.189973658417294
22215,1,-3.978918360173118
22220,1,-7.370883003921122
22222,1,-5.92301102484749
22227,1,-5.656201651437371
22234,1,-4.8637665436600415
22241,1,-4.7982185689962265
22268,1,-4.892562528547231
22274,1,-4.871128346596414
22288,1,-5.917349958583543
22289,1,-5.472021415713222
22300,1,-4.4855547209122335
22305,1,-6.626841642736892
22310,1,-5.864273307439802
22311,1,-5.879739467461384
22312,1,-4.867189461176565
22318,1,-5.911264043280617
22327,1,-4.896596070463659
22330,1,-5.906501278786351
22333,1,-5.4681414287973595
22339,1,-5.602413437433185
22347,1,-5.768857291301863
22367,1,-4.246544555867075
22368,1,-4.943903996217898
22372,1,-5.3858164337822885
22378,1,-4.071822070513804
22383,1,-4.081504535658723
22388,1,-4.10723757169395
22401,1,-5.461164141404588
22405,1,-5.894848303219717
22414,1,-5.562203089959738
22429,1,-4.947829161265126
22432,1,-5.049541106499895
22442,1,-5.739089535931917
22460,1,-6.054157926808045
22477,1,-2.6588880332402596
22481,1,-4.251469064380032
22490,1,-5.894848303219717
22491,1,-5.894848303219717
22494,1,-6.066928829703187
22495,1,-2.6588880332402596
22497,1,-6.751152358309163
22532,1,-4.47846788504674
22535,1,-4.767408332955242
22538,1,-6.019622491142712
22545,1,-4.15428753350804
22546,1,-4.646248221379601
22551,1,-4.43997663595384
22553,1,-5.068095644734463
22557,1,-6.094098293560897
22559,1,-5.414764518425997
22564,1,-6.418135227344749
22567,1,-6.472784620677196
22590,1,-6.094098293560897
22605,1,-5.239031312443586
22607,1,-5.322791398982517
22608,1,-5.677125632328476
22619,1,-6.208529183582094
22624,1,-4.091771411672369
22638,1,-5.233198946805807
22640,1,-5.645009989842379
22644,1,-4.48030900029498
22649,1,-5.214865078131147
22651,1,-5.272178260026891
22671,1,-4.8293360926860345
22675,1,-7.80751730299076
22679,1,-5.522769983446693
22682,1,-4.930017061414809
22689,1,-5.213551811644919
22723,1,-5.310886290052686
22729,1,-4.127428404589423
22750,1,-4.7024914254142445
22754,1,-5.70991263361929
22761,1,-5.61569597041926
22764,1,-4.927310522820491
22791,1,-3.251665688007428
22796,1,-4.127428404589423
22797,1,-6.334061989351163
22805,1,-4.425573835778749
22810,1,-6.019433793561689
22814,1,-4.961190399239541
22824,1,-5.202646054812817
22826,1,-5.5584646361026415
22833,1,-5.357705474369247
22837,1,-6.46028210556905
22843,1,-5.363973203715489
22845,1,-4.356197968214609
22846,1,-4.91102108261655
22847,1,-5.411314467215192
22854,1,-6.708800163820037
22863,1,-4.975608172512757
22866,1,-5.638438330529112
22867,1,-4.031181202566216
22868,1,-4.849559654205962
22881,1,-4.90679591963702
22883,1,-5.149346200976197
22892,1,-5.313022204797846
22903,1,-6.805211369955352
22913,1,-5.216249346993301
22918,1,-6.602539976567229
22921,1,-5.97950110806503
22922,1,-4.517224248857303
22930,1,-5.083053357501086
22935,1,-5.701933986356607
22939,1,-6.524439034299007
22946,1,-5.042058989366808
22948,1,-7.344080319964895
22957,1,-6.352579186481492
22961,1,-3.2205613314836015
22965,1,-5.788601030375233
22969,1,-5.457954611361018
22971,1,-5.0952384801673745
22976,1,-6.175616098716773
22978,1,-4.998991278144167
22983,1,-5.410168072249014
22986,1,-5.857934997231418
23005,1,-4.969887546490746
23010,1,-5.150475994007323
23021,1,-3.902960386672923
23033,1,-5.553780378720617
23039,1,-5.170387379950213
23053,1,-4.830012196926077
23057,1,-7.074592242878381
23062,1,-4.666091511185172
23064,1,-5.134170074630511
23073,1,-4.250348286888247
23085,1,-5.324474064645045
23086,1,-4.904146728047046
23111,1,-5.454962460521934
23117,1,-4.883676312703791
23121,1,-4.642375030046907
23122,1,-4.740206935594074
23126,1,-4.332702458490068
23129,1,-6.102120044408785
23140,1,-4.676872092866489
23159,1,-5.516456617556976
23172,1,-5.2100633019207905
23177,1,-4.245411680658897
23178,1,-5.405973358709183
23179,1,-4.919112476603992
23188,1,-5.118415940861915
23190,1,-3.7530546771174116
23198,1,-4.906992196274182
23214,1,-4.023963888747609
23230,1,-5.1274104200455
23232,1,-6.025275262004499
23239,1,-4.900314577888615
23250,1,-5.209943256751274
23283,1,-5.755145308785117
23309,1,-4.2150655987304475
23320,1,-5.758024794369611
23333,1,-4.9060042573815466
23334,1,-4.730349520044612
23335,1,-5.287802239235873
23355,1,-4.778821075723023
23360,1,-6.5028637306790955
23367,1,-6.0222802314647055
23368,1,-5.599822753963878
23370,1,-4.856503133563166
23373,1,-5.065378295666335
23383,1,-5.2357151571942495
23386,1,-4.834485314052316
23394,1,-6.0222802314647055
23403,1,-3.8473212125180325
23408,1,-4.754805839018736
23411,1,-4.681941109055714
23415,1,-5.174801946349291
23425,1,-6.682451612271684
23429,1,-4.59414389824331
23444,1,-5.241671025339599
23457,1,-4.811371144847342
23462,1,-4.551543365105985
23477,1,-6.5766485156567995
23478,1,-4.92437218251478
23488,1,-5.070724327207998
23489,1,-4.378159884904655
23490,1,-5.357435394454427
23501,1,-4.75205318161526
23534,1,-6.126687013338319
23536,1,-6.549483882542155
23548,1,-4.368808182387113
23557,1,-5.017348902740018
23558,1,-5.6170843324919275
23561,1,-4.348334691607384
23563,1,-7.3449481995881385
23567,1,-4.695708420201413
23572,1,-4.584044946543365
23574,1,-5.714774122496863
23577,1,-5.635057645291383
23579,1,-5.6505238053129645
23582,1,-5.658127697968794
23584,1,-4.676040579386928
23588,1,-6.66970729020376
23589,1,-5.494484283835661
23602,1,-4.589354838626711
23606,1,-7.778120001148906
23610,1,-5.364706030374293
23620,1,-4.625352185765735
23621,1,-5.296329502833217
23626,1,-6.353634183304145
23628,1,-7.49776156072366
23629,1,-4.9471183018371505
23633,1,-6.170224738649175
23634,1,-4.615231438918293
23639,1,-5.202007687385752
23640,1,-5.385205366876221
23644,1,-6.899028369621789
23647,1,-4.592797239286135
23649,1,-4.946362506450029
23663,1,-5.194741501652992
23666,1,-6.138980668929527
23684,1,-4.388144909745996
23694,1,-5.005454707563743
23696,1,-2.945210881687629
23711,1,-4.320823891724238
23712,1,-4.918010580461697
23714,1,-2.945210881687629
23725,1,-4.933476740483279
23733,1,-5.985927502817255
23745,1,-4.27623898549097
23747,1,-5.234294643478698
23748,1,-4.918010580461697
23750,1,-3.8940759215114724
23765,1,-4.900970252641606
23770,1,-4.038954647177334
23771,1,-4.172979525097318
23772,1,-5.481452568899421
23783,1,-4.590465199476903
23791,1,-4.920958922116945
23792,1,-5.28975413482749
23795,1,-5.499507309863262
23801,1,-6.107873253343023
23810,1,-5.743926179523648
23815,1,-5.225751053400657
23818,1,-6.856923092349973
23825,1,-5.016784142960269
23836,1,-2.7759680777670255
23837,1,-5.250827372780471
23838,1,-5.064974830576816
23845,1,-6.182110876482078
23858,1,-3.607802412379975
23864,1,-5.468270379145096
23865,1,-4.867300414584626
23867,1,-4.1884177444821376
23869,1,-3.8607118567025864
23872,1,-4.665989295614629
23890,1,-5.253159874373793
23899,1,-5.986629555722814
23901,1,-4.906316282291208
23904,1,-4.633811190005105
23908,1,-4.450054431735829
23914,1,-4.732301415636229
23919,1,-5.323115293963923
23921,1,-4.914953942620123
23924,1,-6.561668905588384
23928,1,-4.927366535858127
23929,1,-5.0627072804948625
23935,1,-6.063200427682844
23937,1,-5.360065828774616
23938,1,-5.506199764421055
23940,1,-4.628778013524766
23954,1,-5.076763927817723
23956,1,-6.188093276881148
23963,1,-4.239025214905702
23971,1,-5.91279220051392
23979,1,-5.669471838584563
23984,1,-7.722163760916921
23985,1,-5.998808032912848
23986,1,-3.314347422715052
23987,1,-5.305374142152196
23994,1,-2.8570411133287124
23995,1,-3.3298135827366337
23998,1,-1.4713921468732636
24015,1,-0.20522755690526395
24024,1,-0.4252453756094141
24033,1,-2.5117571744298104
24035,1,-1.3618240427611354
24039,1,-1.069939125479948
24055,1,-1.8310512607607663
24058,1,-1.2187563107525534
24062,1,-1.902542310176095
24070,1,-5.239892356299421
24080,1,-6.701699618394343
24083,1,-7.057577123371885
24086,1,-6.961645875465486
24125,1,-7.634003014220113
24129,1,-6.205616149887945
24134,1,-6.620468092234432
24136,1,-6.477534713563479
24137,1,-6.524404200276443
24142,1,-6.517392367069235
24145,1,-7.915018790233027
24154,1,-5.134506079566158
24156,1,-8.579448708625726
24160,1,-6.393377091834047
24169,1,-6.378502878209034
24173,1,-6.463512243910067
24174,1,-5.81205540533535
24175,1,-6.307381736575721
24177,1,-6.963923910504867
24187,1,-6.0127334804277055
24188,1,-5.131785869437962
24193,1,-6.585510091897646
24197,1,-6.603849480445852
24203,1,-5.8676847375026995
24209,1,-5.253720418045951
24215,1,-7.38726801637948
24218,1,-7.837633236792719
24221,1,-6.606729169215001
24224,1,-5.8407863599359615
24228,1,-6.787718645215726
24230,1,-6.315400914362691
24232,1,-6.0969253573335465
24243,1,-6.373674580050832
24256,1,-4.545367089114883
24264,1,1.0244997856439895
24265,1,-5.258571043525926
24270,1,-6.312210034733923
24280,1,-6.080895602978288
24287,1,-8.32072035774884
24301,1,-4.554153310095558
24305,1,-5.804029399818845
24314,1,-6.224744335905008
24315,1,-8.221968670667096
24325,1,-5.696274383686877
24333,1,-5.998107439134863
24345,1,-6.52316561799239
24365,1,-6.836525175408546
24371,1,-6.844567815040655
24399,1,-3.760862894865305
24400,1,-7.411473777983126
24405,1,-6.688900727017042
24406,1,-5.9964767688482326
24411,1,-4.527800463462505
24417,1,-4.4452657518368
24420,1,-6.1516229692879065
24429,1,-5.387745295965942
24431,1,-6.571551566879172
24436,1,-6.312210034733923
24441,1,-6.793734137227176
24445,1,-4.184500030551263
24449,1,-6.016359899558125
24452,1,-8.307378139050748
24453,1,-6.156451267446116
24457,1,-3.813165711565375
24461,1,-7.515904651052281
24465,1,-6.138537889167424
24471,1,-7.479219585387995
24472,1,-7.207595790665017
24481,1,-7.404137294807079
24484,1,-8.47781751530065
24490,1,-6.133724839943483
24494,1,-5.255509581640851
24505,1,-7.723725372600228
24509,1,-5.997508029360084
24512,1,-6.395766882896069
24526,1,-7.82802630889195
24529,1,-4.177697428982235
24536,1,-6.79884088816452
24541,1,-5.847263093352581
24542,1,-4.2809044877417435
24543,1,-5.828503588478405
24553,1,-5.450277221058833
24556,1,-5.828503588478405
24560,1,-6.852310918350675
24582,1,-7.157683953461195
24585,1,-6.413644188611023
24587,1,-7.157683953461195
24594,1,-5.853611209741729
24600,1,-4.619087398059833
24601,1,-6.032755191455557
24603,1,-5.62954753311768
24606,1,-4.7698199197354185
24608,1,-8.062028928239975
24624,1,-6.755878959426774
24626,1,-7.032633906444808
24636,1,-6.571216893811453
24637,1,-6.265988629434702
24645,1,-6.596020627686606
24651,1,-6.335097364381376
24658,1,-7.090085113676587
24687,1,-8.771782135647747
24688,1,-5.828953709385168
24691,1,-6.446789426787888
24701,1,-7.4849687105549165
24706,1,-7.018843779458784
24727,1,-4.457476869951726
24728,1,-4.545351156507671
24731,1,-7.427535437339138
24734,1,-5.293071494841662
24735,1,-5.005262048680876
24736,1,-2.601926669584593
24737,1,-6.480086901872255
24746,1,-5.458282149434716
24750,1,-5.214401429720603
24755,1,-2.8906334856748046
24757,1,-4.692406115130886
24763,1,-5.178946987103508
24770,1,-4.3264869656384235
24772,1,-5.857694996648284
24774,1,-6.201293797974223
24776,1,-5.095748792637053
24788,1,-3.4130782043877943
24789,1,-3.758345751351875
24791,1,-5.132141708307174
24792,1,-5.3557739397350375
24805,1,-5.071019884078744
24806,1,-4.9785820442262505
24812,1,-4.808664889670716
24822,1,-7.17571851247223
24826,1,-5.255589333802391
24832,1,-5.026960133987757
24834,1,-6.116522142678257
24836,1,-5.4146083992189205
24837,1,-5.191995994660253
24847,1,-6.380892758174532
24851,1,-5.35941634348773
24856,1,-5.463860720503
24862,1,-4.073830996250287
24867,1,-5.79265094630199
24871,1,-7.249122882498803
24873,1,-3.053143081479263
24886,1,-6.066264562385058
24888,1,-4.79594631325962
24905,1,-3.597649552449944
24906,1,-4.25022518280003
24910,1,2.1461892182907363
24928,1,-5.553559407480471
24931,1,-4.785415163437506
24932,1,-4.548391556476602
24934,1,-3.1036474240191154
24938,1,-4.5329253964550205
24940,1,-3.595180132403513
24954,1,-3.946436667050733
24973,1,-6.260138598299918
24975,1,-4.512639117197118
24979,1,-5.527786587930137
24986,1,-6.3307509513084455
24992,1,-5.174783995144175
24996,1,-5.144555021383191
24999,1,-7.068279783830988
25000,1,-4.073830996250287
25015,1,-6.544229678689042
25016,1,-4.963385467444198
25019,1,-4.7327417443364865
25020,1,-5.261919961768541
25027,1,-3.2617599936244375
25044,1,-5.179260119318606
25051,1,-2.9890872173147187
25069,1,-3.853836496900257
25074,1,-5.125703151185142
25076,1,-3.1036474240191154
25080,1,-5.175626985807803
25088,1,-6.4912422773381095
25089,1,-6.185422905326213
25091,1,-4.46822362946282
25116,1,-5.289379155006785
25117,1,-5.221530073348994
25128,1,-4.6967063834363145
25132,1,-2.954733148864719
25145,1,-5.8019810988286125
25155,1,-5.904379116857363
25174,1,-4.141315828236436
25178,1,-6.137416593764968
25183,1,-5.140485675405813
25185,1,-3.977142284567826
25192,1,-5.220526854627522
25200,1,-5.275194189126708
25207,1,-6.335318675894214
25212,1,-4.037083983473728
25213,1,-5.783737495502557
25216,1,-4.099259703706849
25219,1,-5.236104993734102
25220,1,-5.059704633404195
25223,1,-5.4061624216925495
25226,1,-4.934906201379071
25232,1,-5.277407583269216
25259,1,-5.028012005422902
25263,1,-5.16264318411568
25279,1,-4.899233146252868
25283,1,-6.262317297882689
25289,1,-5.27754799144423
25291,1,-5.110776492153811
25293,1,1.0577719432281327
25305,1,-3.64869772503112
25311,1,-5.634048377218804
25323,1,-5.664052398683573
25334,1,-5.284203462424223
25337,1,-6.031997214733984
25343,1,-6.561796437092518
25356,1,-5.2570794093233815
25364,1,-6.558942327819423
25366,1,-5.1306757033440675
25368,1,-4.831054895037134
25370,1,-2.980224095180489
25389,1,-3.296917432691586
25390,1,-6.216329113761155
25393,1,-3.446877285463586
25403,1,-5.927583127250003
25406,1,-5.293071494841662
25426,1,-6.269215235838637
25428,1,-5.379500840264093
25432,1,-4.247089410057633
25436,1,-2.380792450179406
25447,1,-5.083773297603301
25456,1,-5.890880416156428
25458,1,-4.05316333752662
25460,1,-5.7388765299832585
25461,1,-4.3657901215162696
25470,1,-6.027409328059321
25472,1,-5.562581491113768
25478,1,-5.49809804190771
25479,1,-5.202233107486705
25491,1,-4.314649851745962
25501,1,-4.948987545117099
25507,1,-3.763810893845573
25508,1,-4.734051240166309
25522,1,-5.958396663579009
25540,1,-4.885339679318655
25543,1,-4.852037374903858
25550,1,-4.635561014535185
25556,1,-5.420916539583352
25575,1,-4.5470941733790795
25585,1,-4.511247010756115
25594,1,-4.830298442189516
25599,1,-4.339658606953776
25600,1,-3.017245318229641
25601,1,-5.148031095862898
25602,1,-5.755508358440231
25609,1,-5.331681052615778
25613,1,-5.1443485781848395
25629,1,-6.073017318470434
25641,1,-3.0066437691482832
25644,1,-6.295068929233345
25660,1,-5.942805297972562
25663,1,-5.115543504472832
25664,1,-4.841375461650259
25681,1,-5.431860696859282
25693,1,-2.874794578610242
25694,1,-4.502592554409965
25695,1,-2.599503052459127
25702,1,-4.805259988344943
25703,1,1.8914338228490237
25712,1,-5.681571053246813
25717,1,-4.575736317055473
25722,1,-3.1249312688457778
25733,1,-4.830298442189516
25736,1,-6.2506980387083
25754,1,-5.7461681707804715
25757,1,-4.711012108420583
25761,1,-5.40185083988451
25763,1,-5.042293365059599
25769,1,-4.406345352386765
25784,1,-4.916703767150196
25785,1,-4.144188433499316
25796,1,-6.101207000766742
25802,1,-6.292714278686837
25807,1,-5.181074382646472
25812,1,-6.38896148071003
25813,1,-4.505163270585449
25816,1,-5.16504462829122
25820,1,-5.769201016117826
25821,1,-2.8982557560965887
25823,1,-3.5741507394924668
25826,1,-5.8258330751391085
25829,1,-6.1733222440896185
25861,1,-4.568498542868717
25873,1,-5.883881857113003
25882,1,-3.1675735556827718
25888,1,-2.7084983379589573
25889,1,-5.026369539125994
25903,1,-6.195006641361331
25905,1,-3.8632597677858342
25909,1,-4.09094459758095
25914,1,-3.9946973955577434
25921,1,-3.40888375409957
25925,1,-4.406345352386765
25926,1,-5.242793669048666
25927,1,-3.0182194392580612
25934,1,-5.768620973325547
25938,1,-6.973838959676513
25944,1,-3.889896499465536
25952,1,-4.502592554409965
25959,1,-5.3570336990690635
25972,1,-2.7642308781766047
25980,1,-5.246430008116391
25984,1,-6.783115624866646
25994,1,-5.429155811385598
25996,1,0.927005037889046
26002,1,-4.071226830863949
26005,1,-5.528609825644786
26010,1,-4.668374112375318
26019,1,-4.954751026286516
26058,1,-5.628147257443693
26065,1,-4.779128201055961
26069,1,-5.158648577551467
26070,1,-7.066162279313822
26073,1,-5.044472064642363
26080,1,-4.700161246072071
26085,1,-2.7815614694937807
26092,1,-4.180108318715369
26096,1,-6.081397507275987
26097,1,-5.1341451290128575
26099,1,-6.61905799899381
26101,1,-4.144188433499316
26109,1,-6.198245624699737
26110,1,-4.010261720403854
26125,1,-6.415681510120493
26127,1,-5.8566124871782606
26132,1,-6.969342340406243
26133,1,-8.1619734485597
26137,1,-6.245852504743645
26139,1,-5.158632644944262
26145,1,-4.5918685512284725
26164,1,-5.235433850592585
26193,1,-6.090085119151418
26195,1,-7.394251642187257
26202,1,-4.7989291111652435
26214,1,-5.865735258014695
26218,1,-6.758004065510342
26219,1,-2.6984986791250876
26230,1,-5.6996081554118945
26239,1,-5.424816031508499
26242,1,-6.595040859836033
26245,1,-4.371713023938682
26253,1,-5.7878625858272486
26266,1,-4.762447841468266
26269,1,-5.75504021486455
26275,1,-4.960927574479157
26280,1,-4.418276159103215
26283,1,-4.537265721236274
26308,1,-5.898028154719512
26311,1,-3.1084104627584566
26314,1,-4.6283203348615345
26316,1,-2.7774895350048894
26326,1,-2.569784953105483
26334,1,-3.7694403124243223
26339,1,-5.9987120950247
26348,1,-4.075113421867407
26353,1,-4.860035002786461
26354,1,-4.918649161613899
26359,1,-4.918649161613899
26367,1,-5.293142881297932
26371,1,-2.180328926122314
26386,1,-4.502941734900418
26388,1,-4.92646576605086
26391,1,-4.142873088023741
26404,1,-4.865343941822438
26407,1,-5.0391908718427345
26410,1,-4.775098938488426
26431,1,-7.240136702259427
26436,1,-4.700883434981833
26441,1,-3.4140822343559165
26442,1,-6.076017200484266
26445,1,-4.971610512429102
26455,1,-4.394831110282013
26466,1,-4.33003984663808
26467,1,-4.319742633099054
26469,1,-5.409152119936053
26476,1,-3.471375164106611
26478,1,-4.415989835122247
26479,1,-3.093311592196976
26482,1,-3.2485931743114094
26502,1,-5.532800354185866
26504,1,-3.3494505895945537
26506,1,-5.881140839199588
26513,1,-2.276576128145514
26525,1,-6.319552314237399
26535,1,-5.7464018976156055
26538,1,-5.0566676080658866
26539,1,-3.2923739028598433
26543,1,-6.1047831924501
26544,1,-5.040749844271133
26555,1,-6.637027743400402
26567,1,-4.745982046882766
26573,1,-5.079145231468672
26577,1,-5.60942242613028
26579,1,-6.634639736387406
26584,1,-3.1895108471674334
26587,1,-4.649734844859559
26591,1,-4.907613895852819
26598,1,-3.1495636803864713
26599,1,-6.007580127442139
26607,1,-5.2529616310358875
26614,1,-3.941088543947423
26619,1,-5.094422244252577
26623,1,-4.745982046882766
26624,1,-6.530452090982216
26629,1,-5.685122344598824
26634,1,-4.062092046022123
26638,1,-5.542091011053223
26645,1,-4.523822811721644
26648,1,-5.098333547676425
26650,1,-4.4995283035160085
26659,1,-5.266404540550511
26668,1,-7.308453144649604
26670,1,-5.701884406656731
26678,1,-6.0626709086685295
26683,1,-5.861418115731858
26689,1,-5.150412364646478
26692,1,-7.380232270077691
26694,1,-4.580781704328622
26696,1,-5.434505968123673
26698,1,-4.994145699081045
26699,1,-5.750403138884451
26703,1,-5.699555969356908
26731,1,-4.904599131534809
26732,1,-5.200658814335817
26740,1,-5.665363942625767
26742,1,-5.100851761969338
26744,1,-5.128667472924647
26750,1,-7.970642422446282
26752,1,-5.019781373877869
26758,1,-3.8252850891165764
26763,1,-7.0696878885962136
26765,1,-2.9329289229228976
26766,1,-5.168044844581466
26767,1,-6.519125166821198
26772,1,-5.072141230473058
26773,1,-6.212161946610095
26774,1,-4.841766609648424
26777,1,-4.322028957080015
26785,1,-4.603171709695026
26786,1,-5.642096102747296
26789,1,-4.275465821915482
26797,1,-5.052968006854947
26799,1,-3.0479208821912778
26823,1,-5.457304814298233
26829,1,-3.8958217035237226
26834,1,-5.3520838801063775
26835,1,-5.203639337854945
26843,1,-5.1559228519930755
26851,1,-4.987403424043386
26860,1,-5.646727033341385
26865,1,-4.433742319124796
26867,1,-5.006316635650329
26873,1,-4.647093514160439
26877,1,-6.136089488120668
26893,1,-4.075113421867407
26903,1,-4.068921439178148
26911,1,-5.200658814335817
26914,1,-4.42259468514041
26916,1,-4.715706086890563
26919,1,-5.6631665990315625
26936,1,-4.550846312137239
26938,1,-4.774857949893985
26943,1,-3.373586979167584
26946,1,-5.203639337854945
26955,1,-5.429870232175709
26972,1,2.0822821843789185
26975,1,-5.681720691311682
26976,1,-5.16583525575804
26993,1,-3.7219333086673743
27008,1,-5.066870653033789
27012,1,-6.424754729234152
27014,1,-5.885889739504201
27017,1,-3.52823815582947
27022,1,-5.900714434198335
27026,1,-5.776286767462381
27031,1,-4.225458695739967
27035,1,-2.796482870341052
27038,1,-5.19207124292187
27044,1,-5.751241375624389
27057,1,-6.194102588476412
27060,1,-5.985016427111901
27062,1,-2.433082918355062
27067,1,-4.544109544175491
27068,1,-4.620433474255009
27069,1,-4.870777338489276
27072,1,-3.004480378611049
27074,1,-7.215283427778253
27079,1,-7.450267944861643
27083,1,-2.719793985601484
27084,1,-5.306579207507973
27087,1,-5.0985497658661885
27092,1,-7.77744713446738
27093,1,-5.112729632108284
27102,1,-4.81522034527989
27104,1,-3.5265349408139386
27107,1,-5.172062618847072
27108,1,-5.059808137103602
27109,1,-3.110349055322665
27114,1,-5.8536279146867045
27115,1,-6.056882697526319
27121,1,-6.945718539727345
27151,1,-3.250613647369363
27154,1,-5.73894707369152
27157,1,-5.658286212918419
27159,1,-4.34998837118377
27160,1,-4.161867978662642
27163,1,-6.483841591501282
27165,1,-4.753253781319323
27167,1,-4.820513879711605
27171,1,-5.802845558137101
27176,1,-5.174157864643178
27178,1,-4.34998837118377
27182,1,-5.802013412664003
27184,1,-4.432507750276102
27198,1,-4.816362027843375
27199,1,-4.2443873593559545
27233,1,-5.622692613277458
27235,1,-3.341996238452346
27240,1,-4.808056589666094
27243,1,-4.089652254896919
27250,1,-4.081740908721557
27254,1,-2.773037821519857
27264,1,-4.6990718357640375
27276,1,-4.902744819260889
27277,1,-5.042580204980304
27278,1,-4.805051507291246
27283,1,-4.863737040167123
27292,1,-4.9526222430449
27299,1,-5.058686981987833
27303,1,-4.749558399667428
27304,1,-4.108897065642097
27309,1,-4.005993043200284
27316,1,-3.2845234803419388
27322,1,-4.946554228954916
27327,1,-5.5857088035209586
27329,1,-6.099366154651477
27331,1,-7.429121719667954
27332,1,-4.898878350569113
27340,1,-2.6701207162963883
27345,1,-3.1053867303148692
27349,1,-6.588825819029097
27351,1,-3.2656716101438974
27355,1,-3.017939416790817
27363,1,-5.2965846986689655
27374,1,-4.140704190326247
27377,1,-7.886503156705118
27380,1,-6.537499150908893
27384,1,-5.495684882836223
27388,1,-6.050877003259622
27392,1,-4.876472412595476
27393,1,-3.4314800940418593
27402,1,-6.539260137771365
27403,1,-6.651232490432484
27426,1,-6.0593164716139825
27441,1,-5.605664873362713
27445,1,-5.947429257615042
27458,1,-5.19207124292187
27464,1,-5.306854418857164
27469,1,-2.8341589862481342
27479,1,-5.313071635360899
27480,1,-5.471536405471113
27482,1,-3.427824587926416
27487,1,-4.305556153962911
27489,1,-5.456275444673338
27491,1,-5.077721515382294
27492,1,-4.759009742529784
27495,1,-5.211346765114158
27497,1,-3.9022190406251482
27502,1,-6.130314195638945
27525,1,-4.278499627070595
27529,1,-7.06093967315725
27532,1,-4.835652676231398
27536,1,-1.5148163413891922
27548,1,-4.523873051646383
27550,1,-4.197762620788815
27560,1,-5.300311478161731
27569,1,-6.132601366495045
27582,1,-2.6565689310137373
27585,1,-5.733374690101378
27589,1,-5.227212553323859
27591,1,-4.5451181181980544
27593,1,-1.710459928178956
27594,1,-6.999308359878043
27599,1,-4.73974014727591
27601,1,-5.163133787664201
27611,1,-3.8421758696273187
27614,1,-4.665287893023304
27618,1,-5.431940192508016
27621,1,-6.473440460103049
27622,1,-4.500351994698441
27632,1,-6.1555636736371895
27637,1,-5.866400314419053
27641,1,-2.711795941449182
27653,1,-7.351568052984639
27656,1,-4.815752749504249
27663,1,-7.1656688245263
27665,1,-3.1861677723164803
27666,1,-4.065232511225595
27672,1,-5.347365383723002
27687,1,2.509292123126251
27730,1,3.9479339748997404
27735,1,0.4752249044175514
27736,1,0.9858050769031053
27742,1,2.202375663359547
27744,1,3.9499051562820284
27763,1,2.0080647910531084
27765,1,2.8643967314240157
27766,1,2.5846751343073393
27767,1,2.5038940923057282
27776,1,4.593533861546838
27779,1,3.0949568546055133
27781,1,3.0949568546055133
27789,1,2.511818436997281
27794,1,0.6141377379827802
27811,1,4.250359050278675
27817,1,4.100868012337109
27826,1,3.9467677507532173
27836,1,2.922586904557164
27844,1,3.041920616491403
27847,1,2.813131407379558
27858,1,3.0279163182209103
27870,1,2.310135577666152
27877,1,3.771769005347437
27879,1,3.147768564529457
27880,1,4.404438660482924
27884,1,2.277055681037943
27889,1,1.242443007980789
27893,1,3.325389451656484
27896,1,2.1376735820726154
27901,1,4.7347208222431405
27902,1,4.89334872211046
27909,1,1.3988019412487205
27917,1,2.0455099464145547
27920,1,2.012358188357652
27927,1,3.527186635327979
27935,1,2.4462266235298458
27945,1,2.7549481666350957
27950,1,3.146874873907663
27957,1,2.5044371455973575
27970,1,1.822757224964782
27972,1,-0.8344433241921507
27979,1,0.3414535984061544
27980,1,-0.013526885001382993
27981,1,-0.6049277007237919
27996,1,0.4926546125985709
28014,1,-0.0015943706844865346
28019,1,-0.23445913288167475
28021,1,7.654128735774272
28027,1,-1.2984171066581567
28028,1,-2.5897565235799647
28032,1,0.7850388367411725
28036,1,-1.2730569638166713
28042,1,2.1140912972270414
28045,1,-0.9991972358649406
28051,1,-2.2365765824906916
28054,1,-0.26658104559396634
28056,1,0.39101055560377773
28063,1,-1.1724760850876308
28074,1,1.5573909006847089
28080,1,1.045670865918062
28086,1,3.446492922025776
28087,1,-1.2009461183570949
28089,1,1.256797645495972
28093,1,1.8256923346296006
28099,1,-1.5832515628459518
28109,1,1.9286047129524917
28110,1,-0.6285156778392675
28123,1,-1.4676026967310136
28128,1,-0.6373535905424248
28129,1,0.9502154549607553
28132,1,-0.2956192232606085
28135,1,0.06697776442542391
28145,1,0.7207861083520086
28149,1,-1.1976847147759528
28155,1,0.43077553484896924
28167,1,3.6139626651441006
28172,1,-2.372927784315557
28175,1,-0.5813076893225073
28176,1,-0.15267546908248164
28195,1,-0.5343553082814552
28198,1,-1.30877194652399
28202,1,-1.8147435137565822
28205,1,-1.9195965916130717
28206,1,-0.8105413705066198
28207,1,0.009577625922354116
28211,1,-1.4136236892182836
28213,1,1.4031468128465576
28226,1,-0.8388967902105264
28238,1,-1.0789777827410205
28240,1,-0.8963216012681912
28245,1,-0.9403309440876271
28252,1,0.09737497097842152
28257,1,0.3229208945638078
28268,1,2.852403434207332
28269,1,3.129384403598152
28300,1,-0.5458934865380058
28310,1,-1.455766453817759
28315,1,0.5494147844272703
28327,1,1.6259548764571008
28344,1,-1.7866381047414777
28366,1,-0.3162501203419268
28373,1,2.0380786949987026
28389,1,0.347601308431706
28391,1,1.602693579017057
28392,1,0.4932310379287017
28395,1,-1.276818719926311
28397,1,-0.2504311589410122
28403,1,0.5573130583295978
28405,1,0.46106585630639785
28415,1,1.1218742933400208
28416,1,-2.1476226146961324
28418,1,0.19681041921130316
28419,1,1.646294041559507
28421,1,0.2943574725133473
28439,1,-0.8859346068493039
28443,1,-0.6424671584112076
28445,1,-1.40501914854719
28455,1,0.04832942284754438
28463,1,-1.0640351925100333
28466,1,-1.7316072298534948
28468,1,-1.30877194652399
28475,1,-1.0757030018038165
28484,1,0.6915113331335903
28485,1,0.47366627864867183
28486,1,-0.598658599411479
28497,1,-1.009123178647748
28500,1,-2.603912626272951
28505,1,1.1204281246422596
28509,1,1.6209568843981188
28519,1,1.7033361257703703
28522,1,0.49250130324411145
28523,1,-0.6169976980809935
28531,1,0.35767768983770765
28539,1,-0.22428042406510684
28545,1,1.5252084410980018
28551,1,-0.8475969029095509
28553,1,-0.6998568646844419
28575,1,0.5607505734622151
28580,1,1.9147054407879835
28586,1,1.5794756413138415
28590,1,1.0887445034771517
28593,1,0.30855714855992034
28601,1,0.9074023135383413
28603,1,2.063369269702619
28615,1,0.3657108442759167
28620,1,-0.24056824053336356
28631,1,-0.745722933699831
28655,1,1.5429652263774045
28660,1,0.7547066066425714
28677,1,0.1150837872531767
28682,1,1.1119390745554725
28691,1,-0.7379790086697255
28693,1,-1.221235604333792
28695,1,1.9790076269600334
28699,1,-1.1586165273052131
28700,1,-1.1740826873267949
28703,1,1.9661219410289874
28705,1,-0.275015250247435
28707,1,-0.4033235028054918
28714,1,0.4587795323254298
28722,1,-1.1625772741412064
28726,1,-0.515339377201407
28729,1,-0.7423564009170533
28735,1,0.538762487773873
28745,1,-1.908298486847798
28753,1,1.5912817096307919
28755,1,-0.9312283593542716
28766,1,1.2438804369151981
28770,1,0.030563619804254927
28771,1,0.10067646265378016
28778,1,-0.9782092485010168
28793,1,0.405535696407064
28794,1,1.507404552699299
28795,1,0.866200834590714
28797,1,1.4863542991323868
28798,1,0.13644552401319743
28804,1,-1.3114947986482335
28814,1,1.2101219574857822
28836,1,-0.012644142472531428
28838,1,0.22960717055005375
28852,1,-0.3373607380810739
28853,1,-0.8937652511409055
28855,1,-0.43360794010427384
28871,1,2.5597568548846397
28874,1,2.671470216929414
28880,1,1.8477358640415957
28881,1,-1.767240930457504
28889,1,0.598511463114022
28892,1,0.8285189459491065
28894,1,-1.153528701130213
28896,1,-0.2242719370471633
28919,1,-0.505554438932549
28931,1,-1.020226593511211
28932,1,-1.180437263290166
28941,1,0.9392460199463102
28947,1,0.5119247909538913
28953,1,-0.3442868439982618
28954,1,0.19304181044074653
28960,1,0.5318247176810402
28962,1,0.8460703663670088
28972,1,0.5626419366310316
28977,1,-0.013675007484387436
28980,1,-0.10992220950758735
28981,1,-0.5728614098292724
28988,1,-0.7200851096346312
28995,1,1.3412769704654721
28998,1,0.7858766591121125
29001,1,-1.293209162992305
29005,1,-0.5141887747953149
29006,1,0.12635116526971757
29008,1,-0.9733863047512799
29011,1,-1.458422439388066
29015,1,-0.24738341609818804
29019,1,0.6105291630664311
29028,1,-0.5250199894127476
29029,1,0.10530091170279832
29034,1,-0.04880760646314286
29038,1,0.4736631639451758
29040,1,0.3774159619219759
29041,1,1.8053502092375169
29051,1,-0.5314248162130824
29054,1,1.6890677794738949
29060,1,1.9339742028495692
29077,1,-0.42207791864187527
29081,1,1.971597871581018
29086,1,0.5478863770370594
29094,1,-0.46534864581418134
29098,1,-0.9725098438110535
29108,1,-0.12320542739463036
29113,1,2.0799783138489474
29119,1,-0.488642552543439
29131,1,2.111410610312838
29133,1,-0.7969515788008152
29141,1,-0.27997414014107136
29144,1,1.846512460094111
29165,1,-0.7761903617850763
29178,1,1.7248536549016578
29192,1,-0.13718223132663354
29193,1,-0.17457174152334431
29195,1,0.10787162787828919
29197,1,0.09679460841753951
29200,1,0.004436229455215823
29206,1,-2.009901123332952
29212,1,-1.356898859165554
29218,1,1.243420780357468
29227,1,-0.17921177217476014
29272,1,-0.4911299953185093
29278,1,6.46487609081899
29282,1,-0.7331751510047226
29286,1,-1.8556704620875735
29291,1,0.5899869792649994
29292,1,0.6977344345452821
29299,1,-1.2162807666173094
29301,1,-0.3593679963438774
29302,1,-0.4579803456609639
29306,1,7.281755808871175
29308,1,0.7355156945996129
29309,1,1.5905188869795168
29315,1,-0.7305173478636249
29322,1,-0.585048557214698
29323,1,0.37781167699382223
29325,1,-2.5041587599367787
29328,1,-1.1790374337719882
29332,1,-0.7596182114559795
29334,1,-0.15895452539228927
29338,1,0.26930356438945324
29349,1,-0.31399523600665447
29371,1,0.5363334852866046
29373,1,-0.5283184745140019
29375,1,0.5673046322350928
29382,1,-1.453146061188754
29385,1,-2.0148240134880595
29393,1,-0.6634837141630072
29394,1,-1.2437542453738217
29395,1,-0.7441513774232718
29406,1,-0.008037899330858522
29408,1,-0.5960444498440225
29410,1,-1.1513283016043303
29412,1,-0.6559281470526059
29428,1,-0.024070226800866124
29430,1,-1.290560951279744
29432,1,-1.0343337616377966
29443,1,-0.38901264589346596
29449,1,-1.194807447331499
29456,1,-2.0671876448626563
29458,1,1.4898932693760258
29469,1,0.7178229155121301
29477,1,-1.1006266051129074
29485,1,0.5989264137476837
29488,1,1.445928798249767
29493,1,-0.7089724329214846
29512,1,-0.8273507321958036
29518,1,-0.3125446626476318
29519,1,-2.111930953830125
29527,1,-0.39332570464925
29530,1,0.5810104260043616
29532,1,-0.06561981686969887
29534,1,0.9492816012684813
29535,1,-0.442593764652095
29538,1,-0.9848948085538325
29546,1,1.453412509697543
29547,1,-0.3123009248529911
29548,1,1.1882848622194118
29550,1,0.6162193465190953
29551,1,-2.7254961578285375
29552,1,-0.344008910268947
29556,1,1.8618859508505565
29565,1,-0.08090167259040015
29567,1,1.896924345031728
29570,1,-0.9926638785722091
29572,1,-0.25911652242837846
29585,1,-0.5187961309293954
29588,1,-0.35617639283736224
29589,1,-1.6135025057284977
29591,1,-0.3425285189940013
29624,1,-1.749904909707844
29627,1,-0.07927102229431426
29629,1,-0.13481013374290995
29632,1,0.24942407517573884
29636,1,0.15218766346204404
29652,1,-1.1840549192311443
29662,1,0.3788326094349799
29671,1,-0.8211494067421725
29681,1,0.1344784798325307
29688,1,-1.5393502283532499
29689,1,-1.5503743053322268
29691,1,0.4874154320212227
29692,1,-0.18663988401731757
29694,1,2.2341196945877115
29695,1,0.5276407392245446
29704,1,0.5563549730190545
29718,1,-1.9296036257052194
29724,1,0.5317065359626767
29729,1,0.9078798718350143
29735,1,1.0950299271100619
29744,1,0.5532826450300306
29746,1,-0.39561287550534985
29748,1,0.5378164850084488
29754,1,-0.4505229883057993
29756,1,0.3615033988833076
29759,1,1.0266659060611403
29768,1,-0.2436528382357821
29784,1,-0.14557705558560485
29806,1,-0.27205215629922463
29807,1,-2.3222526659659835
29812,1,-0.1920784618727609
29813,1,2.0054277452543516
29818,1,-0.30289109060833397
29819,1,-0.9396968185784189
29820,1,-1.3548045226655603
29827,1,-0.9088242767832284
29838,1,-0.043179209732855384
29857,1,-2.0826975818378983
29858,1,-1.3447802057378198
29867,1,-2.7161514032337664
29868,1,-0.44718725186837815
29877,1,-1.8331230957071938
29883,1,-0.6284734203688842
29885,1,1.8846269301949121
29888,1,-0.4767763649390844
29898,1,-0.8462809007006271
29899,1,-0.17714887461360007
29903,1,-0.731532588824912
29913,1,-0.3410773160727487
29915,1,-1.1421549165137748
29923,1,-0.8727738398414218
29926,1,-2.69853325241143
29930,1,1.556921042415354
29941,1,-0.9306133225130466
29946,1,-1.194807447331499
29953,1,1.4154016387658146
29963,1,0.33145628042986175
29966,1,-0.3959609674827007
29969,1,0.1680909790915308
29974,1,1.9138114547907392
29989,1,0.09791148617127021
29990,1,1.789178584879366
30008,1,0.6783366859911908
30016,1,0.48073213448255814
30017,1,1.2236155424167023
30029,1,2.140646929829927
30043,1,-0.010751528261160104
30052,1,-0.9099606381906753
30060,1,-1.0754352659765374
30061,1,1.3034943143936033
30070,1,-1.0763269913501574
30071,1,1.8060456500291764
30084,1,1.5407756674892212
30089,1,0.12887759026995127
30090,1,0.722651213670332
30098,1,2.0834587252800603
30125,1,-1.134713450182275
30136,1,9.06748417534719
30138,1,6.647330132720057
30143,1,1.434680615555159
30153,1,6.805626963958254
30184,1,7.645249042120284
30187,1,2.2759116818020004
30190,1,7.7902689276248225
30194,1,6.795475964290155
30205,1,2.0460106390707864
30212,1,0.4181210252090324
30215,1,3.698146815028913
30222,1,0.16024197421578634
30224,1,2.1662524455979053
30233,1,-0.2932017422064348
30238,1,7.247682383219441
30245,1,2.0707914798948295
30250,1,1.3374716854412867
30257,1,-0.37750679557771605
30265,1,7.917847278759858
30268,1,2.559821056166747
30269,1,2.07052652569368
30270,1,0.6935240962885203
30282,1,2.2040301214946822
30290,1,-0.15334534740678407
30291,1,0.6268373508555314
30296,1,1.0057638240464826
30307,1,7.294800794230881
30308,1,2.315743483539471
30315,1,-0.4895424483244284
30317,1,-0.6502879752575836
30323,1,2.8532078911997445
30330,1,2.219496281516264
30332,1,6.9382516028507695
30334,1,3.972270722881845
30335,1,3.5512921425821418
30362,1,1.3754138617714844
30367,1,0.10965043639942706
30373,1,0.7456023398699472
30388,1,-0.4586755530366773
30401,1,0.1919224199932117
30404,1,0.4815714758934959
30411,1,-0.6293887019946496
30415,1,1.6848271382577238
30418,1,6.424058146985232
30423,1,9.341608083200128
30426,1,0.060856539807325305
30435,1,-1.7957085301617397
30444,1,-0.1615375114184232
30452,1,-1.7569252596664455
30471,1,-2.4511764322218994
30476,1,-3.1492535913334763
30483,1,1.1514931851833126
30490,1,-1.655697133085198
30496,1,-2.948784568996139
30508,1,-3.360265192510198
30513,1,-3.8927014782431613
30519,1,-3.8494370038838213
30521,1,-3.5947787782257237
30530,1,-2.6172922247310666
30544,1,1.6656349012952063
30551,1,-2.7249043081979067
30553,1,-2.5572261034575803
30558,1,-2.6857601309515644
30563,1,3.30922501675677
30565,1,-1.7723914196880273
30567,1,-0.6059899377230948
30575,1,-4.817749800723348
30583,1,-3.2018929042004203
30585,1,1.0367287860297765
30588,1,-3.927438126941496
30598,1,-4.0951667999390935
30599,1,-3.1332635943649763
30600,1,-4.359296854882913
30601,1,-3.7976159503112683
30610,1,-3.8754461546266867
30613,1,-3.1596890778682507
30619,1,-5.538688905613192
30625,1,-5.236021471678207
30630,1,-1.6693609171299002
30637,1,-3.7107910653292393
30648,1,-3.8785481439075795
30649,1,-2.530729636800878
30669,1,-5.5391796026662306
30672,1,-0.7484558492285203
30674,1,-4.587448194689813
30675,1,-3.922947424747015
30683,1,-4.546315843427443
30692,1,-4.1438473602837504
30694,1,-4.1438473602837504
30697,1,-3.753593962931781
30701,1,-0.8982936579193819
30704,1,-3.857550708310363
30721,1,-0.6762420471564567
30723,1,-3.8678780411520464
30736,1,-0.7539581596002094
30740,1,-0.8592696446599248
30749,1,-3.854453625429116
30753,1,-2.601403249280388
30771,1,-2.8753506294630213
30772,1,-2.2801840126266555
30780,1,-3.8653073249765697
30789,1,-2.218642481425846
30799,1,-2.4713025579027317
30803,1,-3.4058525983613848
30806,1,-3.3626164043734548
30807,1,-3.347928349559581
30811,1,-2.206649448209177
30821,1,-2.687404127136368
30828,1,-3.017798751848467
30838,1,-3.6249110519110914
30847,1,-0.30858248342393324
30855,1,-1.8363649606473942
30856,1,-1.7910883591709776
30860,1,-3.7881681713733713
30862,1,-3.614292706812485
30866,1,-1.6636940299714382
30872,1,-0.5980837615123775
30873,1,-1.269255344353084
30878,1,-3.3037542834091624
30883,1,-0.9605921987894632
30889,1,-2.794689230346407
30897,1,-2.583694277313782
30903,1,0.22469963864880782
30904,1,0.1284524366256079
30905,1,-3.4533373006540273
30906,1,-2.626337515006327
30913,1,-0.7678653471933927
30919,1,-1.1362785073430715
30920,1,-3.3959117130462175
30926,1,-0.5906327069966295
30933,1,-2.5200829244845053
30935,1,-3.753593962931781
30936,1,-3.7131106250111756
30938,1,-1.163680519658648
30940,1,-3.2986364782809616
30945,1,-4.706808097337401
30951,1,-2.8130061555577583
30952,1,-1.2259422023230684
30977,1,-2.7829467863262565
30980,1,-2.979842851801301
31002,1,-2.6741166666975573
31018,1,-2.78569263837484
31023,1,-3.576816319140441
31035,1,-1.3942533788900917
31038,1,-2.5752267570288865
31050,1,-2.833377370629435
31066,1,-4.097435243229285
31073,1,-2.898315616902032
31074,1,-0.8369535368019143
31098,1,-2.4490655794790968
31103,1,-1.3683760540419385
31105,1,-3.6917156858557405
31107,1,-3.7685246320403465
31109,1,-2.5664448826483266
31110,1,-0.5850116432087944
31112,1,-0.5672814504990384
31113,1,-3.876348034199289
31122,1,-4.876687613204425
31129,1,-3.5404057446322597
31135,1,-1.0325921704583365
31144,1,-1.4062444287403864
31156,1,-3.713344216270926
31160,1,-3.5404057446322597
31180,1,-2.783982018027608
31194,1,-3.642388677191761
31204,1,-0.6594239349528266
31205,1,-2.113788225746788
31212,1,-2.5475558051102283
31220,1,-3.241112895936979
31226,1,-4.374539158903588
31227,1,-1.9923200069752838
31228,1,-1.7419331645804448
31237,1,-3.6669406983666946
31239,1,-2.895761029391693
31240,1,5.187110351086574
31242,1,-3.8489001384875365
31246,1,-1.658710922560104
31257,1,-0.8663697393914234
31264,1,-3.0097733171855126
31267,1,-4.988061891942095
31275,1,-3.1679011811745
31277,1,-2.3490756653559117
31284,1,-4.681606560375322
31286,1,-3.7879628878789404
31298,1,-2.375006452942003
31309,1,-0.9326625828665414
31311,1,-2.9616508891853073
31312,1,-3.605522875061432
31315,1,-0.5157061479344165
31324,1,-2.587750190017161
31325,1,-3.58819228374427
31326,1,-3.6093832815349245
31332,1,-3.6366529466554667
31336,1,-2.3980647671686626
31351,1,-2.630124214032243
31352,1,-0.40135642039483344
31357,1,-2.880118389484025
31361,1,-1.2609066266046725
31378,1,0.04083967576008263
31385,1,-3.1402065408873625
31386,1,-4.697072720396903
31390,1,-2.679316650342031
31391,1,-1.164063925247028
31401,1,-1.2515716467145666
31406,1,-4.633889810675164
31407,1,-3.2585032228621387
31417,1,-3.8362759109171236
31452,1,-2.7970344930862296
31459,1,-3.422402649683299
31469,1,-2.3775912763889195
31470,1,-3.003180102557245
31471,1,-1.1042813018860258
31474,1,-4.633928604292954
31475,1,-3.323531014005617
31481,1,-2.4116453580696344
31485,1,-2.9223825587017913
31487,1,-2.6903090263394205
31496,1,-5.028612352114031
31497,1,-2.748725529224437
31507,1,-3.829176035135191
31508,1,-0.44648244632680445
31528,1,-5.487533736039133
31529,1,-4.251757541951967
31536,1,-4.1085200222155365
31543,1,-2.4249367362640157
31553,1,-3.5608361553844645
31574,1,-3.970130084236537
31582,1,-2.9338135188206493
31589,1,-2.863914191585998
31594,1,-0.6874164010253025
31598,1,-3.8095677706020084
31601,1,-3.722249616821486
31605,1,4.957324030372462
31611,1,-1.881720423219015
31612,1,-3.3608402222823983
31615,1,-3.8238681885320815
31619,1,-0.9678739056514303
31623,1,-1.6157303852111085
31632,1,-3.571787969260356
31644,1,-3.887318639216538
31649,1,-0.31020938942736365
31657,1,-0.7390020647357147
31664,1,-3.0941206222098785
31680,1,-1.5516728137747293
31681,1,-2.6581592260833915
31682,1,-1.6479200157979221
31685,1,-2.771803335432544
31688,1,-3.514216975676149
31691,1,-2.7755283513126656
31694,1,-4.476102986631325
31701,1,-2.406491192292073
31717,1,-2.565706394120191
31721,1,-4.77740155143006
31723,1,-2.6846959562532433
31737,1,-3.508007858915775
31741,1,-1.1107172953347018
31744,1,-3.5177821012883683
31747,1,-3.8226360547052494
31752,1,-3.1123756294908205
31755,1,-2.7455518942542625
31760,1,-1.798970068575393
31765,1,-2.4369926681005865
31770,1,-0.7101587611351476
31771,1,-3.484646349896707
31773,1,-3.0703270967324485
31781,1,-2.9443927212364827
31788,1,-3.2009948563275117
31792,1,-2.606768733257155
31801,1,-2.574198139030649
31808,1,-3.7480173830972348
31818,1,-2.813282442085516
31826,1,-0.954286742136091
31827,1,1.546418248369946
31834,1,-3.3608402222823983
31837,1,-0.8473581842224007
31847,1,-2.492607469282312
31848,1,-2.107487583989723
31850,1,-3.4156487997136296
31858,1,-3.916843404920691
31863,1,-2.232967329860294
31871,1,-2.2627442404479368
31878,1,-3.8331918819465116
31881,1,-2.580977723759034
31891,1,-3.7480173830972348
31901,1,-2.799938790698718
31911,1,-3.279698724789789
31912,1,-0.23813958700275606
31934,1,-2.7610721367497177
31939,1,-3.151108138734074
31941,1,-5.566333120580303
31945,1,-1.9450878560191285
31953,1,2.537211360117695
31964,1,-5.61298438922244
31966,1,-3.096131027094515
31967,1,-2.7373281641720197
31969,1,-3.590350764279613
31979,1,-2.9008345797023694
31980,1,-3.7662101308097675
31981,1,-5.194674031365537
31982,1,4.10505018470009
32000,1,-1.0193961701681218
32008,1,-0.970329443425733
32009,1,-3.9317066225227038
32014,1,-4.091315057332125
32035,1,2.93976213732077
32045,1,-3.333635623885179
32057,1,-1.747377269986444
32066,1,-1.3148309520690873
32070,1,-4.079030244316009
32071,1,-2.352106433506961
32072,1,-2.64760915323167
32075,1,-2.453103068069204
32076,1,-3.274926262680765
32081,1,-0.5392258914416033
32083,1,-1.0623483828673486
32084,1,-1.0623483828673486
32101,1,-3.0416526223274403
32106,1,-3.4779383259800483
32107,1,-2.8075736997414538
32112,1,-1.7546717586138527
32114,1,-4.694291314069879
32117,1,-2.637927999026175
32125,1,-3.3037257760648586
32127,1,-3.300076051076772
32128,1,-4.560441997809306
32133,1,-1.9551045259783209
32141,1,-3.6432786153218615
32142,1,-2.881814176029387
32146,1,-3.955360714457221
32150,1,-2.2008427659430865
32152,1,-3.5285142161683325
32158,1,-2.1192636373882863
32162,1,-0.39320237946228076
32171,1,-5.645146592134168
32190,1,-2.1444007133824528
32201,1,-4.267057732209857
32214,1,-3.8214014858565406
32221,1,-2.4524229815075387
32222,1,-3.817676751934414
32232,1,-3.321571970994981
32239,1,-0.6383952930645904
32245,1,-4.655078940868691
32253,1,-2.2579464470457395
32256,1,-3.0770642776818917
32259,1,-0.23750051748849188
32261,1,3.168494594375204
32262,1,-0.7356170595708846
32269,1,0.7632890676009012
32273,1,-2.3415048844256034
32274,1,-3.6082472172599793
32276,1,-1.0660307684359438
32279,1,-3.2568893864836994
32286,1,-3.620444275908703
32289,1,-2.199449180055474
32300,1,-2.9880771012010356
32308,1,-4.078578474414229
32315,1,-3.3520602728096662
32331,1,-3.802666595603071
32342,1,-3.6713149485805445
32346,1,-3.7520959905821556
32348,1,-3.655848788558963
32349,1,-3.7520959905821556
32350,1,-1.5480936858627814
32353,1,-0.31191280923251696
32361,1,-0.3994072054995783
32362,1,-1.489983858238702
32363,1,-1.658290214752057
32365,1,-3.120083772451885
32368,1,-1.6574185798760581
32378,1,-1.8757993149158096
32383,1,-1.0133854150075479
32384,1,-0.5465305276846095
32386,1,-3.2592964611216786
32392,1,-5.331734741921544
32394,1,-2.928260013855649
32395,1,-4.065529466857484
32400,1,-4.19436981990502
32401,1,-2.767120056876635
32402,1,-3.9708925237981063
32415,1,-2.9129814311731153
32417,1,-4.138394290786792
32421,1,-3.578226779253079
32429,1,-3.1973712838099217
32430,1,-3.454221844841797
32437,1,-3.1368255183695624
32444,1,-3.016024512351322
32445,1,-0.7068861049702662
32447,1,-3.13789982435064
32455,1,-3.6399428788844403
32462,1,-0.7146974432096087
32467,1,-3.030504988343054
32477,1,-2.365001877353059
32480,1,-1.9212145318840825
32484,1,-3.2459441476297783
32485,1,-3.0324966490874985
32489,1,-2.8420264417135925
32491,1,-3.578139295001236
32505,1,-2.6957588022413574
32510,1,-0.5980031566067865
32524,1,-1.9626864384175633
32534,1,-4.307902085231724
32546,1,-3.7520959905821556
32554,1,-3.25267593628341
32563,1,-2.961281435614147
32568,1,-3.3696261393699203
32574,1,-0.9985206175813843
32595,1,-3.7100229786063394
32599,1,-3.2081581968768447
32602,1,-3.7245332756431537
32605,1,-0.2284364221720523
32610,1,-0.46495295114448965
32611,1,-0.3762058887119508
32624,1,-3.075451654968873
32632,1,-2.7502246107586856
32633,1,-2.8362737254479455
32637,1,3.572451630350095
32642,1,-2.1967234643392857
32643,1,-4.022809084664665
32648,1,-4.754433031449146
32660,1,-2.387187329562508
32661,1,-2.5819247572168393
32662,1,-4.8487311637812525
32669,1,3.324917333890596
32673,1,-1.9509510375925245
32674,1,-1.7635790342015483
32676,1,-1.7635790342015483
32677,1,-2.1376169856783847
32684,1,-1.6010593272072384
32688,1,-3.561993230144843
32691,1,-2.73804149452738
32693,1,-2.111784258483027
32699,1,-3.3415650523395897
32706,1,-3.4098814947297598
32708,1,-1.8244361629100752
32710,1,-4.161194132917835
32716,1,-0.8720341087822305
32724,1,-3.428880225991314
32727,1,-0.21998165387164192
32735,1,-0.7226680956607652
32744,1,-4.355620296017079
32749,1,-1.1085544255880393
32757,1,-3.4025620434139867
32770,1,-3.160209513625688
32771,1,-2.9824342039030185
32780,1,-3.868299475815647
32784,1,-2.2766454864056556
32786,1,-3.2771557222449204
32789,1,-2.8530762386333706
32791,1,-3.832521621807821
32797,1,-0.8006119668009575
32805,1,-1.8358316317208363
32817,1,-1.098974332022074
32829,1,-0.21045196657397014
32838,1,-3.078528575077492
32843,1,-4.204707249027457
32850,1,-2.846180194311927
32858,1,-4.002680698467827
32863,1,-3.921899656466209
32864,1,-0.14774952168060196
32867,1,-4.433679143851158
32879,1,-2.116853931869514
32885,1,-2.4521546134024774
32895,1,-3.7441148691109234
32898,1,-5.06757138390806
32899,1,-2.8467544268132556
32907,1,-0.9631809580917405
32913,1,-1.766454057794924
32915,1,-1.4977949889232747
32919,1,-0.24548729860480023
32923,1,-2.5891129536167057
32930,1,-1.401454254769078
32935,1,-2.9349878685298947
32938,1,-5.269802771174227
32949,1,-3.4059477535904463
32957,1,-3.4811830426913843
32963,1,-4.4405117749628005
32968,1,-0.775911931579131
32971,1,-4.793832428693094
32972,1,-3.7088693640707078
32979,1,-4.877855942908539
33002,1,-5.031415099533575
33005,1,-2.839811444054334
33006,1,-2.584148529114003
33007,1,-3.885765457726187
33008,1,-5.8548093202841045
33021,1,-3.7777771115615195
33029,1,-3.465508799944587
33031,1,-2.3044961814596547
33041,1,-5.097707943008686
33052,1,-5.686051466515252
33054,1,-2.7568290366101635
33060,1,-2.7568290366101635
33074,1,-2.2691987338192305
33080,1,-3.0495443732850163
33081,1,-4.563647220616311
33091,1,-2.9103954345899226
33101,1,-0.4224091726001191
33103,1,-2.1332610326378045
33107,1,-1.463611729610868
33124,1,-1.2520221908303242
33132,1,-2.054856573156016
33140,1,-3.3365370175338853
33153,1,-4.013083592774613
33157,1,-0.076558053634038
33159,1,-0.17280525565723792
33166,1,-3.173041109050814
33173,1,-2.2513040821604022
33180,1,-1.4535284901286758
33183,1,-2.9232027956734683
33194,1,-2.026196534877748
33200,1,-2.2641813843014376
33201,1,-0.0636523729763212
33204,1,-2.289608103559843
33206,1,-2.6238463813627035
33221,1,-3.5615865246030296
33246,1,-3.962617178370465
33254,1,-0.6017819756881835
33258,1,-4.49154811071341
33262,1,-0.4159794659310876
33268,1,0.0797346569203583
33271,1,0.1362252508684918
33283,1,-3.613372232641602
33287,1,-0.895578686892577
33295,1,-1.4865569252076654
33300,1,-0.6001717167243612
33302,1,-2.7802587348021035
33310,1,-2.8559557094160155
33322,1,-1.38850315266928
33327,1,-0.3497457289219952
33329,1,-2.312289890823422
33331,1,-3.5048620480634227
33333,1,-2.5851455809143005
33335,1,-2.6813927829375004
33343,1,-1.252210058534402
33348,1,-4.9927758357355785
33367,1,-1.4029913511957943
33372,1,-0.8982280739395847
33375,1,-2.1532174118021103
33377,1,-2.326440321899952
33394,1,-3.5531908833299966
33395,1,-5.575474325946523
33404,1,-0.09096542130859575
33416,1,-3.1775523606537135
33419,1,-1.7165737969548616
33420,1,0.16658290883255233
33421,1,-1.4938322035662992
33432,1,-1.5428707304814324
33434,1,0.10508875179750277
33435,1,-3.1116682742243214
33437,1,-2.446937780222889
33440,1,-2.516409406505147
33442,1,-0.31562957771551226
33460,1,-0.49790564690049877
33463,1,-0.3776764885550179
33465,1,-3.199659175438306
33473,1,-0.3217390700152265
33483,1,-3.681573496630598
33523,1,-3.292345653437742
33526,1,-2.7661065349079124
33527,1,-2.5911873018185787
33549,1,-0.9899946642463391
33554,1,-0.7086683865316488
33557,1,-2.368021169516851
33561,1,-3.280107825926386
33570,1,-1.5433728460535932
33581,1,-3.2393017326715707
33583,1,-3.4269080994896868
33587,1,-1.4649636794563463
33592,1,-0.7568885121861086
33599,1,-0.9422822302321237
33602,1,-1.9327227814129415
33603,1,-3.2553190907361724
33624,1,-1.5347047318426448
33625,1,-5.899896312660054
33629,1,0.41237327003719315
33630,1,-2.5288649931019975
33632,1,-4.088231754028698
33640,1,-5.228732550171394
33641,1,-2.5056232919065096
33644,1,-3.1727868566987
33650,1,-2.4376983417249107
33652,1,-3.005104966123916
33663,1,-1.454386806741617
33672,1,-3.4598865881358307
33676,1,-0.49021869125696327
33682,1,-4.174063055760712
33683,1,-1.7193781043901097
33687,1,-1.7193781043901097
33688,1,-1.965541661749178
33696,1,-2.2202230053841348
33700,1,-2.737465374833107
33701,1,-1.6727223775910858
33703,1,-4.387386411806318
33708,1,-2.51210467774316
33709,1,-3.6819222662915365
33710,1,-3.1774556754498846
33718,1,-1.8281166961525699
33721,1,-4.246870006900991
33729,1,-2.766702082082027
33742,1,-1.1392629935859944
33751,1,-3.3026114859907736
33754,1,-0.9505173129282625
33762,1,-3.1824935815818165
33772,1,-2.139846651789526
33790,1,-1.530106336878326
33807,1,-1.34529404925906
33813,1,-2.26026844911199
33821,1,-1.03123936690411
33832,1,-2.2370668806048783
33835,1,-1.552713625073089
33837,1,-1.9727794359359336
33840,1,-0.8363497968635372
33841,1,-2.4584186163428754
33845,1,-2.0573536153673047
33848,1,-2.9430578079874437
33852,1,-0.9881042101370099
33859,1,-0.59954358527024
33861,1,-3.0733772326738915
33865,1,-1.2355101956091943
33866,1,-2.438246844293424
33873,1,-0.018235136560072362
33874,1,-4.371920251784736
33885,1,-0.9506238565990088
33891,1,0.28121357958870874
33895,1,-1.8988235008797645
33896,1,-3.030352644521308
33906,1,-4.574575894680542
33908,1,-4.217467158229496
33909,1,-2.7897763742424786
33917,1,-2.3739344500201867
33920,1,-0.45099356654696976
33923,1,-1.7233049394407658
33926,1,-3.126599846544515
33928,1,-0.014122552974420444
33930,1,-1.746690478482222
33934,1,-0.9392627075298634
33944,1,-2.702646756741764
33946,1,-1.2887540315275672
33950,1,-1.5660927795739212
33969,1,0.08474339889018268
33972,1,-1.5245583237613758
33973,1,-1.960534330991031
33975,1,-2.8093529009136375
33981,1,-2.8731640973421833
33982,1,-2.7834569441952226
33985,1,0.3247083879317927
33988,1,5.164676696946877
33991,1,0.08474339889018268
33998,1,-3.8565024818176212
34001,1,-4.801913616897117
34002,1,-3.126599846544515
34004,1,-2.6183782087180916
34005,1,-3.2316046863617416
34017,1,-2.5618275382196316
34021,1,-2.6325373048345497
34023,1,-2.748290525459403
34037,1,-2.698017230076843
34040,1,-2.0747583257958553
34044,1,-3.1058774942192002
34047,1,-2.0747583257958553
34056,1,-1.7873268119111927
34057,1,-3.6704835176986137
34066,1,-3.2373389527318963
34093,1,-2.5630287663899622
34097,1,-3.6890007148289357
34098,1,-2.7005355256533434
34109,1,-0.38502482028602003
34121,1,5.425189421941987
34123,1,-3.3644140457933815
34130,1,-2.5098010591367483
34133,1,-1.9747104212264333
34148,1,-1.3969942667674289
34163,1,-0.7829114650766797
34166,1,-2.2593473697979576
34181,1,-2.3319549740353978
34191,1,-2.9116403193313474
34198,1,-3.3074554917965884
34204,1,-3.1276093927000232
34205,1,-0.5633249510489975
34217,1,-0.7921884071654617
34222,1,-3.91502617031351
34223,1,-4.786543903999316
34224,1,0.44731236917554895
34253,1,-3.898880043105656
34259,1,-4.557351336667388
34264,1,-4.825398045964938
34272,1,-2.4239511855074625
34273,1,-2.5202990873322335
34275,1,3.7623010779339623
34277,1,-3.390631082388481
34278,1,-2.4721582922708762
34284,1,-4.160092666388174
34303,1,-2.0414359599141463
34304,1,-0.5534357100949308
34319,1,-0.3738828577388773
34320,1,-3.4899199203686706
34323,1,-2.2837536606106283
34328,1,-1.0728606602309014
34330,1,-1.1691078622540942
34340,1,-1.7918742291624667
34350,1,-0.5692856942475331
34353,1,-3.2355807347096928
34363,1,-3.3266624986013156
34366,1,-1.4521409243734738
34382,1,0.050625327151117006
34386,1,-3.8113336901883557
34392,1,-4.2655295480372
34400,1,-4.348387527079012
34411,1,-2.7537217208728464
34412,1,-1.75935719270813
34415,1,-0.4575723322027585
34416,1,-2.3455061280078553
34420,1,-1.4388524784560062
34435,1,-1.453794608938665
34436,1,-2.8888071342136996
34446,1,-3.0455708367126775
34455,1,-4.0382104446767855
34457,1,-1.9420657583863843
34465,1,-3.8224917998539283
34474,1,-1.143899440243949
34489,1,-1.419674400377069
34494,1,-0.8815254220055024
34507,1,-1.6956270271392668
34511,1,-2.8672394265623637
34514,1,-0.210263662293805
34519,1,-0.5088311392237586
34527,1,-1.3682772859464052
34532,1,-3.4669193435974535
34541,1,-2.1728078241952247
34547,1,0.9323257885075265
34561,1,-2.4541480526748387
34567,1,-3.799793627584293
34583,1,-1.9751763747309212
34589,1,-3.017040136930376
34604,1,-1.2426732367925268
34620,1,-3.155034429476423
34626,1,-2.309485312891482
34628,1,-2.962871526785989
34632,1,-0.5699370308449758
34635,1,-2.392846828983643
34640,1,-2.1085281029436445
34641,1,-1.178034773931337
34642,1,-1.4264151728487136
34645,1,-1.4532247292281895
34647,1,-2.9924113006613027
34661,1,-5.022053427223689
34670,1,-1.198226608465788
34672,1,-2.048049243249011
34676,1,-1.0834622093122661
34689,1,-2.6838815917812155
34695,1,-1.282176395652165
34704,1,-0.5620469333517235
34710,1,-0.15967284001433768
34717,1,0.006536920897332266
34721,1,1.5491332193967438
34726,1,-1.8921472474759256
34731,1,-1.3271169337167663
34737,1,-2.2825383015561655
34742,1,0.20460935944279868
34743,1,-3.326516038241955
34752,1,-3.815719013966415
34753,1,-0.2789970752151092
34754,1,-2.8346001241128675
34759,1,-0.8631456520821459
34770,1,-3.4763842793712882
34772,1,-4.5814954066301965
34778,1,-0.18454748638820462
34787,1,-4.282487395161482
34793,1,-3.667231829094618
34795,1,-4.197025474294982
34799,1,-1.5971412444239803
34800,1,-2.145746421546292
34804,1,-1.534438799530598
34811,1,-2.7647691490698705
34817,1,-1.1352784007849408
34820,1,-4.561532311806694
34828,1,-1.6463047879752182
34831,1,-2.527922658658966
34838,1,-3.4909806270501917
34840,1,-2.3117809713580044
34855,1,-3.116645390373108
34856,1,-3.8412506544127822
34861,1,0.24535183045838238
34867,1,-2.3014332664091555
34868,1,-3.569939586477396
34869,1,0.3330927291963235
34871,1,-0.10356093576830006
34883,1,-2.066042731393239
34910,1,-0.8865044874161114
34911,1,-2.8074789655442913
34912,1,-2.565427732600469
34920,1,-0.9298914879698614
34959,1,-2.1333238973699125
34970,1,-3.762305186014089
34977,1,-2.7769936184009367
34988,1,-0.3180113529395143
34996,1,-1.0874033842623305
34999,1,-1.3403927532860394
35003,1,-2.878983825384708
35011,1,-2.568372963197035
35028,1,-2.416896896358118
35040,1,-1.5813239248924873
35043,1,-5.085186654983687
35048,1,-2.932609101914089
35050,1,-3.0078060402302427
35052,1,-2.761604522215478
35070,1,-3.27298255663937
35076,1,-2.6840691496442517
35110,1,-2.176346446066269
35116,1,-1.2342590648311358
35118,1,-2.5461625296790587
35119,1,-4.346579444795786
35133,1,-2.118625262977716
35134,1,-1.738704722877337
35136,1,-3.1736539414252007
35146,1,-1.5799503088867084
35149,1,-3.1993812877820886
35154,1,-2.3183051352716717
35157,1,-4.729073775743309
35170,1,-2.6780249923760238
35179,1,-3.346294264674121
35186,1,-0.5084235756791742
35187,1,-4.640569154277443
35188,1,-1.9635757470765327
35192,1,-0.8759937979175163
35195,1,-4.890117017262867
35196,1,-2.1034111327959337
35202,1,-0.7983232053420224
35207,1,-2.269532451790333
35209,1,-2.4372946974047167
35211,1,-2.5841066641813413
35219,1,-2.9992841843359273
35221,1,-3.821797848114606
35231,1,-2.764966015770952
35233,1,-1.559436274427192
35236,1,-2.4679965323218838
35242,1,-0.3834349538012418
35251,1,-4.3154382737300025
35254,1,-1.0964398376148807
35262,1,-3.190847002013129
35267,1,-3.3693014137690653
35285,1,-2.9259303717187706
35290,1,-3.7391109991655185
35295,1,-1.9355298090423219
35301,1,-0.5221393268317414
35309,1,-2.6799024008998273
35339,1,-2.118625262977716
35344,1,-3.7151631127182725
35345,1,-0.4840475568257716
35347,1,-3.8318915835558087
35348,1,-0.5864638975480787
35352,1,-0.8168404024723444
35355,1,-0.3908381717811835
35365,1,-0.8486218106638148
35370,1,-3.3920374131327975
35371,1,-2.3708424125031016
35386,1,-2.6037015470922853
35394,1,-0.5637836286845896
35403,1,-3.7442023432349814
35405,1,-3.13211155039469
35419,1,-4.631925368560587
35420,1,-1.4182991627412846
35423,1,-2.5701750440032285
35440,1,-2.3493242300338864
35447,1,-1.3486357277482597
35457,1,-2.5877781807216564
35460,1,-3.37303119001556
35463,1,-2.449240110719323
35467,1,-4.012013370532081
35474,1,-4.747987180243179
35492,1,-2.9947820401560037
35503,1,-1.1526292163032963
35522,1,-0.6275164866371199
35525,1,-3.024468822403257
35541,1,-4.234019391088957
35543,1,-2.4013596740556338
35548,1,-0.71746568185889
35550,1,-2.3100177428655897
35560,1,-2.507837018555179
35561,1,-2.3927379463339307
35567,1,-2.331217570649862
35570,1,-3.435243527454702
35574,1,-1.742308307903805
35582,1,-3.143484600042399
35589,1,-3.1387301114685613
35601,1,-1.824314513859214
35607,1,-2.444732602556307
35610,1,-1.8448138503611418
35615,1,-2.014852624256207
35630,1,-2.4307855237285025
35632,1,-1.6543499851379053
35634,1,-2.5862500845121943
35641,1,-4.307557918208374
35648,1,-1.736573615121273
35655,1,-0.748077038208919
35657,1,-4.350216495910274
35680,1,0.24107837267822418
35682,1,-3.607053905462827
35686,1,-1.0790034124623915
35689,1,-2.163522507056271
35695,1,-2.979032458760905
35714,1,-2.5034619206687623
35717,1,-3.19197394738692
35721,1,-2.542213051668284
35730,1,-3.5925436084260056
35731,1,-1.900088225102678
35732,1,-2.7373115523979408
35736,1,-2.699446314229988
35738,1,-3.4514321971086304
35740,1,-2.8681247959438494
35742,1,-2.4739278419800286
35744,1,-3.803059321097841
35754,1,-4.029360140942501
35755,1,-4.10149585181415
35764,1,-2.6081631740549156
35769,1,-2.6470979140203994
35771,1,-1.9897039990896985
35786,1,-4.510301993918269
35799,1,-1.6460996640212286
35822,1,4.822665622234339
35826,1,2.9952625780772664
35828,1,-3.1362743299030384
35830,1,-2.6736679678403306
35834,1,5.2079231058691136
35835,1,-2.547879491707832
35840,1,-0.7917875761637134
35846,1,-2.657671513146447
35858,1,-1.0289838045451916
35861,1,-1.821431077760458
35865,1,-0.05928190625267149
35866,1,-1.9718260681932165
35867,1,-2.2838502117249746
35875,1,0.08231107409957161
35878,1,-0.9466774724683304
35884,1,-2.6927145663907623
35885,1,-1.591925473973852
35888,1,-0.8721555952698523
35894,1,-2.6519228761339377
35895,1,-2.1645329570243703
35900,1,-2.390560389356324
35905,1,-2.0686206097957367
35907,1,-3.2351877493574435
35914,1,-2.55491933813655
35920,1,-0.5264250538484916
35922,1,-0.8013208741272848
35924,1,-2.163469800031862
35929,1,-2.885267150577519
35937,1,-2.2026454877157278
35939,1,-1.9261266370869592
35960,1,-3.2091214059384328
35967,1,-2.218707147071747
35969,1,-2.8240893599109143
35976,1,2.306741321284669
35979,1,-1.4594716633374816
35989,1,-2.221187787950349
35995,1,-0.3266756762445908
35998,1,-1.6554519727264392
36001,1,-0.20599897177049797
36004,1,-0.16112297894699878
36005,1,-3.585441473008572
36007,1,-2.6009458602363082
36008,1,-1.357371589491045
36009,1,-2.5317555433631043
36012,1,-1.4461196673157986
36013,1,-0.09557957365770164
36014,1,-1.9185105842616252
36016,1,-0.5298481232135757
36021,1,-1.1261334795835793
36033,1,-0.06487577692379887
36037,1,-1.8077713432452498
36057,1,1.5404453062773342
36065,1,-1.3746269131075266
36067,1,-1.7780559996726026
36077,1,-2.0069464480454897
36078,1,-3.02081419523455
36086,1,-2.0739830739897585
36088,1,-3.234352566949376
36102,1,-2.5027757492981024
36105,1,-0.3831904651465976
36106,1,-1.7373370876941223
36120,1,-2.789720407804296
36121,1,-1.73670172583423
36124,1,5.3508737004489575
36138,1,-1.9891914928167154
36140,1,5.286662590612231
36148,1,-2.1905869162676694
36155,1,-2.2345297574698293
36156,1,-1.965541661749178
36162,1,-3.21591470468843
36163,1,-0.11448233858327939
36168,1,5.016170747436611
36169,1,-0.47374309706069795
36171,1,-3.6704835176986137
36175,1,-2.132326492873595
36177,1,1.5838063862230527
36179,1,-3.2465304278958556
36184,1,4.612823441162988
36191,1,-3.8032747745644073
36205,1,-2.0460161481082295
36206,1,-3.029847001684317
36211,1,-1.7509014018808031
36225,1,1.9034810992452265
36236,1,8.95573844755809
36241,1,1.2636062082365171
36245,1,10.370516856444276
36250,1,3.9134958461418705
36254,1,2.9866886956975307
36263,1,4.1732386604871365
36271,1,2.4495993685278137
36272,1,2.9555170909126787
36288,1,0.20424199088482453
36299,1,1.0978416626982153
36307,1,0.7556591986649792
36312,1,1.8680430172073628
36323,1,0.44435943728665706
36324,1,1.7132938089881975
36330,1,2.0620426734830843
36336,1,3.102096833079031
36340,1,1.2385813368234082
36341,1,9.07616801243443
36358,1,1.8937775281563063
36359,1,1.3472581833304176
36361,1,5.242250159847465
36363,1,7.820294769644143
36368,1,10.69932841890369
36371,1,0.7884560294861629
36387,1,2.043471705447807
36391,1,8.801705960573251
36398,1,1.718308720543483
36399,1,1.7028425605219013
36411,1,2.2672169648538727
36426,1,1.015844678705669
36436,1,3.4096262401451227
36438,1,1.427182151516547
36449,1,2.430371432121177
36464,1,1.82960981611199
36465,1,8.530421053063392
36474,1,2.0656190358830813
36480,1,1.4514353790956491
36495,1,1.8828536520303558
36499,1,1.4225550303590637
36503,1,2.062759022769974
36507,1,0.8727415653784121
36512,1,2.2310588763118275
36517,1,2.3273060783350275
36543,1,0.46043764959446776
36549,1,1.9153706884846855
36553,1,4.433846150620518
36554,1,2.2310588763118275
36557,1,8.588063339252535
36569,1,1.5013721836082254
36572,1,1.7757675853986825
36573,1,0.5442765330966992
36575,1,1.5967294553783375
36580,1,1.863725098497163
36582,1,1.9791961164064489
36599,1,2.1963857094855186
36600,1,4.086677273867664
36624,1,1.2916346615095478
36627,1,1.451217135816023
36631,1,9.415554235096515
36632,1,-0.5106424818983584
36642,1,1.1457122767847352
36649,1,1.8550157200021644
36650,1,1.7121146245073788
36652,1,7.464347428871569
36665,1,3.5377187540177317
36670,1,2.3653326698565422
36676,1,1.3213945723766827
36685,1,1.6467623916920289
36698,1,1.4551039536570372
36710,1,1.119536160295688
36717,1,0.053916634485950965
36722,1,8.541165703095153
36727,1,2.2061487228165504
36733,1,-0.06479775543871824
36734,1,1.2168512028944605
36740,1,4.705876796169939
36741,1,3.373837337967295
36742,1,2.1963940806556437
36744,1,3.497553302106226
36759,1,2.0196895612942143
36771,1,2.322690383019541
36772,1,2.8774418702650095
36775,1,1.4455797168470852
36787,1,1.137192203472516
36791,1,2.117031345471908
36795,1,1.4795280094424754
36819,1,2.244585574304786
36829,1,2.2206845287091284
36843,1,2.2206845287091284
36858,1,0.05461324135792722
36859,1,1.4044397914066948
36864,1,1.2887907095361797
36877,1,1.1850099806854217
36882,1,0.2542906593579559
36883,1,3.6621542020585807
36886,1,1.9114055397918008
36890,1,1.3859179747802912
36891,1,3.5488197558367673
36905,1,0.6639545400884757
36906,1,8.40441050182497
36916,1,1.226282447072876
36919,1,5.830868454053302
36921,1,1.0850209529044648
36923,1,8.028585370204425
36924,1,0.2894692479590404
36931,1,1.1444146443087106
36936,1,1.042504917098995
36943,1,11.016611444248348
36956,1,12.008453905459447
36967,1,3.339301123125935
36973,1,4.93490064144784
36980,1,4.1130085343415175
36982,1,4.039776715153664
36983,1,3.559028209356093
36985,1,2.180486247107318
36987,1,3.4934808670848625
37012,1,3.2676126107909624
37027,1,3.401621495553755
37028,1,2.774958957827401
37034,1,3.3120960128761894
37038,1,1.9143229524220757
37048,1,4.470527824315944
37052,1,4.195232377634667
37062,1,4.561540127432508
37064,1,5.005168367615667
37073,1,5.036298439209709
37076,1,5.005211447643205
37080,1,4.091294161329721
37083,1,5.839916540929806
37097,1,3.5934284118190405
37112,1,3.3827885754607223
37113,1,2.5682207622151623
37116,1,4.68640055811845
37118,1,4.23540736979826
37130,1,7.636417544360235
37134,1,8.728465607321155
37138,1,5.086857189798309
37144,1,6.5254229077934625
37145,1,4.65547688179722
37146,1,12.554896213680962
37149,1,4.909357024220213
37161,1,8.611214490344459
37185,1,6.439639048115211
37186,1,6.710244363639923
37190,1,6.439639048115211
37194,1,5.480984407338433
37196,1,11.915173912509665
37198,1,6.421457888638635
37199,1,4.140747870867656
37200,1,5.296714827031934
37201,1,5.382730761222859
37203,1,5.2812486670103524
37210,1,5.596094827069969
37222,1,5.03954900337547
37225,1,6.590122787422757
37242,1,7.462391786948189
37243,1,5.499847625046776
37274,1,6.14284873140538
37285,1,11.00911870494783
37287,1,11.981044144482993
37289,1,6.120684029850537
37296,1,5.280233594570646
37298,1,13.041514550764632
37310,1,3.3336767932970304
37311,1,3.306167468327608
37321,1,12.527886397088565
37322,1,5.292252076892048
37331,1,4.930841987943076
37333,1,5.379017085618088
37353,1,6.69638742683609
37358,1,13.728849300063594
37364,1,5.498194784822992
37365,1,5.028368265762076
37372,1,4.477865791461284
37373,1,5.4595445233531095
37374,1,6.719731575167735
37376,1,10.448119218952854
37383,1,5.382533311568956
37388,1,11.934996166961618
37393,1,13.813550139108912
37395,1,5.325701660724924
37405,1,9.370076190083559
37411,1,7.741272781340996
37412,1,4.43336930459612
37423,1,4.409124826025575
37425,1,7.730222632118071
37427,1,4.2282622211601435
37441,1,6.606843495055081
37446,1,4.494547095262732
37449,1,5.192498504998042
37455,1,6.2906622581886324
37463,1,6.836129921774308
37486,1,4.58181049425194
37495,1,13.768687190460334
37498,1,5.941209881853226
37499,1,4.2626124800479985
37532,1,8.167925782840172
37533,1,4.834009940303993
37549,1,4.5090813617331165
37554,1,3.5876215874790773
37563,1,8.51116704645483
37565,1,4.639172395229629
37567,1,4.961737204815826
37577,1,5.732749662097014
37587,1,2.919853302312866
37590,1,12.724537450608835
37593,1,8.122590265960241
37596,1,5.955371268509687
37601,1,6.2211519956800245
37610,1,13.191005588706197
37617,1,6.551120076960345
37621,1,4.56704357774359
37624,1,4.327478824871278
37628,1,7.476811311962358
37631,1,5.541920637022592
37634,1,5.306783946139191
37636,1,4.086305547971335
37649,1,6.787682985195772
37652,1,5.2152917598354165
37653,1,4.428943515423725
37660,1,4.23540736979826
37666,1,8.824712809344355
37674,1,3.870214542967638
37687,1,12.732575011352338
37689,1,4.743299313351983
37695,1,5.400693489132628
37698,1,3.9789810346127297
37708,1,11.820993558671894
37712,1,7.61730203057617
37717,1,7.22969853234315
37719,1,7.874607849586589
37721,1,4.489541887049711
37731,1,4.838870928283114
37732,1,8.711800770286828
37733,1,8.450888363860543
37740,1,6.680838606005523
37744,1,5.098585503003491
37745,1,6.785948930162952
37746,1,6.512285218701095
37753,1,12.021261412561252
37756,1,12.322326384703779
37757,1,4.320869126209914
37773,1,3.612295481200519
37781,1,4.324339754764459
37788,1,7.020796547310262
37790,1,6.148178500770371
37815,1,8.676821365884557
37821,1,5.048369629436181
37830,1,4.610116559097918
37831,1,9.685378946777675
37837,1,12.070419879563659
37839,1,5.191498698193428
37841,1,5.477031655261193
37844,1,6.163444779236428
37848,1,8.660658084396388
37849,1,5.734641370377091
37850,1,11.674715695412068
37853,1,4.635840396515086
37859,1,4.60481735716629
37863,1,13.325138686500708
37875,1,13.306621489370379
37886,1,4.6504311513617935
37889,1,5.526599095587478
37895,1,7.985541072946916
37896,1,15.497271296849902
37899,1,7.99767738310787
37902,1,7.111918790901363
37909,1,10.767386262822413
37917,1,9.878381835155494
37918,1,15.8128569339014
37936,1,6.432889660393435
37940,1,6.899637685571072
37944,1,6.407552310081243
37950,1,7.152351503216465
37951,1,8.169898835061254
37952,1,8.169898835061254
37955,1,9.783369201980996
37961,1,8.028316974036365
37982,1,8.856234037807454
37990,1,6.054092765717577
38021,1,7.141744695951047
38028,1,8.030974769792195
38029,1,9.915251070980773
38039,1,7.9837046036296755
38041,1,6.85318972880772
38042,1,8.553035499818954
38044,1,9.528696686743508
38050,1,7.346660828051235
38057,1,7.553391288922214
38061,1,6.110508329219769
38062,1,6.764174279821496
38072,1,8.947186743050686
38084,1,14.266772069096248
38088,1,15.157974894765125
38089,1,13.88985621908138
38092,1,9.03860389338115
38093,1,7.268554135526131
38095,1,7.172306933502924
38096,1,7.172306933502924
38100,1,7.888913110472608
38107,1,7.162044412314891
38111,1,15.123840745117548
38124,1,8.086014672659786
38126,1,7.989767470636586
38134,1,6.804527513650257
38156,1,9.636131416491757
38160,1,7.360915836998757
38167,1,7.479905399131809
38183,1,8.144663967115747
38187,1,9.232537109243552
38190,1,8.818700649028237
38191,1,10.991383826533301
38200,1,7.00573751024703
38215,1,5.932389650660987
38216,1,8.91732980553983
38225,1,7.890953946186045
38233,1,7.890953946186045
38239,1,9.534272510970531
38242,1,9.062559813633534
38243,1,7.205818817809899
38244,1,7.1433684241385365
38260,1,10.636478876678751
38269,1,14.38615738181057
38286,1,8.423840805058113
38289,1,9.104144604645043
38291,1,6.464773563224199
38310,1,6.014071770384568
38314,1,16.063437553958103
38317,1,5.137163484530433
38324,1,7.19910871380673
38339,1,7.990445020272027
38341,1,6.3343385064290345
38344,1,9.184815684645649
38351,1,7.775994565039106
38359,1,9.475037356709045
38368,1,8.648200203828388
38370,1,7.108441513431529
38380,1,9.35142464592088
38390,1,8.68835289938572
38393,1,14.585406706301548
38407,1,14.532405405822885
38427,1,6.358811021408698
38431,1,16.29067946051419
38436,1,14.05746078783121
38444,1,9.722062970369471
38448,1,9.282515224287742
38455,1,7.598117859209374
38458,1,10.022011076216884
38474,1,9.65063345670562
38477,1,7.664913218014632
38479,1,7.764141129413318
38480,1,8.778206698260412
38495,1,7.570913517874573
38515,1,9.254075545189309
38523,1,5.889553955538226
38528,1,7.060987071724078
38530,1,14.465699642386618
38537,1,6.718018327477296
38547,1,9.624224179930913
38558,1,7.430221332273135
38564,1,9.511512666099506
38568,1,7.038217279977367
38571,1,6.387388893651995
38580,1,10.115120872711273
38583,1,7.825466108021644
38584,1,8.922012585169455
38594,1,7.207814679540192
38621,1,6.635647928338095
38625,1,13.254568411209675
38629,1,10.1675996734567
38643,1,6.839822313023149
38645,1,7.448074391676869
38646,1,5.429623179601201
38652,1,5.349629303884029
38662,1,8.822633606905875
38673,1,7.649145647331068
38678,1,5.69354273835534
38681,1,3.955077814862591
38696,1,7.002446075184672
38703,1,14.032391530953554
38706,1,10.128069927768777
38713,1,5.852608190157312
38728,1,5.348550594796464
38739,1,7.140642214843339
38741,1,14.732941900729266
38745,1,5.228317257951659
38750,1,12.201471592265705
38777,1,6.978740785317669
38789,1,5.793226911931903
38790,1,11.416330867642067
38797,1,13.011088571377812
38817,1,12.823295354419265
38821,1,6.930223319893649
38822,1,6.486558912547643
38830,1,5.00183612168064
38836,1,7.049192153389484
38839,1,13.556305680651995
38842,1,6.347346068273616
38846,1,10.6771490962266
38851,1,4.89792093406291
38856,1,4.987805559824984
38857,1,6.859285843075966
38860,1,3.9067186701888232
38865,1,5.192293693665569
38866,1,14.06518828229229
38869,1,6.841464035787695
38878,1,8.511218573630458
38883,1,3.9680592735392324
38898,1,13.525745318573811
38902,1,5.302670154242875
38903,1,12.419314912306326
38905,1,12.299159761078947
38909,1,6.900928204644359
38912,1,14.373681142251854
38914,1,15.003547216253978
38920,1,5.591178818917072
38938,1,12.940732139034822
38943,1,5.275005026635135
38951,1,4.933762214727317
38963,1,6.081105057349866
38964,1,15.069545392119124
38981,1,6.757943842236436
38987,1,9.127276448494825
38993,1,11.702426382267227
38994,1,5.652429669207557
38995,1,6.1012218732996075
39000,1,7.519219585069074
39002,1,14.528916548415978
39004,1,14.2707075039024
39007,1,8.234066779898342
39016,1,9.227550999272431
39026,1,15.195080914335783
39029,1,15.179614754314201
39033,1,10.245857103811815
39034,1,15.702935362868033
39067,1,6.962859256079945
39071,1,12.597320292155814
39079,1,7.049276212448639
39082,1,9.144288400352316
39097,1,8.608390780647326
39107,1,9.440690390506035
39111,1,9.044091933139292
39114,1,6.554826476553131
39119,1,8.016750137431195
39125,1,6.680271700407417
39126,1,8.517220995558482
39127,1,9.044682618079051
39153,1,13.12238622294408
39164,1,11.665522174209457
39178,1,5.951222579968238
39182,1,4.067542334978192
39183,1,10.123722633308383
39184,1,13.034845144813957
39196,1,11.169151777254719
39198,1,10.877002150510819
39199,1,4.540644300702937
39203,1,6.52492035595742
39209,1,8.984503524832306
39212,1,4.456364087645227
39215,1,13.143625495020387
39243,1,11.47576731670658
39248,1,9.859816124896739
39250,1,4.575049435058581
39254,1,6.065191009147291
39255,1,12.279111774408769
39262,1,12.115434820955798
39271,1,5.7886528016924785
39276,1,4.701265682916194
39277,1,3.907692858833933
39286,1,12.000267557257402
39294,1,9.504792833346023
39295,1,11.547396057262745
39299,1,6.329130210377343
39307,1,7.1321166120900585
39309,1,4.999943544079628
39313,1,3.973197449534652
39315,1,11.818662644054712
39332,1,5.103666165180364
39335,1,4.823285954028954
39337,1,5.386189065316984
39343,1,4.052423730999124
39344,1,11.159666887289326
39352,1,3.1413659041205335
39355,1,6.111211677277375
39358,1,10.085343087733875
39364,1,11.363905996275136
39370,1,4.718521006532669
39377,1,6.545398730124354
39384,1,5.121933628221896
39391,1,7.481011573063583
39395,1,5.8390541217169485
39396,1,10.607414207908832
39409,1,5.3558914966908375
39410,1,5.889828905220099
39411,1,2.325960425196456
39412,1,4.349665659513008
39413,1,3.9372924809149694
39415,1,4.716003929045932
39418,1,3.487116831452255
39429,1,9.612463162507453
39444,1,10.380427313012966
39445,1,4.613777778528963
39447,1,11.789682017117457
39450,1,4.500690281512483
39459,1,4.905490355713589
39460,1,9.285026889394281
39462,1,1.7456705970720776
39463,1,4.326095532293245
39465,1,1.8586280662461547
39469,1,5.277692569978591
39477,1,2.012999252066834
39478,1,10.366472354878525
39481,1,9.769300007991959
39488,1,3.1053135570283814
39489,1,4.24581435317107
39497,1,2.2133710899639993
39513,1,2.2543805773001395
39518,1,3.3841212213364287
39524,1,4.783660778690219
39525,1,6.809232963805634
39535,1,2.471924475729068
39539,1,10.901567637133198
39543,1,2.0709185120554494
39548,1,2.9624054650366674
39557,1,9.68699942473176
39562,1,2.106594171904895
39563,1,5.102449429227974
39564,1,3.347865831394536
39565,1,11.571400136574141
39570,1,13.138480268644443
39575,1,14.454347064204711
39580,1,5.849602112529574
39584,1,14.680519833392417
39598,1,7.016335583989161
39600,1,3.9280129185635104
39603,1,13.04306939763071
39604,1,7.171640072330817
39607,1,13.165685378894175
39618,1,6.000618261452814
39625,1,6.067598788313489
39629,1,11.48651922823285
39635,1,8.005019256039944
39650,1,13.886359267278628
39653,1,5.163578576545099
39656,1,13.843917399274304
39660,1,13.826662075657836
39662,1,14.733529148763658
39670,1,5.475389049414289
39696,1,5.236451963640583
39699,1,9.336138469030296
39711,1,12.717978432370657
39713,1,7.805766258470555
39721,1,4.555734792732984
39730,1,7.339301205892227
39735,1,5.342825442789575
39739,1,5.893072847503333
39744,1,5.868556901662629
39756,1,12.845485924277
39762,1,8.992336558782284
39777,1,12.366583803223314
39792,1,12.574209029229074
39798,1,7.115383571516119
39800,1,4.487723197266632
39803,1,12.449231792350844
39812,1,11.190383414121769
39831,1,8.97191136026516
39838,1,5.091499236174258
39849,1,7.5123399470958105
39858,1,4.476438459164314
39862,1,6.03931575423686
39877,1,4.353594294138915
39879,1,5.569760123756346
39898,1,3.834090738022759
39903,1,7.600162741256632
39923,1,7.756574633217667
39940,1,7.586163605279232
39941,1,14.402824203806013
39943,1,12.92594050900729
39949,1,5.0982639989637235
39952,1,3.7607086884298226
39954,1,5.196347111742462
39957,1,5.286571749575366
39960,1,12.134290681637744
39962,1,3.9703970213463506
39964,1,12.397830330122005
39972,1,5.985771694945683
39979,1,6.267555563077266
39982,1,14.70499878230131
39983,1,11.71632216306881
39988,1,4.381557140773012
39996,1,6.9542750823283015
39999,1,14.298449591010154
40004,1,7.948805954253615
40009,1,5.256064300359817
40011,1,4.137722393692492
40017,1,10.23286121185177
40020,1,8.216987986928387
40021,1,3.532643099732475
40032,1,2.875987479583671
40045,1,5.679175378517826
40051,1,3.9573435252584517
40052,1,5.4115094173862275
40059,1,5.822067906070615
40060,1,7.254887298666183
40062,1,5.285830878311472
40068,1,2.7762293305854584
40073,1,3.4413872377206616
40078,1,11.879119318817153
40083,1,3.127843025531355
40089,1,0.9405354740166985
40094,1,2.922633187897894
40095,1,4.812232483441903
40100,1,11.568828874670139
40110,1,5.792116760593807
40111,1,2.543942181492284
40112,1,12.121865886869791
40114,1,5.087261320685286
40118,1,1.4698835037330795
40120,1,5.025173037473408
40129,1,3.766337166557868
40143,1,4.338519726678712
40145,1,1.309892802878494
40155,1,9.991996337719392
40161,1,12.127360634795451
40164,1,10.571644119092063
40169,1,2.8889866564154048
40180,1,5.083104071970794
40196,1,4.96527960771315
40207,1,8.43419337067651
40208,1,10.100849635185149
40216,1,2.461780692934134
40230,1,3.0797851947063464
40231,1,4.303846559852403
40233,1,2.7785156545664194
40240,1,2.7617409158161337
40248,1,5.871465658567196
40253,1,2.2993366195840323
40264,1,5.867535338401417
40274,1,7.341204706929098
40276,1,12.368325366345601
40308,1,9.684531653493714
40313,1,9.082957122694403
40320,1,6.799758353908636
40322,1,12.051636891936532
40324,1,8.882214957372817
40325,1,5.320075028222931
40335,1,11.717234301489313
40337,1,7.144218291737296
40355,1,5.035795971841651
40359,1,12.829860477917784
40360,1,12.823192773259905
40368,1,15.09362568382275
40369,1,7.03384287882718
40372,1,12.692373761558436
40391,1,14.005222534280989
40394,1,5.304703171954486
40407,1,6.936952143913857
40410,1,6.702290339774017
40414,1,4.556987885148956
40415,1,4.2693257487104574
40441,1,12.632770880584367
40448,1,6.278889921653658
40458,1,14.13988055424442
40464,1,4.2592512305784425
40467,1,11.604519579859002
40468,1,8.577776692497544
40474,1,7.513819189174683
40479,1,7.425849950773191
40485,1,13.345963335095874
40487,1,13.064175406812133
40493,1,6.413154660421171
40499,1,12.552553109454806
40500,1,4.434751160089114
40501,1,6.935130513438686
40505,1,4.176872109095861
40513,1,6.008709005640199
40515,1,3.6522286127496884
40531,1,4.261782283597057
40534,1,11.72726912708444
40539,1,5.184341296563105
40540,1,4.92571288558991
40551,1,4.406627435107467
40555,1,12.539871208490005
40565,1,11.760871261717192
40583,1,9.055963289041536
40592,1,10.874469557363518
40595,1,14.76583973886094
40607,1,14.608403827677108
40625,1,5.527225103369041
40636,1,8.859968165854092
40640,1,5.469488768213623
40643,1,15.652406724355302
40647,1,10.54732480113212
40654,1,14.118937387115267
40671,1,15.480631427444912
40677,1,7.498271507280435
40679,1,15.039776804977308
40680,1,8.06594238410159
40683,1,14.965364513233283
40692,1,6.73168207615182
40707,1,7.403079172117479
40711,1,8.729972904517005
40734,1,16.909104430329137
40748,1,10.787066802633824
40752,1,7.908201025043347
40753,1,10.214027272263564
40762,1,9.146917511858177
40767,1,9.318982712628774
40769,1,13.40518941237245
40772,1,9.318982712628774
40774,1,14.281371078703273
40778,1,6.2154968659554655
40785,1,14.025648990427506
40805,1,7.5887454583804725
40825,1,9.70813240224512
40834,1,9.019327470830682
40847,1,7.928296591900853
40861,1,6.847026737465583
40874,1,12.636222447031159
40885,1,13.98227384995446
40893,1,13.229445496885987
40896,1,10.17928987348099
40901,1,13.540234285325852
40902,1,8.63816566298879
40904,1,12.443808856061814
40906,1,7.227566147223946
40913,1,14.724487939816825
40917,1,8.14806147858716
40932,1,8.051662197793028
40950,1,14.704508574716726
40955,1,5.951521817054143
40963,1,7.510834810702114
40965,1,9.484662252340001
40966,1,14.918761159797143
40969,1,6.208084523444178
40991,1,9.45745714209027
40992,1,5.676247600458559
40998,1,5.007305759690446
40999,1,7.025243303840348
41002,1,9.406495465722799
41007,1,12.815507825857566
41018,1,13.863789296440828
41033,1,13.700494292840837
41034,1,12.9713554735266
41040,1,13.253423116694762
41041,1,6.299307275346742
41052,1,6.040901820704313
41065,1,9.05345452079171
41070,1,4.275726954703863
41072,1,4.506823057290745
41080,1,4.532557568239696
41084,1,6.781173205687402
41085,1,7.015678781984306
41087,1,2.3022477036093676
41093,1,4.362967409922234
41096,1,3.9568325235784556
41099,1,10.13313273517408
41100,1,9.961038404390308
41115,1,3.886461811104617
41122,1,2.4550989733666952
41133,1,11.741019823181787
41135,1,6.15570355650636
41136,1,7.50910694956157
41141,1,4.110882133858787
41143,1,11.608696388721114
41144,1,5.850165679198234
41163,1,10.683061962571784
41164,1,11.039243696020485
41166,1,4.973640297683389
41169,1,3.512764162159989
41172,1,4.652590216945882
41173,1,7.879034026839143
41174,1,13.24837138715742
41182,1,11.765541739481712
41184,1,3.0219792995140793
4,2,-9.915986905818087
6,2,-9.357558018297269
12,2,-10.21255043681974
20,2,-9.924049497595142
21,2,-10.997120361813735
25,2,-10.145642258532902
26,2,-9.24159419941767
30,2,-10.039146457955255
32,2,-10.542546967051258
44,2,-10.914124454400145
47,2,-11.393987769208628
62,2,-12.147905473219325
63,2,-12.17434523984631
70,2,-10.689743239282983
77,2,-11.566187138425228
80,2,-11.769596107037579
81,2,-11.760972479844
82,2,-11.3126638336118
86,2,-10.747007973938935
88,2,-10.753046452431157
91,2,-9.907749708831517
104,2,-9.879065245735191
110,2,-9.229470626116814
118,2,-9.02997441401289
127,2,-10.211085098786185
133,2,-11.169065521057355
136,2,-11.528135583281085
138,2,-10.647433232598793
140,2,-9.676891560007427
145,2,-11.899037353558079
153,2,-10.370054333243303
162,2,-12.340443470772115
172,2,-10.260103823812493
177,2,-10.111791133571693
186,2,-11.542866737543058
188,2,-11.796035873664565
189,2,-9.766373119844062
211,2,-9.328475659927697
231,2,-10.636415284330447
238,2,-11.564925109315169
240,2,-8.65895554560879
258,2,-10.143511191162013
260,2,-10.042781358451442
265,2,-10.050417731195502
296,2,-10.899955493559084
299,2,-11.070999491834058
301,2,-11.818709399385519
313,2,-11.020793933340215
318,2,-11.441789689390355
330,2,-10.103545269779545
339,2,-11.145637902133743
351,2,-9.626442538357999
352,2,-10.264048606518578
353,2,-11.054058951303709
356,2,-10.652349665030016
376,2,-10.650866860060532
386,2,-10.085965812501357
397,2,-10.502253195711212
405,2,-10.314009343801125
416,2,-11.27883371712511
422,2,-11.71978842211498
425,2,-11.236100991320278
433,2,-9.470037503684935
436,2,-10.870882140357686
442,2,-12.078428009371045
447,2,-10.417573625371325
450,2,-10.445275421108377
464,2,-10.576793930398736
478,2,-8.2477730916858
487,2,-10.308321530934279
488,2,-11.4619476439618
490,2,-9.959010188355208
495,2,-11.46048444240462
504,2,-11.698836991160618
533,2,-11.305456191505243
534,2,-10.434852916773345
545,2,-10.186350730783921
551,2,-12.264196019222531
561,2,-12.108822631881004
573,2,-9.581369707538535
577,2,-11.525110775144078
584,2,-10.84067430122429
586,2,-11.069390450584159
595,2,-9.664218999945426
604,2,-9.368592138276888
613,2,-10.135219211374235
621,2,-10.67339104388779
624,2,-9.825978542765185
629,2,-10.489276688764015
630,2,-9.985449954982194
634,2,-10.28149737197684
636,2,-9.888599989607492
638,2,-11.123660013523278
642,2,-10.732303302108349
646,2,-9.925147771392787
649,2,-10.707892743826449
651,2,-10.25255497943376
653,2,-11.37500505231499
656,2,-10.731674817693111
668,2,-11.089273425206684
688,2,-11.522054507727475
710,2,-11.27901642487825
722,2,-10.782993616191447
723,2,-10.899206748499324
730,2,-10.52680943712793
732,2,-9.675825344913228
736,2,-8.576293684312127
744,2,-11.559119407438772
750,2,-10.742085944199694
752,2,-10.192696022355165
757,2,-11.881402053534472
770,2,-11.60862432340312
773,2,-10.249391438820524
776,2,-11.02053492985047
777,2,-11.039224455322334
804,2,-10.158154859720753
805,2,-10.471764675275729
809,2,-9.138169702807616
814,2,-11.130452150913179
820,2,-9.19231126517166
824,2,-9.712397075252134
835,2,-12.10512605485009
839,2,-9.22313623320062
842,2,-10.603203260157528
845,2,-11.84072796039451
849,2,-8.948990589053217
858,2,-10.976623242738057
867,2,-10.165686937537593
887,2,-10.45178226227872
890,2,-11.635381578378698
911,2,-10.764919733288082
915,2,-11.539767026788176
919,2,-10.0469316112994
927,2,-11.147404264725068
930,2,-10.03836292900322
933,2,-9.991251413329778
934,2,-11.142721473663869
944,2,-11.472087684899094
952,2,-10.525631983335607
958,2,-11.760773466750173
963,2,-12.162390789506041
974,2,-10.177200105081276
977,2,-9.93186033639973
993,2,-11.07253785559692
994,2,-10.975189542857656
1028,2,-9.148158438810896
1030,2,-11.511209452208057
1037,2,-9.450066280644648
1041,2,-8.366683631381967
1043,2,-11.35363055263435
1048,2,-11.852169137829655
1050,2,-9.767827648638225
1052,2,-10.230936656503609
1053,2,-10.769602524349288
1054,2,-10.49446109015313
1069,2,-8.373573044579913
1071,2,-8.568493589123491
1074,2,-10.056827127469383
1079,2,-9.569634652638435
1085,2,-10.554362000057097
1088,2,-8.47429313477192
1091,2,-11.376120487037
1095,2,-11.234368548506716
1096,2,-11.084883507988962
1112,2,-10.618969233241202
1120,2,-10.716321201746801
1136,2,-10.0469316112994
1140,2,-10.57206402864005
1142,2,-11.021679093673278
1154,2,-9.411404676484814
1159,2,-10.76195655593667
1160,2,-9.522338620314962
1167,2,-11.483116944360184
1175,2,-10.98381818335745
1177,2,-10.799001261175547
1186,2,-9.528492297561748
1192,2,-11.446507566389123
1199,2,-9.81728843891262
1201,2,-10.304568623348445
1208,2,-9.306169373599744
1210,2,-10.985080212467508
1218,2,-11.563080923421552
1220,2,-9.719371218650245
1222,2,-11.166035370297251
1224,2,-10.794682632291952
1225,2,-11.801340264206395
1226,2,-8.975493653177224
1239,2,-10.984889380194865
1241,2,-10.440127523126776
1244,2,-9.600001107880274
1247,2,-10.226463034041458
1249,2,-11.586118424253698
1256,2,-9.593369491933977
1259,2,-11.586118424253698
1261,2,-10.072592156762553
1263,2,-9.517501347096932
1265,2,-10.979837014926765
1279,2,-10.184877616073535
1292,2,-9.925957693231496
1300,2,-11.010661982955732
1308,2,-10.340122452643953
1330,2,-10.014315646344173
1357,2,-9.853011739373038
1359,2,-11.151125662719728
1366,2,-11.849901263974822
1372,2,-9.458232035701926
1373,2,-10.188453437730878
1374,2,-11.068784713750453
1383,2,-10.127652758725375
1384,2,-11.481003608740437
1393,2,-10.008630353302529
1397,2,-10.88258635837996
1398,2,-9.70889138589633
1423,2,-10.761793863294486
1428,2,-11.656519102591616
1431,2,-10.278246279199323
1432,2,-10.386492562569941
1438,2,-10.933694421994765
1441,2,-9.898547733619452
1443,2,-10.847111220580203
1458,2,-10.992183078024937
1486,2,-9.869904400041754
1488,2,-9.673747125362453
1492,2,-10.73041517841505
1503,2,-11.689658018516319
1507,2,-12.047624665912416
1509,2,-11.371132234936141
1512,2,-11.635552054104203
1518,2,-11.010347262804636
1520,2,-11.113768817444438
1522,2,-10.410279799506021
1526,2,-9.959234907093936
1534,2,-9.76252465026154
1543,2,-9.880180033689285
1545,2,-9.373149288721947
1549,2,-10.145625033945791
1560,2,-11.78384683867366
1576,2,-10.835667782078374
1580,2,-9.726723507162838
1582,2,-11.344772253697279
1615,2,-10.531886348549506
1618,2,-9.70214586866971
1631,2,-9.922638173337518
1637,2,-8.314402911644379
1642,2,-11.09775300241737
1650,2,-9.050818126363573
1652,2,-9.827256583323688
1661,2,-11.055194279776387
1668,2,-11.428894272058919
1669,2,-10.300120135318181
1671,2,-11.036553687302309
1672,2,-10.279442490043046
1680,2,-10.735414122419591
1683,2,-10.98829346214984
1686,2,-9.155191037217037
1693,2,-11.803361160440382
1697,2,-10.66217890157968
1701,2,-10.957586359408126
1707,2,-8.06917388740495
1708,2,-10.64733954112313
1719,2,-10.671312339735529
1720,2,-11.147758471947292
1735,2,-11.411185100265087
1738,2,-10.618151977837258
1743,2,-10.828231041460981
1744,2,-10.027414642616087
1748,2,-9.412966739112292
1754,2,-11.043724081464191
1760,2,-11.517883662808075
1763,2,-9.39888925758968
1773,2,-10.52375442552865
1776,2,-10.290349788354
1777,2,-9.293668839507525
1783,2,-10.168203887115354
1792,2,-11.832738598945767
1796,2,-11.21049358447501
1802,2,-10.137491006493697
1807,2,-10.062325700369392
1812,2,-8.962054991853869
1813,2,-10.337117251110143
1825,2,-10.626844876277168
1844,2,-9.94830178723236
1846,2,-10.842280209108836
1847,2,-10.567825144720025
1851,2,-9.479615314665175
1852,2,-10.836232988577507
1858,2,-10.579638923488204
1866,2,-11.853465997549556
1877,2,-10.839282030211251
1882,2,-10.416158824221299
1886,2,-10.084940984548716
1887,2,-9.73859616485764
1888,2,-9.424816853923119
1889,2,-11.141631486544732
1903,2,-9.870635923954026
1915,2,-10.997774835546338
1932,2,-9.992454426659066
1935,2,-10.195580118117135
1938,2,-11.22440523343041
1940,2,-11.45989042741553
1947,2,-10.02028225609152
1948,2,-10.848884882756117
1949,2,-11.168842965245481
1956,2,-11.213446716564711
1962,2,-11.159874782517704
1967,2,-12.218190998350757
1974,2,-9.79058936944282
1980,2,-11.007847201105747
1988,2,-12.474567508353815
1995,2,-12.382798497850537
2008,2,-11.474796569210774
2010,2,-11.755303037654201
2018,2,-10.090036752186407
2022,2,-11.117925815816058
2037,2,-9.285223414990973
2040,2,-11.196858599102754
2045,2,-11.023560128440721
2048,2,-10.7182276169614
2051,2,-10.946692284602165
2053,2,-11.853300608320524
2055,2,-10.133012916658132
2057,2,-10.859375738748135
2083,2,-11.978590610019062
2085,2,-10.14317949502437
2097,2,-10.582297396903826
2111,2,-9.465671207103924
2117,2,-9.001737269880671
2122,2,-11.087538499929671
2134,2,-11.929233837171807
2142,2,-11.156660335377246
2159,2,-11.496165208334418
2177,2,-10.076802687377196
2180,2,-10.960745307131283
2183,2,-10.106083554787347
2187,2,-10.510878232679147
2200,2,-12.285547841303739
2208,2,-12.607977391917913
2213,2,-9.541150443229718
2220,2,-11.366837296147331
2221,2,-10.128113293030076
2227,2,-10.991495799685843
2230,2,-11.760910467166262
2231,2,-11.116911768975555
2236,2,-11.820017201906502
2238,2,-10.759959168419968
2243,2,-11.619417979365629
2244,2,-10.025014741242437
2249,2,-10.78791611004528
2261,2,-9.769934913972072
2262,2,-9.878630390146526
2263,2,-11.031818419700386
2277,2,-10.600492762381151
2280,2,-9.15077553360981
2285,2,-10.05145714595401
2288,2,-9.672278310790546
2296,2,-11.97701209215382
2306,2,-10.699610485297619
2315,2,-10.594903945678048
2316,2,-9.59278856891872
2320,2,-11.179183123630196
2321,2,-10.165353445927039
2326,2,-11.744092852115294
2329,2,-9.963665082075053
2331,2,-9.996353363340994
2332,2,-9.700786744334415
2334,2,-9.826804791437155
2336,2,-10.510301009928774
2346,2,-8.973448554740223
2358,2,-10.210157270915637
2359,2,-10.853040742025904
2363,2,-11.703076711150189
2370,2,-9.606913468962361
2372,2,-10.236574323017997
2377,2,-11.05927118416772
2381,2,-9.577486552489134
2393,2,-11.416466399065072
2401,2,-11.610677126793206
2403,2,-9.678130305516902
2424,2,-9.82002864101198
2426,2,-11.758490824907334
2427,2,-11.667941861449151
2440,2,-9.859114690718215
2446,2,-10.00949918784061
2449,2,-10.025606065908725
2453,2,-9.0082127575875
2456,2,-11.494324381721427
2458,2,-9.394595153979516
2460,2,-8.973213297337502
2465,2,-8.146787519987576
2468,2,-10.82260077791286
2479,2,-8.582138954472569
2482,2,-11.236771521144433
2483,2,-9.16306583327004
2484,2,-11.68215369173334
2490,2,-12.277234360661318
2496,2,-11.118758182520935
2497,2,-9.969580361163054
2507,2,-11.607167263919798
2508,2,-11.00385517271198
2511,2,-9.379494565944363
2519,2,-10.57847303622625
2527,2,-10.994146183683164
2530,2,-10.70553728026293
2533,2,-11.745354881225367
2534,2,-11.08207316149582
2538,2,-9.997866731988253
2545,2,-9.372383035857226
2554,2,-11.60311393774301
2557,2,-12.148300739946784
2560,2,-10.331026382409839
2575,2,-9.265657666838507
2576,2,-9.766455678307324
2577,2,-9.996111031022146
2578,2,-11.089083154356345
2582,2,-9.877412722810902
2588,2,-10.153528987654298
2591,2,-10.256300452811985
2593,2,-12.065959790977509
2601,2,-8.920270317742762
2609,2,-10.082433148422105
2622,2,-10.117841711304422
2629,2,-10.202625193098797
2634,2,-11.437877522963738
2639,2,-10.673061703399
2665,2,-11.127312863809273
2671,2,-9.356418167090432
2677,2,-11.349102723134223
2688,2,-11.818904940792855
2695,2,-10.528038782034898
2697,2,-12.06435229850296
2702,2,-9.67173205302317
2705,2,-10.822448659026982
2714,2,-10.889981423622324
2722,2,-11.848338355215773
2731,2,-10.13400743309002
2740,2,-10.56900689522437
2744,2,-8.947149428539163
2752,2,-9.592076356180996
2759,2,-11.17006810651472
2769,2,-10.377646104560043
2770,2,-10.43823002718269
2773,2,-10.638362095409327
2776,2,-11.107926156659296
2778,2,-10.350354295994123
2788,2,-11.193659676224932
2790,2,-10.338237206290785
2798,2,-10.595446661851355
2799,2,-10.240337966483686
2809,2,-9.857960760805696
2814,2,-10.296665341274021
2838,2,-10.449799299288202
2839,2,-10.968075457296464
2851,2,-10.56723463502044
2854,2,-9.917378653921197
2856,2,-10.56900689522437
2862,2,-10.327490309302988
2865,2,-11.609134994560073
2868,2,-10.321115932212194
2869,2,-10.792594882052974
2874,2,-11.04463003006709
2886,2,-10.4786484101948
2887,2,-9.493274538920495
2895,2,-11.414644385468634
2900,2,-12.156121309006231
2909,2,-11.228723070045483
2920,2,-11.61861368199748
2927,2,-11.148350449099354
2947,2,-11.160527873370768
2949,2,-11.236105374069723
2963,2,-12.083303035248427
2970,2,-10.741641464521209
2974,2,-12.39549728611609
2975,2,-10.589588331676644
2990,2,-12.097616685055534
2994,2,-10.290290964183221
3009,2,-11.732582823392889
3020,2,-11.370704881901013
3035,2,-11.10080579737452
3039,2,-10.23602753264646
3040,2,-9.728618539554013
3044,2,-10.198102643855421
3087,2,-10.09211913437808
3092,2,-11.713496896414092
3104,2,-10.193762433271964
3106,2,-10.570076426484391
3111,2,-10.714515253056433
3114,2,-9.469219217067902
3120,2,-9.31661073350326
3124,2,-11.02571042707848
3130,2,-11.035608139315137
3134,2,-10.53132732178836
3136,2,-10.87220232228735
3140,2,-11.682959849997403
3142,2,-10.42833736588117
3144,2,-10.700156990314412
3149,2,-11.310671617355254
3151,2,-10.46764817738535
3171,2,-10.572005345916779
3174,2,-10.89364719069146
3182,2,-11.037938800527186
3192,2,-10.871925282340008
3196,2,-9.840701925623513
3200,2,-11.008182838613955
3209,2,-10.213099127867395
3227,2,-10.285157158186472
3235,2,-9.861672968874252
3237,2,-10.45552523187255
3243,2,-10.77358879663852
3245,2,-10.461782108007291
3268,2,-10.058286147005433
3270,2,-10.63216796423933
3276,2,-9.845765802608668
3282,2,-10.828579438433692
3287,2,-10.909803375567712
3292,2,-10.555637493654075
3296,2,-11.778138661303409
3303,2,-9.90430630246177
3304,2,-10.624156254754752
3308,2,-11.692027311723031
3313,2,-11.143738038768468
3325,2,-10.016873599424741
3343,2,-10.905168081242415
3347,2,-11.168912289309901
3353,2,-10.331162773577944
3354,2,-10.943436634786266
3364,2,-12.254569641527318
3376,2,-11.462747219655
3377,2,-11.490449015392052
3379,2,-10.073960772098516
3380,2,-11.153108050288104
3392,2,-10.852054591408418
3408,2,-8.604566276515037
3409,2,-9.955979828654392
3410,2,-10.347251140525152
3411,2,-11.41586370896512
3420,2,-9.136513348299125
3423,2,-9.685529393084252
3427,2,-12.744690270816307
3445,2,-11.647734874469982
3453,2,-11.271703733056668
3455,2,-11.125377893033011
3461,2,-9.978130055658262
3472,2,-9.98014519916375
3477,2,-11.277518213895263
3484,2,-11.45410365424933
3490,2,-11.968536911654795
3492,2,-10.659668056039564
3493,2,-9.872305795319292
3500,2,-9.55339097993258
3507,2,-10.986226235424354
3508,2,-10.287165094189625
3519,2,-9.133743959531401
3524,2,-11.4794130876611
3528,2,-9.935696476989868
3532,2,-11.804811958072783
3541,2,-10.386517525280432
3547,2,-9.895387978647861
3548,2,-9.484623248060721
3551,2,-10.81261372066146
3554,2,-10.293213116457771
3561,2,-9.580676375295113
3564,2,-10.156959706025539
3565,2,-9.878431742333916
3569,2,-10.525744813726782
3578,2,-8.555944786385453
3581,2,-10.425853182566698
3582,2,-11.234108409044097
3597,2,-10.299892557669821
3599,2,-11.82541634954594
3608,2,-10.122498592005762
3611,2,-10.424966879126401
3613,2,-11.135107883478987
3620,2,-9.313938207391743
3625,2,-9.75852464696959
3627,2,-10.727129901859442
3630,2,-11.318069342285249
3636,2,-9.79217092667814
3637,2,-11.22905591633861
3640,2,-10.253352666598168
3644,2,-10.5223137702082
3645,2,-11.343720784952843
3651,2,-11.169470796858171
3658,2,-10.966707368536454
3664,2,-11.065013731402551
3671,2,-11.110437244881169
3686,2,-10.585611771310198
3687,2,-10.529743282540537
3693,2,-9.798135362655266
3703,2,-9.165632397120547
3714,2,-9.95688548859961
3715,2,-9.426245835614566
3723,2,-10.342065523677576
3724,2,-12.303690835312523
3725,2,-9.660104397734337
3727,2,-11.25206872831243
3729,2,-9.904871508960902
3744,2,-10.207195846614304
3746,2,-11.313620110894838
3749,2,-10.404427936094699
3753,2,-10.049287358930592
3755,2,-9.984013029350066
3759,2,-9.904871508960902
3762,2,-10.873065923270211
3764,2,-10.367721795456148
3767,2,-9.192072163747532
3773,2,-11.06486432228391
3774,2,-8.657371540574609
3778,2,-10.664719767383524
3779,2,-11.192537274086902
3781,2,-10.772912538321272
3784,2,-10.102599923380843
3785,2,-10.418932426153674
3787,2,-9.959488831920183
3789,2,-9.387986829922205
3792,2,-9.775521819658948
3793,2,-9.363360811540488
3802,2,-12.358066354256586
3807,2,-9.363360811540488
3808,2,-11.140994195227009
3825,2,-10.394385102831514
3860,2,-11.0362537429937
3867,2,-9.747767225563571
3878,2,-10.418079840503992
3886,2,-10.280852688256871
3887,2,-11.082780069360226
3889,2,-11.549306117384901
3894,2,-10.411222060721336
3899,2,-12.36054359521679
3912,2,-10.471382317272926
3913,2,-10.416020515059088
3915,2,-9.487590540405222
3928,2,-11.453066782462052
3929,2,-10.042872228348571
3930,2,-12.185070083430595
3950,2,-10.224326476733061
3952,2,-9.671257058504082
3956,2,-10.008506492255691
3957,2,-12.173837614040352
3968,2,-11.043887824569893
3973,2,-10.864756679694544
3980,2,-9.22248515702482
3981,2,-10.429471997777881
3990,2,-11.195505287684334
3992,2,-12.2178682838871
3995,2,-10.44681411946047
4004,2,-12.285985493446326
4005,2,-12.008568468214548
4011,2,-9.792812886471047
4013,2,-10.082605040633666
4022,2,-10.264792238314804
4032,2,-11.834994234043869
4036,2,-11.559956407930855
4041,2,-10.095650205504171
4045,2,-9.407217919459114
4047,2,-10.041569374053871
4050,2,-10.628415363566617
4053,2,-10.106916271566995
4056,2,-9.958274608336687
4062,2,-10.230500431950404
4072,2,-9.977992905248847
4081,2,-9.792812886471047
4088,2,-12.243192814225317
4091,2,-11.003590518147433
4094,2,-10.21932643779612
4106,2,-11.371221131789397
4114,2,-11.125636600337522
4125,2,-9.434104942429606
4138,2,-9.952428931918497
4142,2,-12.277281758558786
4145,2,-10.159890335427704
4150,2,-9.123869919012677
4159,2,-11.724987523146957
4161,2,-11.641952634636837
4166,2,-12.075728961354784
4171,2,-10.296659271238568
4176,2,-12.278825595899548
4180,2,-11.912615961864987
4183,2,-11.122814571149853
4190,2,-9.335565074712171
4199,2,-9.669007770873407
4200,2,-11.614846209734054
4215,2,-10.176510991207088
4217,2,-11.901249171850871
4249,2,-10.985542648778996
4252,2,-10.275328890825612
4260,2,-10.803050424483821
4264,2,-10.285373642110635
4269,2,-9.985628519756702
4274,2,-9.68869627880541
4278,2,-11.745354881225367
4279,2,-10.541353707804333
4301,2,-11.20314068666464
4310,2,-10.921029768100986
4319,2,-10.573056471456418
4329,2,-9.937451393369798
4330,2,-9.855302135537173
4346,2,-9.85190583113016
4369,2,-10.85878809856473
4370,2,-11.218314364730098
4400,2,-11.654828870776797
4404,2,-11.218016775070879
4405,2,-10.52398198452616
4407,2,-9.854238446665
4415,2,-12.475219084797594
4418,2,-11.004996759917432
4425,2,-12.522791571466236
4431,2,-11.8043858271906
4432,2,-11.610677126793206
4436,2,-10.695956825724899
4447,2,-9.719633182676567
4449,2,-11.252365780905684
4450,2,-9.014427165748039
4452,2,-10.499386541407674
4457,2,-10.515958495239623
4475,2,-10.55925128124857
4478,2,-10.092966830378082
4488,2,-11.288107217057643
4490,2,-11.353419618528342
4507,2,-10.549826698960992
4509,2,-11.034196104192596
4513,2,-10.443119595283058
4515,2,-10.984596482415142
4519,2,-10.611107935395708
4520,2,-10.61068529276595
4527,2,-9.928141673318493
4532,2,-10.434669143988408
4545,2,-11.401444405585224
4547,2,-10.001616127364407
4551,2,-10.721676992158308
4556,2,-10.342622570211944
4560,2,-11.34813975523474
4563,2,-11.344707677282571
4566,2,-9.96967126439516
4570,2,-10.420440041841822
4580,2,-11.218016775070879
4584,2,-11.014727620135446
4586,2,-11.366860468789909
4588,2,-10.08768352162597
4595,2,-9.985040971716892
4598,2,-9.646129798374432
4609,2,-10.122247559670328
4610,2,-12.085104135008777
4611,2,-10.230444611100104
4625,2,-10.132494287640412
4633,2,-10.531929006512328
4639,2,-11.074787502756699
4640,2,-10.89100755422264
4654,2,-9.410834345349357
4658,2,-10.904119675686154
4664,2,-8.999744012480754
4666,2,-10.610660299672276
4667,2,-10.472841491033165
4670,2,-9.463142141097563
4671,2,-10.664801862036313
4673,2,-10.112712315677854
4674,2,-10.968075457296464
4675,2,-10.690046438564096
4683,2,-9.938257140484339
4687,2,-11.177281356844261
4689,2,-10.782761131619871
4711,2,-11.766451169300232
4712,2,-9.471930751349504
4719,2,-10.291336627506922
4738,2,-11.80475933525743
4742,2,-11.63033799125327
4746,2,-10.158842049071083
4759,2,-10.361988157543337
4772,2,-9.120544718352399
4778,2,-11.881894760844972
4784,2,-11.403584677126489
4806,2,-11.031466221504296
4818,2,-10.826328679681929
4823,2,-10.307812109267175
4824,2,-10.043463221295312
4854,2,-10.320477719766998
4855,2,-10.480624267317161
4864,2,-10.451061328398268
4865,2,-12.179739763953641
4875,2,-9.59891933875037
4877,2,-10.899488699443083
4884,2,-9.339826924128957
4897,2,-10.634423368205873
4906,2,-11.339961457250702
4907,2,-10.198102643855421
4913,2,-10.151918103130164
4918,2,-11.005593613816323
4920,2,-10.793175076271297
4927,2,-11.11520377016656
4937,2,-11.471166002672767
4944,2,-10.300407109904299
4945,2,-9.436702374470578
4955,2,-11.821773116557551
4957,2,-11.806306834797674
4959,2,-10.534765829681199
4964,2,-11.242848282246072
4975,2,-10.43086673135452
4979,2,-11.514200567677797
4986,2,-10.01964039841716
4989,2,-10.875468705728359
5007,2,-11.268971272875568
5008,2,-10.392224411791226
5011,2,-10.207306376317966
5013,2,-9.686194006070906
5046,2,-12.079527666747936
5048,2,-12.025028840562442
5052,2,-10.665659244296684
5059,2,-10.899955534852637
5064,2,-10.25458111319697
5070,2,-10.112766501747089
5073,2,-11.567048171939994
5075,2,-11.401290708818372
5078,2,-10.909619501098518
5096,2,-10.255237356915003
5098,2,-11.171791181682657
5103,2,-9.80561950825934
5105,2,-11.013550702095152
5115,2,-11.712743347133312
5119,2,-10.199850579927649
5121,2,-10.843128452339272
5125,2,-9.854570553332167
5130,2,-10.908864835772292
5132,2,-10.535062893989704
5162,2,-11.253114093059658
5165,2,-11.121159102247312
5175,2,-10.940267601909468
5180,2,-9.314271064642554
5182,2,-11.244490465866079
5189,2,-10.0021221655077
5200,2,-10.989051016152544
5218,2,-9.59960661532699
5223,2,-10.1394402249541
5225,2,-10.095789549594322
5227,2,-10.607923352611074
5228,2,-10.656625984764311
5233,2,-12.48522621107557
5235,2,-12.114671168262454
5236,2,-11.56501428546715
5246,2,-10.230402555552928
5254,2,-11.703572245375405
5261,2,-9.854138068201152
5262,2,-11.381216466364208
5267,2,-11.85919837495392
5268,2,-12.288781127735
5269,2,-11.33839703841442
5278,2,-9.18440974337576
5285,2,-11.431872415274754
5291,2,-12.25513484802645
5307,2,-10.660593770711237
5311,2,-10.198216401771425
5322,2,-11.332836297898929
5324,2,-10.652741988796002
5327,2,-9.822212485830917
5329,2,-10.496095009691132
5331,2,-11.395661773070366
5335,2,-12.454879358660804
5337,2,-12.928926372389412
5345,2,-10.978414032781814
5348,2,-9.288978516747363
5353,2,-10.568297060077661
5357,2,-10.019643310591647
5380,2,-9.815444165904566
5383,2,-10.162625238802619
5384,2,-10.275533475128348
5386,2,-9.543150011826746
5395,2,-9.488002515156907
5403,2,-11.27736367996102
5404,2,-11.726958780468152
5409,2,-10.926395301479623
5422,2,-11.977033812660387
5427,2,-10.911996766497346
5433,2,-10.75949185508864
5436,2,-10.785162072350374
5441,2,-10.511290207430825
5443,2,-11.123182073901937
5451,2,-10.665290801577328
5460,2,-9.499397003955828
5465,2,-9.7067616068815
5467,2,-12.343849373657541
5468,2,-11.383855677041453
5477,2,-10.22756403593899
5479,2,-10.350477851113723
5480,2,-11.689878055184117
5484,2,-10.642727135265197
5488,2,-10.133012916658132
5489,2,-10.926611811143175
5494,2,-9.744658953375662
5501,2,-10.682713057156043
5523,2,-10.871497557896028
5527,2,-10.936820539609322
5539,2,-12.276839093933852
5542,2,-9.982066725628705
5549,2,-10.460229913791437
5556,2,-12.211509850057574
5563,2,-12.303278860560845
5569,2,-10.120146745855699
5572,2,-10.488512565960448
5582,2,-10.037472262335058
5593,2,-11.054058951303709
5594,2,-9.822375825389948
5597,2,-10.28617675997313
5603,2,-12.018464226698832
5619,2,-8.819191410716229
5620,2,-11.769596107037579
5630,2,-9.884561838765343
5632,2,-11.541070706161989
5650,2,-10.704298449592358
5660,2,-8.772979458745802
5661,2,-11.406705589629055
5671,2,-10.380844189865279
5679,2,-10.608886494885581
5680,2,-10.468273483766808
5689,2,-10.527280389298092
5691,2,-10.656892641332995
5693,2,-11.474680119629276
5704,2,-10.723929768614042
5707,2,-10.697490001987049
5708,2,-11.59833544081794
5719,2,-10.079593955749047
5720,2,-11.771105560369541
5733,2,-9.092191527719315
5741,2,-10.645548446944773
5746,2,-11.506739115597092
5758,2,-11.81873511806998
5760,2,-10.511680525408806
5772,2,-11.381703643054834
5784,2,-11.86892429702013
5786,2,-12.171523928166728
5787,2,-11.866354641758456
5794,2,-10.296659271238568
5796,2,-11.154305168244989
5800,2,-9.818651215567613
5813,2,-9.818651215567613
5822,2,-11.18003483380621
5827,2,-9.502104324482431
5835,2,-12.414919114160853
5840,2,-9.414822752953214
5852,2,-10.848563830591004
5853,2,-10.898910015406123
5866,2,-10.545188307881226
5871,2,-11.565276417001584
5874,2,-10.577052608987323
5884,2,-10.25551907896974
5894,2,-11.045165156742947
5896,2,-11.038401004287003
5902,2,-9.53215138102464
5909,2,-10.67170969613727
5910,2,-10.537317999306126
5917,2,-10.278791619181028
5925,2,-10.987740497464976
5931,2,-10.41132986032239
5937,2,-12.201034307009195
5939,2,-11.648740071597366
5941,2,-10.327999730970099
5946,2,-10.461070547756535
5947,2,-10.125560155480429
5949,2,-10.136707318406039
5956,2,-9.819690366767844
5958,2,-9.986850320436162
5961,2,-11.089273425206684
5962,2,-11.027759428495429
5969,2,-11.34544211339609
5973,2,-11.108843013374063
5981,2,-10.831859484317505
5992,2,-9.928185220326242
5993,2,-10.590214613631368
5999,2,-8.71394949419976
6000,2,-12.09809778829672
6006,2,-11.389092788755868
6010,2,-10.113207400806495
6017,2,-9.519613027996186
6022,2,-8.79765399548269
6029,2,-9.189673741072426
6030,2,-10.540360813020236
6034,2,-11.221560857949655
6036,2,-10.642529936427444
6045,2,-11.930044954206522
6052,2,-10.520062360226795
6066,2,-9.959695828839685
6069,2,-9.62938288661374
6072,2,-12.365111429238262
6090,2,-10.938217390694767
6091,2,-10.536096640603887
6095,2,-10.540360813020236
6097,2,-10.709272195414357
6113,2,-10.163147085033025
6115,2,-10.65332440098399
6116,2,-9.802397875522189
6119,2,-9.822855370473263
6123,2,-9.229942206758167
6124,2,-10.550354163771757
6125,2,-11.565705183087253
6140,2,-9.83793461474513
6142,2,-9.178150995412416
6160,2,-9.404453675657699
6162,2,-10.836798553344025
6177,2,-10.67661849259136
6184,2,-9.98603021624335
6190,2,-10.309263634517343
6199,2,-10.010753567772959
6209,2,-9.970033083574009
6226,2,-9.197351965541216
6230,2,-10.800183209778858
6237,2,-10.839156821083485
6242,2,-10.35626199516173
6248,2,-9.455821263129856
6249,2,-11.313441606253612
6254,2,-11.688691946862185
6273,2,-10.894063287999977
6282,2,-9.780181472034002
6284,2,-10.972824790981143
6299,2,-9.806214602972148
6309,2,-10.732262830081687
6316,2,-10.937319670742951
6322,2,-10.160368635016397
6330,2,-9.73571780060491
6331,2,-11.387797140474511
6338,2,-10.437798459870606
6344,2,-9.928585911498345
6355,2,-11.88005463666444
6360,2,-11.478298280109712
6364,2,-10.645325075738207
6374,2,-12.338234010468689
6380,2,-10.180455888282332
6383,2,-11.69562471794643
6391,2,-9.621636387612618
6406,2,-11.475658574371224
6410,2,-12.188534348577825
6424,2,-11.098390136090508
6428,2,-10.673499574108206
6429,2,-10.31684281821751
6430,2,-10.924730075198667
6436,2,-11.304878865805826
6440,2,-12.042102408351568
6445,2,-11.107926156659296
6449,2,-10.340562911071338
6452,2,-11.765174002731143
6454,2,-9.832657728349822
6456,2,-10.953516892057017
6478,2,-10.942309237741085
6487,2,-10.698448141744862
6490,2,-9.465877789288477
6500,2,-9.856013091211146
6503,2,-9.992410363122659
6505,2,-8.973589195166142
6508,2,-9.660806469726708
6512,2,-12.536398618022666
6523,2,-9.562181356930616
6524,2,-9.97364393297083
6526,2,-11.780016975549792
6528,2,-10.589637787449028
6529,2,-10.605466640759332
6530,2,-10.785630701290273
6538,2,-9.941380312776246
6557,2,-11.237367403179789
6563,2,-9.813411858021077
6569,2,-11.583555767862755
6585,2,-9.969082108513298
6587,2,-10.413655822621728
6590,2,-11.859134854201493
6592,2,-9.307670774275138
6611,2,-11.183547206965741
6616,2,-9.617497191846397
6621,2,-11.028644909824713
6631,2,-10.473864949034443
6637,2,-10.973134205770052
6639,2,-10.45630924437534
6649,2,-11.472260427811001
6655,2,-11.375009771264203
6656,2,-11.034809741077119
6658,2,-10.724266086108805
6682,2,-11.58751110669715
6688,2,-11.20286312733247
6692,2,-12.215516308822721
6701,2,-10.99619398404792
6709,2,-10.25949792918432
6720,2,-10.819317253239063
6721,2,-11.308914353577954
6723,2,-8.816026078162302
6724,2,-11.329956416015683
6725,2,-11.675318088736937
6730,2,-11.14281284211662
6738,2,-10.165788267328423
6754,2,-9.473744499594773
6755,2,-10.400562641810936
6757,2,-11.267563886793525
6761,2,-10.819846436099517
6773,2,-10.424478659256806
6775,2,-9.680768250961393
6786,2,-12.01321259326167
6799,2,-12.223632771632268
6804,2,-10.466005395732957
6805,2,-11.976047983050393
6812,2,-9.701658040462313
6819,2,-11.687269710534288
6826,2,-11.30978610149441
6827,2,-10.007828281867333
6831,2,-11.337418084244646
6836,2,-8.867146844327912
6840,2,-11.132052237412651
6847,2,-10.943270164086933
6852,2,-11.127312863809273
6858,2,-11.030062207262475
6859,2,-10.41710455964892
6866,2,-11.592074347095142
6876,2,-11.53342744316054
6882,2,-10.389539104613277
6898,2,-11.169770285448678
6903,2,-11.12228308225913
6910,2,-10.562599143597666
6911,2,-12.029631058271406
6918,2,-12.0196766168961
6928,2,-11.851623782805902
6933,2,-10.157859852170759
6937,2,-11.657297825412165
6940,2,-11.919612808880984
6953,2,-10.2286383304236
6963,2,-10.542873013803671
6965,2,-11.06811315837706
6997,2,-10.454602673887855
7023,2,-10.23138465673464
7026,2,-10.634101833880173
7043,2,-9.975316413456326
7062,2,-11.733691493457833
7079,2,-11.229856331784205
7080,2,-10.219212835791922
7081,2,-10.638144721843808
7092,2,-10.45450619272318
7096,2,-11.873825123641303
7098,2,-11.844584000806925
7100,2,-9.716366273748577
7106,2,-9.924406426906444
7110,2,-10.04619568147642
7116,2,-10.937429337146192
7121,2,-10.121426247457045
7126,2,-11.380693547446057
7130,2,-11.78075309551916
7132,2,-10.323634979245519
7138,2,-10.887957925496515
7143,2,-11.363896984583448
7155,2,-11.004261274165557
7158,2,-10.297704985778239
7160,2,-10.19725129998725
7164,2,-10.847178731565073
7167,2,-11.89335854266752
7168,2,-11.406468726115584
7178,2,-9.831997431716623
7179,2,-10.612863047673272
7188,2,-9.265544948494558
7189,2,-10.322355249938624
7203,2,-11.068116988462023
7226,2,-9.414183616016572
7227,2,-11.670550473058846
7235,2,-10.753438312916892
7237,2,-9.749464423022445
7257,2,-10.049500399348723
7258,2,-9.950642497970875
7264,2,-10.845762555660357
7265,2,-9.259394473904585
7268,2,-11.560713516880483
7273,2,-10.83738540854079
7280,2,-11.938796370144033
7290,2,-9.4129215869065
7291,2,-12.56893882875935
7297,2,-11.537514464311172
7320,2,-10.089340326593337
7330,2,-8.708378002093092
7332,2,-9.298852827650272
7337,2,-10.125200278998918
7343,2,-10.120284209476566
7346,2,-9.550100590526384
7351,2,-10.153594154563152
7361,2,-11.441414733173126
7363,2,-11.115636032240559
7389,2,-9.38198378671941
7390,2,-11.363990664739944
7393,2,-11.115636032240559
7395,2,-9.253789634034483
7396,2,-9.981623042990933
7397,2,-10.37239708076963
7402,2,-9.909768656518828
7412,2,-9.134977565449852
7416,2,-10.72630574820505
7421,2,-9.605776918549118
7423,2,-8.943487998594094
7424,2,-9.281324427441156
7434,2,-9.831731179483832
7442,2,-9.924467706630878
7456,2,-11.416365926554015
7460,2,-9.70252931203487
7489,2,-9.261987526371591
7490,2,-9.829751080726815
7503,2,-9.827859564233641
7510,2,-9.80513419254548
7514,2,-9.53913888819664
7517,2,-9.694615194821033
7521,2,-10.059577950387975
7530,2,-9.169677779702987
7533,2,-9.017296983707041
7541,2,-9.812403307548166
7542,2,-10.548238238807016
7547,2,-9.169677779702987
7553,2,-10.346471103813535
7566,2,-9.757160761721131
7586,2,-10.45488304701373
7593,2,-9.969192408564659
7597,2,-9.580426344981682
7607,2,-9.317486726153646
7611,2,-10.528732552151553
7619,2,-9.988294674574348
7621,2,-10.93901813794161
7628,2,-9.916282606828709
7631,2,-10.83816576610964
7641,2,-10.736593274405266
7644,2,-10.275774908638063
7645,2,-10.138552150663614
7651,2,-11.688374912468255
7655,2,-10.264429441637986
7661,2,-11.071098599381827
7664,2,-10.106477877167563
7665,2,-10.07390814692949
7666,2,-11.287069202834076
7672,2,-10.161548101111599
7678,2,-9.017483997738204
7687,2,-9.633934362650876
7708,2,-9.34657457684549
7711,2,-9.999936535986002
7713,2,-9.711015084029427
7717,2,-9.239838430539855
7722,2,-10.780072938638455
7726,2,-11.57967100840198
7746,2,-8.963460467448044
7747,2,-10.70928921637919
7749,2,-10.739812764663995
7755,2,-10.699408110482672
7771,2,-7.586701055285253
7775,2,-8.845093738720578
7779,2,-4.662196030231854
7785,2,-6.907149315838893
7788,2,-8.066169967963297
7797,2,-7.822370130528249
7798,2,-6.880808399679992
7807,2,-6.972693920912128
7810,2,-6.631767953326452
7815,2,-4.813600589390823
7819,2,-6.719579694932683
7823,2,-6.652766600950855
7825,2,-6.27492919855284
7837,2,-6.921137369785768
7838,2,-7.9000204123938715
7840,2,-6.985755984381079
7852,2,-8.443137861187637
7855,2,-7.50405625923203
7861,2,-6.445110345191907
7865,2,-7.274234908591083
7877,2,-6.665097133151384
7899,2,-7.054768416604148
7903,2,-6.4146171730434105
7906,2,-5.875488320002127
7908,2,-5.342752228085992
7918,2,-6.167052508024369
7921,2,-7.956244020683975
7928,2,-7.684142544104709
7934,2,-6.771500708776081
7936,2,-5.899982114358416
7938,2,-7.336707377002277
7940,2,-6.908654929628327
7944,2,-7.187056854299058
7945,2,-8.13236277160749
7947,2,-6.441056939670396
7948,2,-6.307471485172556
7965,2,-5.837702167084231
7976,2,-6.743601811726542
7978,2,-6.987569732626348
7981,2,-5.866210600628108
7982,2,-6.47339981311152
7983,2,-7.188618001068733
7984,2,-7.61333165418489
7989,2,-6.5319820263217565
8001,2,-7.082641784938339
8002,2,-7.13449843908549
8004,2,-7.993166298576391
8007,2,-6.150159029894745
8016,2,-6.4945811277631975
8048,2,-8.067129657824125
8054,2,-6.940456793872933
8063,2,-6.143880868345555
8064,2,-7.532326528921104
8076,2,-7.173839594081734
8078,2,-6.444630757168866
8081,2,-7.202688352774146
8088,2,-8.379976148974315
8111,2,-5.981098807526571
8127,2,-6.91117606458068
8130,2,-5.3807260163007555
8133,2,-7.686617560580203
8141,2,-6.689754167129827
8166,2,-7.335663483759085
8168,2,-5.769372883428595
8173,2,-6.410105777598119
8175,2,-7.580977210313925
8179,2,-7.605664011697009
8188,2,-8.340450643011067
8190,2,-5.979018414080485
8193,2,-7.247478519676868
8194,2,-4.371402927400162
8201,2,-4.6818236508052
8223,2,-7.845255577388592
8228,2,-7.080466716310383
8239,2,-5.82994907096937
8250,2,-6.150330165492022
8261,2,-7.383083512188215
8269,2,-7.5213501180902895
8270,2,-7.268077899028256
8271,2,-6.2143554849924385
8274,2,-8.08545385792246
8276,2,-6.748702976795812
8279,2,-7.441796861629307
8284,2,-7.881688694767092
8285,2,-6.46473601170468
8291,2,-7.1762493794745055
8293,2,-5.9633445808617935
8301,2,-7.163801180858442
8302,2,-6.940211655350595
8304,2,-6.996053149447533
8329,2,-6.5414477252197685
8336,2,-6.598244932998547
8349,2,-7.9908822062745415
8350,2,-5.249687539674248
8354,2,-6.38921838239019
8362,2,-7.606633063445045
8371,2,-7.378330826944662
8387,2,-7.861853601787402
8409,2,-7.518629850756689
8416,2,-6.805967711451764
8429,2,-7.8814231899547735
8432,2,-9.377855990592685
8433,2,-7.404605937619685
8438,2,-6.851883916599142
8446,2,-8.656387834561265
8457,2,-8.118097057541569
8463,2,-6.471286911410154
8464,2,-8.690241535916194
8485,2,-8.753188340154288
8488,2,-6.010368682140012
8500,2,-5.976839528255653
8502,2,-5.478662372632044
8512,2,-7.478141813822305
8513,2,-6.874003344201206
8521,2,-7.946411872896498
8529,2,-6.6188440671248046
8530,2,-8.744779910182977
8531,2,-6.161327957397923
8535,2,-5.784216708481253
8550,2,-6.116595406778536
8564,2,-5.528048020291848
8569,2,-6.3795451941276795
8574,2,-5.697973716748592
8577,2,-6.280949562600085
8590,2,-6.821216342806707
8599,2,-7.695559952322753
8614,2,-7.387908184227747
8621,2,-7.407647338864251
8629,2,-5.723945567045519
8641,2,-8.655764553289679
8647,2,-5.880691467650777
8657,2,-7.154798050772321
8662,2,-8.083102806046895
8675,2,-6.137884644471924
8676,2,-6.411456932243077
8678,2,-6.389440710297663
8683,2,-5.96353570531064
8688,2,-5.724902550050551
8689,2,-5.785478737591326
8690,2,-7.738270779127966
8692,2,-8.28474784024278
8722,2,-6.231056972058134
8728,2,-6.9364350511104576
8735,2,-6.449848223054808
8738,2,-7.566982131335003
8743,2,-6.412086621457007
8745,2,-6.22055895795053
8761,2,-5.99114145447458
8770,2,-6.332028549855551
8774,2,-6.038683657045034
8782,2,-7.401398296578741
8785,2,-6.1817656107941445
8786,2,-5.85244330958448
8789,2,-7.242480264936127
8792,2,-7.0983388947780455
8793,2,-6.1232399233034585
8798,2,-7.25420882253605
8802,2,-7.491047281833168
8803,2,-6.814224650458975
8806,2,-6.4572552566690575
8809,2,-6.113740697206808
8813,2,-6.246578649831214
8817,2,-6.998202267728921
8833,2,-7.179878158714985
8864,2,-8.026963178482838
8866,2,-5.832433526733297
8887,2,-6.688051214778909
8891,2,-7.030010965950019
8902,2,-7.641261740951059
8909,2,-6.959729691690605
8910,2,-6.156034438036514
8915,2,-7.246347623137865
8920,2,-7.102629565573288
8921,2,-5.8148735967044445
8936,2,-6.693567652749678
8937,2,-6.862479035143799
8951,2,-4.669469594285118
8952,2,-6.799471392380816
8963,2,-7.6473028806152
8968,2,-7.083682602538481
8972,2,-6.1094945469648465
8983,2,-6.427298214105868
8986,2,-7.840105507523745
8988,2,-8.241236618783915
8991,2,-8.33211991359721
8993,2,-5.177334480530661
8998,2,-6.433704705753954
9017,2,-7.893554856995323
9019,2,-7.085750674460108
9025,2,-6.468118210047528
9032,2,-6.1670568712800105
9035,2,-7.509730372505267
9039,2,-5.848674553571392
9045,2,-7.111952954074219
9050,2,-6.893304003172773
9055,2,-7.05442152423192
9059,2,-7.299909655544049
9060,2,-8.20809661729131
9062,2,-6.412916675540167
9063,2,-7.6343999803243605
9070,2,-7.140947337194433
9076,2,-7.887472678483796
9077,2,-7.872995261844416
9088,2,-6.377075881718767
9092,2,-5.455011640801189
9096,2,-7.779900707280213
9099,2,-8.300460919395213
9107,2,-6.402015642145692
9116,2,-6.629110063158713
9126,2,-5.913663543972099
9131,2,-7.319177256864968
9134,2,-7.40212335599054
9140,2,-6.968584989483276
9141,2,-6.180062441658492
9156,2,-6.609897089486488
9158,2,-6.255020988154335
9165,2,-7.433321115049317
9167,2,-6.843072141903242
9170,2,-4.883030505097807
9175,2,-6.037096054803023
9184,2,-6.169726041679965
9188,2,-5.338950613123892
9193,2,-6.768267384542632
9196,2,-7.646101830224914
9198,2,-7.043077267242246
9202,2,-6.004150467156322
9208,2,-7.098026236003761
9220,2,-6.508077061971228
9228,2,-8.22879990969188
9235,2,-7.416372533403795
9239,2,-8.0763409913949
9240,2,-6.027299981280166
9242,2,-7.426432309062996
9251,2,-7.328546916548795
9258,2,-6.588695667123552
9260,2,-6.42582090822328
9262,2,-6.605002457831873
9264,2,-7.612193012290909
9266,2,-6.44925324467998
9272,2,-7.333502322493949
9278,2,-6.870874647392974
9280,2,-8.177331629194029
9281,2,-7.250467583335869
9282,2,-7.20838915743073
9288,2,-7.74256587735988
9299,2,-6.859230033673946
9308,2,-7.425115649394435
9309,2,-6.143566592959502
9314,2,-6.304461085782577
9315,2,-6.747984017683478
9319,2,-6.305683289561841
9321,2,-7.504113583125388
9338,2,-7.474550644206495
9342,2,-6.504462800084433
9343,2,-7.906976092585737
9348,2,-6.8525432665495885
9349,2,-7.08415364202375
9351,2,-6.296809561334719
9358,2,-7.286367704172378
9359,2,-7.207951505288143
9364,2,-9.23168583491325
9380,2,-6.1926512902438375
9381,2,-7.886061563136657
9383,2,-6.5275862926172294
9390,2,-7.170033184039468
9391,2,-6.64405300847563
9400,2,-6.295753994340522
9402,2,-7.057163571304422
9404,2,-8.286492162459822
9416,2,-6.9459734853287785
9423,2,-6.910473699981104
9424,2,-8.098594157686627
9426,2,-6.943252310117167
9427,2,-6.06927835854637
9436,2,-7.805688942190535
9452,2,-8.409563666006818
9456,2,-6.242667998970674
9463,2,-5.12036856570959
9488,2,-7.187677858290137
9491,2,-6.30952483313726
9493,2,-6.949774907844102
9495,2,-7.898772083275723
9497,2,-6.888512377250166
9501,2,-6.815763811687738
9506,2,-6.84154684140897
9507,2,-8.387059265275305
9526,2,-7.890640160254868
9528,2,-7.119881928304814
9541,2,-5.290453342150485
9542,2,-4.83142833613902
9546,2,-6.345956969824435
9555,2,-6.212274176590455
9556,2,-7.305925809279657
9558,2,-7.118922238444
9559,2,-6.475546471515862
9560,2,-7.448186008964136
9564,2,-6.318380129586039
9566,2,-8.40100804650698
9568,2,-7.142636055693444
9575,2,-6.90193306048279
9592,2,-6.488456337276105
9595,2,-5.761572853750749
9604,2,-7.944223945513357
9607,2,-8.36527697085235
9620,2,-6.271694524150419
9623,2,-8.479344749158557
9626,2,-6.809608817739324
9628,2,-6.480883802199379
9629,2,-6.213586310712451
9636,2,-7.172718169739113
9639,2,-6.854396171766048
9641,2,-8.057482875732099
9645,2,-6.413270530214248
9648,2,-6.494462519596205
9652,2,-6.639986582629518
9653,2,-7.055024588618011
9656,2,-6.245540753951204
9657,2,-7.410585254621957
9658,2,-5.8930624641288105
9659,2,-6.17172138648381
9668,2,-6.008512684045961
9671,2,-7.5830494415284235
9676,2,-7.358699205908074
9680,2,-7.141691778080791
9682,2,-7.153639569793178
9689,2,-6.634813547410431
9691,2,-7.640314176184376
9696,2,-7.64429534461506
9697,2,-6.096507856124141
9702,2,-8.221008640783744
9703,2,-7.223619302083328
9709,2,-8.47428896059342
9711,2,-7.93622901153779
9712,2,-7.732083186687646
9713,2,-6.687399785979444
9716,2,-6.181443918569315
9717,2,-8.777996949333058
9725,2,-8.764861005651092
9728,2,-6.727416448299849
9729,2,-6.3821459817893995
9733,2,-7.9847227145022615
9739,2,-7.272853007487356
9748,2,-6.616193199878495
9762,2,-6.586952768535852
9763,2,-9.1886015810517
9771,2,-7.799156997171096
9780,2,-7.477513329407074
9781,2,-7.029768016022757
9800,2,-5.279299177814302
9818,2,-6.615366508967966
9820,2,-6.089588771935752
9825,2,-6.181393380390922
9830,2,-7.05065798102757
9833,2,-8.538965284045261
9836,2,-8.285255466048731
9839,2,-8.4146317513882
9842,2,-6.632433098860396
9847,2,-7.504143928306711
9853,2,-7.276431102958696
9858,2,-5.3906601178832005
9859,2,-6.935240255943718
9862,2,-8.198729653086225
9867,2,-8.198729653086225
9871,2,-6.003279294882638
9879,2,-7.173937248871141
9891,2,-7.576250466507879
9893,2,-5.833420083746347
9903,2,-5.3521727294824615
9904,2,-8.155814219528246
9909,2,-6.638847508607462
9913,2,-5.3333953832272485
9916,2,-7.038567515498556
9917,2,-6.981553537752639
9927,2,-5.952848044268954
9929,2,-5.849581550309438
9931,2,-6.635830236500524
9940,2,-6.884576013320931
9945,2,-7.21470784210598
9948,2,-7.492613869257255
9965,2,-8.422897834133153
9966,2,-5.694406197694967
9980,2,-6.047240206593571
9985,2,-6.790458279653045
10000,2,-5.557563564274176
10009,2,-7.082380669008359
10022,2,-7.700284453333261
10023,2,-6.333662728011774
10030,2,-6.5384713053555
10046,2,-6.190087536230152
10056,2,-7.401398296578741
10059,2,-6.0187859616011465
10066,2,-6.529950836905698
10078,2,-6.859029374615318
10081,2,-6.531077231473482
10088,2,-6.629179705548452
10090,2,-6.146701245722994
10094,2,-6.40576181916321
10095,2,-7.435044576287275
10100,2,-8.084406194117534
10105,2,-7.306110955572741
10108,2,-4.838886064240128
10110,2,-6.0073442667899855
10117,2,-7.646718757660089
10119,2,-6.319056754896593
10127,2,-5.71310126024742
10132,2,-8.039601118576186
10134,2,-7.087275700605964
10141,2,-6.256041464305433
10148,2,-6.319056754896593
10150,2,-6.785696163942518
10155,2,-6.421736109397671
10156,2,-6.505489282374668
10164,2,-7.193623174885843
10171,2,-7.105883943373875
10172,2,-8.389384648253163
10173,2,-6.983840626382822
10182,2,-7.168779759624144
10191,2,-6.6557469954937645
10208,2,-6.359765694609045
10218,2,-8.624397325887095
10224,2,-8.284202308182351
10228,2,-7.325560289983365
10232,2,-7.498318573157647
10239,2,-7.4148515421507355
10241,2,-6.896487014711646
10247,2,-6.180831349601206
10254,2,-7.238207997493433
10258,2,-7.971701496116353
10268,2,-5.88558550289104
10277,2,-7.636934187835259
10282,2,-7.445821023302045
10286,2,-7.949025194935707
10297,2,-6.463637551567238
10301,2,-6.642632966505474
10310,2,-8.310199962349564
10312,2,-8.059889604334863
10318,2,-7.515510484231051
10325,2,-6.626938690426705
10348,2,-6.363485364926625
10355,2,-6.587810464510028
10360,2,-6.312622718390394
10363,2,-5.626965769551347
10372,2,-7.100633753421825
10374,2,-7.112992515106868
10379,2,-8.046585781389851
10381,2,-6.700976681672863
10384,2,-7.549120645019919
10388,2,-7.267589605789702
10389,2,-6.037701546467503
10391,2,-6.616447803422446
10394,2,-7.127831875563416
10409,2,-6.002052218749441
10410,2,-6.0857144434041786
10411,2,-6.17172138648381
10415,2,-7.181489943618814
10424,2,-6.846219711100126
10437,2,-6.102014235565363
10440,2,-6.599648949421493
10441,2,-6.220678375907411
10449,2,-6.429535847239286
10451,2,-6.586952768535852
10453,2,-7.560553382717238
10459,2,-8.513199736912007
10462,2,-7.583726800436295
10467,2,-6.369937285457638
10473,2,-5.377900280914993
10476,2,-7.863526204289279
10485,2,-6.71631892007094
10486,2,-8.100222240985687
10488,2,-8.089425741999953
10507,2,-5.93226523249637
10510,2,-7.841536727336795
10511,2,-6.357645615518365
10515,2,-7.7008657739955595
10517,2,-7.57213123385511
10526,2,-6.181714798584352
10531,2,-7.127163201673206
10534,2,-7.142646637647225
10540,2,-7.498692692880503
10542,2,-5.55746807455747
10548,2,-7.160683213770788
10561,2,-6.4213596932883945
10569,2,-6.393657897551343
10574,2,-6.255776312082276
10575,2,-6.08668818727751
10578,2,-9.281148089418387
10587,2,-6.523753209189074
10594,2,-8.571700425252608
10595,2,-8.360181864050993
10598,2,-4.390062840690845
10600,2,-7.983642152785279
10609,2,-7.759401566895484
10610,2,-7.524012898711625
10615,2,-7.512045187519583
10618,2,-6.665060367735094
10621,2,-6.409942307115074
10622,2,-7.054718635614755
10624,2,-8.517324906308545
10627,2,-8.692261652415397
10628,2,-7.187440080281384
10639,2,-4.68563362134951
10649,2,-6.303177314437271
10666,2,-4.191052573706273
10671,2,-7.212443739734489
10676,2,-7.920696863936925
10681,2,-6.586524562702557
10683,2,-6.531047773749798
10684,2,-6.358274634853103
10687,2,-5.941818388564087
10689,2,-6.598545356052192
10696,2,-7.157550517559592
10698,2,-7.88872662300885
10701,2,-6.2699546486497155
10718,2,-7.666655645076752
10720,2,-6.987475227182635
10739,2,-6.290839705902833
10742,2,-4.988669030461338
10750,2,-8.500031539194019
10752,2,-6.933352223949576
10755,2,-6.656184952097092
10759,2,-7.618040352555944
10772,2,-7.154081083914399
10773,2,-7.20401155353818
10775,2,-7.34163708117724
10787,2,-6.650561354690886
10801,2,-7.840631754972712
10807,2,-6.448488823520911
10814,2,-6.868787958778846
10822,2,-7.036673799764337
10823,2,-6.2729415859489634
10826,2,-7.148291104293875
10828,2,-5.585368703254581
10833,2,-7.821021413231243
10837,2,-8.464771908877779
10841,2,-6.453517517980018
10858,2,-7.261781654341142
10878,2,-5.666700605023522
10882,2,-8.071733008429312
10887,2,-6.600248654439085
10889,2,-6.5837044039820825
10897,2,-6.385650424826856
10907,2,-7.401847222264109
10913,2,-6.5449029179931415
10920,2,-7.835584183197163
10923,2,-7.642894045639302
10930,2,-6.777450059595608
10936,2,-5.974245266405482
10938,2,-7.861774204924423
10940,2,-8.24697708670243
10945,2,-7.235722677539947
10947,2,-6.482356296205005
10948,2,-7.536939847930064
10950,2,-6.1858014761650395
10960,2,-7.42051364682839
10963,2,-5.779587225919123
10964,2,-5.954694468876575
10967,2,-8.155437509712243
10975,2,-5.316414736607435
10977,2,-6.983237954350145
10995,2,-5.827713652127876
10996,2,-6.338092822127834
11023,2,-6.740838622206319
11031,2,-6.88259056073661
11032,2,-7.568837544623733
11036,2,-6.36351796041118
11050,2,-6.827382875250066
11059,2,-8.01119548046288
11066,2,-6.1631762248484705
11078,2,-4.825236790732944
11081,2,-5.490317392747542
11105,2,-8.48125876198634
11113,2,-6.50261691989126
11118,2,-7.22141906246415
11142,2,-7.433433183846326
11157,2,-5.649655181379288
11162,2,-7.241677278350572
11179,2,-7.6461724730924345
11189,2,-8.2323906423251
11192,2,-6.133792721294519
11195,2,-8.476068345119195
11205,2,-6.019430028932447
11224,2,-5.997167240388201
11244,2,-6.418128505112463
11246,2,-8.320694957777668
11251,2,-6.964253615493796
11253,2,-6.129798316163701
11259,2,-7.446759959800943
11263,2,-7.082262042370175
11265,2,-6.194599799759054
11269,2,-6.933185752955744
11271,2,-4.346494861529784
11278,2,-7.85128812706553
11279,2,-8.425599911962912
11289,2,-6.214699924203735
11291,2,-5.609951947752002
11298,2,-5.903583322751857
11299,2,-7.018395177857833
11302,2,-6.553653325409321
11305,2,-6.160965180324794
11316,2,-6.697855628347099
11318,2,-6.217225927656116
11321,2,-7.327585517730341
11323,2,-8.53333307977514
11335,2,-6.503095035505467
11341,2,-7.387969594593251
11343,2,-6.576754062518937
11349,2,-6.674709248033707
11353,2,-7.148469760634292
11354,2,-7.719979459892137
11361,2,-7.036888170427147
11375,2,-7.104654712680741
11376,2,-6.294484344938908
11383,2,-6.900825898495171
11393,2,-6.926076573290757
11426,2,-6.672543769879191
11448,2,-6.786414814411295
11453,2,-6.751351420590737
11466,2,-5.7847899945656
11476,2,-6.377924576733491
11491,2,-7.122959918789121
11499,2,-7.3436499400104935
11500,2,-7.393869491544692
11504,2,-7.262313751155453
11514,2,-6.608308727285589
11521,2,-6.531002654753138
11527,2,-5.798337526508625
11537,2,-6.116664235965061
11538,2,-8.271541019203816
11539,2,-7.555090828938432
11542,2,-6.516103235416409
11546,2,-7.401105506939096
11548,2,-6.928903224476805
11550,2,-7.125369609786674
11564,2,-9.353600006878224
11565,2,-6.40298124695768
11574,2,-8.297980785830795
11575,2,-7.312637119024252
11577,2,-6.344462636889958
11583,2,-8.5088790798156
11586,2,-6.587259341057191
11592,2,-7.39909757093595
11596,2,-7.198409510324687
11608,2,-6.7527995341349225
11611,2,-7.840537130991159
11617,2,-6.321577524494472
11624,2,-4.656780619309139
11625,2,-8.173745270423822
11634,2,-7.608924154264585
11638,2,-6.505080802172898
11645,2,-5.621428589297537
11650,2,-4.827316387087507
11655,2,-7.979140028295795
11668,2,-8.24211586843498
11671,2,-5.838197976368228
11672,2,-5.612504139815705
11679,2,-7.629764800675929
11686,2,-8.594706288782596
11691,2,-6.128494656686989
11694,2,-7.456020909524177
11697,2,-7.3952464255571755
11716,2,-7.263985224464292
11719,2,-6.486461304083079
11721,2,-5.465957222475112
11732,2,-8.543550005118057
11743,2,-8.249758724780861
11748,2,-7.198512246884526
11750,2,-7.524256904429031
11752,2,-7.64107802629772
11783,2,-7.077645679181217
11789,2,-8.414518404922624
11800,2,-8.49727514551138
11801,2,-5.813199219976475
11804,2,-6.747125717427238
11811,2,-8.050439687028707
11814,2,-8.388078638295632
11817,2,-6.565906544789961
11818,2,-7.281791504031361
11821,2,-7.158023312609679
11827,2,-8.782752643143695
11832,2,-6.577776382409553
11839,2,-7.933353937502218
11844,2,-6.553342330210754
11859,2,-7.7383999685970295
11862,2,-6.726359767507944
11863,2,-6.92733860240083
11868,2,-8.168684062110856
11870,2,-7.072131461518076
11871,2,-8.015238974853041
11877,2,-6.370671512593169
11881,2,-5.529573259587664
11885,2,-6.842402539955657
11898,2,-6.893063892287955
11903,2,-8.04144365724838
11906,2,-7.361000400265901
11919,2,-8.641063265715566
11923,2,-6.6877174479446495
11931,2,-8.756597811777631
11940,2,-7.328848571118577
11945,2,-6.179461479840825
11946,2,-7.251758078166127
11952,2,-7.398009026980475
11973,2,-6.836254882896533
11991,2,-7.118910772734097
11992,2,-7.839294713685035
11995,2,-7.161110461262901
12000,2,-6.071498414643884
12005,2,-6.9735926926669265
12007,2,-5.605745323356338
12010,2,-5.523612726251606
12011,2,-7.030010965950019
12021,2,-7.6880488809271625
12022,2,-6.522232244108068
12028,2,-6.461475674470897
12043,2,-6.989111930215557
12048,2,-6.542543002043388
12050,2,-6.465430163595975
12066,2,-7.070620606900242
12068,2,-5.17493509607899
12071,2,-6.173553921403787
12077,2,-6.227817352940548
12082,2,-7.505158643596154
12106,2,-6.869913774793957
12107,2,-8.640866275607578
12114,2,-6.573797189085219
12116,2,-8.40597325097636
12118,2,-5.719218551535292
12125,2,-5.290709476940144
12126,2,-5.65178085166108
12141,2,-7.404790474977034
12154,2,-8.417536108527464
12156,2,-8.63348631484174
12163,2,-7.9764883639380955
12187,2,-6.571875569631871
12192,2,-7.560793973211581
12201,2,-9.244088126685405
12205,2,-8.589623807474077
12216,2,-8.421794287008645
12217,2,-7.040996879739275
12218,2,-8.274264901075696
12240,2,-9.11923453489274
12243,2,-9.484304047846251
12244,2,-8.250092261378462
12246,2,-7.3308956909271
12260,2,-6.133787453836668
12266,2,-7.589890398389841
12268,2,-6.071580525738696
12276,2,-8.354996020269056
12279,2,-10.182538067924334
12281,2,-7.863052326703247
12293,2,-7.506076823153386
12294,2,-8.31208579054507
12300,2,-6.280585717165316
12310,2,-7.550625725938005
12314,2,-7.906316119729453
12315,2,-6.962412242932743
12318,2,-6.660633870880332
12328,2,-6.658820122635063
12336,2,-6.339112480931327
12347,2,-9.714987807789385
12348,2,-7.879469180321003
12350,2,-8.13905019911222
12354,2,-6.427842062639826
12358,2,-6.3747612589513665
12377,2,-6.174459018398352
12382,2,-6.532910760554856
12415,2,-7.767583567144321
12417,2,-9.538497805155565
12418,2,-6.325457008502951
12419,2,-8.514110280041365
12427,2,-5.140230015883795
12433,2,-6.632460083889157
12442,2,-7.657673601576356
12448,2,-7.268379618929352
12449,2,-7.297387175034423
12451,2,-9.221112094305731
12452,2,-8.006867293145092
12459,2,-6.420939623639761
12460,2,-9.539101195549797
12471,2,-7.394520588291087
12473,2,-6.170941512151337
12475,2,-6.289722343312327
12477,2,-7.123172895406171
12487,2,-6.121520386973614
12501,2,-7.133058029221715
12510,2,-9.017460235861485
12515,2,-6.490211877953982
12516,2,-7.608556234274715
12521,2,-5.694036758483762
12522,2,-6.493958204640407
12525,2,-8.492748126486617
12530,2,-7.663480817242117
12532,2,-7.030301178098362
12534,2,-6.193744699955445
12543,2,-6.209742736118152
12546,2,-5.706601642820807
12551,2,-6.9759683374406904
12552,2,-7.031448622252086
12553,2,-6.841519104772644
12558,2,-6.86795887139963
12561,2,-7.432124379651839
12564,2,-7.098538723683092
12571,2,-8.761829012003396
12580,2,-8.129604332625576
12582,2,-6.204939938944172
12592,2,-7.392695320713727
12597,2,-6.424015400995103
12599,2,-7.618906925130027
12609,2,-6.2326417346812235
12618,2,-5.987970472732883
12621,2,-7.208293572593824
12623,2,-5.958774218332245
12626,2,-8.260167621600779
12654,2,-6.687940292373938
12655,2,-7.384458080230125
12665,2,-7.312340530640284
12666,2,-7.125304007898869
12668,2,-8.61448138104852
12670,2,-5.828775273059762
12674,2,-7.171868411999057
12680,2,-6.116336431842704
12686,2,-8.579702299409135
12697,2,-8.117485747393957
12698,2,-7.569529587989095
12700,2,-6.905198249175669
12704,2,-6.539077770891517
12716,2,-6.302983484368525
12719,2,-6.453047267742718
12732,2,-6.90469809396518
12739,2,-6.105277680274746
12759,2,-7.0604910556334985
12763,2,-8.025786986893216
12768,2,-6.423196439403789
12770,2,-6.949905656342295
12774,2,-6.027117214367408
12775,2,-5.858777206460914
12780,2,-7.539089838497318
12781,2,-7.362278041359396
12782,2,-5.702739421949325
12790,2,-7.224040022668731
12803,2,-6.878000054385225
12804,2,-6.925555802401064
12810,2,-8.158114557684016
12813,2,-7.815276916543908
12814,2,-6.634983757343392
12822,2,-6.120617190907424
12824,2,-7.549841133510363
12825,2,-5.83591331433
12833,2,-5.04488483460355
12838,2,-4.980438035353174
12844,2,-7.393295244452375
12852,2,-8.281224182249858
12859,2,-5.805088346301034
12860,2,-5.805088346301034
12863,2,-6.6190454338489815
12869,2,-5.192005317649745
12873,2,-5.6992034045192455
12876,2,-5.725643171146238
12881,2,-5.805088346301034
12884,2,-8.33848891690581
12887,2,-6.88054472952205
12894,2,-6.649781987440633
12909,2,-6.353641405087615
12926,2,-5.201185922497324
12932,2,-5.954038816670405
12939,2,-6.244620181999508
12940,2,-7.84462296261519
12944,2,-6.81677384826893
12961,2,-6.7524273893483056
12963,2,-5.7234992084944025
12972,2,-7.077189681953108
12978,2,-6.637652437047372
12980,2,-6.921111765643623
12982,2,-5.7130138292714605
12983,2,-7.133749887641095
12991,2,-7.888759686613419
12992,2,-6.929946943034764
12995,2,-7.16981179104782
13009,2,-6.447606997685689
13010,2,-7.075728468805167
13013,2,-7.608367897276388
13016,2,-5.3324689974137485
13018,2,-7.341890507746093
13021,2,-6.51112612492323
13023,2,-6.239891859061672
13028,2,-5.30476720167669
13029,2,-8.166527706604548
13031,2,-5.575696425417945
13039,2,-8.816223875263162
13040,2,-8.594582394439328
13044,2,-6.053556980994394
13047,2,-5.823783399532616
13048,2,-8.310410154802135
13052,2,-6.806272405136362
13062,2,-7.632916656614704
13066,2,-7.091138384326506
13070,2,-4.980438035353174
13074,2,-6.211181419905884
13084,2,-4.980438035353174
13088,2,-5.815822993697907
13099,2,-5.562564033767764
13101,2,-6.58787892341595
13107,2,-6.1328917632139905
13114,2,-5.84117637590618
13135,2,-7.783680049779925
13148,2,-6.00908664761635
13155,2,-6.026449412375754
13164,2,-5.636395359997088
13166,2,-6.102586624156366
13168,2,-6.053695816809565
13178,2,-7.191496368403271
13184,2,-5.748485349190922
13190,2,-5.667777305680048
13193,2,-8.380966457511384
13195,2,-7.0310098065728965
13198,2,-7.0310098065728965
13211,2,-7.6915180872286015
13213,2,-7.552941628177834
13225,2,-5.854480198851192
13226,2,-7.665078320601623
13243,2,-6.596937567288471
13246,2,-6.573508977348425
13258,2,-6.12606632549867
13260,2,-9.139479273029806
13267,2,-6.298921959031652
13278,2,-5.9191772626129335
13280,2,-4.892093213604653
13292,2,-6.453351968600174
13298,2,-8.154947528045284
13301,2,-6.252749835984815
13316,2,-7.673412853629664
13318,2,-6.75880811173748
13321,2,-7.602529923976661
13328,2,-6.849617475530884
13331,2,-7.337110726000027
13332,2,-6.3792755350956725
13342,2,-5.619828768423716
13358,2,-7.68919503861008
13377,2,-6.921784347773645
13379,2,-9.013425145791217
13384,2,-5.377748325271234
13391,2,-5.064225340179632
13400,2,-8.207759269157705
13414,2,-6.373674290559656
13417,2,-6.675899738813094
13420,2,-6.341590601381462
13431,2,-4.657685010231269
13434,2,-8.054714893210175
13443,2,-5.93505075055532
13456,2,-8.020998766125132
13457,2,-9.085859977336412
13463,2,-6.845066672069628
13465,2,-7.651168962311864
13470,2,-6.204394198952613
13472,2,-4.698279301504456
13474,2,-5.844399951907469
13499,2,-7.423707569321621
13504,2,-5.648484028855684
13506,2,-5.249680898917681
13514,2,-7.830142040405946
13515,2,-7.772532832393537
13529,2,-8.245210818601258
13534,2,-8.329157652203044
13535,2,-8.35559741883003
13543,2,-7.207114591441176
13545,2,-6.5509692982984475
13546,2,-7.010093688029109
13547,2,-8.433033806645376
13548,2,-5.602444521974519
13557,2,-7.321213715234066
13561,2,-5.836421792284256
13576,2,-5.635349342050823
13589,2,-7.448876725142227
13597,2,-5.2943789636249505
13612,2,-5.684917146234191
13618,2,-8.175855618416293
13626,2,-7.3169301190415155
13640,2,-5.176621364148367
13648,2,-6.405537537332918
13660,2,-6.613657567561454
13664,2,-4.8186547167522775
13674,2,-7.503045343869843
13683,2,-7.916817887410964
13697,2,-7.649454012941746
13699,2,-7.189489169945574
13712,2,-5.831264008225496
13715,2,-6.187974029933272
13720,2,-5.196722360443431
13723,2,-8.028145503111745
13728,2,-7.007196102281014
13734,2,-8.2399676210605
13741,2,-8.2399676210605
13749,2,-7.161787374208522
13760,2,-6.643075438249525
13766,2,-5.710669138737707
13785,2,-7.593970613490548
13789,2,-8.271650585228244
13793,2,-6.352937881507884
13796,2,-7.701208419691405
13809,2,-7.7371861365829275
13813,2,-7.7371861365829275
13817,2,-6.787402892582392
13819,2,-6.187212150999336
13822,2,-7.284422076457915
13835,2,-7.201763053327944
13836,2,-7.257982309830936
13837,2,-5.854866081058063
13839,2,-4.45246615180077
13841,2,-8.315324885910144
13863,2,-4.688220855429705
13871,2,-6.76219863787113
13890,2,-6.227581756266318
13895,2,-5.654817725158274
13900,2,-6.164677549864145
13943,2,-6.637656211998433
13951,2,-6.821406394709669
13955,2,-6.535087147254991
13957,2,-6.0258322647571845
13961,2,-6.8282967729785256
13965,2,-5.787295990173888
13974,2,-7.591924110705477
13980,2,-6.134485248515681
13986,2,-6.106783452778622
13994,2,-6.3772248797383
13998,2,-7.3282382649599285
14012,2,-7.177216079565952
14016,2,-5.567798136933604
14040,2,-7.064140248103072
14049,2,-7.654578306529679
14055,2,-7.06401654339642
14058,2,-5.7904299397527055
14070,2,-6.028094634593607
14077,2,-6.852030691794603
14078,2,-6.616936515391721
14086,2,-7.5383902703809795
14088,2,-7.1835575725637
14093,2,-5.711670485062548
14094,2,-6.39330271389214
14097,2,-6.345197351223369
14099,2,-5.408655718049587
14114,2,-7.000684610841127
14126,2,-6.908977652454446
14136,2,-5.994213587526367
14139,2,-7.323870343189824
14144,2,-6.583208585517816
14146,2,-7.356837518435086
14151,2,-8.914872090536015
14154,2,-6.834715980562045
14159,2,-10.04280548985858
14171,2,-6.202115397474252
14178,2,-7.365615142034017
14186,2,-9.34801105703417
14188,2,-7.320887302748886
14191,2,-7.024531323985116
14206,2,-6.021915383263419
14211,2,-6.752832292826426
14220,2,-6.037612320100685
14221,2,-6.778559734538931
14222,2,-6.54211417499414
14233,2,-7.320887302748886
14245,2,-7.0726929989635465
14248,2,-5.549119397813584
14259,2,-6.382889297302626
14261,2,-6.464385909204502
14263,2,-7.678853950144976
14264,2,-5.907449999742333
14266,2,-6.456542259461514
14274,2,-7.875309481214501
14280,2,-7.7675479114823816
14284,2,-6.169792448619958
14292,2,-7.430154632763873
14293,2,-6.6337348893010954
14294,2,-7.1835575725637
14304,2,-6.021915383263419
14306,2,-6.604849588968506
14314,2,-7.651152154407924
14315,2,-8.25034689065729
14319,2,-6.242425617538629
14322,2,-8.18702855558972
14323,2,-7.323870343189824
14341,2,-6.8934325105574175
14342,2,-7.104369273502201
14345,2,-7.53900325078213
14347,2,-5.879748204005274
14350,2,-6.7399261278130425
14356,2,-6.021286898848196
14360,2,-9.502048332622714
14361,2,-7.324021252327697
14366,2,-6.459221264360387
14367,2,-7.00162649225507
14368,2,-6.132421376292818
14372,2,-6.605243730104277
14376,2,-7.1884090377332654
14377,2,-7.551142822658669
14378,2,-6.638096054774934
14381,2,-7.211165423991723
14385,2,-6.680335391291223
14392,2,-6.894579679662407
14426,2,-7.895671610317898
14430,2,-5.265933073148908
14434,2,-5.383508891582736
14435,2,-6.340375086467958
14437,2,-7.446332033785957
14438,2,-6.047509621010818
14440,2,-6.840093672394339
14447,2,-6.043909534947204
14457,2,-6.737654313053376
14467,2,-7.676409516511441
14469,2,-6.424078376846431
14471,2,-6.736626380445671
14473,2,-5.54096884031695
14474,2,-9.696307695211054
14486,2,-6.265829957172201
14499,2,-9.45727214750655
14505,2,-6.548620802719128
14512,2,-8.415746607832695
14514,2,-6.377673248466678
14516,2,-8.370986310873896
14519,2,-6.481831519557559
14524,2,-7.109041643682097
14528,2,-7.875252581567338
14531,2,-6.389459111559418
14532,2,-6.846944911731725
14537,2,-6.841756499021926
14539,2,-7.46894904848034
14545,2,-5.171626213368768
14554,2,-6.965244058555477
14563,2,-7.939260646596033
14567,2,-6.330134453090224
14583,2,-6.993691761185602
14584,2,-7.239041888339706
14594,2,-7.050661596549659
14611,2,-6.843018528131992
14616,2,-6.3529950398705495
14627,2,-7.626363974863381
14635,2,-6.2234680936150895
14663,2,-7.16043238542143
14667,2,-6.979561402038627
14673,2,-6.174761983061799
14674,2,-8.381040758460756
14677,2,-6.406293636936198
14679,2,-6.886402471329781
14685,2,-8.564026276515321
14689,2,-7.803407822357862
14691,2,-8.800926684984532
14695,2,-6.49333974833408
14699,2,-6.885825980825395
14700,2,-7.237779859229633
14705,2,-8.61859461935778
14709,2,-9.861228719248402
14713,2,-8.27426330818065
14737,2,-8.205187641298785
14740,2,-5.58767946727869
14745,2,-6.4520398060801085
14749,2,-8.045527173682522
14781,2,-7.638879058072263
14786,2,-7.227076368061503
14794,2,-6.0932838912613505
14798,2,-5.5013496644439
14805,2,-6.605377585081079
14815,2,-5.808587201638026
14820,2,-8.000310912465515
14821,2,-5.782147435011041
14825,2,-6.078485891232056
14831,2,-5.068490393823495
14838,2,-5.445462770183177
14842,2,-5.850700801483697
14844,2,-5.734918900993371
14853,2,-6.865442144372835
14856,2,-7.404037687879082
14861,2,-5.839412169666986
14872,2,-6.40487036287638
14875,2,-6.846404545261315
14879,2,-8.91609167538838
14880,2,-5.9004241988673485
14887,2,-7.009043801634668
14902,2,-8.234254263555712
14904,2,-6.616101222088993
14907,2,-6.488574864159318
14910,2,-9.020378846542279
14922,2,-5.297369341007688
14926,2,-6.310284539477763
14951,2,-5.2961073118976145
14957,2,-7.9599666972347904
14961,2,-7.18709309686826
14966,2,-5.420776020887715
14970,2,-9.013349705083321
14973,2,-7.0372554777611995
14990,2,-5.2728620006418865
15012,2,-5.579402637072192
15013,2,-6.815401207925525
15019,2,-6.477550575013275
15035,2,-7.211580554285717
15058,2,-6.308587874564573
15059,2,-6.870687159335809
15061,2,-6.822720274658785
15065,2,-5.887954078268351
15082,2,-7.427973215211821
15088,2,-6.235872150154492
15089,2,-4.796356946913285
15107,2,-6.463804236051871
15108,2,-7.044448163797064
15125,2,-6.176579386488669
15135,2,-5.953293461627361
15143,2,-8.129092995295771
15146,2,-6.392292375847504
15152,2,-6.9816078723306845
15163,2,-7.041385134932995
15164,2,-7.785337074946092
15165,2,-6.365590625915971
15167,2,-9.36617541428447
15178,2,-5.6352529130472035
15179,2,-6.299292540263153
15184,2,-6.521267943500902
15187,2,-4.988382735817069
15191,2,-5.6438765402407896
15195,2,-7.47648666342873
15199,2,-8.77128238246737
15205,2,-8.587785677934
15210,2,-5.910417347547742
15213,2,-5.876562556098293
15214,2,-5.784340220004786
15215,2,-7.343057577192326
15220,2,-6.151021876047309
15222,2,-6.870805902637414
15225,2,-9.25254509641487
15226,2,-7.279336175945929
15248,2,-9.278984863041849
15251,2,-6.725369481644023
15254,2,-5.585760645238246
15265,2,-7.650236677884152
15273,2,-7.615226069381116
15274,2,-6.60785986443701
15276,2,-9.847285010290001
15277,2,-7.007427470692832
15278,2,-7.502926430055723
15282,2,-7.442019330310572
15288,2,-6.28188612463304
15292,2,-5.458042019419686
15300,2,-7.352109545816788
15301,2,-7.251634380208877
15304,2,-7.242500067531644
15310,2,-7.586655528198882
15315,2,-7.150619478326249
15324,2,-6.647528443636034
15325,2,-6.787686934190461
15328,2,-8.238319958064515
15334,2,-6.502048808525203
15335,2,-6.412509378061571
15345,2,-7.068022976940867
15349,2,-5.6682458268491445
15363,2,-7.388927113778941
15365,2,-6.324554491009138
15374,2,-7.139178053347351
15385,2,-6.217399790663116
15397,2,-8.031037021564181
15404,2,-7.86052407904463
15409,2,-6.2438395572901015
15416,2,-7.592594170412383
15417,2,-5.15794176220944
15421,2,-4.004102334592382
15435,2,-6.758351956113778
15436,2,-6.693532053361906
15439,2,-6.108531592941567
15440,2,-5.980435806548684
15441,2,-6.767280832461331
15450,2,-6.293117600428772
15458,2,-6.601806204686191
15466,2,-6.392512366625667
15471,2,-6.237832259650013
15477,2,-6.494240694364457
15479,2,-8.801906843818465
15509,2,-7.134890564141699
15510,2,-7.706185234852157
15513,2,-7.584252834513059
15516,2,-8.486925922026607
15517,2,-5.1500094378171255
15521,2,-6.113402846120593
15528,2,-7.988524754986628
15536,2,-6.461867566810632
15538,2,-6.151489224702608
15546,2,-5.702204744456914
15556,2,-5.722761328856599
15558,2,-7.646741574534417
15588,2,-6.5041685180286635
15605,2,-5.02746813185685
15606,2,-5.671376128537119
15617,2,-7.906034095431657
15618,2,-5.911839697496404
15619,2,-5.8917651729037175
15632,2,-6.652560175212557
15633,2,-6.284308928953898
15644,2,-9.053295423948867
15649,2,-7.017736600131791
15661,2,-5.5725182271592715
15662,2,-6.580088643016239
15664,2,-5.431975542174989
15673,2,-5.78413801256405
15683,2,-5.830008493361376
15684,2,-8.223100582841113
15702,2,-6.440822000281777
15705,2,-6.467261766908763
15708,2,-6.2313797055711575
15713,2,-8.050760562845838
15723,2,-5.605840312314442
15734,2,-7.0206790413186155
15735,2,-8.185829315763847
15736,2,-6.607274316536305
15740,2,-8.195207954831417
15741,2,-7.751801739226323
15751,2,-6.332918036734618
15752,2,-6.276188075621683
15754,2,-8.718178336643618
15760,2,-6.878534949477867
15761,2,-8.456845545385413
15766,2,-6.731916532468993
15767,2,-6.410270024656491
15771,2,-6.767337360502779
15779,2,-6.8998156255184
15782,2,-7.586202118712002
15785,2,-7.780107154232759
15788,2,-6.479487034369704
15790,2,-8.085458214756699
15791,2,-6.81886405404336
15792,2,-8.111897981383677
15804,2,-7.290852021797015
15816,2,-6.362480975653504
15824,2,-7.0821672767241
15831,2,-8.114181986759746
15832,2,-7.4463226290557145
15833,2,-6.53064645115456
15843,2,-8.381025414504869
15851,2,-7.304849235855663
15852,2,-6.349957409240552
15859,2,-6.412370941343575
15863,2,-6.75178556477745
15877,2,-6.530072327813606
15897,2,-6.793304243827897
15909,2,-6.09853747021625
15916,2,-7.142465957192229
15928,2,-8.514110280041365
15933,2,-6.23585693800986
15947,2,-6.634804335290447
15949,2,-9.239545554869892
15951,2,-7.476832876933585
15952,2,-6.990591837950966
15956,2,-7.203743447110291
15958,2,-6.984516776136736
15969,2,-5.305138399574304
15972,2,-7.536912138125807
15975,2,-8.154917201487102
15985,2,-6.758696799647552
15986,2,-6.623630399916372
15997,2,-8.834026241837869
16000,2,-7.907174725732325
16004,2,-6.691089908953188
16015,2,-5.961449952595629
16020,2,-6.052979731744564
16021,2,-5.537416685988063
16023,2,-7.103913138565197
16026,2,-7.068065380583157
16028,2,-7.532308782725124
16030,2,-5.915479738170042
16040,2,-5.985186889088496
16049,2,-7.323799406584726
16055,2,-7.60797530633765
16065,2,-5.630354191271216
16073,2,-4.921463754142003
16074,2,-5.987889719222615
16078,2,-7.127319128342698
16081,2,-7.395924342932233
16094,2,-7.631911090863397
16096,2,-6.8056290566985
16116,2,-4.978728488797948
16118,2,-8.281227412040188
16122,2,-6.109375698536624
16124,2,-4.93344360448112
16131,2,-6.078927086368282
16134,2,-5.38224686247267
16137,2,-8.37041471535116
16139,2,-6.357663465615495
16144,2,-6.555622835470693
16155,2,-6.195611484394078
16161,2,-7.157467038667221
16162,2,-6.380136889254132
16163,2,-5.885283254556306
16172,2,-6.02267451184202
16173,2,-6.996920367139559
16175,2,-7.386264243988627
16178,2,-6.12647493536042
16187,2,-7.312891393477528
16206,2,-6.391014315359172
16209,2,-5.8391496181047415
16224,2,-5.812709851477763
16225,2,-5.8391496181047415
16226,2,-5.812709851477763
16236,2,-7.244219284716877
16240,2,-8.297905088065214
16251,2,-7.338074670363646
16256,2,-4.756300135763688
16259,2,-6.201201749688785
16260,2,-6.722337177063729
16265,2,-7.068065380583157
16267,2,-7.018204884452167
16273,2,-7.311979490931108
16284,2,-4.729860369136709
16286,2,-5.815517721354134
16295,2,-6.300568934710569
16298,2,-5.768302025069303
16305,2,-6.1735486256458
16308,2,-8.22929127572845
16309,2,-6.297763583153376
16315,2,-5.383508891582736
16319,2,-6.461072057542239
16330,2,-6.737654313053376
16338,2,-7.911746495363879
16345,2,-7.634152468913925
16358,2,-7.182700366350176
16362,2,-6.517206492864389
16397,2,-5.116710016242735
16398,2,-5.090270249615749
16408,2,-5.589003800394742
16411,2,-6.503537797197353
16415,2,-7.768881651232427
16428,2,-6.448461888710348
16437,2,-7.560261417895539
16438,2,-6.049155530405628
16446,2,-7.832004716063089
16449,2,-7.328724786629657
16462,2,-8.283566427563521
16464,2,-7.197280590930873
16469,2,-7.262318667649531
16474,2,-6.262059556036121
16475,2,-6.64417957642106
16476,2,-5.342158500706269
16480,2,-8.00444594794866
16497,2,-6.630551576360588
16505,2,-6.3132372973836866
16514,2,-7.359145721687327
16515,2,-6.604342901857827
16520,2,-6.477073928228926
16529,2,-6.44984409269663
16536,2,-7.148301619791027
16553,2,-8.279161656623835
16555,2,-6.749607118372353
16557,2,-6.014837540943994
16563,2,-6.253165451403902
16574,2,-7.5431171636221634
16575,2,-6.81726963310858
16577,2,-8.899862393435427
16581,2,-6.244883133227447
16592,2,-6.583478393629846
16607,2,-5.496513551455102
16612,2,-7.089279554263051
16618,2,-6.728870674206455
16625,2,-6.728870674206455
16638,2,-6.702008584429514
16645,2,-5.960695978579956
16647,2,-7.4116681265849635
16648,2,-6.725892229999012
16649,2,-8.000500214778214
16650,2,-6.015538517481332
16657,2,-6.1052808373740675
16658,2,-6.077579041637016
16668,2,-5.618566739313643
16669,2,-8.049552139139927
16682,2,-6.289712680079099
16684,2,-8.003555309134448
16705,2,-7.404999899447688
16707,2,-7.674170061352456
16714,2,-6.060295176603155
16717,2,-7.304100718817885
16719,2,-6.39820382777669
16727,2,-8.407618296824033
16738,2,-6.804798016371841
16744,2,-6.942350632201865
16754,2,-6.48472394684692
16756,2,-5.420782532679496
16759,2,-6.870222455831609
16764,2,-6.870222455831609
16771,2,-6.5136981719847356
16775,2,-6.672338478122121
16777,2,-6.3648579533019785
16785,2,-7.089404274833782
16798,2,-5.448484328416548
16806,2,-5.288754043309545
16815,2,-6.377262716431318
16816,2,-5.8681836076064045
16819,2,-6.778358249744862
16823,2,-6.023828319576644
16834,2,-6.730341105277489
16839,2,-7.305409476212262
16841,2,-8.604187577488595
16855,2,-8.389001366219723
16857,2,-7.112280812997199
16861,2,-7.84483636345314
16866,2,-6.204804000242454
16874,2,-5.308207662683699
16876,2,-7.367987562885759
16880,2,-9.379740317957612
16897,2,-6.090555868706815
16899,2,-6.106824226990234
16901,2,-7.300886019104894
16907,2,-6.43509891634929
16916,2,-6.258660613294111
16927,2,-6.495839081296857
16928,2,-6.523298431114512
16937,2,-6.57936780621484
16942,2,-8.092014911414992
16945,2,-6.304552641410183
16952,2,-6.379097770705933
16954,2,-7.83727567817018
16957,2,-6.301498587294091
16973,2,-7.052017899443655
16978,2,-6.806618078993353
16987,2,-6.862209604456957
16988,2,-6.106824226990234
16993,2,-5.985781846999629
16994,2,-6.838526004801679
16999,2,-6.495270041621801
17002,2,-8.581696086890602
17003,2,-8.077001477931013
17005,2,-6.399674258847718
17009,2,-7.1468212389615715
17011,2,-7.592082488374174
17031,2,-6.545952419450316
17039,2,-6.346331269561915
17054,2,-7.490125233319631
17055,2,-6.081234894275013
17066,2,-6.07590743738502
17071,2,-6.345812363669509
17073,2,-7.909671567620087
17079,2,-5.432200399547426
17086,2,-6.069482820121678
17089,2,-6.078512413155202
17098,2,-6.259825427052753
17100,2,-6.737913197234377
17108,2,-5.461763338466319
17115,2,-6.976774239493274
17127,2,-6.634533039706518
17129,2,-5.265813600000712
17135,2,-6.454623360029743
17143,2,-6.466563929661511
17144,2,-6.2930715840206375
17147,2,-8.666750078328313
17157,2,-5.932487992875721
17164,2,-7.923650980670828
17168,2,-6.23026248813386
17169,2,-5.710804129707022
17178,2,-7.386681088801197
17184,2,-7.522152919750646
17189,2,-8.545431709170572
17202,2,-8.245969685725179
17206,2,-6.158808792833845
17216,2,-7.023629844341144
17217,2,-5.811592588874042
17219,2,-7.89586974108645
17220,2,-6.164920863331666
17223,2,-7.57908575668273
17227,2,-5.9060482262487355
17247,2,-7.0668378550760025
17258,2,-8.664348351217463
17270,2,-5.990940906992016
17275,2,-6.808877954916092
17276,2,-6.712996814709449
17289,2,-6.2399889542869005
17308,2,-6.463548314561372
17310,2,-7.86397953196294
17316,2,-10.261545093771076
17317,2,-8.428098999546549
17333,2,-7.5790056796549194
17335,2,-7.161052878986098
17349,2,-6.758156716841441
17353,2,-5.675272202101226
17357,2,-7.653464816061728
17360,2,-6.259920054108278
17362,2,-6.658911580011072
17363,2,-8.319506820605348
17365,2,-6.5483584753674435
17372,2,-5.3190884554418645
17373,2,-7.364711703186508
17376,2,-6.490825675831495
17380,2,-8.135798140629184
17382,2,-5.554250218499952
17392,2,-7.199323049566388
17393,2,-6.218306609415826
17394,2,-6.701883071510586
17396,2,-6.495794396293668
17416,2,-7.380660582809234
17422,2,-5.654405750406596
17423,2,-7.697647917938049
17430,2,-7.671208151311063
17453,2,-8.333526555049133
17456,2,-6.563732498793485
17458,2,-7.507565302352013
17461,2,-7.037164802017749
17468,2,-7.455736401641772
17471,2,-7.063604568644742
17473,2,-7.454474372531706
17490,2,-6.447665280979891
17498,2,-6.883404554433909
17510,2,-6.6679441281769485
17513,2,-7.2068633896118754
17518,2,-7.441953541675765
17519,2,-8.105470817927
17529,2,-7.79160497993157
17538,2,-6.464717605342145
17540,2,-7.328764296086881
17543,2,-6.698920509130971
17551,2,-6.0930166077172885
17552,2,-8.03279364310523
17556,2,-6.77307424675319
17561,2,-7.000186224566782
17566,2,-6.712025069845076
17569,2,-7.3209882617515945
17579,2,-7.191547015231102
17582,2,-9.103492160592296
17593,2,-7.2200460919254965
17600,2,-7.779325530060355
17602,2,-4.842081939561922
17604,2,-7.831133248007269
17619,2,-7.82644988145357
17626,2,-7.931380826009843
17646,2,-6.540937834649739
17656,2,-6.597443591368091
17657,2,-7.960436312565925
17658,2,-8.8330156576231
17667,2,-7.069945943830241
17669,2,-6.344002303310148
17674,2,-7.853688505986007
17679,2,-8.3860152121269
17686,2,-7.593108359499155
17690,2,-6.366550047364207
17693,2,-7.028828666205598
17697,2,-8.204172866193893
17699,2,-9.13043638677972
17702,2,-7.23775699424926
17704,2,-6.087445901431778
17706,2,-6.286748161815318
17708,2,-7.738677352507402
17714,2,-6.408303459805268
17738,2,-8.308183719977528
17739,2,-7.845653311202504
17742,2,-5.306789859391813
17757,2,-4.659291811535745
17761,2,-6.4321087258828555
17767,2,-7.155963474529123
17773,2,-7.865789767093126
17800,2,-6.448531696621025
17805,2,-7.737294869126487
17814,2,-5.676734367052269
17821,2,-5.646497036977031
17831,2,-7.150626198758488
17832,2,-4.9203957122782995
17838,2,-4.8498688294532
17845,2,-4.032124420398176
17859,2,-7.222122467860608
17868,2,-6.294055126889205
17874,2,-5.562352160580538
17881,2,-9.069629919780716
17886,2,-6.729913933946833
17891,2,-4.836732885771234
17892,2,-7.736273830909838
17897,2,-7.946620734770356
17898,2,-6.431618445374674
17900,2,-7.3370395815271365
17906,2,-4.921463754142003
17907,2,-5.451485789451667
17912,2,-7.449883381461255
17921,2,-8.38481415510131
17923,2,-6.263649335329667
17934,2,-6.6807860292049455
17943,2,-8.002889822767877
17947,2,-7.109180567072919
17963,2,-7.364741377264188
17965,2,-7.372150522749074
17970,2,-6.79712840734183
17977,2,-9.600555015980092
17980,2,-7.398385432761586
17981,2,-6.667267086075043
17986,2,-6.899818143522076
17991,2,-7.368171204199754
17995,2,-7.698265616430852
17997,2,-6.853028673012162
18005,2,-7.594451278094375
18007,2,-7.20027047682396
18016,2,-5.696991198523548
18031,2,-6.567453042963017
18039,2,-6.894218639514413
18040,2,-6.057659380790611
18049,2,-7.249797482777204
18056,2,-6.332628113637085
18057,2,-6.89471047937996
18058,2,-6.159851358812318
18089,2,-6.95383199562059
18092,2,-5.956884390414842
18096,2,-8.17666780253628
18101,2,-7.945669069586906
18119,2,-5.050654704899351
18120,2,-7.6696919089554
18121,2,-7.188558696524879
18124,2,-7.385409697371628
18130,2,-8.233932537192231
18140,2,-5.704976613271917
18142,2,-6.2725849289645055
18148,2,-6.92427341829886
18156,2,-6.7584808465994755
18160,2,-8.163190001065452
18175,2,-7.9009084346171505
18194,2,-6.142885113965512
18202,2,-6.33612649213417
18206,2,-5.765744510970329
18215,2,-4.814407805969154
18218,2,-6.7020781712761135
18219,2,-6.15832057296425
18238,2,-6.875441398408064
18240,2,-7.831806475988685
18253,2,-6.426067692122857
18254,2,-6.772303514890886
18256,2,-6.905623256953753
18262,2,-6.520786576622328
18273,2,-5.288393521226567
18276,2,-7.916271614893581
18277,2,-5.786732214814698
18279,2,-7.38339785689589
18285,2,-8.42682760811698
18286,2,-8.546150485536437
18290,2,-7.8474270619289115
18294,2,-6.229193039413943
18305,2,-7.477392585599098
18310,2,-6.341968443024221
18322,2,-7.907513108264439
18335,2,-6.952339263069838
18345,2,-6.743958987632212
18346,2,-7.0569492585901585
18350,2,-6.620679674684368
18357,2,-6.547590392283233
18368,2,-5.282251286841593
18370,2,-8.812242773122051
18371,2,-8.808123492344535
18379,2,-6.515818093731845
18381,2,-8.167470621884164
18387,2,-6.138200249801791
18393,2,-5.302136352025187
18407,2,-5.6834723921146875
18419,2,-5.104407937605245
18420,2,-7.107600942153724
18421,2,-7.370951837126881
18431,2,-6.1449158201048135
18436,2,-6.8408547015377295
18437,2,-7.963907262339269
18451,2,-8.484663664586662
18463,2,-5.963781914321018
18464,2,-5.776046850652591
18471,2,-5.498728294252331
18476,2,-7.479498498329846
18484,2,-7.154581041315687
18485,2,-5.147518408467171
18486,2,-7.665660306374967
18494,2,-5.149625050487451
18499,2,-7.6502568585079445
18516,2,-9.103764081014624
18517,2,-7.677958654244996
18519,2,-6.092446205696014
18520,2,-5.646292574669069
18533,2,-6.795518052120151
18546,2,-6.875584105604588
18553,2,-6.82195781874713
18556,2,-5.91752946056971
18566,2,-5.32857611865218
18574,2,-5.988839052147419
18579,2,-7.735223388900941
18581,2,-6.860641282299696
18597,2,-6.3578332006601315
18604,2,-7.707521593163889
18605,2,-6.297621920302838
18621,2,-5.545345505722871
18623,2,-5.779532511548588
18624,2,-6.970716022804517
18636,2,-6.185998376183242
18638,2,-6.297621920302838
18648,2,-5.9603045396307195
18649,2,-6.822929666232497
18657,2,-6.734730088088092
18659,2,-8.180001819391705
18665,2,-6.183184460980755
18679,2,-5.83679724620454
18682,2,-7.131481593130175
18685,2,-6.159558609556264
18689,2,-6.131856813819205
18693,2,-7.1303534619162505
18697,2,-7.120975569836894
18703,2,-6.714412584924389
18709,2,-6.6323103314169884
18715,2,-8.484734856448767
18729,2,-7.131312814571601
18733,2,-7.780661672937356
18734,2,-7.3482255556523555
18744,2,-7.504987273340404
18745,2,-7.2314403442414275
18747,2,-8.13843136081453
18750,2,-6.9876770042759375
18752,2,-6.766584600584345
18755,2,-5.518905739095892
18757,2,-6.418513469358231
18768,2,-6.302959250986362
18771,2,-7.856520619779566
18781,2,-8.204422674866017
18783,2,-6.6215140049480965
18797,2,-7.228563471118399
18800,2,-6.9889390333860035
18811,2,-7.479383945797714
18818,2,-6.305637610566791
18819,2,-7.257880110868406
18821,2,-9.474471475889509
18823,2,-5.20599389548795
18827,2,-5.384790519524053
18837,2,-4.925885033208665
18839,2,-4.626644408061679
18842,2,-4.153740938305127
18847,2,-5.435059146009152
18848,2,-4.325786270278066
18851,2,-4.7326329477340465
18853,2,-6.725200382464315
18854,2,-6.69876061583733
18857,2,-5.166439268399671
18859,2,-5.060548248156067
18866,2,-5.951893991233142
18874,2,-3.9352293816650175
18882,2,-5.424882519307772
18887,2,-5.9734438238077985
18900,2,-4.893546680637854
18917,2,-5.9475386408171005
18923,2,-5.387717909096494
18929,2,-4.09001852377699
18932,2,-4.474368837783608
18933,2,-5.300574580947767
18935,2,-5.086662450047768
18939,2,-3.8696129907154955
18943,2,-5.9475386408171005
18946,2,-5.3479743195245035
18948,2,-5.281508913928668
18952,2,-4.173723025059928
18962,2,-5.804446555028385
18970,2,-3.3514104782119674
18971,2,-4.878347382515287
18972,2,-4.323767556988017
18981,2,-4.370622490925875
18987,2,-4.211005672961079
18991,2,-6.594894551956102
18996,2,-5.3922475692574
18998,2,-4.411687192483583
19001,2,-5.170984063258295
19009,2,-3.9860692764903547
19010,2,-4.0137710722274065
19012,2,-4.766500239315164
19020,2,-5.1812535057529985
19027,2,-6.130729005038511
19036,2,-4.695282530910248
19041,2,-5.127307849376528
19045,2,-4.647480610728515
19046,2,-4.577931749918768
19050,2,-5.327774273351082
19051,2,-5.354214039978068
19053,2,-6.127484866784393
19061,2,-5.137500677901244
19070,2,-6.086871467897467
19072,2,-7.000301627185486
19076,2,-4.672383532347183
19077,2,-5.694851722307732
19095,2,-4.325546389538836
19096,2,-4.299106622911843
19108,2,-4.536771317752752
19125,2,-4.621892661629708
19132,2,-5.224120267616911
19139,2,-5.6640267542787655
19151,2,-5.238080588266378
19159,2,-5.015125764635442
19163,2,-4.7312884568499385
19168,2,-6.511933067069762
19178,2,-4.565841284389755
19181,2,-5.48459519021619
19184,2,-5.156080178699618
19185,2,-5.835315402071728
19196,2,-6.775757967851611
19197,2,-5.840821961329027
19202,2,-5.080016204318902
19207,2,-4.408940669565574
19208,2,-6.037077387981007
19209,2,-4.764974864274315
19216,2,-3.8206620713273622
19224,2,-4.558746323878232
19233,2,-6.3892102366354635
19244,2,-4.492300984374708
19255,2,-5.082837515998484
19262,2,-5.858584369054881
19266,2,-4.6368241435853506
19270,2,-5.892731611756716
19278,2,-4.392359524331518
19279,2,-4.6026095861783745
19289,2,-4.593547462876252
19292,2,-4.6746729847984625
19299,2,-4.5768554600358655
19303,2,-6.037077387981007
19305,2,-4.7676334090429435
19310,2,-5.847566948293718
19314,2,-4.169471955990701
19317,2,-5.367008441255983
19328,2,-4.455867866996201
19332,2,-5.0248934747861185
19338,2,-4.004580060995089
19346,2,-5.5344898281059045
19347,2,-4.085767454707771
19353,2,-4.527547566572494
19354,2,-6.604469320058655
19355,2,-5.371842701421045
19359,2,-5.683728770100757
19360,2,-5.749394558635224
19365,2,-3.1670135488813287
19379,2,-5.137558877648381
19382,2,-5.243194858091286
19390,2,-5.1087558119026255
19403,2,-5.964663014122706
19411,2,-3.2571324599113254
19415,2,-4.170071884899173
19419,2,-6.052978916414162
19422,2,-6.159529568119666
19431,2,-7.881787387157829
19434,2,-4.851734633816854
19447,2,-5.598789377531361
19448,2,-5.933994304093808
19457,2,-4.2471252181382155
19458,2,-4.5786520989073125
19469,2,-4.660407700450087
19477,2,-2.859570522384331
19488,2,-2.6195076445971424
19493,2,-6.54281668629902
19497,2,-4.7111303639229405
19503,2,-4.325461920789792
19507,2,-4.635916833563265
19522,2,-4.353728490557515
19542,2,-4.605091865534305
19549,2,-4.642592532267265
19550,2,-6.1944332678156755
19554,2,-5.626579551877079
19555,2,-4.546292801908663
19564,2,-4.064381501022233
19568,2,-4.974349659191958
19569,2,-5.41826448434459
19576,2,-5.41826448434459
19580,2,-4.513859879616128
19590,2,-5.4244176763609815
19596,2,-5.146961125326364
19608,2,-4.330599196124027
19621,2,-4.534410848120565
19634,2,-5.171335114753141
19635,2,-4.092770167389375
19641,2,-5.645050939376638
19646,2,-4.330599196124027
19652,2,-6.333822183317551
19657,2,-6.336098245775986
19662,2,-5.035004524214024
19685,2,-6.154290560278191
19692,2,-6.341602102866368
19693,2,-6.740545100718968
19695,2,-4.436523002088805
19714,2,-5.077754073653416
19716,2,-4.20553205141632
19727,2,-4.381980748552671
19728,2,-4.159000167826974
19740,2,-5.433639059527508
19741,2,-5.832902404974995
19742,2,-4.546172658646547
19743,2,-6.4316380463634815
19747,2,-6.40393625062643
19754,2,-4.520850882094351
19767,2,-5.723877500876263
19773,2,-5.684784699237333
19785,2,-3.2372929836517557
19800,2,-4.7210168647378765
19802,2,-6.515342547646419
19806,2,-5.549495033897848
19810,2,-6.641894578455023
19823,2,-4.383150341786461
19829,2,-4.83208127572356
19833,2,-5.820190381734953
19835,2,-4.239359794167996
19836,2,-5.383602082374907
19849,2,-5.599889075191463
19855,2,-4.803281002177158
19869,2,-4.868825811188529
19871,2,-4.868825811188529
19874,2,-5.387285371816823
19875,2,-3.9931601909961856
19880,2,-5.707413558184719
19883,2,-4.75057980365677
19894,2,-5.183867151233123
19901,2,-4.605494970775531
19910,2,-4.654591176220038
19911,2,-6.052152623903268
19918,2,-5.387590092486462
19921,2,-4.944144878919175
19932,2,-3.910966862977709
19936,2,-4.428415059169964
19938,2,-4.886985503460096
19945,2,-6.148880302371609
19960,2,-6.303994573962733
19964,2,-5.8594945436461785
19971,2,-4.8776995394156515
19978,2,-5.959480674618241
19986,2,-5.365815504987225
19991,2,-5.224584918817129
19992,2,-5.103925297935611
19993,2,-4.725162634526853
20001,2,-5.257475279911695
20002,2,-5.919221002574616
20010,2,-4.516229728977109
20020,2,-5.021983617796792
20023,2,-4.207497143295548
20025,2,-6.078004842490422
20027,2,-4.802761768973902
20035,2,-5.427723481973047
20041,2,-4.851907615888301
20051,2,-4.127301171678141
20052,2,-5.031822606852408
20055,2,-4.700961424858868
20063,2,-5.85330620514636
20064,2,-5.713834439201371
20070,2,-4.127301171678141
20084,2,-5.0183752821483125
20091,2,-5.049200250177279
20096,2,-4.184565906334086
20119,2,-4.963049643419936
20120,2,-4.7055607538969895
20137,2,-4.974557872196456
20147,2,-3.94137985625499
20157,2,-4.9068505035828665
20159,2,-4.510966289055858
20168,2,-4.717795238580898
20173,2,-4.73788370275129
20176,2,-5.735091354843426
20179,2,-6.756012073015249
20185,2,-4.919338928910491
20189,2,-6.411077786491539
20192,2,-6.261010390023628
20237,2,-4.563089138129854
20240,2,-4.325029586098083
20248,2,-5.168713831118367
20252,2,-7.102988845362063
20254,2,-4.624311660113193
20258,2,-4.152999641659768
20261,2,-3.252878141569404
20265,2,-5.971533788250625
20268,2,-6.123379740338592
20270,2,-4.707432674365741
20277,2,-4.779761141135303
20280,2,-5.096967218885759
20288,2,-4.614832517547605
20291,2,-5.9545795113824695
20303,2,-5.123406985512737
20305,2,-5.231836895949023
20314,2,-5.182552660627977
20337,2,-4.701622173092559
20339,2,-3.237923648886351
20350,2,-4.4454534849031475
20351,2,-4.656385496184463
20361,2,-4.309372996923415
20364,2,-4.549075094892238
20367,2,-4.471893251530133
20371,2,-5.25058668678178
20373,2,-5.5317481738238925
20386,2,-5.155589444399439
20392,2,-5.291397958833663
20393,2,-3.891572171332392
20400,2,-4.380862224454617
20406,2,-4.88474461439732
20416,2,-5.168117562071032
20427,2,-4.960495530528895
20433,2,-5.9217261033280195
20440,2,-4.2106789976197945
20441,2,-5.227918816017173
20466,2,-4.842249522997129
20476,2,-5.190912226214785
20479,2,-6.335066940625524
20481,2,-5.425155414827458
20483,2,-4.854113910604411
20484,2,-6.043240443523381
20486,2,-5.0711771418753955
20503,2,-4.714338004963885
20507,2,-4.802039200051951
20511,2,-4.725740696369428
20518,2,-4.400470937471042
20529,2,-4.495573008221719
20533,2,-5.058346387402999
20568,2,-4.634041625285242
20573,2,-4.706304964153752
20575,2,-5.322195301131202
20577,2,-5.082473028817262
20587,2,-4.893150371303484
20598,2,-6.943303176135856
20603,2,-4.667918771845677
20605,2,-5.4522153223671666
20606,2,-4.373281355788052
20608,2,-5.283303939973045
20609,2,-4.244642938782285
20624,2,-6.158534121288426
20655,2,-4.252417729562268
20663,2,-4.036146325669407
20666,2,-4.377685977828577
20670,2,-5.90386017107393
20672,2,-4.619987229503238
20673,2,-5.511039339592628
20674,2,-5.767365367351388
20675,2,-5.411209703685103
20681,2,-5.128333450788148
20682,2,-5.3348896749291725
20688,2,-4.3889864750181715
20690,2,-5.150086995319974
20691,2,-4.30968246421822
20694,2,-6.367773021340128
20698,2,-4.006583386750513
20711,2,-5.111126710571753
20712,2,-4.667918771845677
20717,2,-6.853337439719894
20722,2,-4.4501461439822165
20723,2,-5.890676042476478
20725,2,-5.083417315284343
20730,2,-5.311050123626373
20732,2,-5.019035144611408
20746,2,-5.973099016492064
20759,2,-5.79342538592968
20768,2,-3.889946433591696
20772,2,-5.023540742391475
20776,2,-5.463160534270642
20777,2,-4.559901183167717
20793,2,-4.26233322000639
20794,2,-7.978771590427378
20795,2,-5.6966244848119345
20800,2,-5.826286272253192
20817,2,-4.430546090444004
20819,2,-4.204311801170455
20823,2,-5.819465457163211
20830,2,-5.0930175744141195
20842,2,-4.514841259953187
20846,2,-6.360261949944537
20862,2,-4.089133417637981
20867,2,-4.107275916202397
20874,2,-5.817850003443155
20899,2,-5.046045715310633
20911,2,-6.237287970459896
20913,2,-4.737164183915191
20922,2,-6.363385122236451
20925,2,-4.035505432733423
20935,2,-5.151987752979814
20949,2,-4.367032313502534
20952,2,-4.035505432733423
20968,2,-4.731904905758213
20971,2,-4.43015537833319
20974,2,-6.99067524949028
20993,2,-5.268760217923052
20994,2,-5.417449162844186
20997,2,-5.339840025134691
21001,2,-4.81813054199349
21019,2,-4.864580091471659
21024,2,-4.092398261299948
21027,2,-4.066330400762389
21031,2,-5.90375586816279
21038,2,-4.707405571304335
21044,2,-4.6127101146876655
21045,2,-6.795328424976269
21046,2,-4.696084133648618
21049,2,-7.09190707446777
21055,2,-6.856861231266137
21056,2,-6.440225929005898
21057,2,-5.548751209018036
21059,2,-5.480091523552559
21066,2,-8.223657093558053
21071,2,-5.345551760558045
21073,2,-5.842962911936169
21077,2,-4.90900279749777
21080,2,-5.045957009320823
21086,2,-5.146523473183784
21091,2,-5.146523473183784
21096,2,-3.5238811667601837
21097,2,-4.066330400762389
21099,2,-6.239202897770795
21103,2,-4.991619884573048
21109,2,-4.498004343147571
21111,2,-4.820907596723089
21117,2,-6.426719898471646
21138,2,-5.448469927908647
21153,2,-6.92898683006473
21154,2,-4.806825143629261
21160,2,-4.920849056766279
21166,2,-5.8734302361843405
21169,2,-4.579153799539881
21179,2,-7.15141518309899
21183,2,-5.574258472395542
21191,2,-6.0297093236973325
21192,2,-4.947288823393258
21198,2,-5.44772708655649
21208,2,-5.148650564359464
21215,2,-4.829531223916675
21218,2,-5.639095476771168
21226,2,-5.433794792631552
21238,2,-5.2764384387635275
21245,2,-5.421900134555969
21247,2,-6.2641002499224925
21250,2,-4.801829428179623
21251,2,-4.751909960210334
21275,2,-5.789521836588435
21276,2,-6.471880823040095
21284,2,-4.57819434541063
21285,2,-5.416758248974013
21289,2,-4.952916074878367
21295,2,-4.472321260700568
21303,2,-4.746057245930864
21308,2,-5.811882676219895
21314,2,-4.471564576520585
21316,2,-6.430174707048806
21321,2,-5.505355182645481
21328,2,-6.914661170704221
21332,2,-5.611423082606819
21333,2,-5.279866800265019
21339,2,-6.086718232513348
21340,2,-4.3120830277244195
21343,2,-7.435316397284858
21344,2,-5.779996808677744
21346,2,-6.25495282619022
21355,2,-6.3764094857242455
21364,2,-6.089983711585965
21365,2,-6.124256837375306
21372,2,-7.877648588573344
21375,2,-5.9354375205791
21382,2,-4.161514012295456
21385,2,-5.485254475677067
21396,2,-4.951294326775347
21403,2,-4.683306308175247
21412,2,-5.474309263773577
21413,2,-4.855790146067413
21417,2,-6.8167541411811925
21439,2,-4.985475222961455
21454,2,-5.874734093901303
21458,2,-4.158214312468502
21461,2,-4.683306308175247
21475,2,-4.581995124574135
21476,2,-5.233837266922485
21482,2,-4.173442006331882
21494,2,-5.033337182292854
21504,2,-4.805422008975711
21506,2,-7.016640967783381
21508,2,-4.338798297208129
21509,2,-5.0048398381928365
21514,2,-4.475258978268499
21522,2,-5.771593860402689
21535,2,-6.047303818178747
21538,2,-6.568127744010539
21539,2,-4.990046542529704
21548,2,-6.080414660884379
21558,2,-5.2786631124024055
21572,2,-6.245710235459455
21575,2,-5.0534373067375356
21577,2,-5.712311979518454
21585,2,-5.125827431232501
21594,2,-4.735860276693941
21596,2,-4.6579159007824416
21598,2,-6.963019852143439
21614,2,-4.885363862273216
21637,2,-4.4317502423495085
21638,2,-5.599250471901833
21642,2,-4.635384613005918
21646,2,-4.216741076234513
21649,2,-5.633494541572411
21656,2,-4.615668232017235
21661,2,-5.200190987213944
21664,2,-5.967194100254666
21668,2,-4.419753565842562
21670,2,-4.4179398175972935
21672,2,-7.1630437799926625
21673,2,-6.074449152452701
21678,2,-5.2738428397990305
21679,2,-4.26358476684846
21685,2,-4.893988460717367
21688,2,-5.299333160253909
21689,2,-5.768802585834649
21690,2,-5.044089983766511
21693,2,-5.130090147547406
21707,2,-5.931591398484237
21708,2,-5.279006942867824
21709,2,-4.500940959555237
21710,2,-7.47273840768036
21713,2,-5.991090910662713
21714,2,-5.62817441589339
21727,2,-6.633005810233151
21729,2,-5.2574557218698885
21733,2,-4.850048680008214
21738,2,-5.133814940166005
21739,2,-4.573506226739148
21752,2,-6.398109330464443
21754,2,-5.195378320362934
21757,2,-5.7844322144254505
21763,2,-5.088001619067285
21772,2,-4.267184685175948
21773,2,-4.267184685175948
21783,2,-4.791656963220156
21801,2,-4.069456270756
21809,2,-5.475458882140671
21810,2,-4.338340790816744
21813,2,-5.18077448793359
21822,2,-4.951035762558583
21832,2,-3.8206620713273622
21833,2,-4.033023153377499
21842,2,-4.72202990593712
21846,2,-6.024549270309414
21850,2,-5.292543743997676
21857,2,-6.094342122636959
21862,2,-4.598711565945045
21874,2,-4.421814768802548
21878,2,-5.853260622516451
21896,2,-4.805734407220058
21903,2,-5.173390195360241
21907,2,-4.490545982982752
21909,2,-4.38711455454942
21915,2,-3.877926805983307
21928,2,-4.296386318200035
21930,2,-5.108327836453363
21936,2,-5.191499331517875
21955,2,-5.853511432265201
21963,2,-4.434950712484522
21964,2,-3.8394394175825752
21965,2,-3.999695844310736
21978,2,-4.4436820341259775
21981,2,-4.218203172155292
21987,2,-5.685715414232213
22005,2,-7.165629069976518
22023,2,-5.49815812654608
22024,2,-4.592285433766186
22030,2,-4.660572601665642
22040,2,-6.478419595291605
22044,2,-5.2204798840828985
22052,2,-4.478804470580727
22054,2,-4.598243292559744
22066,2,-6.468964630637181
22069,2,-5.149862654787874
22090,2,-4.467674965992991
22095,2,-5.312012529146763
22096,2,-5.475205428465664
22107,2,-5.057398922228337
22110,2,-5.637182045572992
22117,2,-6.486771583487119
22120,2,-4.966424239668761
22140,2,-4.952858433419195
22143,2,-5.8028590267988704
22151,2,-3.9596859903542736
22152,2,-3.9332462237272807
22155,2,-4.634448075693527
22159,2,-3.443734952571724
22176,2,-3.9332462237272807
22180,2,-6.993573433580941
22181,2,-5.484190248137402
22195,2,-4.367220441933725
22197,2,-4.382530703972975
22199,2,-7.292583627254309
22204,2,-4.540007070552022
22211,2,-5.262878009501158
22213,2,-3.9710573390090715
22214,2,-4.603130135382678
22217,2,-6.029835596045679
22226,2,-3.905544427990229
22235,2,-5.943466725717748
22237,2,-4.42253627684952
22238,2,-4.3107638384334805
22247,2,-5.432056455608574
22249,2,-6.077992654322344
22253,2,-5.187019965217651
22262,2,-4.576690368755685
22266,2,-5.074354562355381
22272,2,-4.2128653911848915
22280,2,-5.084343298358661
22285,2,-4.922915503749756
22299,2,-5.007085719141699
22301,2,-4.631324903401612
22304,2,-5.931424931882802
22319,2,-6.993366571799676
22328,2,-4.802613551194575
22337,2,-4.829053317821561
22338,2,-7.055887328535782
22340,2,-4.653148434498071
22345,2,-4.9382257657890065
22354,2,-4.396080021527645
22356,2,-5.3519485888053495
22359,2,-7.054492299854026
22362,2,-4.288078921544567
22385,2,-4.892305512530832
22391,2,-4.753894423818011
22392,2,-6.080434218926179
22396,2,-3.1972874107752105
22410,2,-5.899331902124118
22427,2,-5.062124130890581
22431,2,-5.24731350766249
22434,2,-5.233208546010715
22440,2,-3.88326506724065
22445,2,-3.8845270963507232
22448,2,-5.373608731623385
22452,2,-3.8845270963507232
22467,2,-5.619701957379611
22472,2,-5.6583449326103405
22478,2,-2.8948815440077453
22483,2,-4.623766208191078
22485,2,-4.4402009222627115
22492,2,-6.069201249839558
22506,2,-6.402791551133731
22515,2,-4.852340270464012
22529,2,-4.206897214387077
22533,2,-4.805641509096574
22558,2,-4.331049710199309
22568,2,-3.941791831006668
22571,2,-6.965763464511674
22580,2,-5.077741079048316
22585,2,-4.732013365310124
22604,2,-5.522539161629126
22609,2,-5.106510157015123
22610,2,-4.206897214387077
22613,2,-4.970135362340038
22617,2,-5.040114458981492
22621,2,-5.227566079639509
22622,2,-4.101032857025885
22627,2,-4.127472623652871
22631,2,-4.995543851169806
22643,2,-5.156165355496064
22647,2,-4.4007132634329125
22652,2,-4.9187569394321
22656,2,-5.413673503676989
22659,2,-4.367733008402979
22665,2,-4.749348147858015
22667,2,-5.084159275477042
22669,2,-5.450714333718011
22670,2,-6.523983352646937
22678,2,-5.911431973317079
22681,2,-5.3853494918898335
22683,2,-5.234785389990897
22694,2,-4.916767157343557
22696,2,-6.835879553366247
22705,2,-4.464848176548472
22710,2,-5.269981378427097
22720,2,-5.998448558916813
22727,2,-7.004880192676495
22734,2,-5.046754144702874
22735,2,-4.857244946571818
22736,2,-5.653505376481299
22737,2,-5.398442752680786
22739,2,-5.477839820809628
22740,2,-4.494378620634791
22752,2,-5.144584490879353
22763,2,-3.863261488604685
22768,2,-4.77849911202523
22770,2,-6.247000664262487
22774,2,-5.793905081488248
22776,2,-5.335858008954105
22778,2,-7.287300752334033
22779,2,-4.991817033975863
22780,2,-4.801502840223904
22787,2,-4.686694335477526
22799,2,-4.8269355191661845
22818,2,-7.0717975080954005
22820,2,-4.628784912994327
22850,2,-6.545755540923707
22851,2,-5.232327630249202
22853,2,-4.808694592671102
22861,2,-5.616250909522456
22864,2,-6.356936224127502
22865,2,-4.972452418744481
22871,2,-6.996176457788955
22875,2,-6.567192756219043
22887,2,-4.991380926540089
22890,2,-4.859252882574964
22908,2,-6.2915452158396405
22912,2,-4.747361277859866
22919,2,-5.767465314861262
22931,2,-6.215059907564587
22945,2,-5.134593838952583
22950,2,-5.839378923703762
22954,2,-4.662347730679798
22959,2,-5.384993078581601
22963,2,-4.376511858318295
22966,2,-4.156623587820086
22973,2,-4.389076742655327
22980,2,-4.8390414450858685
22989,2,-5.968284733221346
22994,2,-5.172286286616405
22995,2,-6.109186065127922
22999,2,-5.730857648247422
23001,2,-5.513563691345887
23007,2,-3.415626706426387
23017,2,-4.617160917264691
23031,2,-4.722291035840939
23032,2,-3.813453803682087
23044,2,-7.249362610488419
23063,2,-5.676878852794339
23067,2,-4.952002699804794
23076,2,-6.270577774905519
23078,2,-4.7324471411215185
23081,2,-3.9608565335967185
23090,2,-4.7201963351385885
23092,2,-4.669249582768366
23113,2,-4.732744730780745
23124,2,-6.706204388092644
23128,2,-4.586335949235725
23134,2,-4.913241958497338
23137,2,-4.521712493415777
23142,2,-4.395716544579635
23147,2,-5.291827636230515
23149,2,-6.454967956003493
23153,2,-4.306803553384434
23156,2,-5.687812404423525
23161,2,-5.084480964820408
23162,2,-4.732744730780745
23167,2,-4.726514317424318
23171,2,-5.694851722307732
23173,2,-6.3583105003990354
23174,2,-5.5507541835476815
23192,2,-4.786101874795065
23194,2,-5.00999492375189
23197,2,-5.54264851465058
23209,2,-5.912379738435291
23220,2,-5.43164371623412
23222,2,-5.248176960870737
23223,2,-4.0893005857523335
23229,2,-5.651067868958556
23231,2,-4.7121194449923465
23237,2,-7.088245089429272
23238,2,-5.258835382588771
23243,2,-3.778609309169312
23247,2,-5.0340329436475315
23254,2,-4.063848121406458
23262,2,-4.714416574370468
23266,2,-4.494114732619977
23273,2,-5.837305550191694
23277,2,-6.211740314449045
23292,2,-5.907652994629238
23297,2,-5.62173704274327
23298,2,-5.594035247006218
23303,2,-5.042831943121939
23313,2,-3.847101837954348
23325,2,-5.62173704274327
23329,2,-4.799041218729158
23336,2,-4.898530929494235
23341,2,-6.530511108859592
23349,2,-3.357590566798784
23351,2,-5.512744033327621
23364,2,-5.606597535580512
23366,2,-4.480643127600338
23377,2,-5.637077565984683
23380,2,-5.227256534596876
23381,2,-4.230751567797448
23382,2,-4.584842968969362
23384,2,-4.695619664089357
23390,2,-3.0934861053308964
23393,2,-3.8849122750753082
23395,2,-5.448765661838678
23427,2,-4.682043984046274
23431,2,-6.267871764668051
23435,2,-5.733459802740278
23436,2,-4.5323639887889655
23437,2,-5.958383411090068
23443,2,-4.881397789009334
23448,2,-5.098834648667825
23459,2,-5.482229301649809
23475,2,-5.2658223467363285
23476,2,-6.7791324585245505
23482,2,-5.239161359538066
23495,2,-6.806834254261602
23496,2,-5.608117276994754
23515,2,-5.745267803906337
23523,2,-4.606698885019895
23537,2,-4.371783422827498
23542,2,-5.544512900156498
23564,2,-5.1132582760270395
23566,2,-4.72296852935829
23568,2,-5.239120596804803
23570,2,-4.009288304638446
23580,2,-7.084622608592049
23595,2,-5.535178804349613
23599,2,-5.570952666783484
23613,2,-4.750783377174777
23619,2,-6.0877486096552005
23622,2,-5.544512900156498
23624,2,-5.169168609435538
23631,2,-5.220911988853288
23637,2,-4.971371492322163
23638,2,-7.084622608592049
23641,2,-6.437306003118323
23657,2,-5.773137132178199
23660,2,-4.771627508607594
23662,2,-5.156033922630677
23682,2,-4.743533084232922
23683,2,-4.717093317605936
23690,2,-5.324246793068298
23701,2,-4.0169507250102185
23706,2,-4.09146574341338
23708,2,-5.944728754827814
23709,2,-5.772694467553272
23717,2,-6.332328154129627
23719,2,-5.471123030875958
23732,2,-6.365131360554379
23736,2,-5.896148583953362
23739,2,-4.99398194140926
23744,2,-5.19600906723462
23756,2,-6.826967576849178
23759,2,-4.771627508607594
23761,2,-5.590008140837121
23778,2,-4.951756424772768
23796,2,-5.56752205132787
23797,2,-4.895883138280524
23799,2,-4.455042954228148
23804,2,-6.16625469203322
23807,2,-4.813410292796334
23812,2,-5.857657356341768
23822,2,-6.8697657577325515
23827,2,-4.22879050119316
23833,2,-5.741069084078717
23843,2,-6.03595884222527
23852,2,-5.641066734092362
23881,2,-5.032903406481459
23883,2,-5.771374223136348
23884,2,-5.293237531444348
23892,2,-6.446581823137379
23896,2,-6.333084293421983
23911,2,-4.723532617098016
23930,2,-5.214106196104616
23931,2,-4.872173915307826
23939,2,-6.775901451205932
23943,2,-3.377413564327192
23949,2,-4.427665232652522
23951,2,-6.2686226137965875
23953,2,-4.668647901626919
23958,2,-4.968467265176102
23960,2,-4.786569834997252
23962,2,-5.089398792857189
23968,2,-4.968467265176102
23992,2,-5.6423287632024355
24002,2,-0.9689052078073743
24006,2,-1.2001418062232077
24014,2,-1.0961193614579159
24018,2,-0.9075974275965706
24020,2,-2.13438150988366
24022,2,1.2088124447650515
24023,2,-0.7778963036338169
24034,2,0.7618926018808097
24038,2,-0.669149018685566
24040,2,-0.8001856186376202
24049,2,-0.3613157237615354
24052,2,-2.4681084591523685
24059,2,-2.052404139434465
24060,2,-0.6922673018592107
24074,2,-6.792763268562233
24075,2,-6.761194830843081
24081,2,-7.864412947536351
24088,2,-7.056401411686068
24097,2,-7.044628041551071
24105,2,-6.920197645550175
24107,2,-7.7905345540688415
24117,2,-6.707754691606382
24122,2,-6.1250072721033035
24130,2,-6.916516786353718
24131,2,-5.849730140682048
24133,2,-7.092337629502154
24135,2,-3.6242538859032294
24138,2,-5.326900977671869
24139,2,-4.054916874135209
24151,2,-5.81734589008358
24170,2,-7.129502239713425
24186,2,-5.824289193581137
24204,2,-6.590247023242874
24235,2,-5.114148283704203
24236,2,-6.319848438034022
24238,2,-6.249239341794116
24253,2,-6.426690053523856
24266,2,-4.265593480973038
24272,2,-6.610029562205192
24285,2,-4.111115373368335
24291,2,-7.144560317653486
24297,2,-5.509736362799352
24298,2,-6.585094642605881
24299,2,-5.78642150426348
24306,2,-6.45041688817372
24316,2,-8.24715370346911
24318,2,-6.040366506768635
24319,2,-5.458117213577424
24322,2,-6.654449842790854
24328,2,-3.912171804669697
24338,2,-5.734686866953602
24341,2,-4.567127228360462
24343,2,-5.729748223990214
24356,2,-6.751700499337652
24375,2,-3.969436539325649
24376,2,-6.800813791685584
24386,2,-5.112679524960704
24389,2,-6.962896382981661
24392,2,-4.247884309179199
24393,2,-5.692583613778943
24395,2,-5.877431936419107
24396,2,-5.001954711301757
24397,2,0.26314290234498117
24398,2,-6.940261662678367
24401,2,-5.806972743145316
24407,2,-7.143076833936043
24408,2,-6.899773318151006
24415,2,-4.6869194943770225
24424,2,-6.114548309883915
24435,2,-7.4984264163255645
24448,2,-5.695976710259906
24459,2,-4.933116885709012
24475,2,-7.539683736519699
24498,2,-5.154405281925747
24499,2,-5.489521598754351
24502,2,-6.744568753820836
24507,2,-6.14856963880969
24519,2,-3.8723067886865294
24521,2,-5.746902674583929
24528,2,-6.044457867897165
24539,2,-5.804735595583217
24552,2,-5.356463916590755
24554,2,-6.188370284688347
24557,2,-5.33803538434006
24568,2,-5.695976710259906
24593,2,-6.218157615787803
24614,2,-5.377136058369054
24615,2,-5.437983200530418
24618,2,-7.492406610785764
24620,2,-5.844559277765441
24625,2,-4.92671683161246
24633,2,-7.701576962852272
24643,2,-4.385955346849123
24666,2,-6.1238279093384165
24673,2,-5.479258157601613
24680,2,-6.024947276656157
24685,2,-6.831962068058225
24697,2,-7.1576962613354596
24710,2,-7.455080626996569
24721,2,-5.756062756595433
24726,2,-5.353340744298855
24730,2,-5.546077015899421
24732,2,-6.0277981996220475
24740,2,-3.758403315497425
24744,2,-6.974463821837425
24749,2,-6.038849179710425
24787,2,-4.911968931469396
24808,2,-5.512993112404686
24810,2,-3.9778274682218395
24817,2,-7.973018194029947
24818,2,-6.849965633228408
24835,2,-6.596999731551229
24845,2,-4.126898443782572
24852,2,-5.57218705613986
24858,2,-3.8795333151227567
24861,2,-5.274390401239714
24870,2,-6.6696175878049715
24872,2,-5.518075961723653
24878,2,-4.880731325571681
24881,2,-5.681157664404438
24882,2,-5.5825419732144255
24885,2,-6.514335526728907
24887,2,-6.099838706984961
24889,2,-4.356660763908188
24890,2,-6.6110565676153
24893,2,-6.661906892524186
24900,2,-6.529428627508565
24903,2,-6.152901128544755
24926,2,-5.369780199992192
24929,2,-4.099538534079834
24930,2,-5.527912925076244
24943,2,-4.343768984204601
24944,2,-6.590497144175465
24957,2,-5.801184484869516
24959,2,-5.690540148630127
24963,2,-4.213311258681422
24974,2,-5.968210416347574
24980,2,-5.029128814391967
24989,2,-4.120484034035513
24993,2,-5.945810609394691
24995,2,-6.594317903648509
24997,2,-4.745363074737632
24998,2,-5.606425435765303
25002,2,-5.398168866359335
25008,2,-6.3110463717934735
25017,2,-4.317309566591923
25023,2,-6.223480877112138
25028,2,-4.3772088017972735
25033,2,-6.043516075912073
25052,2,-5.453484701275123
25068,2,-5.698183004976002
25078,2,-6.378364159716938
25087,2,-5.460811227067708
25094,2,-4.975626727721448
25104,2,-6.270040753111417
25107,2,-5.864788861707773
25115,2,-4.3390327918131035
25118,2,-7.510357941107657
25126,2,-6.423668829847124
25131,2,-6.312366246663736
25140,2,-6.85351027752948
25141,2,-5.247674597909899
25144,2,-4.148842073490599
25149,2,-3.7278589962414515
25151,2,-6.142469685553529
25157,2,-4.104447403062771
25158,2,-6.352733690658269
25159,2,-7.088319180382463
25170,2,-6.995131290391868
25181,2,-7.023974548354957
25189,2,-5.858449219525461
25191,2,-6.11944012474936
25214,2,-7.266932082206516
25218,2,-4.020607521356979
25229,2,-6.1061679514875
25233,2,-5.7593131120626
25234,2,-4.832787156593007
25237,2,-6.246488234973654
25239,2,-5.958162639580792
25242,2,-4.418224976607654
25247,2,-6.517246057586185
25256,2,-8.379582913852552
25271,2,-3.5756538040754435
25275,2,-7.479629323627002
25277,2,-4.835921106171817
25294,2,-5.5728738825927095
25307,2,-5.038709666556052
25308,2,-5.781857981479725
25312,2,-7.42968763510428
25321,2,-6.240302386748958
25322,2,-5.058275538973476
25324,2,-5.81925857858608
25331,2,-7.255660278916032
25340,2,-5.95835900503684
25345,2,-7.538766231912916
25353,2,-6.892320660306822
25355,2,-7.1184777699076065
25357,2,-6.383558658687228
25361,2,-7.585847867009079
25377,2,-6.07540409382095
25379,2,-4.3180978905513285
25381,2,-6.029053783597632
25388,2,-5.501764015975638
25392,2,-3.9353555183976
25402,2,-7.9189194184451495
25409,2,-6.834099652361459
25420,2,-3.8620922626490355
25429,2,-6.165834478647646
25439,2,-4.991742296337144
25443,2,-5.002275130105602
25450,2,-4.766312086180136
25451,2,-4.794013881917195
25453,2,-4.070363489978121
25455,2,-2.8147800064441597
25464,2,-3.9247195589608666
25485,2,-4.728919451875626
25499,2,-2.6184253695906676
25502,2,-4.464507324010526
25521,2,-4.319571252050892
25529,2,-4.33583988843457
25531,2,-5.842125029325771
25551,2,-4.390137131140349
25572,2,-4.372273005813078
25574,2,-6.602155033699816
25580,2,-4.149918573011419
25582,2,-5.124282981920359
25605,2,-5.208616779553999
25606,2,-6.450385902205511
25616,2,-4.631761231750431
25618,2,-4.4871345354564625
25621,2,-4.7111851710011905
25623,2,-3.3303291429743638
25628,2,-5.502650217771347
25631,2,-4.5967236057216
25635,2,-4.934427038283715
25642,2,-4.4673801985015515
25646,2,-4.6453589697475834
25661,2,-2.0409608689542935
25668,2,-4.792430067059399
25669,2,-5.096704474972817
25676,2,-3.0106946726188397
25677,2,-4.021690650990337
25680,2,-4.362279655061556
25688,2,-5.655846124957613
25705,2,-2.8495773070783557
25714,2,-4.350396220079858
25734,2,-2.879851971014972
25739,2,-3.3546961245844997
25740,2,-5.150771420241412
25741,2,-5.962257687634278
25747,2,-3.3728856022309444
25753,2,-4.612804201841236
25774,2,-5.765089719664623
25780,2,-5.476210451144368
25781,2,-4.037196826755654
25782,2,-5.267439187044474
25789,2,-4.501446552956395
25790,2,-4.416576897767328
25793,2,-3.580332140210544
25794,2,-4.558291212866045
25795,2,-4.833209734902738
25798,2,-5.393320368411807
25801,2,-3.910596991869575
25803,2,-3.0977986231076144
25815,2,-5.7622470562776655
25832,2,-4.779353327484827
25833,2,-5.9762876525841975
25839,2,-5.610617005526009
25843,2,-2.5816124560254323
25846,2,-2.463854671378094
25853,2,2.3829509164791816
25855,2,-4.820453648544174
25857,2,-4.727850113614515
25859,2,-4.637844469327028
25871,2,-4.794013881917195
25880,2,-4.41682190859769
25887,2,-3.1008560612154312
25893,2,-5.26454972936417
25894,2,-5.01333059779455
25895,2,-3.974232394580298
25899,2,-6.259403449029179
25900,2,-5.3472901079078525
25906,2,-5.470693247740087
25910,2,-5.293448171971377
25916,2,-6.383769971942698
25922,2,-2.5307024694755356
25923,2,-3.9074630422907575
25924,2,-5.475008063450915
25935,2,-3.9570214858475055
25940,2,-2.545465567028039
25942,2,-5.10300433676035
25945,2,-4.278085255149598
25954,2,-5.127354510931568
25956,2,-6.670588658220794
25958,2,-4.2720290494804445
25964,2,-5.266196513393787
25974,2,-4.4207289943854775
25982,2,-4.14925925355039
25989,2,-3.949233490352796
26000,2,-5.599626868454628
26003,2,-3.3496685998915936
26009,2,-4.912185913247832
26015,2,-5.297599416793325
26028,2,-5.037612414622963
26035,2,-6.767085247663246
26039,2,-5.351974935737381
26042,2,-4.6386688462945145
26043,2,-4.639106498437094
26049,2,-4.273233789980026
26056,2,-4.851278616573147
26061,2,-3.5786660286212495
26067,2,-3.6828139877486947
26082,2,-3.5512563065145244
26108,2,-4.896521330461198
26115,2,-4.747427731617833
26118,2,-5.734232218043914
26126,2,-5.952579450919416
26129,2,-5.982588709089768
26135,2,-5.481222374540309
26138,2,-4.059179559375124
26148,2,-2.8534122043879933
26151,2,-4.132893252447765
26153,2,-5.480661554335583
26154,2,-3.241319740979428
26167,2,-3.9647277769467095
26178,2,-6.242896000337524
26196,2,-5.377935030133223
26223,2,-4.364074160294017
26236,2,-2.899147189489014
26241,2,-4.556097995709912
26247,2,-5.073534640600535
26248,2,-4.314733226382032
26249,2,-4.054415772065312
26255,2,-6.186838353490529
26258,2,-3.3389197231675
26272,2,-3.9165446814402927
26274,2,-4.403904376717861
26279,2,-5.489417021919429
26287,2,-4.426521745934899
26288,2,-4.113398559440711
26293,2,-4.386291832526254
26299,2,-4.63810988165654
26302,2,-2.869736381736672
26304,2,-5.0507063274337725
26305,2,-6.113834970986382
26306,2,-4.536850915118784
26307,2,-5.0507063274337725
26318,2,-4.49351540681451
26320,2,-4.57598686263141
26322,2,-3.576093875478122
26325,2,-4.886362847368943
26327,2,-3.901214000005247
26328,2,-2.7700160508045144
26332,2,-4.487608878000792
26333,2,-4.5925311130884126
26336,2,-6.086340855698239
26352,2,-4.504240250398794
26355,2,-5.5538649775316955
26357,2,-4.300951095463368
26361,2,-5.646897233509286
26363,2,-4.81199538722646
26365,2,-2.5415590980101186
26373,2,-4.708465127647031
26375,2,-4.956157543783007
26378,2,-3.736266445259254
26385,2,-4.283622075956828
26392,2,-4.49351540681451
26396,2,-1.7238662399040763
26397,2,-5.591028899387908
26398,2,-5.099530658311565
26399,2,-4.738013727780128
26401,2,-4.19006174839361
26411,2,-4.980788786496149
26420,2,-5.452983904540922
26426,2,-5.6044592455488385
26457,2,-3.950338683521153
26463,2,-3.795175501616619
26473,2,-5.034202261767433
26485,2,-4.260295883690098
26489,2,-4.264517978084854
26492,2,-5.650242989094863
26497,2,-5.09611196918209
26503,2,-4.126702382385723
26508,2,-4.4365525327708895
26509,2,-4.426023362878574
26516,2,-4.947791001337059
26517,2,-4.641744428011464
26518,2,-5.48289198635397
26519,2,-3.471762973460713
26527,2,-4.5925311130884126
26532,2,-5.129827709909421
26534,2,-7.636208665870875
26536,2,-4.382871070575121
26541,2,-5.055427585069566
26542,2,-4.774210865564662
26548,2,-5.479423671167908
26552,2,-4.17081432385347
26564,2,-4.20803190106848
26566,2,-3.47461443664848
26570,2,-4.427821770973232
26575,2,-3.658319111767838
26578,2,-4.247629058030377
26582,2,-4.514718450703107
26583,2,-4.634101571665582
26585,2,-3.730299291855701
26592,2,-5.141147183244826
26595,2,-5.585614777307711
26597,2,-4.734518598624987
26600,2,-5.361444327550743
26608,2,-4.925871742102792
26613,2,-3.768735734989633
26615,2,-4.760063043894625
26626,2,-4.153142149012709
26627,2,-5.110427172666171
26630,2,-3.2879121103822726
26633,2,-4.178884267722694
26637,2,-4.8109133688035115
26662,2,-5.197198560484779
26663,2,-2.6335532367329435
26664,2,-4.394324873336387
26671,2,-4.914419688260104
26676,2,-2.1777341204393252
26681,2,-4.202961390898345
26704,2,-5.506384893244032
26707,2,-3.958478734661199
26708,2,-3.840868806767574
26718,2,-5.840443760036457
26719,2,-4.244134417127029
26729,2,-5.681981333270571
26735,2,-4.618970879715391
26736,2,-4.780894661172063
26741,2,-4.343364339748597
26757,2,-3.551854825498175
26759,2,-4.206084563190252
26780,2,-2.483182800904487
26782,2,-5.045456288212158
26807,2,-4.98328403501943
26827,2,-5.324327323773716
26831,2,-6.056986729979357
26842,2,-5.518443219639273
26844,2,-5.066287905489595
26849,2,-4.694968613853057
26854,2,-5.188715109179292
26857,2,-4.1389103724695815
26863,2,-5.248498317498957
26864,2,-4.3428851486842674
26868,2,-1.7811309745600212
26869,2,-4.674266869081684
26870,2,-5.313339269885283
26876,2,-6.879278939088003
26878,2,-4.001187137671863
26882,2,-4.453881181569685
26886,2,-4.541238865455455
26887,2,-3.958478734661199
26888,2,-5.9788642819572075
26891,2,-6.333311723211182
26896,2,-3.956470798658053
26897,2,-5.218667813280646
26898,2,-3.6036460368439194
26902,2,-4.9019204280722875
26904,2,-4.824025253237174
26905,2,-4.835555312286637
26906,2,-4.394899128322983
26920,2,-5.844625647929227
26923,2,-5.299522884268981
26926,2,-4.183967117041675
26927,2,-4.055565017639005
26930,2,-5.028472764105018
26931,2,-5.309343695963598
26937,2,-7.5409213248648825
26942,2,-4.265118859742138
26947,2,-4.125382181052174
26948,2,-5.713585202966364
26952,2,-3.857108316983421
26953,2,-4.38755386163632
26961,2,-4.838929137795851
26964,2,-6.430381996611224
26967,2,-3.4877503803304535
26974,2,-6.71601693999169
26984,2,-5.110732732352687
26995,2,-4.745931345854473
27001,2,-4.374140940127582
27003,2,-4.565665124288351
27007,2,-5.300959082343738
27032,2,-5.062899530311974
27033,2,-4.179461500859567
27042,2,-6.113895095470454
27046,2,-5.116440709022207
27047,2,-4.1148649657431875
27051,2,-4.329294714710208
27058,2,-4.574354317707666
27071,2,-5.295705380346703
27081,2,-4.428044259112561
27082,2,-4.214524894680125
27089,2,-4.761002258016212
27090,2,-4.388050690035186
27113,2,-3.70146189988985
27116,2,-4.06577984974254
27123,2,-6.159631840708023
27127,2,-4.628495880071711
27129,2,-4.279834080347442
27143,2,-4.859379613437518
27147,2,-5.225659223345744
27168,2,-4.287641310262309
27174,2,-4.644783828966823
27181,2,-5.8036579835827595
27183,2,-5.617217295893418
27185,2,-4.149593319098692
27191,2,-4.514353736165674
27208,2,-4.105785422619078
27225,2,-4.05046958770329
27227,2,-3.9364915784424426
27234,2,-1.719090269381546
27238,2,-5.334042706847832
27241,2,-2.626071138111037
27251,2,-4.524337608980829
27258,2,-2.6620789571249404
27261,2,-5.503121842711401
27270,2,-4.600794084334659
27272,2,-4.994199944441654
27279,2,-5.154217363161571
27281,2,-5.7720686400642265
27282,2,-5.0272417213992355
27285,2,-4.008307582425196
27289,2,-6.066131311345131
27291,2,-4.839111112184881
27301,2,-3.9755568958156786
27306,2,-6.569109855622457
27330,2,-2.8697916567419455
27336,2,-4.5312452235249125
27339,2,-4.524337608980829
27342,2,-3.6706369318608836
27354,2,-4.287641310262309
27368,2,-2.168374749627233
27390,2,-0.8618872172420353
27394,2,-4.726944242235852
27416,2,-2.2108792512288957
27420,2,-4.63317867113291
27424,2,-6.299905722144132
27435,2,-4.632110463791868
27446,2,-5.958639819308743
27447,2,-5.804170610678241
27462,2,-5.009697217979742
27463,2,-2.80006125035181
27477,2,-5.5753070753883165
27483,2,-4.40894283690659
27498,2,-4.468257647095562
27499,2,-4.550745725924671
27500,2,-4.958302696986891
27506,2,-3.8501005674118574
27509,2,-4.236245936300932
27512,2,-4.21256195037099
27516,2,-5.030886823882462
27527,2,-4.201486600408963
27537,2,-4.622576312635701
27539,2,-5.343186741778247
27552,2,-4.692661939019423
27561,2,-4.685967076843532
27562,2,-4.3858135424730875
27566,2,-2.8131971940337763
27568,2,-6.431914841611025
27576,2,-3.739333746085393
27577,2,-4.695626256773792
27578,2,-3.663748132544015
27583,2,-5.848591990021916
27584,2,-5.764549575854943
27592,2,-4.364099376004688
27596,2,-4.731067460333293
27597,2,-4.651242474516145
27600,2,-6.108967114928021
27609,2,-5.017796942795613
27623,2,-4.554664193953471
27624,2,-6.267189778609556
27626,2,-4.641250737829729
27634,2,-3.748451283702032
27636,2,-4.865550878811867
27647,2,-3.9502560993184943
27659,2,-4.230529791201434
27660,2,-4.401890130801206
27662,2,-6.281472799687592
27668,2,-6.013087694247325
27670,2,-6.205975319160672
27681,2,3.5457105844833947
27685,2,1.30501450796951
27690,2,4.227782546233847
27693,2,3.0782902188053214
27697,2,2.5922507951205844
27700,2,3.5771001186332825
27705,2,3.318860565086169
27707,2,2.738718833752955
27717,2,0.9221968379178591
27722,2,1.770820396825016
27728,2,3.502228483387128
27729,2,4.06947020092791
27740,2,2.3716729290712664
27762,2,1.4619155477719872
27770,2,2.638575330355401
27782,2,2.3653442645968283
27797,2,3.0111342126312195
27801,2,3.098686976808203
27803,2,2.92739832901524
27810,2,4.290448685072562
27818,2,4.290448685072562
27820,2,2.91583080046491
27827,2,4.284635306138114
27845,2,1.6447850601816683
27846,2,3.0669905883021826
27848,2,2.1923363476549156
27849,2,5.1319152518812885
27852,2,2.826739002260311
27861,2,1.6078664304730665
27862,2,2.362543214070456
27867,2,4.071034363217329
27872,2,2.7756299084425606
27876,2,2.8593344097254985
27878,2,4.728713420866157
27887,2,3.7988700828278397
27905,2,2.824540681777137
27908,2,2.739574151384126
27911,2,4.086927519103206
27926,2,3.6075131119105706
27938,2,2.5890175086893237
27960,2,2.24041640241866
27963,2,2.35986914766999
27965,2,1.6002536267364889
27984,2,0.5381938438678375
27987,2,0.5381938438678375
27990,2,2.640297605661509
27993,2,0.8454843391146554
27999,2,1.7331629425091535
28002,2,-1.322754938594393
28010,2,-0.800297234312616
28026,2,-2.297049900376088
28029,2,0.04347897380851151
28037,2,-1.4737040754423347
28039,2,0.40244890115449294
28041,2,-0.34461455087622994
28055,2,1.6520961667501197
28059,2,1.7796864018229925
28062,2,-0.15449513483918054
28071,2,0.21077085218035307
28079,2,-1.7222525313102324
28083,2,-1.1922413736691198
28096,2,-0.3510136598561573
28101,2,6.3822463617937615
28111,2,-1.603765823909228
28115,2,-0.3827720186307886
28130,2,1.7590012306233902
28131,2,0.7192930308768339
28134,2,-0.31822546364141857
28157,2,-0.629336506189631
28158,2,1.3267777260649893
28163,2,-0.4385793003820879
28168,2,0.07649163041133278
28169,2,0.54217448867238
28171,2,-1.1342264312698092
28181,2,-0.7993065228259724
28189,2,1.8493816473615468
28190,2,2.0101672118722362
28196,2,0.9583367899412849
28212,2,2.08262300443905
28217,2,0.05079033270069999
28220,2,1.462024126266158
28225,2,0.33933799179312985
28230,2,0.08072319812931994
28231,2,-0.4603708293387001
28243,2,1.729774846587155
28248,2,-1.02165069091852
28260,2,2.1383420465332037
28262,2,-0.5234610309134311
28272,2,-1.3576271545939846
28281,2,-1.7160245836901495
28282,2,0.21810472310916396
28286,2,-1.229689148042084
28296,2,3.6286811288943994
28297,2,0.6831135058089544
28301,2,-0.7684243026292421
28305,2,0.5139574583455513
28307,2,-0.7380375871556808
28323,2,-1.1347423046264211
28324,2,-0.304557692509448
28326,2,-0.304557692509448
28334,2,0.4371861119528617
28337,2,1.7777503176145828
28339,2,-0.4225481473512076
28347,2,-1.717240770634163
28351,2,-1.1113043951221755
28355,2,0.9319765824138102
28356,2,-1.322754938594393
28357,2,0.42899092795255456
28360,2,3.7970795324197297
28365,2,-1.9352566810396468
28370,2,-0.4782382654476365
28371,2,1.6720600011833184
28372,2,-0.37043649039439686
28377,2,-1.029808905913697
28387,2,0.29152725997286666
28390,2,-0.07227980258325317
28393,2,1.0717750865523783
28394,2,-1.7319884619733799
28398,2,-0.03235461160615216
28399,2,1.5133145599277924
28400,2,0.48063204719922936
28409,2,2.2111685887477464
28420,2,-0.3571099529247661
28423,2,0.6805054645209623
28426,2,-0.4952126876763927
28432,2,1.4810344609864785
28437,2,0.4274458111440467
28438,2,1.948659697751772
28444,2,-1.9004186748541088
28448,2,2.7768849824684665
28457,2,-0.7106305979895851
28460,2,0.6138306612034086
28470,2,0.5743430023736025
28478,2,1.6982165904159814
28491,2,0.060512864786204545
28493,2,0.8274537723636044
28503,2,-0.03986096405250805
28508,2,-0.5296729473660662
28512,2,-1.6213783276130371
28529,2,0.09423068910978571
28530,2,1.4406060977946638
28537,2,1.574666906785609
28540,2,3.2366813934515832
28541,2,-1.3654793698160717
28543,2,1.1994792900303324
28547,2,2.2527680193465187
28552,2,1.4406060977946638
28554,2,-0.5688942098895353
28561,2,-0.3178615154544673
28565,2,1.09775839837787
28571,2,0.9601179665180553
28576,2,-0.6303442824022483
28587,2,1.5314619955800879
28589,2,0.13142296479122706
28595,2,-0.3483804882858621
28600,2,1.1994792900303324
28607,2,0.2890429237822403
28608,2,-1.1210244785922256
28618,2,0.5763664606374945
28619,2,1.4341916880475978
28626,2,-0.5151176030315554
28628,2,1.668828256840115
28638,2,-1.8472301206984838
28641,2,0.7944686467442352
28652,2,1.6831380787212922
28661,2,0.13893403618681077
28668,2,-1.7382930021705718
28683,2,-0.820584574497083
28688,2,1.3465971979709366
28690,2,0.06048028992112364
28715,2,0.07832908395887728
28725,2,1.8401169046330779
28727,2,1.0063513249582101
28754,2,-0.31327568919002147
28762,2,-1.4932544288713743
28777,2,0.5740631136827332
28781,2,-0.8829703811703666
28789,2,-0.897925189430417
28805,2,0.6372646910930015
28806,2,0.024162234556065698
28820,2,-0.25608701252210864
28824,2,0.7312127239526234
28825,2,1.5315015192945935
28829,2,1.2446253596907866
28839,2,-2.1897288807511046
28845,2,-0.8060444411264598
28847,2,-1.4187471100715285
28857,2,-0.41431846330780786
28862,2,-1.499601272149512
28866,2,1.224511430557122
28868,2,2.7361210408430594
28875,2,0.7676458413311238
28879,2,-1.5008086579304987
28885,2,0.0040637718280436275
28886,2,-0.3220403431234189
28888,2,1.873118725183602
28906,2,-1.2234878137072585
28909,2,-0.8793289094332835
28912,2,-1.4892833989006178
28914,2,-0.5063538026992376
28917,2,0.1904391516845294
28933,2,-0.013499149818400724
28938,2,-0.6976256408612187
28942,2,-1.4624977982994096
28951,2,0.04111817314088029
28952,2,0.4321238021856644
28959,2,1.1006124548553444
28969,2,0.8247721788847358
28971,2,1.0873753082329642
28979,2,2.217898017623824
28984,2,2.235687896225187
28985,2,-1.3739258367734806
28994,2,-1.6422751963362074
28996,2,-1.1663460110427906
29007,2,-0.9427360669990819
29024,2,0.7813949121552923
29026,2,0.11829138052760868
29027,2,0.645022440404226
29032,2,2.2412132538438314
29037,2,-1.3184086731449653
29039,2,1.62906451943158
29042,2,-1.2463829360331644
29045,2,-1.3123962406105107
29046,2,2.2535293270626156
29050,2,2.113582294142894
29053,2,-0.6425964213177551
29055,2,-2.071673161932729
29062,2,-1.0082219676470316
29073,2,-2.002980422306244
29075,2,-1.4678215448378253
29078,2,-0.37745342648315017
29085,2,0.63939505631636
29090,2,-0.8427632512934267
29091,2,-0.23350436877547764
29099,2,1.0675396530630508
29115,2,-1.8890435150495364
29121,2,-1.8890435150495364
29122,2,0.03517368916939034
29125,2,2.1392807641245284
29128,2,-1.6469223897743461
29132,2,0.24977314510699955
29140,2,-1.3924073563126456
29142,2,1.6919726572875078
29150,2,-0.7562374383309134
29151,2,0.196628083179192
29171,2,-0.465431041760759
29175,2,-2.3427914456332175
29179,2,1.7441812380425858
29182,2,-0.04987409497344686
29194,2,1.5377757047412643
29204,2,1.515152077787512
29213,2,-0.7601744507052786
29219,2,0.5697661702700856
29222,2,1.8017609405121817
29234,2,0.2708059308726476
29238,2,0.02144141515291409
29244,2,1.3064332941976673
29245,2,0.2473683034526033
29251,2,-1.5685582552603563
29257,2,0.0905895847905569
29259,2,-3.5875711140677353
29266,2,-0.060697254896957986
29269,2,1.5684418226233774
29273,2,2.005194342940541
29277,2,-1.8247759028891934
29281,2,0.6852207041297405
29294,2,2.155362474895938
29319,2,0.3296299480981091
29324,2,2.2740878194817
29326,2,-1.5999608055582257
29333,2,-1.3471782368810352
29339,2,-0.45283954373022794
29342,2,0.4584406368211589
29352,2,0.1232002495105462
29367,2,-0.4377292460237072
29377,2,-1.4015576310859004
29383,2,0.237966046110202
29392,2,0.004594228125192501
29399,2,0.3676173218846728
29400,2,-1.0566312934683921
29415,2,1.3147359322300503
29424,2,0.7412157863560793
29427,2,-0.04655955479234564
29436,2,0.5982628925520928
29450,2,-2.185147547009663
29454,2,0.44406583598680527
29465,2,-1.0978981424681038
29473,2,-2.0579124795348065
29474,2,-1.1818360481659127
29475,2,-0.8338627515213375
29490,2,-0.9129859114596854
29492,2,-0.46739633240790823
29494,2,2.093936232996789
29495,2,0.27142117071289107
29497,2,0.5375832096538176
29500,2,-0.7865156728506975
29506,2,-0.13710376658705314
29511,2,-0.9414634124701564
29514,2,-0.3096734908645047
29520,2,-0.006249097004548787
29521,2,-0.46944103608844046
29544,2,-1.4040309967852949
29557,2,-0.29934933845231626
29560,2,-0.6763271182337647
29573,2,0.14078214859411986
29576,2,0.1316765769043471
29579,2,-1.731844104061615
29596,2,0.8156165258914996
29601,2,-0.7075005881202046
29603,2,-1.3731219069781062
29605,2,7.202390643799021
29606,2,1.5988854827343317
29607,2,0.7803236487736243
29613,2,-0.6937478769015257
29614,2,-0.6937478769015257
29616,2,-0.12309447365799286
29622,2,0.8522644161682607
29625,2,1.347590108604102
29630,2,-1.2403628119319308
29633,2,0.5831015762267171
29638,2,0.5831015762267171
29649,2,0.056442542910680515
29650,2,-0.7087577270937615
29656,2,2.323665154559208
29661,2,-2.177215852503217
29665,2,-2.4104026682930595
29699,2,-1.0218397567458908
29702,2,0.4585378914217557
29717,2,-1.343430745779834
29719,2,0.0027804960289756764
29721,2,1.0108043156366335
29725,2,2.6750511875562992
29728,2,0.4172037469253027
29731,2,-1.0511306797119602
29734,2,0.7818068869069847
29741,2,0.5205083668657622
29760,2,-1.7286679519345967
29766,2,-0.6673081102745471
29771,2,0.005367849180089479
29774,2,0.8904509822807327
29775,2,3.288051933920194
29777,2,-0.26696508785384054
29779,2,1.0716369584487495
29783,2,-0.2872554049102689
29787,2,1.153823096883393
29788,2,1.9020824700505798
29789,2,1.5416207480783797
29797,2,1.3654428822881783
29798,2,0.02145269873249589
29801,2,-1.8997801784969894
29817,2,-0.7932343912732094
29821,2,2.620341151240247
29823,2,1.1570547654625045
29828,2,1.5129856654159468
29830,2,-1.280340573611518
29834,2,2.3028335372817637
29835,2,0.34578135892101614
29839,2,-0.5267057707443925
29843,2,-1.2761674448952078
29844,2,-0.43082080844373394
29847,2,-0.9567991075907898
29851,2,-2.567496691458345
29854,2,-0.08995359828747951
29856,2,-1.0228598442998305
29862,2,0.9161716388871923
29864,2,-1.4693602406615867
29870,2,1.9339197603226523
29876,2,-0.13586945163879705
29878,2,-0.25487462232482727
29893,2,0.557211838584692
29894,2,-0.4585226041807857
29896,2,1.4250632497566045
29904,2,-3.0420380688702906
29906,2,1.2096686699013972
29917,2,-0.07299932141933851
29921,2,-0.9047801142664866
29925,2,0.6825095065895184
29934,2,-0.3636709592319889
29945,2,0.41524880396098496
29947,2,-1.9766661264036998
29948,2,-2.451718523326285
29949,2,-1.2257969598768526
29977,2,1.453400499072572
29982,2,0.11818839521999536
29984,2,-0.7750909418148382
29986,2,1.4956152893956371
29992,2,0.5616924245947814
29999,2,-1.3557231728136045
30001,2,7.276007895338566
30004,2,0.24664343698809432
30007,2,1.5004881759960327
30013,2,0.4381292363997389
30022,2,-0.44097226691567926
30026,2,-0.06674310177130849
30028,2,0.8442223100045965
30030,2,0.007732541617436084
30031,2,-0.33440576591146254
30032,2,0.9988402535626122
30034,2,-0.3057710499254611
30039,2,3.1226574803145652
30057,2,-1.1154419303408716
30058,2,0.07884798985128327
30062,2,-0.353459538241637
30069,2,1.9745644701358245
30100,2,0.09470076976958097
30110,2,1.1635763280680251
30116,2,0.45447681921131533
30118,2,0.11724632248641598
30119,2,-0.9561944698277145
30120,2,2.0802250645343108
30129,2,1.0331855839402238
30131,2,0.4853862559893187
30132,2,1.2183656027180234
30135,2,1.4333115041415212
30142,2,2.086611537718234
30145,2,1.005027901081462
30150,2,-0.34529355339483203
30163,2,0.615631006794473
30164,2,0.02126406659047575
30165,2,0.02126406659047575
30170,2,-0.5551661828484811
30180,2,-0.6547409241886228
30188,2,7.216077659024613
30201,2,1.5197334439282884
30202,2,-0.2475013156710162
30217,2,0.39119114466556226
30218,2,-0.07453090022146824
30225,2,1.442492108989093
30226,2,0.5005998938102394
30244,2,-2.5298399350975345
30259,2,2.3427378071448928
30262,2,0.5202227448610017
30272,2,1.1044024204947576
30274,2,6.626767316932202
30275,2,0.5175877285726784
30281,2,0.15953886188496114
30288,2,0.6343155516286387
30289,2,-0.9434376571004677
30303,2,0.21336778634977094
30306,2,0.3172815114020153
30312,2,1.4866208999630786
30322,2,1.5290323993056418
30331,2,6.022296770931334
30333,2,0.34019425328749264
30336,2,7.605075542442833
30337,2,-0.39634889078003255
30346,2,0.3052266465225486
30350,2,-0.4536136254359846
30353,2,0.03683446814692104
30355,2,0.5479245405980535
30372,2,-0.5197742671103356
30377,2,-0.36653810827788647
30378,2,-0.8322108160265103
30380,2,0.3031690690495097
30382,2,0.8686189031667055
30387,2,-0.11790927018869013
30389,2,-0.381990628038011
30405,2,-0.40212063590819724
30406,2,1.6670208601480283
30412,2,-0.8077820665255402
30416,2,-0.5436579540719606
30417,2,7.989481956465909
30420,2,0.4675916212382063
30424,2,0.0790269182683474
30427,2,2.1078989237082197
30428,2,0.5743643072250464
30434,2,3.6082031854442533
30436,2,-0.18824333280153382
30440,2,-4.134342725858602
30441,2,-3.0793982248427483
30442,2,-3.4743348118757993
30447,2,-2.962219214628938
30454,2,-2.185456707768502
30464,2,4.097566573553614
30479,2,-1.857058509038751
30492,2,-0.13517246681367823
30501,2,4.510162269087893
30507,2,-3.6893901997364296
30510,2,-4.305183453151805
30514,2,-3.5883587250128173
30533,2,-0.8617519049514968
30534,2,-1.7321973830203703
30536,2,-2.411662399954828
30538,2,-3.69108259417343
30545,2,-2.8510242179190897
30546,2,-4.446432924842426
30554,2,-2.8446919078756423
30578,2,-2.56713478348869
30581,2,-2.2986270124703765
30582,2,-3.4052162173744094
30593,2,-1.0235014453899467
30605,2,-4.612380097943991
30606,2,-4.099576190710685
30612,2,4.134731183764885
30616,2,-1.2723141281348305
30620,2,3.9085662898087037
30631,2,-3.4929391174895343
30636,2,-3.288910914535883
30653,2,-0.4615374959594831
30655,2,-4.156297235060691
30656,2,-2.6451841258970674
30663,2,-1.9288746184568737
30665,2,-3.901624941465883
30666,2,-2.473045503725878
30696,2,-3.79321607414267
30710,2,-1.6529853178185334
30743,2,-3.831623551961698
30746,2,0.04915262142506549
30747,2,-2.3502050549303206
30752,2,-3.8972630321891373
30758,2,-1.9898313459601695
30764,2,-4.243525653418381
30769,2,-2.4815850812752416
30770,2,-4.27122744915544
30775,2,-4.7720560263046465
30782,2,-3.8343090721110187
30783,2,2.378469005464723
30784,2,-3.0034763380284417
30794,2,-1.2566396375353506
30827,2,-3.148258314319108
30839,2,-3.559204881385348
30846,2,-2.432528293098997
30864,2,-1.4743904214118473
30869,2,-1.6931293023164287
30876,2,-3.3524735433289976
30881,2,-3.29415726256736
30887,2,-2.9204072884873042
30888,2,-2.6383964273951506
30898,2,3.3889919217944424
30910,2,-2.4577988972101252
30944,2,-1.3423362586934289
30946,2,-1.9591181721357174
30947,2,-0.49633972458690323
30949,2,-2.77843780707758
30959,2,-3.1026445920930286
30963,2,-2.6888348012568457
30964,2,-1.525928490731971
30973,2,-1.3812143053174495
30974,2,-3.5856889347193572
30981,2,-4.391432974249284
30982,2,-2.393892893892861
30985,2,-4.442895393391225
30990,2,-2.4694391525602484
30995,2,-1.7565605100330544
31001,2,-3.034301306057408
31012,2,-4.882249021531955
31015,2,-3.1628442211006487
31022,2,-3.8256003247411456
31026,2,-1.433222824570791
31029,2,-2.347664511905869
31031,2,-3.6768022416041575
31034,2,-2.6250926044501384
31041,2,-1.896619490796077
31049,2,-3.269912525665241
31052,2,-3.898140095689733
31064,2,-2.6949015431825174
31067,2,-2.7873917921221647
31068,2,-4.128580385156148
31070,2,-1.314152713882649
31079,2,3.5971304400258575
31091,2,-0.3533583380015983
31102,2,-3.1109972232037677
31114,2,-3.4681946569356583
31116,2,-3.7001876917264056
31119,2,-1.8862962566360935
31121,2,-2.131900499543157
31134,2,-1.612088431522281
31138,2,-2.913353264351194
31145,2,-0.7785242949704099
31148,2,-2.3325050894992287
31152,2,-4.34978395255083
31163,2,-2.219786543795749
31173,2,-4.385686533652027
31179,2,-3.5691100669513816
31182,2,-1.9260398462080914
31189,2,-2.592664064907055
31193,2,-5.517848642663438
31196,2,-2.48668987938202
31197,2,-3.9879678488744474
31198,2,-2.232270853647087
31201,2,-3.5885656800119605
31206,2,-3.2963522922922195
31207,2,-0.30000117397935355
31210,2,-3.6062741249974977
31218,2,-3.1323393561239
31223,2,-0.6812736384236047
31234,2,-2.1900736933988227
31261,2,-0.8438891367985946
31262,2,-2.0127564914432554
31263,2,-4.1858451198121
31265,2,-1.7655095438122927
31285,2,-3.775185507391626
31287,2,-1.8483101901665506
31319,2,-1.2548331520301943
31329,2,-3.57489599228321
31335,2,-1.8838228707287072
31341,2,-3.8060104754205852
31343,2,-0.8011807337879375
31350,2,-1.97825221559593
31356,2,-3.568672414808802
31360,2,-3.209826479329706
31362,2,-2.3008242201197433
31364,2,-2.5069226502863273
31371,2,-2.8705663547953932
31375,2,-2.1785189418091306
31383,2,-4.808400978497659
31384,2,-2.7237874152839012
31397,2,-3.9192100115901027
31400,2,-1.4248615344098212
31408,2,-2.623582368965259
31412,2,-2.4021354037208624
31416,2,-1.982941608196036
31427,2,-1.2756647693076388
31434,2,-2.593926094017114
31439,2,-2.87781149953058
31440,2,-3.5907802273122655
31443,2,-3.86609652175612
31446,2,-3.7635219040974945
31460,2,0.7456670940564081
31463,2,-2.6529076852885183
31482,2,-1.3021045359346175
31491,2,-3.053418680809095
31505,2,-1.2744027401975657
31510,2,-3.480463676574864
31511,2,-1.9550477105065553
31512,2,-6.693780736718942
31515,2,-2.840565165649572
31517,2,-2.7987677716742567
31531,2,-4.308912594364955
31534,2,-4.271657457389459
31557,2,-1.8922798404581656
31559,2,-3.3283695351727047
31573,2,-2.8013647434540516
31576,2,-2.6001035629985765
31592,2,-3.0022581615794195
31600,2,-2.240433615470188
31622,2,-0.4266498748277314
31636,2,-2.781037370613319
31641,2,-1.1327665152339392
31646,2,-1.1844491966291173
31658,2,-2.8730619368141603
31660,2,-1.8646898922479451
31672,2,-1.7531178171008577
31675,2,-2.299709864995961
31684,2,-3.194521546599141
31695,2,-3.687093107005012
31700,2,-0.8447152459086809
31703,2,-3.812045559288862
31709,2,-3.065552327932707
31714,2,-2.4433980960579618
31715,2,-2.814500687136018
31716,2,-3.5595444473920352
31726,2,-3.84983407438898
31727,2,-1.6657206846219808
31749,2,-1.9187196070851584
31757,2,-2.928178338919743
31761,2,-0.2004155855541896
31767,2,-2.65619029755279
31772,2,-2.3947886662190214
31775,2,-4.0474892763425245
31787,2,-2.6235796328328007
31789,2,-2.852962659701646
31797,2,-1.1464527630082557
31805,2,-3.8696673436037727
31821,2,-2.961699541529512
31822,2,-1.43070578713818
31824,2,-1.8877140018252874
31825,2,-3.026232559948113
31855,2,-2.389134664521201
31865,2,-4.696392081006167
31879,2,-0.018852530439090742
31886,2,-3.938963083788998
31902,2,-0.8755402139376542
31907,2,-2.673449459332197
31914,2,-2.207172711667262
31922,2,4.04901334137616
31923,2,-3.065864965831942
31926,2,-3.729651829645995
31927,2,-2.821558148286286
31933,2,-1.7054927701424205
31935,2,-3.9990491301245257
31936,2,-4.548341927457315
31942,2,-1.835896937676118
31971,2,-1.4039112803424416
31973,2,-3.7428160917538804
31978,2,-0.6768857393199355
32006,2,-0.568598333540919
32010,2,-2.70609569323522
32012,2,-2.967383023646164
32023,2,-1.2254748700376368
32043,2,-3.6087564043534357
32049,2,-3.858585450360529
32051,2,-3.4606835855400675
32052,2,-1.1860851688920917
32060,2,-2.8916285766774976
32063,2,-3.59679221641872
32065,2,-3.9541199237049582
32082,2,-4.1407120452769135
32086,2,-2.3382494785161185
32088,2,-3.5611134186869933
32090,2,-2.699864598234683
32093,2,-3.104780121958946
32094,2,-2.5203040597173683
32099,2,-3.7532260058831994
32100,2,-0.6071707306272813
32102,2,-4.470648680765144
32104,2,-0.36386619900271455
32108,2,-2.2128210279135985
32110,2,-0.5975949880703411
32121,2,-1.6321290561080062
32126,2,-3.272312052765159
32131,2,-3.615997587656821
32137,2,-2.6949557292517525
32138,2,-3.642437354283807
32145,2,-3.89655759938978
32157,2,-1.404036171278122
32160,2,-2.3200032913416706
32187,2,-3.4842178345977075
32189,2,-3.994274700459819
32192,2,-2.702567428368802
32200,2,-2.2587721943354353
32213,2,-0.09187940698659247
32225,2,-2.606114023685379
32229,2,-3.839050532414987
32240,2,-4.628870817526881
32242,2,-2.0368779268946113
32246,2,-2.419798401332514
32252,2,-1.3620733044214077
32282,2,-2.903606411789788
32283,2,-3.273691504353067
32287,2,3.7191867304256476
32291,2,-2.3896541345633366
32294,2,-1.5014645393376682
32298,2,0.2400362248009955
32302,2,-4.30455044983934
32304,2,-2.4820353875554417
32306,2,-2.0501817498396235
32311,2,-3.8678675644408074
32314,2,-0.745637465219616
32329,2,-2.479459065173188
32333,2,-3.8991365787505146
32335,2,-3.84499501638647
32345,2,-3.44122343515928
32351,2,-3.643699383393873
32354,2,-1.1490950777411229
32358,2,-3.4577780679707217
32359,2,-3.675643022958745
32374,2,-0.484909448203247
32375,2,-3.640763586025294
32388,2,-2.5547896391469678
32389,2,-0.6691515120324141
32391,2,-3.0595154045754427
32393,2,-4.897410121866642
32407,2,-3.7373972354283325
32416,2,-4.330990216466326
32418,2,-2.722009680198852
32426,2,-3.5633505662490705
32427,2,-4.6495515022450675
32428,2,-3.775367061104774
32440,2,-2.6211667799847547
32456,2,-0.9914586631048863
32487,2,-2.456438197437393
32492,2,-4.375735668807856
32495,2,-0.2705296528630612
32498,2,-2.652352863612073
32506,2,-3.5493309421378427
32508,2,-2.8405113265973156
32528,2,-4.059457173047832
32540,2,-4.4944642631452325
32542,2,1.6346682147587188
32555,2,-3.8182300473922766
32557,2,-6.836177090163083
32558,2,-3.820516700198027
32559,2,-2.058425401963177
32570,2,-3.442380827585673
32577,2,-4.459824500328409
32579,2,-0.6330800409571111
32581,2,-0.5517555588590426
32584,2,-2.8400993518456303
32592,2,-2.006310622995329
32612,2,-1.6393315973871623
32614,2,-2.3378375037644332
32619,2,-0.49982980441657787
32621,2,-1.6921157655910903
32636,2,-1.1034132495090532
32644,2,-3.1964407908368955
32646,2,-4.52361522731244
32647,2,-3.7352360797361044
32652,2,-2.1070345097438903
32653,2,-2.7092056235163398
32665,2,-0.40540869686773817
32666,2,-4.453733493370585
32668,2,-0.9646069217262223
32675,2,-1.0647326692254637
32700,2,-2.9160970859832887
32705,2,-2.7146438789447416
32709,2,-3.297828116436186
32713,2,-4.015138300044903
32714,2,-2.192623237761005
32717,2,-2.669594907830664
32720,2,3.728218446637868
32728,2,4.955888114085774
32738,2,-3.6153522084902647
32768,2,-0.6668900341848314
32773,2,-3.451869524050416
32796,2,-2.526711640574291
32811,2,-0.4876206457434762
32814,2,-3.692452036125914
32825,2,-1.7862324725590781
32827,2,-2.6510583396694187
32833,2,-3.6018150061973344
32834,2,-3.534261677308308
32835,2,-2.82897577825657
32840,2,-3.6376145788809993
32842,2,-3.960980379962024
32851,2,-3.220533588782139
32853,2,-3.51149942208707
32865,2,-2.4782056928436376
32870,2,-3.7669696716047056
32886,2,-4.551317023049492
32896,2,-5.084032940763578
32918,2,-3.6112757312330714
32920,2,-2.171467155651392
32925,2,-2.8950851399397735
32933,2,-2.154207993871978
32946,2,-3.2684827619024404
32956,2,-1.773378034213529
32958,2,-2.336575474654367
32959,2,-1.8699916218563573
32977,2,-3.199879747486982
32981,2,-4.732917949008929
32985,2,-2.412920382066936
32990,2,-4.393007079439386
32997,2,-3.1676100494206594
32999,2,-2.3951022384203853
33001,2,-1.6037749349010895
33003,2,-2.66500045649466
33009,2,-1.1257279141894614
33012,2,-3.9591125109466887
33028,2,0.1259187302407767
33034,2,-2.775633406219299
33035,2,-4.4881158335574725
33039,2,-4.538933428178453
33040,2,-3.8567312982699917
33049,2,-3.175398494846789
33050,2,-1.9646291136335776
33055,2,-2.3831851221884435
33058,2,-2.6956398172667733
33066,2,-3.434680821236114
33077,2,-3.349751298123792
33078,2,-1.1595279246212016
33082,2,-1.2784420364112492
33088,2,-4.149757401136142
33089,2,-0.19202859020165164
33098,2,-0.46236039151386876
33100,2,-3.274954042761202
33110,2,-3.844926938063878
33111,2,-1.6521057918350124
33135,2,-2.95748594435144
33143,2,-2.996716906827956
33161,2,-2.999435935490702
33184,2,-0.7665234237611429
33190,2,-1.7102280255251472
33193,2,-2.045028225966618
33205,2,-0.1003883156402452
33208,2,-0.8681793557435284
33214,2,-1.7984097592467947
33215,2,-3.135792712770666
33216,2,-2.314595926328977
33237,2,-0.937492268347512
33240,2,-2.567265044608014
33242,2,-2.784068718063743
33259,2,-2.9134967142145953
33265,2,-1.9033321573071476
33266,2,-2.843945236329205
33284,2,-2.6087853257422324
33290,2,-2.819286243883475
33294,2,-1.3951314704120463
33306,2,-3.4902149778877885
33311,2,-2.692330390290394
33315,2,-5.4128384407923065
33336,2,-2.797029277103256
33337,2,-1.142829821816818
33362,2,-2.3428852701058602
33370,2,-3.107249134443201
33371,2,-4.1177281176733445
33382,2,3.611098638006318
33384,2,-3.693152825136792
33391,2,-3.6825832985670246
33407,2,-0.06694849804757297
33409,2,-1.3890924620802707
33444,2,-3.371873898663168
33448,2,-4.406993303041453
33449,2,-2.1783886309599367
33452,2,-1.1939794769139596
33453,2,-4.312567278044362
33462,2,-1.9731680616144018
33468,2,-2.8557523353259953
33470,2,-1.8216343225451368
33486,2,-2.399888021457258
33493,2,-2.472906315912205
33501,2,-2.317306913670876
33504,2,-3.164973934862722
33506,2,-1.944720358984263
33507,2,4.225669081943515
33512,2,-3.422844803234618
33517,2,-2.344534869628127
33522,2,-1.326431371012184
33529,2,-0.5761280402420184
33530,2,-1.6597145008555216
33534,2,-1.5280847582160106
33545,2,-2.6032555217651634
33564,2,-2.888422832447368
33578,2,-3.3250751800683034
33584,2,-1.8580767344706004
33585,2,-4.446567579624109
33593,2,-3.0150472656987404
33604,2,-1.1145047345574213
33613,2,-1.5288113074466736
33615,2,-2.7441306620584243
33619,2,-1.9126563944225836
33621,2,-1.0408292489705104
33623,2,-3.7557044091624405
33633,2,-1.8745561658723204
33638,2,-3.8513926121009447
33646,2,-4.209125162994667
33658,2,-1.7557078472414673
33662,2,-1.0742751095422562
33680,2,-0.23193926229384232
33684,2,-2.6278347000324374
33686,2,-0.7043097551337567
33691,2,-3.2684299253348215
33694,2,-0.6746697125945005
33698,2,-3.109340987037797
33699,2,-0.6746697125945005
33706,2,-0.594304240828933
33719,2,0.06800457707020513
33720,2,-2.5532645840446406
33723,2,-2.802019578087993
33724,2,-4.733653879167392
33741,2,-2.958617211034124
33744,2,-3.298343097781398
33745,2,-1.6522416309876036
33756,2,-1.4863105467629296
33759,2,1.865795850818202
33760,2,-2.8401957820825814
33777,2,-2.282146300344145
33779,2,-2.5676443530124544
33792,2,-0.041685741858707104
33799,2,-0.8237090223654846
33801,2,-3.6736332340408424
33804,2,-0.8522470754686111
33805,2,-2.9992220306611657
33809,2,-2.752472702963246
33824,2,-3.0363390344381855
33834,2,-0.4776954686124171
33836,2,-4.602142506091731
33847,2,3.6992196467441403
33851,2,-1.5033698066508023
33855,2,-2.641255383265076
33857,2,-3.9532494647278114
33860,2,-2.641255383265076
33871,2,-2.9241731562534596
33872,2,-1.4562443252385506
33879,2,-4.115704350907549
33880,2,-0.7621620378295262
33882,2,-2.3028433440348337
33889,2,-2.5224492555787634
33890,2,-2.355536169624685
33898,2,-0.5021754923479023
33915,2,-0.5021754923479023
33959,2,-0.039754883249500494
33960,2,-2.2971730819628746
33961,2,-3.3175069186760737
34012,2,-1.9759316492822165
34016,2,-2.1691837347568352
34018,2,-2.9324862480349907
34022,2,-3.1514823113863883
34024,2,-1.2138239721542874
34026,2,-1.0408100142321715
34036,2,-1.6621904735744621
34038,2,-2.9946561920282875
34041,2,-3.06007620137661
34045,2,-0.5037600290342255
34048,2,-0.725710128699987
34052,2,-3.106739712776097
34060,2,-0.3177492094002474
34067,2,-2.408395055914731
34087,2,-3.861629042410094
34090,2,-2.7299285859323135
34096,2,0.49741511066341815
34101,2,-0.7498049958143724
34104,2,-1.3611315598521898
34107,2,-4.337819145316054
34110,2,-1.2710887068102323
34113,2,0.23791538446794647
34114,2,-3.0564867653171106
34126,2,-3.2826624241633056
34128,2,-2.0639355050357224
34146,2,-2.5175675038821836
34149,2,-1.953693787404525
34153,2,-3.085772664288669
34154,2,-4.100328077986667
34159,2,-3.099389694425973
34175,2,-4.166865119688836
34178,2,-1.6885695092876958
34180,2,-3.3762565106175373
34185,2,-2.1514805266966945
34207,2,-1.910243376357755
34215,2,-3.2424080807402618
34220,2,-0.9948351972391336
34225,2,0.12874293650050106
34231,2,-3.5060764347723747
34234,2,-3.291498654213413
34246,2,-2.7652906605137275
34247,2,-2.6652980301285467
34249,2,-1.0009890435555135
34250,2,-4.315495334570244
34261,2,-2.29533227263925
34263,2,-3.9044497289367257
34269,2,-0.8396119849540469
34274,2,-0.8387414610603088
34282,2,-3.1876256254402477
34285,2,-2.4665832931370417
34286,2,-2.9678330727799107
34288,2,-3.048698653974192
34291,2,-4.74884614997233
34297,2,-0.35910594533041973
34298,2,-3.0309291794333006
34302,2,-2.573628534052382
34307,2,-1.542245469327007
34309,2,-2.255942571493698
34321,2,-0.8684939842415389
34324,2,-3.622688270387023
34329,2,-2.2328940490241322
34343,2,-3.406629703418382
34354,2,-2.559422747990105
34362,2,-1.78957944075799
34375,2,-3.2450550160481697
34376,2,-1.6649299267055326
34381,2,-4.577813804848901
34387,2,-0.46254280303321593
34390,2,-1.9147874407815308
34391,2,-2.7945085066924094
34404,2,-0.7618204404001006
34408,2,-2.7118294288359763
34417,2,3.6119933121693464
34425,2,-2.200391276446581
34426,2,-3.7639990599844992
34428,2,-2.840008646246396
34431,2,-2.049079166953476
34438,2,-1.8125097394440317
34441,2,-1.539914192396516
34444,2,0.15997822312481702
34452,2,-3.487444988989431
34456,2,0.15997822312481702
34466,2,-2.1039361682627558
34471,2,-1.8770928712435193
34480,2,-2.7080259258577755
34484,2,1.845605126476734
34492,2,-2.1226805307365098
34493,2,-1.708181488849391
34498,2,2.96032123990566
34501,2,-2.4354907631936697
34502,2,-2.5329829813631193
34505,2,-0.43342750920979967
34509,2,-3.5369068907712844
34518,2,-2.633744311869485
34525,2,-2.413048108258657
34542,2,-2.0683852838075794
34558,2,-1.954793013658069
34560,2,-0.4313994879180143
34563,2,-2.044955403369684
34572,2,0.5348146857131866
34573,2,-3.884025098465031
34600,2,-1.984202957192565
34606,2,-1.09957089864362
34629,2,-1.8608937379942674
34633,2,1.8147801584477605
34634,2,-4.046900597337455
34638,2,-2.310062606139283
34644,2,-2.1562437653158213
34646,2,-3.260719130551074
34657,2,-0.023227540900087718
34659,2,-0.3740489769587967
34663,2,-4.520533044304038
34668,2,-1.2908924424932522
34671,2,-3.9515578630603656
34685,2,-0.4890562716027773
34690,2,-3.490568161281338
34692,2,-3.0032543418735145
34705,2,0.3850190866946903
34706,2,-1.0908484170431905
34711,2,-2.436421946098932
34715,2,-4.202552465641077
34740,2,0.437218813445412
34747,2,-2.1498526375284115
34756,2,-4.495477452541628
34758,2,-1.499320161975504
34762,2,-2.1256500184635243
34765,2,-2.3436861547385064
34773,2,-0.24357864794631467
34780,2,-5.415905126626583
34785,2,-1.1814582961960483
34786,2,-3.332390667215897
34788,2,-3.5060217485296903
34797,2,-3.1629996070585378
34801,2,-2.2182319009751197
34807,2,-2.8588847714354912
34816,2,-4.240918182429496
34819,2,-3.72267903649508
34836,2,-3.8497007243526298
34849,2,-2.976880635996764
34857,2,-1.941738536986115
34860,2,-2.8961496734106547
34865,2,-3.8303040815826748
34874,2,-2.3863402126185633
34877,2,-4.389542618426354
34886,2,-0.7358997285075404
34891,2,0.2577548607275162
34892,2,-0.3796958026312893
34894,2,0.4536695269021962
34901,2,-1.1430112427454802
34905,2,-2.8322665257817334
34909,2,-2.4705606114329086
34913,2,-0.37359138359077093
34939,2,-3.9386557297998905
34944,2,-3.1066184692086054
34953,2,-3.4121127098212156
34956,2,-0.06377866929006615
34960,2,-2.9559234524845053
34972,2,-3.515170410048597
34980,2,-4.3535516949289175
34987,2,-0.4405850444703745
35001,2,-0.5930451238933543
35002,2,-0.43317904686996656
35007,2,-2.781943496144855
35022,2,-2.705709945780441
35023,2,-3.369145989769116
35034,2,-1.8028197535881532
35035,2,-0.5806264241528041
35044,2,-2.572294220458353
35045,2,-2.1788955371418766
35046,2,-1.6188140073621042
35049,2,-1.952295191293132
35053,2,-3.5588210854083755
35056,2,-2.500216480219102
35064,2,-0.45037955508223604
35069,2,-3.9010337670051882
35077,2,-2.711452709734786
35081,2,-2.51709894260204
35086,2,-2.263520181500567
35087,2,-5.235140990544089
35105,2,-3.772460799617697
35108,2,0.2577548607275162
35112,2,-1.9261349705567667
35126,2,-1.7240521728423985
35131,2,-2.7623851429443818
35137,2,-0.8577754962112394
35147,2,-0.5993155087999043
35151,2,-1.9988912817071594
35153,2,0.28238087910922616
35173,2,4.367964277847996
35177,2,-4.267318459143276
35178,2,-0.570446365737169
35184,2,-0.5407809542947035
35189,2,-2.152455770514891
35190,2,-1.0515335226970208
35191,2,-2.767353844328696
35198,2,-2.320364841410232
35208,2,-1.9178523368482772
35210,2,-2.0991732808041945
35212,2,-4.388695196443436
35225,2,-1.3413681415806593
35228,2,5.758516948730481
35229,2,-1.4999293487465764
35246,2,-3.450800038511126
35248,2,-1.5501755717862906
35250,2,-1.4431065390078786
35253,2,-0.567854265616532
35268,2,-2.643803332275006
35273,2,-0.04939762150600302
35276,2,-0.0387436985119507
35284,2,-2.209720505170843
35296,2,-0.4017080269483486
35300,2,-2.3618604448343206
35305,2,-1.032451963172086
35306,2,-3.7292784857913546
35315,2,-3.54350169316875
35318,2,-2.618314534557719
35326,2,-4.05801221748262
35330,2,-0.02172915523519947
35331,2,0.07001979705908923
35333,2,-2.3442513612376388
35337,2,-1.4221834271517082
35338,2,-2.09243346314517
35349,2,-3.7658561259704086
35360,2,-0.4528118226057387
35379,2,-1.512432387437613
35380,2,-2.125613047431173
35381,2,-0.7981476379211898
35398,2,-2.8323563230954534
35404,2,-0.7710761207442047
35412,2,-3.636280890868143
35413,2,-2.6708184034026203
35416,2,-4.64219302888452
35428,2,-3.2613258436110755
35430,2,-1.3520872650333544
35441,2,-4.17330309892354
35448,2,-3.492202798494148
35449,2,-4.521899633467484
35452,2,-4.399679611248899
35464,2,-2.309572050242636
35468,2,-1.8020853496889515
35480,2,-1.7870318239719936
35489,2,-0.556065916380291
35491,2,-1.4256982952859758
35496,2,-1.5851798440821412
35506,2,-0.8611292083620299
35510,2,-1.8714420074677491
35512,2,-2.788412934819682
35517,2,-2.320372941404834
35521,2,-4.324171219047535
35528,2,-2.280329774905397
35540,2,-2.350580264687437
35544,2,-1.82284453892305
35549,2,-1.8485430089046844
35553,2,-2.1547662768830165
35566,2,-2.3444522011124107
35568,2,-2.323774916908114
35581,2,-1.410629877313795
35585,2,-2.689723167903388
35591,2,-1.2265377258567582
35595,2,-3.34148141084075
35596,2,-2.3628474229513756
35604,2,0.07384672005309767
35606,2,-1.7572251760550799
35608,2,-2.981283696319359
35618,2,-2.7769552750549877
35622,2,-2.692267897839514
35629,2,-3.3058611310119446
35631,2,-1.8208412131676255
35635,2,-2.376424318644794
35638,2,-2.3869496915731787
35643,2,-0.45781471262149154
35649,2,-1.649227000639378
35651,2,-1.676928796376437
35658,2,-2.062961668427853
35670,2,-2.612600906453892
35671,2,-1.9086066176790197
35675,2,-1.219077273366402
35676,2,-2.6548878690319455
35688,2,-2.7006560921792726
35690,2,-3.1637016909754436
35692,2,-2.9795521803775245
35699,2,-2.6878992784790867
35701,2,-0.19885343942205935
35703,2,-1.814489910711032
35709,2,-3.583799820261582
35716,2,-3.4657630318671693
35726,2,-1.5271289311715748
35728,2,-2.357891097924707
35737,2,-0.6758397154048055
35763,2,-0.2966456771458823
35766,2,-4.424383977289175
35772,2,-1.6681430487197275
35776,2,-0.18884329341331352
35787,2,-1.8093480251290757
35809,2,-3.287677558758908
35811,2,-3.392605664278051
35814,2,-3.5384201361100054
35818,2,-4.424383977289175
35820,2,-4.605896775912676
35825,2,-4.434655525201769
35827,2,-4.344752655499818
35832,2,-1.153736086329772
35833,2,-1.2317705326661965
35838,2,-2.5176255378957464
35839,2,-2.3328753816855397
35844,2,-2.0061089085235864
35845,2,-2.0061089085235864
35847,2,-3.4163162695633105
35848,2,0.3934691424687955
35869,2,-1.2398139351862696
35876,2,0.03843814485015429
35877,2,-2.6045812134258455
35879,2,-3.2725472827867605
35886,2,-1.6030192072487353
35918,2,-2.7654990088402442
35926,2,-2.9577128980960197
35934,2,-1.89373052927278
35935,2,-1.894992558382846
35940,2,5.233818306918131
35951,2,-1.7633689458502886
35953,2,-0.43778935574157885
35955,2,-2.1120578738723594
35958,2,-2.278900589349597
35962,2,-0.1206314291943329
35975,2,-2.647868167080553
35986,2,-2.338134759976178
36000,2,-0.13808182967920857
36022,2,-2.397185191323146
36023,2,6.110674721915927
36043,2,4.076007699701215
36049,2,4.317358997974814
36056,2,5.447681298817585
36061,2,-0.8907228658339292
36062,2,-0.05845427949968496
36063,2,-3.0436923640392024
36066,2,5.382150174785011
36069,2,-1.7948146236113516
36076,2,-3.495775718403273
36083,2,-1.4708200235600657
36092,2,-1.6616446416774266
36094,2,-1.9795911658197696
36096,2,-2.1535680217993445
36108,2,5.378555039149575
36111,2,-1.8110391011215654
36112,2,-1.5940066173734238
36134,2,-2.078707684497644
36141,2,-0.9035172671118445
36142,2,5.2608382398113065
36152,2,-1.4644620591545205
36158,2,-3.4437037137328588
36182,2,-3.889414264112368
36188,2,5.297271357189807
36197,2,-2.1815574319690896
36209,2,-0.46980919101165597
36215,2,0.664676006979974
36224,2,9.091163263163615
36229,2,0.6767408451460355
36232,2,2.8975997514748144
36243,2,1.9828952789917622
36244,2,1.1835701208158795
36251,2,1.9828952789917622
36258,2,0.20739149006651303
36259,2,8.209001180142998
36260,2,0.23577422543497306
36267,2,1.3553028148895834
36279,2,2.7841990236834278
36281,2,3.5930492592255234
36283,2,-0.8788943465661347
36305,2,2.7874620695889476
36311,2,2.1119268791872017
36315,2,2.86383874769723
36316,2,0.03985955926030016
36325,2,0.9717248003129839
36342,2,7.528275572364997
36343,2,0.7161520002991679
36345,2,0.5168967962454403
36356,2,8.605967206854316
36357,2,-0.9064984662310636
36366,2,0.6116214401062408
36382,2,1.7155450373671215
36388,2,1.2862573389924492
36397,2,1.3045729372659594
36408,2,1.883495822440338
36412,2,9.682934584594022
36413,2,2.5601113485616978
36417,2,2.492692970926889
36435,2,2.2937632583106264
36437,2,1.0391101786916437
36442,2,0.18440732757765232
36457,2,8.659809269528779
36462,2,3.1835791131509126
36466,2,0.09268918230205259
36470,2,2.046348329263438
36471,2,0.4753284245759346
36481,2,3.057928252088118
36497,2,2.10361306391939
36514,2,2.10361306391939
36520,2,4.851032506619688
36521,2,1.6135817141518132
36526,2,1.0555035101274512
36528,2,2.851711679670686
36535,2,1.3643739520790419
36539,2,1.9058846494994413
36541,2,1.4415363821788745
36563,2,1.502823414964432
36571,2,1.51402553194265
36577,2,1.4252199775945016
36578,2,0.09696210535531691
36583,2,7.3800388018348
36589,2,9.076469148306558
36592,2,2.8957899838276546
36611,2,8.899297318286287
36616,2,1.8303306953056193
36625,2,1.759496258250799
36643,2,-0.5618470264701827
36660,2,9.217974866402464
36667,2,0.593432700579136
36678,2,1.5426507558589222
36680,2,3.806447918148521
36695,2,1.4967222656299768
36697,2,1.9560435376130911
36699,2,8.86496059805684
36708,2,3.2766030407686912
36709,2,1.7708635188352844
36716,2,1.4841137079937354
36720,2,8.87397060500414
36724,2,1.1087868370947689
36726,2,0.37816203770908885
36729,2,1.9868161645332165
36730,2,0.02534560221036486
36731,2,0.9208107804201262
36735,2,8.705992196852883
36743,2,-0.8621524162566274
36745,2,0.3904152726115768
36748,2,0.8981188062808059
36757,2,2.932058877164259
36765,2,0.5405967056974745
36769,2,-0.05011524694902647
36779,2,9.666218535571417
36788,2,1.2017912429227664
36793,2,0.8901666537176638
36798,2,2.6537638375743455
36801,2,1.5913881121684454
36804,2,-1.0993601023624464
36814,2,1.2773921795548944
36815,2,1.0957781286138228
36821,2,0.3968296823586357
36827,2,3.143333659535145
36830,2,1.9828952789917622
36832,2,0.3846310500839678
36841,2,1.23106280116194
36851,2,0.06859586323461997
36854,2,2.1881743307367927
36863,2,1.5369689341905115
36873,2,3.308966462038981
36879,2,3.0824258186595372
36900,2,1.8594884284511934
36901,2,2.8183903888733255
36907,2,0.8681065094315272
36913,2,1.338958161681468
36917,2,2.968920572888507
36927,2,1.2331438491584663
36935,2,1.0117281613497155
36937,2,2.0139256176591473
36940,2,10.896451267724466
36944,2,2.1521133659546123
36952,2,3.2288203851000787
36955,2,3.029687054111008
36961,2,3.2457260005708903
36965,2,6.660689591510845
36972,2,2.470919927739139
36974,2,3.6390640583344407
36978,2,4.571225999109302
36991,2,3.3592172850305104
36995,2,3.5892686483047456
36998,2,4.424974017236664
37007,2,3.688032968259378
37017,2,4.536798366590958
37018,2,4.664419040236943
37021,2,10.605740756927908
37022,2,3.641121815744299
37031,2,6.910478157540375
37039,2,4.226131570003339
37046,2,4.732035380338651
37063,2,3.352220137427409
37065,2,4.898867420152918
37068,2,4.298150830113499
37071,2,5.791174759070941
37072,2,3.999074307916466
37082,2,3.3741802171769493
37096,2,4.469159704343319
37100,2,11.065156001487118
37115,2,6.29780321231685
37119,2,5.22610003341169
37122,2,6.1890775124144355
37127,2,4.710584735359866
37128,2,13.575697544309016
37148,2,6.577570131021808
37152,2,6.86812969248264
37154,2,11.731264710076942
37170,2,5.341593381486113
37171,2,4.618291513954119
37172,2,4.886686778837095
37184,2,4.872905183110909
37202,2,7.047941362706162
37211,2,5.056799547456521
37223,2,4.810804222146267
37231,2,4.547839047286452
37234,2,11.830783769783778
37237,2,12.935254715660221
37249,2,5.423415910163634
37250,2,4.734733535929379
37253,2,5.2312126341031515
37256,2,7.027287929760064
37258,2,11.742402188564377
37265,2,4.618565475530403
37273,2,4.782146230260942
37284,2,13.525287579585608
37300,2,4.09586228257637
37303,2,4.662858626719299
37315,2,2.7821044963896995
37318,2,6.175511706164876
37326,2,13.32603673793426
37342,2,5.960565804741385
37344,2,6.258064030475715
37347,2,7.324352889122828
37355,2,12.467838804218928
37361,2,6.497091978629868
37363,2,7.229023617422371
37370,2,4.205092611147556
37385,2,5.947771403463477
37400,2,10.891264055982766
37407,2,6.471212540633381
37422,2,7.040430291310578
37430,2,5.546308160216981
37434,2,4.688316812301785
37435,2,4.581420617938967
37440,2,11.893122832408508
37450,2,4.378279850786427
37466,2,4.358414691180251
37467,2,4.048616182013355
37470,2,4.725638652111805
37476,2,6.391088558555545
37478,2,4.021629692531171
37489,2,4.255322655512188
37492,2,3.823525910290236
37494,2,4.595753821285868
37497,2,4.202582306570001
37502,2,5.511208400490851
37504,2,3.6035057603180505
37508,2,6.797972890725774
37512,2,8.354118207566827
37516,2,13.994078798508589
37524,2,10.656128041400635
37531,2,6.676650320348223
37537,2,4.810194918370236
37544,2,6.273098244006562
37552,2,7.706763794806662
37555,2,11.765153362217418
37557,2,5.088122778546534
37568,2,6.162531424266618
37570,2,5.998394172976148
37571,2,4.79005939947087
37581,2,13.295535310952062
37597,2,13.289794859261221
37600,2,4.5048960372897895
37602,2,6.079238897735372
37604,2,4.923332160559774
37605,2,5.554621975484785
37612,2,6.069701315696399
37627,2,12.254032023946394
37630,2,5.425590375289346
37637,2,8.55140577894943
37650,2,6.855058626025958
37664,2,5.452235512554751
37672,2,3.799784387173176
37675,2,13.416665070631375
37679,2,6.0022282682430514
37680,2,5.821118148451703
37682,2,6.625198909258536
37684,2,5.1955015659706945
37685,2,6.411775831460915
37694,2,5.665449581501576
37699,2,4.022829325860343
37705,2,4.889494648713466
37713,2,12.387060417383609
37715,2,7.621356107937736
37736,2,7.95860671992353
37738,2,13.339496222662987
37747,2,11.497945133731243
37748,2,6.803002638349213
37751,2,6.776562871722227
37759,2,8.122053072917431
37765,2,8.001721170196681
37771,2,4.625524126349056
37774,2,5.227442194904199
37782,2,4.586905296265925
37802,2,6.835848810213065
37805,2,12.514095219680932
37809,2,11.735890615003505
37810,2,7.495089907608957
37811,2,4.353705361926522
37816,2,5.054766632373763
37819,2,13.403361247686355
37826,2,6.531603145282936
37842,2,7.023408171410701
37843,2,6.225398143056708
37855,2,7.989074710761102
37864,2,6.124551844270179
37865,2,5.917940414661878
37874,2,4.152690087033939
37898,2,6.268746907492265
37900,2,7.722513642834215
37912,2,6.486640881906027
37922,2,9.164497976144638
37925,2,15.812948244657356
37935,2,7.452899955702982
37937,2,7.108565613507288
37942,2,8.608416130386402
37949,2,7.21334208278585
37958,2,8.511727816588063
37963,2,8.28066141057512
37964,2,8.595574101756569
37965,2,6.790192179957572
37967,2,9.088596933940195
37969,2,14.993524060460693
37970,2,15.869504549921075
37972,2,6.805199090624697
37973,2,7.021189746186387
37977,2,6.674906745834207
37988,2,7.247950027353951
37992,2,6.929254086227978
37994,2,7.729919640434623
38004,2,13.785111943010108
38017,2,7.39250935105342
38019,2,8.148282276682643
38023,2,10.464483950943261
38025,2,8.320641367311396
38027,2,7.552035541011001
38032,2,8.783694597533433
38034,2,15.197475424621345
38043,2,7.937450993175631
38047,2,14.20002395953258
38053,2,15.027892696035934
38055,2,5.615495243890216
38056,2,8.943689337841917
38058,2,7.438830465166319
38059,2,8.471722243711525
38060,2,8.6415830064525
38063,2,13.969530312561055
38071,2,15.674496143500285
38080,2,8.245346065904393
38081,2,14.932764925643347
38087,2,13.929220265788857
38090,2,7.167629126987933
38098,2,6.8969261164313025
38101,2,9.050887162046855
38104,2,6.931834381127693
38114,2,14.723487589471524
38122,2,7.961381414454181
38128,2,16.310763723848417
38131,2,6.804329198465446
38133,2,6.222570853453213
38136,2,8.50457642008557
38138,2,14.529368787452633
38144,2,9.315591290695494
38145,2,7.5195159950385815
38148,2,15.738991833758242
38153,2,14.751463867622839
38154,2,14.435030835037217
38168,2,7.988353506152173
38177,2,6.409880688415377
38184,2,8.953067071791665
38185,2,6.196700511599886
38186,2,10.497911866358109
38202,2,8.719867137452255
38209,2,14.839751074424065
38214,2,8.867198696839608
38228,2,7.236232723910838
38229,2,9.024566707670836
38232,2,6.928444853534778
38234,2,7.362335807843536
38247,2,10.642069947870027
38249,2,7.210176916336607
38254,2,9.311033719187755
38265,2,7.681470044698024
38273,2,9.273387020852475
38276,2,7.936226378855693
38278,2,13.774038100364102
38279,2,8.598106712538353
38280,2,6.578217709911073
38283,2,14.768931397221024
38285,2,9.513875622592934
38290,2,9.18234874182383
38298,2,7.276129178256994
38308,2,8.049319128119919
38311,2,6.160003498743329
38320,2,7.41708154235986
38321,2,9.400017514164837
38325,2,13.632583442002726
38326,2,5.532450437572727
38327,2,11.0416982972595
38329,2,8.392415103543044
38333,2,14.31841806171019
38340,2,8.414616444378417
38352,2,14.494035888856402
38357,2,6.736346588908326
38360,2,9.600181589031926
38363,2,10.401639057928598
38387,2,8.514651737256372
38389,2,9.043426626017379
38394,2,7.447841611177509
38396,2,5.872526125922832
38402,2,7.22091156373348
38405,2,14.278984017180818
38412,2,7.663620486266247
38421,2,6.653915679673702
38435,2,7.297032124076743
38437,2,6.7593631209273894
38438,2,14.705536436945579
38441,2,9.930360954169835
38462,2,9.260955332567605
38469,2,9.690725800826627
38471,2,10.384117912844644
38478,2,7.748566535987607
38485,2,7.681470044698024
38487,2,15.886477807954698
38489,2,9.390263768825726
38491,2,15.858776012217639
38504,2,7.681470044698024
38505,2,15.181715025442692
38506,2,9.429302601811898
38510,2,7.634262437005496
38513,2,9.515742751285757
38526,2,7.212024733089272
38529,2,6.37693086328926
38531,2,7.82383882532465
38534,2,7.714666377357204
38551,2,7.22215274823369
38562,2,6.737153365906707
38565,2,6.706328397877741
38567,2,9.01126288472583
38573,2,7.961316873371061
38576,2,7.702626481442685
38582,2,8.343147724176802
38586,2,6.720374924075607
38596,2,8.492389903493077
38602,2,7.0399934347849324
38607,2,5.29306300596987
38608,2,5.435127535840408
38613,2,4.779134091676475
38614,2,5.249577706456563
38616,2,5.6296614684629205
38627,2,3.0583440939725435
38630,2,4.102663180986497
38639,2,7.012083719389622
38649,2,12.182419100378311
38658,2,6.4812481948200045
38659,2,6.340784515056022
38661,2,4.986075181475918
38664,2,7.301367817752208
38671,2,6.256825093722291
38675,2,3.9432284188407536
38679,2,6.355492496969255
38708,2,5.3506779208073425
38711,2,13.228206789344952
38714,2,8.462478420650797
38715,2,12.64583143812498
38736,2,6.316705508270665
38742,2,6.1386917111426555
38758,2,11.006638008244629
38764,2,14.254944200867527
38765,2,6.604360616630501
38766,2,5.31195074021727
38779,2,4.078351682476779
38788,2,5.784330091413118
38792,2,6.091175773948471
38796,2,12.520976776669869
38798,2,13.232550747779875
38801,2,12.795056603723033
38807,2,6.444028212956248
38811,2,7.1182382184293544
38816,2,7.148946826276351
38818,2,4.315653453873459
38819,2,12.134860818680757
38828,2,12.31437154322591
38835,2,5.105900564838429
38840,2,11.342362903482268
38845,2,12.527292539022191
38853,2,4.953303926045905
38881,2,12.423329042998795
38887,2,5.790400169746199
38891,2,6.525939445229895
38893,2,5.038946774714319
38901,2,13.887496714364232
38907,2,6.66766515410395
38916,2,6.6867436296090546
38927,2,13.394046302546677
38936,2,8.603957078256776
38940,2,6.109255567416
38945,2,7.15312772181295
38946,2,6.949089259347907
38948,2,12.16295826787048
38949,2,10.926727785644779
38952,2,12.314855385088094
38955,2,5.165592382428791
38967,2,16.073895243273185
38971,2,10.094439666888583
38984,2,9.830668387663579
38996,2,14.73380388254639
39011,2,7.6962281176463065
39020,2,7.101346192470274
39028,2,7.8855859149865495
39031,2,7.790536247041125
39032,2,8.647544166729986
39037,2,6.648455699806114
39038,2,6.821833594926808
39046,2,13.402316106591712
39047,2,14.126395652114297
39051,2,8.889419373481218
39054,2,9.43081621648733
39057,2,9.115164003421782
39065,2,16.72934662398137
39091,2,7.476810940628951
39102,2,7.505725126563284
39128,2,9.85570563378657
39137,2,3.745347082588964
39139,2,4.341531473612314
39143,2,5.781880724465559
39149,2,4.095419816926402
39150,2,2.5952319877524985
39166,2,4.744696141433764
39167,2,7.451186308690097
39180,2,13.177115526057513
39181,2,3.5664708421474813
39189,2,4.768400461980171
39200,2,4.15701167462155
39201,2,4.542994905203074
39202,2,4.7332680404416365
39226,2,12.056121582944364
39228,2,12.3689590461885
39238,2,4.149442092245607
39244,2,10.346834004138564
39249,2,11.832578812494766
39253,2,6.842429149162875
39264,2,7.463732204041413
39284,2,10.079133381870356
39288,2,6.050407531851171
39290,2,5.150659395343993
39305,2,10.736898265341566
39306,2,6.203992484957858
39318,2,5.763437984498559
39319,2,7.0594906970386475
39322,2,11.568507218280004
39323,2,11.568507218280004
39339,2,5.469664515509571
39348,2,13.338410531919926
39356,2,5.256304057429745
39367,2,5.334203353467672
39381,2,2.739820157277407
39383,2,7.3758840790764
39386,2,5.76193492668515
39400,2,5.984160682221891
39401,2,8.094861532207844
39414,2,5.6508181485822675
39431,2,7.941517509055835
39432,2,12.416962955257596
39433,2,11.642020242019164
39452,2,7.384496765561693
39454,2,5.632331474652325
39457,2,12.125713771046136
39458,2,8.002185704990758
39461,2,7.041864811172353
39472,2,6.9410511395571675
39484,2,7.119033659140733
39493,2,7.15298449716331
39499,2,12.53214716517779
39502,2,5.646304131159262
39505,2,14.887002619388369
39517,2,9.4215585610076
39528,2,9.152858448555442
39550,2,8.68357069067568
39558,2,12.175764076911307
39569,2,12.714889276547318
39572,2,13.776169779397954
39582,2,11.799315317273283
39594,2,11.338617809761658
39605,2,13.2652883681342
39606,2,6.034182007373786
39608,2,6.00335703934482
39609,2,9.82711512758874
39614,2,14.392902465114702
39622,2,5.627167709571687
39632,2,9.685014811785123
39643,2,12.68978708198535
39644,2,12.71622684861233
39649,2,11.540294754556818
39657,2,13.30070963722779
39664,2,12.7798897647153
39667,2,10.773199285286296
39671,2,4.168338423244158
39672,2,6.474783529593928
39675,2,12.592313996894731
39683,2,9.511414151333454
39687,2,3.6539750772738344
39694,2,4.291382167577446
39698,2,8.384063009201832
39703,2,5.8565172050716185
39706,2,7.507294336356431
39707,2,4.47670473343377
39712,2,10.443977356182202
39716,2,7.130551457952507
39719,2,14.353570850294382
39728,2,5.688677221368266
39729,2,5.9128454024151935
39741,2,4.730778213501857
39748,2,4.149589567652917
39758,2,7.827612420791944
39760,2,5.641304127490372
39764,2,6.417145268756876
39780,2,7.4877363452546035
39785,2,10.805540051787233
39794,2,4.535738738393363
39802,2,13.788238889117473
39805,2,8.027940708356503
39806,2,12.560832213932287
39807,2,12.560832213932287
39808,2,5.733620655337305
39822,2,3.9181002294139304
39828,2,13.382390444468982
39829,2,12.812062715022748
39839,2,4.96562852699374
39840,2,7.25127633811978
39842,2,12.850837256178181
39846,2,12.240002872376387
39850,2,6.922924208591063
39885,2,4.542871152254882
39891,2,12.17243601045994
39896,2,12.463906149593193
39899,2,12.68288850433207
39904,2,9.251150344880081
39905,2,12.45087205279993
39922,2,7.5174704852818905
39927,2,6.9519441298210864
39942,2,7.395751279642326
39944,2,12.63342786996931
39946,2,4.002116594736641
39953,2,11.392903335251795
39970,2,7.096422316687452
39973,2,6.130945149745202
39978,2,8.07857530282677
39984,2,4.4358950865257825
39991,2,4.9680269496688325
39994,2,5.504716766388249
39997,2,6.480964053935949
40000,2,4.566643265521847
40012,2,3.9770562569765175
40014,2,11.311481000536041
40024,2,10.79264325553504
40026,2,9.985086938683693
40028,2,3.098611490463732
40030,2,10.651741923628464
40035,2,2.057191732413628
40053,2,9.944034951454128
40067,2,10.455803395102407
40070,2,3.9473901462169394
40071,2,4.196505194932932
40086,2,1.7423025398418517
40092,2,10.411408826199057
40097,2,2.9426377705977416
40101,2,3.4857194642667366
40109,2,5.774329149598671
40121,2,4.694404693956187
40123,2,10.874792359451078
40124,2,6.993778761386835
40136,2,5.414131276400063
40149,2,4.88229602344822
40150,2,1.1712143528179553
40152,2,4.550686432431888
40156,2,10.478761172955416
40159,2,5.781264099464494
40165,2,4.793512205636553
40174,2,8.473924185565295
40176,2,2.304963490189415
40181,2,3.4210150427871753
40182,2,3.032901505741407
40193,2,9.870734711354977
40198,2,5.389480810658348
40200,2,3.786190367273342
40203,2,3.2313100782238706
40204,2,10.788347413201876
40205,2,3.22337520315844
40206,2,5.506837255459892
40212,2,4.6107001926732565
40214,2,3.606033280008006
40220,2,4.496421317420051
40224,2,4.615103023813397
40225,2,3.509849403366495
40232,2,3.725576021712115
40238,2,11.897719867130284
40242,2,10.744326703174849
40245,2,6.0049088954538306
40263,2,3.7983763818285823
40273,2,11.829142794637256
40279,2,5.439762724474129
40281,2,5.368501489384464
40286,2,9.731186000607515
40287,2,5.706942364924586
40296,2,5.0804944888663925
40300,2,9.416918035829937
40312,2,3.4929431825388875
40315,2,9.65356005791459
40317,2,10.246881739797445
40329,2,11.648490121548953
40333,2,5.6984660587926825
40342,2,12.919854525951912
40361,2,8.398109414773593
40367,2,10.141232767984732
40379,2,12.62157896497365
40383,2,6.804845937900147
40388,2,10.163151857209435
40390,2,6.818408298842925
40393,2,4.537547012080751
40419,2,12.367215259580753
40421,2,13.449168892463355
40432,2,7.76905714975215
40456,2,11.384198229535947
40459,2,5.318073087593177
40462,2,6.876871940070579
40471,2,6.222670508304567
40480,2,12.513301453049003
40490,2,11.63465395562259
40491,2,5.485423961610216
40494,2,5.022534313433596
40502,2,5.645367469062684
40503,2,3.6687155122922306
40508,2,4.926322424007395
40522,2,4.653628411450157
40524,2,4.623042014130171
40536,2,4.215714261367623
40538,2,4.2432079416388575
40546,2,8.709924630198977
40548,2,8.770148250804397
40550,2,4.283029652142126
40552,2,12.659802066546462
40559,2,16.834852604420654
40574,2,14.114369332504566
40575,2,15.78283130146621
40580,2,7.560725692001796
40581,2,4.900410759187707
40584,2,9.873611035957978
40594,2,8.897769376117786
40598,2,13.590583282326946
40611,2,8.04280209935667
40615,2,8.916872133622029
40616,2,10.099439412937521
40634,2,9.165376838688474
40638,2,15.782321879799106
40639,2,8.645100670974735
40642,2,16.08623191255701
40648,2,8.410436536859166
40652,2,14.480554678860877
40658,2,9.347981754592467
40659,2,6.62279287146044
40662,2,8.137292887517688
40663,2,14.854046096487494
40669,2,8.5257934279554
40670,2,14.955864027663225
40685,2,14.274901726114955
40686,2,15.874046874144739
40691,2,14.695057579282626
40693,2,6.0131677241481185
40696,2,8.102675637575992
40699,2,15.831571459647478
40703,2,8.522695220106087
40704,2,7.220806074221002
40721,2,14.34712069969293
40724,2,7.695266517860574
40728,2,16.464140254967823
40730,2,8.643413005033707
40733,2,7.940133645593065
40735,2,15.820377803430091
40737,2,6.033991506468347
40740,2,7.240671144110713
40741,2,16.450004265480324
40743,2,6.160326986319838
40746,2,7.345032180881006
40755,2,7.5642452945706395
40760,2,7.162814993941204
40780,2,14.137241934999011
40784,2,13.758584993409407
40786,2,14.083100372634973
40789,2,9.108162783424703
40790,2,8.888614946337384
40792,2,7.351536082990343
40799,2,16.4716513263634
40801,2,7.117801065268175
40802,2,7.750978836285029
40824,2,9.567583014373938
40833,2,7.481818026812498
40843,2,7.646788595001908
40848,2,9.076331670486383
40850,2,8.827185449558932
40875,2,14.026913092980443
40878,2,10.351190235506671
40882,2,6.364971440773367
40886,2,11.206905985248206
40889,2,6.183409205218162
40892,2,7.396836894274152
40894,2,5.3760609910537696
40908,2,8.350916232356028
40918,2,12.632876452294028
40920,2,7.996996834365433
40921,2,7.278814967842941
40924,2,4.136633049961141
40927,2,12.940084782583924
40931,2,14.362042273881869
40937,2,7.790835018707391
40938,2,7.327311867058789
40943,2,13.207283488407036
40954,2,12.65104851427732
40959,2,6.144565907711879
40962,2,6.027215126720392
40972,2,6.793467426023469
40979,2,5.531211470674876
40982,2,7.2585276276584665
40988,2,7.1796166956172485
40989,2,9.685261454852132
41000,2,6.940408749532779
41008,2,7.899899961982243
41019,2,7.147441454859184
41020,2,15.17677731175263
41025,2,7.775644332309334
41032,2,12.795847543559127
41045,2,12.281861489108131
41048,2,6.8697148775730525
41051,2,6.906521726438761
41053,2,15.21420257014902
41056,2,9.223309844164525
41059,2,2.165375356479082
41064,2,10.135468820053951
41069,2,8.85028614341266
41074,2,2.9435646512261755
41076,2,1.6151015155775141
41089,2,7.66155670343899
41107,2,4.4617892007981865
41109,2,9.757747218227777
41110,2,9.757747218227777
41113,2,9.731307451600799
41114,2,10.615846800020257
41131,2,4.82658793944691
41149,2,4.63343192809598
41153,2,11.493181295375557
41154,2,3.4112620563013962
41165,2,3.709077608165124
41175,2,7.684939968349937
41177,2,4.694223686397315
41183,2,5.434789108231698
15,3,-10.283958391589813
17,3,-11.908418340005113
19,3,-11.036474425503329
22,3,-7.78377611228013
24,3,-9.930743533930062
48,3,-9.671092937558775
50,3,-9.898585501900143
51,3,-10.316339808688774
56,3,-10.712757790997188
64,3,-10.074990786174581
71,3,-9.86747458609053
74,3,-10.638166375913343
101,3,-10.748681227114467
106,3,-10.347801991101534
111,3,-10.13706444136055
112,3,-10.440951962166508
117,3,-10.239758799952718
122,3,-10.447564203319644
124,3,-9.573433429426132
134,3,-9.734374000137976
137,3,-10.745466243663095
151,3,-10.084966562249086
154,3,-10.203016679227574
155,3,-10.871979505871955
170,3,-11.59173063152187
181,3,-11.897107987500476
190,3,-10.162653372521184
202,3,-10.70231934851487
205,3,-9.067124024295609
207,3,-9.911797087609322
210,3,-8.651204446856426
214,3,-11.531167569430465
216,3,-9.388805338436242
223,3,-11.273037460003152
225,3,-7.8930772285949615
227,3,-9.429785226194063
235,3,-9.925957486858152
239,3,-11.00649279537673
247,3,-9.887745925434594
254,3,-9.681232632306958
256,3,-11.004306375602432
293,3,-10.796948709406337
303,3,-9.682304039206763
306,3,-11.32919710328872
310,3,-9.97014583993758
316,3,-9.909407528018178
320,3,-10.133972168877428
324,3,-10.14849717689031
325,3,-10.071843632492083
328,3,-11.936193701646395
333,3,-10.380560747494364
335,3,-10.598794567492376
361,3,-8.818450272327489
384,3,-9.999889573635137
385,3,-9.706648514385648
396,3,-10.531319840580046
400,3,-9.877627963043217
401,3,-11.069741908819715
407,3,-9.95844434129765
414,3,-11.452087749891902
418,3,-9.37290351105981
429,3,-11.136841285476521
434,3,-10.773105419422699
438,3,-9.747456248165548
439,3,-9.605236642401543
440,3,-11.035298800380929
449,3,-10.551581962772602
453,3,-9.671501754685458
455,3,-9.88837901416693
475,3,-11.766470891237269
476,3,-9.497791220223135
477,3,-11.507345048622518
481,3,-10.322632948923285
486,3,-10.073985041662773
508,3,-9.577401670184365
511,3,-10.479928879848885
523,3,-10.76261566853514
525,3,-10.127112164857778
526,3,-9.538924852033475
529,3,-9.958730051973063
531,3,-11.282109559061013
532,3,-10.743708487813663
560,3,-10.521364429546473
564,3,-9.321278289176185
576,3,-10.124436564641925
579,3,-10.221368670951243
580,3,-10.576801894771592
581,3,-10.176387661798096
585,3,-9.129901317058177
588,3,-11.569311276909225
589,3,-12.442274123180049
596,3,-10.397670983652567
599,3,-10.092188989839663
603,3,-11.136841285476521
605,3,-9.106911603308205
608,3,-12.549314011675897
616,3,-11.507102407788032
617,3,-10.515090772807845
619,3,-10.35917822710283
620,3,-9.739573709273294
637,3,-9.196169821835817
641,3,-9.614247084885847
643,3,-9.837306339423229
652,3,-11.373713101237897
655,3,-10.181447208367281
662,3,-10.334229012103343
663,3,-9.462719816206281
664,3,-11.861720662307143
666,3,-9.926466485881946
670,3,-9.71545838355133
673,3,-10.050913813485892
716,3,-10.106400769461771
718,3,-10.857002388592129
719,3,-10.591429756677194
726,3,-10.086582143280218
729,3,-8.84668496889664
741,3,-9.285977024890549
749,3,-9.71410843275067
754,3,-10.367970976235249
755,3,-11.855443399089474
756,3,-9.73642443507476
758,3,-11.82968129752117
764,3,-10.074554348456275
767,3,-10.847584252835283
775,3,-10.519810877084147
786,3,-11.554516934892305
790,3,-10.813239922454223
793,3,-10.846858247503981
797,3,-10.05220350549213
806,3,-9.416812312215775
813,3,-9.44267048221485
841,3,-9.985296129928663
850,3,-11.39762609691109
852,3,-10.423221485531592
856,3,-10.040208293960042
857,3,-11.396869374403167
866,3,-9.903015105970844
873,3,-10.36681854428258
877,3,-9.519009466084213
884,3,-10.141461724019756
893,3,-8.56329425617411
916,3,-10.386371706717085
935,3,-10.84620929118519
949,3,-11.211035376820753
951,3,-9.59869925620572
953,3,-10.284861613410676
957,3,-11.486884315438715
959,3,-10.519810877084147
962,3,-10.65850230906343
966,3,-9.608267684611832
971,3,-8.961514081279667
978,3,-10.497955826356836
979,3,-10.10179235317706
980,3,-9.14426258435244
984,3,-10.42216704706469
985,3,-10.642910806927055
990,3,-11.369311954499118
996,3,-9.893658419824163
998,3,-9.349983826176107
1000,3,-10.21024346310157
1004,3,-9.317952168347553
1014,3,-11.223951004999975
1039,3,-11.953604868204899
1058,3,-9.912717990211696
1062,3,-11.204953608693863
1063,3,-9.970262833669501
1064,3,-9.773430750314539
1065,3,-10.025965258199506
1073,3,-10.552416803800462
1075,3,-9.474309763531984
1081,3,-11.013180846272903
1092,3,-9.531928700742476
1098,3,-10.340557998533257
1104,3,-8.853876698857931
1105,3,-9.383718890934297
1106,3,-10.628755787669817
1117,3,-10.257604314470228
1121,3,-9.780798078672085
1123,3,-9.045458191139183
1125,3,-10.816184534976621
1130,3,-9.831558870528099
1131,3,-11.002605659494186
1134,3,-10.702312025154121
1139,3,-8.457480147814273
1147,3,-10.038943103223005
1151,3,-9.816953501626621
1163,3,-9.735577821991257
1164,3,-8.895438734571712
1168,3,-10.249926778554688
1178,3,-11.024175077480528
1211,3,-8.902617015514693
1212,3,-10.721863100223082
1215,3,-9.499591187387715
1217,3,-9.631680716521828
1231,3,-9.80858194207979
1233,3,-10.152689474099432
1237,3,-10.646310550031615
1243,3,-11.423737102237304
1246,3,-9.603321994968162
1248,3,-7.732541170128613
1252,3,-9.832344933015314
1253,3,-8.900561030821045
1262,3,-11.239819089783708
1280,3,-11.613383988386182
1290,3,-8.964483145918095
1296,3,-11.043757244351397
1301,3,-9.768709709144922
1303,3,-10.154785498309359
1304,3,-10.19025818478574
1307,3,-11.435417265455037
1312,3,-9.56997118395767
1318,3,-9.589343265699362
1321,3,-11.588395927943637
1322,3,-11.383726955641315
1327,3,-10.925387088153087
1339,3,-11.163755250188487
1340,3,-9.78134255287128
1347,3,-10.016033234217282
1351,3,-11.172291698064818
1360,3,-9.715488292889624
1363,3,-8.623532738914825
1364,3,-10.689378494722568
1365,3,-10.21587470323081
1371,3,-10.476728636619903
1375,3,-9.805643149121977
1376,3,-10.239772293380035
1377,3,-9.76146219728254
1378,3,-9.780655088679431
1379,3,-10.981727798467297
1387,3,-11.416224374058146
1399,3,-10.565633524520031
1401,3,-9.986759794720527
1402,3,-9.556800634628154
1414,3,-10.57487371383327
1415,3,-10.2801491954882
1421,3,-11.179403644335359
1422,3,-10.715991386773076
1424,3,-10.766685133829974
1425,3,-9.920572299211528
1426,3,-10.747449487450858
1435,3,-10.009754393065002
1440,3,-10.530436400247105
1446,3,-11.22402860807341
1451,3,-11.098912388579933
1453,3,-11.50383786621122
1456,3,-11.446726815987276
1460,3,-7.901784388650846
1463,3,-9.37921864280274
1468,3,-10.137547856936365
1470,3,-10.334758758079914
1472,3,-10.544798070773673
1483,3,-9.666710566865277
1487,3,-10.32082553302179
1491,3,-10.440669572453132
1504,3,-11.677654146471248
1508,3,-9.77274759973556
1527,3,-11.657640858600857
1530,3,-9.18253107347195
1532,3,-10.581509074990805
1538,3,-10.234101914832678
1539,3,-11.243511875376882
1540,3,-9.461771029989094
1546,3,-9.769569449342377
1555,3,-10.055052553484956
1557,3,-9.310440600001868
1558,3,-10.0011337819235
1562,3,-9.538839779583348
1565,3,-9.87040710786821
1572,3,-8.718415144823162
1581,3,-9.588724033742878
1589,3,-10.170480604763547
1591,3,-10.164747097001268
1596,3,-11.07473552442331
1598,3,-9.714381883075653
1603,3,-9.780574939066135
1604,3,-10.061606392127516
1611,3,-11.759855020815785
1613,3,-11.23194250616455
1617,3,-10.367646370532484
1620,3,-10.35563168598378
1624,3,-8.812120112581411
1626,3,-11.626223073431156
1634,3,-10.320446524066845
1643,3,-9.746547274574752
1649,3,-10.883530399462053
1651,3,-10.342690565926766
1660,3,-11.696283516854493
1675,3,-8.709982072085609
1677,3,-9.98388796837908
1679,3,-10.386368116307935
1681,3,-8.626572793054358
1690,3,-9.859333965180525
1696,3,-10.400309503137251
1700,3,-9.794889002733989
1703,3,-10.10190160527484
1710,3,-9.952114181551579
1715,3,-10.991981509386562
1725,3,-10.689652878978123
1740,3,-9.793167472563745
1742,3,-10.709713827028551
1749,3,-10.06896066906505
1757,3,-9.914014109433197
1758,3,-11.037493387013726
1759,3,-9.028124882529163
1761,3,-9.857326242853205
1768,3,-10.269615734912044
1778,3,-10.178959330798634
1786,3,-10.374700370379713
1788,3,-11.14022184674922
1789,3,-10.12065017690636
1794,3,-9.559056899984384
1799,3,-11.821821249102484
1809,3,-10.621436951416484
1823,3,-8.633433031001992
1826,3,-9.970687702777624
1829,3,-8.664991510130989
1830,3,-9.584012475255776
1838,3,-9.162764231800601
1843,3,-11.824426202544451
1862,3,-9.253446545363452
1868,3,-10.861236722316796
1869,3,-11.072942889525649
1872,3,-10.475891764498684
1873,3,-9.913117471728462
1879,3,-10.706194327203242
1880,3,-11.059056666162355
1881,3,-10.48054741675982
1892,3,-9.787902679789404
1895,3,-9.92082678685334
1909,3,-10.153778493338521
1920,3,-9.747334834385455
1923,3,-9.4797791231572
1928,3,-9.07387502201366
1930,3,-10.680288555633503
1939,3,-10.093109288551304
1943,3,-10.4536134809346
1944,3,-9.776334632061804
1946,3,-8.344901966357867
1964,3,-9.260672758231678
1965,3,-11.47466738125523
1971,3,-11.523288595658364
1977,3,-10.234578909518959
1992,3,-11.90504947471107
1994,3,-10.623171370684481
1997,3,-10.370353710743288
2000,3,-10.79534820014829
2006,3,-10.099269620237969
2011,3,-10.128946663043351
2036,3,-9.320815365556768
2061,3,-10.396087412111498
2064,3,-10.580398033794673
2079,3,-9.986986385300476
2080,3,-9.674267258423498
2082,3,-9.591103951160477
2087,3,-11.433544822395696
2091,3,-10.709113461191386
2093,3,-9.715937917898543
2100,3,-10.251625880373396
2104,3,-9.413324342833896
2105,3,-9.577689268061313
2120,3,-10.200022328794404
2125,3,-12.08931956407151
2133,3,-11.430214008659782
2137,3,-11.390880031904778
2145,3,-9.10349607087447
2156,3,-9.21012356960118
2157,3,-11.085464341369388
2162,3,-11.739275032106875
2175,3,-9.441095578698707
2176,3,-9.629947718021128
2190,3,-10.417504385129781
2196,3,-10.785268546188604
2199,3,-10.470555043690027
2204,3,-11.612555060112093
2207,3,-11.256520882967664
2211,3,-10.128946663043351
2218,3,-12.440107483900057
2225,3,-10.601586380593496
2229,3,-11.336674076267357
2233,3,-11.105088899104693
2242,3,-10.417610196647281
2250,3,-11.582013887012387
2274,3,-8.98459449632405
2282,3,-9.335491389846055
2286,3,-9.830268821500553
2287,3,-9.713746375470421
2294,3,-10.961653684112292
2295,3,-9.804839485101837
2301,3,-10.38171062680724
2333,3,-10.852536100600368
2337,3,-9.418829482600039
2352,3,-10.764388968801072
2367,3,-9.27820803775895
2368,3,-10.966252477340618
2383,3,-10.443289174766925
2385,3,-9.568172586557935
2392,3,-11.121308047433388
2414,3,-9.418829482600039
2417,3,-9.395589061216377
2419,3,-10.50098449828539
2430,3,-8.907742431251556
2431,3,-10.57145024048166
2438,3,-9.501174224190088
2459,3,-11.659313704942456
2463,3,-9.093365669799411
2464,3,-11.621406409841647
2466,3,-10.112853713288835
2473,3,-10.551431424327895
2487,3,-9.995481533508269
2499,3,-9.142091678364068
2504,3,-9.125138451761735
2516,3,-9.904253699909262
2523,3,-9.553658768477
2524,3,-11.362087790209337
2544,3,-10.072681139918856
2549,3,-9.291177763532652
2552,3,-9.555826286570415
2553,3,-10.582639773542006
2561,3,-9.560195850287649
2563,3,-10.489656636156901
2567,3,-9.368344944964392
2569,3,-9.405602807107144
2571,3,-11.131739531589076
2574,3,-9.069507131285164
2585,3,-10.924597726218202
2592,3,-11.034533696759283
2596,3,-11.538493074483775
2600,3,-10.267112396730688
2602,3,-11.086182481600588
2608,3,-10.432895034073702
2614,3,-11.844597599397481
2631,3,-9.821751556746392
2644,3,-10.657292893778632
2646,3,-9.77315222911102
2650,3,-9.592147531495677
2655,3,-10.141688410328698
2681,3,-8.69732106790223
2682,3,-11.338755166347681
2690,3,-10.949288284213289
2698,3,-10.733130227579572
2717,3,-11.216578919722423
2732,3,-9.502081010000573
2733,3,-11.534949227763377
2743,3,-11.97717752124084
2754,3,-11.402735110366535
2756,3,-10.632043700683134
2772,3,-11.725890380500473
2793,3,-10.733130227579572
2800,3,-10.086179659484834
2801,3,-10.284023419253579
2805,3,-10.431995827256138
2810,3,-10.687190651614408
2832,3,-10.709599294540453
2837,3,-10.259483964302213
2840,3,-11.517416807188752
2842,3,-9.630353341754713
2847,3,-9.485085068170221
2848,3,-10.052758660682422
2850,3,-10.954415117817234
2860,3,-11.509429600882143
2861,3,-9.619892995640392
2864,3,-9.812407929463973
2870,3,-9.637950169971553
2873,3,-11.034060206442511
2875,3,-9.606954060299579
2881,3,-10.966244004570846
2883,3,-9.058597395989032
2884,3,-9.981382460783045
2885,3,-10.51619385214331
2904,3,-9.575712043800948
2905,3,-10.772687427101374
2906,3,-9.84215088063479
2916,3,-10.551894151672535
2918,3,-8.828230321161591
2930,3,-9.071602231130598
2950,3,-10.600110930841929
2960,3,-10.604435431124216
2965,3,-9.732200044578093
2973,3,-10.954782429615342
2977,3,-10.66762875147684
2979,3,-9.045518697782363
2984,3,-10.666916366431366
2987,3,-12.107510547011408
2998,3,-10.015208988031667
3001,3,-11.063619504585155
3002,3,-10.873739369534
3010,3,-9.606559346391542
3012,3,-9.305063266064394
3014,3,-9.120871334638451
3015,3,-9.63823588064696
3021,3,-10.47753936738436
3024,3,-10.108268913506869
3032,3,-11.019523268357176
3036,3,-9.661853055973808
3045,3,-11.539932844783685
3052,3,-11.727215999482105
3055,3,-9.37858528427568
3063,3,-9.81809612475368
3064,3,-11.186608236461936
3065,3,-8.96648831169805
3068,3,-10.337431830325187
3070,3,-10.083879074176139
3075,3,-10.518181102784823
3076,3,-10.432720555740957
3077,3,-10.178756777324864
3079,3,-9.231477781698615
3091,3,-10.67756223723292
3098,3,-11.362036794417754
3100,3,-11.953835668364825
3102,3,-9.404467051302525
3103,3,-9.663774596775987
3105,3,-10.67756223723292
3109,3,-10.421422103837756
3118,3,-9.522953711470784
3122,3,-9.603175034881303
3133,3,-10.308815358422166
3147,3,-10.0239045276237
3153,3,-10.19014676745497
3163,3,-8.996322264127897
3165,3,-11.563592785252133
3169,3,-9.534846065455852
3170,3,-9.103842223518733
3177,3,-10.670855095718437
3178,3,-9.683310539070696
3184,3,-9.939239579150417
3185,3,-10.65166220432154
3188,3,-8.975615478909724
3195,3,-10.635485736029459
3208,3,-9.594559098827496
3211,3,-10.569227356656647
3219,3,-11.61231822398424
3226,3,-10.73386043033895
3234,3,-10.064074461961233
3236,3,-10.268934630394078
3240,3,-10.783688876031583
3248,3,-10.02195731033219
3253,3,-10.227398048591688
3260,3,-8.872985607161638
3269,3,-10.421370414136227
3272,3,-11.175546552381284
3277,3,-9.606363724680818
3280,3,-9.993591151606786
3289,3,-11.868289695216212
3293,3,-10.178882992060167
3298,3,-10.113162746151325
3300,3,-10.533431214336638
3311,3,-9.462873310837487
3317,3,-7.315403851390812
3319,3,-10.57498912336542
3321,3,-10.98452637935879
3327,3,-11.188114360929276
3332,3,-9.425255063000215
3333,3,-10.72220601914524
3335,3,-9.912130134352111
3339,3,-9.59186468237666
3340,3,-9.28873245149822
3351,3,-10.581960679473958
3359,3,-11.164282270795646
3371,3,-11.317693532902346
3374,3,-10.55603552414653
3383,3,-9.62271198496726
3399,3,-11.306383180397702
3405,3,-11.852540083553599
3415,3,-9.792048357091176
3417,3,-11.839534498402138
3428,3,-10.227398048591688
3432,3,-10.917325707123602
3435,3,-11.799094857534854
3436,3,-11.327046943185977
3458,3,-9.330527456513074
3468,3,-9.345231079026796
3480,3,-10.035162119243275
3482,3,-12.31266899150723
3485,3,-10.674104367462562
3489,3,-10.14280675683279
3499,3,-11.309531145818944
3503,3,-7.824323215774456
3506,3,-9.26198102560015
3516,3,-9.678649623947521
3521,3,-10.901216256861645
3534,3,-11.052188174422035
3537,3,-10.113082596538028
3538,3,-10.45464180715311
3540,3,-10.334905294775567
3542,3,-9.394695851368539
3545,3,-9.562202891234634
3553,3,-11.727106602987327
3556,3,-10.519880823515471
3558,3,-11.121326451174028
3560,3,-11.47888911797942
3577,3,-10.550629109689318
3586,3,-9.595092439049793
3591,3,-9.639849521473174
3596,3,-10.582968956076392
3604,3,-9.493241867054245
3609,3,-11.281581928894
3616,3,-9.46745688086991
3618,3,-10.644028261536874
3619,3,-9.140581525143794
3624,3,-10.478680940607305
3628,3,-10.22528772408468
3632,3,-10.2376147953836
3635,3,-10.072460131560149
3638,3,-10.80023770272787
3639,3,-12.390822418592315
3642,3,-10.760033164632759
3648,3,-9.316143829528464
3649,3,-11.24214998720533
3653,3,-10.012603262061596
3672,3,-11.669487665776842
3673,3,-9.435259154331447
3674,3,-9.44826398947302
3681,3,-10.392553448881628
3683,3,-11.468266471047997
3691,3,-10.38510084795496
3695,3,-10.180022342258304
3697,3,-10.940632976770459
3701,3,-9.735355914778246
3702,3,-9.6666528525908
3704,3,-10.142641894680672
3706,3,-11.721125998995639
3708,3,-10.696181178355353
3711,3,-9.447971383053009
3713,3,-9.103179330617834
3728,3,-11.903511887261764
3752,3,-10.619533182736312
3757,3,-10.211347515960199
3763,3,-11.841831369650478
3769,3,-11.63386367344497
3776,3,-10.15606164938616
3777,3,-10.35443043381526
3780,3,-9.817790646963644
3794,3,-11.408703916708212
3799,3,-9.995046813518407
3800,3,-10.510588272150635
3804,3,-10.766856535495485
3805,3,-10.552301315285753
3810,3,-10.038466743830952
3818,3,-8.895456264728523
3826,3,-10.114963939394457
3831,3,-11.072152397813241
3846,3,-10.544271039138224
3852,3,-11.622658548675041
3859,3,-11.480712860968232
3861,3,-11.110529771095507
3866,3,-11.988339226854265
3871,3,-10.532832314010555
3874,3,-10.731554193836637
3879,3,-11.93680448272324
3880,3,-11.01727209534016
3890,3,-11.091868241130676
3910,3,-10.1398514871018
3939,3,-11.170166451743029
3954,3,-10.22422691637653
3955,3,-9.942403183387633
3961,3,-9.714420708496021
3967,3,-10.188537747812468
3969,3,-9.443980916676281
3970,3,-10.777786422361899
3971,3,-10.408251040757605
3974,3,-11.400481446043337
3984,3,-11.624393764126637
3991,3,-12.32538271723692
3999,3,-9.41850510750374
4007,3,-9.127287747474377
4009,3,-9.682403290063426
4023,3,-10.520198889911867
4026,3,-9.949936425326953
4033,3,-10.987050240760624
4038,3,-9.885405516934021
4044,3,-10.487855422935915
4051,3,-10.739108929835986
4052,3,-9.763965630451054
4058,3,-9.350667525038865
4059,3,-11.715754665469035
4063,3,-9.888488958068962
4066,3,-10.249354499859436
4068,3,-10.924042996603653
4079,3,-9.592295065145485
4080,3,-9.07460547252905
4093,3,-9.449425910950175
4108,3,-10.679681000545116
4110,3,-10.645481621757526
4111,3,-9.147790233491534
4112,3,-10.693313326844617
4124,3,-11.076213154396903
4146,3,-9.815756287157704
4154,3,-11.861286895128849
4168,3,-10.536249567126376
4175,3,-10.06328606659239
4184,3,-9.921059950481059
4185,3,-11.776251512820878
4187,3,-10.407007386526374
4188,3,-10.767587652043886
4193,3,-10.588217215067282
4194,3,-11.14437019856031
4210,3,-12.005098041309907
4211,3,-10.509427362341498
4212,3,-9.994007197166503
4220,3,-8.485797208747556
4223,3,-11.684494542402575
4225,3,-11.225869769653372
4227,3,-9.82239953258091
4238,3,-9.047279528365216
4240,3,-9.470167434334925
4241,3,-10.292285892119274
4242,3,-10.686409032657075
4247,3,-10.259279153862693
4248,3,-10.818811635812644
4263,3,-9.724407352049816
4267,3,-10.90665034665745
4270,3,-9.53255644672656
4284,3,-8.990394686237813
4290,3,-10.378659120768923
4300,3,-9.636000701102319
4302,3,-10.889355450636344
4305,3,-10.136065010393828
4307,3,-9.956031479965539
4323,3,-10.65433297148708
4324,3,-9.417932844895304
4332,3,-9.565413598925772
4337,3,-9.982201565932229
4351,3,-10.939186007241162
4353,3,-9.841565598121726
4357,3,-11.16832901718471
4362,3,-9.016381860057216
4364,3,-9.548413845691918
4376,3,-10.849452659465427
4380,3,-9.376681880494885
4385,3,-10.068884317565782
4391,3,-9.964595969530642
4398,3,-11.207503342884372
4399,3,-9.58463106842342
4403,3,-11.24877004443131
4409,3,-10.461618407631306
4412,3,-10.386045672624007
4420,3,-9.554014974206162
4421,3,-9.947270072724322
4429,3,-9.585183910730201
4437,3,-11.172313849459506
4441,3,-11.636958865630803
4444,3,-9.768607252369634
4454,3,-10.869643808526668
4456,3,-8.292298659108546
4459,3,-8.97308279535558
4462,3,-9.706394629485025
4463,3,-9.585183910730201
4466,3,-11.718063795861148
4467,3,-7.726676060601839
4472,3,-9.267344285477861
4476,3,-10.539026773393559
4487,3,-11.24750497226836
4498,3,-10.399264711849206
4502,3,-10.400531286085474
4506,3,-10.32991338524613
4511,3,-10.981013828464775
4516,3,-9.87375045600772
4525,3,-9.572954640098786
4530,3,-11.422123581446094
4531,3,-9.93871993142507
4533,3,-11.442871130167354
4536,3,-9.854038813898043
4546,3,-9.490408844621413
4548,3,-9.608393977913657
4567,3,-8.753880929015395
4591,3,-10.878731189463096
4593,3,-10.149565710037713
4599,3,-11.238510132739528
4600,3,-12.21429269994752
4602,3,-9.676305700367138
4606,3,-10.251740257034449
4614,3,-10.432951777855749
4616,3,-10.450455792381938
4619,3,-9.88330095058253
4631,3,-9.712076757153227
4632,3,-10.709599294540453
4634,3,-11.158293042664255
4636,3,-10.271614790712995
4641,3,-10.853846546784972
4642,3,-9.81734991760743
4651,3,-10.732272892452286
4668,3,-11.90971714755208
4681,3,-10.765288259609484
4695,3,-9.975022099310863
4713,3,-9.87411151969063
4725,3,-10.05494917280275
4726,3,-11.045772412680591
4730,3,-10.765288259609484
4732,3,-11.848211975380458
4733,3,-8.92107436694414
4737,3,-8.855092079472072
4744,3,-9.823497489498607
4745,3,-10.506193675789419
4748,3,-11.169125172564023
4749,3,-9.936733326097063
4750,3,-8.95255023914089
4765,3,-9.700766404648583
4767,3,-9.15446228222828
4774,3,-8.76976705626764
4776,3,-10.687190651614408
4783,3,-10.208498345231874
4788,3,-10.00337988481423
4799,3,-10.417279515950852
4800,3,-9.642390115379548
4804,3,-10.98778104076301
4816,3,-11.333472199948226
4828,3,-8.638574371330606
4832,3,-9.81734991760743
4833,3,-9.987994701936188
4835,3,-10.496168051036058
4839,3,-10.155827528353342
4847,3,-10.368921741299502
4862,3,-9.95573113584507
4863,3,-9.262165462186132
4878,3,-10.17543787801246
4879,3,-10.747160586283478
4881,3,-10.270261654948548
4888,3,-9.204850900761294
4889,3,-8.719779211237089
4904,3,-9.20400089437097
4909,3,-10.17543787801246
4912,3,-11.604033579860761
4917,3,-9.522134852289234
4928,3,-11.896358259038536
4946,3,-9.299055100963422
4961,3,-10.720390896332304
4970,3,-11.846223486544964
4971,3,-9.468251130191675
4994,3,-10.397260576249998
4997,3,-11.36916659042037
5001,3,-10.205401853411537
5004,3,-11.639061562533243
5009,3,-10.761212677707626
5016,3,-10.41404646858367
5019,3,-10.716169076018119
5031,3,-12.684440131089758
5033,3,-10.00337988481423
5042,3,-10.78593319754414
5044,3,-10.523788537752104
5049,3,-11.515227214628865
5055,3,-11.937081140720352
5065,3,-10.875830568310064
5072,3,-11.76694951318455
5082,3,-11.644671755322435
5087,3,-10.27069057325852
5092,3,-10.658405425570976
5101,3,-10.756418030360614
5116,3,-11.56379834631425
5117,3,-11.120881386435286
5122,3,-10.588339296467836
5127,3,-10.506099936914737
5133,3,-10.653486510042882
5134,3,-9.39710341180944
5138,3,-9.273554947438427
5142,3,-8.945809323266992
5144,3,-11.219421126606505
5153,3,-9.89906292979098
5154,3,-10.550883485297973
5158,3,-12.471695827600506
5164,3,-9.268719327126355
5167,3,-10.963730439148115
5177,3,-9.85531334302317
5178,3,-10.232844058967189
5181,3,-10.48753735653952
5183,3,-9.902684709753501
5184,3,-10.945895895440806
5186,3,-11.458964003328703
5193,3,-10.15056303500937
5195,3,-10.61563208868116
5197,3,-10.115129653582393
5203,3,-10.481509570986539
5210,3,-9.838519966442348
5213,3,-10.190473734644975
5214,3,-9.044718527455345
5243,3,-10.575791271240014
5252,3,-11.675555979254959
5253,3,-9.170065581724806
5255,3,-10.141305334888642
5263,3,-8.73961668150551
5272,3,-9.708800454695947
5283,3,-10.154217004701671
5284,3,-10.444686112322522
5292,3,-10.150376695117899
5297,3,-9.883099133925256
5298,3,-10.965088786837697
5303,3,-11.742808584030648
5316,3,-10.844928391466539
5323,3,-10.500250875239473
5328,3,-9.895579602271901
5332,3,-10.900642306587194
5333,3,-10.541091516052177
5338,3,-9.148610381834686
5347,3,-9.380475210834696
5352,3,-10.163856252558006
5374,3,-10.573886305376739
5375,3,-10.68258739307953
5377,3,-9.53069824894056
5398,3,-8.841051454433348
5400,3,-9.556916293638686
5402,3,-10.51110840642265
5413,3,-11.3282171049715
5419,3,-10.19601811432561
5431,3,-10.311285725651324
5446,3,-10.213936878245704
5450,3,-9.893582896468715
5459,3,-10.29535866898346
5466,3,-10.443356404700083
5470,3,-11.849248339231401
5482,3,-9.49843492363241
5486,3,-9.75597518516782
5492,3,-10.587880292527139
5493,3,-9.63808489913854
5495,3,-10.253672555009643
5506,3,-9.8721017918865
5514,3,-11.597928080049897
5522,3,-10.377314983499957
5526,3,-10.236157834097789
5532,3,-9.029359451787641
5540,3,-10.286960662618618
5546,3,-9.066240242325868
5552,3,-9.456961921861954
5557,3,-9.994832876736524
5574,3,-8.160522428138094
5588,3,-11.89111643495822
5590,3,-10.4033832514802
5599,3,-10.917009863681521
5624,3,-9.674880748259078
5626,3,-10.961209764001332
5631,3,-10.666845163915532
5642,3,-11.78792917712363
5645,3,-11.275738724416179
5646,3,-10.792357078379055
5655,3,-9.484990819862738
5656,3,-9.185281998319404
5659,3,-8.694343407338287
5670,3,-9.336077844632143
5672,3,-8.9504729732299
5678,3,-10.20494361619891
5684,3,-11.344932363094486
5685,3,-11.739710159676896
5703,3,-9.94216711901722
5706,3,-10.102282776415493
5715,3,-11.203119534725126
5717,3,-10.801626098871012
5721,3,-10.054641028908286
5724,3,-9.682747348752478
5735,3,-9.366179096609322
5737,3,-10.279343518149147
5738,3,-10.681497321362464
5743,3,-10.005427729671034
5762,3,-11.041669857451602
5764,3,-10.050504996359216
5776,3,-9.062951725517223
5781,3,-11.943592869138286
5783,3,-9.94525056015216
5785,3,-11.938098723736225
5790,3,-9.983271081314783
5803,3,-9.993147817193083
5804,3,-9.557669802672365
5805,3,-9.561273070531158
5807,3,-10.626574441036048
5811,3,-11.284537344874728
5814,3,-9.222529723056304
5836,3,-9.02053830036062
5845,3,-10.322086228451425
5847,3,-10.580398033794673
5859,3,-11.142182404977753
5862,3,-10.13460878841206
5864,3,-9.063351079138755
5876,3,-10.207730639209359
5882,3,-11.95450714410353
5883,3,-10.490594468032505
5885,3,-12.170192973079693
5913,3,-11.263661878488087
5919,3,-10.608177048695453
5920,3,-10.501928897315096
5929,3,-9.353154916179875
5944,3,-11.708367571183132
5953,3,-10.512176587968732
5955,3,-10.850429083158524
5963,3,-10.133333390358132
5979,3,-9.641886488446936
6001,3,-9.923283062137088
6009,3,-10.07520255659616
6015,3,-10.544692838595118
6019,3,-10.423618633859334
6037,3,-11.766470891237269
6039,3,-10.046751965078542
6053,3,-11.4377105858578
6056,3,-8.757426750369014
6060,3,-11.596603267150144
6068,3,-10.42583255428022
6080,3,-10.339976949414378
6084,3,-9.868575195740704
6085,3,-9.981346408614144
6088,3,-11.480555329008794
6093,3,-11.406100371567184
6098,3,-11.461789336636222
6106,3,-8.05286287495781
6117,3,-9.872599510761518
6118,3,-11.436581843899383
6120,3,-9.353033737108468
6122,3,-11.534876049542945
6126,3,-10.06390136338284
6128,3,-11.391245521812522
6134,3,-9.761215171361677
6136,3,-10.449352920918066
6137,3,-10.891174823471083
6141,3,-10.844701401397785
6143,3,-10.646246640405963
6148,3,-9.666490058500223
6149,3,-9.029332746025908
6150,3,-9.709277507469835
6158,3,-10.64817661254741
6159,3,-9.993826876960789
6166,3,-10.0676939110391
6172,3,-11.46924497650415
6173,3,-10.31241546788059
6180,3,-9.437477533200536
6186,3,-9.822179206322666
6189,3,-10.015403645317484
6200,3,-9.416043955772558
6215,3,-11.473270712684034
6217,3,-11.636309792510502
6222,3,-11.444014275227111
6229,3,-10.520836078036574
6236,3,-10.43973429803036
6244,3,-11.670939015971015
6247,3,-8.936436988085418
6252,3,-10.825281828173985
6253,3,-10.24710787490158
6255,3,-9.620300531668846
6262,3,-10.51458567223299
6267,3,-8.440636390868939
6271,3,-11.088559629604951
6283,3,-10.493514130778294
6287,3,-10.564240078700422
6300,3,-10.09636506306444
6323,3,-10.086360234208009
6334,3,-11.007192061664504
6335,3,-11.920493068511114
6337,3,-9.828234658009613
6342,3,-11.004795556479387
6352,3,-9.958730051973063
6353,3,-10.175511892926501
6359,3,-10.832680995665875
6363,3,-10.15417140655714
6369,3,-9.503449785342355
6372,3,-9.148368286758526
6375,3,-11.02920578451625
6376,3,-10.480200516636451
6385,3,-8.44382268388064
6398,3,-10.654033826720202
6418,3,-9.077368905476803
6422,3,-10.451639579957494
6423,3,-10.178215241885987
6433,3,-9.670380940984963
6438,3,-11.545812980044467
6455,3,-9.164127120745093
6457,3,-9.299055100963422
6458,3,-9.43980115766692
6459,3,-11.194478964307933
6463,3,-8.1792682823408
6465,3,-7.976706572553532
6470,3,-9.225434471798941
6473,3,-9.745585670931831
6482,3,-9.830676774997443
6488,3,-9.256416912887659
6497,3,-8.33931191720918
6499,3,-9.625859211544388
6504,3,-9.994175578017675
6517,3,-9.329558344864964
6527,3,-11.319256747916384
6546,3,-10.064105005883889
6547,3,-10.017178603103062
6560,3,-10.709080543827667
6566,3,-9.909150198208472
6570,3,-10.74854649794748
6574,3,-11.681010774537242
6579,3,-11.866216442265689
6581,3,-10.898651305302415
6584,3,-11.27610909582404
6599,3,-10.044668295280609
6601,3,-10.77948136781854
6602,3,-10.490000638415118
6604,3,-10.797154222753534
6617,3,-10.61982232530005
6623,3,-9.519595446234135
6628,3,-9.957934883746319
6643,3,-10.154116772407555
6646,3,-8.8090374297647
6650,3,-10.068868110944372
6651,3,-11.517702517864166
6652,3,-9.80400663985894
6659,3,-9.987098064231454
6681,3,-10.271113156960851
6686,3,-11.305514425771825
6689,3,-10.506117551115274
6696,3,-9.94378880004512
6702,3,-10.599028333525936
6726,3,-11.072608972234704
6731,3,-10.918992958387605
6733,3,-9.686914110242554
6742,3,-9.757265032177159
6743,3,-11.060230292409209
6745,3,-11.363897199904386
6750,3,-10.465012577972566
6758,3,-10.753780246379897
6763,3,-11.48044173868341
6767,3,-9.824062340657683
6770,3,-12.13971975366384
6813,3,-10.314306892186963
6820,3,-9.932442400084284
6821,3,-10.65119765054186
6828,3,-10.885024771987027
6832,3,-10.582980554345177
6850,3,-9.334653350734655
6861,3,-8.44776302713369
6862,3,-10.049675219547474
6869,3,-9.896523895190533
6879,3,-9.445179477255422
6884,3,-11.297799922482852
6891,3,-10.33023713827778
6912,3,-10.478308667306756
6914,3,-11.264638779744658
6927,3,-10.718565583537519
6929,3,-9.849174870247381
6946,3,-9.123382877503268
6951,3,-11.20119478744283
6961,3,-9.576525044500741
6964,3,-9.46208598851301
6966,3,-11.128476839490439
6967,3,-10.061473238310008
6968,3,-9.94162350366588
6980,3,-9.646876082306875
6981,3,-9.032377080992923
6985,3,-9.49840431342863
6986,3,-10.498551999516522
6987,3,-10.36437479107915
6996,3,-10.914814438590675
7007,3,-9.493725269830136
7009,3,-10.721214500344928
7016,3,-9.513436911939813
7025,3,-10.724983217814604
7028,3,-10.119402234962344
7030,3,-11.677485733594807
7035,3,-10.231945013120736
7049,3,-11.593411043262755
7052,3,-10.289622467025275
7055,3,-9.740072141153895
7056,3,-10.030257581329401
7065,3,-10.957228498294512
7069,3,-9.084649332121842
7072,3,-10.227398048591688
7088,3,-11.620681671836145
7101,3,-10.086341767742923
7105,3,-11.242991936584723
7107,3,-11.828710180409132
7113,3,-10.861754168658855
7114,3,-10.507018487535454
7119,3,-10.964590100097979
7131,3,-9.147918575111639
7148,3,-11.399848532376083
7151,3,-9.755728212235418
7152,3,-10.899206934864416
7157,3,-9.124850282971913
7159,3,-10.146506242455935
7172,3,-10.006954617212948
7186,3,-9.099865065404167
7187,3,-9.73654192822287
7191,3,-11.172523587125646
7199,3,-11.21082583975523
7200,3,-10.933082220005687
7207,3,-12.167726691617958
7209,3,-10.140883850749795
7214,3,-9.834248763329398
7232,3,-9.941104752953095
7233,3,-10.533118722776607
7242,3,-9.971290637424389
7243,3,-9.763195912037176
7253,3,-10.821559035564967
7254,3,-11.894881754104993
7263,3,-11.606366122141942
7276,3,-11.404617836469122
7278,3,-10.310021825024101
7279,3,-9.717587740456636
7283,3,-9.56179722441798
7285,3,-9.856112047291496
7287,3,-10.515044605954131
7292,3,-9.645269543836953
7293,3,-10.413527664344066
7302,3,-9.71610251545038
7304,3,-10.153771868345764
7306,3,-10.73386043033895
7309,3,-10.132321469620607
7313,3,-11.566876188263933
7318,3,-8.46049713762146
7319,3,-12.566476034159585
7338,3,-9.818852534296838
7340,3,-11.330564656243652
7342,3,-10.38867566182823
7355,3,-9.292094147220418
7356,3,-9.642793369394354
7360,3,-8.91869025352095
7368,3,-11.331263310367433
7372,3,-8.593426511032291
7379,3,-10.537917430314828
7394,3,-10.739361096296498
7413,3,-9.47387976007952
7415,3,-10.483306827124117
7418,3,-10.052509351272676
7419,3,-8.739680015804552
7422,3,-6.912508098295206
7430,3,-8.731797476912305
7438,3,-10.358205724025837
7439,3,-8.869315471183825
7452,3,-11.063841985412068
7453,3,-9.063717248060975
7462,3,-8.943185332321512
7470,3,-11.425814427313526
7472,3,-10.93662488311498
7473,3,-8.54675553909604
7474,3,-9.280711414837718
7479,3,-10.896329669967656
7486,3,-9.733861612128337
7487,3,-7.929832845869598
7500,3,-8.648041136042252
7504,3,-8.480357527286756
7522,3,-9.054650641924347
7526,3,-10.52882374766758
7531,3,-8.880543799984146
7532,3,-10.332479146498152
7535,3,-10.036646696003181
7545,3,-9.287331042159927
7549,3,-10.415967652069149
7562,3,-11.088971234203527
7565,3,-10.218246095029961
7579,3,-9.839415138326522
7581,3,-8.676496673304591
7592,3,-10.618170238410165
7602,3,-11.252195807778449
7605,3,-10.794813555197543
7609,3,-10.389375593180368
7610,3,-8.848700976164828
7623,3,-8.850040556082604
7625,3,-10.283375612990739
7626,3,-8.574618507652055
7639,3,-9.473361009366734
7640,3,-8.632745738973462
7642,3,-10.389350643128743
7662,3,-8.942026495251383
7668,3,-8.410778733903022
7676,3,-9.515889677919468
7679,3,-9.930062748885646
7681,3,-9.702818682971234
7683,3,-10.08521555371837
7693,3,-11.071452481861783
7694,3,-11.368372505408786
7704,3,-10.081812483366804
7706,3,-9.404183382566615
7710,3,-11.700017115959199
7728,3,-9.217841026593959
7736,3,-8.910329293053593
7740,3,-10.090500364593424
7742,3,-10.010667109573973
7745,3,-9.542035656856697
7770,3,-8.014284227422685
7773,3,-6.7024521430981565
7786,3,-5.5620347999342385
7795,3,-6.415929801217267
7804,3,-8.139292653382498
7811,3,-6.2442311025341795
7814,3,-5.721528990116774
7816,3,-7.66612605266284
7820,3,-7.460494791145713
7826,3,-7.141857453575064
7830,3,-7.772642311848287
7835,3,-7.608401422809166
7836,3,-7.627594314206057
7842,3,-7.612199142373903
7843,3,-6.970772628828385
7845,3,-7.00303756582818
7864,3,-7.328406171494649
7870,3,-7.107089652855215
7873,3,-7.323620124422753
7883,3,-8.017169111098404
7887,3,-7.090439824822248
7888,3,-8.365711453140293
7894,3,-5.484086933911264
7897,3,-6.798409976474389
7900,3,-7.325935637398558
7901,3,-6.685297951426712
7904,3,-7.541811828043684
7910,3,-7.835296134551712
7916,3,-8.070775149407623
7920,3,-7.466930773550153
7925,3,-7.555069352618389
7931,3,-6.312241796353241
7962,3,-8.631163826232765
7964,3,-7.3396383164661145
7966,3,-7.223827666438893
7979,3,-8.040201076286095
7980,3,-7.7914486785241905
7986,3,-6.82636177992638
8008,3,-5.203471372181788
8010,3,-6.410621578120541
8019,3,-8.114701967277341
8023,3,-7.122582963229483
8025,3,-5.7463451585979755
8033,3,-7.115309496239419
8036,3,-7.69390102601902
8052,3,-6.628536349343513
8053,3,-7.886552738562081
8068,3,-8.178189405148942
8072,3,-6.512614244188036
8079,3,-6.9134214512335035
8080,3,-8.461581912821046
8085,3,-8.366050037554807
8100,3,-7.5896974331688725
8107,3,-7.405007615104374
8110,3,-8.35037306937351
8117,3,-8.087170222660482
8124,3,-5.120582130286699
8125,3,-7.68432679406034
8128,3,-7.070808574588696
8132,3,-7.348701199972396
8137,3,-7.760417569308906
8138,3,-9.352735246186782
8139,3,-7.8259393973605285
8167,3,-6.911652999531796
8170,3,-7.436220837821502
8172,3,-5.504186564693811
8176,3,-6.577828794217282
8182,3,-8.624044386113518
8184,3,-7.303715391210375
8196,3,-6.9432350749604765
8197,3,-6.919099006743011
8206,3,-7.068713784209109
8208,3,-8.601379956713387
8211,3,-8.525711173908704
8214,3,-5.6360976710699475
8217,3,-5.488432336471313
8219,3,-7.291915064722559
8240,3,-8.445595569010358
8242,3,-5.285799185806908
8243,3,-8.444555660704154
8244,3,-6.671742380829734
8245,3,-7.934507613961564
8249,3,-6.719561301199569
8253,3,-8.273562525863767
8283,3,-7.067249545819131
8308,3,-6.654821204575754
8309,3,-8.075116755915985
8312,3,-8.157397779873804
8313,3,-6.524061541005139
8314,3,-5.606122202350761
8321,3,-6.533180240850633
8326,3,-8.763914756032356
8327,3,-6.685473718200079
8341,3,-6.615597100975414
8355,3,-6.55662080812494
8377,3,-6.9077886542383595
8381,3,-6.516371273969199
8384,3,-7.393927735225283
8386,3,-8.27093704116907
8394,3,-5.948167609785038
8399,3,-6.336534979099866
8404,3,-8.42668838828888
8405,3,-8.152859541160467
8406,3,-6.283735348368509
8407,3,-7.474948028272216
8411,3,-7.121362549983786
8412,3,-8.78072457763652
8415,3,-8.742821483743477
8425,3,-6.749776646858038
8427,3,-7.603715002242318
8441,3,-5.91478363568239
8442,3,-5.769765025317113
8452,3,-8.618681393126387
8453,3,-8.675574154546112
8466,3,-8.106872061988057
8470,3,-8.50368303575771
8471,3,-7.196085592023671
8482,3,-7.320042571528511
8489,3,-7.844024842992425
8494,3,-6.379133278311826
8498,3,-8.42512450966339
8501,3,-6.961916165404681
8504,3,-6.820239104696164
8514,3,-4.633506536789383
8526,3,-7.145153745318915
8536,3,-5.369513148756546
8541,3,-6.905101418059708
8544,3,-6.730967636195949
8545,3,-5.936544750511757
8549,3,-5.817837678660474
8566,3,-5.906726888447416
8575,3,-5.3629127908572585
8576,3,-6.842971243300276
8592,3,-6.441952932238053
8601,3,-7.768119651653841
8602,3,-5.221763700339224
8609,3,-4.237487836955658
8617,3,-7.820011386854233
8626,3,-6.204419759926864
8628,3,-7.322283496264447
8633,3,-6.392052512970096
8639,3,-8.276942800535608
8640,3,-8.989242106150535
8661,3,-7.719863086524931
8667,3,-5.816412727465632
8669,3,-5.944048285645515
8670,3,-5.701361259641843
8672,3,-6.9346781606838945
8686,3,-6.653198120248085
8687,3,-6.867461506852862
8704,3,-7.878289276143384
8711,3,-6.894058449449027
8717,3,-7.538812067049726
8719,3,-7.6724440144343475
8726,3,-6.416383344039879
8737,3,-7.543523772952867
8740,3,-7.01893575987399
8742,3,-6.511480111457267
8755,3,-6.749395342611379
8765,3,-7.477805866208961
8767,3,-7.5001607055206065
8769,3,-6.497271827694817
8775,3,-7.766299337570764
8784,3,-7.473563762924435
8791,3,-6.835850508513452
8795,3,-6.700863786337322
8801,3,-7.036575478890633
8810,3,-6.339178715163669
8812,3,-8.862153151726247
8829,3,-6.853495848101275
8831,3,-6.8162052775145625
8834,3,-6.874802764142501
8837,3,-6.753246977683133
8839,3,-6.1901824974746305
8842,3,-6.671370417023553
8848,3,-7.239321313337882
8850,3,-5.805107468754372
8851,3,-6.698044419184583
8854,3,-7.152062355053658
8863,3,-7.1328694636567604
8878,3,-7.901497132063554
8880,3,-6.845111038581848
8881,3,-6.839912857195458
8882,3,-7.214075461704425
8889,3,-8.035129079448176
8900,3,-8.303925887202084
8901,3,-7.640069916122897
8903,3,-6.813359244043909
8907,3,-6.700863786337322
8911,3,-7.978581326756867
8918,3,-7.952329304777571
8927,3,-8.208394011935845
8934,3,-6.985774617135782
8938,3,-6.335219979937641
8940,3,-6.272158443898469
8945,3,-6.3927198592736545
8950,3,-7.170784100829103
8981,3,-5.753828764924691
8989,3,-7.0433141676951365
9011,3,-9.103372258563837
9013,3,-7.918416339658208
9022,3,-6.844501008572443
9029,3,-6.709200549259634
9034,3,-7.412614268538356
9042,3,-7.844128095255549
9052,3,-6.814712324945624
9057,3,-8.452197119371483
9058,3,-7.079454506250059
9061,3,-6.854686886726817
9067,3,-6.621586009510153
9072,3,-8.443610373543159
9078,3,-7.944038189397297
9079,3,-6.701892587433612
9083,3,-7.331531601270797
9087,3,-7.202225541440626
9089,3,-7.4196215619508195
9108,3,-6.840936956200238
9114,3,-7.244634398518556
9117,3,-7.971358310422282
9121,3,-6.833813097256979
9136,3,-8.741286397410413
9138,3,-6.448048932145703
9145,3,-5.965185370678832
9146,3,-7.290379978389488
9157,3,-7.9041934263780576
9166,3,-7.144894014022135
9169,3,-6.730684393773892
9177,3,-7.155376179990938
9181,3,-7.4418030735152385
9182,3,-6.792408690271891
9195,3,-7.512921697381621
9207,3,-7.036147379829288
9212,3,-7.532114588778512
9213,3,-7.10216849556614
9214,3,-7.150366731844535
9221,3,-7.781979354890062
9222,3,-5.787037942364279
9224,3,-6.957126487574314
9226,3,-6.630534747371669
9234,3,-7.618945259586262
9248,3,-8.384126721499143
9250,3,-7.1567910660503244
9252,3,-6.584636743247309
9255,3,-6.749041175027749
9259,3,-6.245247873578009
9261,3,-7.602179915909247
9267,3,-8.52417608757564
9277,3,-6.243720027767203
9286,3,-5.973067909571078
9295,3,-8.238489763646527
9297,3,-7.001391896880271
9298,3,-6.781434446482621
9301,3,-7.059737330968744
9310,3,-7.3867640133014305
9320,3,-7.308896781021204
9322,3,-7.852044682020782
9332,3,-7.675751811013633
9335,3,-7.435168442799366
9336,3,-6.462050603425922
9345,3,-7.869688390367855
9350,3,-7.047234505889492
9365,3,-6.673434465304084
9366,3,-6.540741502083279
9367,3,-6.431796591497601
9376,3,-5.574900944223636
9394,3,-7.434968945065748
9430,3,-6.379500814417504
9439,3,-6.380670930259505
9443,3,-6.285585585671178
9448,3,-7.43408395315808
9458,3,-7.091934208441714
9459,3,-7.080623855937063
9462,3,-6.818779800997817
9469,3,-6.538966439999129
9479,3,-7.714777250618781
9484,3,-7.213092930410944
9485,3,-7.032692213058553
9489,3,-7.174712644936484
9492,3,-8.503333449945707
9509,3,-6.434440954978051
9514,3,-7.5218070205000345
9521,3,-7.407339613704636
9536,3,-6.560052495508408
9550,3,-7.766703970674762
9554,3,-8.467538109598102
9557,3,-7.061003311661331
9569,3,-6.557842478797923
9577,3,-7.098857733023046
9578,3,-7.19488680179375
9579,3,-7.175693910396859
9590,3,-7.1738646097469
9598,3,-4.371695526825334
9601,3,-6.542399664337509
9602,3,-7.312097565287303
9603,3,-8.559022415014745
9617,3,-7.015905141281792
9624,3,-6.062410398245781
9630,3,-6.146994454339357
9642,3,-6.80642447303736
9649,3,-7.719956279874765
9667,3,-6.969897366507453
9669,3,-6.977067499575135
9670,3,-8.439993263484546
9674,3,-7.327366331082857
9675,3,-7.131775418297792
9678,3,-7.09092058132655
9681,3,-6.828860433032837
9694,3,-5.860924357260885
9695,3,-7.339389555528221
9700,3,-8.748531055225882
9707,3,-6.658986805901954
9714,3,-8.888085296978588
9715,3,-6.736752611746297
9724,3,-7.495656806191256
9742,3,-7.738375449301692
9744,3,-7.916634976298333
9759,3,-8.718656849828129
9764,3,-6.818332957098633
9766,3,-8.943774262047626
9767,3,-8.699157360436786
9770,3,-7.733853912667435
9777,3,-8.53497795203414
9791,3,-8.413304003529596
9792,3,-7.723796889465106
9794,3,-6.71087557415261
9795,3,-8.494053110370373
9804,3,-6.991439762767094
9805,3,-7.929452824982498
9808,3,-8.277181056128121
9811,3,-7.090059666836872
9814,3,-8.26906026164336
9823,3,-7.290676470784142
9841,3,-5.867382600615507
9850,3,-7.222427097499711
9857,3,-7.078785542775343
9865,3,-7.834025840656643
9880,3,-7.304852056955504
9881,3,-6.579570324332487
9887,3,-6.874778245234971
9896,3,-6.89347241538605
9908,3,-5.951215323315871
9912,3,-6.3517087385892665
9914,3,-6.955307696707635
9918,3,-6.609903406410261
9919,3,-7.357034377860124
9926,3,-8.590928362532146
9934,3,-7.309626721346547
9943,3,-8.03210716928669
9955,3,-6.90580895392371
9959,3,-6.837616800231103
9963,3,-8.508743098138709
9967,3,-8.548136799764833
9970,3,-6.655764177861975
9975,3,-8.494053110370373
9978,3,-7.3301143300947444
9983,3,-7.181488919363979
9989,3,-6.766446824484888
9990,3,-6.6601147822965885
9991,3,-7.6259328670422875
10015,3,-6.065585729728802
10017,3,-7.461734659707012
10029,3,-6.533968456285471
10033,3,-8.003333541794383
10037,3,-9.319724764288772
10045,3,-6.405418128535359
10047,3,-7.664746809801002
10049,3,-6.831197283524915
10069,3,-7.442541768310122
10070,3,-7.416606218396318
10074,3,-7.340651724916228
10089,3,-6.429712582402367
10096,3,-6.22270239154598
10099,3,-6.85956537869923
10102,3,-6.717051875635434
10140,3,-6.0300118791248565
10147,3,-7.314553884271156
10149,3,-6.400403219636985
10151,3,-7.461734659707012
10154,3,-8.595371945857735
10162,3,-6.794123397439549
10175,3,-8.015423781817091
10177,3,-7.228158698088521
10178,3,-6.738771081438138
10184,3,-6.122951736668838
10185,3,-7.5074778770444865
10187,3,-7.094225727060305
10219,3,-7.150384250167541
10221,3,-7.013917655606413
10243,3,-6.963506602614579
10248,3,-7.618233043296399
10250,3,-8.57315693821436
10251,3,-9.386046487292809
10259,3,-6.958618641022021
10262,3,-7.732338827634528
10271,3,-7.5990401518995085
10283,3,-8.852866893852884
10289,3,-7.593134308184162
10290,3,-6.99101738149767
10293,3,-7.758786052470086
10298,3,-7.280634580902138
10299,3,-8.859817411904501
10311,3,-8.062050115761267
10315,3,-6.047311752158741
10317,3,-7.681006826076967
10319,3,-6.645683080854418
10328,3,-7.798485971834474
10371,3,-6.890005832114539
10373,3,-8.43970755280914
10387,3,-8.039250175878628
10393,3,-8.67502731811063
10398,3,-7.803485755022308
10407,3,-6.843886209967714
10416,3,-7.965192810463456
10419,3,-6.6383643885654
10428,3,-7.948188046159402
10431,3,-7.699687570158396
10433,3,-8.496551906220539
10435,3,-7.161625824369182
10442,3,-6.890005832114539
10443,3,-6.402372760851634
10448,3,-8.415163334883658
10454,3,-6.93694270620113
10455,3,-8.352476803964159
10460,3,-9.501194055261415
10470,3,-4.959781702250034
10474,3,-6.904970118872249
10490,3,-7.832862388575215
10491,3,-6.689512772969707
10495,3,-6.293115574520613
10516,3,-6.537377813501969
10520,3,-7.304093329569589
10527,3,-7.08914843879429
10528,3,-6.914039295133037
10530,3,-6.878992072594272
10538,3,-8.012243207647245
10541,3,-7.283234827025545
10551,3,-6.767210845556264
10563,3,-8.233922705239863
10586,3,-6.787640398767145
10608,3,-7.323963103520924
10614,3,-5.947277765447616
10619,3,-7.64205842695381
10636,3,-7.881200742226376
10647,3,-7.357277128567397
10659,3,-7.146574589404935
10672,3,-9.453360340147846
10675,3,-7.006708805746513
10679,3,-6.53516522528394
10688,3,-8.3523525796749
10704,3,-6.9851145636658885
10705,3,-7.598729249507841
10713,3,-8.447480227230493
10726,3,-7.316288067770898
10727,3,-5.157584192778906
10729,3,-5.907350553249735
10733,3,-8.245247916838522
10734,3,-7.614038736260554
10735,3,-7.965954402676488
10736,3,-8.581112174615122
10738,3,-7.993026855350031
10765,3,-7.756947271866331
10766,3,-6.753468596319195
10774,3,-7.069998617238312
10778,3,-8.378301100623773
10782,3,-7.0144995175242855
10784,3,-6.03570698933968
10785,3,-8.085822405512495
10792,3,-6.4490550679953245
10795,3,-5.989933503811081
10802,3,-8.18903062289597
10810,3,-8.315407530631724
10812,3,-7.860862230745482
10815,3,-6.4997040042353476
10820,3,-6.577694638474476
10827,3,-6.352757127679581
10838,3,-6.850924494705531
10839,3,-7.7102574548665785
10843,3,-7.989064118817069
10844,3,-8.800697374389301
10848,3,-6.807159350374469
10860,3,-8.224289637335879
10865,3,-6.916129211011764
10866,3,-5.779632189833414
10875,3,-6.133337810425196
10881,3,-7.789451104122421
10883,3,-7.106615387475529
10892,3,-7.447466039666153
10905,3,-7.688917459813851
10906,3,-8.59922929608522
10908,3,-7.688917459813851
10910,3,-6.133337810425196
10921,3,-6.54868762310749
10922,3,-6.530172245095173
10924,3,-5.639678653635414
10931,3,-7.857032563399642
10941,3,-7.668692749618636
10954,3,-8.51180257364544
10957,3,-7.3646065969378895
10965,3,-6.037645460778528
10974,3,-7.804418673200324
10978,3,-7.306335804167489
10981,3,-6.5021002316374705
10982,3,-7.30140974101198
10983,3,-7.216816598768013
10984,3,-6.627562665734246
11008,3,-6.073584825804133
11009,3,-8.537911501972431
11016,3,-7.6583009936457245
11017,3,-6.1571234638891
11020,3,-8.18960493166773
11029,3,-7.499104228822574
11039,3,-6.595066049289834
11040,3,-7.778175678341469
11046,3,-6.193327679458264
11054,3,-8.104588532903698
11055,3,-7.269796644218452
11056,3,-7.610413430255058
11063,3,-5.511193089065209
11069,3,-8.065667176668612
11075,3,-5.040136634485052
11076,3,-6.900394315712383
11082,3,-7.33139140388203
11093,3,-6.385571230427068
11094,3,-8.060085390604556
11097,3,-5.392184071053023
11102,3,-6.708520510692203
11109,3,-8.536564183888565
11114,3,-7.428990763637543
11116,3,-7.672110621527693
11126,3,-6.019873565123426
11127,3,-7.516221508853555
11129,3,-8.381603572663586
11130,3,-8.72135427768243
11137,3,-6.788908230054638
11141,3,-6.052521771220356
11151,3,-6.690916049523544
11153,3,-6.702226402028188
11163,3,-6.707896352702406
11165,3,-6.4754464049917075
11168,3,-6.653710435561855
11176,3,-8.580193715606057
11180,3,-7.612651470882078
11204,3,-7.69380520951438
11211,3,-5.529881371009843
11214,3,-6.589792680322297
11226,3,-7.190859340492054
11229,3,-5.351595453903336
11230,3,-6.749342895010436
11231,3,-6.734986821363101
11239,3,-6.754004182084465
11240,3,-7.7156501640745105
11245,3,-8.570133437347145
11247,3,-7.118294607696555
11256,3,-7.282393200176223
11270,3,-5.420233192856202
11310,3,-6.621373444945391
11324,3,-6.660143718128431
11331,3,-7.370721447079923
11336,3,-8.299278757539554
11338,3,-6.770244727183595
11344,3,-8.496323912660834
11346,3,-6.929517372009059
11348,3,-5.581937399749229
11351,3,-6.469960070577557
11362,3,-7.295853178467141
11370,3,-8.314188291596139
11379,3,-7.183403795974627
11390,3,-7.492944211700106
11404,3,-7.577453612887595
11405,3,-9.073218616819553
11413,3,-6.750981620782305
11417,3,-8.151973816361455
11423,3,-7.1764266014048275
11429,3,-7.534128297058864
11434,3,-7.412274565878562
11435,3,-6.139715493506145
11436,3,-8.860955299046502
11439,3,-6.683917109903348
11446,3,-6.425136326104777
11452,3,-6.160326914207133
11458,3,-7.311541597957188
11459,3,-6.289938531612002
11469,3,-7.607772189648323
11489,3,-7.561109562610596
11495,3,-7.68197369407838
11502,3,-8.334348981490336
11505,3,-7.113338468843899
11509,3,-8.583914425709665
11517,3,-6.8984929651761675
11519,3,-6.8934305915212875
11525,3,-7.7270645892633
11530,3,-8.575605104186394
11533,3,-6.780358210432382
11540,3,-7.824318804188394
11556,3,-6.419180712211997
11576,3,-8.232989617302756
11595,3,-8.104211410164808
11601,3,-7.757088608676625
11607,3,-9.005171090828647
11612,3,-6.57925128403577
11614,3,-7.273627694297268
11630,3,-6.768536436670921
11636,3,-7.070811718998172
11637,3,-7.021523509280954
11656,3,-7.741922905840681
11665,3,-5.410863626839834
11670,3,-7.524484425655032
11689,3,-8.176176840597037
11701,3,-7.062178011364594
11704,3,-7.366885165045993
11714,3,-8.211067412649982
11722,3,-8.007594408572537
11731,3,-7.941857340802962
11736,3,-8.805266333977464
11753,3,-7.5310038861510264
11766,3,-4.711127350154001
11768,3,-6.57925128403577
11769,3,-6.789614872386949
11772,3,-7.38988819013138
11773,3,-6.250515588376949
11782,3,-6.684769523133305
11784,3,-7.192362487348177
11793,3,-7.1801012802495805
11794,3,-7.290353251158372
11799,3,-7.385792345767477
11806,3,-8.273120131623337
11810,3,-8.16106834961878
11823,3,-7.021523509280954
11835,3,-6.480069406240574
11843,3,-6.805886513249845
11845,3,-6.187049072713279
11848,3,-7.690637822634116
11872,3,-6.959853276791151
11879,3,-6.8756992329726
11886,3,-6.877506297308216
11888,3,-6.747102859242943
11889,3,-7.8692563813408185
11894,3,-7.3842022883173755
11897,3,-8.422391610992072
11915,3,-8.230292616486388
11927,3,-6.675708115136764
11941,3,-6.822526349263832
11963,3,-7.208666242267434
11972,3,-7.06579986035441
11983,3,-6.685041310203388
11986,3,-6.2237417798040156
11989,3,-6.154411773653784
11999,3,-6.348100162949315
12002,3,-8.251837446418776
12019,3,-5.584225122174715
12023,3,-7.3220080707485025
12031,3,-7.926452503009294
12033,3,-9.027935789069254
12035,3,-7.0544638943006035
12039,3,-7.481633859195455
12041,3,-8.029589182943909
12042,3,-8.543454414228009
12047,3,-7.648374576029035
12051,3,-6.913605024628396
12052,3,-6.4541500333741695
12054,3,-6.149893795419295
12059,3,-6.200644034196834
12063,3,-7.1212324869094346
12064,3,-6.381378317364252
12069,3,-5.486956485330317
12072,3,-7.587888019553432
12085,3,-8.615448014383603
12086,3,-9.427810013924578
12089,3,-7.8314542068183925
12090,3,-7.732331426172159
12103,3,-7.72836054596327
12105,3,-6.753247479837938
12109,3,-7.312527838778486
12117,3,-5.9830818854024415
12121,3,-7.766750066248427
12129,3,-7.3915624570433565
12153,3,-7.306728165775731
12155,3,-7.828116399669099
12162,3,-7.462538570212601
12164,3,-7.302516947120672
12166,3,-9.00727791695848
12173,3,-8.474840973410721
12177,3,-9.539340735391661
12179,3,-8.402104158376396
12183,3,-7.32507214401808
12184,3,-8.80543418339473
12186,3,-6.9771988670479885
12196,3,-8.267475106754318
12207,3,-7.6023738587602665
12210,3,-6.974779165060838
12224,3,-8.485046933977777
12228,3,-6.584323102285303
12241,3,-9.507377671062969
12248,3,-8.577086017055954
12250,3,-8.23335205440813
12257,3,-7.316308757050955
12270,3,-7.451526733828217
12274,3,-8.017521738425934
12277,3,-8.093925678447654
12278,3,-6.626509099925904
12280,3,-8.416421674427646
12283,3,-8.478063231436124
12286,3,-7.932546002439203
12296,3,-6.966906887604452
12303,3,-7.827479924926756
12313,3,-7.950096666890559
12317,3,-9.347978542973301
12327,3,-9.488961667818103
12357,3,-7.657952897835102
12363,3,-6.823695882382381
12365,3,-7.340201098718637
12369,3,-7.7044377794729115
12370,3,-6.72181816816795
12372,3,-7.499681336928042
12387,3,-6.955310053595269
12397,3,-7.327972437822972
12398,3,-6.320945060663362
12399,3,-8.011524584109296
12404,3,-8.516445009687494
12406,3,-6.757625685510696
12420,3,-7.5685179060296335
12431,3,-8.950229380143526
12434,3,-6.931214737071805
12461,3,-7.5168620631869985
12468,3,-7.506677148504956
12470,3,-7.378219717305761
12480,3,-8.652156334121763
12489,3,-7.357033129717344
12494,3,-7.019931071493694
12505,3,-6.911503084646199
12506,3,-6.855046141718773
12508,3,-8.880120651125786
12513,3,-7.227403866790695
12519,3,-7.587793198347626
12526,3,-6.992662204329797
12536,3,-8.062249505887557
12537,3,-7.446109030483051
12542,3,-7.935891548814581
12549,3,-7.378724781468428
12550,3,-7.587183168338228
12562,3,-8.283204621435644
12568,3,-6.643143359421494
12572,3,-6.5566619999660745
12573,3,-6.423032892993497
12581,3,-8.539270848746654
12588,3,-8.313683256686318
12601,3,-6.352117559472454
12605,3,-7.755055385605026
12606,3,-7.931460669879463
12611,3,-8.610277961599557
12612,3,-8.820337344096913
12617,3,-5.66370433333482
12619,3,-5.924204936096423
12636,3,-6.369977796799276
12638,3,-5.9895464940727265
12650,3,-6.345454035711207
12658,3,-8.729427485847914
12660,3,-7.156799356782756
12667,3,-7.109991924434908
12673,3,-7.589158373615909
12681,3,-8.617968437496003
12685,3,-8.74518722692325
12691,3,-6.562850056221393
12699,3,-6.597950055721
12701,3,-7.539992227374846
12702,3,-6.857956857821442
12720,3,-7.397159383198385
12734,3,-7.779879035249806
12738,3,-6.1581500342733975
12748,3,-5.832338766300026
12752,3,-7.475004678692812
12758,3,-6.97366778045204
12762,3,-8.53851607559622
12766,3,-7.7567280546465085
12771,3,-5.610490188467388
12778,3,-6.36713914909641
12801,3,-6.9770800547589005
12802,3,-8.47654984730952
12805,3,-6.660121573323117
12815,3,-7.402183186285377
12821,3,-7.601702265911975
12826,3,-6.661409840553425
12830,3,-6.811837968879431
12831,3,-7.582509374515077
12834,3,-5.519435072960228
12843,3,-5.940789876224535
12847,3,-6.157742145687735
12861,3,-7.569800074892186
12867,3,-6.873406242354619
12888,3,-7.107879472136872
12893,3,-7.31402547561499
12900,3,-7.632714075501518
12907,3,-6.356589196836822
12910,3,-6.224033466039515
12912,3,-7.107023423838669
12925,3,-7.68389320439389
12933,3,-7.225638606955307
12935,3,-7.307395431248601
12947,3,-5.3549443868309226
12957,3,-7.603019795385698
12968,3,-5.347061847938676
12977,3,-8.061533300825097
12981,3,-6.58510263983338
12987,3,-5.4065459589518525
12989,3,-8.64068992230306
12990,3,-8.162008715036585
12994,3,-8.221108082671513
13001,3,-7.128175899129033
13012,3,-6.211092501222026
13019,3,-6.666047657644036
13020,3,-6.654737305139392
13037,3,-6.635544413742501
13038,3,-5.661946388456364
13049,3,-8.64068992230306
13051,3,-9.053937069107072
13075,3,-7.785921290678381
13078,3,-6.695032518286723
13085,3,-5.903947676213612
13098,3,-6.341765675617644
13103,3,-6.8623790647818055
13110,3,-8.386955933405964
13112,3,-6.881571956178696
13115,3,-6.245169128927323
13118,3,-7.022705066112273
13119,3,-6.087445948937535
13124,3,-5.815254595092199
13125,3,-7.563207854570237
13130,3,-6.301725104695478
13140,3,-8.258289601545343
13151,3,-6.937602122124609
13152,3,-7.378363228937587
13160,3,-6.968105366026144
13161,3,-6.385853846799954
13163,3,-6.416357090701489
13165,3,-7.375296417408137
13173,3,-6.947683257106625
13176,3,-6.4310238941452695
13180,3,-7.539026769593477
13188,3,-7.344793173506602
13194,3,-5.124558440422767
13196,3,-7.49484581775404
13210,3,-8.169031383017725
13212,3,-6.634730297035404
13218,3,-9.28880296020153
13219,3,-6.435813302044778
13221,3,-6.0361016328950825
13222,3,-7.964697723219182
13229,3,-7.406459775805956
13231,3,-8.473573667302304
13247,3,-6.863100218094502
13248,3,-6.615730335656778
13249,3,-5.672627364581238
13259,3,-6.379898232907166
13262,3,-7.4223720307888925
13266,3,-7.262015203188987
13268,3,-4.155042967573287
13279,3,-6.645597223828368
13282,3,-6.645597223828368
13284,3,-5.643550802485528
13287,3,-7.022705066112273
13288,3,-6.469156451434785
13290,3,-5.991488103615637
13295,3,-6.492103360453818
13299,3,-6.100539987957269
13315,3,-7.141287856989628
13317,3,-8.461919256108608
13327,3,-7.301527379754191
13333,3,-6.792789306200895
13334,3,-6.950229349478207
13370,3,-6.900990087027047
13371,3,-6.674324450385612
13382,3,-7.76553472727187
13383,3,-6.618647456779115
13388,3,-5.707605898058951
13389,3,-6.797928604856068
13390,3,-7.066760150170374
13410,3,-6.32585895512976
13411,3,-5.35789097670699
13413,3,-8.95209784377898
13418,3,-6.4883493428316825
13424,3,-6.767096636402435
13428,3,-9.015474917073249
13440,3,-6.584056975913242
13446,3,-8.45457514229021
13448,3,-8.88811086235907
13450,3,-7.128953919813874
13452,3,-8.60710560279503
13455,3,-7.23216359113205
13469,3,-6.861263138255254
13475,3,-6.2272822852024134
13476,3,-7.02367790970613
13478,3,-6.2272822852024134
13480,3,-8.561194558767248
13485,3,-8.221195307144313
13490,3,-5.652499834825242
13495,3,-5.937644495173856
13512,3,-7.011780857677934
13520,3,-6.521128417562998
13522,3,-8.43614019791962
13524,3,-8.466643441821148
13531,3,-6.896263146684092
13536,3,-7.428379945041904
13539,3,-7.3600968989277575
13544,3,-7.333149845248656
13566,3,-4.299201266305332
13567,3,-5.302741013536021
13575,3,-8.372120881767636
13580,3,-6.168279997088135
13582,3,-5.840228721576928
13583,3,-6.038431850690223
13599,3,-6.228139620329699
13615,3,-6.5388865025563945
13636,3,-6.8870131915760595
13639,3,-5.629545124116994
13647,3,-6.181160180099809
13652,3,-7.185168558498596
13657,3,-6.4754733184691275
13661,3,-6.729253903839272
13675,3,-5.279786302827766
13676,3,-6.940379707726947
13681,3,-8.326452896306336
13700,3,-7.126212571594145
13704,3,-5.539677688030736
13705,3,-6.430171279490494
13713,3,-5.888589976374369
13726,3,-5.500944142649317
13729,3,-8.89535427762106
13735,3,-6.3411177428977865
13738,3,-7.711450840517777
13748,3,-7.513247711404489
13759,3,-8.26679744759766
13763,3,-8.109542113923531
13770,3,-7.114197887045421
13777,3,-7.196614821265008
13778,3,-7.899832658710807
13779,3,-7.428642417937461
13780,3,-7.687353840579462
13791,3,-7.280267004704818
13797,3,-5.737880817144031
13803,3,-7.950649947797622
13831,3,-6.053606257004283
13842,3,-8.56370404962773
13844,3,-8.54451115823084
13852,3,-5.361496307724003
13861,3,-8.512353126200928
13866,3,-7.730069781640225
13872,3,-6.799247524498234
13875,3,-5.953817018528113
13876,3,-6.011804771071247
13882,3,-7.078674824121748
13887,3,-5.737306866869574
13889,3,-7.097867715518646
13891,3,-7.489605468990305
13894,3,-6.810557877002886
13897,3,-4.259893770649455
13903,3,-8.057604263470566
13905,3,-6.127360901306133
13912,3,-7.184471202558477
13916,3,-5.756499758266472
13939,3,-7.283865260217986
13949,3,-6.946075974075008
13950,3,-8.053083224985258
13954,3,-8.477723902740415
13956,3,-6.915080856773251
13959,3,-6.905306314321422
13963,3,-7.340447945755294
13970,3,-7.729784070964811
13973,3,-7.502037112697558
13987,3,-6.443141540728057
13995,3,-5.166323336167821
13997,3,-6.023831545066173
14001,3,-7.316937117114662
14006,3,-6.535908971159067
14018,3,-6.106258579555693
14020,3,-6.109470779355561
14021,3,-7.2079672564773745
14023,3,-6.687432993061691
14029,3,-6.106258579555693
14034,3,-7.462234810172056
14042,3,-5.767810110771116
14057,3,-7.5212300040944555
14061,3,-8.543992407518054
14063,3,-7.025433852570565
14064,3,-7.397369250166683
14073,3,-7.615333439500269
14079,3,-6.079260426831269
14084,3,-7.32897811973811
14091,3,-6.872365250363984
14092,3,-7.626468147612613
14102,3,-6.285179100242708
14103,3,-7.386597056948602
14109,3,-7.924900084893082
14113,3,-7.63751438697588
14128,3,-7.835409846586764
14131,3,-6.467993871966073
14141,3,-8.511605927141247
14143,3,-7.583158883426286
14145,3,-6.936427289328549
14150,3,-6.619029031607077
14152,3,-6.588525787705535
14158,3,-7.659630297096989
14175,3,-6.076745772450138
14181,3,-8.563584220668702
14182,3,-7.3506428162183255
14189,3,-7.113472571376413
14190,3,-6.691765210375976
14192,3,-5.785745399231729
14195,3,-7.26417064165355
14197,3,-7.5767904252574
14199,3,-6.849429227510704
14205,3,-6.691765210375976
14226,3,-7.4685825663328345
14237,3,-7.727266406164659
14238,3,-5.914729734159884
14241,3,-7.848738489533929
14243,3,-7.460380074575319
14257,3,-7.862073733214615
14265,3,-8.52291627964589
14275,3,-8.533672883018959
14276,3,-7.544733002257857
14281,3,-7.859120964019105
14299,3,-8.880557639827359
14300,3,-6.855843153945507
14302,3,-6.849448175991078
14305,3,-6.958374138096389
14325,3,-6.131239885818431
14337,3,-8.92836406600415
14339,3,-7.022726319885777
14340,3,-7.011352981712363
14351,3,-7.857845372265622
14354,3,-7.454064771257649
14355,3,-7.131608244802685
14357,3,-6.805487438761034
14363,3,-6.963072249447897
14364,3,-7.372472588225996
14370,3,-6.0083589895575
14375,3,-7.479572965972217
14379,3,-7.869106866136747
14382,3,-6.51623445820384
14387,3,-7.454064771257649
14395,3,-9.20616111571676
14403,3,-7.3276810404367225
14405,3,-6.194481253889066
14410,3,-6.589685850482297
14414,3,-7.782695412163129
14419,3,-8.664550485053589
14423,3,-7.763557005521129
14425,3,-8.303506261311341
14432,3,-8.628424222094537
14433,3,-6.773497209598929
14445,3,-6.604409096848379
14455,3,-7.296805009639826
14465,3,-7.456783928837872
14479,3,-7.1202066018561325
14487,3,-6.578540246666115
14492,3,-6.766269133417801
14493,3,-7.145366619584188
14494,3,-10.448141237603366
14495,3,-7.5904621082547905
14496,3,-6.131097091609291
14513,3,-8.479409138718118
14515,3,-6.9472141987038185
14517,3,-9.868955380199395
14543,3,-7.318657761547669
14550,3,-7.844383836844813
14552,3,-6.470445342470761
14566,3,-5.884054505842606
14591,3,-7.207444585598125
14596,3,-7.132109043628077
14597,3,-6.784085904453157
14605,3,-7.209712850961992
14633,3,-7.207934004696121
14646,3,-6.400048769978433
14675,3,-7.470516902771045
14681,3,-6.927688140926016
14693,3,-6.086931797389937
14697,3,-6.957724339350385
14720,3,-8.844204487940289
14727,3,-9.405025086239185
14728,3,-6.7005143113352545
14730,3,-7.510644097544926
14741,3,-6.516452747472549
14744,3,-8.366029149793
14750,3,-9.41421469946512
14753,3,-6.364697714895534
14758,3,-7.397025739296986
14761,3,-7.658374326097139
14764,3,-7.658374326097139
14768,3,-6.341078630461027
14770,3,-7.556168104315972
14778,3,-5.518680091621654
14788,3,-6.311363137362044
14789,3,-6.300052784857392
14796,3,-7.961840003421628
14797,3,-6.460280542409805
14824,3,-6.435485067904658
14832,3,-6.684867227267247
14836,3,-7.125535874018567
14849,3,-5.67286802396135
14865,3,-5.320476962508366
14868,3,-9.925050005884962
14871,3,-6.2184286203155565
14881,3,-6.619354294631734
14888,3,-8.612499761198166
14892,3,-8.262475857388651
14894,3,-8.01530464870877
14897,3,-7.214794092546178
14914,3,-6.811078626627996
14918,3,-8.318429904977982
14920,3,-8.620445241939812
14940,3,-9.22521125410099
14943,3,-7.566991620336573
14947,3,-6.621133594944183
14965,3,-8.319306977923908
14977,3,-4.413978884549863
14992,3,-8.251551648954326
15005,3,-6.3575600831440084
15007,3,-6.869543286811513
15016,3,-6.259853248037473
15023,3,-7.513785795203873
15030,3,-7.3410259632910595
15031,3,-5.929044677310664
15040,3,-6.125981500230424
15048,3,-4.554939148612682
15053,3,-4.535746257215791
15060,3,-6.146876485684068
15068,3,-6.146876485684068
15069,3,-6.701045247694601
15072,3,-6.225275269001791
15073,3,-6.225275269001791
15075,3,-8.059718307913599
15078,3,-7.011014738042917
15084,3,-7.608199132398703
15086,3,-6.611501950618056
15091,3,-7.608199132398703
15094,3,-7.6273920237955934
15096,3,-7.6273920237955934
15097,3,-6.2073203414813705
15099,3,-5.985736160559128
15101,3,-7.6273920237955934
15102,3,-8.15147528679541
15103,3,-6.840228904747981
15109,3,-6.225275269001791
15111,3,-6.2365856215064355
15115,3,-5.855724987624889
15118,3,-5.87491787902178
15122,3,-7.438749847483095
15124,3,-8.136532755392942
15128,3,-7.203682504912486
15142,3,-5.258201830647224
15145,3,-6.568389515275236
15153,3,-6.530775151814744
15155,3,-5.80672592284273
15157,3,-5.820099766724994
15162,3,-7.09390385173954
15171,3,-8.041798046935966
15177,3,-6.866221006068194
15183,3,-7.334513853804914
15193,3,-7.289946489131822
15196,3,-5.202441438809565
15203,3,-6.5977712113902385
15207,3,-7.896453958928241
15212,3,-8.539525857731462
15235,3,-7.6759879749688125
15237,3,-6.680400435417958
15241,3,-7.349595841591572
15243,3,-7.697457350926328
15256,3,-6.574956103654188
15261,3,-7.184584155422073
15264,3,-5.993892667801418
15271,3,-8.218943001104456
15283,3,-6.333726378926308
15291,3,-6.7314095032534595
15323,3,-8.204170728323568
15332,3,-7.589922598811043
15341,3,-5.475873907273282
15348,3,-6.63347616145176
15351,3,-5.993563499889717
15355,3,-7.759312586670681
15358,3,-8.060436184812417
15361,3,-5.902453876579237
15366,3,-5.441938239036517
15370,3,-6.061719396666895
15375,3,-5.674184010142518
15379,3,-7.596272380223809
15381,3,-8.36618620425034
15382,3,-7.532898536987474
15386,3,-6.57319881003577
15387,3,-8.14348719436407
15392,3,-6.004995145851602
15393,3,-7.3327644090465895
15394,3,-6.066665378341412
15400,3,-6.094253364379227
15407,3,-7.5896601390706735
15408,3,-7.615179560945293
15410,3,-7.615179560945293
15412,3,-5.884593639252422
15414,3,-6.066665378341412
15425,3,-5.972461178139277
15427,3,-7.013557802286542
15428,3,-6.812278572658592
15437,3,-7.606470432091868
15438,3,-7.480690278433379
15443,3,-8.62502633618967
15448,3,-7.784050104600219
15456,3,-8.491199558249221
15459,3,-7.379919874498874
15472,3,-5.583968811468637
15474,3,-6.079658510742227
15476,3,-6.580018206841963
15482,3,-7.269825400252493
15483,3,-7.463708260343388
15484,3,-7.614484616937226
15490,3,-6.476761491546
15493,3,-6.524875309555142
15494,3,-8.42014208111911
15507,3,-6.81470414375309
15530,3,-7.893303845865709
15532,3,-8.713494509891191
15548,3,-6.457801927834829
15549,3,-7.3506391113327325
15565,3,-7.118498442241709
15568,3,-6.404949520320223
15569,3,-6.793601822002664
15573,3,-6.721219123258869
15581,3,-8.511626386535745
15582,3,-6.988904933415192
15584,3,-7.442487511165034
15591,3,-9.391442527870609
15593,3,-9.943990788211167
15596,3,-7.974713815070579
15598,3,-8.018609056234617
15600,3,-6.574437061375178
15604,3,-7.112535696445406
15608,3,-8.46047958459912
15615,3,-7.722365427144183
15622,3,-7.6619617364148525
15623,3,-7.516174357613771
15626,3,-4.932997282383376
15629,3,-8.053020227150725
15631,3,-7.2458383811915255
15634,3,-4.5129799307981955
15641,3,-5.506286224498957
15648,3,-7.248344376502267
15651,3,-6.454487062210461
15672,3,-6.576090924813101
15674,3,-7.846633330286963
15677,3,-7.12698461243189
15685,3,-7.064802264171199
15687,3,-5.88514227074819
15689,3,-9.44928478332529
15699,3,-6.605104632082487
15700,3,-7.497924949810603
15704,3,-6.9208387807275855
15717,3,-6.0518404942763055
15724,3,-7.064540674856353
15725,3,-7.061012368269871
15730,3,-7.767795586063414
15738,3,-7.829570759857532
15744,3,-6.7819697665530825
15747,3,-6.174482686906572
15763,3,-8.723878624778614
15783,3,-7.216242830959516
15787,3,-6.443927878447148
15793,3,-7.30847401939166
15799,3,-6.614283777588611
15806,3,-7.003767514738996
15811,3,-6.9375973425070185
15817,3,-6.462728085412678
15820,3,-8.705373438954943
15847,3,-6.659290549223037
15849,3,-6.599780289954509
15850,3,-8.492900408415494
15855,3,-7.567679477455172
15861,3,-9.406706619434672
15867,3,-7.353744970135601
15873,3,-6.141098712803917
15875,3,-6.89091467713876
15880,3,-6.569620553738588
15881,3,-7.506919789339442
15885,3,-8.978919480649239
15889,3,-6.027892940960456
15892,3,-6.008700049563558
15895,3,-7.167002568160257
15905,3,-8.84026783699425
15911,3,-7.576985116470169
15921,3,-7.516174357613771
15922,3,-6.029037548084446
15925,3,-7.839293429893175
15929,3,-7.752426272029929
15960,3,-7.35902682590887
15962,3,-6.9523152173208445
15971,3,-9.204980324130986
15973,3,-6.453905145635716
15980,3,-8.53709671561797
15982,3,-7.665121289068743
15987,3,-6.985346380713949
15993,3,-6.319175360970249
16003,3,-6.605560339023128
16009,3,-6.531096920147107
16010,3,-7.128300410228746
16016,3,-6.158288253110122
16017,3,-7.013438285394706
16022,3,-7.470120901525441
16031,3,-7.373888634126651
16042,3,-6.33644187638879
16044,3,-8.107902105862756
16047,3,-8.107902105862756
16057,3,-7.846798191829919
16060,3,-5.84187240666261
16061,3,-7.443953961257378
16067,3,-6.749288830238939
16090,3,-4.299432374278787
16091,3,-7.058249516435481
16101,3,-5.344268920874384
16106,3,-7.6411143775578125
16107,3,-8.169296688512567
16110,3,-7.572633777377696
16112,3,-5.182267435822716
16114,3,-6.86488246651308
16120,3,-6.046956412984507
16130,3,-6.379726190523499
16136,3,-7.451467491408941
16147,3,-4.921655229922074
16150,3,-9.102160578377045
16177,3,-6.634849774251208
16179,3,-5.915087073124482
16181,3,-5.915087073124482
16188,3,-6.1446979448214805
16191,3,-5.847388430237039
16197,3,-6.678725383336783
16214,3,-7.486339201278888
16218,3,-8.816198347770928
16233,3,-7.792849092713787
16244,3,-7.274953023014405
16249,3,-9.417622995239803
16257,3,-6.1127422700824
16266,3,-7.4024829828737495
16270,3,-6.594236090271195
16274,3,-6.890457273574313
16301,3,-6.474699303596267
16302,3,-8.431356665488345
16312,3,-7.50786981863147
16316,3,-6.288134995868965
16323,3,-6.321686847540846
16327,3,-8.939736363206535
16339,3,-7.82419400834717
16340,3,-7.82419400834717
16342,3,-8.03612271076262
16343,3,-7.82419400834717
16348,3,-6.900874915182975
16354,3,-8.171817245784666
16356,3,-6.346555148001592
16366,3,-7.080360524003659
16368,3,-7.50222790230324
16369,3,-6.645487043828474
16374,3,-7.626010788610195
16382,3,-6.628544596604982
16386,3,-7.116350230736053
16387,3,-5.980773312747942
16392,3,-6.77322740606332
16394,3,-6.1291591274914055
16399,3,-5.346552390387345
16421,3,-6.620609163385822
16424,3,-7.88658503377637
16432,3,-6.963078582779183
16434,3,-7.461378395079038
16439,3,-6.644700586123641
16444,3,-5.395519389298691
16447,3,-6.663893477520531
16450,3,-7.714531343897555
16460,3,-6.551159339464796
16465,3,-7.490613614930808
16467,3,-6.833326110580053
16468,3,-8.002130436773655
16488,3,-8.529937581264008
16489,3,-7.405360124467606
16494,3,-7.772120975717868
16508,3,-5.865961927768161
16522,3,-5.982214885082634
16523,3,-7.123273637144528
16524,3,-6.334243133813295
16528,3,-6.6984621867995955
16530,3,-6.952222722021098
16538,3,-6.560893009755844
16539,3,-5.6200816235360165
16549,3,-5.854478247572985
16550,3,-6.5700665201862805
16551,3,-7.204703670453647
16565,3,-5.64200325067646
16570,3,-6.409236897784325
16585,3,-6.984264846718965
16598,3,-6.3229029466625235
16605,3,-9.231984233161633
16608,3,-8.52926263237135
16624,3,-7.220126984772413
16642,3,-8.38495802259304
16646,3,-7.756137079428257
16655,3,-6.689484811273651
16656,3,-7.91709316138531
16662,3,-7.669094319136434
16670,3,-5.800155949005166
16676,3,-7.683688242514727
16692,3,-8.602828554740228
16696,3,-7.865738771135781
16703,3,-8.60684148965364
16706,3,-5.880324608555867
16711,3,-7.220075810149893
16712,3,-7.688816744044097
16718,3,-6.024536828509696
16730,3,-7.806312514719359
16735,3,-6.507045674596576
16741,3,-8.252250644352571
16766,3,-7.881194787899851
16774,3,-7.319685200517803
16776,3,-6.2027260210774955
16784,3,-8.222074660000686
16790,3,-9.074390643098447
16802,3,-5.1577224031707445
16818,3,-9.077522475104324
16820,3,-6.550225642523003
16827,3,-6.6261832764400594
16828,3,-6.64537616783695
16847,3,-6.678183766168807
16858,3,-8.499514041155948
16884,3,-7.3728488971872395
16886,3,-5.756152730321389
16893,3,-8.38478927449281
16894,3,-8.403982165889701
16903,3,-7.185826091458658
16909,3,-6.3427716063357025
16914,3,-5.864638949613784
16915,3,-7.567174066733585
16917,3,-6.664195500975417
16921,3,-8.49290180000282
16924,3,-7.30984504469027
16926,3,-5.872840977636898
16938,3,-5.333826258917966
16941,3,-6.960300401839071
16958,3,-6.930030353041097
16959,3,-6.84990701923779
16964,3,-6.477679776622509
16968,3,-7.732259892033802
16969,3,-6.347290234804532
16970,3,-7.6280037740703435
16989,3,-6.5824254542624985
16996,3,-7.09797966507616
17004,3,-6.706101491194389
17013,3,-7.990907587574206
17016,3,-7.780549373210889
17019,3,-7.213423385861219
17026,3,-9.211813346770882
17027,3,-5.947073209081317
17032,3,-7.6129505817491605
17040,3,-7.143970242824757
17043,3,-7.462234810172056
17046,3,-7.701000802650746
17049,3,-6.7613738890199215
17065,3,-7.855391374904244
17080,3,-7.25897374752811
17084,3,-6.450949636628657
17087,3,-6.3419342309892315
17090,3,-5.66268001238722
17092,3,-6.3419342309892315
17094,3,-6.8568177555473895
17105,3,-6.5321087563122475
17109,3,-6.751200105303042
17110,3,-7.611742584123128
17112,3,-8.17060972065756
17113,3,-6.101190815339429
17119,3,-6.336510580640926
17130,3,-7.780302166995625
17137,3,-7.297166600303626
17138,3,-6.508073998941903
17152,3,-7.35378370024754
17153,3,-7.053522427453245
17156,3,-8.500670970740295
17160,3,-6.742792353772188
17162,3,-6.041143435948413
17167,3,-6.957386326579659
17171,3,-6.55401357490706
17177,3,-7.3446976652190585
17183,3,-7.944497732190634
17196,3,-4.999539630280253
17201,3,-4.812646853671609
17203,3,-8.410725387139138
17211,3,-7.663320495088108
17218,3,-5.861350423542291
17236,3,-8.556836654624746
17244,3,-5.628360573445036
17246,3,-8.016681441520028
17250,3,-6.2074573833420885
17254,3,-7.015288564223269
17259,3,-5.771131122311736
17261,3,-7.840221720646078
17265,3,-6.939611265170548
17268,3,-7.532910167312181
17274,3,-8.214884570633323
17278,3,-6.369794519409822
17279,3,-7.52098003950568
17281,3,-8.424640693085749
17290,3,-6.551803918336333
17295,3,-7.960476983736399
17296,3,-6.900094233259807
17309,3,-6.707552776766278
17313,3,-6.668345657138843
17319,3,-8.508125861169582
17334,3,-6.7612186377260315
17338,3,-10.535549534279497
17345,3,-7.816502665865272
17351,3,-6.38844111076309
17366,3,-7.821212660470636
17369,3,-9.06939586338028
17374,3,-7.036872403586983
17383,3,-6.486364216980938
17385,3,-7.237641706340945
17388,3,-7.364212860425177
17390,3,-8.113632777530363
17404,3,-8.358114851391832
17405,3,-7.741858447315707
17418,3,-6.766091134756728
17421,3,-6.369297504363885
17433,3,-5.741848155238593
17438,3,-6.842828869611424
17439,3,-8.63390159347616
17444,3,-8.40938416882004
17448,3,-6.863320754474806
17459,3,-8.966315479343244
17478,3,-5.670471955339224
17479,3,-6.868977308561831
17481,3,-9.396999589684185
17486,3,-6.7455421000203515
17491,3,-7.492694373257827
17505,3,-8.076557661853492
17507,3,-6.7553923631511665
17509,3,-7.079645740476792
17511,3,-8.137740772324577
17514,3,-8.17636472656757
17522,3,-7.500565101103817
17525,3,-6.9032404562023615
17526,3,-8.17636472656757
17531,3,-7.43859887281711
17539,3,-6.650650182055372
17541,3,-7.012185366788032
17546,3,-8.047298244009191
17550,3,-6.102784348556085
17553,3,-8.234070372136657
17559,3,-7.867192019705833
17560,3,-7.718229734453267
17567,3,-6.583998775061957
17588,3,-7.64367097266895
17589,3,-7.648875598872458
17592,3,-7.9654805004790745
17603,3,-7.577891411052519
17606,3,-6.731605291720868
17609,3,-6.731605291720868
17616,3,-9.041277179174024
17632,3,-7.431110034817358
17634,3,-5.008039675310556
17636,3,-6.950491599204142
17637,3,-8.106399391939455
17652,3,-7.1861235247738975
17654,3,-6.427430700486575
17663,3,-7.1938506769514206
17682,3,-8.710859069759437
17696,3,-6.346902646765862
17698,3,-6.532370445000787
17705,3,-7.44778908930904
17709,3,-7.955932103333815
17721,3,-7.589497744684472
17730,3,-6.481948624993684
17732,3,-7.038330610591032
17735,3,-6.9188401688967645
17736,3,-6.778148412071822
17737,3,-6.771750895016531
17743,3,-7.069103709007571
17747,3,-7.588743227639654
17749,3,-8.160690751167905
17750,3,-6.752310945659154
17755,3,-7.9314968215883255
17780,3,-6.359514791597718
17781,3,-6.499343149078619
17785,3,-6.749807591267654
17788,3,-8.883027039511127
17789,3,-7.877268920010209
17796,3,-6.637233698766664
17799,3,-7.343503972435435
17804,3,-7.299275007739027
17830,3,-7.679288905075019
17835,3,-8.014293901092188
17841,3,-7.013391708284864
17848,3,-7.032584599681755
17866,3,-8.238315702903094
17880,3,-7.976531625993502
17887,3,-6.741581822022212
17908,3,-6.494349792354761
17916,3,-7.3930562466132415
17917,3,-6.806569193350853
17924,3,-7.0827139296605495
17930,3,-8.14848755904017
17931,3,-7.75499467135208
17932,3,-7.14427305726997
17935,3,-6.406507203519524
17936,3,-9.244399000885593
17940,3,-8.077037791894163
17950,3,-7.174776301171512
17951,3,-7.797714828224478
17956,3,-8.047976120327313
17964,3,-7.378628534432437
17968,3,-7.6606485883517905
17979,3,-7.404254909318794
17994,3,-7.623870834687686
18001,3,-8.346857950474657
18012,3,-7.733854644434729
18020,3,-6.936715997983207
18021,3,-6.917523106586316
18022,3,-7.090323131159963
18023,3,-6.785536409904978
18032,3,-6.63366715494935
18034,3,-6.216920987548988
18036,3,-8.06611748833619
18046,3,-6.327744812635991
18052,3,-7.571960640908372
18053,3,-7.493442418494347
18061,3,-8.997237199962925
18062,3,-7.097157339339162
18064,3,-6.641682541553585
18079,3,-7.1414832874495175
18091,3,-7.800640623918909
18094,3,-6.701900849973981
18097,3,-8.580696353738574
18117,3,-5.4734672553216726
18122,3,-7.4476332356638935
18128,3,-6.1291591274914055
18129,3,-6.450191835490543
18135,3,-4.074402608918412
18139,3,-5.403097505358765
18145,3,-6.646479886436076
18146,3,-7.007610243366884
18167,3,-6.05850837488083
18170,3,-6.962947635814068
18171,3,-7.8488721135139485
18183,3,-7.428440344267003
18195,3,-7.036315286765252
18203,3,-8.009880514831309
18225,3,-6.996238707725304
18241,3,-6.556966232655917
18242,3,-6.823949527470688
18249,3,-7.307964157530272
18261,3,-7.327464712321046
18265,3,-7.959099205092578
18271,3,-7.540693250694282
18292,3,-7.80000686450326
18306,3,-7.098469783193593
18316,3,-7.169164250784725
18318,3,-6.966236110894812
18319,3,-7.423158488493733
18325,3,-6.878403377268228
18334,3,-6.531075269380047
18336,3,-7.970079167552122
18337,3,-6.207863815268681
18340,3,-7.961683356462295
18342,3,-6.264459904070627
18344,3,-6.698694890346623
18358,3,-7.327316147884389
18361,3,-5.914482448674022
18362,3,-6.985454371288519
18365,3,-7.51284472393769
18377,3,-5.925792801178659
18391,3,-6.736683302113562
18402,3,-6.7347274374518165
18417,3,-6.416564497974754
18429,3,-6.571773690572996
18433,3,-6.590966581969887
18442,3,-6.304643456866522
18445,3,-6.848587400669629
18449,3,-6.972627134000675
18452,3,-6.068278826881034
18458,3,-7.1662638480350225
18466,3,-6.165899488714771
18477,3,-6.453879587068471
18488,3,-6.906408377676051
18490,3,-6.283652795467518
18492,3,-5.359993347480369
18493,3,-6.887215486279153
18495,3,-6.822831299754583
18496,3,-6.749682531488915
18501,3,-7.326784332404699
18509,3,-5.979247520418895
18510,3,-5.359993347480369
18531,3,-6.477032705742282
18536,3,-7.0618853525283
18539,3,-5.880964204152313
18543,3,-7.38146140669749
18547,3,-6.6151381634852555
18565,3,-8.11543080907871
18567,3,-6.9529218363695975
18582,3,-10.338312928353801
18591,3,-7.430699493592641
18594,3,-8.404210268761155
18595,3,-7.563707374391633
18602,3,-5.409529947604852
18607,3,-6.749682531488915
18613,3,-6.170006095586189
18619,3,-7.119414654901803
18626,3,-6.7037973921232705
18635,3,-7.864014413021948
18644,3,-6.520875646643965
18673,3,-6.617089690438107
18674,3,-6.665458050301389
18676,3,-8.198838762492336
18678,3,-6.704661106250619
18681,3,-7.937765922352213
18690,3,-8.598539513412113
18692,3,-6.59312903962234
18701,3,-5.709398442352132
18704,3,-8.388748540532468
18722,3,-6.9494773227300115
18724,3,-6.996445558836278
18728,3,-7.919995274724165
18738,3,-6.494338736565645
18742,3,-6.8628136114516565
18751,3,-7.664896672120285
18770,3,-6.117631454493846
18777,3,-7.067646603032735
18779,3,-8.875567805318333
18780,3,-8.274281108656957
18785,3,-6.406406092978166
18786,3,-8.422136568972803
18790,3,-5.466714755806976
18796,3,-6.792248796739472
18807,3,-8.09636459322276
18808,3,-8.555090394626205
18812,3,-9.162321639826025
18816,3,-6.564782448300775
18829,3,-5.043545035788227
18830,3,-5.524959385355366
18835,3,-5.249737677549724
18838,3,-5.249737677549724
18841,3,-5.264935512605611
18870,3,-5.6321004543545286
18873,3,-4.177111460834901
18877,3,-5.30208333152293
18879,3,-5.64561727267224
18881,3,-6.050566264407827
18883,3,-4.548517940914522
18894,3,-3.7246958097235634
18897,3,-5.316956451235363
18904,3,-3.5023517514563807
18907,3,-5.541294684017849
18909,3,-5.096984745782528
18910,3,-4.451746192235333
18912,3,-3.847666682739174
18914,3,-5.085674393277891
18928,3,-5.6880140212481365
18934,3,-5.4730019252534134
18937,3,-5.804816216821287
18940,3,-4.451746192235333
18967,3,-4.247176787965628
18968,3,-4.367432051055943
18982,3,-4.266369679362519
18984,3,-3.700554880569676
18985,3,-5.322138882598793
18995,3,-4.780115366080402
19004,3,-5.742793348165591
19006,3,-3.6000502660026115
19008,3,-5.544347578217817
19015,3,-4.6695459488002555
19019,3,-5.248113144942103
19021,3,-6.001633480104928
19024,3,-5.701559971095357
19029,3,-6.526384372989803
19032,3,-6.3762418934926615
19035,3,-4.863408187723195
19038,3,-6.329818569302681
19062,3,-5.900005741043138
19066,3,-5.25943674741935
19073,3,-6.778932977709665
19074,3,-4.172707703040707
19083,3,-5.161807663612876
19087,3,-6.166976306893247
19088,3,-4.602088509988199
19089,3,-5.562489296737034
19093,3,-5.177437787801978
19100,3,-6.258872410812316
19104,3,-5.1701444504653224
19106,3,-4.832866097522746
19118,3,-5.07251614089494
19140,3,-4.156802421799078
19141,3,-5.016040249487148
19142,3,-5.090900752064563
19147,3,-5.544347578217817
19148,3,-5.544347578217817
19154,3,-5.034947430208632
19164,3,-4.702060526301473
19169,3,-4.6028826349099745
19174,3,-5.735478903774627
19179,3,-5.275096304503215
19195,3,-5.780983631636836
19201,3,-4.97058185741038
19210,3,-5.036920089930831
19227,3,-4.823505143224153
19245,3,-4.881323638882755
19256,3,-4.862130747485864
19259,3,-5.246291647190581
19261,3,-6.255774835737036
19272,3,-6.037721500930765
19273,3,-5.288701397382468
19275,3,-5.522458490087679
19285,3,-4.4644473996613385
19290,3,-5.318475504896924
19291,3,-5.318475504896924
19293,3,-6.090183962683724
19294,3,-4.4339441557597965
19301,3,-6.180854392660244
19302,3,-4.783702977049018
19304,3,-5.517900227458227
19309,3,-5.493835316524674
19315,3,-5.30114778730271
19335,3,-5.209423620555299
19336,3,-4.670640041422821
19341,3,-5.903927227880324
19361,3,-7.207946106155632
19372,3,-4.911865729083203
19374,3,-6.304741834648382
19376,3,-4.8605148056564005
19383,3,-5.7683655099123925
19385,3,-5.001603852024701
19386,3,-4.152859981960539
19388,3,-5.323438736832067
19395,3,-5.115010846339956
19424,3,-4.5798764578446125
19430,3,-4.717819360288033
19437,3,-6.929452026704325
19444,3,-5.334381434162317
19446,3,-5.650001677820413
19452,3,-5.448785070001506
19470,3,-4.780422902759909
19471,3,-5.294354174116997
19473,3,-4.912678729782996
19474,3,-4.761230011363018
19487,3,-7.131294612232807
19496,3,-5.0530727285065495
19500,3,-6.2338652509904975
19511,3,-5.852962448523833
19518,3,-4.259913140190321
19519,3,-4.753526209390223
19525,3,-4.79738233866798
19527,3,-3.2551830554290504
19534,3,-5.779935958473054
19536,3,-5.338742462253229
19541,3,-5.129543388861109
19544,3,-6.668286060156682
19547,3,-4.5214469067233125
19548,3,-4.822570504865055
19557,3,-6.947006789066123
19558,3,-4.80389637449688
19559,3,-5.796488982245023
19566,3,-4.361545798975335
19581,3,-5.464334224450518
19585,3,-5.711490997292422
19587,3,-5.196537705514267
19589,3,-6.972052354759413
19604,3,-5.83514189667018
19610,3,-5.160047620186219
19615,3,-5.5048125093882305
19623,3,-5.286560635063594
19625,3,-6.776737170081184
19626,3,-6.171614464597354
19633,3,-6.17430681247901
19637,3,-5.0700840526788085
19645,3,-4.414049753212417
19658,3,-3.587137341285782
19659,3,-4.605693245383584
19671,3,-5.153655195786101
19672,3,-5.367035407475761
19675,3,-5.292276231252302
19678,3,-6.296323183999064
19680,3,-5.368586426107541
19694,3,-5.091688967499394
19705,3,-4.146409644192943
19709,3,-6.676205775201993
19724,3,-5.091688967499394
19733,3,-4.3192912231142415
19736,3,-7.177736169031512
19737,3,-4.9504230773301074
19744,3,-6.7852272649333685
19748,3,-5.016677685860472
19750,3,-5.370190524771829
19752,3,-6.78457673551322
19761,3,-5.486804992506599
19764,3,-5.601072309533691
19766,3,-5.213033262485737
19771,3,-5.887220017768307
19772,3,-5.581908466220568
19775,3,-4.480039984209888
19776,3,-5.199599431339777
19778,3,-6.174561498569027
19779,3,-6.766034373536478
19786,3,-5.776920449508566
19788,3,-6.904018030796216
19790,3,-6.416309720174866
19815,3,-5.168645154993229
19830,3,-5.147068339080882
19854,3,-5.166029248765199
19865,3,-4.976901223425919
19866,3,-5.925034995887863
19877,3,-5.156271660402538
19888,3,-5.199599431339777
19902,3,-6.752378697382561
19908,3,-5.066163435484597
19912,3,-4.627142402136698
19913,3,-7.593058445814556
19916,3,-5.320214074671128
19919,3,-5.888219153709528
19924,3,-6.686624851055129
19930,3,-6.505567938702484
19933,3,-5.4733593658116675
19946,3,-5.498722041760352
19952,3,-5.828880870975404
19959,3,-4.955489697297438
19963,3,-5.26469782027543
19984,3,-4.397158939523926
19989,3,-4.855041088504848
19990,3,-5.464706229462664
19997,3,-5.314691913816624
19999,3,-5.453395876958027
20004,3,-5.5035311614476115
20009,3,-5.02802688466403
20014,3,-5.432536314178904
20018,3,-5.633318277284012
20019,3,-5.406241947879458
20037,3,-6.274573043947591
20044,3,-5.473340509667921
20045,3,-5.395932653863454
20050,3,-4.618583268045249
20059,3,-4.407149163947068
20066,3,-4.451746192235333
20072,3,-5.774723049073074
20081,3,-5.416240323170221
20082,3,-4.649605262659563
20089,3,-4.890394223311496
20094,3,-5.668993121938769
20097,3,-4.597999697007602
20106,3,-5.085674393277891
20111,3,-5.24888449664752
20112,3,-5.774723049073074
20115,3,-4.746746020079442
20116,3,-5.865350200558318
20123,3,-5.870504394303367
20124,3,-5.7832601858389765
20127,3,-5.148762525838812
20131,3,-4.292012284672893
20133,3,-4.890394223311496
20138,3,-4.529325049517631
20139,3,-5.077311949971772
20153,3,-5.165773850011078
20155,3,-4.879932783961408
20164,3,-5.051141864005075
20195,3,-4.733215254051252
20201,3,-5.113108092291775
20206,3,-5.235839177141806
20208,3,-5.1323009836886655
20219,3,-7.13050604727578
20227,3,-5.682515406871346
20233,3,-6.3440989114965305
20235,3,-3.572417078587108
20238,3,-4.8206979049214524
20245,3,-5.878358866301419
20264,3,-4.782542162399444
20271,3,-5.508995589489643
20289,3,-5.563092528856707
20290,3,-5.959325055966737
20293,3,-6.114861821946171
20295,3,-6.701948929554433
20302,3,-4.687257915535213
20310,3,-6.210249028291088
20311,3,-5.8009190146348715
20312,3,-5.294789994186274
20327,3,-6.393339366022886
20333,3,-5.479328455731142
20347,3,-4.765748679590544
20348,3,-5.160639378034638
20352,3,-3.096702831264018
20356,3,-5.605249708627987
20358,3,-5.586056817231096
20360,3,-4.881833096434093
20362,3,-5.907518469222289
20372,3,-5.155309667054894
20381,3,-7.697700355117135
20384,3,-5.422842802318428
20387,3,-5.121719204176692
20418,3,-4.996847358090257
20419,3,-4.772298564412722
20420,3,-6.144147644149179
20426,3,-4.844545458768074
20437,3,-4.415989858301316
20447,3,-5.340561778360609
20448,3,-4.811199929169099
20449,3,-6.217969907826216
20450,3,-5.231591917723314
20451,3,-4.929355489813403
20462,3,-4.926496320284116
20465,3,-5.354968622685597
20467,3,-6.215186583296671
20475,3,-5.544096648024876
20478,3,-6.4200444158461
20520,3,-5.919714894553763
20527,3,-5.468399463737775
20528,3,-6.4003990587620905
20530,3,-5.354968622685597
20553,3,-7.1669100475727845
20559,3,-5.449206572340884
20570,3,-4.168109773586316
20583,3,-7.0652823085110015
20592,3,-5.200672644418482
20607,3,-5.871056628545524
20610,3,-4.998965285284065
20617,3,-4.9308053949758275
20620,3,-5.80839535261407
20632,3,-6.929958023693466
20636,3,-3.999171294436138
20637,3,-4.752015721058193
20641,3,-5.530253093259532
20644,3,-4.562106907793982
20647,3,-5.430612123656793
20650,3,-5.606275360785702
20652,3,-5.334749089336718
20659,3,-4.790560055304546
20661,3,-5.01772719853394
20667,3,-4.774196074354563
20699,3,-4.4339441557597965
20710,3,-5.330043552624524
20713,3,-5.80839535261407
20729,3,-4.930580132787128
20734,3,-5.253813054187567
20736,3,-5.060358826650784
20745,3,-6.155820948599249
20761,3,-5.17797552300047
20780,3,-4.258513060127612
20784,3,-6.101384149847362
20788,3,-5.242761821417311
20803,3,-5.229918592840626
20811,3,-5.150942045927437
20825,3,-4.890821432903451
20827,3,-5.642932387285384
20836,3,-5.446699334344409
20839,3,-5.147148488694164
20844,3,-4.81904850702162
20851,3,-4.294090166616364
20858,3,-5.14961443691395
20871,3,-5.168807328310848
20875,3,-5.492144204922909
20877,3,-4.3716690238986615
20884,3,-4.998083694789649
20893,3,-4.636573975433194
20895,3,-4.390861915295552
20912,3,-5.602443773182642
20917,3,-4.3716690238986615
20919,3,-5.658480431375246
20920,3,-5.277777188948143
20926,3,-4.3716690238986615
20930,3,-3.3255028344405204
20942,3,-4.562919908493768
20955,3,-5.5135490287477396
20963,3,-4.64679095537528
20966,3,-6.640061026360911
20975,3,-4.624886136780475
20980,3,-4.9694403318661955
20984,3,-4.58636349199945
20989,3,-5.83560370146926
21004,3,-6.653625021119993
21018,3,-5.06459054167086
21023,3,-6.837477245363438
21036,3,-4.920135828766675
21039,3,-4.908825476262031
21041,3,-5.2622132794665575
21042,3,-7.1798475681297305
21043,3,-5.172706162824802
21063,3,-5.29649159265206
21067,3,-5.501261098859587
21072,3,-6.608757134645444
21082,3,-5.653178243971581
21085,3,-4.589065044408848
21112,3,-5.045032343104161
21115,3,-5.2041573762632325
21116,3,-5.318596432250963
21122,3,-5.643510274501772
21126,3,-5.0018280280673295
21128,3,-5.368470045510485
21132,3,-7.671294015427087
21135,3,-5.671114241172354
21136,3,-5.827542690719994
21146,3,-6.842174134189662
21170,3,-5.318596432250963
21175,3,-5.294160842164331
21176,3,-5.60774039793602
21178,3,-5.4332748367543715
21190,3,-4.950050248011038
21194,3,-6.860229767663903
21200,3,-5.479337824433905
21202,3,-5.068343259541571
21211,3,-6.666124707202123
21216,3,-6.288143147562295
21224,3,-6.646931815805232
21225,3,-5.398837130498407
21227,3,-5.537675070805292
21237,3,-6.728743293137484
21248,3,-6.046019731994086
21252,3,-6.570069860880174
21255,3,-5.149011716009497
21258,3,-5.326631274085145
21265,3,-4.778669323682628
21266,3,-6.319052972142472
21270,3,-6.427787275644292
21281,3,-4.639271718595197
21288,3,-6.287245514893719
21294,3,-5.0880751741587815
21307,3,-6.061566912204917
21309,3,-5.630648971232098
21311,3,-6.2996603263325
21315,3,-5.319173852658501
21335,3,-6.47715432815793
21337,3,-6.321217508576204
21352,3,-5.606944264984392
21354,3,-6.796704820402802
21358,3,-5.20801004813616
21362,3,-7.024013144763522
21366,3,-5.839701956379201
21370,3,-4.9387398955064015
21390,3,-4.635084114069045
21400,3,-4.518600723280187
21411,3,-4.913441785407279
21415,3,-4.935107953760934
21424,3,-4.443233208745788
21428,3,-4.678979355233082
21429,3,-6.1309266114292384
21436,3,-5.205336390815013
21438,3,-5.186143499418122
21447,3,-5.304059666447046
21451,3,-5.054908262488993
21457,3,-6.021981700843561
21459,3,-5.548558130293586
21460,3,-5.582445910313943
21463,3,-6.811923207812306
21467,3,-6.884996754159978
21479,3,-6.2425212464306625
21492,3,-4.798294217438681
21496,3,-6.639936581732634
21497,3,-5.2023459296244
21499,3,-5.5374738579225635
21502,3,-6.150119502826129
21516,3,-5.312342776644925
21525,3,-5.207287917767857
21528,3,-5.825842313006881
21533,3,-5.530014851151094
21542,3,-5.912809561558973
21543,3,-4.307920340510805
21546,3,-6.1309266114292384
21547,3,-4.735652685101307
21568,3,-4.154707773352129
21569,3,-4.443340182501736
21574,3,-4.988614807659715
21586,3,-4.964498801786611
21588,3,-4.743617247697884
21597,3,-4.867507844517803
21599,3,-6.180508928013602
21600,3,-6.290599454321871
21608,3,-6.275361705089452
21615,3,-5.963677758662492
21616,3,-5.060570387857709
21635,3,-6.020166680580822
21647,3,-4.224990655290007
21648,3,-6.041256615944782
21650,3,-4.424040317348897
21655,3,-4.596179580562477
21681,3,-6.224591655548501
21701,3,-5.434836531214522
21703,3,-5.233499903109227
21743,3,-5.385045989167104
21744,3,-5.111644914520575
21746,3,-5.613811963617316
21759,3,-6.879597289238141
21776,3,-5.795290140065816
21781,3,-4.375558189874397
21787,3,-5.260856567686432
21795,3,-4.776419487169235
21800,3,-5.67934215531524
21802,3,-5.188868292080947
21804,3,-5.1407439940593775
21805,3,-4.8413219142595025
21812,3,-5.42492504823646
21819,3,-4.8926728376863124
21826,3,-4.846745564607815
21829,3,-6.1516144492734455
21831,3,-4.725317011163618
21845,3,-5.001123947610829
21849,3,-5.375238433119883
21858,3,-6.448341437793417
21863,3,-5.9681973859653965
21865,3,-4.17205287335743
21866,3,-3.6771213421425273
21871,3,-4.197374423549434
21881,3,-4.662675478826252
21882,3,-4.242118200488157
21886,3,-4.8028958684459155
21888,3,-5.535172008787633
21894,3,-6.828389655010895
21895,3,-4.948915689056726
21904,3,-5.015281559962602
21918,3,-4.370362976226673
21924,3,-6.78715627794066
21925,3,-4.999766343489128
21927,3,-5.401017594114364
21942,3,-5.35011478621405
21951,3,-5.79812468040123
21962,3,-5.1407439940593775
21983,3,-5.191818520722244
21990,3,-6.145622896731183
21992,3,-4.790920254564767
21999,3,-5.726971698305007
22003,3,-4.809752946701444
22013,3,-4.651340176269983
22015,3,-5.090875966799608
22025,3,-4.956046680922647
22034,3,-5.797104741153234
22035,3,-5.687538877934472
22038,3,-5.563243510365119
22041,3,-5.429285589285271
22042,3,-4.463302514580732
22045,3,-4.182138905974959
22048,3,-5.849988945179739
22057,3,-4.904327248880016
22058,3,-7.218107696971977
22059,3,-5.096286645455997
22063,3,-5.436997589767337
22080,3,-4.814575229691229
22081,3,-5.554609802731541
22085,3,-4.929635279133834
22087,3,-6.375144084319253
22100,3,-4.771291900641643
22108,3,-5.78998423683241
22109,3,-4.988130866407445
22122,3,-6.8554371447296845
22123,3,-6.0384181222707625
22128,3,-5.763721431014929
22130,3,-5.763721431014929
22133,3,-5.261134726392008
22135,3,-4.881288638636555
22137,3,-5.096581976331954
22147,3,-4.504414124038377
22153,3,-4.212019597734475
22156,3,-4.4931037715337325
22157,3,-5.005741440515052
22160,3,-4.707935101621764
22169,3,-4.473910880136835
22172,3,-5.194323508168935
22185,3,-4.542585527626805
22196,3,-4.621013298063659
22233,3,-6.114913557456198
22240,3,-5.106780028200021
22252,3,-4.94825594460891
22254,3,-4.691306900647028
22259,3,-6.477809144977989
22261,3,-5.622117415463649
22267,3,-4.981604947652613
22271,3,-7.053640273842973
22273,3,-5.209521343224829
22275,3,-6.011965906845212
22282,3,-5.090802120254494
22287,3,-5.213123715134472
22295,3,-4.192826706337584
22298,3,-5.44803737034173
22306,3,-5.097934297775403
22316,3,-6.936067912903383
22320,3,-4.819216427176954
22323,3,-6.002345312726803
22341,3,-6.339554003337703
22346,3,-4.838409318573845
22350,3,-5.419034824842768
22360,3,-4.961601185700367
22363,3,-5.792831831108863
22364,3,-5.293896740857612
22370,3,-7.862275144385201
22374,3,-4.2374481216824265
22376,3,-4.802832829950752
22377,3,-3.4338737947517473
22380,3,-5.917152456995609
22381,3,-4.638452754641335
22393,3,-4.678243113323184
22397,3,-6.7852272649333685
22398,3,-6.674430831359587
22404,3,-5.960368786033975
22408,3,-5.242600214347128
22417,3,-4.470289241471967
22420,3,-4.752219948216819
22423,3,-6.319033690988171
22430,3,-5.3555656462442585
22437,3,-4.9213117114878955
22450,3,-4.477799298178809
22451,3,-4.477799298178809
22454,3,-6.86591523899552
22456,3,-5.374758537641149
22466,3,-2.979855858882665
22468,3,-6.8215831831313025
22470,3,-5.609747264396425
22476,3,-5.293858357116797
22484,3,-4.782240500807426
22486,3,-6.763186779260032
22496,3,-5.106429705049251
22500,3,-5.254793229459473
22510,3,-5.45067292644714
22513,3,-6.124969438629172
22517,3,-4.898807608961903
22520,3,-6.676479077574861
22521,3,-4.752219948216819
22523,3,-4.87431253016134
22539,3,-5.300518912647064
22540,3,-5.300518912647064
22542,3,-5.1557529096897525
22547,3,-5.366436507149693
22550,3,-5.886130462381296
22569,3,-6.210794680718017
22574,3,-3.0883069688071743
22576,3,-4.871498719335051
22578,3,-5.1557529096897525
22581,3,-5.219252819207512
22583,3,-5.26469782027543
22591,3,-5.472165108144232
22598,3,-4.646335293533589
22599,3,-4.646335293533589
22600,3,-5.61953739068327
22618,3,-5.389777131174675
22620,3,-7.328923791071652
22628,3,-5.981195062733136
22632,3,-4.338909346608638
22637,3,-5.564822645869491
22642,3,-5.913685701845047
22657,3,-6.423286914744665
22658,3,-5.366436507149693
22666,3,-5.78383438763661
22672,3,-4.631167499942421
22680,3,-6.123668710420397
22687,3,-6.122086882826402
22693,3,-5.24867809060256
22703,3,-5.052630454717303
22704,3,-6.4590830570646744
22713,3,-5.370584239777784
22724,3,-5.539709226111668
22726,3,-6.113909503291708
22742,3,-5.395757498160542
22753,3,-5.27195127250674
22767,3,-5.5360017855993675
22771,3,-5.207645447159358
22775,3,-6.411135418024827
22777,3,-5.9864713918114205
22781,3,-5.507551194081756
22788,3,-4.750280573910494
22789,3,-4.446444004831669
22790,3,-6.148804425982512
22793,3,-5.216354576012783
22794,3,-6.725324778820955
22798,3,-5.056526850504909
22802,3,-5.354193731133236
22812,3,-6.3255454194061045
22815,3,-4.3566919856428825
22816,3,-4.36900152051949
22821,3,-4.95634152540169
22822,3,-4.746746020079442
22828,3,-6.391942526627929
22831,3,-4.368002338147527
22838,3,-5.758251340466387
22839,3,-5.100306637871427
22842,3,-4.3120551824601066
22860,3,-5.096479891317038
22874,3,-5.094457839393343
22885,3,-6.063539338185045
22888,3,-4.706450806932104
22889,3,-6.306352528009214
22894,3,-5.454038863742674
22898,3,-4.558683408338567
22916,3,-6.242047305274276
22923,3,-4.46563689622856
22927,3,-5.463138641718913
22932,3,-6.046449129602948
22934,3,-6.720559516679096
22937,3,-5.611202192640761
22938,3,-5.368072823488269
22942,3,-4.785147115841411
22949,3,-7.254518785642297
22953,3,-3.959395012509013
22962,3,-6.046449129602948
22964,3,-7.330187568446981
22974,3,-5.683346448346789
22975,3,-4.228552800821454
22977,3,-5.379536959712567
22997,3,-6.095668930549273
23000,3,-3.1554578058901086
23008,3,-5.840250358317881
23013,3,-5.124699449397411
23014,3,-5.82908774306852
23016,3,-6.199836609218217
23020,3,-5.9746864264258335
23022,3,-5.486556648919809
23026,3,-6.352178759098997
23028,3,-4.90131548282401
23029,3,-4.9580770849072024
23035,3,-5.695842938657663
23036,3,-6.0685368593208935
23041,3,-6.3196277060550585
23049,3,-4.97353644165284
23055,3,-5.402735385239964
23059,3,-5.98929456392321
23070,3,-6.153739116038686
23072,3,-4.544152610335502
23075,3,-5.818151066574572
23087,3,-5.163192205947148
23089,3,-6.625347666325922
23095,3,-4.836388095366175
23096,3,-6.41243597397159
23108,3,-4.791491455809613
23110,3,-4.920733636409608
23125,3,-6.690673895123268
23127,3,-7.339078017324482
23130,3,-6.286489874303875
23132,3,-6.690673895123268
23133,3,-5.143999314550257
23163,3,-5.298307202499515
23164,3,-6.52024519015346
23165,3,-5.170169400516947
23166,3,-4.919651039093608
23176,3,-4.785310579728112
23182,3,-7.338445088850456
23184,3,-6.503119597606833
23185,3,-6.899143572162316
23186,3,-6.181992694963668
23196,3,-5.639081336574463
23200,3,-5.105792268675927
23201,3,-5.815486620848894
23204,3,-6.249866874596499
23208,3,-5.389779425966061
23210,3,-6.219371679725455
23224,3,-4.795790060353596
23228,3,-6.931582087532476
23236,3,-5.186665677684118
23256,3,-6.723631330679552
23261,3,-5.797587432464155
23271,3,-4.798442594196793
23281,3,-6.145499577175002
23289,3,-3.4145989447100504
23293,3,-4.904327248880016
23296,3,-5.160522696834171
23301,3,-6.811824709166579
23305,3,-5.885848980803715
23306,3,-5.3763507337564675
23316,3,-5.243615002319501
23322,3,-5.1899040279977555
23331,3,-5.096538092168316
23332,3,-5.254381958440277
23337,3,-6.811824709166579
23343,3,-6.986402183439026
23347,3,-6.07599105437631
23358,3,-6.0965325782636555
23361,3,-5.8447512708120115
23363,3,-6.426910009381075
23369,3,-5.611126502267723
23372,3,-5.749845520367856
23379,3,-5.484801843680977
23397,3,-6.172487071743738
23398,3,-6.192064453529895
23404,3,-6.106985595641007
23406,3,-5.216579939901635
23412,3,-5.183389370755577
23413,3,-5.27489567763169
23414,3,-5.343681302724583
23418,3,-5.76387786180382
23420,3,-7.8356182876321085
23421,3,-5.425081970136951
23428,3,-5.9563927956274085
23430,3,-5.027062941553183
23432,3,-6.341009817125929
23433,3,-5.611126502267723
23434,3,-5.473491491176333
23445,3,-5.3244884113276925
23450,3,-6.211257344926786
23451,3,-5.783070753200711
23455,3,-5.866902094252701
23456,3,-5.216579939901635
23480,3,-4.619843182221665
23486,3,-6.121413880852089
23494,3,-4.781083869887432
23497,3,-6.078880365430209
23513,3,-5.320127843811804
23520,3,-6.144368591560337
23521,3,-4.616860180482867
23528,3,-4.770921350192673
23541,3,-5.300934952414913
23553,3,-6.77091802453544
23555,3,-5.09089564641539
23560,3,-4.707935101621764
23565,3,-4.868826536816933
23569,3,-5.169335447726382
23581,3,-5.366236832445821
23585,3,-5.44803737034173
23586,3,-5.956813186915632
23587,3,-5.846763190542298
23593,3,-4.377524019474322
23597,3,-6.474751797830486
23603,3,-6.078880365430209
23608,3,-6.0507385237119635
23615,3,-6.163561482957235
23616,3,-5.445675761212215
23645,3,-6.709280118047495
23648,3,-4.900927356020915
23653,3,-6.909199279227813
23655,3,-6.347838709751798
23658,3,-5.518437946681054
23661,3,-6.178048401613054
23669,3,-6.288755237169504
23674,3,-7.1035727409952685
23676,3,-5.884717995189057
23693,3,-5.497004369253077
23703,3,-4.407642375359195
23705,3,-5.809106544135602
23716,3,-5.445564093384974
23722,3,-5.335927380669759
23731,3,-4.515610793972776
23741,3,-6.258624923925886
23755,3,-5.994340435629702
23758,3,-5.920027475637468
23768,3,-5.480675888433559
23779,3,-5.339409998264266
23785,3,-6.252739551871564
23789,3,-5.46010585792996
23803,3,-4.4994007957621065
23808,3,-5.236233406267154
23820,3,-5.581057336096578
23823,3,-5.153263428801864
23830,3,-5.282648396181067
23832,3,-5.44490837099039
23841,3,-4.992354348759882
23847,3,-4.973161457362991
23848,3,-5.149543656003424
23860,3,-4.748577149771776
23861,3,-5.678305067272397
23866,3,-4.387966684098799
23868,3,-5.060203413771482
23876,3,-6.859711603060511
23882,3,-6.081185839180847
23887,3,-5.52468841844474
23888,3,-5.7027570214723085
23893,3,-5.272814330335969
23895,3,-7.158132472614845
23909,3,-5.923763187110872
23932,3,-5.0590521715967185
23936,3,-5.684780822804591
23946,3,-4.778351257286232
23967,3,-4.787921058567413
23970,3,-6.243296316554293
23975,3,-5.777402371770243
23976,3,-6.078927932230037
23981,3,-6.904632147972599
24005,3,-1.511077366121377
24007,3,-1.0470637153538433
24010,3,-1.1988230596486034
24013,3,0.8424925261269749
24028,3,-1.0581936525808118
24032,3,-1.3621388841590374
24041,3,-0.6082175493780895
24065,3,-6.578493024767276
24072,3,-7.439918380337893
24079,3,-6.808995184702177
24092,3,-4.2689723029727915
24098,3,-7.652681764201837
24101,3,-7.166944903570851
24102,3,-5.069792382877729
24103,3,-5.909167110974273
24108,3,0.4559596643978665
24111,3,-6.324128416331085
24112,3,-4.3411927662106535
24114,3,-6.475499126522415
24121,3,-6.624647054068646
24123,3,-6.284532990851162
24128,3,-5.940893201126315
24132,3,-5.673764832102549
24141,3,-5.508853355879275
24147,3,-4.682289383053664
24152,3,-6.828129875247782
24172,3,-5.876216638337148
24185,3,-6.426490717237947
24191,3,-6.493874966252569
24192,3,-6.138767861358261
24198,3,-4.09396667220134
24202,3,-5.7577745186426625
24212,3,-7.6493324812107915
24223,3,-5.719097026116742
24233,3,-5.439639596328661
24240,3,-6.456655089488528
24246,3,-5.7577745186426625
24248,3,-5.713593566803226
24261,3,-5.0885286986486165
24276,3,-5.0732659864276854
24278,3,-5.983666538016124
24281,3,-6.07132912436272
24286,3,-6.043814590880082
24292,3,-4.682139847190179
24293,3,-6.068809485246234
24295,3,-5.740763194470389
24327,3,-6.6483160431096024
24335,3,-7.526698275537079
24349,3,-5.680697257520485
24352,3,-5.7240159416448435
24360,3,-6.424311909749029
24361,3,-6.63915623755851
24368,3,-7.534139632548268
24385,3,-3.6603050461148214
24391,3,-6.389801788566231
24404,3,-7.937427197891147
24414,3,-6.218525980714944
24418,3,-5.802851785330844
24419,3,-5.97579724909648
24439,3,-4.4395748002661435
24444,3,-3.559557324216293
24454,3,-6.5390149267947635
24455,3,-3.900151312769296
24456,3,-6.5390149267947635
24462,3,-5.76511365163654
24463,3,-3.822009253007856
24467,3,-4.249910134058517
24473,3,-6.702399732504055
24474,3,-6.5022597757720035
24477,3,-5.507851957486743
24480,3,-6.38806467142436
24489,3,-6.978738569056013
24493,3,-5.468558142731943
24495,3,-6.394448573678453
24497,3,-7.436849935128706
24501,3,-6.775382320839192
24503,3,-5.867264310978882
24504,3,-4.043234800986106
24515,3,-6.247062627793866
24525,3,-4.799624641880733
24527,3,-5.922483658987382
24546,3,-6.0028594294130215
24551,3,-4.091857901247202
24558,3,-7.078524429506537
24563,3,-3.8920745801385834
24566,3,-4.859148725071442
24580,3,-4.360843361256563
24588,3,-5.026073566466138
24595,3,-3.207442323520965
24604,3,-7.611448803166411
24607,3,-7.720115357578472
24609,3,-5.000191577448284
24616,3,-5.86791347229147
24622,3,-6.645979608421236
24623,3,-4.560991050823667
24629,3,-5.865939917891765
24632,3,-4.719396249849282
24635,3,-6.974727116266145
24639,3,-5.7949692464385905
24642,3,-4.954740327869729
24652,3,-6.241460751898529
24653,3,-5.673064669494444
24654,3,-6.9467003547968815
24662,3,-4.786460545998644
24668,3,-5.209502887254281
24669,3,-7.52287118030312
24672,3,-6.420510113246259
24675,3,-7.12514114212842
24678,3,-6.589324486662271
24684,3,-8.077939231142771
24686,3,-6.58466061750061
24689,3,-7.007333042982459
24698,3,-6.314497047375646
24699,3,-3.84789362829914
24700,3,-5.526515592431807
24705,3,-5.544785520339275
24712,3,-5.240336058947719
24713,3,-6.112167516215351
24714,3,-5.852563233597458
24715,3,-5.258667661120633
24717,3,-5.329062000007461
24718,3,-8.234121117520367
24720,3,-6.393794946494673
24724,3,-6.068809485246234
24729,3,-7.400903866115158
24739,3,-5.566610806924849
24743,3,-5.363721812636761
24753,3,-5.652036155643188
24780,3,-5.7883456371550395
24784,3,-7.795029911714941
24797,3,-6.656964015359463
24801,3,-5.506741319147231
24802,3,-5.970662519110562
24803,3,-5.968329081097501
24811,3,-4.73450318135049
24814,3,-4.636613281199189
24815,3,-7.090367385558238
24821,3,-6.617116102578564
24829,3,-6.2738382184482475
24839,3,-5.434275466154091
24842,3,-5.630075776156289
24853,3,-4.520439986137518
24865,3,-6.611115206117965
24876,3,-4.672864568284247
24877,3,-6.312467820448418
24880,3,-5.94040992390314
24895,3,-6.684157781295845
24899,3,-5.2877673191566785
24909,3,-8.536669717210401
24914,3,-5.816888557734991
24919,3,-7.198578298816379
24925,3,-5.965590761363259
24937,3,-5.160216496119794
24942,3,-5.976350714400276
24946,3,-6.139331686572547
24956,3,-4.371690858628384
24960,3,-5.682615710020734
24965,3,-4.472141649422731
24970,3,-5.806820253826011
24978,3,-5.937622900892691
24981,3,-4.693377414208761
24984,3,-2.917303097044872
24985,3,-6.174040430382114
25004,3,-3.962051001424193
25006,3,-5.460785271048081
25010,3,-4.546893973476607
25018,3,-3.5035864279853044
25021,3,-4.814671840901191
25022,3,-5.524463204819696
25031,3,-6.362227078993705
25034,3,-5.455084299380459
25036,3,-6.891938406335505
25039,3,-6.164732532593305
25045,3,-4.860445519861138
25049,3,-3.8054586134822515
25050,3,-7.2829498066667355
25056,3,-4.186817186201786
25064,3,-6.055028659936539
25067,3,-5.733966633447544
25102,3,-6.708011606796219
25108,3,-5.283370153632482
25120,3,-3.5227793193821952
25122,3,-7.229855946523337
25124,3,-3.2328801213345457
25133,3,-6.5748286457978935
25142,3,-5.582767147000773
25150,3,-6.095628944237802
25156,3,-3.837880070584191
25172,3,-7.632376912668022
25177,3,-6.85083918214135
25184,3,-5.620335857687074
25188,3,-5.776583923153709
25195,3,-7.690909058232464
25198,3,-8.000980295827816
25203,3,-7.423934598150979
25205,3,-6.057224123408467
25209,3,-5.8412280641291545
25224,3,-5.6076624267861845
25225,3,-5.6076624267861845
25238,3,-4.091843591535145
25243,3,-6.604327495453838
25246,3,-6.9261803123710735
25257,3,-7.911449844310475
25266,3,-6.209827444327338
25267,3,-6.083071718241484
25288,3,-3.4119570697870785
25295,3,-5.2002846682864785
25302,3,-3.8231272573263695
25303,3,-7.532227749328541
25315,3,-6.082733133826984
25317,3,-5.898905518033693
25318,3,-7.115220365070613
25326,3,-7.326026140440796
25327,3,-7.810260772664762
25328,3,-4.776822159467464
25329,3,-6.401393145671868
25338,3,-4.331665181328901
25344,3,-4.224427142428297
25347,3,-6.849909680583849
25349,3,-6.753150471412418
25350,3,-3.5778732684837564
25352,3,-7.428059075636625
25358,3,-6.22201823897656
25360,3,-5.797359425164245
25371,3,-5.648912461824018
25372,3,-6.569627354605636
25376,3,-5.915210791143934
25382,3,-5.751197818237735
25391,3,-6.017619577027119
25397,3,-4.235290894709394
25399,3,-6.094809957131972
25400,3,-3.924487765012451
25410,3,-6.7602524881109005
25412,3,-5.9917608473299495
25413,3,-5.216851985635628
25414,3,-6.663694592159835
25418,3,-5.531641485762677
25419,3,-5.902502628802331
25422,3,-3.6205150771501735
25444,3,-4.566199928902826
25446,3,-3.0155418408428787
25448,3,-4.015093653739797
25457,3,-4.471601922142767
25459,3,-4.46065794100079
25467,3,-2.705225593676552
25468,3,-2.591044472000185
25469,3,-4.897473278765368
25476,3,-2.705225593676552
25481,3,-4.374325259042315
25483,3,-4.3679967997895375
25484,3,-2.4208823353511804
25489,3,-3.9284610092599195
25516,3,-3.647376835460662
25526,3,-5.086597681627595
25528,3,-4.272557705180425
25530,3,-4.61511506029418
25532,3,-4.589308488049419
25539,3,-4.824550107117716
25541,3,-5.807045097278262
25542,3,-3.2924238032002435
25546,3,-2.101665604262408
25552,3,-4.9740492509319765
25557,3,-4.272557705180425
25560,3,-4.608162795031795
25563,3,-5.406444955919916
25565,3,-4.06704613613573
25578,3,-4.105201878657738
25586,3,-4.015093653739797
25598,3,-3.316868199164709
25604,3,-2.583161933107931
25611,3,-6.5952524564269055
25624,3,-3.7362501659716187
25626,3,-5.899711579657485
25633,3,-6.896986029711634
25643,3,-4.3679967997895375
25645,3,-4.81279942837876
25649,3,-4.895878158464555
25656,3,-4.073479619625189
25665,3,-4.4685404798930435
25666,3,-4.924207660446967
25675,3,-4.577436882134087
25682,3,-5.2657313921904105
25691,3,-3.941991775288102
25697,3,-5.266127469729817
25701,3,-4.74519742273057
25704,3,-3.9861727271275456
25709,3,-4.910031930123914
25716,3,-5.072079886552409
25726,3,-5.28259785219673
25738,3,-3.0648887485288867
25749,3,-3.2087027999156064
25750,3,-2.592545492925396
25755,3,-3.6597150450640825
25764,3,-4.447212076361481
25765,3,-4.569788895491868
25766,3,-2.4910207827184436
25771,3,-3.739736389665836
25773,3,-4.316645876362728
25777,3,-4.612276737291495
25783,3,-3.2028685072386196
25786,3,-2.4671776700844177
25787,3,-4.16690590850866
25792,3,-4.288174087725963
25799,3,-5.771631219364679
25800,3,-6.107451499592003
25804,3,-4.374052251476492
25808,3,-4.763832429467421
25822,3,-5.142688475716653
25824,3,-4.289899191794461
25828,3,-6.289575746209401
25831,3,-2.2784803785068917
25834,3,-4.265035163376076
25842,3,-4.790002515434118
25848,3,-4.370178367014162
25850,3,-2.3863042610762335
25863,3,-4.883305081743799
25864,3,-4.546119337175334
25867,3,-2.4604808537908696
25869,3,-5.5513921395165795
25870,3,-4.361790973656426
25878,3,-4.192758434374596
25885,3,-5.4675445996453504
25898,3,-4.457255018317156
25911,3,-4.595296434112626
25913,3,-4.387189691186435
25915,3,-4.598486859319451
25929,3,-3.9669798357306476
25931,3,-5.08887904578085
25943,3,-4.405996875547487
25961,3,-1.6262865466214222
25965,3,-5.321912167492812
25970,3,-4.425096986287251
25977,3,-3.6597150450640825
25991,3,-3.0066624665309263
25993,3,-5.268291320267558
25995,3,-4.350369578237483
26001,3,-3.8334875452454966
26004,3,-4.591692412564875
26027,3,-4.595815195141348
26030,3,-5.507358387613657
26032,3,-4.289899191794461
26033,3,-4.489185743004612
26034,3,-3.3816820217278547
26037,3,-5.760765931598769
26038,3,-4.557798698420655
26041,3,-4.069382551105235
26045,3,-5.183582146939955
26051,3,-7.294133843015025
26053,3,-4.03124999381572
26063,3,-1.8323722146269716
26066,3,-3.7294599877358507
26072,3,-5.677520627280934
26083,3,-6.698279410009334
26093,3,-3.117372776299156
26102,3,-5.985856784838212
26113,3,-6.379023832621655
26114,3,-4.107849017354198
26149,3,-5.005881318848957
26157,3,-4.08515898087051
26160,3,-4.97334591108536
26166,3,2.9145191939457433
26168,3,1.5756415864890911
26171,3,-4.812911088730203
26172,3,-2.953478051356008
26174,3,-5.47252944524142
26182,3,-5.192614131882856
26184,3,-4.9461970222868885
26185,3,-3.165233446714275
26186,3,-6.511097117237085
26189,3,-5.783718093168368
26198,3,-4.345827427218552
26199,3,-5.094511349743605
26204,3,-4.3665789506655415
26206,3,-5.290254871908488
26213,3,-5.062566899546745
26216,3,-5.3435998987234825
26217,3,-3.232411705818663
26222,3,-4.254370744501593
26226,3,-4.43077602877603
26228,3,-4.025788144012338
26229,3,-4.291945610665486
26232,3,-4.14140058953253
26235,3,-4.08533091149468
26250,3,-1.4994479652871249
26251,3,-4.844913379108057
26252,3,-4.010861436866236
26254,3,-4.011204487764054
26257,3,-4.667566390005362
26267,3,-3.87971664342696
26276,3,-3.770746782789665
26286,3,-5.188595002158344
26300,3,-3.0433248931164343
26301,3,-4.120505604078886
26303,3,-1.8476465408339564
26310,3,-4.712039734009984
26313,3,-4.533325961407272
26323,3,-5.939517645098924
26330,3,-5.1003947781582895
26342,3,-3.988249777055792
26369,3,-4.579493397949264
26370,3,-5.726380668442012
26377,3,-4.6991085987502785
26380,3,-4.6991085987502785
26381,3,-3.3930272332813374
26389,3,-4.729278402204756
26406,3,-4.718004326063635
26412,3,-4.254463525158734
26417,3,-3.9373678912207097
26418,3,-4.251090595506646
26421,3,-5.27007167329144
26432,3,-3.770746782789665
26439,3,-4.796080957936979
26440,3,-4.012870103118615
26448,3,-2.754661359512504
26452,3,-4.737104541812151
26454,3,-5.206896631795438
26470,3,-4.961726655006281
26471,3,-2.584268981668849
26474,3,-2.757333023690606
26475,3,-5.598061918241115
26487,3,-3.732487153448538
26495,3,-4.349564547875978
26499,3,-5.8778499209750805
26511,3,-2.151342374443651
26520,3,-4.1815857785190715
26533,3,-4.533325961407272
26547,3,-5.344169824058781
26549,3,1.6521898290946808
26550,3,-4.70791035131198
26556,3,-4.668136298803859
26560,3,-4.637950414332572
26561,3,-4.90366835373414
26568,3,-5.743535419950987
26569,3,-4.101312712681995
26576,3,-5.383117027465815
26580,3,-4.114218185487445
26581,3,-5.0435154411633505
26586,3,-4.510562973199214
26602,3,-4.303409908436727
26606,3,-4.383470331492319
26620,3,-4.993638993181392
26621,3,-3.9730651500464305
26625,3,-2.151931870417627
26649,3,-3.036713929153102
26667,3,-2.619528579591872
26679,3,-2.71669805443927
26680,3,-4.569097822847752
26691,3,-4.965326638768296
26702,3,-5.43339036762643
26711,3,-4.5591913882181885
26714,3,-5.006892271810038
26715,3,-5.442310037299137
26737,3,-5.257800101054102
26739,3,-4.120505604078886
26745,3,-4.112623065186632
26753,3,-5.19761374311134
26754,3,-4.522454464769432
26756,3,-2.7287716518220577
26764,3,-2.0694152286098273
26775,3,-4.48634537017179
26778,3,-6.180383509562809
26790,3,-3.543076567115534
26793,3,-4.629377908874666
26805,3,-3.7932538052287015
26824,3,-4.217254108313398
26826,3,-1.839657028185762
26832,3,-5.42558585708894
26833,3,-4.921525553584424
26840,3,-4.634190901803144
26845,3,-3.968974861954578
26850,3,-4.854105327625703
26855,3,-4.871171737289721
26858,3,-4.62258417993489
26872,3,-3.805568992250798
26880,3,-3.5789208275180258
26881,3,-2.220401484741366
26885,3,-5.213854933894119
26889,3,-3.928679648807247
26895,3,-4.429874289034487
26899,3,-3.788541282891906
26909,3,-4.9604299558173395
26932,3,-3.5556572173592897
26935,3,-4.776694382484322
26949,3,-3.9685034620167485
26951,3,-6.093292831962195
26973,3,-4.052228383884334
26982,3,-2.9674784886038523
26985,3,-4.3927759625802025
26987,3,-4.241129875909884
26994,3,-4.771824303667884
26998,3,-4.490148739778782
27000,3,-5.63723804087099
27006,3,-5.060384745647113
27009,3,-3.9709396210793386
27011,3,-4.29707736275288
27013,3,-3.8774170600312914
27024,3,-5.801697634984343
27025,3,-4.043886391111279
27027,3,-6.169725318343829
27030,3,-5.165929150577476
27037,3,-2.9600851415232015
27041,3,-5.8727984034514265
27045,3,-4.520352848675699
27052,3,-2.128598775129916
27063,3,-3.8644961365147736
27073,3,-5.121009174682662
27095,3,-4.97532246255917
27097,3,-4.647598099011773
27098,3,-4.486314572543357
27103,3,-3.980205064845933
27126,3,-4.0673046210467945
27130,3,-3.6848025867516228
27138,3,-4.208833666602892
27139,3,-3.4280971126818045
27142,3,-4.462900785875036
27156,3,-6.079509746081513
27162,3,-4.31865353363051
27189,3,-3.8877176401819895
27192,3,-5.774119934068011
27197,3,-4.768504902452044
27204,3,-4.1750106141611525
27207,3,-2.636854589774856
27214,3,-2.4569969917686336
27221,3,-4.616046585111405
27222,3,-4.998514409466985
27224,3,-5.509628975305567
27237,3,-4.119575448075274
27239,3,-4.889070009111798
27244,3,-5.650238117259995
27247,3,-4.381196318956881
27249,3,-1.5877709416561174
27255,3,-5.151339731277297
27256,3,-5.896752922641241
27257,3,-5.086129959862539
27269,3,-2.8002884210379833
27273,3,-3.616552654986556
27275,3,-5.055152356782109
27280,3,-5.178845802676008
27287,3,-4.47128559539447
27294,3,-5.003690992776647
27300,3,-5.468702045516203
27308,3,-4.407911752158128
27310,3,-3.4819135924635347
27312,3,-3.901409049185503
27314,3,-5.69492486532274
27317,3,-2.7332920938013032
27320,3,-4.441104491925856
27321,3,-4.849378311460235
27323,3,-3.8712034681699947
27325,3,-4.22934219498481
27335,3,-4.003112420339356
27344,3,-5.1253423326175
27353,3,-4.732431202672451
27356,3,-2.6484876978316763
27367,3,-4.833311320873747
27378,3,-2.369357501967521
27399,3,-5.682370215575695
27410,3,-4.596321772496822
27412,3,-3.6368690442912808
27414,3,-5.50768092282383
27418,3,-2.957121618545166
27419,3,-2.903016880773464
27421,3,-4.635404316499503
27422,3,-4.566438979328169
27430,3,-5.223568128408353
27439,3,-5.0161936059687235
27450,3,-4.501303844791927
27457,3,-4.374052057317456
27468,3,-4.096285488158429
27476,3,-3.600184465000247
27504,3,-3.0049562960706595
27517,3,-3.949183070231612
27528,3,-4.992484423270291
27533,3,-4.694576781310737
27535,3,-4.680154882027026
27538,3,-4.560944833926108
27547,3,-5.815110670303767
27553,3,-2.1179265656794897
27557,3,-5.330896639190975
27559,3,-5.081407967822145
27563,3,-3.6794092489369987
27570,3,-4.099483835964158
27572,3,-4.719899429966631
27573,3,-5.444509305478071
27580,3,-5.9313095842213315
27586,3,-2.6076485079313656
27588,3,-4.661103914988331
27605,3,-5.025094213679068
27606,3,-4.232983171261516
27607,3,-1.8277727254066747
27608,3,-3.080428340333917
27613,3,-5.398727844380581
27615,3,-1.146767090900532
27617,3,-4.660961990630128
27620,3,-2.189767874464337
27631,3,-6.493573730729054
27648,3,-5.004342702000514
27649,3,-5.980384949197507
27661,3,-4.617799216666441
27664,3,-5.363578690581434
27669,3,-4.557729850474736
27674,3,-3.6560619356881716
27678,3,-5.864347808706206
27682,3,2.8441086844917507
27699,3,0.1852521048221618
27708,3,3.142175219427088
27713,3,4.0679986272689135
27716,3,4.49589191007081
27718,3,4.526395153972352
27726,3,2.4848603053171345
27727,3,2.2067995818341117
27732,3,1.6005057532292142
27741,3,2.2321884604803017
27751,3,2.453946544511183
27752,3,2.465256897015834
27755,3,2.716592667041212
27760,3,2.9754744998712255
27768,3,9.393248231503868
27773,3,4.9324260268962234
27777,3,3.2946932656144625
27785,3,2.880475904631105
27791,3,4.491138722495684
27800,3,4.361582650140036
27802,3,4.253131540215527
27804,3,4.879468995324181
27813,3,3.534558577861972
27816,3,4.163379521026748
27819,3,3.0538221206947895
27821,3,4.994747335532324
27825,3,4.097492653285478
27830,3,3.3541161696422677
27833,3,3.3428058171376236
27834,3,3.206284712483992
27835,3,2.7994257046970645
27839,3,1.2121473222713277
27855,3,3.145889184876893
27860,3,5.022224222859961
27868,3,3.308510856115589
27869,3,3.9219707990186663
27871,3,2.9740430062999863
27874,3,2.869419410507554
27886,3,2.403692452191315
27892,3,2.2798215659471026
27894,3,4.3423897587431455
27900,3,4.720611589116295
27913,3,3.3666285535265885
27916,3,3.922451112083124
27918,3,3.347515811742973
27921,3,2.8685047945632434
27922,3,3.2582575932153617
27928,3,2.9687440532211085
27929,3,3.2277543493138197
27933,3,3.679379089149478
27934,3,3.2350024956282866
27937,3,3.536598837180847
27944,3,3.3605247466388093
27946,3,3.3605247466388093
27947,3,4.887940984521492
27961,3,2.7343517913585202
27964,3,1.2833092504991797
27966,3,1.652901863514927
27969,3,1.6280834541455391
27971,3,3.1674184912432963
27985,3,0.42878933818595044
27986,3,0.9061486461347954
27988,3,-1.0486758577612818
27994,3,1.4851876779594022
27995,3,-0.42407605387357705
27998,3,-0.33013197017117335
28000,3,-0.4205540560301415
28020,3,1.9794502525589195
28023,3,-2.1064536287157267
28024,3,0.6186649567067164
28031,3,2.112890241945152
28043,3,-1.2357584491871378
28044,3,-0.18949032140624666
28052,3,-0.5495298087641203
28061,3,-0.6765622990401639
28064,3,0.7183210875719155
28065,3,-2.2019409828962893
28068,3,2.237701938506511
28078,3,0.185291438827619
28085,3,-0.10446157023547897
28091,3,-1.3636014280887778
28098,3,1.1588307828777147
28114,3,1.1148613871546544
28124,3,-0.7328153655170269
28125,3,-0.6903680865037884
28126,3,-0.2659872273416255
28151,3,0.2343860484110678
28156,3,0.25357893980796575
28164,3,-0.25085724602578807
28165,3,0.7392845952584537
28174,3,-1.89392824376268
28182,3,-0.36251178282438445
28184,3,1.4894100082792718
28193,3,-1.2659820487216322
28201,3,-0.3184195463020032
28204,3,0.1932739153546379
28209,3,-0.19016807895075516
28221,3,0.3560002530443853
28223,3,0.7577124680069218
28224,3,-1.1837010247638133
28227,3,0.038298227654941286
28236,3,2.1259603855707567
28244,3,-0.8160473242946935
28246,3,-0.8081647854024467
28254,3,0.6981475016364058
28259,3,-0.9586819997104286
28267,3,0.2099536898497405
28279,3,1.002809761524361
28280,3,0.9836168701274701
28283,3,0.5755827162424723
28285,3,0.3167098111704547
28295,3,0.9985585466081872
28306,3,1.0136374227180838
28316,3,0.1934324626309447
28317,3,0.33767971487547044
28318,3,1.3970572257552192
28331,3,0.8082527622151119
28336,3,1.2336264054191446
28341,3,0.38317051797962876
28346,3,-0.7368309401319877
28359,3,0.357391356985147
28367,3,0.4729301584823631
28368,3,0.3557738948971618
28396,3,-2.332076560595617
28404,3,0.5369586427011583
28406,3,2.3772848137268454
28408,3,0.5177657513042675
28414,3,-0.43475216836188935
28424,3,-0.15196447748833464
28430,3,1.2189258004117463
28433,3,2.646119824472649
28434,3,-0.8385843744522248
28436,3,-0.21619509776342483
28440,3,1.3639734918681299
28452,3,0.11207981553921087
28459,3,0.585654474808706
28472,3,0.8926399592081182
28480,3,-0.5457741193887813
28487,3,1.242758008947419
28494,3,0.5016933864703716
28496,3,-3.0915425437394433
28501,3,-1.5716026557001825
28502,3,0.3959292254812752
28513,3,1.8143941439100786
28515,3,1.4113008516721095
28517,3,-2.4627216005746604
28534,3,1.9742805838140853
28544,3,2.193836493027497
28546,3,1.6391096733361366
28555,3,-0.39119426460684537
28556,3,-0.501944775534227
28570,3,-1.575720427412577
28577,3,-1.3907586733593504
28582,3,0.6657916926928351
28591,3,0.15527672010893667
28592,3,-0.891464266856147
28594,3,2.2637879086215946
28598,3,1.728367891863762
28602,3,2.1859539541352504
28604,3,0.2695238180982855
28606,3,-0.8086888049044987
28609,3,0.7167684567984693
28613,3,2.0009050785383025
28614,3,2.4756146198169873
28627,3,-0.9101687370909772
28630,3,-1.4009571627107817
28639,3,0.7453874658283155
28642,3,0.8874946985841135
28656,3,-0.058337108181454767
28662,3,-0.1131487952014325
28665,3,0.37505295956685103
28666,3,0.37505295956685103
28671,3,0.809915841301823
28673,3,0.37505295956685103
28674,3,1.0111370360306822
28676,3,6.056824400809255
28678,3,1.1911570574300399
28697,3,-0.8152477481656959
28702,3,-1.032340301865311
28706,3,-0.21477653426322973
28720,3,1.5685268587840042
28728,3,2.8480788352966684
28740,3,0.7206576227742048
28741,3,-0.24076150812542352
28742,3,-1.2837336356934514
28744,3,0.7009459806645282
28751,3,-0.9055281188643676
28756,3,-1.2644345512087867
28757,3,-0.17131523320627196
28758,3,-1.6353855140881066
28761,3,-1.3666407729899532
28772,3,-1.2244172700711005
28775,3,0.13970888154640448
28779,3,-1.094852637797068
28782,3,0.7454735332286191
28784,3,-0.07991573726136636
28788,3,-0.15816621399579134
28792,3,-0.3816195481939957
28803,3,1.0827059475055307
28810,3,-0.4298728766002853
28816,3,0.6798333209648248
28818,3,-0.5794539123529532
28826,3,-0.304034752790848
28830,3,6.134403258091545
28834,3,0.7646873309811539
28837,3,-1.7934781023199875
28841,3,-0.7451824210349614
28844,3,5.603362448945468
28849,3,-0.3475996866944797
28850,3,-0.6055323602691445
28858,3,-0.3475996866944797
28860,3,-0.5323835920034838
28865,3,-0.5515764834003747
28867,3,-0.5323835920034838
28877,3,-1.296855042979061
28878,3,2.784358068663451
28883,3,-3.2101561673437757
28895,3,-0.43796097655466326
28897,3,-2.000165408927053
28898,3,-1.3919984029169044
28899,3,0.4923390688750757
28900,3,-0.5598811433065194
28910,3,0.8953804021412424
28911,3,-0.012247661785337982
28913,3,-0.9697181273361508
28918,3,0.1341384073126548
28923,3,0.605282082943539
28937,3,0.5294868877923875
28945,3,-1.1579741814319817
28950,3,1.4465461463104745
28963,3,-0.9985329400171707
28964,3,1.8513189306240108
28987,3,-2.25900554086639
28989,3,-1.7251577107743756
28991,3,-0.19903993722356716
29009,3,0.5483940685138649
29010,3,-2.270315893371034
29020,3,-1.8916578266265063
29021,3,1.4320622524308533
29022,3,-1.3158231052602218
29059,3,0.17394749284513011
29066,3,-0.19779498131239137
29067,3,-1.3575665507074248
29071,3,-1.2491503765388998
29072,3,1.7341888566713948
29074,3,-1.3300321746301975
29076,3,-0.35732061789976655
29087,3,0.2023256678977603
29092,3,-2.367456650790899
29095,3,-1.2590615031770298
29102,3,-0.5334645706141785
29103,3,-1.0612024327527934
29104,3,-1.3561773105452772
29112,3,-0.07621658408597654
29116,3,1.5100101184538275
29124,3,-0.11357345855078904
29135,3,0.5853764253005664
29143,3,-0.7306365028604631
29149,3,-0.6520649048193548
29154,3,0.7791237382728937
29156,3,0.7791237382728937
29160,3,0.6040830335829099
29180,3,1.2912546729204522
29198,3,-0.3178255312351297
29217,3,3.4624986976254633
29221,3,1.4126547008564643
29224,3,-2.0702307360577734
29226,3,-1.2508713050983076
29236,3,-0.22990456503209344
29241,3,0.8462471144707351
29252,3,-0.6519106823897616
29258,3,-0.9029308718457187
29260,3,-0.31730678052233685
29265,3,-0.591028173933374
29271,3,-1.3255013559703954
29276,3,-0.08181569020703705
29279,3,-0.7639639174569695
29293,3,-0.12069877170985421
29312,3,-1.367512613101539
29314,3,2.0426518389234545
29329,3,-0.323416222795764
29330,3,-1.12206447842469
29335,3,0.05198798306158636
29341,3,-1.0076254224369592
29343,3,-0.3242230367071812
29346,3,-0.65239337370069
29351,3,0.8437870652811412
29354,3,-0.9315615828417378
29357,3,-0.057324928473519776
29359,3,1.2810149530544734
29360,3,2.289380482663965
29363,3,1.864931720356516
29364,3,-0.7492056622392198
29366,3,-0.38907102719794295
29369,3,1.1572356625769018
29379,3,-0.8343169137995687
29384,3,-1.2912932555721213
29389,3,-0.4701718823236689
29402,3,-2.211303485338952
29404,3,1.3051983298408203
29409,3,-1.2783986930081568
29411,3,-0.8839312659324605
29417,3,-1.0305210118785695
29420,3,-0.344155885834617
29421,3,-0.7940560913678141
29425,3,-0.0723590508726204
29437,3,-1.5026385125853068
29439,3,-0.9462858758905881
29444,3,-0.796937853571869
29462,3,0.42522817617509645
29472,3,-2.3082906061741326
29476,3,0.12821247692631488
29503,3,7.912390547757852
29505,3,-3.418396092319334
29508,3,-0.2220919861775954
29526,3,-1.0947620815690229
29529,3,-1.4513691068254104
29553,3,0.42398781212271786
29555,3,-0.22730973481570516
29562,3,-0.027660729365749148
29575,3,0.605871128785779
29578,3,-0.11279086986275644
29582,3,-0.3610733080342996
29587,3,2.46281024640993
29590,3,2.0961557581715056
29595,3,0.5597460060321566
29612,3,-2.2965301461049705
29617,3,0.7298386729651511
29619,3,0.005602935454611213
29631,3,-0.7692064992693091
29641,3,-0.35391347419727737
29664,3,1.4850807251564504
29666,3,1.059072733287195
29667,3,-0.0529223402693475
29670,3,0.8755214960850495
29673,3,0.7969195894875227
29682,3,1.1232772486196865
29683,3,0.3021346882494953
29687,3,0.14439188961760152
29693,3,-1.8776677239484698
29711,3,-0.7046133215275034
29720,3,-1.0631841444833299
29740,3,-1.9895781150817413
29749,3,0.2620104632273126
29752,3,1.4850807251564504
29763,3,0.8645795354435464
29765,3,1.0896674831333115
29778,3,-1.074494496987981
29791,3,-0.6104361131507687
29795,3,0.8098054190357402
29799,3,2.019536859582402
29804,3,-0.7556219198275258
29809,3,-1.1845431891524214
29811,3,-0.9098156412237373
29822,3,-3.1328763522083563
29824,3,-1.220486847113115
29832,3,0.1771873829080448
29841,3,-0.18081016079714374
29845,3,-2.29495695692529
29863,3,1.434783868992632
29879,3,-0.6360178072174705
29891,3,0.5495479541641117
29895,3,-1.5113487953553744
29901,3,0.38002932899178177
29911,3,-2.5651024465776615
29912,3,-1.2805801649935233
29916,3,0.4256878589090505
29922,3,-1.2302489604896962
29927,3,-0.7000916739452663
29931,3,-0.6200347316088468
29933,3,-0.9920966651815633
29936,3,-1.4952393450934167
29950,3,-1.5657011890572008
29951,3,0.08653908203761063
29952,3,-1.0187605518094074
29954,3,0.2904041841841476
29957,3,-0.5664938944882465
29965,3,-0.5194569476314115
29978,3,0.16567966282333657
29980,3,-1.7346930029579681
29991,3,3.362406585959718
29994,3,1.804011121678876
30000,3,3.253955476035216
30011,3,-2.1110448100322117
30014,3,-0.6226588376976991
30015,3,-0.8883175991699446
30019,3,1.2243210201780172
30020,3,1.2243210201780172
30021,3,-0.872271375459249
30024,3,-1.5887885780050084
30040,3,1.6766783840224448
30047,3,0.07070226727711315
30048,3,2.0527222504982205
30083,3,1.0082274633389687
30085,3,1.6337080519622802
30087,3,-0.4793275162106738
30088,3,-0.29234759869642346
30101,3,-0.2433771298226759
30105,3,1.0366265282010048
30107,3,-1.6138589440149929
30108,3,1.0585080374177736
30128,3,0.4166111091547222
30152,3,-0.7228640332481433
30160,3,-1.1342453719739964
30161,3,7.7936000906462155
30167,3,-0.6121245582830355
30168,3,0.00923335065500197
30173,3,-0.06672114282508801
30175,3,7.05889937050182
30177,3,-0.3313834353816034
30181,3,0.2523996073925545
30182,3,0.5334837811917978
30199,3,-0.14333379290355452
30207,3,7.081321373330468
30211,3,1.0300710520577994
30228,3,2.2320961616475756
30230,3,6.623111442116738
30246,3,-0.5624854012952483
30247,3,6.649281528083428
30249,3,2.690550875224055
30256,3,-0.34599743535964933
30258,3,0.4448171286085554
30261,3,0.42562423721166454
30263,3,0.4448171286085554
30267,3,0.33466980412418224
30273,3,1.6382374034960563
30276,3,-0.009959540741888873
30279,3,1.9149780636991949
30280,3,2.237884341178436
30283,3,7.532051859141667
30284,3,1.1896357687077455
30285,3,-0.804023152931741
30298,3,0.7931343775630779
30304,3,0.9216199421332902
30327,3,1.2282016127426516
30342,3,2.2705474737832034
30343,3,0.23942363953334223
30344,3,7.0233844304150495
30349,3,2.1373157701461807
30354,3,-0.08848009183586214
30365,3,-1.1342453719739964
30368,3,1.8495595216806962
30381,3,-0.5863906262535536
30384,3,-0.7357303941673123
30392,3,4.370524241180178
30409,3,0.7553323590244432
30413,3,6.696849934906801
30414,3,0.4448171286085554
30432,3,-2.906889861404572
30433,3,-2.7990759777930023
30443,3,-2.0722379317978294
30446,3,-2.9764640610072206
30450,3,-0.9675222238601293
30453,3,-0.6576250755414534
30467,3,4.028433057240669
30468,3,-2.140912579287807
30480,3,-3.4804171012974763
30485,3,-0.7898187656085582
30486,3,5.175320327733424
30487,3,-2.161496150325455
30489,3,-2.497958575304118
30497,3,-2.5363772923807417
30512,3,-3.225944339928141
30522,3,-1.8731386551925837
30523,3,4.275519192218098
30524,3,-2.6316564782138556
30527,3,-2.995344644641662
30531,3,-3.7309633038369654
30532,3,-3.4021716378418603
30535,3,3.8859831548053663
30537,3,0.13005356051368722
30547,3,-3.9653064115318912
30555,3,-3.5893620118831464
30557,3,-3.6085549032800444
30559,3,-2.0085497785087583
30560,3,-2.8847273475868036
30574,3,-3.4021716378418603
30577,3,-0.6261843067235944
30579,3,-4.775838905371103
30587,3,-4.610655034371888
30602,3,-4.5679660890561
30607,3,-3.8355723916960187
30628,3,3.5710880780485326
30634,3,-2.9834815048150034
30638,3,2.9650805160654627
30640,3,-2.4206278201294325
30642,3,4.783359439293726
30647,3,-2.4935322865556984
30660,3,-2.283026778629605
30678,3,-1.5409119346863562
30679,3,2.6201324206036603
30686,3,-1.818944958022584
30689,3,-2.7857326857017384
30690,3,-2.3265217991975646
30698,3,-3.446496386809656
30700,3,-2.805318951571479
30707,3,-1.799752066625686
30715,3,-4.80587268886562
30725,3,-3.7157470204560568
30730,3,-1.355867389011749
30735,3,-1.070135984183871
30741,3,-2.9905788579393047
30748,3,-2.6606898106014114
30755,3,-4.071543592893335
30765,3,-2.4804705771980338
30767,3,-4.325220969261103
30768,3,-0.7425332353904608
30778,3,-3.595897285811944
30788,3,-2.3064208758396703
30796,3,-1.589122211089773
30808,3,-1.141757700924181
30809,3,-2.148857018562758
30810,3,-2.148857018562758
30812,3,-2.6430169556664254
30815,3,-2.12966412716586
30817,3,-3.201611580765359
30818,3,-2.646260024265004
30822,3,-3.155012462220597
30823,3,-0.3161277916254619
30829,3,0.004489666657157443
30842,3,-3.4513034328427636
30843,3,-2.6347975560418675
30853,3,-3.353272797222324
30858,3,-2.7854441215486645
30859,3,-0.6390967774293941
30868,3,-2.152001343323292
30895,3,-3.5188731168034337
30909,3,-4.329118652669713
30916,3,-3.2291993100748897
30921,3,-2.469602132582601
30923,3,-0.6213934226646671
30929,3,0.04787561823741271
30934,3,-2.722214517745101
30942,3,-3.3620452143151454
30948,3,-1.792621074759765
30954,3,-1.1623846639020954
30955,3,-2.8781107811632154
30961,3,-2.8835863209922437
30969,3,-3.8574742581615595
30970,3,-0.6457496073046158
30975,3,-3.336814513038121
30988,3,-1.8448043832622432
30989,3,-2.6096240606532817
30992,3,-4.0304735914849985
31005,3,-1.8123327168694416
31008,3,-3.6267445884025378
31009,3,-2.4175921971728727
31010,3,-3.767436528297374
31020,3,-2.710152618214117
31021,3,-3.1123526934310064
31027,3,-2.565180973492261
31040,3,-2.357199027543558
31048,3,-2.194278008601813
31056,3,-4.540884450702819
31069,3,-3.6251619357750613
31081,3,-3.644354827171952
31084,3,-1.6957728642407446
31086,3,-2.6337888490798065
31088,3,4.24265531023741
31094,3,-3.6003202732966173
31100,3,-0.4217156661628181
31120,3,-4.731278000170647
31123,3,-3.469116461757004
31126,3,0.03859139793806321
31127,3,-3.070216525755292
31136,3,-2.85573709790755
31140,3,-2.85573709790755
31153,3,-2.5485603755086856
31158,3,-1.218378484771641
31166,3,-2.899190292966992
31170,3,-1.0347564931715496
31172,3,-1.0216862827370647
31185,3,-1.0426390320637964
31188,3,-3.3586467316735025
31199,3,-3.3700936761371807
31213,3,-4.2748043324072285
31217,3,-3.7336130456995704
31219,3,-2.5332063818002624
31221,3,-3.6885357790113886
31230,3,-2.2167431457826083
31250,3,-3.285047855843324
31256,3,-1.8992781807577046
31258,3,-3.265611145240044
31260,3,-4.170255301308295
31269,3,-3.358076806338204
31278,3,-3.0311538604070662
31279,3,-2.305182281901253
31281,3,-4.446769439820187
31294,3,-4.202181339693077
31296,3,-3.461871574629896
31299,3,-2.5248439384941435
31302,3,-1.7843321397471144
31314,3,-2.788345001489347
31333,3,-4.6556092173659565
31338,3,-4.736482626374148
31354,3,-2.8398452067120274
31366,3,-1.9963040039152276
31367,3,-4.514137766134553
31373,3,-1.7403082121852904
31387,3,-3.6251619357750613
31388,3,-4.277227282288067
31409,3,-2.0213668816120673
31415,3,-1.06704926010066
31419,3,-2.055992031644294
31420,3,-4.727710209281334
31423,3,-1.7964901759430774
31430,3,-3.880872466348954
31432,3,-3.644354827171952
31433,3,-2.766112803559942
31447,3,-1.7083113459339785
31456,3,-2.644886603156543
31461,3,-1.1046691454094741
31464,3,-1.6087075211338586
31472,3,-3.9056460888461686
31473,3,-3.831049943055639
31484,3,2.5922898557954497
31486,3,-1.913168884750931
31500,3,-4.069818538914042
31501,3,-1.1340943047521321
31509,3,-3.40422909893654
31525,3,-2.195091009301599
31527,3,-4.251408468219488
31530,3,-3.715518865677879
31544,3,-1.3115465546090874
31555,3,-1.7225606328882321
31558,3,-2.302395254584347
31563,3,-4.497802210238575
31565,3,-3.6290475600638885
31566,3,-2.81708132239271
31568,3,-0.9611710088057706
31572,3,-2.8180741650003185
31579,3,-2.195091009301599
31583,3,-2.8535771920896877
31586,3,-2.823073948188153
31587,3,0.10947756004381404
31591,3,-2.5431842152362663
31595,3,-0.5679305530093828
31596,3,-2.5431842152362663
31603,3,-2.572796197378004
31609,3,-2.242907150040118
31610,3,-3.6433189369659402
31616,3,-3.320649120925296
31618,3,-2.8812253758767596
31627,3,-2.496573710740982
31628,3,-2.496573710740982
31630,3,0.7181584863519461
31635,3,-2.666579868678916
31638,3,-1.0759027743092844
31639,3,-1.0736664665123499
31651,3,-2.123378308718401
31656,3,-2.3264866773221513
31659,3,-2.708826962639698
31668,3,0.7190631521362363
31671,3,-1.1667239611086728
31687,3,-3.372040382617051
31693,3,-0.5316448371619131
31697,3,-2.500705357453576
31699,3,-4.001273190430382
31702,3,-4.296108170771703
31705,3,-2.7073596695422424
31707,3,-0.10427628774379372
31719,3,-3.0067454729785865
31725,3,-1.2876512636547943
31728,3,-3.2306552628744427
31734,3,-2.3846209406100343
31735,3,-4.529762581543537
31759,3,-3.6521450224415375
31777,3,-3.6969877419138584
31784,3,-2.5318378152754235
31785,3,-2.9457444320759834
31791,3,-2.6743306521804513
31798,3,-0.8963230183150017
31799,3,-2.6216608849621252
31800,3,-2.74795954184534
31807,3,-3.0858892599171384
31812,3,-0.8551122189825833
31820,3,-2.532123525950837
31830,3,-1.1869190254618829
31835,3,-2.970483594404378
31838,3,-1.850007884038142
31840,3,-0.11025028404471726
31843,3,-2.947517000442275
31846,3,3.9307613927724674
31859,3,-1.937571619928839
31862,3,-3.663829357836562
31868,3,-1.719155103034801
31869,3,-0.6222176855556896
31883,3,-4.095881744914209
31885,3,-2.332165368567736
31893,3,-2.411601047906572
31894,3,-0.6476164030857063
31897,3,-3.358425675682092
31905,3,-1.7455253965865865
31906,3,-2.6780608070415965
31910,3,-2.462529960334095
31913,3,-3.671140253113478
31921,3,-4.541614653462197
31937,3,-2.973036422316895
31944,3,-3.3328894450538513
31951,3,-2.4097537542852194
31954,3,-1.7753227777437104
31956,3,-1.4493529675363916
31960,3,-0.3103981971740595
31963,3,-1.9649447138409641
31975,3,-4.6305288133007565
31988,3,-4.451862634273418
31994,3,-2.686145703224682
31995,3,-3.6892928413588564
32002,3,-3.671312963786818
32005,3,-2.435834424951395
32019,3,-4.461440700550199
32026,3,-1.9392661025657603
32027,3,-2.0482110131514375
32028,3,-2.4517383585422365
32034,3,-4.41797231601565
32036,3,-4.77419143242826
32038,3,-2.7558380872065342
32044,3,-3.996916006598269
32059,3,0.7303735046408804
32079,3,-3.3944786820866995
32091,3,-0.5029402719531433
32103,3,-1.7403807018587472
32111,3,-3.0322644856337817
32115,3,-3.5735982560925024
32119,3,-3.590270889768945
32122,3,-3.4593863564286664
32134,3,-3.8672668353650295
32135,3,-2.9211784926473285
32148,3,-1.721961732562157
32164,3,-2.823613168745709
32166,3,-1.664844327632693
32167,3,-2.373560600933864
32169,3,-1.068067821862563
32173,3,-1.3986337517548932
32182,3,-1.42662993797056
32194,3,-2.4154762095009232
32203,3,-0.8016693361615808
32210,3,-3.06250020190663
32219,3,-0.5694386454773337
32223,3,-3.724019909080617
32228,3,-0.5515784081505117
32237,3,-3.49859975029878
32238,3,-2.2355278494806115
32244,3,-0.6019608419976947
32247,3,-3.8101218072855687
32248,3,-3.734345896786074
32250,3,-3.638802446043009
32251,3,-3.0551203307934003
32254,3,-1.7707889127247967
32260,3,-2.906456141478536
32263,3,-2.4619699063069334
32266,3,-2.5318287161600495
32267,3,-4.276796565858298
32268,3,-4.2576036744614
32270,3,-3.1823420294803597
32272,3,-2.4934240755238974
32275,3,-0.4806270271732771
32277,3,-2.912848264196299
32297,3,-2.8157306298534692
32299,3,-3.7356751222467324
32301,3,-2.48168154841661
32305,3,-2.86905816981362
32307,3,-3.6251127614996577
32312,3,-2.1511156185242797
32322,3,-1.7944355195273118
32332,3,-0.9411393956148686
32340,3,-2.5547834268682976
32341,3,-1.5941902367237333
32343,3,-0.7809754238394646
32344,3,-1.2946240539906455
32355,3,-0.6533468026123543
32356,3,-1.3031018764886397
32357,3,-2.5826241023392456
32366,3,-0.37290670639522716
32376,3,-3.9905490530434093
32399,3,-3.933921313553313
32414,3,-3.9602379457581023
32420,3,-2.1666432857527624
32434,3,-2.8794469705140884
32435,3,-4.015166795936203
32446,3,-3.7605159827527643
32449,3,-0.8637504918284193
32450,3,-3.38965483971311
32463,3,-0.7845857488352976
32465,3,-0.9374327899305541
32466,3,-2.0538251191323127
32472,3,-1.5992686231922448
32473,3,-3.086269973616723
32476,3,-3.1582874738730524
32479,3,-3.7283579507228524
32483,3,-1.4039256056170473
32497,3,-4.621875151593109
32502,3,-2.69187610275133
32503,3,-4.371952590437189
32504,3,-4.671900456038294
32507,3,-1.8953361536864861
32518,3,0.1820808387285311
32529,3,-3.2723694435405477
32530,3,-3.237790287173631
32539,3,-2.6450263690654197
32544,3,-4.7197731415397755
32548,3,-1.316513946203905
32552,3,-3.341781124001116
32564,3,-0.5942286319845138
32565,3,-4.110585152477917
32573,3,-2.970310883062268
32582,3,-1.3051681468503773
32589,3,-3.197691624862607
32593,3,-3.5339941116132962
32603,3,-1.2945664871325775
32607,3,-1.145090783167774
32608,3,-2.6153788446806914
32622,3,-3.6115729688955938
32630,3,-1.6635181998186965
32639,3,-2.4841427029411136
32654,3,-0.4686076464351743
32685,3,0.5344493313884584
32694,3,-4.241873268381866
32707,3,-4.1880161112759495
32719,3,-2.5790035045769883
32734,3,-3.4528425667277958
32736,3,-0.585499619269541
32739,3,-2.515561533027757
32741,3,-0.6752353620020699
32746,3,-5.578014183401862
32753,3,-2.2004006838320223
32756,3,-1.7199520072238315
32762,3,-1.0342674018242874
32766,3,-1.4523602292228972
32767,3,-1.000438206813385
32775,3,-3.4249730763534885
32782,3,-2.518467103686028
32794,3,-2.167677026406942
32799,3,-3.67026454312024
32806,3,-2.511734876028548
32807,3,-2.980729267228824
32808,3,-2.363610787201658
32809,3,-0.34088162140943723
32813,3,-3.700831187423219
32815,3,-0.5040917247790659
32816,3,-2.3574227309463325
32819,3,-2.942963561184172
32821,3,-2.072511900147866
32822,3,-2.4167218959439722
32823,3,-2.2556062775007035
32831,3,-0.8175164613340726
32841,3,-3.2388976004418026
32848,3,-0.855828204654749
32860,3,-2.6394997473531845
32862,3,-2.635720881866696
32868,3,0.4565014653654913
32873,3,-2.0954257697147014
32875,3,-1.4466236723645451
32876,3,-5.89371627019829
32883,3,-4.8446675740694545
32914,3,-2.3279292730456334
32922,3,-3.4227981640869842
32937,3,-2.6395666184945625
32944,3,-4.382676717088884
32950,3,-4.765366473185473
32955,3,-3.323126390476112
32965,3,-1.3612111153774649
32970,3,-2.757377105414953
32982,3,-1.9137859119657818
32987,3,-2.069903758531325
32989,3,-2.7899585694432716
32993,3,-3.72002407882011
32994,3,3.0370005246669436
32998,3,-5.1012496794424464
33024,3,-3.670220194893986
33025,3,-3.2613551372141103
33032,3,-0.27578884855593344
33033,3,-2.3789991445915817
33047,3,-1.6696929960590623
33061,3,-2.2817763634673938
33070,3,-3.786454608181046
33073,3,-2.294723427677816
33079,3,-3.100745137272895
33087,3,-2.814655031484591
33090,3,-4.827836081980742
33109,3,-2.3272754117714456
33112,3,-1.7136317681913482
33114,3,-0.4195439245186634
33116,3,-1.6796734823154154
33127,3,-3.445004979600874
33131,3,-4.583859979239499
33134,3,-3.192896184366461
33148,3,-1.6088872772746186
33150,3,-1.5633539422595888
33154,3,-1.0050391467375377
33155,3,-0.34958479393139186
33160,3,-3.6772232743801396
33163,3,-2.9566192439920087
33168,3,-3.075464494609747
33169,3,-2.897352261143169
33172,3,-2.884781822099768
33175,3,-3.1900910497654706
33188,3,-1.6876851496879155
33199,3,-1.4326250513236474
33212,3,-3.169735816113139
33222,3,0.734484103753168
33223,3,-3.4632761566957555
33226,3,-2.574197326510202
33230,3,-3.502342967933224
33236,3,-2.2141038974767397
33251,3,-1.945376383345426
33252,3,-2.9738972889579856
33253,3,-2.389272554849903
33274,3,-2.7306716195503355
33281,3,-0.2138063087332327
33285,3,-2.14615519740137
33286,3,-2.3321079247224716
33292,3,-0.23213115732549738
33299,3,0.20212277743085139
33301,3,-2.6184212335571146
33308,3,-2.9242757770160495
33318,3,-2.13450078620766
33319,3,-3.412064922804703
33324,3,-0.3789289160965481
33325,3,-3.36614235761499
33340,3,-3.164413852773812
33345,3,-4.327227849906336
33347,3,-3.330403532493925
33354,3,-2.8685793918934834
33358,3,-2.143686486214662
33360,3,-0.6039723792966853
33363,3,-4.253581729684463
33364,3,-2.721804579265374
33365,3,-3.100422982387464
33368,3,-1.4333654230077997
33369,3,-2.925241456811065
33380,3,-0.4280936004077134
33381,3,-1.9387763246125047
33383,3,-0.9140835231075002
33387,3,-3.375766509857513
33392,3,-2.481027002730869
33393,3,-0.10700957503349429
33402,3,-2.9628793428498668
33410,3,0.13205745030013105
33414,3,-2.791700320776336
33426,3,-1.807090406387914
33447,3,-2.1450434405480863
33451,3,-4.44027684556815
33457,3,-2.6560381984979955
33459,3,-1.6559978936970907
33472,3,-2.190280582140822
33488,3,-0.6872643819203077
33491,3,-2.358223337195575
33495,3,-1.3581496882592106
33516,3,-0.09675589647065408
33528,3,-3.0977085364696606
33536,3,-3.412064922804703
33540,3,-2.143686486214662
33541,3,-1.4548143558034141
33544,3,-2.185422311362977
33550,3,-2.595159044326522
33567,3,-4.004511328348151
33575,3,-1.996207301697936
33579,3,-3.7222528805941195
33580,3,-4.161382334627852
33582,3,-1.0566098844167229
33586,3,-0.841355039377099
33589,3,-2.4266479990233663
33600,3,-2.2290562205733977
33606,3,-0.2798473208431531
33611,3,-4.592082117978244
33616,3,-3.3643443452974893
33620,3,-2.337777955612971
33626,3,-1.33976778548503
33631,3,-1.7915757046436127
33634,3,-3.203002439050721
33637,3,-4.7426616759561355
33651,3,-1.124524608458124
33655,3,-2.410835382298302
33656,3,-3.570214587717757
33659,3,-2.4233273172250023
33661,3,-4.530678536941174
33671,3,-1.8846357886154976
33674,3,-2.0607362321563585
33685,3,-1.939648007564891
33692,3,-0.8056992416722792
33693,3,-0.4296196766159426
33695,3,-1.9766003960223202
33702,3,-1.9192361010369936
33705,3,-0.12771480354992804
33713,3,-0.3863651530076879
33730,3,-4.1566135997548415
33734,3,-3.5577551685123083
33736,3,-4.3690826009403665
33739,3,-5.046298947964367
33740,3,-1.137789906522272
33743,3,-1.252905051275178
33763,3,-3.3165593989978603
33764,3,-1.9864024182582014
33767,3,-2.601182156126633
33771,3,-1.9204551161680001
33773,3,1.9313553974871098
33775,3,-2.108881548338424
33780,3,-3.0751171624311198
33781,3,-3.7232703671400103
33782,3,-2.953540426979174
33783,3,0.19429170489570424
33791,3,-1.8254009095755421
33794,3,-0.7228405923003152
33803,3,-0.8048663833442546
33808,3,-2.0850515059468293
33816,3,-3.073535258304389
33817,3,-2.774801622886926
33819,3,-4.3278142578257786
33833,3,-2.6407233377351886
33844,3,-2.297926355652727
33846,3,-2.4213754364115445
33858,3,-2.7253832911935234
33864,3,-1.4675642313750785
33869,3,-2.296334465756736
33875,3,-3.3971236708767663
33878,3,-2.575960085567246
33887,3,-1.7953775700878793
33893,3,-3.8561263248427906
33901,3,-1.8254009095755421
33905,3,-2.2576845698215706
33913,3,-0.709482513579033
33916,3,-3.0543423669074983
33921,3,-2.391406710276101
33925,3,-3.026175113571398
33937,3,-2.953540426979174
33940,3,-2.575960085567246
33945,3,-2.067042776913084
33956,3,-1.1252045775777404
33958,3,0.36987271422959367
33968,3,0.009979279775635064
33977,3,-2.1452942938887674
33979,3,-3.690849875369736
33980,3,-1.2087240994357416
33986,3,-3.106155931233694
33992,3,-1.8465032313259755
34003,3,-1.8700952361828342
34028,3,-0.15546711639350974
34033,3,-2.417550205243458
34050,3,-4.690144210731852
34058,3,-2.4149260276199698
34061,3,-3.5001938576658134
34071,3,-0.8818693957139416
34077,3,-4.366310113278509
34080,3,-0.3929640602616047
34081,3,-2.0664749367788176
34089,3,-2.7092786135625246
34091,3,-2.114914201021122
34100,3,-4.054673556452805
34102,3,-3.725680815740155
34112,3,-4.842265954641974
34115,3,-1.6422713065694836
34116,3,-3.1992895505041545
34118,3,-1.6782162542696142
34119,3,0.10503348636808596
34139,3,-2.3188707748914865
34143,3,-3.614632913653537
34144,3,-2.188739510810862
34145,3,-3.9908646274105095
34152,3,-3.250558874982268
34161,3,-4.3058111433459345
34171,3,-2.9027866747315585
34173,3,-3.834278786611492
34174,3,-2.9532207977625546
34176,3,-3.4310918572773375
34179,3,-4.4351927307361265
34197,3,-3.794223628977747
34201,3,-0.8440722925107735
34203,3,-4.8812774453676795
34214,3,-2.8885933945631592
34218,3,-4.18555588025562
34219,3,-0.8248921330691772
34226,3,-2.627334765103761
34233,3,-3.0059579390395896
34239,3,-2.21751138648181
34243,3,-3.538477785642783
34245,3,-4.246602823014243
34248,3,-2.967339606368917
34255,3,-3.236756047769873
34281,3,-4.13527416179592
34296,3,-2.427260194858654
34305,3,-1.1903442087386367
34308,3,-4.372522918160648
34315,3,-2.967582247203403
34325,3,-3.803041099335374
34326,3,-2.5509755242928236
34334,3,-0.3811924145164767
34338,3,-2.2713639314405256
34342,3,-3.308989113775965
34345,3,-2.3476636127324326
34348,3,-1.4290483457998278
34349,3,-2.111958484475977
34359,3,-1.5241383180108414
34360,3,-1.36877099438383
34371,3,-2.76567190254535
34383,3,-0.2861382079240329
34384,3,-1.36877099438383
34389,3,-2.3676429618341785
34397,3,-2.213962242999976
34398,3,0.18565150323579616
34407,3,3.0505151998498903
34414,3,-0.6737197139555207
34424,3,-2.5854915489869583
34432,3,-1.2599503350831043
34434,3,-1.7209837849465686
34451,3,-1.4945193576433056
34458,3,-1.319359350283733
34473,3,-1.635134013805363
34476,3,-3.0193600272596797
34490,3,-1.0152350650773911
34497,3,-0.3481991754043321
34512,3,-4.524635846350471
34513,3,-2.844250883598434
34521,3,-0.8100135900329235
34522,3,-2.348560250437167
34523,3,-2.843404350652847
34533,3,-2.106355901367735
34534,3,-0.05850896439354614
34539,3,-1.0613788141066678
34540,3,0.4342325359341217
34549,3,-0.8083285756346754
34551,3,-1.459613195204902
34568,3,-3.811324321953002
34576,3,-1.3046750576689874
34592,3,-1.8581799843068652
34596,3,-1.3159854101736244
34597,3,0.10914405041405928
34605,3,-2.7755762361084635
34615,3,-2.106355901367735
34617,3,-3.684263708577639
34621,3,-0.15369764330288405
34631,3,-3.788506464474196
34636,3,-1.4388583529725238
34637,3,-3.351521172692081
34650,3,-1.7066242921309325
34653,3,-3.342731077907878
34655,3,-2.8909456659014197
34664,3,-1.6464443663100141
34665,3,-3.376313285855929
34666,3,-0.372088520165228
34681,3,-2.8963725899913655
34684,3,-2.0442099515136647
34688,3,-2.0748495921434653
34707,3,-1.355112050765527
34709,3,-2.2376499755664696
34718,3,-1.6538246613995753
34719,3,-1.1235488606329511
34720,3,-2.077258676407716
34722,3,-3.233786167322208
34733,3,-4.489618348400633
34738,3,-3.57616694777073
34744,3,-4.636156919724229
34745,3,-2.858462414721785
34751,3,-2.8639255735444067
34760,3,-3.9631023810978334
34763,3,-5.381809930289272
34764,3,-2.6407275434815958
34774,3,-4.181178724957185
34775,3,-4.080521881709949
34779,3,-0.15913928662259025
34781,3,-1.0428582494407195
34782,3,-2.726609727409894
34783,3,-3.076008407076287
34791,3,-3.8274769188162736
34792,3,-2.532196747134961
34802,3,-0.4239942469159743
34805,3,-2.449048972738076
34810,3,-2.3467555878003523
34812,3,-2.6726746889492787
34822,3,-2.883063127009166
34823,3,-3.0794106071430676
34825,3,0.8607522614065246
34834,3,-0.05224793869875555
34841,3,-2.4760139221453983
34844,3,-0.006866807954921228
34850,3,-3.153876123485972
34863,3,-3.7796459161877323
34864,3,-3.0418800624372793
34872,3,-2.1647540737313733
34878,3,-2.8002385406573964
34879,3,-2.4068206930820963
34896,3,-1.4245971593165478
34923,3,-0.851795070122364
34931,3,-2.496015204563861
34932,3,-3.3855084823341173
34934,3,-2.6135368374431067
34945,3,-0.3744006906532604
34946,3,-2.411560579666059
34951,3,-1.0802499177440055
34952,3,-2.9397689801665976
34962,3,0.5239664496549921
34964,3,-3.9108598186849477
34975,3,-2.6653323917297485
34976,3,-1.2971668299738042
34978,3,-2.46961846369409
34979,3,0.297236914240429
34981,3,-1.2487200728785552
34991,3,-3.8153847413087973
34994,3,-0.05845376483186726
34995,3,-2.1263842293364306
35000,3,-3.157034083252846
35004,3,-3.687167969572691
35012,3,-2.8480787919990576
35017,3,-2.5552054048528774
35025,3,-2.3613993354821474
35038,3,-2.4011708189107352
35042,3,-1.7131689295602968
35054,3,-1.657907312069689
35055,3,-0.33196638290888103
35057,3,-3.486923130590732
35061,3,-1.3471546750043615
35068,3,-4.672191647723032
35080,3,-3.2397743311870215
35082,3,0.07813054931489916
35088,3,-0.5573914893720797
35111,3,-2.2677316485436734
35130,3,-2.8369785402580803
35159,3,-3.443087360499966
35163,3,-2.8776108589634717
35165,3,-3.2462161771063194
35182,3,-2.437265113645175
35193,3,-0.6835646936739579
35204,3,-2.171910199950041
35222,3,-1.3115279005365892
35232,3,-4.3549737833254625
35240,3,-2.073300348100666
35241,3,-3.641400669613141
35249,3,-3.274363803357943
35256,3,-2.693539071135838
35260,3,-2.482113753433616
35269,3,-3.1980820253770332
35270,3,-2.2269528003687
35272,3,-2.8115488931620405
35279,3,-3.310650818409165
35286,3,-4.079922981383881
35288,3,-1.7382480683949453
35292,3,-0.016446548470511857
35299,3,-3.880857306372505
35311,3,-2.323671772264632
35316,3,-2.570912817100087
35329,3,-1.3052229477952437
35336,3,-0.5166636960456117
35343,3,-4.060730089986983
35364,3,-2.4698504454066637
35366,3,-2.9591464022794227
35374,3,-1.6821644806145457
35377,3,-2.2208993535856933
35383,3,-2.0820514668939296
35396,3,-3.261455330181775
35401,3,-2.9824427981585657
35406,3,0.09660256280172064
35408,3,-0.8985718761296653
35409,3,-2.8691678303725325
35417,3,-3.3678184226091545
35429,3,-3.1901175945181492
35432,3,-4.650657837903999
35434,3,-2.9181103177347225
35439,3,-2.0435992601072783
35450,3,-3.272114791227807
35459,3,1.7467162852016571
35471,3,-2.754048463899842
35477,3,-3.925029429306832
35479,3,-3.090618266152987
35481,3,-2.0219806071197723
35485,3,-4.048843326642384
35486,3,-2.104725219712769
35497,3,0.37775429890605494
35504,3,-0.286071465551359
35515,3,-2.240675187646602
35523,3,-3.2338207248027757
35524,3,-4.326876349978605
35527,3,-2.155560817062181
35530,3,-3.390001950417407
35532,3,-2.174753708459079
35533,3,-1.1919716177759199
35538,3,-2.015899175787787
35542,3,-3.032297788801614
35557,3,-2.155560817062181
35559,3,-2.564150139901038
35562,3,-3.0593215140288024
35569,3,-4.172830492796898
35577,3,-4.261374873875873
35580,3,-1.9134189556110357
35586,3,-0.055627506467743615
35590,3,-0.6259003970835835
35598,3,-0.11298960002000769
35605,3,-2.9718371688413825
35609,3,-2.15182112674308
35614,3,-2.812387282502307
35620,3,4.103753203488118
35621,3,-2.237829959890405
35624,3,-2.2841204045686894
35628,3,-3.2054122257343636
35637,3,-2.5533268924786015
35639,3,-2.353065463579398
35640,3,-2.372258354976296
35642,3,-2.264011926986697
35644,3,-3.0405365112175744
35645,3,-2.1753646354883927
35646,3,-0.33503846446269847
35663,3,-3.2262197682831797
35666,3,-1.4043222792043508
35667,3,-0.18165443609407816
35674,3,-2.5721635781463377
35678,3,0.5321714777828248
35684,3,-0.9643781686562036
35694,3,-1.7659473520035078
35698,3,-3.1701707716881415
35705,3,-2.1950762879140058
35710,3,-3.481219162181567
35715,3,-0.8234932006822362
35722,3,-4.170259577199907
35725,3,-2.6108596774618036
35729,3,-2.161239508307766
35735,3,-1.6780408100731918
35743,3,-0.5643458659969269
35750,3,-3.1489876211420906
35760,3,-4.468621292727519
35768,3,-3.455211467334088
35774,3,-2.679431344726879
35775,3,-1.9421331433822218
35778,3,-3.481219162181567
35779,3,-1.9628883288449614
35781,3,-1.5710229820441555
35788,3,-1.7844248092211572
35795,3,-3.8457301407239086
35798,3,-1.94188412508381
35801,3,-1.7745282985611155
35802,3,-2.710106480589758
35805,3,-2.2602722366676034
35808,3,-1.4634529236886635
35824,3,-3.8384741815544174
35831,3,-1.1001472211918326
35837,3,0.68693074941676
35841,3,-1.9857438360149757
35842,3,-0.29531653686347425
35843,3,-2.1164498164922705
35854,3,-1.0459992769183941
35855,3,-0.24656986653276647
35860,3,-3.267828901000513
35864,3,-1.7550630151338353
35887,3,-2.0551313079914095
35889,3,-3.6180584983288213
35893,3,-1.6685918196166654
35896,3,-2.171133716864432
35898,3,-1.8263056049468034
35910,3,0.8551486783751443
35913,3,-2.5984132875415753
35925,3,-0.9772949537582889
35938,3,-1.8012749831293888
35945,3,-0.9851774926505357
35947,3,-2.429019957059495
35956,3,-2.4365017795166395
35957,3,-2.455434966317405
35965,3,-1.9015889119364857
35970,3,-1.8114806870185376
35971,3,5.955745707539634
35978,3,-3.6725294882990838
35981,3,-1.7461253544931736
35983,3,-3.2848158623630965
35985,3,-0.343195827864605
35996,3,0.42223118307629903
35999,3,6.825897038166261
36003,3,-1.968769323487166
36015,3,-0.8102426700420438
36024,3,-3.608981455399629
36026,3,6.245895673000419
36039,3,-1.9599282795568058
36044,3,-0.4535072892150964
36046,3,0.12029387642454026
36047,3,-0.46728950195559804
36053,3,0.4832069512301089
36058,3,-1.8010822412869274
36060,3,0.29889452611003975
36071,3,-1.6637375963720586
36073,3,-3.330403532493925
36081,3,-3.1901247147641456
36082,3,0.9797942220960962
36085,3,-0.8413390575326858
36089,3,6.190096885627305
36090,3,-2.9355861295207006
36093,3,-4.084576082828235
36095,3,-2.08314986278085
36099,3,-1.676629439408437
36104,3,0.3137800731517899
36107,3,2.3119095235838145
36115,3,-1.7567262620855786
36123,3,4.450407406366338
36125,3,-2.2535875013016167
36137,3,-3.1566006051883733
36139,3,3.720589353506263
36143,3,-0.41036380475914314
36144,3,-4.142797013571084
36145,3,-0.08012894514230595
36146,3,-0.17026585234774672
36159,3,-2.6799399486853517
36173,3,-1.9095913638869035
36192,3,-2.9912020631110607
36207,3,-2.145272323207088
36213,3,-2.317133335769796
36214,3,5.882392922915905
36217,3,-1.7550997145889227
36219,3,-3.273351649442475
36228,3,0.7525634939432635
36230,3,1.0700946620763077
36238,3,1.4384593429267198
36246,3,2.1646050596541997
36247,3,3.7421822156723366
36252,3,1.0122242781534965
36261,3,2.0753468411265743
36264,3,2.8271252754032616
36268,3,1.151342053974858
36273,3,1.504498455062155
36292,3,8.33914535554024
36295,3,10.098785245214636
36297,3,1.972530589336003
36302,3,1.7106393069336505
36303,3,1.0314171695503944
36314,3,1.6381046712286391
36318,3,-0.018994361558156925
36321,3,9.201939106996157
36328,3,1.7146605788235973
36331,3,1.8236054894092746
36333,3,0.14279900108009969
36339,3,2.4924745647245885
36344,3,3.008552057081083
36347,3,0.6511345029775626
36348,3,2.780931388542612
36349,3,1.5631048866476718
36354,3,3.3299452753799628
36362,3,1.345601892381545
36369,3,2.5937634039229494
36377,3,2.340713165450964
36380,3,1.3465356161374658
36385,3,1.5639548930379945
36390,3,6.174379038592768
36392,3,0.969481753961098
36395,3,1.94882587170666
36396,3,1.8352848506546025
36400,3,0.9970558377126792
36405,3,1.2371507824570216
36414,3,9.679907779075918
36416,3,4.394613436774712
36425,3,2.116369024453853
36429,3,1.2643032623007997
36430,3,3.474346391194409
36434,3,1.0863671004460045
36441,3,1.8236054894092746
36445,3,1.6581590932401156
36446,3,1.2318066458563734
36448,3,0.9379613437813674
36450,3,3.1346013157959547
36454,3,3.916644764694965
36455,3,2.7680943521066936
36459,3,1.0387329931662421
36483,3,1.8082608867225503
36490,3,0.864364791436131
36491,3,2.869727070731564
36496,3,3.3180211278559213
36502,3,1.1189660960955692
36513,3,1.446473396560151
36523,3,2.788924467378351
36524,3,2.259985953412027
36532,3,2.7678364101999477
36536,3,3.3663143415975654
36537,3,2.1555050536306624
36556,3,0.2291538796880772
36559,3,0.3086383457584816
36560,3,1.3706854192404023
36567,3,2.58369164535673
36570,3,4.588969689828744
36576,3,3.3471214502006674
36597,3,1.9328693546933309
36610,3,0.6217169040476875
36613,3,3.2504115723645697
36617,3,2.751748139114298
36619,3,1.7790371140249945
36629,3,1.714480491575543
36634,3,1.4257803602886483
36635,3,1.4292782927357734
36638,3,1.276127480259035
36640,3,3.6399468560883363
36644,3,1.7476710607216077
36646,3,0.1555858743305194
36655,3,1.308956935749876
36669,3,-0.9050791283360624
36672,3,8.70793922373992
36673,3,3.40912052594593
36675,3,1.2468166866073744
36682,3,1.4656095493678691
36689,3,1.1034043381584198
36711,3,1.6706661537137748
36712,3,1.4694015232278872
36714,3,2.429144706982129
36715,3,1.2293944264357606
36732,3,1.7935203516196125
36737,3,0.12959547748465639
36738,3,8.626600095133739
36749,3,1.7159654643405844
36754,3,1.7561498570503105
36755,3,1.9956083796527437
36762,3,2.1439187029123943
36763,3,2.4230814250115813
36764,3,3.8169337948249904
36782,3,0.5652812413472788
36785,3,1.4117150967857413
36789,3,1.6236217744371118
36794,3,2.413319072828905
36796,3,0.8854838100059226
36803,3,3.890491380217334
36811,3,8.838500506291616
36824,3,3.890491380217334
36826,3,1.2351542128902508
36834,3,3.881257439501624
36837,3,1.405268773780648
36844,3,3.871298488820443
36848,3,1.0081927043879375
36849,3,1.1726659641944508
36866,3,2.7921928215851253
36871,3,1.2088701797636148
36874,3,4.2258146872691285
36875,3,3.5457778006849097
36892,3,2.5446317583256146
36899,3,0.8951802687238057
36904,3,1.8538269306336232
36908,3,1.2727583045324025
36909,3,8.39049627896705
36915,3,-0.6796359771731488
36922,3,3.301153632562098
36926,3,9.272004434126892
36928,3,1.4457238631902456
36946,3,4.248358786030693
36953,3,2.988873317601353
36954,3,3.1674557935386005
36957,3,6.792528970245598
36959,3,3.447770613888636
36963,3,5.181008360183448
36969,3,2.951184155473399
36970,3,5.2498778765303555
36975,3,3.32029348697705
36994,3,3.6318098409477244
36996,3,1.3061158601448497
36997,3,3.765249830333964
37000,3,2.195376351009152
37002,3,4.551684626092978
37003,3,2.4630905159915955
37013,3,4.986200890735276
37014,3,3.1269675389880973
37016,3,2.9112121837808544
37023,3,7.247607794520611
37026,3,12.424451026897309
37030,3,3.7133583756162665
37032,3,2.266994659842048
37056,3,6.868423263721894
37070,3,11.019180081394367
37087,3,3.7534607769660226
37089,3,2.4469000225970206
37094,3,3.829428334474642
37095,3,3.5932927138915147
37101,3,4.0911624384303735
37106,3,6.482880837663998
37111,3,2.8751254606219945
37124,3,12.439502870950484
37132,3,7.099455057932111
37139,3,7.1107654104367555
37150,3,3.5970245120953237
37175,3,5.545602151313538
37178,3,11.83518621016242
37191,3,11.678658068763589
37193,3,8.304434115403993
37195,3,6.444915052981415
37208,3,4.7402699603535865
37213,3,8.347262641539544
37217,3,4.915838488210312
37220,3,6.054579106669422
37221,3,4.985534806600349
37224,3,4.1741322571672725
37230,3,11.77673764530418
37233,3,4.35325791708874
37262,3,4.837890622187331
37270,3,4.56500371023629
37292,3,11.604879338536783
37305,3,6.431499967228675
37312,3,12.018829809375973
37313,3,6.427104416722798
37314,3,5.269596191487352
37317,3,7.258862816220713
37319,3,4.257751771028133
37323,3,11.73848288872837
37340,3,5.17992443654375
37352,3,7.646560064163616
37367,3,12.92714702226965
37369,3,6.9257165348398075
37380,3,6.605791595271299
37387,3,6.00187843804855
37390,3,4.371118741384322
37401,3,5.992223825194998
37404,3,6.704600979553426
37408,3,6.738746240600619
37409,3,12.313050112792538
37413,3,5.342070228398491
37416,3,3.88241652995292
37419,3,7.048837627868863
37426,3,4.7182549879169216
37439,3,11.82645517821323
37447,3,6.213040544591031
37452,3,12.251825450555906
37454,3,6.431606920031619
37456,3,4.470387011150464
37462,3,4.89652938779826
37472,3,6.285424991162721
37475,3,3.896388369473378
37480,3,6.641821750566933
37485,3,4.82646406066754
37503,3,13.032681803247634
37505,3,8.0189236806305
37510,3,3.6735998813440034
37511,3,5.5139260523696905
37518,3,11.71831835291443
37519,3,3.465003460491687
37529,3,5.929352599953887
37534,3,5.443664588200797
37535,3,11.500922332404258
37538,3,3.012810413089724
37539,3,8.47577672858062
37543,3,4.448329634722974
37550,3,4.38999238835158
37559,3,4.671326774391169
37561,3,8.87573110304924
37566,3,13.429501473392314
37579,3,8.757707435325464
37580,3,4.709752820204763
37618,3,6.287224748106524
37620,3,10.9066781577299
37623,3,4.5080631495665315
37625,3,12.161706514752801
37629,3,5.643792692965178
37641,3,5.197816796387215
37643,3,12.541837300364307
37648,3,11.89636195806763
37654,3,7.461862751026892
37655,3,6.690748058851568
37659,3,4.957967170969567
37670,3,5.326464767848634
37691,3,12.507009969666555
37693,3,13.475597301842406
37697,3,4.682721820151535
37702,3,5.381389456339662
37704,3,11.758819939725498
37711,3,6.659296498899636
37727,3,5.0399730752752845
37728,3,7.384233597309155
37729,3,12.424228095626958
37741,3,6.647194798598697
37742,3,5.719563062220082
37758,3,12.01471482692559
37764,3,14.563187357217863
37778,3,4.301531096922666
37780,3,8.297977576231801
37799,3,4.632454620419914
37808,3,11.606877313682524
37813,3,3.991249400339761
37820,3,6.338666436010868
37824,3,5.69250380799847
37833,3,8.139221403396299
37834,3,12.472513352848502
37835,3,4.825607386466238
37836,3,5.187649443476552
37845,3,11.178539306160687
37846,3,8.330012467958973
37852,3,7.016212040626655
37873,3,6.249690316676144
37878,3,6.660571009222409
37881,3,4.504189265104209
37897,3,7.521861225459858
37903,3,7.173399010784507
37906,3,6.05829792302859
37921,3,6.9385690881747735
37948,3,5.644752809314838
37966,3,7.191988090348268
37980,3,14.141183411244391
37981,3,7.077674393675807
37983,3,6.9776080932707245
37999,3,8.675441267140776
38001,3,7.714070615093085
38012,3,5.757407173904703
38016,3,8.702938219260844
38052,3,10.808675182209392
38065,3,8.991509934241364
38076,3,12.732736985238525
38091,3,14.160390591971485
38103,3,7.0198607747629325
38116,3,6.950515597401484
38117,3,14.684702801182631
38120,3,8.79796441944714
38129,3,8.803136299175982
38130,3,9.318107832472919
38135,3,6.863711168643498
38139,3,7.923732367559133
38149,3,6.789049647547003
38150,3,8.107792660221776
38152,3,9.35653474090941
38161,3,9.124744878309237
38162,3,8.240230712595597
38164,3,9.087460091547825
38174,3,8.845123720042018
38181,3,8.412457912227154
38188,3,7.504664570891187
38193,3,8.723466173955075
38194,3,8.742825581512328
38201,3,9.105587317113084
38226,3,7.292858836309797
38227,3,6.145971565817057
38235,3,7.124243317193404
38237,3,7.380019027170228
38240,3,7.380019027170228
38245,3,12.206223000100806
38252,3,10.628436485956222
38253,3,9.723423924445278
38255,3,8.275413055810802
38256,3,11.323312469825943
38259,3,7.499882517350336
38272,3,8.455934243872278
38277,3,7.855965192449361
38288,3,9.21286360083647
38294,3,7.047758151821249
38295,3,5.912138593549656
38309,3,10.7351945604781
38313,3,9.469529762292723
38318,3,10.774050926511912
38336,3,7.246185409994318
38342,3,13.612495517042767
38343,3,8.327201174741568
38347,3,11.813113365310272
38353,3,8.166204584470464
38354,3,14.675870511569308
38356,3,9.040298597266101
38367,3,7.350692261640859
38369,3,7.331499370243968
38374,3,6.583924299631114
38378,3,7.757256364310379
38384,3,7.459261323364011
38406,3,9.042499184552156
38408,3,8.604616020963526
38409,3,9.611391612420348
38411,3,14.371688768017407
38414,3,14.391400410127076
38417,3,7.246068254690499
38419,3,13.497594755221755
38429,3,6.602784444230295
38433,3,7.850838982015766
38442,3,14.403943347287921
38443,3,9.640350052337325
38450,3,9.857746072847497
38463,3,6.367208773642645
38473,3,11.135847228137855
38494,3,7.098543021337896
38496,3,13.09525320964233
38498,3,9.256744557124449
38507,3,7.074784594408804
38509,3,8.735030978340475
38512,3,15.54191444996318
38519,3,7.782574670137791
38520,3,7.279882629470023
38532,3,6.525947058101892
38540,3,7.8513261756837665
38541,3,9.346559100781128
38548,3,8.808332679854765
38563,3,8.775669547249997
38590,3,6.321259573744896
38603,3,7.271449830978121
38617,3,4.714603697064199
38620,3,12.401503480999331
38626,3,9.241792947600935
38628,3,4.1505322963997315
38631,3,5.594002507644525
38641,3,7.388581844547517
38642,3,5.687626056751164
38660,3,4.393043693145536
38663,3,4.1895701845139754
38667,3,12.740148391157796
38669,3,7.1363144297610575
38672,3,5.755596330537749
38687,3,12.929416351253494
38691,3,7.6900982400581555
38692,3,13.00319639584832
38697,3,7.095138569596607
38701,3,4.2898670457446855
38704,3,7.084569857380991
38718,3,12.46938742263709
38732,3,7.517128688462307
38737,3,7.023874395676877
38747,3,9.377465060975041
38751,3,6.47563682190701
38754,3,13.154843063154594
38756,3,11.485194898757186
38760,3,11.533419898992733
38762,3,10.071423433076504
38767,3,9.369481662540217
38768,3,4.982917427044761
38773,3,8.270859753085858
38778,3,4.979093715193244
38780,3,13.044116122400297
38784,3,7.166903880981849
38785,3,5.326577709956155
38787,3,4.5044633802444665
38800,3,12.790341663707146
38805,3,11.520812200584118
38814,3,4.523557559954305
38827,3,10.539971680575768
38833,3,12.330062033507069
38844,3,5.582539645137537
38858,3,6.761312377736012
38861,3,7.496385251478323
38868,3,6.84241323286173
38880,3,7.021740644606332
38884,3,8.513158000733128
38890,3,6.828677558345049
38899,3,7.024821042924074
38915,3,13.95042832271502
38935,3,7.491058264425739
38944,3,6.632692160327217
38953,3,4.720978201260806
38958,3,7.6062012004544215
38959,3,7.206974517937191
38973,3,14.699736783089946
38974,3,13.285297111585017
38975,3,6.358093828143183
38977,3,16.94682612053836
38980,3,9.160730550651898
38990,3,6.5567730756734335
38998,3,14.186665235480149
39005,3,9.200321786951896
39006,3,7.3117902326275725
39009,3,7.685361549326522
39015,3,6.614760340489497
39024,3,6.481983611507161
39035,3,14.076325455058608
39052,3,8.895319758729045
39056,3,8.200650755893811
39073,3,8.714291489938581
39075,3,9.416479288463108
39088,3,8.484016420281371
39089,3,7.42771195876297
39095,3,14.434073280287905
39098,3,5.703366880444605
39112,3,7.0568534885766
39142,3,4.876964296850431
39145,3,3.9710028437300693
39146,3,5.663794826489237
39151,3,11.465100575581161
39152,3,11.551572290241467
39170,3,6.244768396386
39188,3,4.332794231331022
39207,3,9.145151056430862
39210,3,4.273311209394485
39217,3,7.985538183612093
39225,3,12.098295646705573
39232,3,6.116528232834405
39234,3,4.159567889193731
39236,3,6.772577515279991
39256,3,11.284809199650638
39292,3,10.90433276283207
39312,3,4.805744900094609
39314,3,12.072551153977507
39327,3,5.204052539419109
39350,3,4.381034423736146
39351,3,4.025370359969102
39354,3,4.870800865939216
39366,3,6.20313823978227
39368,3,6.382148477498674
39369,3,6.46224495953463
39371,3,6.5484624248923495
39382,3,4.660900930410314
39385,3,10.960690951902542
39394,3,13.126181076292646
39399,3,10.148931793123623
39403,3,6.039495330286627
39404,3,4.195415045435858
39422,3,7.167291651260882
39425,3,7.587821847577665
39428,3,13.411224355983634
39466,3,6.859933539537963
39473,3,11.529593657368466
39476,3,12.137407508544705
39485,3,6.464024446425789
39487,3,5.9089957338353045
39491,3,13.107972509958813
39506,3,6.767550789266743
39508,3,5.024159478485707
39522,3,6.799867692143238
39526,3,6.15273316695572
39531,3,6.3768272407154925
39533,3,6.244086336042621
39536,3,8.275595140199918
39541,3,5.7123537554219155
39542,3,4.952825908888968
39546,3,6.7884356050116565
39561,3,7.173273704587366
39566,3,7.778879858522409
39571,3,8.452805820278662
39588,3,15.167055717439972
39591,3,15.186248608836863
39593,3,9.175421799307223
39602,3,7.33700974612173
39617,3,6.172854596587847
39620,3,7.313765990884043
39623,3,13.030301568777382
39626,3,15.422964299815732
39628,3,4.46769480894644
39678,3,7.565898532146676
39685,3,13.060190481052736
39686,3,5.853194288090471
39691,3,5.736259864856592
39697,3,14.659158094069333
39708,3,14.986943683523613
39710,3,7.373691187742416
39718,3,6.61337454780076
39724,3,9.0556735815303
39725,3,7.63093621220073
39732,3,4.907627613157146
39752,3,7.373169952283924
39757,3,6.23945984947882
39761,3,8.217868784377643
39766,3,7.7539531465428695
39767,3,5.804844795317187
39768,3,7.74607060765063
39771,3,11.875046087517042
39774,3,7.662433584703393
39775,3,5.98060824914009
39776,3,5.90762319718754
39782,3,5.76264009297423
39788,3,8.068311518367295
39790,3,3.8913450474522975
39795,3,4.8874080348422595
39811,3,11.086916356324892
39818,3,3.494851254162903
39819,3,4.128078126211179
39827,3,12.159144157786727
39830,3,12.966863678316471
39836,3,5.852040961745551
39845,3,13.424706818199866
39852,3,12.420573475662401
39853,3,4.878091169462046
39855,3,5.361003450442908
39864,3,7.356715356838109
39867,3,12.520158900005335
39873,3,11.123095619667907
39874,3,12.2262444127431
39883,3,13.156397923482352
39886,3,3.6551895462990487
39887,3,7.611512139876943
39893,3,13.45768844720424
39900,3,4.6373607835327775
39913,3,9.528033332595783
39917,3,4.866274791693087
39918,3,10.998881553021803
39925,3,4.84092015058112
39930,3,6.126216504764571
39931,3,5.463453882393203
39948,3,5.527705630295458
39956,3,6.762337531703388
39976,3,13.997378793060214
39986,3,5.518479625344895
39995,3,5.951119226108929
40001,3,4.78678847766799
40005,3,6.72845481753005
40010,3,3.838243965739352
40018,3,1.6733319533323368
40027,3,5.809281482325218
40039,3,3.650744374388502
40043,3,4.496500463594138
40048,3,9.949494691107105
40054,3,3.729586179986505
40056,3,1.241381925995718
40090,3,4.454118994556637
40093,3,6.174189902492017
40098,3,5.895386231110905
40106,3,2.757973610527735
40107,3,4.931708412656981
40122,3,5.469462584362887
40130,3,1.6981207133941751
40132,3,10.627469131071848
40134,3,8.361698717885368
40153,3,9.697710624646085
40162,3,3.521649351766051
40168,3,9.932309619825723
40171,3,11.883415354113325
40177,3,11.163651065667608
40183,3,10.661053563244316
40189,3,3.772678555091943
40190,3,4.197871678760322
40192,3,10.616114081503063
40194,3,4.600138815167462
40201,3,11.725759328494355
40209,3,2.9343681680822087
40211,3,1.2133150485403519
40215,3,4.506974705955749
40219,3,4.473175650658099
40221,3,10.643866158458394
40223,3,11.097475799066736
40227,3,2.799725317233147
40229,3,10.068768808744295
40239,3,3.490460382436055
40243,3,10.511208215483734
40244,3,5.270149802788978
40255,3,2.49254675139111
40261,3,10.830874862862103
40272,3,10.085608755765257
40275,3,9.631907408340865
40284,3,9.78543753572528
40291,3,11.70689228960098
40292,3,3.897115748054702
40294,3,9.85191097619645
40297,3,5.670023775491032
40298,3,9.472858899896288
40301,3,9.453666008499397
40304,3,3.090656113123117
40309,3,10.174710427808336
40311,3,3.497631031900916
40319,3,3.1083541814134747
40321,3,6.9027253872680845
40323,3,5.636048484279719
40327,3,5.622926102714622
40339,3,7.552510492267935
40340,3,6.546883405322838
40363,3,5.206325217577422
40376,3,13.860245111597983
40377,3,10.299229938990543
40382,3,13.27006868949934
40384,3,11.263005537341144
40389,3,13.619900301919472
40398,3,12.099374898491284
40412,3,10.21022831209023
40420,3,9.70599224232695
40429,3,4.473993420195789
40430,3,6.007882423556737
40431,3,6.525996031289019
40437,3,4.662619878539871
40438,3,8.814802696911933
40451,3,9.912806896645684
40455,3,5.640491586116596
40465,3,12.28475264542324
40466,3,14.747481785719458
40470,3,13.926699595233721
40472,3,12.440997615245948
40481,3,6.323806099581766
40492,3,11.250402837675502
40509,3,5.588972870898957
40510,3,11.965936712135942
40511,3,6.717765024073145
40514,3,13.453013353087485
40516,3,3.7416789925008658
40520,3,11.684038870098611
40529,3,8.063003523713967
40530,3,4.644864542405124
40545,3,7.47330422699072
40561,3,9.728294812511123
40564,3,6.577233454450898
40573,3,16.348976959747198
40576,3,7.331647462467338
40588,3,7.717842311948516
40589,3,14.171735813318996
40591,3,11.000671404352616
40596,3,14.780892623571532
40599,3,8.674697470907667
40601,3,15.011855429974851
40610,3,14.565817438705714
40618,3,6.306115284853476
40626,3,8.708821195881185
40641,3,9.112310227370308
40661,3,16.402728827073673
40665,3,6.73873567804435
40673,3,5.972162588989882
40674,3,15.430319292498268
40675,3,15.430319292498268
40695,3,6.930354269070307
40705,3,5.269603708248887
40710,3,9.404743599973116
40718,3,15.358940694669144
40723,3,14.169110795084599
40726,3,15.709515075630733
40729,3,6.8546803593335355
40747,3,14.490702723896852
40751,3,7.413964398879926
40756,3,8.809889409627296
40759,3,15.535306496463846
40761,3,7.237194847194608
40766,3,14.423652615690791
40768,3,8.19632781886014
40771,3,9.857643752169437
40782,3,9.239091051425241
40783,3,6.9818886411781165
40791,3,15.39477204829241
40796,3,9.717590412246913
40809,3,6.255397767141858
40810,3,9.172036142469565
40819,3,14.322762841971077
40820,3,9.634875615337599
40823,3,7.304744525414144
40832,3,16.107099392176437
40837,3,13.49734609191777
40842,3,10.862723015964654
40846,3,8.293865196437743
40851,3,14.20952698186295
40854,3,14.229011582991966
40859,3,8.013417466422602
40860,3,8.032610357819493
40866,3,12.547669332761714
40867,3,5.441241710831704
40871,3,7.004741107404499
40873,3,4.482083327090635
40887,3,5.045396916301051
40890,3,7.198646022629468
40897,3,7.489905313138621
40910,3,11.004485194588199
40911,3,5.658680042690591
40926,3,3.9119882875088337
40933,3,7.37624809478438
40935,3,9.12174274762674
40940,3,11.691512952551449
40968,3,14.236426888257434
40970,3,13.878180124275758
40974,3,7.749301071026821
40978,3,5.640089487720104
40985,3,5.6915788794909545
40987,3,7.392220821392627
40996,3,9.124872375727719
41005,3,13.591695894724815
41009,3,13.286681262435835
41012,3,13.658888018819873
41013,3,12.173177966045749
41015,3,8.004712240257824
41023,3,5.35262210198411
41026,3,14.276972559754448
41030,3,12.020911735628331
41035,3,11.26215921400992
41039,3,3.9031476163001813
41044,3,12.058788261899295
41054,3,5.969257255382296
41057,3,11.659784360983188
41063,3,9.249082093764777
41067,3,4.275390830230791
41077,3,8.26963346286498
41083,3,7.890591036338442
41098,3,11.24112080880662
41125,3,2.284661956003376
41128,3,2.472909593467847
41150,3,2.785019617532498
41156,3,1.7060830705892727
41160,3,2.5597102029260625
41162,3,9.410675021980502
41170,3,5.389275139875174
41178,3,11.22054997066757
41179,3,5.1389604598845295
41185,3,5.515350570013339
41186,3,3.315839753217844
0,4,-9.592222462608717
5,4,-12.185879815900314
27,4,-11.820628580631954
33,4,-11.177292389716854
35,4,-10.34578963759617
38,4,-9.991317936604283
49,4,-11.388304498689806
57,4,-11.74625056657247
58,4,-10.243606701166584
61,4,-11.137506805932098
87,4,-10.012269762858878
92,4,-10.091524219083198
93,4,-10.3363815448647
97,4,-10.815856997311194
98,4,-10.057942713411741
103,4,-9.875911692990563
107,4,-10.278160011061814
116,4,-9.9592291636623
119,4,-11.908179088708039
131,4,-11.414039010068521
132,4,-10.53266126705794
135,4,-10.172831255279497
144,4,-11.249628509934304
147,4,-9.840737023544996
157,4,-11.403532265596475
163,4,-12.564815502286116
165,4,-10.977384097333704
171,4,-11.775682285487278
193,4,-10.356778865873736
200,4,-10.61883589843682
217,4,-9.772677830400426
218,4,-11.298871207716694
224,4,-10.864368851634651
230,4,-10.224894663259214
233,4,-11.210379083248412
237,4,-10.37656592736569
242,4,-9.78130792568082
248,4,-10.675927679186564
249,4,-10.181412910919995
253,4,-10.576535388189036
261,4,-9.895604861328401
262,4,-10.539031474478847
272,4,-11.651337989006777
277,4,-11.105518176456378
280,4,-11.350000534747387
281,4,-9.765020243169644
284,4,-11.431576413145756
291,4,-10.136380304213269
295,4,-10.546167224299758
297,4,-10.012589931784973
298,4,-11.079856494367625
300,4,-11.51656666024229
302,4,-9.466781850039581
307,4,-9.698659534147815
311,4,-8.833475948360409
326,4,-8.914645635620886
340,4,-10.550813505311666
350,4,-12.435034343937836
355,4,-9.931665521458427
362,4,-10.644609514773379
366,4,-10.460076340705015
374,4,-10.866431715816546
377,4,-9.61940744196469
389,4,-10.802512898207205
390,4,-9.151481327980811
391,4,-11.186616816056613
402,4,-11.590279473418676
408,4,-10.959028591814516
417,4,-11.201843020173428
419,4,-9.461822291013789
459,4,-11.283842526285603
460,4,-11.251006311843376
461,4,-10.75180024683867
462,4,-9.999467662545683
468,4,-10.053742326585919
471,4,-10.312853524278161
472,4,-10.03001956715186
479,4,-11.019527184392004
480,4,-11.10279992643946
482,4,-9.462091793035285
512,4,-10.050175738241222
517,4,-10.900925572081952
520,4,-11.613434489076084
528,4,-10.20745113745756
530,4,-10.31072808783
536,4,-9.88071116352112
539,4,-9.89616105014489
547,4,-10.39776650630671
548,4,-9.314922530842708
549,4,-11.663995102712015
550,4,-9.702724912636427
552,4,-11.091396302655347
555,4,-10.5518762103207
556,4,-11.289133906223107
562,4,-11.020052763500637
571,4,-10.370456657068587
591,4,-10.099877589076506
594,4,-10.231899125216835
598,4,-9.953883998073344
607,4,-11.912195757219862
609,4,-10.671393116934063
625,4,-11.273636287176906
635,4,-10.080477724327508
639,4,-9.97849885008587
647,4,-10.927357574373218
660,4,-9.539326066017239
671,4,-11.444111779557964
672,4,-10.308854745711713
681,4,-11.366217922864507
683,4,-11.141077700388045
691,4,-9.543087956275649
693,4,-11.776952058793242
695,4,-11.839744396796242
696,4,-12.035909475285067
704,4,-9.526703714323425
708,4,-11.248800050032344
715,4,-10.91633558146524
725,4,-10.91633558146524
737,4,-10.17773496443857
766,4,-9.797955681538468
774,4,-10.598777156330769
782,4,-10.087163224569345
785,4,-9.75413867764928
791,4,-10.460138079519353
802,4,-9.944254618243995
803,4,-9.730351748526147
808,4,-8.758447484290343
811,4,-10.506810858748103
816,4,-10.358225670451056
818,4,-10.81345019594152
825,4,-9.957855216580889
831,4,-10.208614265685128
833,4,-9.939475514640108
834,4,-11.904333788991792
843,4,-10.124838052522172
847,4,-9.199919926796518
853,4,-11.554519321079681
855,4,-9.747582626975763
859,4,-9.837957206865944
860,4,-9.835917827335571
874,4,-9.57875733501001
900,4,-9.806343324230177
902,4,-11.949347295721118
903,4,-8.910622894478372
904,4,-11.037908167815793
907,4,-11.284019187045608
908,4,-9.61115541130038
926,4,-10.022792985311852
928,4,-10.87143914979982
931,4,-9.106253150240128
945,4,-10.654583515187355
947,4,-12.391731522862258
955,4,-9.677564356951962
956,4,-10.250814776638919
964,4,-10.364330017020727
970,4,-10.796908262585198
981,4,-9.749062921325049
982,4,-9.912957078915383
986,4,-10.527460051023311
999,4,-9.88421338218452
1013,4,-9.964734701151777
1018,4,-9.434270180813336
1019,4,-11.047705955342899
1022,4,-10.361901137942539
1023,4,-10.310495229091579
1024,4,-11.11774538419791
1029,4,-10.022792985311852
1051,4,-11.85393433846992
1055,4,-10.546644905618884
1059,4,-10.295930514923313
1061,4,-11.064620712905878
1066,4,-9.820294564575178
1068,4,-11.127409460783724
1076,4,-9.233313643093872
1083,4,-9.653056451972773
1086,4,-10.062237853899894
1107,4,-9.512034263151193
1122,4,-10.864033086591881
1127,4,-11.007226022782191
1132,4,-11.726661672779315
1133,4,-11.884089855186915
1143,4,-10.297982320333197
1145,4,-8.933096866788517
1148,4,-12.02717244213143
1170,4,-9.487413265985005
1171,4,-9.622656964411632
1173,4,-8.994068615332296
1179,4,-11.049042831580174
1180,4,-11.202188025598552
1184,4,-9.833947464102657
1187,4,-10.973011766404596
1189,4,-10.814291308226188
1197,4,-10.233113371846073
1198,4,-10.837768067977962
1209,4,-10.267921851153297
1213,4,-9.961030300390313
1221,4,-10.566421701561659
1238,4,-11.826543744275803
1242,4,-10.939522463343522
1255,4,-11.626352630174082
1258,4,-10.115467595975709
1271,4,-10.440247788537143
1273,4,-9.102804622672856
1281,4,-9.533608238539571
1282,4,-9.954148242012003
1283,4,-11.423907968083654
1287,4,-10.888344396299281
1302,4,-9.978890789805064
1306,4,-11.107610392890223
1310,4,-9.428395406768168
1316,4,-10.080736252609704
1324,4,-10.072952374645872
1325,4,-10.218693135564557
1332,4,-9.661394482773318
1338,4,-9.663307290956048
1350,4,-9.697962595937014
1353,4,-9.095867467644709
1361,4,-10.080495284255719
1362,4,-11.514332601019781
1380,4,-11.442873971099914
1394,4,-10.685745948399287
1400,4,-11.618946566966144
1409,4,-10.70027325782619
1412,4,-9.940384535641755
1416,4,-11.007228079745872
1417,4,-10.353048048331374
1444,4,-10.160907871734608
1445,4,-10.479948488473305
1447,4,-11.240491989540963
1448,4,-8.967507030815135
1465,4,-10.420344397232064
1471,4,-10.582943301694513
1473,4,-9.545764825599989
1474,4,-10.988821221506925
1475,4,-9.603618540654267
1479,4,-10.5572995416343
1481,4,-9.97942337483012
1490,4,-11.8473525425077
1494,4,-9.924670997982325
1495,4,-10.192414997931273
1511,4,-11.881386430317534
1523,4,-9.71234518798579
1536,4,-10.398911703741952
1541,4,-11.702264037637875
1544,4,-10.379528360069308
1548,4,-9.250023307935685
1552,4,-9.324273443186264
1553,4,-12.279152468561428
1566,4,-9.792682258166444
1578,4,-8.961373940691658
1586,4,-11.730847417733457
1588,4,-9.953296474508555
1593,4,-9.429705169067311
1594,4,-10.560946697714911
1595,4,-10.460235948419694
1600,4,-9.986099383096018
1606,4,-10.794639701867759
1612,4,-11.882919025261195
1616,4,-10.691977183589408
1628,4,-10.560946697714911
1647,4,-10.644800536544821
1648,4,-10.708719354154162
1657,4,-9.083371369430502
1658,4,-10.482384673596876
1687,4,-10.613783374657459
1692,4,-11.239829159072784
1699,4,-10.583580573978715
1709,4,-10.299965195749728
1714,4,-9.791100250277971
1721,4,-10.914962919161347
1724,4,-9.242322658143308
1727,4,-9.825366972475166
1729,4,-9.30624147575265
1732,4,-10.156656599867489
1736,4,-11.438823175660943
1737,4,-10.583510400071631
1741,4,-9.794306256675313
1750,4,-9.204658522064967
1753,4,-9.43406718605084
1766,4,-10.074694608427357
1770,4,-9.72325119684227
1771,4,-10.06117901122466
1779,4,-10.985982001142872
1804,4,-10.198831287042594
1806,4,-9.388537642619454
1818,4,-10.435679806457514
1822,4,-9.075599652222223
1831,4,-10.318140093989186
1833,4,-9.808274516616088
1834,4,-9.623807577622365
1837,4,-11.677327727485796
1839,4,-10.153225452885394
1842,4,-10.583761375481082
1848,4,-10.290072683808951
1859,4,-9.833525484522703
1867,4,-9.570997178873128
1878,4,-9.102770022492905
1885,4,-10.939831288893835
1894,4,-9.852091520505276
1899,4,-10.631424057600782
1901,4,-9.971285187996884
1902,4,-10.685052047725236
1916,4,-10.694637222949346
1921,4,-9.738696654717607
1922,4,-11.80062285839439
1927,4,-10.061931460064258
1929,4,-10.414669360923533
1931,4,-9.41358906968869
1933,4,-12.176130016354271
1937,4,-11.586377247320058
1954,4,-12.121490604071163
1955,4,-7.52621726274301
1966,4,-10.885811955648684
1973,4,-11.00165424995474
1982,4,-10.13678581155154
1983,4,-12.164060925733992
1984,4,-10.77693338981615
1996,4,-11.22537331974246
2009,4,-12.348300848562324
2017,4,-11.584124301921321
2020,4,-9.449788327700311
2025,4,-10.197542144383476
2035,4,-11.318639540234656
2038,4,-10.56492634669145
2049,4,-10.731282405754733
2063,4,-10.593551993081846
2071,4,-11.245278548819314
2072,4,-11.022200705784641
2074,4,-11.792110152969336
2076,4,-9.463425072907896
2086,4,-10.20749077218278
2089,4,-12.060248484227309
2099,4,-12.055034271134879
2101,4,-10.145960288093313
2102,4,-10.02988496631071
2106,4,-11.385436767064697
2107,4,-9.580739912782036
2110,4,-10.103619504107414
2121,4,-10.133991970693401
2132,4,-8.060793023914272
2135,4,-10.8505261130937
2138,4,-10.635795347976469
2144,4,-10.882138659837196
2149,4,-12.034511417542546
2155,4,-9.333894737505815
2158,4,-10.558713575891481
2169,4,-10.274062745875149
2171,4,-9.897585465906289
2174,4,-11.329353631593996
2179,4,-11.427112637861605
2184,4,-11.333931049890154
2192,4,-11.764703615984928
2214,4,-11.940169443419492
2215,4,-10.298453759927796
2217,4,-11.90199911982144
2241,4,-12.537291467326668
2246,4,-11.285801317199265
2259,4,-11.973040460948305
2269,4,-10.17024386639153
2271,4,-10.908220335228073
2276,4,-9.822541156950905
2283,4,-8.805981174546133
2291,4,-10.199883351801013
2298,4,-10.62536411986305
2299,4,-10.199883351801013
2300,4,-10.03551304737735
2308,4,-10.207611826491501
2310,4,-10.039746846817657
2312,4,-10.915773333528946
2324,4,-10.206183202696323
2327,4,-7.813462050164524
2330,4,-10.688758573359067
2339,4,-11.006626251531948
2340,4,-11.623533651412778
2341,4,-10.915773333528946
2343,4,-10.915773333528946
2344,4,-10.987098214346226
2348,4,-10.272164837634577
2353,4,-11.110811932411437
2357,4,-11.05134218429368
2361,4,-10.135099290233029
2362,4,-10.566997002204097
2369,4,-9.822062047945273
2371,4,-10.090777978768962
2376,4,-10.667153658485645
2378,4,-11.185918215820813
2382,4,-10.237190041897328
2386,4,-10.111071727634943
2388,4,-10.728315421689999
2394,4,-9.720693208413799
2402,4,-11.316106654880052
2404,4,-11.506942306524728
2406,4,-11.070740837356084
2408,4,-11.110411874760864
2411,4,-9.315655009151229
2415,4,-10.873615979616574
2420,4,-11.830219629505798
2422,4,-10.790724935983917
2434,4,-11.023297909025132
2436,4,-9.463951285869136
2437,4,-7.9396596868442515
2452,4,-9.93643902273027
2462,4,-10.200726815814114
2472,4,-12.152860360572035
2480,4,-11.903401290739197
2491,4,-9.704207365955142
2492,4,-9.487625005146818
2498,4,-10.399516780118141
2509,4,-11.921461320876737
2510,4,-10.959398402272306
2515,4,-10.583956451743745
2517,4,-10.647875269353086
2543,4,-10.592182929849386
2546,4,-11.305677115076008
2555,4,-11.382370456514124
2558,4,-9.753883018674834
2564,4,-10.401145945750649
2565,4,-10.515503840975839
2568,4,-9.416550756018452
2584,4,-8.682502888672467
2594,4,-10.76784041870635
2605,4,-11.351102880697098
2612,4,-10.354556435686
2613,4,-11.525518125044265
2621,4,-12.145759220465287
2637,4,-10.620164898855627
2638,4,-10.434589178237879
2648,4,-10.256057440880824
2649,4,-10.982598052503903
2654,4,-10.212858303383506
2657,4,-12.078068961300716
2660,4,-12.027924056697714
2666,4,-10.30207538533572
2675,4,-10.21089803545415
2683,4,-10.180006085616021
2689,4,-10.61106588388526
2691,4,-9.90244341648473
2694,4,-10.674796017599348
2699,4,-11.137858905183215
2703,4,-11.80526238901271
2712,4,-11.113710091491356
2713,4,-10.342471632729186
2718,4,-10.988673135126731
2727,4,-12.005944072803182
2729,4,-10.15553524077447
2735,4,-11.923533500533182
2739,4,-10.972884050208272
2742,4,-11.526103028074402
2749,4,-9.050191044681647
2763,4,-10.302771529055548
2766,4,-10.798085848626421
2779,4,-8.676900317802243
2782,4,-9.930317750285042
2785,4,-10.972507335160913
2794,4,-11.312263561823336
2807,4,-10.67156747787655
2812,4,-11.273102603609843
2813,4,-9.828482543120096
2819,4,-11.244917887403595
2829,4,-9.87435098405895
2834,4,-10.589285472213419
2835,4,-8.96532311949813
2836,4,-10.29133278492133
2844,4,-11.28687069124053
2853,4,-10.921057182674147
2889,4,-10.10141480917249
2892,4,-11.739281692159864
2914,4,-11.265261191907548
2922,4,-10.489991369360503
2923,4,-9.70020223915401
2926,4,-8.162856184460615
2928,4,-9.460063155992422
2931,4,-11.209183786000501
2937,4,-9.875851642457981
2948,4,-11.118856726072451
2958,4,-11.201777722792556
2969,4,-11.232848796783315
2971,4,-10.901559169390993
2978,4,-10.988673135126731
2985,4,-11.210982173945702
2996,4,-10.507813181658058
3004,4,-10.332249091666135
3017,4,-10.108217124701525
3018,4,-11.303631157478755
3026,4,-10.713075674490781
3030,4,-8.263616334781887
3057,4,-8.459133290309595
3059,4,-10.245291809459026
3062,4,-11.93924255163644
3069,4,-9.822427931955652
3073,4,-11.8853154934259
3085,4,-12.380218466207829
3088,4,-10.429096100641338
3089,4,-10.04326046254085
3090,4,-10.563286343047288
3099,4,-10.088864359123711
3108,4,-11.137202781590418
3110,4,-11.088239889537554
3117,4,-11.213981054973729
3123,4,-10.121775779839908
3128,4,-10.788602961769627
3129,4,-10.00025207096514
3141,4,-9.977986165699896
3146,4,-9.993604988886254
3148,4,-9.535934066039253
3172,4,-10.693784429306255
3173,4,-9.15707881337162
3175,4,-10.295258311116918
3176,4,-10.316022192177861
3193,4,-11.01404275654459
3194,4,-9.636352925974755
3199,4,-10.331488344962303
3203,4,-11.575941386647635
3221,4,-10.517902645211151
3222,4,-10.17054073381236
3246,4,-11.84351384663865
3249,4,-11.429025267292644
3252,4,-10.55412526018769
3261,4,-11.276910818537331
3262,4,-9.447398628471007
3265,4,-8.222561598156119
3271,4,-10.123035398705255
3275,4,-11.382115985725179
3283,4,-10.501878863506704
3288,4,-12.249403596899405
3299,4,-8.794771080074419
3309,4,-10.484037882407414
3316,4,-9.482047102595722
3328,4,-11.017875894581834
3330,4,-9.706365502446722
3342,4,-9.875171272307412
3346,4,-10.745706414077553
3348,4,-8.514886391307002
3355,4,-10.042292389166889
3357,4,-10.8103737733285
3360,4,-10.402940293159716
3362,4,-11.260697558322853
3369,4,-9.906442520848486
3381,4,-11.081360404966667
3382,4,-9.50701872417202
3386,4,-9.903449385882737
3387,4,-10.959248797164584
3390,4,-11.491660417867855
3393,4,-10.111972848223544
3395,4,-10.950001169828184
3398,4,-11.720981018010868
3400,4,-11.647253130098406
3404,4,-9.50701872417202
3406,4,-9.794875787236407
3419,4,-11.023887562987781
3421,4,-9.73181681128851
3437,4,-9.927498659033617
3441,4,-10.727273583976931
3442,4,-9.657668398892561
3444,4,-10.085448334419937
3448,4,-10.212849088527207
3449,4,-9.378348471873508
3450,4,-9.15915012534505
3456,4,-9.659513292249777
3459,4,-12.361154706060901
3464,4,-9.608186575865155
3465,4,-9.917596747994267
3486,4,-9.710453078137277
3494,4,-11.07898813026744
3497,4,-9.158420754042602
3505,4,-9.974149815295839
3512,4,-11.5700261964719
3514,4,-10.859875538128648
3517,4,-10.85434564479678
3518,4,-10.702944588232334
3523,4,-10.88122920408913
3527,4,-10.640692649869166
3535,4,-10.780021182089307
3543,4,-9.808524058334783
3549,4,-11.724572850836651
3550,4,-10.154764490018984
3562,4,-10.265487690422844
3566,4,-10.650906556875462
3572,4,-12.135529246430707
3575,4,-12.146183213360302
3579,4,-9.806792063297365
3584,4,-9.751253797411728
3594,4,-9.849621976819599
3601,4,-10.625565893960768
3602,4,-10.03297799645793
3610,4,-9.558861873710768
3612,4,-10.41341384161398
3615,4,-11.708760225843484
3622,4,-9.926358514477421
3626,4,-10.319824863827918
3643,4,-11.66693753623371
3652,4,-11.639272873758166
3666,4,-9.573251511397608
3668,4,-10.4160682115754
3676,4,-10.535533137348352
3678,4,-12.105308505456598
3690,4,-10.879776703001788
3707,4,-11.779473267180578
3709,4,-11.855064505718275
3716,4,-12.011874631820078
3718,4,-7.962580757491153
3719,4,-10.766076649444926
3726,4,-9.742604970500793
3733,4,-11.515978696972418
3747,4,-10.12886032356981
3751,4,-10.295346087059762
3782,4,-11.126590891720397
3786,4,-10.663073414303732
3791,4,-10.95733253222621
3796,4,-10.884539315831589
3821,4,-12.431670904829488
3824,4,-11.437975507336155
3837,4,-11.002597221074339
3839,4,-9.310727541699485
3857,4,-11.309799313516294
3865,4,-10.639284075216153
3882,4,-11.668224960800487
3896,4,-11.732589861432672
3904,4,-10.014840506820164
3905,4,-10.431446883319225
3908,4,-10.697913433752973
3909,4,-11.660270306649679
3916,4,-11.05739534165771
3920,4,-12.11395364244413
3926,4,-10.79387619221508
3931,4,-9.626613484757542
3941,4,-11.412177760083352
3963,4,-11.761964104231886
3966,4,-11.31725939239697
3983,4,-10.428583462759292
3985,4,-8.600114882400739
3987,4,-9.998311332045112
3994,4,-10.885937617520597
4000,4,-12.078582966682937
4001,4,-10.027678377417104
4006,4,-11.895117864426581
4014,4,-11.085767533566006
4017,4,-11.14071281232944
4021,4,-10.5637812451358
4028,4,-10.612008861577223
4035,4,-10.742822908182234
4064,4,-10.358925903396063
4073,4,-10.857215946303178
4074,4,-12.045981422931305
4078,4,-11.680229073550372
4087,4,-10.336055262409019
4089,4,-10.743108776563773
4090,4,-7.48319107023692
4102,4,-12.732564672772433
4104,4,-10.449973484127597
4105,4,-10.433300234634757
4109,4,-9.286549299217342
4116,4,-9.67602165080448
4118,4,-10.608106367080175
4122,4,-11.158182024189799
4131,4,-10.658917522788464
4135,4,-8.769557130751068
4149,4,-11.011249780955012
4153,4,-9.313525678152068
4157,4,-10.374055542942706
4181,4,-10.868375509657461
4186,4,-12.327924468115775
4189,4,-11.053598846593708
4191,4,-10.512684926892959
4192,4,-10.90850065222778
4198,4,-12.433984854925875
4205,4,-11.035837717399723
4213,4,-11.850980963879216
4214,4,-9.588726435281792
4216,4,-11.605372994743178
4218,4,-8.801036916876676
4219,4,-11.117066023950976
4221,4,-10.141631504694317
4229,4,-10.055460384477072
4235,4,-10.406835950598548
4239,4,-9.072755398698625
4244,4,-10.932523964568091
4246,4,-8.07490338527088
4251,4,-10.232291350108007
4265,4,-9.251812966397324
4268,4,-11.331704227634695
4275,4,-11.549595886524259
4289,4,-10.144242690653712
4292,4,-11.484127628758557
4293,4,-10.762743493536284
4299,4,-10.212988710350935
4309,4,-11.012417263930452
4315,4,-9.159536791844225
4320,4,-10.77899339935388
4331,4,-10.692968052875365
4334,4,-10.755873798486519
4335,4,-11.027978740567036
4338,4,-11.967320108348538
4342,4,-10.376867599029147
4344,4,-9.635639200852758
4345,4,-9.975828029208316
4365,4,-10.316037639107769
4374,4,-10.649170399963843
4375,4,-7.9396596868442515
4382,4,-10.520550464920483
4389,4,-10.929399811636351
4395,4,-11.385507552356515
4406,4,-10.970265810719127
4411,4,-11.891821835467255
4417,4,-10.532509903509563
4430,4,-9.959635382543262
4434,4,-9.823650514377618
4440,4,-10.744028959349414
4442,4,-9.347643638626955
4465,4,-10.071020640539288
4468,4,-12.116499919759221
4470,4,-8.456879392091075
4481,4,-10.724061575852012
4482,4,-11.222179221267261
4492,4,-9.889868264460034
4495,4,-11.046493057151523
4500,4,-9.202865560828975
4503,4,-9.03324944214453
4508,4,-9.67702000203495
4514,4,-9.149924466825262
4524,4,-10.012466033581497
4535,4,-9.873815896589434
4537,4,-11.689397482356398
4539,4,-9.20307400444463
4575,4,-10.628234632529903
4576,4,-10.192138623271482
4581,4,-8.941973354262437
4589,4,-10.845155944499751
4590,4,-9.271462251148634
4592,4,-10.722882117396104
4594,4,-10.695033302410998
4604,4,-9.663474238988307
4607,4,-10.671140048683377
4630,4,-10.720055406565983
4643,4,-11.220856206928858
4650,4,-11.737060455881405
4653,4,-11.713766198713692
4665,4,-10.808279669365255
4672,4,-9.67764532936824
4682,4,-9.630883691666945
4691,4,-10.34899044018124
4693,4,-9.724669378725537
4715,4,-10.402877403624764
4718,4,-10.90896523259893
4722,4,-11.848910536919561
4724,4,-9.922595730073311
4727,4,-12.412907547238163
4728,4,-10.755768484305037
4731,4,-9.807986849397267
4735,4,-10.45542561154452
4743,4,-9.315761123958488
4756,4,-10.298485690252804
4760,4,-10.032202925613802
4762,4,-9.891186292613938
4769,4,-10.957775234392258
4781,4,-10.368837642186179
4785,4,-10.819879222587666
4794,4,-11.184720017599226
4812,4,-8.771235331490594
4813,4,-12.439580541353735
4815,4,-11.036067047543774
4817,4,-9.948174395874588
4819,4,-10.595622547369956
4821,4,-11.309703570932456
4837,4,-10.002383800841336
4838,4,-9.825901780457535
4846,4,-10.5602034060526
4849,4,-10.956608403814776
4859,4,-9.613684203676513
4860,4,-10.396992151332185
4882,4,-10.240452266410088
4883,4,-9.275085956777573
4885,4,-10.610467752423453
4892,4,-11.165351612940945
4893,4,-11.188876925315029
4899,4,-10.139156866477762
4903,4,-10.351564094437755
4911,4,-10.62986640548585
4915,4,-10.706004557193772
4921,4,-9.991522528603781
4923,4,-10.366198730329018
4926,4,-11.739580593103419
4930,4,-9.996333216865011
4932,4,-10.126583354788067
4938,4,-9.900798994724106
4947,4,-10.870785460310557
4948,4,-10.85654059013266
4952,4,-9.965302203253202
4953,4,-9.016543677145599
4966,4,-10.819894211965284
4976,4,-9.954613505090272
4981,4,-10.654402980033687
4991,4,-9.791413470076407
4996,4,-9.669213192676175
5002,4,-9.200028945934996
5017,4,-10.938426472223114
5025,4,-9.796279429634836
5026,4,-11.725602180010632
5028,4,-11.302669981108878
5029,4,-9.50595704069444
5030,4,-11.091713344480517
5037,4,-12.663607859678173
5050,4,-9.601970450851582
5053,4,-10.356415751686484
5056,4,-9.050101720092094
5068,4,-10.009349422727666
5080,4,-10.479987029184748
5084,4,-10.283867392363625
5106,4,-9.63512012878855
5107,4,-11.623586189230018
5109,4,-10.16089758014246
5111,4,-9.703053372196209
5118,4,-9.602473738606442
5136,4,-9.237683599453298
5140,4,-10.131037392419145
5146,4,-11.26758598268772
5151,4,-10.079001282377426
5161,4,-9.89635199177765
5166,4,-10.947156497554523
5169,4,-11.541926236862821
5170,4,-11.302494146130591
5191,4,-10.422502343908597
5220,4,-11.435875429422495
5221,4,-9.083377776074279
5224,4,-9.057236581196676
5231,4,-9.02659142644007
5234,4,-10.260681350257741
5241,4,-10.75815329596368
5244,4,-11.207296132025753
5251,4,-12.20753128700835
5270,4,-10.00540962742874
5271,4,-10.850261482426589
5273,4,-10.13663110408254
5280,4,-10.003021293908866
5287,4,-10.107188851660062
5304,4,-10.515791450747685
5308,4,-10.599106769155455
5310,4,-12.045018654794625
5312,4,-10.07861253244657
5315,4,-10.941291725373276
5318,4,-10.959984845604176
5319,4,-10.379230429452655
5321,4,-9.56522879769561
5326,4,-10.641198122141354
5336,4,-11.509809316436098
5342,4,-11.61371647823131
5344,4,-11.70329063864741
5349,4,-11.295432334219093
5360,4,-12.128123183222769
5364,4,-9.826150655980825
5365,4,-10.891776190748459
5369,4,-10.970352556817275
5385,4,-9.45211964267122
5387,4,-10.622961641827665
5389,4,-10.281627905804378
5397,4,-11.223009669685176
5401,4,-10.103604294605141
5414,4,-11.33232066251086
5417,4,-12.341221812242786
5432,4,-9.866068663815447
5434,4,-12.29127171823012
5444,4,-10.80556584779967
5464,4,-10.337239248962234
5476,4,-11.622279613202075
5483,4,-10.48518173618156
5487,4,-10.763465992667818
5496,4,-10.004428663691861
5497,4,-10.273461395201998
5498,4,-10.555345899155512
5499,4,-10.763465992667818
5503,4,-10.83386363904836
5512,4,-11.584124301921321
5513,4,-10.386079971209128
5515,4,-11.85084932160607
5519,4,-10.44951855812321
5520,4,-11.09315393478957
5531,4,-12.013054183637763
5535,4,-10.44951855812321
5537,4,-10.656113177768034
5541,4,-10.618971696782353
5543,4,-11.386480633271987
5544,4,-10.081526479082378
5545,4,-10.617814594631888
5550,4,-12.503671000188156
5553,4,-12.019725356462374
5562,4,-12.336409526744568
5564,4,-10.753251020405607
5566,4,-10.413067181378445
5570,4,-10.328212896698417
5575,4,-10.490045684669205
5581,4,-11.016439064337327
5584,4,-11.19409229307118
5617,4,-11.01613388478885
5625,4,-11.92189726996343
5633,4,-9.657053620873398
5638,4,-8.295729331499516
5640,4,-10.392131714307759
5651,4,-8.709013314519865
5657,4,-9.425981174211664
5668,4,-11.975783021720353
5673,4,-11.96644274524386
5676,4,-9.317073613330223
5690,4,-10.439191611848756
5699,4,-8.967795173240255
5701,4,-10.052838671926814
5702,4,-9.09796414363845
5705,4,-9.734075653477582
5711,4,-11.478163336079113
5726,4,-10.07221124699921
5727,4,-10.321604875552296
5729,4,-9.950295773807106
5734,4,-11.231708268338402
5750,4,-9.924054494216726
5753,4,-10.116013577776911
5759,4,-11.74625056657247
5779,4,-10.658489761812802
5782,4,-11.926760729069855
5801,4,-10.226889425245176
5806,4,-9.59930594876461
5815,4,-11.425236159162786
5819,4,-10.069142999086544
5826,4,-11.000224139098862
5833,4,-10.68821783135457
5839,4,-9.966635226870238
5851,4,-12.776096570229917
5857,4,-11.533393003559617
5860,4,-9.848447693889852
5865,4,-11.815732622814892
5867,4,-12.138632655784157
5869,4,-10.438962053591055
5877,4,-11.651455007452974
5892,4,-9.928155596417646
5895,4,-9.196096913718108
5905,4,-11.08726255757557
5908,4,-10.27631683478748
5911,4,-11.054121167364492
5923,4,-11.230954186341329
5935,4,-10.402372086211074
5943,4,-10.669781324462477
5948,4,-11.24084596688703
5951,4,-10.349213965090982
5965,4,-10.167592901749849
5972,4,-7.451840329395765
5982,4,-10.0784124470634
5983,4,-9.417051407257652
5985,4,-9.909159105241365
5996,4,-10.263264622086453
6004,4,-10.119508159560084
6024,4,-12.056123158755284
6035,4,-9.777795147482443
6046,4,-9.137664688381768
6047,4,-10.411235838710056
6050,4,-10.110131031426256
6064,4,-9.15987548452194
6075,4,-10.03213043928909
6086,4,-10.96616837640849
6099,4,-10.511573750131866
6104,4,-10.490303691394352
6111,4,-10.824934887825194
6132,4,-10.603121048876773
6156,4,-9.575087675898594
6164,4,-9.707742642324497
6175,4,-11.273636287176906
6179,4,-10.263264622086453
6183,4,-11.839321436246216
6194,4,-10.494553309381786
6197,4,-10.395998877291404
6202,4,-11.960904966222998
6204,4,-11.115088382733852
6205,4,-10.50622840872267
6207,4,-10.813330453998041
6211,4,-10.643369789018621
6213,4,-10.117814925395678
6223,4,-11.026559586970897
6224,4,-10.466623020253195
6228,4,-10.607474299324721
6233,4,-10.527362835050326
6235,4,-11.654198291028017
6238,4,-9.323537319313203
6246,4,-10.33842789990392
6256,4,-9.511168858289253
6257,4,-11.995214326948052
6258,4,-9.969912557270511
6266,4,-11.15749180417918
6276,4,-10.199463831932178
6277,4,-10.774703546001234
6286,4,-10.968361142309035
6296,4,-10.20191893435134
6298,4,-12.180997980154878
6301,4,-10.526060435578465
6305,4,-12.40353038586052
6308,4,-11.684660261651253
6312,4,-11.296566997638415
6313,4,-9.526677715932564
6317,4,-9.898186472068943
6318,4,-10.010645332773969
6329,4,-10.055903788389436
6333,4,-12.024064636147962
6343,4,-10.379546122924694
6361,4,-9.479419770355221
6366,4,-10.29040540617929
6367,4,-10.190246513422977
6368,4,-9.867229315074567
6373,4,-10.94974918648829
6386,4,-9.373595523691264
6390,4,-11.204676048708045
6392,4,-12.691281437986213
6399,4,-10.0712604058183
6400,4,-10.290315969145169
6402,4,-10.079433858120218
6417,4,-10.786413427698065
6426,4,-11.103844692095848
6432,4,-10.546548934814112
6437,4,-9.936501974946225
6446,4,-11.759824526908297
6448,4,-11.73537111358712
6450,4,-11.690248833547166
6462,4,-10.734589991567105
6471,4,-11.658105002193196
6474,4,-9.447645973450363
6477,4,-11.758680345222267
6480,4,-10.038016444236305
6481,4,-11.004865781791779
6491,4,-10.220842646305222
6511,4,-10.617010290113484
6518,4,-10.231932313370912
6525,4,-9.906173141550553
6534,4,-12.537643566577778
6540,4,-11.708480889871666
6548,4,-8.934258629449708
6551,4,-12.122817716233165
6558,4,-12.05117266648979
6567,4,-10.312850438603746
6568,4,-10.194647325986367
6572,4,-11.071163324927149
6576,4,-9.89757649222927
6600,4,-9.89482610414931
6606,4,-10.799336387839233
6613,4,-9.899209802222366
6626,4,-8.813790627736815
6627,4,-10.096121743223144
6629,4,-9.908478616365898
6638,4,-9.82590056877094
6640,4,-10.3499594156956
6654,4,-10.280690909034995
6664,4,-11.37212151980787
6669,4,-9.26481342574835
6672,4,-11.217079110668287
6675,4,-10.990112342629047
6677,4,-11.249155931388998
6679,4,-10.817700753279048
6680,4,-10.830524014624935
6683,4,-11.73939303403018
6684,4,-9.5309634441221
6694,4,-10.742127343232312
6700,4,-12.225040497784924
6716,4,-10.847437599384193
6722,4,-9.815892331550629
6727,4,-12.259527596479458
6734,4,-9.738169200796108
6741,4,-10.271483280021897
6749,4,-9.871787639551542
6751,4,-11.142152422096387
6752,4,-11.430183698334112
6781,4,-10.751430008832862
6785,4,-10.123829592917119
6793,4,-10.505939839539778
6795,4,-11.088183252463523
6798,4,-10.972877152316059
6801,4,-9.659362709511846
6816,4,-11.580513675140814
6825,4,-11.515402095390343
6829,4,-10.076444681139407
6835,4,-12.076129336647625
6849,4,-11.096232860077407
6854,4,-10.622741480465216
6872,4,-11.127096201620844
6877,4,-11.30229750772451
6878,4,-11.345393461335547
6892,4,-9.103349238764622
6894,4,-9.172027543902914
6897,4,-9.123822263952995
6906,4,-11.93762453176678
6909,4,-11.618643626205518
6917,4,-10.27318785896513
6921,4,-9.86129792457291
6943,4,-11.413973828400678
6944,4,-10.64341137474355
6950,4,-10.369307223944432
6970,4,-10.115562894258801
6972,4,-10.935736167894447
6994,4,-10.173047579534945
6995,4,-10.235240805743352
6998,4,-11.960254507100316
7000,4,-10.041904983309244
7001,4,-11.274131562726105
7014,4,-10.3834397302763
7015,4,-9.707586737070791
7017,4,-10.349999462575163
7018,4,-11.223960672022343
7019,4,-9.7875351897072
7022,4,-9.266401859295556
7038,4,-9.191362920950432
7039,4,-10.888267154442296
7044,4,-10.497310995197616
7066,4,-10.482579781307038
7071,4,-10.95031262993335
7073,4,-9.403870525563278
7074,4,-10.035375081318406
7076,4,-10.359921354340642
7084,4,-9.181764400917032
7087,4,-10.330128674259214
7090,4,-11.006632207851332
7109,4,-11.237027480855353
7112,4,-11.258824216204566
7115,4,-10.229088640680608
7118,4,-10.404853919421932
7123,4,-10.664980140629496
7124,4,-11.421731685204747
7139,4,-9.99079497092984
7146,4,-9.519800164728501
7156,4,-11.089735416899941
7163,4,-10.84796206843486
7169,4,-10.547113528288769
7174,4,-10.68802550712217
7175,4,-10.45320094651077
7177,4,-10.163768174208712
7196,4,-10.038108488245243
7198,4,-10.355663879030558
7212,4,-12.297526087563384
7213,4,-9.435766267921586
7215,4,-12.112260276632867
7217,4,-10.434730890878278
7225,4,-12.865712712726413
7246,4,-12.44417162565425
7247,4,-9.803248727366615
7249,4,-10.78511798599208
7252,4,-12.588837169974042
7256,4,-11.86027146283179
7260,4,-11.84630273923512
7262,4,-9.587355794352675
7277,4,-12.146243956190304
7281,4,-11.004012348157154
7288,4,-10.327501405207244
7301,4,-10.713004619077054
7303,4,-11.600033169953868
7305,4,-10.922645676594463
7310,4,-10.907104297426443
7311,4,-10.659696142774116
7312,4,-11.02967502936302
7315,4,-9.24038274548272
7326,4,-11.09387050150199
7329,4,-11.033030934496885
7348,4,-9.890315884621657
7350,4,-9.822633735964352
7353,4,-11.448276907445155
7358,4,-9.374247804771208
7362,4,-10.914499006308723
7365,4,-9.751004297736678
7373,4,-9.886040297625009
7375,4,-9.240557279536773
7377,4,-9.768287773854247
7378,4,-9.204268238649519
7391,4,-11.802382424290244
7400,4,-8.886451762691685
7401,4,-9.41374827155375
7404,4,-11.314682782325505
7406,4,-9.367343228302325
7408,4,-9.851178817486918
7417,4,-10.558047629053824
7420,4,-8.404709009108764
7425,4,-11.18735999332511
7433,4,-8.994394026071568
7444,4,-10.62113034695053
7447,4,-9.909335993648945
7449,4,-10.432356616918312
7455,4,-10.420926556762232
7458,4,-10.908794024761129
7465,4,-8.469983305949718
7468,4,-8.549587000143227
7475,4,-10.93206072724395
7481,4,-9.9795099528342
7494,4,-8.81560087558806
7495,4,-9.986413132115402
7502,4,-10.257894285670481
7508,4,-10.357007739152891
7512,4,-10.44965851973307
7513,4,-10.34923127941834
7518,4,-9.38735853185878
7520,4,-10.748518634125467
7534,4,-8.822733343563193
7551,4,-9.822633735964352
7554,4,-8.59809107242883
7557,4,-10.016680514888385
7558,4,-9.243693887217205
7569,4,-10.422639159305348
7570,4,-9.741464048703868
7571,4,-9.462863802663868
7584,4,-9.517954693148575
7588,4,-10.699130487801945
7612,4,-9.641691226166344
7646,4,-10.278492022191273
7653,4,-10.587031192728695
7663,4,-9.385328775902586
7669,4,-10.31203833683476
7671,4,-9.661984975032318
7674,4,-9.703736701657398
7698,4,-10.837906044062834
7699,4,-9.348381030713938
7702,4,-11.156738811535917
7703,4,-9.22099109835775
7709,4,-10.385234319339915
7712,4,-10.848718938714228
7715,4,-9.782212837331102
7721,4,-9.974553701988093
7730,4,-9.50834056277202
7735,4,-10.809722337102428
7738,4,-9.639817884048057
7756,4,-9.639848049892002
7759,4,-12.13962778533444
7763,4,-5.501733748075139
7766,4,-6.552321118944839
7776,4,-7.034043435171419
7787,4,-6.38336745017606
7796,4,-6.513194412080864
7800,4,-7.263860447723914
7801,4,-6.300452489785862
7805,4,-5.8869037549686425
7813,4,-7.368225643958368
7818,4,-6.239898100669983
7821,4,-7.363416905776091
7828,4,-7.984758019482015
7831,4,-6.417355129925177
7832,4,-7.610517305464825
7854,4,-8.240566150158209
7860,4,-8.281141957118372
7875,4,-6.793063201215595
7878,4,-7.463690104051977
7879,4,-5.882870703383233
7892,4,-6.634165142933753
7895,4,-7.3135339302250415
7896,4,-8.10690935947914
7909,4,-5.3866438338412905
7914,4,-6.928326453295391
7935,4,-8.531684857800244
7939,4,-7.656716594075029
7943,4,-8.178738967504529
7953,4,-5.584018795771023
7956,4,-6.605017569148075
7963,4,-7.462566641975933
7967,4,-7.018160378735878
7991,4,-6.475232945407882
7993,4,-7.796154572619088
7998,4,-8.294385671226266
7999,4,-8.15544241581484
8015,4,-7.011369482674148
8017,4,-5.913438725070705
8020,4,-7.044812715161385
8027,4,-6.493945239405832
8030,4,-6.191836083472481
8032,4,-7.741934991131259
8034,4,-8.32968168087885
8043,4,-7.344985231052355
8045,4,-8.051280009609997
8046,4,-6.313166769710833
8051,4,-8.81934216662409
8060,4,-7.0522042390339905
8071,4,-6.357045412427496
8083,4,-7.353462119284423
8091,4,-6.383505208660736
8092,4,-8.29196050852584
8093,4,-6.836249704309218
8095,4,-6.454758313164888
8102,4,-7.602623545214165
8108,4,-8.385985661706087
8109,4,-7.433917544536669
8116,4,-7.24857019185945
8118,4,-8.799921679618294
8126,4,-9.075686966288394
8136,4,-7.510404854935572
8146,4,-7.286895499380272
8147,4,-7.562459623328117
8153,4,-7.063068040707996
8154,4,-7.784455438154929
8156,4,-7.507820528318227
8157,4,-8.648415685982641
8159,4,-7.148148762183446
8160,4,-7.618848436809323
8163,4,-7.540990159576047
8178,4,-6.944167334403886
8180,4,-7.457082200237657
8181,4,-7.540247673887961
8189,4,-6.544172595080994
8204,4,-6.370382939421447
8222,4,-7.833604086639852
8224,4,-8.17729229701294
8230,4,-7.427328481189214
8236,4,-6.18030155957959
8238,4,-6.11202065422043
8247,4,-6.80939890951052
8251,4,-8.948180884178555
8252,4,-8.064549864997261
8258,4,-6.774485472894597
8281,4,-7.552971235557237
8286,4,-7.045763923717217
8298,4,-6.548260992821206
8315,4,-8.751784202206267
8323,4,-9.012099701787896
8328,4,-6.007980044723439
8330,4,-7.483263405785692
8335,4,-5.17805821408308
8340,4,-5.765545710246265
8351,4,-5.7948443890652825
8352,4,-7.499233752501077
8357,4,-8.124091674973677
8367,4,-5.614448778624059
8369,4,-6.9183504992588425
8373,4,-6.895549904670268
8376,4,-6.84660265789153
8382,4,-7.220512874044708
8385,4,-6.351834298893479
8389,4,-7.640021167907214
8391,4,-6.563822021863729
8396,4,-7.476592232961082
8400,4,-6.417974940132581
8401,4,-7.62768149036944
8410,4,-8.050494581662633
8413,4,-6.629296101809835
8417,4,-9.524945565057195
8418,4,-5.896004291784983
8420,4,-4.722321838509252
8430,4,-7.3206644633640465
8435,4,-7.802056001775966
8447,4,-5.5314709318364805
8450,4,-7.690406704121081
8462,4,-6.748706569884888
8468,4,-8.551913257030641
8475,4,-7.702758356286871
8484,4,-8.762903175680044
8487,4,-8.939225380814257
8491,4,-7.553690820557556
8492,4,-8.908558843453541
8496,4,-5.261408872908909
8507,4,-8.214057274455804
8511,4,-7.17808865183526
8520,4,-6.981350960251596
8528,4,-7.101115022229358
8543,4,-6.480970065737381
8548,4,-8.425716910312929
8551,4,-4.0509542198585535
8553,4,-5.4301806485373305
8554,4,-6.6126818030162156
8555,4,-5.552411231952384
8558,4,-6.806465667699605
8560,4,-8.373142206762111
8562,4,-5.867328160447116
8565,4,-6.556673029585511
8567,4,-5.343370864349033
8568,4,-6.1968170573333055
8571,4,-6.514207192599116
8603,4,-6.101678414463933
8605,4,-6.6774658645841996
8613,4,-6.309224544608497
8619,4,-6.983877980283992
8620,4,-6.157168123016923
8622,4,-5.331768967279238
8643,4,-5.15920490773167
8646,4,-7.273045465501504
8651,4,-5.421684175593967
8668,4,-7.819427769076434
8680,4,-7.949667327845084
8684,4,-8.110495869979182
8691,4,-6.183421641869927
8695,4,-5.638342614491897
8699,4,-8.478116780554636
8706,4,-7.088800365829151
8707,4,-7.696209123979685
8708,4,-7.381302702200465
8710,4,-7.426835706413861
8724,4,-7.45829361504309
8725,4,-7.076584888158607
8727,4,-7.7868050331418885
8734,4,-6.365817467250132
8741,4,-6.737051237660381
8747,4,-6.62592484785084
8751,4,-6.4883515132528515
8756,4,-8.057319875992128
8759,4,-7.044757688740695
8760,4,-6.771287794013631
8768,4,-5.906849342915024
8771,4,-6.089788310584574
8777,4,-5.469080070547527
8780,4,-8.356586168380943
8800,4,-8.633603615010308
8808,4,-6.681588333316419
8819,4,-6.214473959524518
8826,4,-8.438565016127825
8828,4,-7.37030296758288
8841,4,-7.00717374628784
8843,4,-8.10634216864262
8849,4,-7.0769995573484366
8861,4,-6.359321914285729
8868,4,-7.161816097776864
8870,4,-7.58069496380643
8872,4,-7.747968896118593
8879,4,-7.2578740587278645
8883,4,-6.857024454267446
8894,4,-5.598359948083477
8895,4,-7.165038884169135
8898,4,-4.593476875031882
8904,4,-6.164798306804826
8906,4,-6.238213191823995
8923,4,-6.6061560826191155
8932,4,-8.285725851533691
8933,4,-8.633603615010308
8942,4,-5.8245910373846215
8946,4,-7.061286019689014
8948,4,-7.3603368832330744
8953,4,-6.425292537304955
8954,4,-7.682880360774632
8955,4,-6.465133893797542
8960,4,-6.708021953450242
8961,4,-6.212187949639123
8970,4,-5.8132910398962
8971,4,-7.916321847901756
8973,4,-7.012835565244153
8975,4,-7.2437217355145975
8994,4,-6.701043951134984
8995,4,-8.503822456662029
8996,4,-6.364455773472756
9001,4,-6.503709049584181
9006,4,-6.356155752799104
9007,4,-6.328922742812772
9008,4,-6.458497050880688
9021,4,-6.383227475177158
9027,4,-7.469643075340045
9028,4,-7.051548123876827
9031,4,-7.012835565244153
9043,4,-7.304995268754567
9054,4,-7.228457329190668
9073,4,-6.558296170912477
9084,4,-7.670158174895661
9097,4,-7.09368436887911
9100,4,-7.70609743697095
9105,4,-7.8323632548996684
9109,4,-7.859135011978246
9118,4,-7.510711750405143
9119,4,-6.598807569148583
9123,4,-8.80125049389757
9129,4,-5.451596195873371
9132,4,-7.187537338621624
9135,4,-7.329430125093815
9139,4,-6.334831134196328
9143,4,-5.893057989353544
9149,4,-7.405871985677173
9155,4,-8.005349996454392
9160,4,-6.49550095674779
9161,4,-7.2823057748635875
9163,4,-8.393220879133565
9174,4,-8.513049617900158
9189,4,-6.472901583283679
9191,4,-6.378990867163445
9194,4,-6.381169229235702
9205,4,-8.594116513536697
9216,4,-5.97098463880269
9225,4,-7.604872451052664
9236,4,-7.473478570277628
9241,4,-6.166079573618262
9256,4,-6.790977227844486
9269,4,-6.230949828592564
9276,4,-6.508232882229528
9279,4,-5.833277535884001
9283,4,-6.646648131793711
9285,4,-7.140965368664794
9292,4,-6.1465474141983165
9294,4,-6.981081839001362
9302,4,-6.504816616083623
9307,4,-6.757918998088897
9323,4,-7.696818031644725
9325,4,-8.86516931150691
9328,4,-5.565860300022607
9334,4,-8.210679849684155
9347,4,-7.405908404278755
9352,4,-7.26176172842856
9354,4,-6.430685083195719
9357,4,-6.880388851635452
9371,4,-6.4144896832793705
9374,4,-6.584719273768975
9379,4,-7.568600211722639
9396,4,-7.1336294298074066
9397,4,-8.172276525520985
9408,4,-7.915240418034337
9412,4,-6.897741124849887
9413,4,-6.864138194560091
9415,4,-7.393128636397002
9429,4,-6.955632826654131
9432,4,-7.434913696154503
9434,4,-6.281675376807726
9435,4,-7.733855861656252
9444,4,-7.053604829626394
9449,4,-6.496305707037585
9451,4,-6.393552709231535
9464,4,-7.523473643034315
9466,4,-6.45842095700786
9468,4,-8.726051029035958
9473,4,-7.73087359044424
9478,4,-5.954671924949579
9498,4,-8.21315197344316
9500,4,-7.770196119576639
9504,4,-6.573383664527768
9505,4,-8.422810101399222
9511,4,-7.660838952533524
9513,4,-7.841749437912505
9518,4,-6.271113305716327
9531,4,-7.332521997371032
9532,4,-7.587800395732103
9537,4,-7.0801809637656845
9543,4,-6.153409848297933
9544,4,-5.852722952456745
9551,4,-6.92462695667475
9563,4,-6.586766987755979
9567,4,-6.207445119795899
9582,4,-6.436715824083954
9600,4,-6.837934792683001
9608,4,-7.013953198111004
9610,4,-7.5515627386767505
9612,4,-8.594566984788898
9621,4,-7.89404836176805
9635,4,-6.270724688172088
9665,4,-8.429462567506327
9683,4,-8.540851597782392
9684,4,-5.831730895701703
9685,4,-8.382270931084129
9686,4,-6.719135019120124
9698,4,-6.317873345180736
9699,4,-7.823567481372962
9719,4,-7.1648248515990005
9726,4,-6.096043398294412
9731,4,-6.9483956449466575
9732,4,-7.310405715735762
9736,4,-8.058535519700257
9737,4,-8.22649447174269
9745,4,-8.401669584146525
9747,4,-8.00786291331002
9753,4,-6.202176758418922
9758,4,-7.4892826566224215
9760,4,-6.853196908694265
9761,4,-7.614729107446507
9765,4,-7.899404433171512
9788,4,-6.198000760957804
9793,4,-5.63569565749993
9815,4,-7.023314277377473
9831,4,-6.354287830512362
9832,4,-6.7591176916759395
9840,4,-6.231465531458021
9846,4,-5.754262730828323
9849,4,-6.604968665094795
9854,4,-6.547236247088819
9860,4,-7.313577374423332
9874,4,-7.515188387353071
9878,4,-7.418223821435582
9882,4,-7.089416923365455
9884,4,-6.272546888679692
9888,4,-8.380983803522383
9892,4,-6.142930093889781
9899,4,-5.584547524419314
9901,4,-7.6785914004372415
9906,4,-7.8583142337423055
9911,4,-6.637959780968494
9932,4,-7.462628621356288
9936,4,-7.709205951257793
9938,4,-8.398839333573477
9941,4,-7.557269180765651
9942,4,-6.101678414463933
9952,4,-6.956063513125116
9960,4,-7.325514753274803
9982,4,-7.446993458364794
9992,4,-8.419486236726868
9998,4,-7.816800420736172
9999,4,-7.558981163514737
10002,4,-6.789499555708353
10004,4,-6.1887632919001305
10018,4,-8.23656183920643
10019,4,-9.209996446588129
10025,4,-5.550353137395618
10031,4,-5.042397475536305
10035,4,-6.302057787916674
10048,4,-6.442492228658182
10053,4,-6.562006030241498
10060,4,-6.989097945578244
10063,4,-7.92564008547194
10067,4,-6.296132019058021
10071,4,-7.424255700842416
10092,4,-5.575938974196326
10093,4,-8.002780764166005
10118,4,-6.379449489729751
10123,4,-6.156949808183938
10125,4,-6.872794140382474
10143,4,-7.236077323378652
10167,4,-8.0221794172284
10192,4,-7.266461571710259
10196,4,-6.489138309063527
10209,4,-6.684631832348927
10216,4,-6.585693307629292
10227,4,-6.947530400988015
10231,4,-6.708147675688906
10234,4,-9.011608956011003
10236,4,-7.56199796539542
10242,4,-9.075920461768519
10252,4,-8.215576798123891
10256,4,-6.185994553720022
10263,4,-5.807607968091865
10264,4,-7.033992929506354
10270,4,-7.5282954108132
10279,4,-7.057085337686672
10280,4,-8.263196730700813
10296,4,-8.047565278988039
10322,4,-6.451103630380153
10326,4,-7.483281904083881
10331,4,-6.851774988224129
10335,4,-6.2276988121086845
10336,4,-7.158908491370184
10339,4,-7.5032513802190905
10340,4,-8.249715340646752
10341,4,-6.932924684283094
10342,4,-5.9684061615565795
10356,4,-8.869212352252902
10357,4,-7.265659829079823
10364,4,-7.710629656639355
10365,4,-6.459763000384456
10375,4,-7.7358415409577646
10376,4,-6.619710151694633
10378,4,-5.747515356286861
10382,4,-6.8145372775965924
10385,4,-9.00641560237171
10386,4,-6.001053506694312
10390,4,-6.545122302489375
10397,4,-5.523850706064621
10400,4,-7.141455430521489
10402,4,-6.811410255587802
10403,4,-5.851835990530745
10405,4,-7.135924002289286
10417,4,-7.27692493146855
10429,4,-5.904491193011758
10434,4,-6.777173020110432
10439,4,-5.961273693581447
10447,4,-6.366514435963765
10457,4,-7.452296135757976
10471,4,-7.721637840027945
10472,4,-7.232802308989939
10475,4,-6.901573943441932
10484,4,-8.253535577744024
10487,4,-7.581650112340938
10489,4,-9.127100494357443
10498,4,-7.3350692385599245
10499,4,-7.379477047772184
10502,4,-6.818468919484879
10513,4,-6.520304056192998
10514,4,-6.358782714935373
10521,4,-6.896014487911508
10532,4,-6.722163716981157
10533,4,-6.742665234232483
10543,4,-7.563810764990251
10549,4,-8.353572503620939
10558,4,-8.531994438922176
10565,4,-6.545179469753023
10567,4,-8.535906749447086
10571,4,-6.698015348820931
10573,4,-7.147786841990616
10576,4,-7.9968146733978855
10579,4,-6.834357716837509
10588,4,-6.2635186453792215
10601,4,-6.680683138172213
10612,4,-6.187927406841517
10616,4,-8.440006200254238
10625,4,-5.992169666828211
10631,4,-8.699970946829268
10641,4,-6.650457310102624
10642,4,-6.493539079819399
10652,4,-4.862317498182271
10662,4,-7.196310687691387
10663,4,-8.620282443104898
10668,4,-7.830865777955822
10686,4,-6.00663865478014
10692,4,-6.9710712097740455
10714,4,-7.322855537725928
10724,4,-8.755109034526235
10737,4,-8.528832768533078
10740,4,-6.368724921196808
10764,4,-7.116245682376487
10771,4,-6.253220230550902
10780,4,-8.080599839608517
10781,4,-8.505562541731983
10803,4,-8.73879014067623
10805,4,-6.640460726940617
10813,4,-7.7239547326967255
10835,4,-6.742182654109499
10847,4,-7.645301369522713
10850,4,-7.184897813642543
10863,4,-7.462874634665731
10864,4,-6.988618224782591
10868,4,-7.197290834533497
10869,4,-7.388186537066417
10870,4,-8.456637244796951
10876,4,-6.589876826138891
10877,4,-7.947749239922032
10880,4,-7.495740114221739
10890,4,-7.495740114221739
10898,4,-6.272448965222615
10902,4,-6.183236626073814
10903,4,-6.247155443683155
10909,4,-7.4110727441164315
10914,4,-7.322812832616613
10918,4,-8.077441238398265
10929,4,-7.05871461965274
10934,4,-7.161302214178427
10935,4,-6.994795802043392
10939,4,-5.8136015065447
10942,4,-6.152658527653358
10953,4,-5.64835036693659
10959,4,-7.01866851136451
10976,4,-5.341893568284618
10979,4,-5.805822351802242
10985,4,-6.412712687177624
10986,4,-7.672294573526379
10988,4,-7.786133846457908
10990,4,-6.62760238734667
10994,4,-7.159780561524862
11004,4,-7.494390214788169
11005,4,-7.85479990505069
11015,4,-7.826368871315047
11018,4,-7.6316194063454645
11021,4,-6.22980214279395
11025,4,-8.299555522173563
11028,4,-6.948650241340701
11033,4,-7.9435103806753915
11035,4,-6.359714663959984
11041,4,-6.652890573591058
11045,4,-6.707926901468248
11047,4,-7.572788871163304
11051,4,-4.660731286056198
11053,4,-6.491754065889758
11067,4,-6.111768955352019
11077,4,-6.773897524487474
11083,4,-9.291599275152592
11084,4,-6.820247424674072
11090,4,-7.6306526086650734
11091,4,-8.24728323824273
11095,4,-5.019006380833083
11098,4,-6.267159235189531
11104,4,-6.824193802299924
11106,4,-6.38078561032242
11110,4,-7.487848314330442
11120,4,-5.842254177285362
11125,4,-7.847618247630919
11144,4,-7.725337281557927
11145,4,-5.878501946107086
11149,4,-6.262039181866989
11150,4,-6.974797767316971
11156,4,-7.425204525427326
11158,4,-6.04051062090732
11164,4,-8.304299657543055
11166,4,-6.227390707742266
11172,4,-8.541338612279631
11173,4,-7.666416566850074
11182,4,-7.32244674973812
11183,4,-8.296557152619656
11188,4,-7.242312875859568
11191,4,-5.825939752608704
11196,4,-8.202417594036199
11197,4,-6.5479030100098115
11208,4,-8.10657566412275
11215,4,-6.278812436055688
11219,4,-6.79159956266075
11220,4,-4.956486491392603
11221,4,-6.462926458842922
11234,4,-6.766276497958799
11238,4,-7.622665303139684
11241,4,-6.475362864462852
11243,4,-6.893746995560235
11249,4,-6.357029073467082
11258,4,-6.213833901917063
11261,4,-8.039862356722793
11266,4,-6.185176165227105
11268,4,-7.186881051177863
11272,4,-6.745897784403539
11274,4,-7.227129791319719
11275,4,-6.360233849043389
11284,4,-6.414293199836138
11285,4,-6.362198074623301
11286,4,-6.324697412102566
11288,4,-6.721144873543089
11293,4,-6.2965262805615225
11304,4,-6.396247900883999
11309,4,-7.210396863822879
11311,4,-6.631220480681542
11314,4,-8.138069803764601
11319,4,-5.533995288719744
11330,4,-8.16233475799796
11332,4,-5.9009466006517215
11333,4,-8.131689814604933
11334,4,-7.528585128905576
11340,4,-7.972450850749404
11342,4,-7.3909334196396586
11345,4,-7.295524570401753
11355,4,-6.948695439200982
11356,4,-6.596045887792883
11357,4,-7.3450354528303805
11358,4,-7.208697256023115
11365,4,-7.2674268213419
11368,4,-6.9138544774320465
11372,4,-9.379080281319766
11374,4,-6.7859024505125305
11384,4,-7.691428511821279
11385,4,-6.781557023774532
11386,4,-8.267066633816277
11387,4,-5.962566927570485
11389,4,-7.230484464674248
11398,4,-7.555677131074127
11400,4,-7.407571068542268
11407,4,-7.932360981720173
11412,4,-6.415575852577845
11415,4,-6.765528481388074
11421,4,-6.5413933045541555
11422,4,-6.744707062100922
11424,4,-6.934441138265463
11430,4,-7.732640818146933
11437,4,-6.2409434473931995
11440,4,-7.24493033843023
11442,4,-5.725797329121846
11443,4,-7.260643876089659
11447,4,-6.824667703454558
11460,4,-6.730736459592357
11463,4,-6.008175403430464
11474,4,-6.978964923247446
11480,4,-6.8068640236102524
11485,4,-8.195305182554911
11488,4,-6.998911776456943
11498,4,-7.911021492318099
11506,4,-7.57821140890151
11518,4,-8.454385758135587
11528,4,-6.8771452321313475
11534,4,-7.3460089382959595
11535,4,-8.331122704460228
11543,4,-8.251076377211568
11547,4,-7.750395049448706
11549,4,-8.214307361665675
11553,4,-6.435982046275683
11558,4,-8.32371664125229
11567,4,-7.334009450549281
11568,4,-6.5172093346414
11570,4,-8.629015235972176
11572,4,-7.290469468571338
11588,4,-5.125886040062653
11591,4,-7.197740911520249
11602,4,-8.274933002491125
11603,4,-6.108129426153965
11606,4,-6.882279418494029
11609,4,-8.446541040207073
11621,4,-6.7007484626300595
11632,4,-7.069100640459176
11633,4,-6.153780770122957
11635,4,-6.150005664660128
11639,4,-8.172558077543222
11642,4,-8.394518895009277
11651,4,-7.695730621107401
11653,4,-6.548981778203512
11659,4,-7.933574838149077
11661,4,-7.098790212370886
11667,4,-7.061254992881949
11673,4,-6.107117149876558
11677,4,-7.009510816643854
11678,4,-7.3014983951094266
11685,4,-9.038285920958046
11702,4,-5.614310781787594
11709,4,-7.878341427595167
11718,4,-7.159952984279897
11723,4,-7.361604245947397
11729,4,-8.234889705528097
11735,4,-6.554866188757899
11738,4,-6.438761894683729
11739,4,-7.778162007196791
11741,4,-8.534707219056102
11747,4,-6.587143482084926
11755,4,-6.5353200459539735
11757,4,-7.1117477043299715
11760,4,-7.038996563745236
11765,4,-5.735977271505718
11775,4,-7.062518399900746
11785,4,-6.314938745900825
11788,4,-6.2295023302242285
11792,4,-6.453156776269694
11803,4,-6.7797165770658125
11816,4,-6.928828809883576
11830,4,-7.753171718842637
11834,4,-7.535351539128179
11847,4,-5.891716040466861
11852,4,-8.36546836787737
11853,4,-7.555016260775119
11856,4,-6.715658607633884
11858,4,-6.050387617745599
11865,4,-7.109579929717199
11866,4,-5.895485291659966
11880,4,-6.716559581026971
11882,4,-7.593456560374733
11887,4,-6.514007345966377
11892,4,-6.582242523692422
11893,4,-6.828024532772659
11902,4,-8.04037993845214
11904,4,-7.3768742962497384
11905,4,-7.866907235105039
11907,4,-7.310212240263084
11910,4,-8.100280241290506
11912,4,-5.896798543599509
11916,4,-6.697420410199008
11917,4,-7.1349337464358555
11921,4,-7.24751430410177
11925,4,-8.358460983026362
11934,4,-7.39860671556
11960,4,-8.2797339794541
11965,4,-7.863144450700936
11975,4,-7.584365420596683
11978,4,-8.235197791708494
11979,4,-6.1675467138486795
11981,4,-7.257942977717676
11987,4,-6.600406162528856
11988,4,-8.01861805890811
11994,4,-7.460304614848155
12004,4,-7.442884070252404
12008,4,-5.6477167702049655
12014,4,-7.25365779722884
12029,4,-4.741732114434576
12030,4,-5.636061296741666
12032,4,-7.722255893605045
12037,4,-9.362592282702579
12055,4,-7.409927755905301
12056,4,-6.55117144970167
12075,4,-6.84029454446825
12078,4,-6.731601703551
12080,4,-5.9280553676615
12088,4,-7.825803095261868
12091,4,-6.8954555082992925
12095,4,-6.6860564629610195
12096,4,-7.081553334986097
12108,4,-5.761204213665117
12110,4,-6.592512531139896
12112,4,-6.509469501761139
12115,4,-6.267563748479354
12133,4,-7.902924722554644
12138,4,-9.558694096726065
12139,4,-8.093121533534102
12143,4,-5.865706192398854
12146,4,-7.115564255561978
12148,4,-8.015739110433486
12165,4,-8.700242397659359
12170,4,-7.999970248469005
12172,4,-7.656685873801017
12178,4,-7.992218999458821
12180,4,-8.056550075959933
12193,4,-7.696378275729387
12202,4,-7.647920690186702
12222,4,-6.409522962961148
12230,4,-6.5963690995063615
12232,4,-7.285876631610293
12249,4,-7.803354934945915
12253,4,-9.327992939722805
12255,4,-7.196508576962238
12275,4,-8.216194216257577
12282,4,-6.892283148074675
12287,4,-6.468594397164857
12288,4,-9.1146871590282
12289,4,-8.994617054987593
12290,4,-8.754584080539523
12291,4,-7.4240141727567135
12299,4,-9.464449104994188
12302,4,-8.541972651993412
12304,4,-8.157075333721089
12320,4,-6.71430429438454
12321,4,-6.71430429438454
12323,4,-8.53788436222517
12329,4,-8.268803219502708
12330,4,-8.135810096111271
12332,4,-7.355633771120182
12335,4,-7.645820515098997
12338,4,-7.192830653272779
12341,4,-8.15935429761808
12346,4,-7.58620752127451
12349,4,-7.5196858930933175
12356,4,-8.488276877401354
12361,4,-6.576386119405669
12366,4,-6.734354067415062
12368,4,-6.759325270118154
12371,4,-8.925267214872044
12381,4,-6.707772407823555
12384,4,-6.715456301792976
12393,4,-5.8911136373776145
12405,4,-9.315644058272468
12410,4,-6.550500981685403
12411,4,-6.594456346515855
12412,4,-8.380238812722247
12413,4,-6.911009374093624
12414,4,-7.584235775646256
12421,4,-8.370604791511425
12423,4,-8.780028026988
12425,4,-7.109570232890405
12435,4,-6.122333368054868
12437,4,-6.002115727024176
12441,4,-6.657676581455114
12444,4,-7.653782246094458
12445,4,-6.773656144299466
12450,4,-8.948563344169003
12463,4,-9.372308452951124
12467,4,-9.0470712646676
12472,4,-9.087320004809442
12478,4,-6.5626839029537365
12479,4,-6.777557290121102
12483,4,-6.526988394892001
12490,4,-6.072097779095834
12492,4,-5.088043137703259
12496,4,-6.7122922102953595
12497,4,-6.632500022942196
12500,4,-6.604200083515224
12507,4,-6.420140061478605
12509,4,-5.665317553206172
12512,4,-6.357742896522815
12524,4,-6.6468466543679625
12538,4,-7.53520760339174
12541,4,-8.398727016596972
12544,4,-7.106810530331991
12545,4,-6.928588147141063
12554,4,-7.3543237243519215
12555,4,-6.1191925856954015
12575,4,-7.002743661327969
12578,4,-7.712750901195207
12587,4,-6.805009524335354
12589,4,-7.252845467101345
12590,4,-6.896598235906069
12591,4,-7.968894881733668
12595,4,-6.44971433686986
12598,4,-6.278394506097115
12614,4,-7.79101389000666
12622,4,-5.658494502753655
12628,4,-7.697287125924063
12642,4,-8.72896114286511
12645,4,-7.58272969989347
12647,4,-7.223381171758554
12663,4,-7.760815578673466
12669,4,-6.771786645752961
12672,4,-5.996369074954465
12675,4,-5.567696627924349
12682,4,-6.8027747758210495
12684,4,-7.980042527252671
12690,4,-6.923765099563816
12696,4,-7.876526007218274
12723,4,-6.697686493590439
12729,4,-6.876011575072653
12746,4,-6.67311780771314
12755,4,-7.20264321780369
12764,4,-6.1714454739381495
12765,4,-6.449878334769053
12784,4,-6.062402131047165
12788,4,-5.924906821314636
12792,4,-7.837362042574796
12811,4,-7.648036243807688
12823,4,-6.660289528900236
12827,4,-7.601267687509122
12828,4,-5.915918291605678
12836,4,-5.165577842471691
12839,4,-6.509402417164743
12845,4,-7.300408976081869
12848,4,-5.900899630874974
12849,4,-5.578321277152426
12856,4,-6.47312198519748
12862,4,-5.860464735750142
12864,4,-7.535487619914626
12870,4,-7.260092867961191
12872,4,-7.072003000540313
12874,4,-5.7718789037014275
12878,4,-7.611251276661072
12886,4,-6.598789915345513
12889,4,-6.673619896144139
12896,4,-8.829903174152136
12898,4,-8.087026685824569
12902,4,-6.9872440003580465
12904,4,-5.248895313143429
12914,4,-4.986810978743279
12915,4,-6.7544520838754565
12945,4,-5.230515611202655
12953,4,-6.406952589586446
12959,4,-6.873412614395477
12965,4,-6.027400386382368
12970,4,-8.635671198941743
12973,4,-7.375222605248631
12976,4,-7.83965725220262
12979,4,-5.897982289963821
12985,4,-8.277055651851427
12993,4,-7.113961522220066
13000,4,-6.573321234774092
13033,4,-8.571785123781162
13041,4,-6.952643102734164
13042,4,-6.7697041350646145
13059,4,-8.208331205151474
13063,4,-6.000284879242983
13067,4,-7.719683116952666
13073,4,-7.6196224743642205
13093,4,-7.094479130791598
13094,4,-7.65279169036139
13095,4,-7.976618547022866
13105,4,-7.083778146859949
13108,4,-6.560032099889334
13117,4,-7.96260251089177
13122,4,-7.639788634390847
13123,4,-5.483330844748579
13126,4,-6.328390466125192
13127,4,-5.246367047547231
13150,4,-7.066017017665963
13154,4,-6.552458824529033
13156,4,-6.126086702722951
13159,4,-6.487348043171259
13162,4,-8.641484972249636
13170,4,-5.577344364730415
13172,4,-5.577344364730415
13175,4,-6.054006617020498
13177,4,-6.973713768547917
13181,4,-5.831136510698364
13185,4,-6.331839066591371
13189,4,-6.46542993066322
13192,4,-6.563932491351494
13202,4,-7.758370635626235
13217,4,-5.691731963118784
13224,4,-6.2642351335790565
13261,4,-7.129935835275305
13264,4,-6.68085917374038
13269,4,-7.170892112595688
13274,4,-6.996515265848537
13276,4,-7.170892112595688
13277,4,-6.058482769710629
13283,4,-6.423825671525009
13289,4,-5.9045581417632675
13291,4,-6.40327305447255
13293,4,-6.434303604428457
13296,4,-6.074620338198393
13300,4,-7.60161731286162
13305,4,-5.565566431421516
13326,4,-6.973713768547917
13335,4,-5.629285011822418
13341,4,-7.2756705742364645
13343,4,-7.042037598058442
13345,4,-6.617088218653834
13352,4,-9.340099662761332
13354,4,-5.706200951070727
13357,4,-6.271175207592769
13362,4,-6.030899520915568
13366,4,-6.664837888518342
13372,4,-6.795230183179214
13376,4,-5.774017010814667
13392,4,-7.293446339638116
13394,4,-6.600803256301546
13396,4,-6.008807116990937
13398,4,-8.2820593589012
13401,4,-8.211553619761979
13405,4,-6.143364456353119
13408,4,-7.3001846346548405
13415,4,-6.488788985619863
13427,4,-6.07203957553584
13429,4,-5.430767439563603
13433,4,-7.498145965692224
13435,4,-6.91425033323943
13438,4,-6.404364975488157
13441,4,-7.204432502105512
13447,4,-7.7237766698885295
13451,4,-5.446166741013293
13464,4,-5.37671205418453
13467,4,-7.5590419076804025
13473,4,-7.733973000484795
13481,4,-7.958750009078976
13486,4,-7.958750009078976
13507,4,-7.130705392535795
13517,4,-6.316228593166905
13519,4,-6.096464433601682
13521,4,-5.965010828787108
13530,4,-8.363463187050051
13533,4,-8.323285880989346
13538,4,-6.000296502105918
13540,4,-7.359599065120079
13552,4,-5.936377684496577
13554,4,-5.19419574741012
13560,4,-6.810602997486896
13564,4,-5.250982097044329
13569,4,-5.176152573579344
13577,4,-7.24046035982812
13578,4,-7.421644540611133
13584,4,-6.711731529297353
13590,4,-5.19419574741012
13598,4,-4.931707316287728
13600,4,-6.528290747645293
13605,4,-6.986268068468867
13606,4,-5.515080310008194
13609,4,-5.515080310008194
13610,4,-5.669386133387221
13617,4,-8.960446346937765
13623,4,-6.327386448372209
13628,4,-8.344237707243927
13633,4,-7.9011228832358995
13638,4,-6.889549169821848
13641,4,-6.598995240890403
13642,4,-6.694663146433776
13646,4,-6.534590598540603
13650,4,-6.093527799488406
13651,4,-6.295614097114978
13654,4,-5.547882152769709
13658,4,-6.439922179319076
13669,4,-7.502494683996538
13679,4,-8.045359454893436
13684,4,-6.986139208436761
13692,4,-6.792388960609152
13695,4,-7.627475982779281
13696,4,-6.592209565254635
13701,4,-6.929570985120257
13702,4,-6.404476447198036
13703,4,-8.620897785039809
13706,4,-6.134755906130131
13707,4,-7.633791066976549
13714,4,-6.070837088520783
13717,4,-8.04384476889949
13731,4,-8.075234284628756
13732,4,-8.022668826688324
13747,4,-6.186936195993496
13761,4,-5.0409088751527165
13762,4,-7.526336798087485
13768,4,-7.217819358271527
13769,4,-6.220287610374136
13773,4,-7.699831949938449
13774,4,-6.741898009773664
13786,4,-7.734375882487697
13799,4,-6.359367659204821
13801,4,-7.105547683741854
13814,4,-6.3449722396277295
13818,4,-6.2108743550207635
13820,4,-6.288042778387542
13826,4,-8.512701154403409
13832,4,-6.278417208866159
13833,4,-7.058107276040644
13843,4,-7.2116300510386395
13849,4,-4.003556227456322
13853,4,-6.789758601001665
13864,4,-7.290732471897968
13865,4,-8.245084720157521
13867,4,-7.094575007047801
13873,4,-5.614484303491821
13874,4,-8.214740512442425
13884,4,-6.866238681545028
13886,4,-4.42991802746851
13906,4,-6.866238681545028
13917,4,-7.520981623713858
13922,4,-6.3127994975751704
13925,4,-6.786468508341606
13941,4,-6.868764675208418
13945,4,-7.131405230979681
13946,4,-6.984625321665256
13962,4,-7.084813719624876
13964,4,-5.678403121101162
13968,4,-6.376718315184512
13984,4,-6.930157499154369
13988,4,-6.609484261113472
13999,4,-7.270041458291814
14003,4,-8.028808520564233
14005,4,-6.509711438575948
14007,4,-8.45757844897281
14013,4,-6.768142284562437
14014,4,-8.016649848584557
14017,4,-6.562131558116171
14031,4,-8.171208614984948
14033,4,-8.52531413183003
14035,4,-7.124546729593916
14043,4,-5.82611702484467
14056,4,-6.08878444374205
14074,4,-7.71730151037918
14080,4,-6.750822467802138
14082,4,-6.375017892571449
14083,4,-7.0542070320272
14095,4,-7.476414489859131
14101,4,-5.427419409388477
14106,4,-6.650262099240507
14117,4,-6.586343281631166
14120,4,-5.922159445882777
14121,4,-7.196842464912223
14123,4,-6.403644262629243
14127,4,-6.424192486746215
14130,4,-6.62005764831634
14132,4,-6.467563080238584
14134,4,-5.858240628273435
14140,4,-5.724761932227445
14161,4,-5.6618781369428675
14163,4,-6.860623741828981
14166,4,-5.636426731867637
14172,4,-5.990532248712725
14180,4,-5.352589885923493
14201,4,-6.7091816788918095
14216,4,-5.851783907638399
14229,4,-7.196047632310204
14232,4,-7.500212163834554
14240,4,-6.472371413500014
14242,4,-6.342965662036406
14244,4,-7.741226834695503
14246,4,-5.644578150964399
14247,4,-7.552428688946854
14250,4,-5.9903730451807675
14256,4,-6.879371078102032
14260,4,-7.179032442457817
14270,4,-7.445429868385226
14273,4,-7.22424476335506
14278,4,-4.724836598329119
14287,4,-5.2812650051062064
14290,4,-6.4020555616058985
14297,4,-7.344767850481027
14303,4,-6.998938093996621
14307,4,-7.360411877736091
14312,4,-8.226721081214087
14317,4,-6.78391777812157
14329,4,-8.263447917191854
14334,4,-8.134078276734122
14338,4,-7.748632897903441
14343,4,-8.701133095538154
14359,4,-7.547462094512262
14371,4,-6.913735382468602
14374,4,-5.781391285871315
14383,4,-8.167683057703663
14393,4,-7.673250432939909
14394,4,-9.984330256409663
14402,4,-9.445666259534946
14412,4,-8.707971911772859
14413,4,-8.259925223677634
14415,4,-6.540636211445737
14439,4,-6.58469393023524
14441,4,-5.635600122358099
14448,4,-6.626325840613951
14449,4,-6.484475404324293
14453,4,-7.8102874373235665
14454,4,-8.046312756886998
14462,4,-8.427405445763597
14468,4,-8.915150267317372
14472,4,-7.046861573997575
14484,4,-7.2171921958036975
14489,4,-6.478852905224436
14501,4,-5.8050797176167634
14502,4,-6.997188761325752
14506,4,-6.784877191680671
14520,4,-5.66631464396184
14521,4,-6.809414790373822
14523,4,-8.033598774927093
14530,4,-6.904963638433934
14542,4,-6.419658075810602
14555,4,-6.476030421525458
14556,4,-8.047232785795508
14560,4,-6.809351208424786
14564,4,-9.345361352400616
14568,4,-7.59274738615639
14573,4,-7.8384607409133835
14574,4,-7.369509186024132
14577,4,-7.462221085030123
14578,4,-7.665933516958823
14582,4,-6.135395895374273
14585,4,-7.857640493086372
14588,4,-6.050249851710241
14592,4,-7.152877869602698
14609,4,-5.815832564056819
14622,4,-5.873807103190906
14624,4,-6.464212355828209
14625,4,-6.547565080642087
14626,4,-8.414404363927765
14628,4,-7.179670523414465
14636,4,-5.696822855962772
14644,4,-7.654358485302524
14648,4,-6.927509369620267
14652,4,-7.8171122449668715
14655,4,-7.697871123735553
14656,4,-6.12764407484773
14662,4,-9.059815811637158
14669,4,-7.005869301045735
14683,4,-6.779238519402519
14698,4,-6.89464630797076
14703,4,-9.661666162139944
14706,4,-9.238734930558202
14712,4,-6.069630845771989
14721,4,-6.648612747844581
14729,4,-6.145410557509841
14734,4,-7.54314847924941
14735,4,-6.094846199312826
14743,4,-5.319287779546791
14755,4,-7.535709117388556
14763,4,-7.326220313100443
14767,4,-6.277815564838548
14771,4,-8.03823361501243
14774,4,-7.287779156255972
14783,4,-7.330804114404465
14800,4,-5.361513817280056
14810,4,-5.802029046894987
14811,4,-5.865947864504335
14812,4,-7.588916806642153
14817,4,-5.24823649396231
14833,4,-6.653382779781964
14834,4,-5.643445382178818
14837,4,-7.105444910429817
14839,4,-7.3774333008684465
14840,4,-7.313514483259105
14851,4,-5.384757467708482
14859,4,-6.420296880098597
14860,4,-7.48469109725675
14863,4,-6.36861464597726
14873,4,-4.5948103764926955
14874,4,-6.5088065308608165
14876,4,-9.184696143260403
14878,4,-6.595763813067926
14886,4,-6.917709800344262
14901,4,-6.152816620717779
14905,4,-7.27082333211424
14906,4,-7.6528356242514946
14908,4,-7.8874880455950915
14909,4,-7.029840173894897
14915,4,-4.83651201040319
14919,4,-6.995989048954968
14925,4,-6.185167739403774
14929,4,-7.6528356242514946
14931,4,-7.033528780560928
14933,4,-6.689999450925171
14934,4,-7.258961174842128
14937,4,-7.747970435591611
14941,4,-6.149918083078298
14942,4,-9.104955046480534
14946,4,-7.560372853919894
14956,4,-6.066191363253509
14960,4,-9.095007157881085
14969,4,-5.666260828416746
14978,4,-6.208975384212259
14980,4,-6.425962363363169
14981,4,-6.193136400389442
14985,4,-6.600172959736106
14987,4,-8.25293431025898
14989,4,-6.012204386629151
14998,4,-5.0303390162501245
15001,4,-6.117002105109563
15008,4,-6.607374484138255
15009,4,-8.020992579609008
15018,4,-7.604451144726042
15020,4,-9.269577243339342
15024,4,-6.289686241960695
15032,4,-6.289686241960695
15039,4,-6.181111469396058
15046,4,-7.085409292271905
15050,4,-4.284888481942332
15054,4,-6.153341843472056
15057,4,-7.529892751531655
15067,4,-6.153341843472056
15071,4,-7.107826680825227
15076,4,-6.017629758859236
15081,4,-7.5294069807789015
15087,4,-7.5294069807789015
15095,4,-6.481280086352413
15100,4,-8.165576554512121
15104,4,-4.299624695177904
15110,4,-7.519903630304
15117,4,-6.93372766423844
15119,4,-5.0996120916575265
15121,4,-4.9688850352991025
15123,4,-7.219321789609033
15130,4,-4.6343315589605965
15139,4,-3.6090657854193466
15166,4,-5.801896365986906
15169,4,-6.471774784034636
15170,4,-8.671423286560909
15172,4,-6.829935897223244
15174,4,-7.652604888329584
15188,4,-6.30221686730814
15189,4,-5.728866457781102
15190,4,-7.97540450257987
15192,4,-5.728866457781102
15194,4,-5.442400027919234
15200,4,-6.246035734400785
15209,4,-6.44566663662296
15216,4,-5.827227664765573
15231,4,-7.612724451450639
15233,4,-7.845654755383769
15236,4,-6.764455578862524
15240,4,-8.165576554512121
15246,4,-4.895431845933494
15250,4,-4.3635435127872455
15257,4,-7.874404245651888
15262,4,-6.868093032193208
15263,4,-6.932011849802549
15286,4,-5.577944375665965
15293,4,-5.861721538844613
15294,4,-7.2520631473816835
15295,4,-6.267356487449838
15298,4,-6.983090661485605
15312,4,-6.991527740723704
15329,4,-5.88432708222976
15330,4,-7.48744180978688
15333,4,-7.400437846569957
15337,4,-5.848614004490699
15338,4,-6.229977152797481
15344,4,-7.203365244646889
15359,4,-6.846439235853893
15360,4,-4.954566666979339
15369,4,-6.5970013252453725
15372,4,-6.267889369420921
15376,4,-5.961599527355631
15384,4,-5.949635260004932
15388,4,-5.808845477043441
15390,4,-9.959386419613196
15396,4,-6.0872990686591635
15401,4,-5.369227784651741
15403,4,-7.673243563296701
15406,4,-6.0872990686591635
15411,4,-7.474908118614209
15413,4,-5.204344600815638
15420,4,-5.879347956096346
15444,4,-6.483463296156067
15449,4,-6.602738238292105
15453,4,-6.905412343217726
15454,4,-6.040982267142233
15460,4,-7.6519860580582275
15465,4,-5.6377954267102695
15468,4,-7.317974669506214
15475,4,-6.9674639195102515
15481,4,-5.515267703161392
15492,4,-5.720396667383554
15498,4,-6.690287188226698
15499,4,-6.557232797798115
15503,4,-7.009971888912062
15506,4,-7.148441443091016
15514,4,-6.4933022099967275
15531,4,-7.36484374030217
15534,4,-7.838557792582385
15540,4,-5.662503991442463
15542,4,-8.596178501701381
15553,4,-7.107961409534205
15561,4,-6.524200110731208
15571,4,-8.887715962849335
15574,4,-7.514132134356373
15583,4,-5.955935110900242
15586,4,-5.739795320445943
15587,4,-6.539678406342205
15609,4,-6.947863280690868
15612,4,-6.449181514924632
15613,4,-6.742008964176797
15614,4,-6.375417890872093
15621,4,-6.041001621658133
15628,4,-6.327548678744684
15637,4,-8.434776766997231
15642,4,-6.659489535566884
15645,4,-7.131181788708425
15646,4,-6.620145773277329
15670,4,-7.935196481183546
15676,4,-6.365351788304224
15686,4,-5.913051604282735
15690,4,-7.125416361231316
15698,4,-6.303833527820387
15710,4,-7.197787193365279
15719,4,-8.213501330212033
15728,4,-5.942321947767361
15729,4,-6.708219638973141
15731,4,-7.372595897807983
15755,4,-6.065068556898062
15756,4,-5.308074101311533
15765,4,-4.150564627137705
15773,4,-6.500595486730852
15776,4,-6.436676669121503
15780,4,-6.014723484024842
15786,4,-7.241576744277573
15801,4,-8.210106277258319
15807,4,-7.819949627476674
15809,4,-7.819949627476674
15830,4,-9.23836347744048
15838,4,-8.210106277258319
15840,4,-8.145888558705437
15844,4,-6.537704463822692
15845,4,-6.021312374027012
15853,4,-8.674294186759148
15879,4,-5.735339109903265
15886,4,-8.807872745407323
15887,4,-6.9123117735654915
15899,4,-7.279433620693048
15910,4,-7.695010858031132
15914,4,-6.7072306507135195
15918,4,-8.553440696438308
15923,4,-6.746223030942396
15924,4,-8.83878134469137
15926,4,-7.338950249719758
15927,4,-6.40294008341057
15930,4,-7.091135680420194
15937,4,-7.3664340952079215
15939,4,-7.176195295437751
15940,4,-6.578742808856433
15941,4,-7.27121919592377
15942,4,-5.812641119370355
15945,4,-8.239237883542991
15948,4,-6.331539655334261
15961,4,-8.152111983806023
15976,4,-7.005482247404899
15977,4,-6.690224843609833
15981,4,-8.45875618660476
15983,4,-6.664462257090889
16018,4,-5.753385612760454
16034,4,-5.668596275775741
16035,4,-5.668596275775741
16038,4,-7.240280604866307
16041,4,-5.7781797177006595
16043,4,-7.276815295095396
16045,4,-6.4240280124840865
16058,4,-8.240103610065212
16066,4,-7.176757999034606
16085,4,-6.879443926373213
16087,4,-6.56240702300461
16093,4,-7.1637498654766105
16102,4,-5.475822943629154
16103,4,-6.68610364341707
16104,4,-7.7104042048053
16105,4,-8.141268721099081
16109,4,-6.397919865072403
16119,4,-5.751913746447478
16123,4,-4.994901887801085
16126,4,-6.534976517610787
16128,4,-6.730254570358618
16133,4,-7.04705671021167
16135,4,-5.969558448338944
16138,4,-8.44661485063601
16142,4,-8.069743935285544
16145,4,-4.909559294197315
16149,4,-7.226817642242075
16152,4,-4.838234413380029
16159,4,-7.588706269425323
16168,4,-6.361323051303636
16171,4,-6.3159417089987
16176,4,-6.292664054725158
16184,4,-5.552282651686369
16186,4,-8.21733161865076
16192,4,-7.015091887025768
16194,4,-5.487815533483612
16195,4,-8.405416048079985
16196,4,-6.439595735869318
16203,4,-8.708468457189596
16204,4,-6.222940149065884
16210,4,-6.657356962695971
16219,4,-7.2749902179909895
16223,4,-5.932718883573386
16229,4,-7.32298797288837
16234,4,-6.218900430672619
16263,4,-7.174891414487185
16264,4,-5.565103737086211
16282,4,-8.064259164158678
16287,4,-6.12764407484773
16289,4,-5.635600122358099
16299,4,-7.447290787476447
16300,4,-7.8579061198487565
16311,4,-7.246332579401127
16320,4,-6.417318518134792
16325,4,-5.228345067893635
16328,4,-7.319979919357003
16333,4,-5.917916593582625
16346,4,-8.539800175685563
16355,4,-5.801137920062395
16359,4,-8.325845491934018
16360,4,-6.1013100358516255
16363,4,-8.351029385170534
16372,4,-8.107645643695719
16376,4,-7.993577999285698
16377,4,-6.176139588359547
16381,4,-8.179143484089614
16383,4,-6.981494589520004
16396,4,-5.064287559172534
16401,4,-5.064287559172534
16403,4,-5.000368741563186
16406,4,-8.106079223290003
16407,4,-6.48430013608273
16410,4,-7.8601763101727045
16416,4,-8.90473251780481
16419,4,-6.392551877803378
16425,4,-9.170690055202556
16431,4,-7.2476719180302
16436,4,-5.9593538478055095
16451,4,-7.343342719887723
16463,4,-7.295512464908327
16473,4,-7.132588148653269
16477,4,-7.072205086152351
16479,4,-6.802636246387152
16482,4,-6.176021070909584
16484,4,-7.234810930205029
16485,4,-4.799736431017301
16502,4,-7.98194068595744
16506,4,-6.563495559756454
16518,4,-7.032977093621618
16525,4,-5.936381618489023
16540,4,-6.81462883624161
16543,4,-4.557015845985191
16548,4,-6.378589881082597
16554,4,-6.106449446420918
16556,4,-7.905606923907314
16558,4,-5.796924484950395
16564,4,-6.140963899227607
16566,4,-5.163386104985484
16569,4,-5.906888356194493
16580,4,-7.004601929562412
16586,4,-5.523948342465616
16596,4,-6.86990676559914
16604,4,-7.1880142495341985
16617,4,-7.811653246844749
16626,4,-7.616877256444077
16630,4,-7.213371086948591
16631,4,-8.196302838625527
16635,4,-7.30737555443671
16636,4,-7.676321493412409
16639,4,-6.939697111711546
16661,4,-5.612042569381316
16672,4,-7.550428634393164
16678,4,-6.672065094645902
16687,4,-7.191970330509356
16688,4,-7.153969650178688
16690,4,-6.518507089434735
16697,4,-7.874344599867236
16700,4,-8.755353883871642
16708,4,-5.754437081946762
16720,4,-6.497009255062082
16726,4,-7.269071590494292
16729,4,-6.555900242728804
16732,4,-6.638311944828573
16733,4,-4.849205605544697
16736,4,-7.751186950954775
16739,4,-6.091772484825185
16748,4,-6.764246380498513
16753,4,-6.919741858015229
16767,4,-5.322306977861615
16769,4,-6.091772484825185
16773,4,-5.458933209607139
16778,4,-6.500935541609465
16783,4,-8.301794944475901
16797,4,-6.794027696164164
16799,4,-7.803113178709673
16800,4,-6.439479123479217
16807,4,-8.859834060038281
16813,4,-8.230470063658615
16821,4,-6.199883734757911
16824,4,-6.744883625502062
16831,4,-7.344532355778078
16836,4,-6.368154242661937
16837,4,-6.007044963236467
16840,4,-6.635684424200676
16844,4,-7.42279947656931
16846,4,-7.035539546222708
16854,4,-5.796670179590315
16856,4,-6.5326414005941515
16859,4,-6.447900989631535
16865,4,-6.960164666264035
16877,4,-6.5343699770397095
16878,4,-5.537531984265243
16883,4,-6.25187396472446
16888,4,-7.491334121806304
16892,4,-6.624010977889668
16902,4,-6.576517768753874
16904,4,-6.562159987256159
16908,4,-8.12880097512624
16911,4,-5.9343258790867
16913,4,-5.800049042347439
16922,4,-5.494943469072069
16934,4,-6.290752150385238
16943,4,-6.291942787295625
16944,4,-6.706579661559644
16947,4,-6.373824180961265
16960,4,-7.124814084089195
16961,4,-6.855041058454553
16967,4,-8.022239854026068
16982,4,-7.963468447727152
16983,4,-6.791122240845205
16986,4,-6.9640480915821215
16997,4,-6.604982084355811
16998,4,-6.758335458741854
17001,4,-6.780772929070487
17006,4,-6.635684424200676
17007,4,-6.965839684899002
17012,4,-5.3492093168208825
17022,4,-7.991053628858403
17024,4,-6.412242332334273
17038,4,-8.19893915945483
17047,4,-6.468541287929881
17051,4,-8.840167775658081
17052,4,-6.661124968715065
17060,4,-7.220874066152497
17062,4,-6.339485065642144
17063,4,-8.20472342676689
17074,4,-6.643967809218829
17075,4,-6.205658807367463
17083,4,-5.337666990249332
17091,4,-8.100690377837473
17103,4,-7.930741633291596
17107,4,-6.84829856872237
17114,4,-5.754471975101289
17132,4,-7.076892205429594
17136,4,-7.706787254911724
17150,4,-7.261158196506713
17161,4,-6.328513035234586
17170,4,-6.521383859504297
17173,4,-6.495993257320556
17174,4,-4.630550338014395
17176,4,-6.602354792658879
17179,4,-5.3139363081300175
17187,4,-6.364725725330061
17194,4,-7.343860965811899
17197,4,-7.365510893523862
17214,4,-7.837280644308869
17225,4,-5.496698813089466
17226,4,-7.394039084298754
17228,4,-5.536231775481696
17231,4,-6.714713973807946
17232,4,-6.2460554062243006
17233,4,-7.221330816719252
17245,4,-6.603927106509062
17251,4,-5.926375721036585
17252,4,-6.639232220060528
17262,4,-6.2562367407774815
17264,4,-6.557228183077811
17292,4,-7.863827688687557
17294,4,-6.144758343629874
17298,4,-6.855162870508323
17302,4,-6.805180619296621
17318,4,-6.6111748747023995
17325,4,-7.139156201335496
17337,4,-7.348219753320976
17361,4,-7.120293350440953
17364,4,-6.357620976709747
17367,4,-7.3097684958378295
17391,4,-8.3471123738763
17397,4,-7.400979934789646
17402,4,-6.808288870424505
17409,4,-7.5669204587675125
17411,4,-8.794932289450188
17425,4,-8.232971526580592
17445,4,-6.601414612786826
17452,4,-6.973258992486301
17457,4,-7.799811426963188
17463,4,-6.4951210079302015
17464,4,-7.143920251735999
17465,4,-8.5218403641556
17467,4,-8.05630717926011
17472,4,-7.496744476404501
17477,4,-5.78540328449057
17483,4,-6.555099789431672
17485,4,-9.689136852218425
17492,4,-6.1414481411312565
17517,4,-7.662000670564623
17530,4,-6.755343691547999
17545,4,-9.685486302916509
17547,4,-6.9817440186802955
17568,4,-7.555657240057549
17571,4,-6.866675484927612
17574,4,-7.283471898734696
17575,4,-5.2374118803342995
17576,4,-6.845203538370562
17580,4,-6.889285631751733
17581,4,-7.880462733353575
17583,4,-6.757455474928193
17585,4,-6.277115575645688
17594,4,-6.8423658724075125
17597,4,-6.772998108807499
17608,4,-6.362378907657799
17612,4,-8.909063895980815
17613,4,-6.9664627974073525
17625,4,-6.806609607967864
17631,4,-7.772803044859053
17643,4,-7.0101978880896
17644,4,-6.1481166311918685
17650,4,-6.7852643940660045
17655,4,-8.065003970952027
17662,4,-8.696661425192374
17664,4,-7.226495338390251
17670,4,-9.05089664178827
17671,4,-7.079021170752661
17673,4,-8.618041340229368
17676,4,-7.628326473466728
17678,4,-7.054718404279903
17680,4,-8.585191487340097
17681,4,-5.627296901315617
17684,4,-5.496324820053744
17691,4,-7.41522854020112
17712,4,-7.4396468910279125
17717,4,-6.380722916052633
17728,4,-6.465819411406287
17731,4,-7.538729884554549
17733,4,-6.7108776738280085
17741,4,-7.009277776948643
17752,4,-4.995191458543232
17763,4,-6.758733664580177
17766,4,-7.124096002100622
17779,4,-6.306179651927856
17784,4,-7.348169696622051
17795,4,-8.236858556149727
17827,4,-5.064098460070035
17833,4,-6.154148995983462
17836,4,-7.527531208628027
17837,4,-8.09017777430229
17844,4,-5.9995066444944385
17849,4,-5.765148102195319
17850,4,-4.119213886296542
17852,4,-7.10542025794048
17856,4,-7.380456613602327
17857,4,-6.491598314415995
17869,4,-6.48228120195143
17872,4,-6.840273139213664
17879,4,-8.194021210729083
17888,4,-8.076102555875323
17893,4,-8.001354683450337
17903,4,-6.962701662631233
17919,4,-8.025228211251395
17925,4,-5.66394571098877
17926,4,-5.66825546918529
17933,4,-7.552448153693682
17946,4,-6.3169303922721625
17966,4,-7.8831467391619015
17969,4,-8.292880317133118
17971,4,-7.873918558484732
17975,4,-6.33121923243678
17976,4,-7.727092563133077
17978,4,-6.775405322073361
17982,4,-7.059784939579032
17983,4,-7.182629099189171
18000,4,-7.379816989923597
18003,4,-7.724727180623702
18014,4,-5.977884329452138
18015,4,-5.7003361361344815
18018,4,-7.466373614434993
18019,4,-6.4815337649304965
18027,4,-7.176766697356655
18035,4,-6.066496637465491
18037,4,-6.148581211563027
18038,4,-6.93551557084924
18044,4,-6.830564888331182
18055,4,-8.561506157196675
18072,4,-8.60564155680526
18080,4,-6.161407630183902
18085,4,-5.63031786611068
18087,4,-7.726556471603438
18095,4,-8.22171922303039
18109,4,-6.224492619026819
18113,4,-8.36915481502033
18123,4,-7.026992765255109
18132,4,-6.410485026531376
18136,4,-6.153236263606516
18137,4,-8.14738462580516
18149,4,-7.243240280574739
18150,4,-7.182809155191109
18151,4,-5.081291944178233
18159,4,-5.212542798575235
18165,4,-5.686903045078935
18176,4,-5.346004822852407
18178,4,-8.058904367158398
18190,4,-5.98247959473219
18196,4,-7.2744412502321225
18198,4,-5.513320079483599
18199,4,-6.554856817013658
18201,4,-6.989284089432232
18204,4,-6.549393518662313
18207,4,-6.305662306287296
18210,4,-7.329758910046088
18228,4,-6.631678566358204
18229,4,-7.836394041305589
18239,4,-4.802154310307792
18246,4,-4.674564058815761
18247,4,-6.258225780494826
18250,4,-7.530428074246402
18258,4,-8.09454042513832
18278,4,-8.260221656234869
18281,4,-6.583279046386799
18282,4,-6.3215331756775015
18283,4,-6.835206631729456
18287,4,-6.321375843946711
18289,4,-6.995635430775174
18296,4,-7.833825389976752
18301,4,-6.851798851573399
18308,4,-9.252299062613332
18321,4,-5.986108561679565
18327,4,-8.834855551097611
18331,4,-6.186289477250881
18347,4,-7.354642709304805
18364,4,-8.278201589693367
18372,4,-6.680337690146224
18380,4,-6.78811283404049
18386,4,-6.84021113048459
18392,4,-6.774272638499355
18405,4,-5.295701393948754
18406,4,-6.597405393976821
18408,4,-5.295701393948754
18409,4,-5.8727375973098646
18411,4,-6.542713081676268
18413,4,-6.161496810118074
18418,4,-5.82330567842186
18423,4,-7.488030110916391
18434,4,-6.8022594841043755
18440,4,-8.318343455512881
18444,4,-7.971546193679309
18456,4,-8.408182483954477
18457,4,-7.19634332144274
18460,4,-5.978656558446886
18467,4,-5.986062621654824
18469,4,-6.180077769018865
18482,4,-6.981227834795973
18497,4,-7.7267156438309
18508,4,-7.067787632823993
18512,4,-6.824473274853297
18522,4,-7.690355203018079
18524,4,-7.014393433960791
18526,4,-7.213502768577193
18527,4,-7.731164595707007
18534,4,-6.296256989948766
18537,4,-7.32293880942035
18538,4,-6.979564589929403
18550,4,-7.607263318568563
18554,4,-7.8973708921008665
18555,4,-7.710039376233773
18569,4,-8.48962661250792
18570,4,-6.575670083909657
18571,4,-7.015739705405075
18575,4,-5.559799606912627
18580,4,-6.411978443762784
18583,4,-6.198873856096952
18584,4,-6.738421231070255
18590,4,-6.2215645670645685
18593,4,-6.928339063034834
18603,4,-6.341697505709703
18608,4,-6.0059400320794865
18614,4,-7.823956685687115
18639,4,-5.966548086695205
18641,4,-6.960750327786769
18643,4,-8.155967633373791
18645,4,-8.32690022278937
18646,4,-5.692716604785176
18647,4,-5.533324687999517
18654,4,-7.738978278328979
18656,4,-7.305926404640822
18658,4,-6.344969622956945
18663,4,-6.8182461704435084
18680,4,-6.427573184862204
18698,4,-6.316045906066591
18713,4,-7.349031454843505
18714,4,-6.111611665444983
18720,4,-7.135160503314182
18723,4,-6.7125585061541955
18725,4,-6.337563559749007
18731,4,-6.199983224149015
18732,4,-6.906145837337057
18735,4,-8.154650458978608
18761,4,-7.98858890190629
18773,4,-6.630751284898253
18774,4,-7.5396977190353525
18784,4,-7.787648720867402
18787,4,-7.205367452617111
18804,4,-6.680337690146224
18815,4,-7.241494102607049
18817,4,-7.73715275919713
18820,4,-8.46214392121599
18824,4,-4.665910687097231
18831,4,-4.8738688926108225
18833,4,-6.432315092655024
18840,4,-5.136497215050049
18852,4,-4.741371281620324
18868,4,-4.817505100613374
18876,4,-5.490590646492315
18896,4,-5.154952147212136
18906,4,-6.288430242340915
18921,4,-6.541643500869689
18924,4,-5.309594498701145
18926,4,-6.258128256254629
18944,4,-5.636324616518131
18953,4,-4.712262022361628
18955,4,-4.712262022361628
18957,4,-5.9357363293335155
18979,4,-5.465597703506674
18988,4,-4.795579493033365
19000,4,-5.8426063565273125
19011,4,-4.841108100852679
19013,4,-5.235523248380048
19022,4,-5.603635781011896
19025,4,-5.6154806201490075
19040,4,-4.46093247615962
19043,4,-5.616499571270623
19058,4,-5.501188747976961
19069,4,-4.499652775939438
19078,4,-6.0694131423931665
19079,4,-5.421460972388132
19086,4,-6.362211191004953
19091,4,-5.4334172868480195
19094,4,-6.028912887089724
19097,4,-6.204783008597367
19102,4,-5.877611556443554
19114,4,-5.863529425238731
19119,4,-5.279941139286478
19128,4,-5.222913393483495
19133,4,-5.593683884799795
19134,4,-5.363816785745065
19149,4,-5.780211954566994
19170,4,-5.225301727003377
19172,4,-5.306230864155239
19189,4,-6.8049230161939604
19190,4,-3.7769594504216926
19192,4,-7.425253964459749
19200,4,-5.275534080907228
19203,4,-5.920148996329978
19204,4,-4.230334763131857
19206,4,-4.884934756847869
19217,4,-5.413429172842186
19220,4,-6.869664668346161
19221,4,-5.0449603307529
19222,4,-6.230476508000123
19231,4,-4.956896815095249
19235,4,-4.13806077474041
19237,4,-5.047128105365665
19240,4,-6.239058259852065
19241,4,-4.9090794548961725
19242,4,-5.639305971788268
19249,4,-5.807305273523923
19264,4,-5.131998749229595
19269,4,-6.192848588507282
19271,4,-5.0990582956353165
19276,4,-5.170383176452603
19283,4,-7.246724999498241
19284,4,-6.131457876331375
19297,4,-5.098039344513701
19311,4,-5.247975704110694
19320,4,-5.50834558042196
19333,4,-5.370045003830384
19334,4,-6.292689045178932
19339,4,-4.877846222534352
19343,4,-4.9844448741846605
19356,4,-6.9964809997599176
19367,4,-5.715037935594879
19369,4,-5.057806616209469
19377,4,-5.694391032441473
19378,4,-5.6785698776717055
19381,4,-5.916985211540627
19387,4,-5.1561102088788715
19391,4,-5.098039344513701
19397,4,-5.990510583954517
19402,4,-5.781675230579204
19409,4,-5.601002007845857
19412,4,-6.5016963676580914
19417,4,-5.452676115437683
19428,4,-4.9458974840097625
19429,4,-5.278383943677632
19445,4,-5.890647951746104
19449,4,-4.631618636946172
19454,4,-6.0321380602978465
19462,4,-4.950091510396298
19468,4,-4.532403704051852
19482,4,-4.531687474053399
19485,4,-5.375500829536364
19490,4,-6.908164547009136
19499,4,-4.809090581217035
19504,4,-4.873009398826376
19505,4,-6.153205801892625
19510,4,-5.427747226217349
19514,4,-4.716077784489478
19520,4,-4.779996602098819
19521,4,-5.2613923717441295
19523,4,-5.445084063601094
19526,4,-3.459218071007733
19528,4,-4.950015963137261
19529,4,-5.347108793035773
19531,4,-5.304873928821941
19543,4,-6.849112030570758
19556,4,-5.9280116862931465
19562,4,-4.990813968192647
19565,4,-5.964804083093199
19579,4,-5.135902473062458
19592,4,-5.657453702627606
19593,4,-5.1446732369658505
19595,4,-4.825863835405734
19600,4,-6.911522393218604
19605,4,-5.574136231955876
19612,4,-5.10388016628319
19614,4,-6.109224582562447
19616,4,-6.895326676412189
19617,4,-5.571829933216897
19622,4,-5.650047639419668
19656,4,-6.630585604774069
19670,4,-5.061355766294113
19673,4,-6.445530595043522
19683,4,-5.459241260758134
19686,4,-4.692537819970781
19687,4,-6.759268375249455
19698,4,-5.533880791380746
19701,4,-5.41638679185138
19703,4,-4.405987932749859
19704,4,-7.177245689731606
19707,4,-7.271814220977319
19708,4,-5.271298286981555
19711,4,-6.57896202812924
19721,4,-6.26795009904734
19725,4,-4.405987932749859
19726,4,-4.760926066674777
19731,4,-4.626413415751138
19732,4,-5.025663528871796
19735,4,-5.639998009705749
19738,4,-5.745326242507247
19739,4,-7.294038192826392
19746,4,-5.0855504066730575
19753,4,-6.717580351235135
19757,4,-5.469747841304034
19759,4,-5.469747841304034
19760,4,-5.952195378766376
19765,4,-6.097136548814767
19768,4,-3.702238703048195
19769,4,-6.210945219975628
19774,4,-5.142143329314692
19784,4,-4.484521406858107
19794,4,-6.233121416980403
19803,4,-5.301723242251548
19807,4,-5.506280700325597
19808,4,-6.363398263466614
19818,4,-5.092543802113887
19825,4,-5.913341932736799
19843,4,-4.776964363042694
19847,4,-4.456294826671076
19870,4,-5.367693865270773
19884,4,-5.142143329314692
19891,4,-5.84617064977062
19900,4,-5.735587649260246
19906,4,-6.555832206624899
19907,4,-4.859362693286883
19922,4,-4.2710446552842924
19928,4,-7.086519055980851
19947,4,-5.038806319057727
19951,4,-5.023504931181996
19954,4,-5.383407402930189
19961,4,-5.567045936653415
19972,4,-5.0803626056205005
19973,4,-5.038806319057727
19974,4,-5.454034303644612
19983,4,-5.344069378522796
19987,4,-5.804143960194999
20003,4,-6.33907750994765
20011,4,-4.586753408209809
20017,4,-6.317820504144585
20028,4,-5.878129629771621
20039,4,-4.987936537020843
20040,4,-4.6181174825163325
20053,4,-5.429625671123411
20056,4,-5.379087361041222
20057,4,-5.262399119914235
20061,4,-4.931480766374079
20071,4,-5.165928933964857
20074,4,-4.349549840457804
20075,4,-5.882887576225443
20093,4,-7.136528087108182
20101,4,-5.599226968057486
20107,4,-5.619272984193643
20108,4,-5.704623158019764
20109,4,-4.644383453769514
20114,4,-5.828850833010314
20126,4,-5.892769650619655
20132,4,-5.4656597903236985
20156,4,-5.999547772316468
20161,4,-4.931480766374079
20169,4,-5.238086431861959
20171,4,-5.1136825372838715
20175,4,-5.782977261034816
20193,4,-6.143306657309658
20198,4,-7.231284454614993
20211,4,-6.41867216682197
20215,4,-4.890377395002666
20218,4,-4.5987188294539365
20225,4,-5.866294731706553
20226,4,-6.1020142515418385
20236,4,-7.0842466355959814
20246,4,-5.549303582607962
20251,4,-4.624170138295717
20267,4,-5.585804836620731
20274,4,-6.758675632079793
20276,4,-5.272070242801625
20286,4,-4.594922334389942
20299,4,-7.131188874142964
20301,4,-5.765963101742862
20307,4,-5.6000872733748395
20319,4,-5.058034903713157
20320,4,-5.1330250418906616
20328,4,-6.721061525597818
20334,4,-7.252407336373345
20335,4,-7.661821843385681
20341,4,-6.558318217709541
20363,4,-5.05116280887799
20366,4,-6.510292760028527
20368,4,-5.058568872085928
20370,4,-5.733779743821877
20377,4,-5.638600221016361
20382,4,-5.58792224335248
20383,4,-4.805444297854898
20390,4,-5.746040914985457
20394,4,-4.303269875648908
20398,4,-5.630045334317266
20431,4,-5.4885857963948155
20438,4,-4.567368088612774
20439,4,-6.538805088490349
20443,4,-5.61837291338891
20452,4,-5.334177300335583
20457,4,-6.017372635709613
20461,4,-4.717877416927806
20473,4,-4.531675851190457
20485,4,-6.390506691662807
20487,4,-5.401471830659084
20488,4,-7.028191260156817
20489,4,-5.30848143919043
20498,4,-5.294340597935253
20501,4,-6.235599981266532
20512,4,-6.629643098526827
20517,4,-5.0801414458204235
20519,4,-4.984898147280823
20521,4,-5.5789467631182745
20522,4,-4.950079887533363
20525,4,-5.749972390486931
20532,4,-6.333397051645626
20540,4,-5.545915515373842
20551,4,-4.567368088612774
20552,4,-5.733779743821877
20554,4,-4.781796234537154
20563,4,-6.970132117102459
20564,4,-5.657269862960391
20574,4,-5.586657755644289
20579,4,-6.001603912011056
20595,4,-7.203205924552904
20596,4,-5.584284180572794
20604,4,-4.975961011850707
20618,4,-6.417655542645875
20625,4,-4.949872525578833
20627,4,-3.354308276420575
20628,4,-5.197214348722042
20633,4,-7.014753173215979
20642,4,-6.208484533859959
20645,4,-5.080942713174323
20677,4,-5.03141456770625
20678,4,-5.021834583826205
20685,4,-5.03412052690436
20701,4,-6.73544247465513
20702,4,-4.774309750183207
20708,4,-5.53410930881617
20715,4,-6.054677342698611
20716,4,-4.597188480566253
20719,4,-4.73306935642298
20720,4,-4.669150538813632
20731,4,-5.092615186460826
20738,4,-4.152989998708144
20740,4,-5.057806616209469
20747,4,-6.350845300567343
20752,4,-7.03144543976439
20757,4,-4.99932579476426
20758,4,-5.2878059721273445
20763,4,-5.22002902648822
20764,4,-7.401517976920992
20770,4,-6.258064187999729
20774,4,-6.01512637604764
20786,4,-6.836406840881899
20789,4,-4.632036829558814
20792,4,-4.850261470547174
20805,4,-4.6944837808551725
20813,4,-4.639402579866577
20816,4,-6.992636002393887
20822,4,-6.785539352509183
20829,4,-5.262526502445908
20840,4,-4.773423155970697
20849,4,-4.508872027815471
20856,4,-4.410735822164412
20864,4,-4.726648902511421
20876,4,-4.441680170172177
20879,4,-5.245028635045131
20882,4,-5.452950355310087
20898,4,-7.592051867128937
20902,4,-5.166872342800453
20904,4,-6.082353686029407
20906,4,-5.80292284898119
20915,4,-4.373964857498841
20916,4,-4.11366313959897
20933,4,-4.871136056708089
20941,4,-4.377761352562828
20943,4,-6.908164547009136
20946,4,-6.248504348545545
20956,4,-5.6093130600053485
20967,4,-4.290647386827104
20972,4,-5.762199443983526
20979,4,-5.033408981068028
20983,4,-5.356953599478963
20991,4,-7.249885741153328
20996,4,-5.316353515862417
21002,4,-6.907972626335855
21003,4,-5.241511744126406
21010,4,-6.081412534889147
21016,4,-6.073258244448475
21021,4,-4.7594149284973355
21032,4,-6.333730415477703
21052,4,-4.508872027815471
21062,4,-4.726109638655288
21070,4,-6.751198641575179
21074,4,-5.604412271775097
21075,4,-5.832355179611
21095,4,-5.216874083324377
21102,4,-4.786502773277725
21107,4,-5.050229676280239
21110,4,-6.075349321683518
21113,4,-5.623384059266414
21119,4,-4.938183197783069
21125,4,-5.603350793813753
21131,4,-5.79398418259656
21133,4,-5.775878627344177
21141,4,-5.000630149079427
21142,4,-6.507542127115272
21147,4,-5.98749151724121
21159,4,-5.437192831278914
21162,4,-5.023328704390806
21167,4,-5.11414849388958
21177,4,-4.527524613636402
21206,4,-6.510207036726278
21210,4,-6.421824265657683
21217,4,-4.8403897367212565
21241,4,-4.757072266049519
21249,4,-7.119071679321209
21259,4,-5.516396511127176
21262,4,-6.269193315134885
21263,4,-6.676549138744292
21267,4,-5.361288033530336
21268,4,-6.10809698186236
21271,4,-6.412761452551031
21280,4,-5.706561727493238
21282,4,-5.830518039627293
21286,4,-5.456312974794741
21290,4,-5.0588638934749
21306,4,-5.634446586456541
21317,4,-5.646200153758066
21319,4,-4.373218790257376
21320,4,-6.655295541596104
21327,4,-4.789811571298998
21338,4,-6.966098660549946
21347,4,-5.115167445011203
21357,4,-5.279191705177787
21363,4,-6.7429049671513965
21367,4,-5.258177514654278
21374,4,-6.557986194264927
21383,4,-5.964210510074331
21384,4,-4.751054767249897
21386,4,-6.547798796026576
21388,4,-6.27490023439298
21394,4,-4.735753379374174
21398,4,-5.244164719598288
21405,4,-6.691285137912736
21421,4,-6.315668028682708
21437,4,-5.284006076090876
21448,4,-5.1676179093697385
21452,4,-5.036414389730524
21453,4,-4.337583886537416
21462,4,-5.037612499538277
21465,4,-5.489260753451383
21470,4,-5.70477398457686
21485,4,-5.089760982645295
21495,4,-4.4587299740990005
21501,4,-7.341599949835384
21505,4,-7.239377168283632
21519,4,-5.112325797194316
21524,4,-5.729165283486992
21526,4,-4.512488297471904
21529,4,-4.660513436455005
21544,4,-5.330769909768996
21556,4,-5.989187928377696
21565,4,-5.223229252527595
21567,4,-4.889571505710471
21573,4,-6.619410900316922
21581,4,-5.479284128838707
21595,4,-7.174119727749414
21601,4,-4.967594229514475
21622,4,-6.531978622745882
21628,4,-4.6718345617648325
21636,4,-4.948079189370716
21653,4,-5.396023884911287
21659,4,-5.61554677838695
21662,4,-4.905813505820284
21674,4,-5.389811114111318
21683,4,-5.9775578038589074
21692,4,-6.229026662417482
21717,4,-4.6713468647221035
21719,4,-6.0392603012113355
21728,4,-5.345650830348596
21735,4,-5.563875471336964
21748,4,-5.9708255874064236
21749,4,-6.139468159707938
21751,4,-7.322694638955362
21756,4,-5.388025617595865
21758,4,-6.199411411794642
21761,4,-6.998430038907806
21766,4,-4.785323701816218
21777,4,-5.483396301830723
21778,4,-4.298078503577962
21784,4,-4.4502887203951715
21797,4,-5.6627290246027755
21798,4,-5.403939581408871
21807,4,-5.560328933013274
21808,4,-5.681173172791134
21814,4,-4.93546188090891
21823,4,-4.315045021968544
21828,4,-6.361625592476351
21839,4,-5.045792947832716
21844,4,-4.13806077474041
21847,4,-4.209385655557689
21853,4,-5.450271519240502
21855,4,-4.485476458376013
21860,4,-6.211492649355314
21864,4,-5.645118269997994
21867,4,-3.9242639065986396
21869,4,-4.568400276101329
21873,4,-5.487257052080601
21875,4,-5.99837851927726
21891,4,-4.515677332514429
21893,4,-5.543207060560057
21900,4,-4.485476458376013
21902,4,-5.183668585675392
21912,4,-5.930852966914969
21917,4,-4.836375968823766
21921,4,-5.091983624774862
21922,4,-5.931795890069878
21929,4,-6.378371984424028
21934,4,-5.03840796314708
21939,4,-5.33090487395647
21940,4,-4.549395275985354
21941,4,-5.691190403540439
21948,4,-5.282583624803657
21950,4,-5.85943424372968
21971,4,-5.239427679550609
22009,4,-4.961475331964522
22028,4,-4.74014840517075
22031,4,-5.3813512346204035
22033,4,-6.206759243009266
22039,4,-5.197775067756751
22046,4,-5.050717606248604
22056,4,-4.543450997510092
22062,4,-5.620982246431375
22070,4,-5.128700761974656
22071,4,-5.547557713508915
22076,4,-5.3813512346204035
22077,4,-6.553166649501634
22079,4,-3.736284283240778
22083,4,-5.514386448309153
22084,4,-7.390463604934489
22088,4,-4.811473285988029
22093,4,-6.133174986554302
22099,4,-4.848789604234206
22104,4,-5.5329279984970725
22125,4,-6.891003626901231
22145,4,-4.962297635660377
22146,4,-4.644552559628103
22167,4,-6.781149083237899
22168,4,-6.788555146445837
22173,4,-5.315765975075372
22177,4,-7.5721899839920965
22178,4,-5.839337194369854
22183,4,-4.846735687241441
22184,4,-4.423049359539625
22186,4,-4.8381048085895415
22187,4,-4.600033606767759
22194,4,-4.487800794228789
22203,4,-4.767259036777894
22208,4,-4.06894384269453
22225,4,-5.917118359458172
22232,4,-5.091183176158026
22236,4,-4.562919897512934
22242,4,-5.599715756292987
22251,4,-4.945168798667893
22257,4,-5.725791800079669
22265,4,-5.77728496130792
22281,4,-4.75401835617938
22291,4,-5.917956477640423
22302,4,-6.1737439455224035
22303,4,-6.237662763131745
22308,4,-5.576677422676617
22322,4,-7.040204772415819
22324,4,-4.474334065464227
22325,4,-4.8662900451090465
22329,4,-5.865541238884113
22331,4,-7.009555058779455
22335,4,-6.187241838164198
22342,4,-5.0044032218230186
22343,4,-4.297349818236093
22352,4,-4.1402687235118165
22366,4,-5.172211654020025
22384,4,-5.954449467678707
22386,4,-7.881767937133759
22389,4,-4.4149954522109525
22394,4,-4.481746135512864
22395,4,-6.1826180821038506
22400,4,-6.819217799031421
22402,4,-6.046752716796753
22407,4,-5.750345647836802
22419,4,-4.937556034644118
22421,4,-4.72328637778044
22422,4,-5.3732875769341675
22424,4,-6.189775958875003
22425,4,-4.395765558366385
22433,4,-4.1921966137072175
22436,4,-5.445723681015892
22438,4,-4.693646892370964
22443,4,-4.256115431316559
22444,4,-6.193435312058455
22446,4,-6.534463196513457
22455,4,-6.627625473628392
22461,4,-6.026508782991868
22463,4,-4.491927470066045
22465,4,-5.157023038207683
22469,4,-5.258043996847036
22474,4,-6.048681753099565
22482,4,-5.404893847074341
22489,4,-4.721864905947932
22503,4,-4.774708106093854
22507,4,-4.542665318537473
22511,4,-5.529041151687629
22522,4,-5.35797109148622
22526,4,-4.433099678544693
22528,4,-4.440505741752638
22530,4,-6.231739276000873
22531,4,-4.899296476253639
22544,4,-5.3265618257769205
22548,4,-6.1814729706081195
22552,4,-4.838626923703195
22554,4,-6.047774020601679
22555,4,-4.629619601224036
22556,4,-5.68745791656935
22560,4,-4.911763059821752
22561,4,-4.661505654086241
22563,4,-6.318586838689605
22566,4,-6.157948999737904
22570,4,-5.982641978514131
22572,4,-5.870298168240538
22588,4,-6.013863572658046
22593,4,-5.4519060398393435
22594,4,-5.774935416009001
22596,4,-5.340135488474239
22601,4,-5.881135249122032
22602,4,-7.281206095507507
22603,4,-4.757564498293696
22606,4,-4.4726959169518
22611,4,-6.6499624036322444
22614,4,-6.024290611448031
22623,4,-4.936114505367229
22625,4,-5.6811569156153325
22629,4,-5.558101174818418
22634,4,-6.325019657301631
22635,4,-5.672595472742977
22645,4,-4.762474966130796
22648,4,-5.3158297243329
22653,4,-5.4519060398393435
22660,4,-4.838626923703195
22664,4,-6.984020716758209
22684,4,-5.045392324372571
22686,4,-6.185351121229331
22690,4,-5.620638595550794
22701,4,-6.4292971624912525
22702,4,-5.763849011298632
22711,4,-5.8425790254206404
22716,4,-5.63948355559382
22718,4,-5.498761071041493
22722,4,-7.534174652683319
22738,4,-5.99207526787
22741,4,-5.472093922656889
22746,4,-4.75336118094296
22748,4,-6.114948565265415
22751,4,-5.749273043431323
22756,4,-5.4390530787429086
22759,4,-6.223678807651751
22782,4,-5.53166355863835
22783,4,-3.33846492153576
22792,4,-5.250079021716417
22800,4,-5.668103356170846
22801,4,-5.241289864828516
22819,4,-5.197000007955609
22830,4,-6.128768965415894
22835,4,-7.333507236166746
22840,4,-5.247000707651367
22844,4,-5.635224963114965
22848,4,-4.827124804995492
22849,4,-6.039968670949712
22852,4,-6.136175028623832
22882,4,-6.740757078770976
22886,4,-6.300052567047871
22895,4,-4.763205987386151
22896,4,-4.501803858426953
22900,4,-7.02032781798664
22901,4,-6.986301087356658
22904,4,-5.1510702875245045
22905,4,-6.440092193338856
22909,4,-6.707420901708467
22910,4,-4.334161376448037
22911,4,-6.636096020891188
22917,4,-5.31501679044738
22925,4,-5.548640732885431
22926,4,-5.595359091260754
22936,4,-6.398110974984739
22940,4,-5.7479741527015165
22944,4,-4.501803858426953
22955,4,-5.494342530794569
22967,4,-5.197422968505634
22968,4,-5.663361073865971
22970,4,-5.413413393642706
22979,4,-6.0402805478199255
22991,4,-5.663361073865971
22993,4,-5.261341786114976
23011,4,-6.184746979105434
23045,4,-6.039658474235615
23046,4,-5.323371115197247
23047,4,-5.323371115197247
23052,4,-5.196623668614748
23054,4,-5.14625061405205
23068,4,-5.92300734396931
23069,4,-6.128409249201248
23074,4,-5.008991132940203
23079,4,-4.468819807592695
23082,4,-5.608188948641896
23097,4,-6.398116564442169
23100,4,-5.167816800285095
23101,4,-5.197456285694571
23102,4,-5.261375103303919
23106,4,-4.922694840081938
23112,4,-5.741185807029815
23115,4,-5.825814652143649
23123,4,-6.212560548639416
23150,4,-4.837860328261812
23151,4,-4.40653429997645
23155,4,-6.802651895016496
23157,4,-5.221204461816704
23187,4,-5.3433469123632165
23189,4,-4.799871329341002
23191,4,-5.166072227664472
23199,4,-6.628157781017272
23203,4,-7.181088753730812
23211,4,-5.425029644156304
23212,4,-5.648608542942732
23213,4,-6.7894300339317795
23215,4,-5.986500759286443
23216,4,-5.410638972015036
23217,4,-6.1760981521945055
23218,4,-4.535445102383569
23219,4,-4.622947685663547
23221,4,-5.740596255087425
23225,4,-6.427786758513015
23226,4,-8.037350087113687
23233,4,-6.937030272162282
23240,4,-5.896199015424699
23245,4,-6.165108972476077
23249,4,-4.3052440166772925
23251,4,-6.212204603041819
23252,4,-5.80816763628183
23268,4,-6.328148981494948
23270,4,-5.309281151234082
23272,4,-4.53114108269159
23274,4,-6.643442784483312
23280,4,-5.533588989912239
23294,4,-4.591791967164674
23314,4,-5.140624206022039
23318,4,-5.612900178245745
23319,4,-5.389509746667933
23324,4,-4.98733320490981
23326,4,-5.99837851927726
23327,4,-7.142336606217988
23339,4,-5.585662968384476
23342,4,-3.5383126425330502
23344,4,-5.08717366158146
23346,4,-3.655114595980301
23354,4,-5.064358983815289
23357,4,-5.81616232927373
23371,4,-6.285469108512181
23375,4,-7.262003003605322
23389,4,-5.47991852635446
23392,4,-5.4504868074396455
23399,4,-6.320413277524068
23401,4,-5.271668924867953
23407,4,-5.570698951461715
23416,4,-5.742596312391399
23419,4,-5.433142682248018
23440,4,-6.342210012873274
23447,4,-6.034386970262105
23449,4,-5.997848066157694
23452,4,-4.8338247444684725
23453,4,-6.4215323948103205
23458,4,-8.297635859361243
23466,4,-6.349820576167659
23468,4,-6.262577657604517
23469,4,-5.201770456854682
23472,4,-5.885842788330393
23474,4,-5.363572835010785
23479,4,-4.716206769770345
23481,4,-5.276458869275054
23483,4,-6.1816158864215325
23485,4,-4.786178580834651
23487,4,-6.193460725558644
23503,4,-4.911607572593681
23506,4,-5.434044020225947
23507,4,-4.774552618865783
23508,4,-4.41635952633014
23511,4,-5.501582019415842
23512,4,-6.209174263218067
23518,4,-5.838522591633733
23524,4,-5.499453710867499
23532,4,-5.659197530410665
23533,4,-5.197869124301263
23552,4,-5.340444486315029
23562,4,-5.712558298533331
23573,4,-6.216914210635778
23575,4,-5.975441162916582
23576,4,-6.52640383378381
23592,4,-6.2940449070819895
23601,4,-4.981831443901477
23607,4,-6.430759704496907
23612,4,-8.16460010970603
23617,4,-4.995242051769424
23623,4,-5.145348194022411
23627,4,-7.016479598434685
23652,4,-5.694483203729483
23654,4,-5.788149537071035
23656,4,-6.070094526406685
23664,4,-6.401751197905639
23670,4,-4.828290101921944
23673,4,-5.7437035940407455
23675,4,-5.778378770846345
23679,4,-6.938367430996784
23680,4,-5.429812540963091
23685,4,-4.245928089922671
23687,4,-5.340377686884395
23688,4,-6.0291888558255735
23692,4,-4.881249981058552
23698,4,-5.9822294800110996
23699,4,-5.999562855809387
23704,4,-5.392289972101246
23707,4,-5.477227783336552
23720,4,-6.149379362762204
23721,4,-5.327758564929823
23723,4,-5.190703611201933
23730,4,-6.143087670995946
23749,4,-5.563372528476847
23751,4,-5.420498257179297
23754,4,-6.595978211758258
23764,4,-4.485296073627552
23773,4,-4.945168798667893
23780,4,-4.624680117432483
23787,4,-6.209948724175838
23788,4,-5.853137248132633
23794,4,-6.544602212781541
23798,4,-4.606605022628635
23809,4,-5.490873219240022
23816,4,-4.365701957791153
23829,4,-4.843241286530841
23835,4,-4.2113961344121265
23839,4,-5.432129684506357
23840,4,-6.270510462618937
23842,4,-4.770043063595274
23844,4,-5.489966313130566
23862,4,-5.6898372660139245
23863,4,-5.682431202805979
23870,4,-5.104749927377966
23871,4,-5.040831109768618
23877,4,-5.557937411945225
23886,4,-5.351520834087282
23889,4,-6.271994199666892
23894,4,-6.189066334065494
23897,4,-4.978687720703604
23900,4,-4.439802109953682
23902,4,-6.437817671854134
23905,4,-4.912917334892818
23906,4,-5.771655684001949
23912,4,-6.269739674836025
23915,4,-4.494893000438388
23916,4,-4.7618845515477375
23920,4,-7.200094664850411
23923,4,-5.333988519999345
23948,4,-6.6089422367213615
23964,4,-5.9486876411472664
23973,4,-4.616786357181816
23977,4,-5.508346015071339
23982,4,-6.379679521296993
23990,4,-3.286565320275095
23996,4,-6.456614042175616
24004,4,-1.5305787262936263
24012,4,-1.6741674938391284
24019,4,-0.27221816658815357
24027,4,-1.7148830746104125
24030,4,-1.9708765214801147
24031,4,-0.7278437204462094
24042,4,-0.042336677283898894
24044,4,-1.3086910502970355
24045,4,-3.343092916118657
24046,4,-2.409896511427121
24047,4,-2.90180125380067
24051,4,-1.6852917504348852
24067,4,-5.956406181726486
24073,4,-7.440256067719218
24085,4,-5.533167324073268
24087,4,-8.145163720545902
24089,4,-5.34768656254829
24094,4,-5.446681380502255
24110,4,-4.821914871903054
24113,4,-4.851881219149057
24118,4,-6.02163619390889
24120,4,-7.169294857970563
24126,4,-7.102313981049576
24127,4,-5.955952098871002
24153,4,-6.315699277529568
24155,4,-5.595078626151263
24158,4,-6.443632333068322
24161,4,-4.459958537518787
24162,4,-6.296514886090314
24166,4,-4.4812825146023485
24180,4,-7.1891866252883645
24189,4,-6.877018971359917
24195,4,-6.512371186405147
24206,4,-6.1634836364565615
24213,4,-6.454633864637223
24219,4,-6.4002855760441335
24222,4,-6.805973010330085
24226,4,-6.604265383468416
24249,4,-6.2649548586271635
24250,4,-4.968088681500255
24252,4,-7.302084032135028
24254,4,-5.442096361030785
24255,4,-7.579340745440156
24262,4,-9.36990886830425
24267,4,-6.044174034596452
24268,4,-5.166215380108355
24269,4,-6.313160138577082
24277,4,-8.111082568033268
24282,4,-6.430086570021672
24283,4,-7.576448452200246
24284,4,-6.803485983820906
24288,4,-6.624951752686243
24289,4,-5.6981199674612455
24304,4,-7.805098604227588
24307,4,-7.801000320209695
24310,4,-6.677656266105771
24320,4,-6.4025281932251445
24329,4,-6.841124588264734
24334,4,-6.795133009867378
24340,4,-6.69201059626532
24344,4,-7.490085142798371
24351,4,-6.929798279868976
24358,4,-3.7056477838342303
24362,4,-6.17536660475745
24370,4,-7.196754739156802
24373,4,-4.174978352364029
24374,4,-7.231949375029863
24381,4,-7.055444219734369
24383,4,-6.0397699183913645
24384,4,-5.891663167307357
24390,4,-7.221337305424576
24394,4,-6.849763410757191
24409,4,-6.925354649294903
24425,4,-7.061517938622387
24427,4,-6.694852986376041
24430,4,-4.404069146295527
24434,4,-7.385401502806765
24442,4,-5.132805049489306
24447,4,-7.302084032135028
24483,4,-6.199844077269383
24487,4,-4.535869944982579
24508,4,-6.360117168435998
24530,4,-6.399166845448953
24535,4,-5.616513104150478
24540,4,-7.1169805031741475
24548,4,-6.4025281932251445
24550,4,-6.207250140477321
24562,4,-6.117733131265034
24564,4,-6.110260626818572
24565,4,-6.717620060563696
24575,4,-6.165238466372131
24579,4,-5.637538412986153
24581,4,-6.628691551585682
24596,4,-6.8966522309855876
24598,4,-6.865944415939374
24605,4,-7.452069105850789
24617,4,-5.049144437347387
24627,4,-5.564253768793471
24630,4,-4.709702461188925
24641,4,-7.178863495846677
24644,4,-4.353521980264134
24648,4,-5.261475301787826
24650,4,-9.667170248738493
24655,4,-7.070852834292602
24670,4,-3.85586816304275
24677,4,-5.884537078235674
24682,4,-6.094001542701065
24683,4,-6.404735605669039
24711,4,-7.870892645762353
24716,4,-6.218210307355925
24725,4,-5.341435217744461
24733,4,-6.3389409287246465
24754,4,-4.520261435248571
24759,4,-6.283937706284256
24762,4,-5.025281805573826
24765,4,-7.3850251634659045
24779,4,-7.782819045048768
24781,4,-6.582112934123806
24782,4,-4.745556585552279
24790,4,-6.247322299041379
24804,4,-5.414542115253624
24813,4,-5.1504439022897515
24833,4,-6.787765063187059
24838,4,-7.270733291293865
24840,4,-7.545097711359084
24843,4,-6.7971451671907985
24844,4,-5.720442352148794
24846,4,-5.1382229158336585
24855,4,-6.481260477689169
24857,4,-6.919824181966881
24859,4,-7.4872198212540795
24860,4,-6.919824181966881
24868,4,-7.357466786669377
24879,4,-5.937094296732916
24891,4,-7.662877775948708
24897,4,-6.247362359420322
24902,4,-5.64062573464129
24918,4,-6.268634999028983
24922,4,-7.2294213849560265
24923,4,-3.6377715611174466
24927,4,-6.34732992032955
24936,4,-5.937094296732916
24939,4,-7.4618225048527975
24948,4,-5.545652790506253
24952,4,-6.203218121292387
24961,4,-7.494724656796386
24962,4,-4.179682969887544
24967,4,-5.199802407998156
24972,4,-7.2116807748554805
24976,4,-4.84734238703772
24991,4,-6.601627459302691
25005,4,-6.875744470442797
25009,4,-4.13758957077664
25026,4,-5.170390855945563
25038,4,-4.368161198479839
25046,4,-6.145678658662042
25063,4,-6.25181080709995
25066,4,-5.637181074675723
25077,4,-7.200008353927117
25084,4,-7.274774408024918
25106,4,-6.145678658662042
25112,4,-6.475673296220037
25113,4,-6.7948662032938
25129,4,-5.650553047231632
25139,4,-5.98175221976453
25143,4,-6.001013114342257
25153,4,-5.22305281875623
25154,4,-6.553661629019764
25165,4,-6.753611823954934
25166,4,-5.098271260281152
25173,4,-7.289663558170048
25176,4,-8.436570327300664
25180,4,-6.7971451671907985
25182,4,-5.660024387703679
25186,4,-8.121945158020665
25187,4,-6.946312376097694
25206,4,-5.939482630252776
25215,4,-7.516180158661761
25222,4,-6.342735151191505
25227,4,-4.802343113485136
25228,4,-3.589978356536548
25235,4,-6.380778443361784
25248,4,-6.18659520760751
25253,4,-6.610909886192545
25254,4,-5.94030030313025
25258,4,-5.895194411029593
25260,4,-7.794491465977131
25265,4,-6.415339277043159
25270,4,-6.460410798630555
25282,4,-5.868157749435497
25284,4,-5.5790292731858315
25285,4,-3.788804344462527
25286,4,-6.462869934988987
25290,4,-6.518789097636578
25292,4,-4.209653952658485
25296,4,-5.699713131095308
25298,4,-7.597966247887626
25301,4,-6.511913487575548
25306,4,-7.24015555948548
25309,4,-7.145157910668878
25313,4,-6.49619350548889
25316,4,-5.765683754114534
25320,4,-7.079496672209494
25330,4,-6.942444271993452
25336,4,-4.225637311302151
25339,4,-7.498575458086556
25341,4,-2.7363728437124166
25342,4,-3.920888725255246
25348,4,-5.805231689133507
25359,4,-5.660739052186138
25363,4,-4.0951574965490565
25365,4,-4.162308514370004
25369,4,-5.655176855055956
25378,4,-6.79340723816042
25380,4,-6.818412669916029
25384,4,-6.35936430618672
25385,4,-5.627646702919442
25386,4,-7.220756906423084
25394,4,-7.512859946947884
25395,4,-6.959930221029445
25396,4,-6.541038818346699
25404,4,-6.995709619796052
25408,4,-6.426887308932066
25411,4,-5.98258483684436
25417,4,-6.40060917129879
25424,4,-5.334787459858191
25427,4,-5.250228000658922
25431,4,-6.07199436362577
25434,4,-4.0000627316498765
25435,4,-5.464776838408092
25463,4,-2.8999268320372735
25474,4,-3.750011894325283
25475,4,-3.630433392592195
25486,4,-5.891946145112428
25488,4,-5.056309123811893
25492,4,-5.962650638357552
25496,4,-6.179856328224297
25497,4,2.987462452472819
25509,4,-4.5390462559737585
25510,4,-4.175411617220426
25513,4,-4.520971161169918
25523,4,-6.3458996273088175
25524,4,-5.028773518499911
25534,4,-2.610649508826988
25536,4,-4.27303887413467
25537,4,-3.2062645230473024
25547,4,-4.256265619945957
25555,4,-2.1293456059963702
25564,4,-5.778050942632305
25567,4,-4.247140853744817
25568,4,-4.9082275547883185
25569,4,-5.355377522409086
25583,4,-4.855377984308575
25584,4,-3.7597093214647685
25587,4,-5.663050641320616
25588,4,-4.789298859298221
25592,4,-2.5245544942128646
25608,4,-5.812968965239158
25612,4,-3.4226931447671163
25615,4,-4.838536562223993
25619,4,-4.776293973762513
25620,4,-5.841969760241653
25625,4,-6.103813345465781
25630,4,-4.401113574707168
25638,4,-5.03712341299309
25639,4,-5.197840430545369
25651,4,-4.237406230739694
25652,4,-5.761135018892105
25662,4,-5.749326955761681
25671,4,-4.553128455519435
25672,4,-6.034916075673095
25679,4,-5.036646836752318
25684,4,-2.9666229470634633
25686,4,-4.857866121264053
25690,4,-4.256265619945957
25698,4,-6.281287549776316
25713,4,-4.594871076124008
25728,4,-2.99514102216569
25729,4,-5.4904570711718605
25737,4,-4.391081720541344
25745,4,-3.182379128934784
25746,4,-4.62060305651832
25752,4,-2.7687875616204423
25760,4,-5.112884224318634
25768,4,-4.754630070479621
25776,4,-4.773585321638798
25779,4,-4.264470263293184
25791,4,-4.31090503222908
25809,4,-5.090322429286573
25819,4,-4.774617744614645
25827,4,-4.874149593708076
25830,4,-4.969575628436374
25836,4,-2.715346892690391
25840,4,-5.017814348098341
25849,4,-4.08651194875857
25858,4,-4.694728494182044
25875,4,-4.474399191213081
25876,4,-2.8630513998228793
25881,4,-5.00127200556399
25883,4,-5.002614272589646
25896,4,-4.355000865574787
25901,4,-5.4497583106416485
25908,4,-4.622363726645496
25919,4,-4.81628875617897
25928,4,-5.0083870258045025
25933,4,-4.692874463890362
25937,4,-5.955864962721769
25946,4,-4.918347380784347
25949,4,-6.8958102670424
25955,4,-2.790073735794401
25967,4,-4.454611920606453
25968,4,-4.560480733972966
25971,4,-4.1678022516342494
25973,4,-5.258046314055157
25976,4,-5.115770771929682
25978,4,-3.350165084666358
25981,4,-3.8749211804358623
25992,4,-5.17430320070698
25997,4,-5.026341540714249
26007,4,-5.191289188241342
26017,4,-5.195628154844847
26026,4,-5.190828698646456
26029,4,-4.777312116577292
26031,4,-4.911913248451157
26036,4,-5.992838403428742
26044,4,-2.910978270751457
26047,4,-3.1003640492767772
26048,4,-3.2464260484659846
26050,4,-4.699210542813049
26054,4,-5.381104261375114
26057,4,-5.998078293550336
26064,4,-4.6094195276149605
26081,4,-5.309779380557828
26086,4,-3.1199855932306164
26087,4,-6.157496778198841
26090,4,-3.360906874536319
26094,4,-5.228609693297358
26103,4,-4.4184667679927685
26121,4,-4.474399191213081
26122,4,-5.053076605792803
26123,4,-5.14640718705256
26134,4,-5.736607118399419
26136,4,-2.9347272047051547
26141,4,-5.0611656951020265
26142,4,-5.132779422797761
26143,4,-4.8386051432287545
26146,4,-6.426165429465854
26156,4,-2.8128884135605716
26162,4,-4.741002124778184
26165,4,-4.332177027409756
26169,4,-7.917281768699048
26180,4,-4.402046907810629
26181,4,-5.255405912145839
26183,4,-4.713519049564418
26188,4,-5.66460522384866
26190,4,-5.130942497001612
26191,4,-6.144558118750226
26205,4,-4.715545683175073
26211,4,-6.132401592325181
26224,4,-4.162671412535566
26225,4,-2.676259177566763
26233,4,-5.808246791291978
26234,4,-5.352167695135769
26263,4,-4.607219919745631
26278,4,-4.876184402573607
26284,4,-4.680854639746315
26285,4,-3.947438516321405
26289,4,-6.214338481733591
26292,4,-4.402046907810629
26298,4,-5.998134930624367
26312,4,-5.905061435074465
26338,4,-3.295189717716532
26340,4,-4.578822404871708
26341,4,-2.385619563139663
26344,4,-3.6833403033575394
26349,4,-6.488961597896925
26356,4,-3.947438516321405
26360,4,-4.977391124523258
26362,4,-5.431732419597203
26364,4,-4.3662954678556645
26383,4,-2.459053487700011
26390,4,-5.0030888064313075
26394,4,-3.6833403033575394
26400,4,-3.947438516321405
26405,4,-2.292061260120839
26408,4,-4.392573605488941
26409,4,-3.9684617474355264
26414,4,-4.628768074795623
26415,4,-4.808464500358397
26422,4,-5.177768989139857
26423,4,-4.796792079430034
26427,4,-4.722062502375138
26451,4,-5.275554425630659
26453,4,-5.033849721764739
26458,4,-4.32462081435289
26480,4,-2.8156027448188254
26481,4,-2.7359285849207495
26486,4,-3.181448823801489
26498,4,-4.1284753925250754
26501,4,-6.018191061150738
26530,4,-3.485256972875206
26531,4,-4.742493877339179
26546,4,-5.012249201610878
26553,4,-6.933677008281414
26559,4,-4.243860574658967
26571,4,-4.1896998381717765
26588,4,-4.53703997454835
26596,4,-6.233485561784548
26601,4,-3.139743796941069
26604,4,-4.251167158776958
26612,4,-4.800512448975148
26617,4,-5.024567771567845
26631,4,-4.592407633982802
26654,4,-2.0184904473545444
26660,4,-5.088486589177194
26673,4,-4.529633911340412
26675,4,-4.853903036374831
26677,4,-5.629373600852951
26682,4,-4.8147057988037005
26685,4,-5.629373600852951
26688,4,-7.013910392149569
26701,4,-4.214430067430754
26705,4,-2.302322932784662
26706,4,-5.0729691279695075
26709,4,-2.399898162879502
26710,4,-4.030755986993142
26727,4,-6.3543704353984936
26746,4,-3.334639194440207
26747,4,-4.649353885266073
26749,4,-4.943910340256053
26751,4,-4.877759860807622
26760,4,-3.5565320052361926
26770,4,-4.6459357260689345
26784,4,-5.255701954365215
26792,4,-5.496739138318425
26802,4,-6.435256674308732
26811,4,-3.83695723674586
26813,4,-6.254514978640714
26816,4,-5.371476760030511
26846,4,-4.094674804602491
26861,4,-5.283719381395549
26871,4,-4.018763397138692
26874,4,-2.3196489401204374
26879,4,-3.3730082954083613
26884,4,-4.770440554961652
26890,4,-5.287875841008535
26892,4,-4.7365495065590295
26908,4,-5.237755944322302
26910,4,-6.932334344952729
26917,4,-2.086193488783735
26922,4,-6.259574876279004
26924,4,-2.322037273640305
26944,4,-7.111267620665004
26954,4,-5.985052242085104
26958,4,-4.696372007807938
26960,4,-6.1648909405050745
26963,4,-6.122279372442492
26970,4,-4.171421953022275
26971,4,-4.356564712297931
26978,4,-4.915925419464763
26980,4,-4.87330168943722
26992,4,-5.901088899480811
27015,4,-2.5323186004312817
27023,4,-2.9173360213836546
27028,4,-3.938858024693914
27029,4,-4.8458938346234675
27036,4,-4.676361807127627
27048,4,-3.909658366340274
27053,4,-4.593182094940566
27059,4,-4.291542069706502
27061,4,-4.657100912549907
27066,4,-3.094880591950414
27088,4,-3.2421767868578897
27096,4,-3.557230351561678
27099,4,-4.228407546499568
27110,4,-4.3220738798411205
27119,4,-5.485120588573338
27124,4,-5.071754885794519
27132,4,-5.4001342758697675
27135,4,-4.757108533838078
27145,4,-4.256132096436048
27149,4,-3.2564002478196983
27150,4,-4.179898111920217
27152,4,-5.561078566499667
27161,4,-6.713079569481366
27164,4,-6.025714339347999
27169,4,-5.563437148166756
27170,4,-5.319694123532869
27177,4,-4.192213278826706
27179,4,-6.685047458940737
27187,4,-5.967246466806721
27193,4,-4.943002029877277
27200,4,-4.927618711614144
27201,4,-3.673499839116019
27203,4,-4.6276691936351
27210,4,-4.22100148329163
27211,4,-4.5269017201868
27212,4,-4.126266038126104
27216,4,-5.421203722599607
27217,4,-4.524107789158478
27220,4,-4.473055522150936
27223,4,-5.60607174472208
27230,4,-4.992101430909507
27231,4,-4.976556743583686
27232,4,-5.570371552360726
27236,4,-4.819226513337696
27246,4,-2.8550316626729284
27265,4,-4.244721971176226
27266,4,-6.251631562081592
27286,4,-4.204912196799732
27311,4,-5.688351326797076
27313,4,-6.267490899584608
27315,4,-3.0728803487875567
27326,4,-6.281502083321563
27333,4,-3.765366328669117
27337,4,-5.100985525425337
27346,4,-4.595432669975764
27347,4,-4.362866950523781
27357,4,-4.592694397897837
27361,4,-4.356882359148344
27371,4,-4.784388071168465
27375,4,-6.04887460857919
27376,4,-4.904344822119157
27379,4,-5.746484295599636
27397,4,-6.020140577796177
27405,4,-4.86160737228289
27408,4,-3.917064429548212
27428,4,-5.240513378329645
27433,4,-4.740930831375373
27437,4,-6.764290489159464
27442,4,-4.987083701221437
27444,4,-7.121020185471302
27465,4,-5.557742251273723
27471,4,-5.248756095168531
27474,4,-3.118400981975661
27475,4,-2.9159574161285136
27478,4,1.2756685626999769
27486,4,-3.2554755046615895
27493,4,-2.876016593341326
27494,4,-4.759679277799364
27505,4,-2.9816874890391247
27507,4,-6.850307998757536
27510,4,-5.200500490875655
27514,4,-3.096364792761129
27515,4,-4.321139290939847
27521,4,-5.994075981959995
27524,4,-5.663961614434797
27534,4,-4.167475893934423
27541,4,-3.8407218190428623
27542,4,-5.950309477939236
27565,4,-5.091132439240667
27571,4,-5.774368007290825
27574,4,-4.231182817844811
27579,4,-5.121645248453497
27587,4,-6.536131251071069
27598,4,-5.307372217045163
27610,4,-3.027826295056613
27619,4,-4.12226510390564
27627,4,-4.006660910692652
27640,4,-4.98864153138841
27644,4,-5.120045953756502
27650,4,-5.887497667903148
27652,4,-6.134726688892684
27667,4,-6.7157765543806605
27679,4,-4.762081255362084
27680,4,2.670314297930801
27686,4,1.9694956410752695
27701,4,3.403625565802024
27706,4,3.0343209847156842
27709,4,4.659261586805911
27712,4,3.743387991113771
27719,4,1.8240402849277615
27720,4,2.1400652308306647
27723,4,3.4499685310823764
27724,4,3.4195076842312417
27738,4,6.128134064429567
27756,4,2.600368646806487
27778,4,4.435957980019502
27786,4,2.1697669791043666
27793,4,3.3840850049796103
27795,4,2.6693980620790114
27799,4,3.0846769611601133
27805,4,3.63256542941226
27807,4,3.165846648420583
27812,4,4.516196448593554
27814,4,4.216465592234712
27815,4,4.361554097104538
27823,4,4.556307621394417
27853,4,3.552128107867212
27859,4,2.274102365805838
27866,4,4.7568048983489035
27881,4,2.4226551675221017
27885,4,2.1519009315280684
27895,4,3.6831663501134244
27904,4,4.899617716759401
27906,4,3.4321490995348256
27914,4,4.899617716759401
27924,4,3.5820216009681403
27931,4,2.8709204166074116
27952,4,2.692682143743589
27954,4,4.947809550486646
27955,4,3.1508827652625087
27975,4,0.10839561548581855
27983,4,1.6687283144098046
28004,4,0.4251335077001386
28006,4,0.02507814481407422
28034,4,0.42885014953759537
28047,4,-0.7435662284696392
28050,4,-1.1779000739842616
28066,4,1.5030449414213365
28069,4,2.5010584863297893
28077,4,0.40919791044392184
28092,4,1.557818927916884
28094,4,-2.1389652015097695
28095,4,-1.1348933130851222
28100,4,-0.4333477920001556
28104,4,-0.609601737266388
28106,4,0.9234321016851581
28112,4,0.5096988161636915
28113,4,-1.3606503354152721
28118,4,-0.8063455595036899
28121,4,1.8244105541316884
28140,4,2.359072691356836
28141,4,0.8506705667294554
28161,4,-1.0938522136116333
28173,4,-1.3899541030231077
28177,4,1.3663101497607286
28178,4,1.7253337827851354
28179,4,0.3334371840360788
28183,4,-2.2016854327841955
28186,4,-0.3476770862389955
28187,4,0.9924681823766122
28188,4,0.6516738220148923
28191,4,0.07948733974674127
28197,4,0.6061121887652803
28222,4,5.565039953732473
28233,4,1.9750594440174396
28253,4,1.9360737816306468
28258,4,0.4791144593060608
28263,4,0.6976756284044185
28264,4,0.6976756284044185
28275,4,0.37080864972589467
28277,4,-0.7366581830570382
28284,4,0.8052105019950346
28287,4,1.952576791299407
28288,4,-2.9262470508956895
28292,4,1.7456241925018645
28293,4,0.5539898486873156
28298,4,6.487446515463901
28303,4,0.7913507799839294
28309,4,0.6027656244050519
28313,4,0.4053508352535289
28319,4,2.494659290953699
28322,4,-0.5557836816776174
28328,4,-0.9837405100771051
28330,4,1.1454562968290247
28335,4,-1.1159791573179234
28338,4,0.13952573248538158
28342,4,-1.2671578853259788
28349,4,-3.156730113724926
28354,4,0.20972268413444084
28362,4,-0.19769575458695954
28375,4,0.10853258337606064
28376,4,0.568639966619692
28380,4,1.7558614631760818
28401,4,2.6186074555334216
28413,4,-0.17301227179484613
28417,4,0.40422510223221053
28425,4,0.808874567983267
28446,4,-1.3899441375152364
28449,4,0.7636115424452186
28458,4,0.054875627937725824
28465,4,-2.5533382662293107
28469,4,2.647225360471843
28474,4,1.3109453242457931
28476,4,0.6133447946449166
28482,4,0.5494259770355683
28490,4,0.34421905631491967
28506,4,0.0518942631640229
28514,4,-0.8284544965210685
28518,4,-0.7328187986172665
28533,4,0.48924656186593296
28535,4,1.1832598061421535
28558,4,-0.2519452604610848
28559,4,-0.12287684967688506
28564,4,0.5272525670200636
28568,4,1.6772079641083906
28569,4,0.6511979778587644
28573,4,1.2916107011112956
28583,4,0.7959123046450856
28597,4,0.7300498232678123
28622,4,7.107458553615693
28633,4,-0.26839692101482626
28649,4,0.6387641678972358
28653,4,-0.20499539097572494
28657,4,1.3110269250869209
28663,4,-0.11033716718416287
28664,4,-0.24826730543166775
28675,4,0.5288989110000131
28687,4,0.21500020997164881
28716,4,-0.6587994793359471
28717,4,0.3212690725521128
28718,4,-0.2066896909299274
28719,4,-0.8663773202959888
28721,4,1.5077943395131612
28724,4,0.8775291388195683
28731,4,-1.9771142567297844
28739,4,-0.5156725088767544
28747,4,-0.14173405083035107
28748,4,2.556221029830432
28749,4,-1.4337544250016308
28759,4,1.8219480553981953
28764,4,1.4795238579340406
28765,4,-0.17767338713515102
28767,4,-0.3087039200919861
28776,4,-1.0716649771844828
28787,4,1.0012963364205874
28790,4,7.766612219364674
28791,4,-0.45445807349881306
28800,4,-0.2243940440381209
28809,4,0.8231394700047048
28811,4,-1.0284766302566268
28821,4,-2.0539399487641035
28822,4,-0.2243940440381209
28831,4,0.5136441970073733
28833,4,2.1256805176805926
28842,4,0.04092865036373894
28864,4,1.593740833962542
28873,4,2.566065836273623
28882,4,-0.4630613815684228
28884,4,-0.055401474267171125
28890,4,-0.8022250058816809
28904,4,1.2097051055290677
28916,4,-0.25663395854797955
28922,4,0.9436031068215058
28926,4,1.9763938656519784
28934,4,-1.1426697587380445
28935,4,2.443815443804766
28940,4,-1.1874780974833499
28943,4,-0.39282033160016994
28948,4,-0.8490784560899272
28961,4,-0.3515449512663906
28967,4,0.0848893241953732
28973,4,-1.1040841260457839
28974,4,-1.1633809501594072
28986,4,0.1462373978434286
29023,4,0.7151971312799503
29025,4,2.7763019034726355
29030,4,-0.9767539155052347
29064,4,-0.017019067980832858
29068,4,1.4085310934550535
29082,4,-0.0324678538433858
29096,4,0.39767759392240265
29097,4,0.6583846804797489
29100,4,0.9007364767185138
29105,4,-2.7015160909869422
29106,4,0.6807821691771636
29107,4,2.7058618513587547
29111,4,0.13017736496018983
29123,4,-0.07799612875254525
29136,4,2.4917244488805963
29138,4,-1.2513204143268624
29147,4,2.016354319254816
29159,4,-0.5937299393511921
29162,4,1.1863136548189246
29166,4,7.186157114766992
29172,4,-0.14949116888799807
29173,4,0.22578792974015727
29184,4,1.6919643971688672
29187,4,0.337351200661125
29189,4,0.02409789173711374
29199,4,0.3834597579076231
29201,4,0.578994902206837
29207,4,-0.5759043110448161
29208,4,0.12285146999248298
29211,4,0.4247388148166067
29214,4,-0.4154637688757319
29223,4,-0.3229193048759953
29225,4,2.221377969887911
29232,4,-0.4987812395474691
29237,4,2.122230468025734
29239,4,0.38180888648430766
29240,4,0.6186977049678504
29246,4,1.9343045016219662
29249,4,0.4903334657816032
29261,4,-1.2572227810430832
29263,4,0.34174624839642576
29268,4,1.8272080955954948
29274,4,-0.2026377625482496
29285,4,1.3950562255012144
29289,4,-0.7526386485606338
29300,4,-1.3208176806589833
29303,4,3.707941602545283
29305,4,-0.4884561976274924
29307,4,-1.6156155461086925
29310,4,-1.3538385975338514
29337,4,2.545165868081476
29340,4,-0.20974928977886975
29355,4,0.4040811184442106
29362,4,-0.12474053184612188
29370,4,-0.43060462650610276
29376,4,-0.9325897286701021
29388,4,-1.970341679180578
29407,4,2.712950120065919
29413,4,0.09388672230184625
29419,4,-0.17634942220871608
29422,4,-1.2767288698027528
29423,4,-0.5557223416672912
29440,4,0.9295486586880557
29445,4,-1.3993228658325023
29451,4,-0.0033208795802863733
29455,4,-1.2264422364971637
29457,4,-0.782338233671517
29463,4,1.762628858172043
29467,4,-0.18351414426450674
29471,4,1.5676423731689013
29478,4,-2.061186541891878
29483,4,0.509114706888731
29486,4,2.9707536793751643
29487,4,-0.4411594342140077
29489,4,0.10267139076491105
29491,4,0.893120675359242
29496,4,-2.0143706034115283
29528,4,-1.6075125969364379
29537,4,-1.330248560050407
29539,4,-0.3848090231631289
29540,4,-1.3515481394972895
29542,4,0.6066410452541859
29543,4,0.8554485065255264
29549,4,-0.3774029599551909
29566,4,1.6550450128637664
29568,4,0.3061914537760799
29574,4,1.699389314715269
29580,4,-0.3087553318952061
29583,4,0.10071152994515842
29597,4,-0.34301097943538394
29600,4,-1.5406332764566741
29602,4,-2.205624748790889
29608,4,2.3871056950616847
29610,4,0.008197093133624378
29626,4,2.3508218895188264
29634,4,0.04164032562085396
29637,4,1.0733213709508789
29639,4,-1.9170029230071606
29653,4,-1.2776545581253984
29659,4,0.21998623063905853
29663,4,-0.870698336889383
29672,4,1.7021310239227248
29675,4,1.2017382183275203
29676,4,0.5712793940332332
29679,4,-2.1453492933061042
29680,4,-1.2054039889854735
29696,4,-0.3412473083711589
29697,4,-1.0854054420320622
29698,4,1.6834605345541007
29701,4,0.459065688573844
29707,4,4.556912531845384
29709,4,-0.5696532839127215
29716,4,1.8799210539067133
29722,4,-1.623852849773705
29723,4,-1.623852849773705
29733,4,0.01795423631574522
29745,4,-0.7050787313618301
29755,4,2.122415913977271
29758,4,-1.0179346251704544
29764,4,-0.4748440745183089
29770,4,-0.4074014671335817
29772,4,0.09471933938166188
29785,4,-0.41552920955618333
29793,4,-2.205624748790889
29796,4,0.7141090254914104
29802,4,1.695281238762277
29803,4,2.4845441445243637
29808,4,0.05879627273868948
29810,4,3.9024595081473947
29825,4,1.0369632683488277
29826,4,0.08327215944266442
29829,4,1.5521690071665688
29833,4,1.61608782477591
29855,4,0.5776326693383922
29874,4,1.3503318750464501
29875,4,-0.5783053758426036
29889,4,-1.5345665642591229
29892,4,1.890261824977749
29897,4,-1.6855153820378206
29900,4,-0.4411594342140077
29902,4,1.334959974726246
29909,4,-0.27632003861055665
29918,4,3.142202303804737
29932,4,-1.4041704791175391
29940,4,-2.2286667639778415
29943,4,-0.06694357420654029
29944,4,2.805320916404746
29959,4,-1.0903433368367672
29964,4,0.6395051319786944
29973,4,1.5159158149954095
29975,4,0.33465444215195816
29979,4,1.3695330031869446
29983,4,-0.1425276153282411
29988,4,0.18240042418281632
29995,4,2.589658509418058
30002,4,-0.6790325705672373
30025,4,7.895505364860867
30035,4,-0.5438416349988557
30038,4,2.8959707600546523
30044,4,2.205460685105564
30046,4,1.9783233470385824
30051,4,-0.4535860028225329
30059,4,-0.03811169206831977
30065,4,-0.027021031440831678
30068,4,-0.3372122650234104
30072,4,1.7888400217170997
30080,4,1.7335501980372854
30081,4,0.6473707593539331
30091,4,-0.045862257659123884
30104,4,0.7715492588237751
30106,4,-0.34353626521498626
30111,4,1.8529348246506103
30114,4,0.7358969536698581
30117,4,-0.8863774318791684
30121,4,0.03981032257274819
30127,4,1.352157397246657
30137,4,-0.10318013526148917
30144,4,0.20138494410072383
30147,4,0.8945593417120392
30151,4,0.14060812053744343
30154,4,0.830640524102698
30158,4,0.18043311784613536
30171,4,3.5531700782277866
30174,4,-0.1522729506609437
30179,4,-1.0894694695468843
30191,4,1.740782276517976
30203,4,-0.07906055465327455
30221,4,0.17509521923197724
30223,4,-0.10756323076731888
30231,4,-0.029839471758975833
30235,4,7.13221975127091
30237,4,1.2402864819784156
30241,4,1.8131026232671488
30243,4,6.915909157207736
30252,4,-0.5772419407340053
30253,4,1.6373162923614188
30255,4,0.7179918946030384
30260,4,1.0947387370665638
30264,4,0.7179918946030384
30266,4,-0.8826546544549174
30271,4,1.2214944882864458
30277,4,-0.1864976059332264
30286,4,-0.6210084447547644
30293,4,-1.077797048618521
30294,4,2.0776537514223747
30300,4,8.249391896888511
30301,4,1.646642717934526
30316,4,-0.25772706643044785
30318,4,7.75462353789046
30339,4,0.10377033841469796
30351,4,0.20545898695809228
30363,4,0.19234414201413585
30369,4,2.5014783985376425
30383,4,1.2902092799713856
30391,4,-0.3152548320527728
30396,4,0.6697823331178512
30407,4,1.4779323354325058
30408,4,8.038089165912865
30410,4,-0.428369987575536
30419,4,0.7406332202214756
30425,4,-0.07634301084826234
30430,4,-0.8966831596930049
30431,4,-2.172420009081982
30437,4,-1.9404726393140734
30439,4,-4.1662083508032595
30445,4,-0.4212136177758268
30451,4,-0.5906781924959219
30457,4,-0.5320820720850037
30460,4,0.5233635404180248
30462,4,4.62463579069717
30466,4,-3.694318547761668
30472,4,3.5452550979149677
30473,4,3.6997204665034573
30474,4,-0.0548663645283014
30481,4,-0.6043039109850952
30482,4,-1.2183760898096807
30484,4,-1.2749252739132189
30488,4,-4.108061483457405
30498,4,-1.4839325963923855
30500,4,-2.2690331381226585
30502,4,-1.88344593989261
30503,4,-3.927611268595811
30504,4,-3.957832009569927
30505,4,-3.9489945654948073
30511,4,-3.738330270756812
30516,4,-1.9435824573368805
30526,4,-1.7617614249353153
30528,4,-2.3847263926586777
30541,4,-2.8541216542751187
30548,4,-2.1549737376336253
30549,4,-2.7114248723936853
30556,4,-2.0871897786705915
30562,4,-3.7146122966276494
30584,4,-2.9161897180680185
30590,4,-5.391575058154196
30596,4,-2.7966563899906234
30603,4,-3.539827813837789
30604,4,-2.7956235357023544
30618,4,-2.157189620467591
30624,4,-2.6331881831800246
30632,4,-3.813041662783526
30639,4,-2.0039139416054965
30651,4,-1.594185396839471
30654,4,-0.3352608558256236
30657,4,-4.302346670487651
30662,4,-2.0387523529285403
30681,4,-3.292044760273832
30682,4,-3.3559635778831804
30685,4,-3.292044760273832
30687,4,-1.535196314230113
30688,4,2.732073386585604
30695,4,-3.656182131284737
30699,4,-3.656182131284737
30702,4,-3.1563326756610053
30712,4,-3.0503977847985695
30718,4,-2.9084756661068667
30724,4,-1.2459844588723143
30726,4,-1.5667581619294566
30731,4,-3.0825408074438343
30738,4,-0.6577333679586488
30744,4,4.245724894474556
30750,4,-2.526371443398247
30760,4,-2.9263661827211394
30761,4,-2.227158857946698
30762,4,-0.972466738905446
30777,4,-1.920856706351131
30802,4,-3.7745310778414805
30814,4,-3.9585672941551238
30830,4,-2.521725978064474
30834,4,-3.8582887733397726
30836,4,-0.8259303852198769
30837,4,-2.746502986658669
30845,4,-0.3185379961173851
30850,4,-4.530533745139806
30851,4,-3.1896882296194846
30863,4,-0.2691407524190268
30865,4,-2.0491843465891435
30870,4,-1.2166134910961475
30871,4,-3.1658582781155786
30877,4,-3.147478576174798
30885,4,-2.6560166206682254
30899,4,-1.419727527990311
30900,4,-1.4836463455996594
30902,4,-1.4001642224320605
30908,4,-0.26527264831477737
30927,4,0.20065598500272586
30941,4,-3.301842007876367
30956,4,-2.409509518715467
30962,4,-4.196476678170299
30965,4,-2.9807538804547207
30967,4,-1.2388758137278089
30971,4,-3.9540396455252917
30983,4,-3.418227954263628
30986,4,-0.1901723509557982
30991,4,-1.2428518554853767
31007,4,-2.8288015062087837
31011,4,-3.71006788304166
31013,4,-3.78236532527454
31016,4,-2.5902902610075955
31025,4,-4.821942666525715
31028,4,-2.2264192255061985
31043,4,-4.018350581674966
31045,4,-1.236727686883171
31046,4,-0.5634594694126633
31057,4,-2.3328950579312036
31059,4,-3.502645451304595
31060,4,-0.3050549032351384
31077,4,0.2971191915467557
31092,4,-1.4730795961801633
31099,4,-2.9622780178139436
31106,4,-1.5929911328740332
31108,4,-4.804826847646602
31111,4,-3.6503977174698434
31115,4,-3.271876605394489
31125,4,0.3485409198601843
31143,4,-0.807957572592457
31149,4,-3.450795724315526
31154,4,-3.2628318066315387
31169,4,-3.9025814318991436
31178,4,-3.308237046207317
31186,4,-1.454563808082419
31192,4,-1.7214762091840896
31202,4,-1.8012130138347402
31209,4,-3.4722134282613197
31211,4,-0.6089534029296075
31222,4,-1.3701350758444022
31224,4,-0.027268872079083906
31231,4,-1.7265657395387493
31270,4,-0.3582486419974913
31273,4,3.011861428451418
31297,4,-1.6901507832078053
31300,4,-3.7715796749656576
31301,4,-2.744620919128188
31304,4,-3.097087700418271
31305,4,-4.198908436151015
31328,4,-1.9156339226851458
31358,4,-2.0642783725103513
31368,4,-1.112735331315669
31382,4,-3.5087117535631904
31389,4,-1.772974911697176
31404,4,-1.7002125986372576
31410,4,-1.0370591821522979
31411,4,-2.14193649079143
31413,4,-1.5038256010788302
31414,4,-2.087964838471734
31418,4,-1.484631824413178
31421,4,-2.0806712563838445
31424,4,-4.587659259835114
31431,4,-3.0776890473558822
31436,4,-2.186680073455051
31438,4,-0.10986396669304099
31444,4,-4.223814499569571
31445,4,-2.8696837489479705
31448,4,-0.258574002999552
31465,4,-3.673594937399301
31466,4,-0.23228427813081254
31468,4,-1.4017547153628769
31492,4,-2.260871951975467
31503,4,-1.013811313790093
31504,4,-5.724516505156522
31506,4,-0.9705872296068776
31513,4,-3.921752064058751
31514,4,-3.3291407706824216
31518,4,-3.1376542107727943
31519,4,-2.297218954915394
31526,4,-2.3713406410242186
31533,4,-4.676856095022714
31540,4,-1.5741594605519609
31541,4,-0.2641749584940669
31546,4,-2.700824630924359
31551,4,-1.7128965610839586
31569,4,-0.19285007767678053
31571,4,-2.108137370273532
31581,4,0.27796561086659466
31593,4,-0.33385100685604385
31597,4,-1.9800777635547178
31614,4,-0.6220614026200337
31617,4,-3.33371850868744
31620,4,-0.9050693992706442
31621,4,-1.301172077524832
31624,4,-1.7887796460440057
31631,4,-0.9354646636099702
31637,4,-2.9893725946050935
31640,4,-0.8590975602979753
31642,4,-2.0339933640754566
31643,4,0.469496706271876
31645,4,-3.827285664051125
31655,4,-1.070570449566432
31662,4,-2.7561226915569748
31663,4,-2.6264771053853124
31665,4,5.312900012397677
31673,4,-3.4263980891740857
31674,4,-3.1780274315540566
31676,4,-3.3643526136830317
31677,4,-4.415830250115235
31678,4,-2.323475463650844
31679,4,0.3846716626216491
31704,4,-1.4153829805504685
31706,4,-2.474891118911316
31713,4,-0.6580819843314103
31718,4,-1.6565056573620396
31720,4,-3.621217746723815
31722,4,-2.562558287775964
31729,4,-0.9486931387990722
31732,4,-1.4710238567778333
31733,4,2.1646958756312884
31736,4,-1.4710238567778333
31742,4,-4.3663433934947165
31746,4,-1.6226129834553262
31756,4,-0.29668690312074375
31758,4,-2.3262585519837486
31774,4,-3.0343861013344195
31776,4,-2.3135695592219037
31780,4,-1.2701462021652432
31786,4,-3.0223504416786113
31803,4,-0.6247146076723453
31809,4,-3.4263980891740857
31811,4,-1.5723395558034667
31832,4,-3.400707095850045
31836,4,-3.217094598608199
31849,4,3.7949023412922713
31851,4,-1.4577831761793192
31853,4,-1.9465969362777216
31860,4,-2.575198674487538
31864,4,-1.9761621569680017
31873,4,-1.6865318010646746
31874,4,-0.940320863249184
31884,4,-3.127131796785271
31887,4,-3.50986027060177
31892,4,-0.8479845050686663
31895,4,-0.13911344912955315
31896,4,-2.2579248829099043
31899,4,-4.086459908346917
31900,4,-0.7752822822765566
31915,4,-3.51158890196411
31917,4,-0.5176859262675464
31918,4,-3.2496743125049647
31938,4,-3.115129917749641
31943,4,-0.19050940208892087
31946,4,-2.5484155558558257
31948,4,-1.9130644344879357
31949,4,-2.144301699441563
31957,4,-2.8503698672507625
31968,4,-2.8223174275560154
31970,4,-3.3753629526257853
31972,4,-2.5090705307796384
31974,4,-2.7202232839867477
31987,4,-0.7678574882675449
31989,4,-3.3116649708536414
31993,4,-2.611819900047003
31996,4,-0.7070131272224742
31997,4,-1.4476565429380202
31998,4,-1.7937093111544513
32011,4,-4.050845935116577
32015,4,-2.791548164804034
32029,4,-0.8077675601450025
32037,4,-4.422420614343778
32050,4,-1.866369767383162
32053,4,-3.758900188385695
32056,4,-4.24337205944699
32061,4,-2.552768951081319
32064,4,-2.24206183976721
32097,4,-4.104317113804527
32109,4,1.6105191003545727
32113,4,-4.050291225506783
32120,4,-1.56828957101623
32123,4,-2.6847838281580465
32124,4,-3.5685465427050858
32140,4,-3.2934300397019527
32147,4,-3.1693984376245297
32153,4,-0.5481406215506937
32154,4,-4.436658883474202
32161,4,-4.541740101321352
32184,4,-2.38643861687477
32193,4,-3.4224467054174283
32207,4,-0.7904483618158835
32216,4,-1.788925314590962
32218,4,-0.0872889071426215
32220,4,-1.8252564522007049
32224,4,-3.680352567769667
32236,4,-1.8638957178106068
32243,4,-1.112378728794674
32257,4,-2.9992412104978072
32258,4,-3.151349489121962
32264,4,-3.432291511860612
32271,4,-2.2412448850841145
32278,4,4.993035274203123
32292,4,-3.206484636277409
32295,4,-2.5150743673778777
32313,4,-1.1507928237209128
32318,4,-4.327432740731474
32321,4,-3.2523957393701792
32323,4,-1.5519606875070977
32326,4,-2.913433980185374
32327,4,-1.8867117732146355
32330,4,-3.868581237250517
32339,4,-1.8271107506639765
32364,4,-4.0398067206349
32369,4,-1.5697549162307993
32371,4,-2.6749346857634038
32372,4,-2.796252778581355
32373,4,-3.216157900697972
32379,4,-3.351550797262398
32381,4,-2.6273838180007516
32385,4,-2.405837269937159
32406,4,-2.710701288672496
32408,4,-3.4236399496198544
32409,4,-2.394045227259504
32411,4,-1.9869803184029067
32412,4,-4.541740101321352
32441,4,-3.4019238518250887
32442,4,-3.3434343418332872
32443,4,-2.7095298768794933
32451,4,-1.9306602997973883
32459,4,-2.4322873766742887
32461,4,-1.8567043320331678
32474,4,-3.256414519609727
32478,4,-0.10840982579707514
32482,4,-3.733337538823889
32486,4,-4.643962882873112
32499,4,0.03396634060469239
32501,4,-4.486957661015538
32509,4,-2.759863668990981
32513,4,-2.7164605912281914
32514,4,-4.434416822381664
32515,4,-1.3254360258450646
32517,4,-1.328428984897748
32520,4,-3.7138929572794908
32521,4,-1.5406341337910803
32523,4,-1.7853794512158814
32527,4,-0.6457828174960909
32531,4,-4.050291225506783
32545,4,-3.9506039976705836
32547,4,-0.6471382967277108
32549,4,-1.4648467217713588
32550,4,-2.3700874200467297
32561,4,-0.8010388690853532
32562,4,-2.859225605957853
32566,4,-5.722720474540026
32567,4,-1.806265669675355
32575,4,-2.1700160773637336
32578,4,-2.840705210327556
32583,4,-3.8070125070387633
32585,4,-2.944816126084774
32587,4,-4.326816038300407
32590,4,-3.685659530007605
32600,4,-3.7239939373105813
32616,4,0.5390385472302768
32618,4,-1.3316785784232508
32626,4,-3.43005598243591
32628,4,-0.44966155949607156
32629,4,-2.380581253482646
32635,4,-3.9342676415339994
32640,4,3.4639776924149146
32649,4,-2.6392614417802207
32650,4,-3.5213912729647916
32659,4,-2.134033433329577
32663,4,-1.2941124612626282
32680,4,-2.6102420897417673
32681,4,-2.6741609073511157
32682,4,-3.281180958599819
32689,4,-0.5066032037972192
32715,4,-2.3335833552231975
32723,4,-2.4016172644621747
32729,4,-0.6911359142096813
32742,4,-1.8818994877164172
32747,4,-0.5133569437691321
32750,4,-0.8466213980934185
32754,4,2.619133806435066
32758,4,-0.6220003413904323
32761,4,-4.346757636328114
32763,4,-2.419364831039651
32765,4,-1.4796261754094573
32769,4,-2.9055920024977553
32772,4,-4.140468831608651
32774,4,-2.403648756322916
32776,4,-1.780567165717656
32790,4,-2.7986055879370824
32795,4,-2.729017202836175
32801,4,-0.3613959023674056
32820,4,-0.39714734232237703
32828,4,-3.20207296744438
32832,4,-0.11347539186623123
32854,4,-3.958717392250861
32861,4,0.3090183716828534
32866,4,-0.8572811260610322
32871,4,-2.731046958792355
32877,4,-3.565151818339743
32878,4,-1.0630499496773211
32881,4,-3.0721042500228677
32888,4,-2.4881389501746725
32890,4,-2.631274136254831
32892,4,-3.9606570169039514
32902,4,-4.050353518285917
32906,4,-3.271147273226468
32909,4,-2.3773764779063384
32910,4,-2.719054368937911
32916,4,-2.374502238424533
32917,4,-2.3105834208151848
32929,4,-1.0987172683657462
32931,4,-1.8413764827593013
32934,4,-2.4338830862484215
32940,4,-3.8791941894367383
32941,4,-1.1251380496991459
32942,4,-1.9219118619567013
32943,4,-3.391604155970704
32947,4,-2.4458271192418195
32948,4,-2.3462074903416266
32952,4,-1.3737737229246818
32954,4,-0.4778651176004942
32960,4,-1.645746030545375
32961,4,-4.658549250437275
32966,4,-0.24911156298786352
32978,4,-3.7760450438518873
32986,4,-2.9176366331472465
32988,4,-4.620245286494864
32995,4,-2.8772619432685076
33013,4,-3.5505712688998443
33020,4,-2.475621572025446
33023,4,-2.910525301612637
33030,4,-2.9183634371898037
33043,4,-3.425961199297113
33053,4,-3.653011348691564
33057,4,-3.467457718255176
33059,4,-0.9606460295944075
33062,4,-4.169674028879221
33064,4,-2.1386119501988645
33067,4,-2.875116512540565
33085,4,-4.543307130990996
33095,4,-2.109840347159178
33104,4,-0.046839150818925646
33106,4,-3.687066465611238
33119,4,-5.177232595183845
33120,4,-2.035250818235042
33121,4,-0.18160885553189132
33125,4,-2.8490382526474747
33128,4,-3.950724751304456
33129,4,-1.8881105079553535
33130,4,-3.099896776631965
33136,4,-3.0060041580814314
33137,4,0.5194404230382048
33139,4,-1.7197308769577546
33142,4,-2.3800997447064702
33145,4,-3.3914918562463896
33146,4,-3.8441141321629573
33149,4,-3.768867501402781
33151,4,-2.889048474311359
33165,4,-2.362445905706828
33167,4,-2.3855984270199997
33171,4,-0.7641885158144106
33174,4,-0.7803778526603651
33178,4,-1.6266575921112008
33179,4,-2.920715032161951
33182,4,0.12423153482170335
33191,4,-2.419770544070559
33195,4,-2.8094998364947017
33196,4,-3.25539265881644
33198,4,-1.223562481624505
33203,4,-0.004199758058092584
33211,4,0.20206966550087913
33218,4,-3.3750128727278366
33220,4,-2.6412438736959345
33225,4,-2.4074981796916433
33227,4,-0.18256046470798282
33232,4,-3.374184477030937
33233,4,-2.8746968177350567
33235,4,-3.8956270145786434
33244,4,-2.1189502160109086
33247,4,-2.3375003470241893
33248,4,-1.4727772281439542
33250,4,4.760640058396348
33256,4,-2.5081472791400614
33272,4,-0.7981389818543434
33273,4,-1.7088328726446704
33275,4,-1.8649018879747317
33279,4,-2.3519272121743313
33291,4,-2.8430953725718737
33293,4,-2.3348875289103006
33298,4,-2.1571924514784513
33304,4,-3.320166975429103
33316,4,-4.473802271594195
33332,4,4.482988110624589
33334,4,-2.9880067511872213
33339,4,-1.026404221340016
33342,4,-1.1620417463019734
33344,4,-3.384139025337902
33346,4,-2.3249356326981996
33349,4,-0.7455290305158755
33353,4,-1.0177001039441151
33374,4,-0.48729636727614434
33378,4,-2.1398580037208816
33379,4,-1.9152145416890676
33386,4,5.261645335412517
33398,4,-2.095540668897023
33405,4,-1.9545608182400755
33422,4,-1.226781239458795
33428,4,-0.42031236209206213
33436,4,0.24286993295439885
33439,4,-0.16993643460353525
33446,4,-2.5774919545486625
33461,4,-2.5844770041912355
33464,4,-1.6341864390766148
33466,4,-2.461176164953905
33478,4,-1.7055113198939011
33480,4,-4.375051663201816
33490,4,-1.2733243680068753
33492,4,-1.2178008401771834
33494,4,-2.096305004606208
33502,4,-3.5485729509706587
33508,4,0.15955246228266162
33518,4,-0.9306014002303371
33533,4,-3.481492460643061
33539,4,-2.4038583681562713
33546,4,-3.807255483840656
33547,4,-2.2378051708649664
33551,4,-1.8741847861822976
33552,4,-3.224612886020452
33553,4,-3.7833099036190774
33556,4,0.3726570499484865
33559,4,-1.7958168773027552
33562,4,-2.1840230583965763
33565,4,-2.4957459369878165
33569,4,-1.423346939321405
33571,4,-2.521291235485492
33590,4,-2.3243792944847144
33591,4,-2.274908747408837
33594,4,-0.7724212126547911
33597,4,0.07364242358810458
33598,4,-0.9528120657393373
33601,4,-4.44469083341091
33607,4,-4.370974768199034
33608,4,0.19115253884731231
33622,4,-2.25183323590624
33635,4,-3.6421299094874158
33639,4,-3.1270366526340396
33645,4,-0.7337160013873074
33648,4,-2.8908037728536016
33654,4,-2.0437991803588744
33657,4,-1.1120830761010083
33660,4,-2.5539288747056546
33666,4,0.30287417000059236
33667,4,-4.071360136554652
33669,4,-3.274767535850067
33673,4,-0.056895567485042875
33678,4,0.32660359922846993
33681,4,-2.8049707984283145
33690,4,-2.954242020250348
33697,4,-2.7584988903061216
33704,4,-2.1169672720994654
33714,4,0.8746247645111964
33716,4,-0.09294260233718177
33722,4,-2.113454225385702
33726,4,0.5572648039193737
33727,4,-1.221858526109365
33731,4,4.9969585444137365
33732,4,-2.712166952474483
33733,4,-2.3779086376343415
33735,4,-4.318471102924541
33737,4,-3.430573826427441
33752,4,-1.885758818518184
33753,4,-1.6333215142381903
33755,4,-2.0758085980976944
33770,4,-0.5707185241475159
33776,4,-0.7718731363572715
33778,4,-2.135191329307254
33785,4,-2.5170280806785215
33793,4,-3.5615120428090776
33797,4,-1.5173394313905106
33798,4,-1.997879352545226
33800,4,-2.3629616191478746
33806,4,-3.0876465296425692
33811,4,-0.931495928066326
33820,4,0.5116001796038034
33823,4,4.800970946000298
33825,4,-2.3523970191740133
33827,4,-4.868158384060159
33829,4,-2.3523970191740133
33842,4,-0.8478814819002665
33853,4,-0.1981669327889577
33856,4,-0.5837832689364006
33868,4,-2.61985633581871
33870,4,-1.1698356831772898
33892,4,-2.904713874782267
33902,4,-2.1194777916478387
33927,4,-3.22962227927583
33929,4,-2.059441312205294
33932,4,-0.23925224952618152
33935,4,-3.6145715326908956
33939,4,-3.049506513212151
33948,4,-2.3667634972198
33949,4,-3.3580850065217973
33963,4,0.1377686031519616
33964,4,-3.490553662257817
33966,4,-1.7017580643303276
33967,4,-1.6370066296411636
33971,4,-1.529072539010535
33974,4,-2.41854856875122
33989,4,-2.229019496225483
33990,4,-3.2185728539433356
33996,4,-1.9343491524801308
33997,4,-2.433519980792205
34006,4,-1.5912062303158763
34011,4,-2.3366834815145907
34014,4,0.9675174211655175
34015,4,-1.2902469102451803
34020,4,-2.035932106167806
34039,4,-0.9597624612856706
34042,4,-3.082746795761132
34046,4,-0.8887420764272136
34054,4,-0.9141384608634482
34055,4,-5.138257349562565
34062,4,-4.009380943598394
34068,4,-0.12993917795584764
34069,4,-3.146665613370473
34072,4,-1.0286123196611712
34103,4,-1.2581378384128925
34106,4,-2.1084997506880825
34117,4,-1.0443258573205867
34125,4,-1.661212502889562
34127,4,-1.9107653868095014
34132,4,-5.944562735388033
34134,4,-4.301395257319314
34135,4,-1.332267457921823
34150,4,-0.5483550218966045
34160,4,-0.9807547688520231
34172,4,-0.4325171868057822
34183,4,-2.974403455977452
34192,4,-0.2495886611023863
34193,4,-0.7400643559804294
34200,4,-3.47812618284474
34211,4,-2.1224890010918003
34221,4,-4.887557037122548
34227,4,-2.3764816187429645
34228,4,-3.414477379234363
34230,4,-3.0102571731025023
34232,4,-1.4335398967375284
34238,4,-3.9168483500706515
34241,4,-1.4978714613595159
34244,4,-0.5551512882900909
34256,4,-0.4437482869690115
34257,4,-3.254055016111593
34260,4,-0.8730293875532169
34267,4,-0.9353648261442302
34279,4,-2.4589511920077953
34287,4,-1.9916235620152989
34289,4,-2.520001150560809
34299,4,-2.557770497770491
34311,4,6.310011867557385
34316,4,1.0339062367973852
34318,4,-2.8753185834082515
34335,4,-1.5278700519954853
34336,4,-1.2751839123749136
34351,4,-5.014293764321621
34355,4,-2.0110222150776877
34361,4,-1.6520719271865332
34369,4,0.9516211891014947
34373,4,-0.8849351594700252
34374,4,-2.170671395044103
34380,4,-0.44777341504031654
34388,4,-2.3169168939559768
34395,4,0.5141340533075365
34402,4,-3.0173781269988353
34403,4,-2.602981473891539
34410,4,-2.7491964583676918
34423,4,0.9895043964173098
34427,4,6.310011867557385
34437,4,0.12259525882835476
34439,4,-2.2781704497156667
34440,4,-0.7585632331316745
34445,4,-1.2193855874271833
34448,4,-2.323406365638718
34459,4,-2.8137336104334523
34460,4,-1.2884711697179796
34464,4,-3.1441060024258007
34467,4,-3.0215517753833723
34472,4,0.48136562216769363
34475,4,0.6165713136467588
34478,4,0.8457606520246941
34481,4,-3.942866377743165
34482,4,-3.254055016111593
34491,4,-2.916676680453648
34504,4,-4.209088766064369
34515,4,0.2870824167605619
34528,4,-0.9353648261442302
34535,4,-1.8591271641396148
34536,4,-3.3179738337209415
34545,4,-1.2051339211959657
34548,4,-2.859524209061277
34552,4,0.31609235978397976
34554,4,0.414939433139736
34565,4,-1.8534364549606863
34569,4,-0.9052340465882267
34578,4,-2.2278170092104332
34580,4,0.05222612306019414
34584,4,0.03922900142122643
34587,4,-2.913260655749866
34588,4,6.09280617769064
34590,4,-1.0053342277299038
34601,4,-0.823483846758819
34603,4,-0.4799958555220485
34610,4,-2.2274356007647995
34623,4,0.1082840371256708
34630,4,-1.7412792467982356
34639,4,-1.9833772178911957
34651,4,-3.8806335007006325
34654,4,-1.988398349082651
34683,4,-1.8728351080230752
34686,4,-3.6581853755317155
34697,4,-3.0215517753833723
34698,4,-2.884044130890416
34699,4,-2.4080155227054334
34700,4,-3.170737545439863
34703,4,-2.3937299749266003
34714,4,-1.1312229670640122
34724,4,-3.3748941147517897
34725,4,-2.996702186028095
34728,4,-1.62594964668682
34741,4,0.762443181352964
34749,4,0.6911183005356776
34771,4,-3.080618108728771
34776,4,-1.088651698401634
34789,4,-1.9815270298448837
34790,4,-3.5675065525828984
34803,4,-0.5748199746154725
34814,4,-3.2657274370399563
34826,4,-0.6656306433984369
34833,4,0.5163696455510873
34839,4,-1.9228525799465999
34848,4,-3.1430103883138187
34851,4,-2.535389962464535
34854,4,-1.6346301062907642
34881,4,-2.634555579930094
34882,4,-0.9382422067362484
34888,4,-3.8367495425786515
34895,4,-3.540519125863362
34898,4,-2.0494051756862888
34899,4,-1.9273044459155102
34906,4,-0.9471542089016154
34916,4,-2.013855530849625
34927,4,-1.8810592450175818
34929,4,-0.6064082886008464
34933,4,-2.412071324859326
34941,4,-3.2090937134873982
34947,4,-1.8733950772130825
34963,4,-1.6078249979362411
34966,4,-1.7370889078958527
34985,4,-1.7732856139520479
34986,4,-3.307893572149929
34990,4,-2.2502793570472477
35005,4,-3.2973905472891047
35010,4,-2.394885920886928
35016,4,-2.681514947999787
35024,4,-1.6968799738626217
35027,4,-2.98695292363017
35031,4,-2.6944902135812896
35032,4,-1.5042939400737225
35059,4,-0.6095025927623325
35062,4,-1.1829662476511018
35075,4,-2.980121708929758
35078,4,-0.5515521045618925
35085,4,-2.785076352476409
35090,4,-2.1223430447980007
35099,4,-2.2253116435612483
35101,4,-0.5398189969418681
35117,4,-2.1223430447980007
35120,4,-0.9401560155633248
35122,4,-4.117403746008726
35125,4,-2.0025984069788194
35127,4,-0.8622070204012786
35132,4,-2.049656894265418
35140,4,-1.3443827492119809
35141,4,-2.1927832533567866
35142,4,-2.3280269517834213
35150,4,-2.234919816175811
35160,4,-2.07196999023531
35168,4,-0.1472608517454006
35172,4,-1.7370889078958527
35174,4,-2.120059796489798
35176,4,-2.6600745917181357
35180,4,-1.2621235902507024
35194,4,-0.3856134966364593
35201,4,-1.4916190374930522
35213,4,-0.8928478294591642
35214,4,-3.0300132494552443
35216,4,-2.3439695197630925
35226,4,-1.523113177134917
35230,4,-2.9040356712487565
35238,4,-2.796939442004792
35244,4,-1.853428340742937
35245,4,-2.5651989903544035
35255,4,-2.678776675921867
35257,4,-2.8035294018888735
35258,4,-2.5719965367251447
35264,4,-3.1993709397028596
35265,4,-2.3198625911119777
35266,4,-4.112595178043925
35287,4,-5.911584608619108
35294,4,-1.9955849432577892
35307,4,-1.8890413722270196
35313,4,-2.515421909192497
35319,4,-0.6248312100515605
35332,4,-2.217058402800241
35340,4,-3.2644968601648046
35353,4,0.35442081035851913
35357,4,-2.2813660626453256
35362,4,-0.8197585390498432
35363,4,0.049966418173177374
35367,4,-4.8375051943194975
35373,4,-1.505828392700593
35376,4,-2.3955145163413576
35378,4,0.18176360754247156
35385,4,-4.412755945150451
35389,4,-2.5349020274809533
35390,4,-2.8963980453603355
35397,4,-2.0900679451346136
35399,4,-2.2985630116651024
35402,4,-0.9941286201123063
35421,4,-2.8752787304928447
35422,4,-4.021640612671426
35436,4,-3.5821545569041433
35442,4,-1.9364404337454815
35445,4,-3.7267096757675446
35469,4,-1.764705445454446
35476,4,0.04780817080587951
35488,4,-3.491794976467631
35493,4,0.0065994453246318585
35495,4,2.220484217993011
35498,4,-2.5027787500611822
35500,4,-3.3622633034161495
35507,4,-2.466828401837354
35509,4,-2.534262274385867
35534,4,-2.9557643843165664
35535,4,-2.3616605203658025
35551,4,-0.41763847431476364
35554,4,-2.624854015597876
35558,4,-2.1486622212970587
35563,4,-2.0609418652412614
35571,4,-2.3368712243794647
35573,4,-0.49290881260000674
35578,4,-2.0951857233571687
35583,4,-2.0882540559654643
35592,4,-2.184819489912769
35594,4,-1.1573687275848599
35599,4,-2.7573408872780547
35612,4,-2.202721572089807
35613,4,-0.6649241490023741
35616,4,-0.23714118037287335
35617,4,-2.8925255595220065
35623,4,-2.237208670784341
35650,4,-1.574097370570776
35653,4,0.13004375747880204
35668,4,0.5409374038684405
35677,4,-2.9970749356257826
35679,4,-0.034443400453405104
35691,4,-1.860849195207777
35706,4,-0.7065989257625844
35712,4,-2.3335931101855607
35723,4,-3.120672369594331
35733,4,-4.281964673931903
35757,4,-2.157803850318153
35758,4,-2.462557726848594
35761,4,-2.1885046053157353
35783,4,-1.0430062417276318
35796,4,-2.367937652403647
35797,4,-0.6242107273844653
35803,4,-1.856761619517222
35810,4,-2.5389237950712484
35836,4,-0.5625704463613559
35853,4,1.1789516614755584
35868,4,-2.1197111053819526
35870,4,-1.650646569370096
35881,4,-1.9910408530834474
35899,4,-1.3119439190213527
35904,4,0.15763222866971915
35906,4,-1.5558220738414192
35908,4,-1.8373629664548332
35909,4,-2.2760982583169636
35912,4,-1.1185023834842696
35928,4,-2.493729301169907
35932,4,-1.7308491359701037
35942,4,-0.1817478566303592
35959,4,-0.8204822429700727
35964,4,-2.252118815788158
35972,4,-2.143550543448711
35973,4,4.1381311958155464
35974,4,-1.4047087086692969
35982,4,-1.4373838776342467
35984,4,-0.4604428610686142
35987,4,-1.8833854178101461
36011,4,-2.232440495875366
36020,4,-1.0776643509873765
36028,4,5.491927873272921
36031,4,5.092741773396426
36034,4,-1.342114319183743
36036,4,-1.78458630187653
36038,4,-0.2470185461734502
36041,4,-1.3647927430328508
36042,4,-3.181007128133608
36045,4,-0.5576260287635293
36054,4,-2.0811622887705568
36059,4,-1.1238896781953756
36091,4,-1.1310221461705083
36113,4,-1.3020269702627303
36116,4,-1.7337811395813603
36122,4,5.545872718283597
36126,4,-2.3701377259208627
36129,4,-2.6934826292347367
36131,4,-2.6934826292347367
36133,4,-1.5928777473197897
36136,4,-1.6006569020622479
36150,4,-2.4330594900386586
36151,4,6.252726428418406
36160,4,-1.346755782128291
36164,4,-1.2866976078600771
36180,4,-2.0032723092004048
36187,4,-2.0576970679536544
36190,4,-3.0887071185438515
36200,4,-0.5297137629487807
36210,4,-2.4244311873043145
36216,4,-2.654008378024699
36220,4,-3.006273734726996
36222,4,-3.5080454670523693
36233,4,3.3791746240452625
36242,4,2.4881741181412025
36255,4,0.8871951566315204
36256,4,0.253037260493862
36274,4,8.392051195511563
36276,4,1.2389279124129047
36280,4,1.912512877237269
36285,4,3.4791013001577156
36289,4,2.1277174381170454
36291,4,3.4193014655276883
36304,4,2.8560662906159067
36313,4,0.08266275309333793
36329,4,2.2670022695888363
36332,4,2.6872355642994705
36335,4,3.2742837938604694
36337,4,2.822479262726098
36346,4,0.7052019326123826
36367,4,3.4700508594312467
36370,4,0.18709428651295212
36373,4,3.8580459137624956
36383,4,4.711794697574462
36386,4,1.4952380722896734
36389,4,1.156169191523439
36401,4,8.064254646855183
36402,4,1.8851679031281137
36409,4,2.860525817126458
36410,4,2.0077824356877727
36415,4,2.5090364598392156
36419,4,3.035307292434844
36420,4,3.2712561775862525
36422,4,1.7854247715254061
36424,4,2.037530394634828
36427,4,3.5018652358794498
36428,4,8.660341341543969
36431,4,1.021413099446896
36451,4,0.5922449765311555
36469,4,1.273236510892147
36477,4,3.004420852415649
36482,4,5.544160140850167
36487,4,1.3656845259988444
36489,4,1.3908298311309366
36498,4,2.0678323252267035
36501,4,2.0678323252267035
36504,4,2.205782815848316
36511,4,0.8840274197904989
36516,4,1.29082220984278
36519,4,3.8055533465589164
36530,4,2.432211370497342
36540,4,8.73534189997438
36548,4,3.4880236720586595
36562,4,1.4965037561935972
36565,4,1.5664905201005226
36579,4,1.1868214907308214
36586,4,1.7987647020322797
36590,4,2.9149157810606923
36591,4,2.239129720539225
36595,4,3.595738777871844
36598,4,1.353181990781323
36601,4,1.8732462703852306
36604,4,3.3200255035461694
36612,4,3.789983976331399
36620,4,1.7382823464830608
36622,4,1.8276788322129107
36636,4,0.052350769964483845
36639,4,4.00216299516682
36645,4,2.294734544204239
36647,4,0.2709119390628487
36648,4,1.9347038639963046
36651,4,1.8301835528141481
36654,4,1.330102072528618
36663,4,1.9039040966750491
36664,4,2.6436456108073756
36668,4,2.43476223919437
36674,4,1.2669264964613518
36679,4,2.6436456108073756
36681,4,8.711025185780024
36683,4,1.1656149145964037
36692,4,0.44460422409923694
36693,4,-0.008642146641179238
36706,4,1.533605933164914
36719,4,1.6538636200822268
36725,4,1.5222505207405561
36736,4,8.75188664589053
36739,4,2.1425945096321115
36747,4,1.4133200672089714
36753,4,8.071696759033834
36758,4,0.3515809932375831
36768,4,1.9158569458033057
36773,4,1.5968004067783355
36783,4,1.4099280418566522
36784,4,1.2715422551742108
36786,4,2.9405643145499027
36799,4,1.6141676659539996
36800,4,2.089497124465403
36809,4,1.377755258170673
36812,4,1.7526021643712681
36818,4,1.6547786634458532
36828,4,2.4938155448165773
36831,4,8.38262090535624
36833,4,4.3451840198039875
36836,4,1.2530687536680745
36840,4,2.1462834740996115
36846,4,2.281190644416249
36847,4,0.8393318554563578
36852,4,0.9044062700958975
36856,4,1.3410306054949004
36869,4,5.642562994085338
36878,4,8.793524477023169
36888,4,-0.48177231169606216
36914,4,8.55240853633211
36918,4,0.01641407266192374
36925,4,0.7972572069312847
36929,4,1.0211142704894556
36939,4,2.777034916247594
36948,4,2.151784996106784
36949,4,3.127928384121475
36962,4,3.141102782828405
36977,4,10.70604486889735
36986,4,2.8846595468301572
36989,4,7.876281761267791
37025,4,5.5863023439834905
37037,4,7.089688655311981
37044,4,4.525517097410251
37045,4,4.857081967146883
37049,4,11.775911520799937
37051,4,6.494175150362331
37053,4,8.672813119843504
37057,4,4.424715826231285
37059,4,3.837939135896079
37067,4,4.2134269284961405
37093,4,6.624842367663938
37103,4,10.95847044040545
37105,4,5.490351057840492
37107,4,6.53218866580913
37110,4,6.353000044941062
37117,4,4.343177081752017
37123,4,4.823246891697508
37133,4,4.715450559551549
37140,4,14.312294527063294
37141,4,5.007550038531477
37142,4,12.548869974688508
37147,4,5.470128222330359
37158,4,4.494859062820858
37159,4,3.213253482215663
37163,4,11.286879215773148
37166,4,3.049108050141143
37168,4,4.796480554960517
37173,4,2.9341157192581377
37180,4,6.029565363934935
37182,4,8.835276842936764
37187,4,4.574535544427036
37204,4,4.738845650436815
37207,4,6.160039212305847
37232,4,4.942213913889859
37239,4,6.243356682977577
37241,4,4.629611880492462
37244,4,5.520900577822992
37247,4,4.801503154763644
37248,4,7.103031110870781
37260,4,6.384934124401781
37263,4,6.931264830539142
37264,4,11.89372448513754
37267,4,3.8536884336619934
37269,4,4.426812621703711
37271,4,5.114790880660131
37275,4,4.311826340910855
37276,4,13.982012430308096
37278,4,5.243384527721432
37280,4,6.448292116736411
37306,4,6.248152987743431
37316,4,5.5252424690337065
37325,4,3.5653538598397603
37330,4,5.06831477849272
37336,4,4.264315771575987
37338,4,9.101818567511614
37345,4,12.081648684637948
37348,4,6.6173173846712885
37349,4,4.943454024811558
37350,4,4.281864790045148
37351,4,5.369856890152818
37354,4,4.953573272547722
37362,4,5.132233596102061
37375,4,4.642186354444419
37379,4,4.619229386907307
37384,4,3.679874336593535
37386,4,11.763786253700516
37391,4,5.742139578368196
37397,4,6.640802617309376
37398,4,7.541221596295671
37403,4,8.34695119275738
37417,4,11.9224697219206
37418,4,8.83723181037891
37420,4,12.90947655605769
37428,4,5.400517404691762
37429,4,5.603391237293863
37432,4,4.773956261937371
37433,4,12.109240725360642
37436,4,3.9610500449027697
37438,4,5.426406990065736
37442,4,12.269362440915309
37443,4,5.043384400276096
37460,4,6.557949721220957
37464,4,4.191240291020989
37468,4,11.070840870350757
37469,4,5.75274405910033
37474,4,4.632554116063012
37481,4,4.825912273875339
37487,4,5.286317467274955
37500,4,4.069903677363563
37506,4,5.697874500565803
37509,4,8.02562801248314
37514,4,5.968188475177129
37520,4,4.530655509253627
37525,4,6.326754105573485
37541,4,3.771643542517033
37542,4,4.6612105488371895
37545,4,7.883175720765543
37551,4,12.608050197029392
37556,4,5.069924289149029
37569,4,5.118434179442097
37573,4,4.217646000764567
37575,4,4.717947080852269
37582,4,4.081844736126953
37585,4,5.598565108536604
37603,4,6.181708036146183
37606,4,4.702037155029558
37609,4,5.882474696712663
37611,4,5.291637657377073
37614,4,4.721435808091954
37616,4,6.718871426170622
37619,4,3.27878052003998
37632,4,7.408270927951833
37633,4,11.891909898395163
37638,4,5.480573992383981
37642,4,4.953034008691596
37644,4,6.421097150741161
37656,4,5.034930007530832
37661,4,5.285896419734087
37667,4,7.059544178923154
37676,4,4.642244236011585
37700,4,4.96578885442252
37710,4,10.977309203839177
37714,4,3.5479806276784984
37718,4,5.273683355590215
37720,4,6.103432173603764
37722,4,7.883475767773888
37723,4,7.242561945836826
37724,4,4.485144815155117
37750,4,6.891052329243799
37754,4,7.309352038841375
37755,4,5.6815624626404
37775,4,6.453665227509347
37784,4,5.9271210959227645
37789,4,11.748480183614305
37807,4,4.782318158740878
37822,4,5.027712151464229
37827,4,12.983935883472725
37829,4,4.993392495961295
37847,4,8.22852254806699
37851,4,4.5911501706720514
37857,4,4.6354538353332515
37869,4,3.561565678037894
37870,4,7.810047419451472
37879,4,6.270080624862352
37888,4,7.637637806792519
37901,4,6.457483909401219
37904,4,7.454621328432296
37911,4,7.124404468265354
37914,4,6.907991082578249
37919,4,14.609488114096415
37920,4,9.133701820093364
37924,4,10.744392587666042
37928,4,10.103520392803915
37929,4,9.482338106932502
37932,4,11.673441108527896
37933,4,16.984131856570365
37941,4,6.8511169715335285
37945,4,5.839998787781582
37947,4,7.2623540193673435
37956,4,7.547109809462988
37959,4,9.876870136690584
37960,4,7.0563300715458155
37962,4,6.672436463772762
37971,4,9.670286766189768
37979,4,8.875568239923176
37985,4,7.733743127362786
37993,4,9.320242550278124
38002,4,7.7385218349086315
38003,4,10.844570250224287
38009,4,8.474111425457515
38013,4,7.190450682462
38018,4,6.184083778266867
38022,4,10.849302382253207
38024,4,8.498068257286398
38030,4,7.640290734706937
38037,4,15.426361099388814
38038,4,8.194758669691105
38040,4,5.222632891587288
38051,4,7.2987144601801575
38054,4,8.650397811947208
38069,4,9.459675122951992
38073,4,6.285985019570084
38074,4,9.615996482414246
38075,4,14.869550044326694
38077,4,14.90318956851192
38083,4,8.719249819797923
38097,4,10.492107357853143
38102,4,6.788603351778285
38110,4,6.30693311278884
38115,4,7.619170040274142
38119,4,10.728679050006626
38121,4,6.91980712808482
38123,4,9.07882414412542
38158,4,14.150266735990073
38159,4,14.086347918380731
38163,4,9.02943428242105
38171,4,10.878870593784391
38173,4,15.015460796757125
38178,4,7.759609534772956
38198,4,7.651517801634142
38203,4,7.7216650059279175
38207,4,6.88799648894291
38211,4,10.069597084324094
38212,4,14.14077924585245
38217,4,6.475676268402168
38231,4,5.831056518772812
38236,4,9.558254450315815
38238,4,14.334685361760698
38246,4,8.711799748749897
38250,4,13.36859826935153
38258,4,8.601926309812193
38262,4,7.025366140946197
38274,4,16.697544740546235
38282,4,9.356937148475282
38301,4,5.786366930036941
38302,4,9.097740004016508
38312,4,13.626556460625444
38319,4,13.695393027793436
38328,4,6.734616160485338
38331,4,6.973288249324369
38334,4,11.668610024266272
38335,4,7.188188317159337
38338,4,6.694039734463971
38348,4,14.573603076950889
38349,4,6.881428238602723
38372,4,6.811076432435485
38373,4,9.142006546128123
38376,4,7.002184077314254
38381,4,9.442435637915594
38382,4,5.5255875569815345
38383,4,7.352812966170987
38385,4,7.224461463891181
38386,4,9.213331426945402
38391,4,8.53052118154438
38392,4,8.28074033816317
38397,4,7.341194261462277
38399,4,8.506262987640675
38403,4,9.979513397968923
38404,4,7.204952690436329
38413,4,7.103415663995207
38415,4,15.689980138700953
38416,4,6.020972599425974
38424,4,7.713272590934778
38428,4,14.74457619114272
38445,4,16.22548985960725
38449,4,7.389429436727063
38464,4,4.725958731682326
38466,4,7.630361871187532
38470,4,7.4258728282240725
38481,4,6.811114558677801
38488,4,8.525661640703063
38502,4,5.622186771862545
38503,4,7.608929286440976
38514,4,8.525661640703063
38516,4,7.477075137318991
38518,4,7.547031302537725
38543,4,8.95050371573543
38544,4,8.96195704173374
38549,4,8.552318550812508
38555,4,7.937849621430743
38559,4,10.51216850926523
38560,4,7.161018233420549
38574,4,10.495311970923126
38579,4,7.490941644794674
38585,4,6.154581777253753
38588,4,7.696789598324138
38595,4,11.135799023898379
38598,4,7.246253507265216
38609,4,6.826809553631335
38623,4,11.553385917261608
38632,4,4.935900955135651
38634,4,4.540025208786432
38637,4,5.755089832505796
38638,4,7.4813096376243
38647,4,6.882444629866342
38650,4,5.262263945446783
38655,4,6.170809797778709
38682,4,12.277232414349434
38684,4,6.449108489730534
38688,4,6.590060579366515
38689,4,13.308766906818398
38695,4,4.509033680541393
38702,4,5.726720443537253
38705,4,12.20374621669307
38707,4,5.518247048314755
38709,4,4.853551329198382
38710,4,13.110097472112152
38720,4,12.57955600863233
38726,4,13.824145710418485
38730,4,6.379171047429573
38738,4,6.1903964660220865
38755,4,14.91002660007797
38757,4,5.255177725313395
38770,4,6.247850239162943
38775,4,10.73361861856111
38783,4,13.934120091199638
38791,4,5.570087642833336
38793,4,5.342264642769678
38803,4,4.0856613630888035
38812,4,14.62748478556962
38815,4,5.884332112908552
38820,4,6.805848730841618
38824,4,7.094612812696468
38825,4,14.256672035726353
38832,4,12.004288138577557
38843,4,13.752119802396393
38850,4,6.568072284643399
38854,4,5.18259841021505
38862,4,4.9711174254051045
38863,4,8.529973212328592
38876,4,6.590060579366515
38879,4,5.25329067985453
38882,4,4.417228460986465
38889,4,6.892304096682942
38900,4,4.818348888421902
38908,4,5.62056951910246
38911,4,13.252801398421376
38913,4,7.761208057646606
38917,4,11.268181755259882
38930,4,14.150330905813576
38931,4,12.261490554878556
38933,4,5.756447461183036
38939,4,6.126061835671436
38942,4,8.494148474378719
38950,4,3.6475609849563497
38956,4,5.987307274818207
38968,4,9.013740638561934
38969,4,8.06505309382814
38983,4,7.937362926130142
38988,4,7.285502492244468
38997,4,6.453849426459946
38999,4,6.728841154311084
39012,4,6.091301630550916
39014,4,15.363432200704771
39019,4,7.1565879086263
39030,4,8.698172194982597
39043,4,6.762788345534275
39048,4,14.348108221522175
39058,4,16.28672758937963
39060,4,9.481111539675446
39062,4,10.340606476663716
39063,4,14.458860685089164
39070,4,6.0757048717891635
39072,4,9.6098152860732
39084,4,15.361779692710797
39090,4,7.668091473218503
39100,4,8.629314954860241
39103,4,14.315465598267288
39104,4,14.331266148271446
39105,4,14.874331554734063
39106,4,13.449333127761228
39109,4,10.701683342181255
39115,4,8.872339182461928
39133,4,7.609767026913765
39155,4,2.5636904096638773
39165,4,6.4722843255117795
39169,4,6.5736768909873575
39172,4,6.247450984253163
39173,4,4.112102912101484
39176,4,7.418867550653431
39185,4,4.287557063983947
39187,4,8.568576944005535
39190,4,5.907301889843858
39192,4,7.863844867501797
39195,4,4.0543212984305015
39197,4,4.117923909628509
39205,4,5.128361677022241
39208,4,12.028611609173758
39216,4,10.83794854260698
39223,4,4.750926320938383
39231,4,9.332134556243702
39239,4,6.727907658427185
39245,4,4.323046768864437
39258,4,13.55765211047072
39259,4,4.881138753708051
39263,4,7.711444663606187
39265,4,3.622306586983484
39266,4,4.297038015396211
39267,4,4.694908565657862
39268,4,12.140584505767741
39270,4,3.7999257713712637
39272,4,11.9529596839444
39280,4,4.829042906657776
39285,4,5.693336733634332
39289,4,4.467313067830766
39291,4,11.647476464141135
39298,4,7.361776305710158
39301,4,11.005013623095877
39304,4,3.3142994106743373
39317,4,4.254955502309521
39320,4,4.373465482240569
39326,4,13.004594268336476
39328,4,10.787454934844753
39336,4,13.524820230735678
39342,4,5.819024652074937
39362,4,5.956225072262775
39363,4,3.7735506718098506
39372,4,4.029240094470367
39373,4,11.832844967293113
39375,4,3.6170102578069745
39379,4,5.115828975637726
39388,4,6.770139632462744
39389,4,12.685078718861924
39393,4,3.2476249199356317
39402,4,8.773255518092498
39416,4,4.712146696319138
39417,4,5.448541427219347
39427,4,6.128037558702452
39430,4,13.331792175322953
39441,4,5.597290539218477
39448,4,4.7494661823265645
39471,4,14.017631140732888
39474,4,4.91261743481985
39475,4,11.251922008146714
39479,4,6.810050152869664
39486,4,7.052131759452671
39498,4,14.16726373680671
39509,4,13.238675053418923
39511,4,12.372815264257014
39520,4,13.950027207720574
39527,4,7.309865109177927
39529,4,6.748097030330868
39530,4,3.9458959795604613
39534,4,4.283546144539756
39544,4,5.898325522643631
39559,4,7.492723892527785
39576,4,15.479464096553222
39579,4,12.662791355945366
39581,4,15.034018395334385
39583,4,9.423528623037193
39585,4,6.845256346494246
39589,4,15.21862614930528
39592,4,6.009048738067364
39597,4,6.556099527251739
39601,4,7.109140423650352
39615,4,5.111770885312232
39616,4,12.620391411587853
39619,4,14.605529538498267
39621,4,7.321693253399822
39630,4,4.98515679104532
39631,4,4.265586182637556
39637,4,13.672241322607753
39638,4,13.087790490425526
39639,4,14.788419351927068
39642,4,8.320224284383954
39652,4,11.621694368191825
39655,4,14.909375138338746
39658,4,12.357058177812512
39659,4,13.628250711045197
39666,4,13.678107194785575
39674,4,14.374144902437692
39679,4,5.548639026087422
39682,4,13.295130976853685
39689,4,10.619659823710286
39690,4,14.30050366575184
39693,4,9.799527159092506
39705,4,6.0527286782220315
39709,4,4.942467770515911
39714,4,10.616995321623335
39717,4,7.8025986977640684
39722,4,8.625076124723677
39737,4,8.829042029681283
39738,4,13.72218686689952
39746,4,8.931750713779827
39749,4,7.199594416962185
39759,4,5.232867972284851
39772,4,7.779745929340834
39773,4,10.750272338190044
39784,4,6.189399451402501
39793,4,7.594424500273071
39801,4,3.1754945076689083
39816,4,3.9333007836150458
39823,4,13.622992774716366
39841,4,12.665637275037298
39847,4,6.777291810671628
39851,4,5.345772323238187
39865,4,14.785012826232247
39866,4,12.299773510755294
39869,4,7.443309374617357
39870,4,12.017809413693769
39872,4,12.154685005885483
39880,4,13.994419984220727
39882,4,4.417601545111204
39884,4,4.377417589146354
39901,4,13.265782906514026
39909,4,7.203137656922692
39910,4,7.726142334189291
39915,4,12.01480329133858
39919,4,14.723408651913005
39921,4,8.40618624676511
39928,4,5.623577781850365
39935,4,4.37683981504297
39936,4,5.381444571736324
39939,4,10.854935244694715
39947,4,6.701154644356123
39965,4,5.014773387913721
39966,4,5.013658027478307
39971,4,8.675848613720682
39974,4,13.198570244650178
39981,4,12.588843345295466
39987,4,4.69287360602754
39989,4,5.995662413292159
39990,4,5.348728552612073
39993,4,13.61730574745117
39998,4,12.064489008880372
40015,4,10.553603802725299
40022,4,10.804559225503247
40023,4,3.37219965334274
40036,4,3.068211469694944
40038,4,10.3775069810059
40041,4,5.046040921176875
40047,4,2.468382329024827
40055,4,10.239019468348111
40063,4,9.832516921427725
40064,4,9.647868700751033
40066,4,5.928966154945471
40077,4,5.594426395589281
40080,4,5.864859014231435
40082,4,3.938922060810924
40099,4,4.007318027977817
40103,4,11.368809898304093
40105,4,11.829718360195635
40113,4,10.809177184138221
40119,4,11.026640549430873
40125,4,11.051698530960124
40128,4,5.341619997917022
40138,4,2.5717189672930374
40140,4,3.60989318566579
40175,4,5.186268226249325
40186,4,3.1410554057232645
40191,4,5.233840101761295
40195,4,6.515342496750193
40202,4,3.5420035962146414
40210,4,12.882019988863021
40213,4,3.0896112253884667
40217,4,6.512843008080175
40218,4,3.7471842561119146
40226,4,11.012791752027965
40241,4,4.987328299164318
40251,4,5.884611729115598
40252,4,2.5601288719682813
40256,4,2.0869541857139353
40258,4,6.8041562264554685
40265,4,7.647240648284345
40266,4,3.192999507203872
40267,4,3.0023714792887333
40270,4,10.264335196354075
40271,4,10.815750630266344
40283,4,3.8358404586135464
40295,4,5.350868512559373
40310,4,4.069312485900902
40314,4,3.218040688850003
40316,4,5.082587365683942
40332,4,13.9534610627016
40336,4,13.89951038570105
40338,4,4.67118016539127
40345,4,6.633661390701988
40350,4,7.351165618561367
40351,4,14.094540531509743
40354,4,5.7294327186374545
40364,4,15.163978304482782
40366,4,13.174603257368055
40374,4,5.688830813968025
40375,4,8.8394672741166
40381,4,12.619490997302591
40386,4,12.649106599340541
40387,4,12.244323104831565
40395,4,12.399769119243068
40400,4,11.701070260678861
40405,4,7.330539839939277
40406,4,5.162411228472031
40408,4,6.977807292624661
40413,4,14.130115807643278
40416,4,12.237114511540604
40417,4,13.759557587392486
40424,4,6.661417181971942
40440,4,5.463388078631326
40442,4,13.764369872890718
40443,4,4.288924630521137
40445,4,7.721024290921072
40447,4,13.528022225906689
40449,4,6.122257205821519
40452,4,13.039786452934493
40457,4,5.603733177333915
40463,4,5.009997494820311
40477,4,8.035080571971001
40488,4,9.110583434109401
40489,4,12.097752087157936
40495,4,12.20695356454376
40497,4,5.258143057443505
40504,4,12.09116616500934
40521,4,5.188287216749707
40523,4,4.310356088287158
40528,4,4.843591973577254
40537,4,5.268883873578922
40543,4,7.664698204286381
40549,4,5.690043954346059
40554,4,10.844552929356468
40560,4,14.780739641711747
40568,4,7.674027939806791
40569,4,7.731738214240821
40570,4,7.956964031831724
40578,4,6.693424031992961
40585,4,7.146902352213381
40586,4,16.304362215622476
40605,4,14.43279723662409
40612,4,8.85697722033558
40613,4,15.292246177203602
40614,4,8.610590735251122
40620,4,9.351231097275189
40623,4,7.521755950269622
40624,4,10.687649303666113
40627,4,14.521429324199012
40629,4,6.501077625355293
40650,4,8.384184557729967
40655,4,9.047636816111861
40656,4,14.546720050702305
40666,4,7.611508050366311
40690,4,14.767533528763025
40694,4,8.10265107081566
40700,4,11.030959399031097
40702,4,15.06228974715026
40709,4,15.130100200874878
40732,4,12.115485567005507
40736,4,7.299961656075453
40745,4,13.7488223043459
40750,4,9.417709854211083
40754,4,10.562311161856456
40758,4,12.369724917572782
40765,4,7.7495644335213925
40770,4,9.086439063335277
40775,4,8.352426719182219
40776,4,5.702619378432644
40777,4,6.875939491958434
40788,4,9.071611490703283
40793,4,7.470195895720543
40794,4,15.449284836485361
40798,4,7.501805911120272
40800,4,11.861917902969118
40807,4,9.5004767641639
40814,4,8.04105418724103
40818,4,11.66742762452823
40821,4,8.727824684672036
40822,4,15.446936365073718
40827,4,7.149378129339816
40828,4,13.969670399661268
40829,4,5.30488968869539
40840,4,7.721000236340039
40845,4,15.259678100435409
40852,4,7.451406010944368
40855,4,14.647490212710714
40856,4,5.839223991189627
40865,4,4.31775665746553
40868,4,6.956827537842074
40879,4,9.072985416159767
40881,4,6.153194931709827
40884,4,13.015657320609805
40895,4,12.156195594418719
40905,4,6.186018112277125
40915,4,6.4033209856988975
40925,4,6.7406015946842714
40930,4,8.340729302983036
40944,4,6.60830720740983
40947,4,6.76539004323709
40951,4,14.668148439643225
40952,4,5.8877588746619125
40973,4,14.423052410763141
40986,4,13.231457480472528
40993,4,10.770183611158494
40994,4,12.133000445364871
40995,4,7.050715672863944
41003,4,12.801735060066513
41006,4,12.908562217608214
41017,4,12.575398425956038
41022,4,15.149129192641794
41029,4,10.346141037393814
41031,4,15.20586770589491
41042,4,15.12255023522318
41046,4,8.308817991178785
41066,4,3.98730060473347
41075,4,2.578463916672206
41078,4,9.440304586300527
41086,4,8.752274462722205
41088,4,10.629797394415235
41090,4,10.068830834134488
41097,4,9.956481634514148
41101,4,11.127536844271084
41105,4,7.303148356558907
41120,4,4.816172368350863
41121,4,5.902328795571393
41129,4,3.263884034054527
41137,4,5.6463528203703675
41140,4,4.0789554502759415
41145,4,4.9650163933982725
41146,4,3.7238569344826615
41148,4,3.939375616272912
41151,4,10.469723708065231
41167,4,4.053142836606348
41176,4,3.518646922581958
41180,4,3.8670720972341925
41181,4,4.014308385515264
2,5,-10.652337695676664
7,5,-11.640316270784666
8,5,-9.216717317197322
10,5,-11.640316270784666
23,5,-10.060307680566922
28,5,-10.8515253557429
29,5,-10.130721853747396
31,5,-9.253400711099673
34,5,-10.86540417748978
36,5,-10.391471222360416
37,5,-10.707014905674185
39,5,-9.55945715000415
41,5,-10.430636884581297
43,5,-9.113428807591696
45,5,-11.147518955920454
46,5,-9.03616956273602
53,5,-9.826204325233697
54,5,-11.145381647011206
72,5,-10.931292421140821
73,5,-10.142262881525944
76,5,-9.388896586267407
96,5,-10.283345918405708
99,5,-11.286992372920345
113,5,-11.448366878081053
114,5,-10.374583191474798
123,5,-10.420788264113519
125,5,-10.13398451154093
126,5,-10.448239752500307
129,5,-11.425449012860632
142,5,-10.254524278070768
149,5,-10.784930890373147
152,5,-11.663256860916135
173,5,-10.648071082449896
175,5,-11.026483805310058
176,5,-10.632547020793972
178,5,-10.246647115981531
183,5,-10.187929983100496
185,5,-9.372572535092118
201,5,-10.530385597457183
206,5,-9.37061397751578
219,5,-11.01777595478785
220,5,-10.269602199205416
229,5,-10.895346553243726
243,5,-10.581042268080694
251,5,-10.928390993942244
259,5,-9.860617682804271
266,5,-9.714985321886722
267,5,-9.415893539099685
269,5,-11.85249855981371
270,5,-10.897708135346221
271,5,-10.401633563053032
273,5,-9.811574415908566
276,5,-10.391471222360416
279,5,-9.600692505936138
285,5,-11.399988735816933
292,5,-11.43390879459455
329,5,-10.45827548559366
331,5,-11.399872742936871
334,5,-11.838092858053379
338,5,-11.448366878081053
342,5,-10.768338456471618
346,5,-10.786907807033032
348,5,-10.300718997296762
354,5,-9.951600885565412
358,5,-10.667401135483573
359,5,-9.883022146781549
363,5,-11.957043144794142
364,5,-9.857303268042084
375,5,-10.422867014116832
379,5,-9.67021616027299
380,5,-9.89668450926402
387,5,-11.720394010563929
392,5,-9.910726183580469
403,5,-10.714815299070324
409,5,-12.116091258551485
412,5,-10.82839240525426
423,5,-11.360435673778355
424,5,-11.784284387146698
431,5,-11.829842386842792
432,5,-9.404371457520366
437,5,-10.868334517675532
441,5,-9.226796997367611
444,5,-10.200664749926506
445,5,-11.512340870327883
451,5,-9.498056722580358
454,5,-10.356751141512635
457,5,-9.672014616726408
463,5,-10.621536711941165
470,5,-10.94447461562234
473,5,-10.368498829920874
489,5,-9.229916349527802
493,5,-12.174805455840612
494,5,-10.24638396822855
496,5,-10.399897464282649
497,5,-10.77740345187695
498,5,-10.080650020602004
502,5,-10.200664749926506
506,5,-10.080847952266556
513,5,-10.790798261897855
518,5,-11.616831909212792
521,5,-11.301065637036704
524,5,-10.170795093305255
542,5,-10.420332469745965
543,5,-9.858876963576087
544,5,-9.59745771515783
554,5,-11.818397309232374
565,5,-10.362628881439637
567,5,-10.199403930130508
568,5,-8.882458368543137
592,5,-9.73062845722379
597,5,-10.229401405921838
601,5,-11.367701634902332
606,5,-10.59633025832483
610,5,-11.191540048243532
611,5,-10.122357488784505
618,5,-10.442697132830983
623,5,-11.713817701939007
631,5,-9.149846302089482
645,5,-9.514591424453155
648,5,-11.74916807099607
654,5,-11.3609908805997
657,5,-10.251474921962213
669,5,-10.200093747383608
677,5,-9.271828928664558
682,5,-10.352292904502683
686,5,-11.217222172038362
697,5,-10.465172987535375
702,5,-11.084708680045779
709,5,-9.193059953503948
711,5,-10.401224685944015
717,5,-9.294956026309642
721,5,-10.071392493912473
727,5,-10.418000321045923
739,5,-11.650986705889665
743,5,-10.067717156152419
747,5,-10.628853334104793
748,5,-9.371042664257676
761,5,-10.16672220345783
762,5,-10.475207293767198
768,5,-10.983685354680844
771,5,-9.820011264166013
778,5,-9.80259175030363
779,5,-11.087498429818979
780,5,-10.68585630706324
781,5,-10.900456864327644
807,5,-10.289012086535223
810,5,-9.97525563451525
815,5,-11.150633638960038
817,5,-10.137986396176437
819,5,-9.168203326335277
832,5,-9.415857280429151
836,5,-10.688714570913348
840,5,-9.33337761836659
846,5,-9.193220040781714
848,5,-10.467447786113247
854,5,-11.212327517020604
861,5,-11.000079650375227
862,5,-10.781865524577029
865,5,-10.23007395470368
875,5,-10.884484683070305
876,5,-10.641478271397137
882,5,-9.690091021019978
891,5,-11.048517254895977
894,5,-9.968321367004869
897,5,-11.091316923444325
898,5,-10.326952364652215
899,5,-10.312887421810686
914,5,-10.636410642467403
925,5,-9.738528625540727
932,5,-11.774682423123181
967,5,-10.442835497473897
973,5,-9.683034940648138
983,5,-10.114720840507914
989,5,-10.093544627290534
992,5,-11.147419596699102
1003,5,-10.833959952231957
1005,5,-10.085037955150895
1006,5,-12.26090082523777
1009,5,-11.269239424798442
1010,5,-9.852973092291503
1021,5,-11.21579553517121
1025,5,-11.138536290315521
1031,5,-10.1084402364785
1038,5,-9.355540381065055
1045,5,-11.769242307779685
1046,5,-12.324010042819602
1060,5,-12.232079184902837
1072,5,-9.310070216976136
1080,5,-11.383287571928378
1084,5,-10.434206733247954
1089,5,-11.323245863014606
1097,5,-12.324010042819602
1102,5,-11.27607394458051
1103,5,-11.440459895536264
1116,5,-10.142595033155366
1124,5,-11.112340094147164
1128,5,-10.627487208413065
1129,5,-12.18893286213283
1152,5,-9.41894461390148
1158,5,-11.12441072554946
1169,5,-10.628732674850127
1185,5,-10.6026494380135
1202,5,-10.871742471003571
1203,5,-11.014405100438047
1205,5,-10.34502908441231
1206,5,-11.632218381945357
1216,5,-8.004707882752726
1229,5,-10.665912744887066
1234,5,-9.025405178183902
1250,5,-7.968683893222604
1268,5,-11.015984367946558
1269,5,-9.737535787574252
1270,5,-10.23672753066127
1274,5,-10.694347338608132
1275,5,-10.845729756804154
1284,5,-8.963667374802462
1297,5,-9.445514856131325
1298,5,-10.867806331305694
1311,5,-9.606490010724038
1319,5,-9.59963220029092
1329,5,-9.525586997696173
1336,5,-11.188743125594016
1341,5,-10.956145419674733
1342,5,-10.649892740772572
1345,5,-9.563576537287013
1355,5,-9.048979504685889
1356,5,-9.213225173479984
1358,5,-11.234619814413513
1367,5,-10.115293459803446
1381,5,-11.810202199480685
1382,5,-10.08540696056074
1385,5,-10.82593603751667
1386,5,-9.928086870704526
1390,5,-10.446836278378747
1403,5,-10.382271585543833
1406,5,-12.165391501276545
1418,5,-9.975579097647326
1427,5,-9.868982926755507
1429,5,-10.484901604391261
1434,5,-10.300956561571539
1437,5,-11.194034407344752
1449,5,-10.021820828905788
1452,5,-12.055609180640907
1459,5,-9.702414107385934
1461,5,-10.044860989211884
1464,5,-10.533306106629333
1469,5,-9.639013086504008
1477,5,-9.996648370221742
1482,5,-9.96378100100381
1484,5,-11.901253772046907
1496,5,-12.110920548918678
1499,5,-12.066489159473434
1500,5,-9.573695149089701
1502,5,-10.45792595034608
1505,5,-9.723444913071503
1506,5,-10.039500912237074
1515,5,-10.105616429832416
1516,5,-10.837853774135247
1517,5,-10.44267440681778
1521,5,-10.697554707341602
1528,5,-10.902024175394047
1529,5,-9.74356931760343
1535,5,-10.621071100437632
1554,5,-11.87975054622433
1559,5,-10.40931819653646
1568,5,-10.622399350145479
1575,5,-9.732718644632051
1579,5,-12.034928118269178
1585,5,-10.955002501942324
1590,5,-12.156311647336736
1597,5,-9.964472851276938
1601,5,-9.946054758486923
1607,5,-9.603846170722093
1622,5,-9.68551081616004
1635,5,-11.197091620726503
1638,5,-10.966565954462794
1655,5,-10.683177618520183
1663,5,-10.84363090660814
1684,5,-10.384378928490584
1685,5,-9.974970516757686
1691,5,-11.662402817345864
1694,5,-9.854152783010868
1698,5,-11.79055033378642
1702,5,-11.234717747447235
1706,5,-9.773765607072676
1711,5,-10.270296719479589
1713,5,-11.055342118527498
1731,5,-10.878168028786945
1733,5,-9.535561609338096
1746,5,-10.734462956951283
1751,5,-9.738342250308058
1752,5,-9.618865546339919
1772,5,-10.304738829804883
1784,5,-10.808112906490749
1785,5,-10.730853661635066
1810,5,-11.799640881598243
1814,5,-11.214803046619899
1815,5,-11.640088654607183
1816,5,-10.006860458870086
1821,5,-9.421241266581411
1828,5,-9.543009279803975
1832,5,-8.831294409015463
1836,5,-10.331662754093614
1850,5,-9.415659544213177
1870,5,-11.220880458196255
1896,5,-11.732076020075048
1907,5,-12.573581895987786
1908,5,-9.949455872026732
1912,5,-10.566182452659895
1913,5,-11.54678369935315
1914,5,-11.444328376749716
1934,5,-10.221165684082457
1945,5,-11.68179508240614
1952,5,-10.471913796469885
1958,5,-10.046672002938053
1961,5,-10.432408013947317
1969,5,-9.776873692875526
1981,5,-10.83865065605432
1987,5,-12.716047146484541
1991,5,-11.658742723673342
1993,5,-10.75785340308554
2002,5,-10.25784193919246
2003,5,-10.863509353419104
2007,5,-11.364716769031588
2019,5,-11.723904619884514
2023,5,-11.346370574837906
2026,5,-10.200918514381293
2027,5,-12.371651961124087
2028,5,-10.6388447154687
2033,5,-11.660928182872716
2044,5,-11.753230332011782
2046,5,-10.958341868890564
2050,5,-10.239056620308617
2058,5,-11.553390055419833
2060,5,-10.781305117937478
2066,5,-11.128652453991712
2067,5,-10.529371655760862
2070,5,-10.038096764866744
2075,5,-10.553866540982362
2092,5,-12.160497487471417
2113,5,-11.985405912032235
2119,5,-10.83161975351404
2129,5,-8.072169035316016
2136,5,-11.263810950605787
2146,5,-10.302930715951064
2151,5,-12.002469495656158
2182,5,-12.25261907125725
2185,5,-9.536444065128123
2194,5,-9.681268171506993
2197,5,-10.004554800116779
2201,5,-11.179536443688072
2205,5,-11.846928491562117
2209,5,-11.826433266558418
2212,5,-10.565458969914651
2222,5,-11.836186091943304
2224,5,-11.232962070425643
2235,5,-10.45548047959037
2237,5,-9.020138021999884
2248,5,-11.024805853728843
2252,5,-9.91509985973741
2254,5,-9.696664204072636
2255,5,-11.593358673329952
2258,5,-10.46685762626916
2266,5,-10.947546608873168
2273,5,-9.088375866922497
2281,5,-11.135967590844615
2284,5,-9.54663510280561
2289,5,-9.378239433835844
2290,5,-11.092155577787736
2304,5,-9.867071096033882
2305,5,-10.007867948415885
2319,5,-9.416575156285102
2328,5,-7.949624350669666
2345,5,-11.524770467771312
2349,5,-9.433638739909032
2351,5,-10.18748337881292
2355,5,-11.600099099387378
2364,5,-10.691037069726761
2365,5,-8.682173092246199
2373,5,-9.330450854702125
2375,5,-11.222493967920734
2379,5,-11.021853059764481
2384,5,-10.854347924968621
2387,5,-11.002729279227303
2390,5,-11.162103911537187
2396,5,-11.711958659512824
2397,5,-9.60509489729391
2400,5,-9.402075763153142
2413,5,-11.373379144828384
2416,5,-10.380109287969635
2423,5,-9.988687045035736
2445,5,-10.260935738783136
2448,5,-8.516487634206136
2457,5,-10.561319240639705
2467,5,-9.213980537113684
2477,5,-10.947546608873168
2488,5,-11.70690479227325
2494,5,-11.780565997941615
2495,5,-10.163690374753415
2502,5,-10.5439284055035
2518,5,-9.812474736775453
2526,5,-10.445666476799687
2531,5,-10.578246601536254
2540,5,-10.780658130607122
2548,5,-10.635837608481168
2556,5,-9.808078245605188
2573,5,-10.567150853460973
2583,5,-9.128508845450149
2590,5,-12.501941751629197
2598,5,-10.129405155346
2603,5,-9.98318295977532
2606,5,-10.403900075009176
2616,5,-10.675904334359863
2618,5,-9.110972513893127
2624,5,-10.127163158419812
2626,5,-11.969464464317952
2643,5,-9.767935249520725
2645,5,-10.279038595546417
2647,5,-9.9973737914984
2651,5,-11.903845988162004
2661,5,-10.471107451676783
2667,5,-10.286813625437702
2668,5,-10.746762213963198
2670,5,-11.348965401201205
2673,5,-11.355344801093622
2676,5,-10.198910447015503
2679,5,-10.987619884761934
2692,5,-10.940621517083592
2704,5,-9.702174722245143
2709,5,-10.88127295193937
2716,5,-11.36004854242146
2720,5,-11.599508542283573
2723,5,-10.840598891454071
2725,5,-10.875460305270074
2726,5,-11.139518389618168
2738,5,-10.600190991053307
2750,5,-10.84970997518348
2751,5,-9.893783235881543
2753,5,-11.087869834631867
2755,5,-11.812399740856947
2758,5,-10.788797831954348
2761,5,-12.454478825138175
2771,5,-11.95794684014431
2796,5,-10.810389084474274
2804,5,-10.65409454822062
2806,5,-11.01722436925309
2808,5,-10.060578066301936
2816,5,-9.044935429925843
2818,5,-9.244944307887035
2822,5,-9.482138369657402
2823,5,-9.820766061995752
2826,5,-11.275758075208564
2828,5,-11.039300943754629
2831,5,-11.243820232881589
2852,5,-10.186940611683696
2855,5,-10.581645943486745
2859,5,-12.067729160779948
2863,5,-11.237943717677869
2867,5,-10.029660518695334
2877,5,-10.50527206284858
2878,5,-9.334403858682162
2888,5,-11.413967979025557
2893,5,-10.83527363929462
2894,5,-10.286685054188691
2896,5,-9.91253991766212
2897,5,-11.286381322198618
2898,5,-12.405153832488018
2907,5,-10.001254906488604
2908,5,-10.116849873793551
2910,5,-10.039590628937862
2912,5,-11.54080287825981
2925,5,-10.733942338211591
2929,5,-9.745189761538626
2932,5,-10.138997320738078
2934,5,-9.337467821739047
2935,5,-9.400361002178165
2936,5,-11.806927036655225
2939,5,-12.732128721264637
2940,5,-9.535039920277232
2942,5,-11.243448701998233
2945,5,-11.1374843841119
2951,5,-11.688002483202922
2954,5,-11.354757260670723
2956,5,-10.590232042371387
2957,5,-10.265893099102815
2968,5,-10.174272560780349
2972,5,-10.608696315064975
2980,5,-11.020473480321662
2982,5,-10.215392015856263
2988,5,-10.642815948904754
2993,5,-9.713436613897088
2995,5,-11.325774994619657
2999,5,-11.627373678547727
3025,5,-10.07971681354141
3041,5,-12.732128721264637
3051,5,-12.39468166337766
3053,5,-12.366818110038764
3054,5,-10.067029357633139
3066,5,-9.129349340582099
3072,5,-11.566805181954415
3078,5,-11.486090638042796
3080,5,-10.36461883901039
3081,5,-11.219388858941848
3084,5,-11.308575027576524
3086,5,-12.64807632562119
3095,5,-12.025890906246694
3096,5,-10.547713311606152
3112,5,-10.080572097458372
3121,5,-9.557906339400986
3125,5,-10.064317508369847
3127,5,-11.947220131259684
3131,5,-11.567575413913154
3135,5,-9.876497513073758
3138,5,-11.721897674357969
3143,5,-10.951432636086857
3150,5,-10.258923559132974
3154,5,-11.117088125071284
3180,5,-12.095668564337295
3186,5,-12.348784616221302
3197,5,-12.095668564337295
3202,5,-9.890012629868025
3213,5,-10.658895377172968
3214,5,-12.072088099024924
3216,5,-10.830457636553646
3217,5,-12.047230959816545
3228,5,-11.064300362408964
3232,5,-10.831676481366017
3251,5,-10.850221528932579
3255,5,-9.491969628905714
3267,5,-9.072916827104649
3274,5,-9.898785469254776
3278,5,-9.789463779198222
3286,5,-10.372698805866158
3290,5,-12.295361700682925
3291,5,-11.51900038059128
3294,5,-11.29664810379753
3295,5,-10.73096568637493
3297,5,-10.268104937793645
3301,5,-9.360745029420386
3314,5,-10.034108113566674
3315,5,-10.818893381248742
3320,5,-12.1514245833704
3336,5,-10.426335289916857
3341,5,-10.577318320514813
3344,5,-10.38471594509101
3349,5,-9.323825462470168
3352,5,-11.295646926569127
3358,5,-11.181661360704965
3365,5,-10.777856197524848
3367,5,-10.779221735044459
3368,5,-10.902053068332798
3370,5,-10.40657761537824
3372,5,-10.093451365736414
3373,5,-10.855299576030696
3422,5,-11.1581867608828
3434,5,-9.92586753675861
3438,5,-10.670859227781065
3443,5,-11.119764419701788
3467,5,-10.194099307479775
3470,5,-11.426154603856197
3475,5,-12.013420989973099
3476,5,-10.992677182302458
3483,5,-9.223274998693626
3498,5,-11.52156219307679
3501,5,-10.303100129585545
3504,5,-11.197541747323775
3511,5,-11.250447255755127
3513,5,-12.962648784876002
3530,5,-10.249781109235983
3539,5,-11.832740356019677
3568,5,-9.312423116112626
3574,5,-10.856137470512216
3576,5,-10.385031480085836
3585,5,-10.2194790298473
3589,5,-9.141986850882901
3593,5,-7.710653309508281
3598,5,-11.36687340605296
3605,5,-11.358944076062429
3607,5,-10.103112410078936
3629,5,-12.029656980704189
3634,5,-10.33833474352231
3646,5,-11.645527324758248
3647,5,-11.529193278009473
3659,5,-10.585112584501033
3679,5,-9.5988207669919
3680,5,-9.719491549390177
3689,5,-11.51884020861452
3698,5,-10.216840350907525
3705,5,-10.619577613005553
3721,5,-9.676004798780234
3732,5,-10.845322317973995
3740,5,-10.007176348807818
3741,5,-10.079631705096844
3761,5,-11.469707401987918
3771,5,-12.307785072565679
3790,5,-11.007790084936879
3797,5,-9.606958473314407
3798,5,-10.3516393859896
3801,5,-11.415500206195205
3812,5,-10.015863095270483
3814,5,-10.708358220420344
3830,5,-12.325281922670491
3832,5,-11.988107215993999
3834,5,-12.971858114497813
3835,5,-12.340486555655389
3841,5,-11.477673612672874
3843,5,-9.651118433328314
3844,5,-10.413429283364444
3855,5,-10.42762956561296
3875,5,-9.554621269712683
3881,5,-10.11772177665673
3884,5,-10.330932438826132
3891,5,-11.066518680142188
3893,5,-11.232026989805426
3898,5,-10.828598123523356
3907,5,-10.356429436617177
3922,5,-10.765334058573252
3927,5,-8.365388747572808
3935,5,-9.505428381008407
3938,5,-11.817068527592788
3940,5,-11.290206415181288
3945,5,-9.89145781418567
3946,5,-10.788473430744034
3948,5,-11.12992856808524
3949,5,-10.765683372981208
3951,5,-10.139885814836617
3958,5,-9.461150081407311
3965,5,-12.362448883740434
3993,5,-11.084694686919711
3996,5,-11.308635469867781
3997,5,-11.11747428270963
3998,5,-11.273694543365302
4003,5,-10.32132120707211
4012,5,-11.053259001172563
4024,5,-10.56727706857584
4039,5,-11.866618120087253
4042,5,-11.040103927817498
4043,5,-10.468577647103373
4048,5,-9.126313088869026
4060,5,-10.0928303158217
4065,5,-10.775768462966845
4069,5,-11.466855395024169
4098,5,-11.135219849835984
4100,5,-11.364751062748553
4107,5,-11.620109356332271
4113,5,-12.897648848486853
4119,5,-9.815649468251692
4123,5,-9.450467382432848
4127,5,-9.933111504830073
4130,5,-10.854026549306326
4134,5,-12.078620317733836
4136,5,-10.125353391601656
4139,5,-12.213697498420608
4141,5,-11.180642653062563
4147,5,-10.695998557491073
4155,5,-10.5055978675272
4156,5,-10.716657947830676
4160,5,-10.760921087324007
4162,5,-12.167258313391883
4163,5,-10.950944582187205
4170,5,-11.99526210004489
4177,5,-11.84360948562022
4182,5,-12.032788360020795
4195,5,-12.553104829533623
4201,5,-10.44915791208993
4207,5,-10.866429632746232
4209,5,-10.429725425515734
4224,5,-10.14951131780991
4234,5,-12.169462380294043
4245,5,-9.858901246007719
4259,5,-10.512702482666125
4261,5,-10.501380426611277
4281,5,-10.332382336969523
4282,5,-10.450305982317879
4283,5,-11.49234847596378
4285,5,-10.942796002108373
4286,5,-11.13975520512377
4291,5,-9.79352354790846
4304,5,-11.201658209674356
4312,5,-11.339376806427417
4313,5,-10.72547546025298
4314,5,-9.849255748413494
4325,5,-12.059680059658398
4326,5,-10.376751065352408
4328,5,-10.78185943561165
4333,5,-10.200846384040215
4343,5,-11.459744172404385
4349,5,-10.18926112014757
4350,5,-11.724193048267779
4352,5,-10.924206890802594
4354,5,-9.32773815593658
4366,5,-9.656316566019857
4368,5,-10.513727937922575
4377,5,-10.937504720357637
4378,5,-9.976371797968312
4381,5,-11.878227191248861
4383,5,-10.489837555544014
4384,5,-11.542151506171479
4392,5,-11.765378190570921
4393,5,-8.78887967636193
4410,5,-12.55941370608246
4416,5,-11.563773884622819
4419,5,-11.60196502603349
4427,5,-9.433638739909032
4438,5,-11.014763965213312
4439,5,-9.47301620333478
4451,5,-11.35975528126729
4453,5,-9.959038069049143
4460,5,-11.70666737776208
4469,5,-10.2691010399271
4474,5,-9.659248073326463
4477,5,-9.84901446654029
4484,5,-9.569360298145718
4485,5,-11.02811097190952
4489,5,-9.77452737144322
4491,5,-12.56470498783321
4493,5,-11.174091930711398
4497,5,-10.165252961386066
4501,5,-11.219267701879708
4510,5,-11.428564046401952
4517,5,-11.193036556469409
4521,5,-10.657033862181294
4523,5,-10.455366263674712
4529,5,-11.64046651904868
4538,5,-8.992532485230516
4540,5,-8.791955412881844
4541,5,-9.966760912736582
4543,5,-10.567150853460973
4544,5,-11.748526221926575
4549,5,-10.528700023843506
4550,5,-10.412561143496198
4557,5,-11.900631945901061
4565,5,-10.16146027376584
4569,5,-10.370015762020373
4572,5,-10.789518617057908
4573,5,-9.429100717787989
4574,5,-11.818081419294636
4579,5,-11.711958659512824
4582,5,-9.015935507676694
4596,5,-11.449159127063062
4612,5,-10.253029729973935
4635,5,-11.13167905897106
4645,5,-9.119640545777141
4646,5,-10.504386698631063
4648,5,-12.608362485127813
4649,5,-11.90276416979016
4656,5,-10.051551377371709
4657,5,-10.582902657487573
4659,5,-10.136067631041314
4663,5,-11.435938300235762
4677,5,-9.404954337869064
4684,5,-10.003179283018568
4686,5,-9.777984623172973
4692,5,-10.92063285492475
4698,5,-10.912532884150302
4700,5,-10.981022911308294
4702,5,-11.673421428516313
4705,5,-12.920475489100326
4706,5,-10.019350468289268
4714,5,-10.243520225314814
4736,5,-10.49491652783015
4751,5,-11.28056867552931
4754,5,-10.782997299314296
4755,5,-10.91832202744996
4766,5,-10.963543716795115
4773,5,-10.659056467829092
4779,5,-9.328248244888865
4780,5,-11.577702364218766
4782,5,-12.241119677737082
4793,5,-9.908769779053884
4795,5,-10.600190991053307
4803,5,-10.78573127864738
4809,5,-10.825931369235668
4820,5,-10.395735570460772
4827,5,-10.404591241751895
4834,5,-9.816523991025864
4836,5,-9.262404108190616
4840,5,-11.163898515083119
4843,5,-9.104668213026677
4845,5,-10.813708090416174
4853,5,-11.80273907632742
4856,5,-9.590439226350409
4858,5,-10.063815315372192
4861,5,-10.184220882997888
4868,5,-9.91253991766212
4870,5,-12.19264421678249
4871,5,-9.534956466025275
4872,5,-10.538609367707515
4880,5,-9.51243077212455
4887,5,-11.169189796833855
4894,5,-9.278710747446876
4898,5,-12.296953833216406
4931,5,-8.678440854060256
4933,5,-11.37479376380125
4934,5,-12.259626868869788
4941,5,-9.393277916369808
4956,5,-10.614169019266708
4958,5,-10.024457893570972
4967,5,-10.325174336491902
4973,5,-10.98421792174912
4977,5,-10.846231166196137
4978,5,-10.911930199515744
4984,5,-12.354214902939923
4985,5,-10.556094876036191
4990,5,-9.47053716122549
4992,5,-10.935435500351431
5005,5,-9.244944307887035
5006,5,-10.849482474477664
5010,5,-11.532711763487299
5012,5,-11.405439058374228
5018,5,-11.62728831791243
5021,5,-12.072748384495839
5027,5,-10.687247338349998
5032,5,-9.132136410611789
5036,5,-10.824021458818876
5051,5,-11.192928799985346
5058,5,-10.981222394111711
5060,5,-10.582293620828345
5062,5,-11.149080281767198
5079,5,-10.200262606445285
5086,5,-10.593057526380662
5099,5,-11.915028896910705
5100,5,-10.951885232311014
5126,5,-11.292197427727473
5135,5,-10.855301097694216
5137,5,-11.828249283919199
5143,5,-11.293206185830122
5148,5,-10.434180620410793
5152,5,-10.234382240285065
5156,5,-9.59616894554054
5157,5,-11.452607763157289
5159,5,-10.950288674251198
5172,5,-9.768686073238797
5174,5,-8.479086415858411
5185,5,-10.955354962009814
5190,5,-10.07317867194564
5202,5,-12.02038785168407
5204,5,-10.07655041815844
5209,5,-9.833303621948666
5226,5,-11.339996899548751
5242,5,-10.252711917106474
5248,5,-10.001885067057081
5257,5,-11.211747191062116
5274,5,-9.684217718170096
5276,5,-10.304753645330194
5279,5,-9.713900798263367
5290,5,-11.194303844027012
5299,5,-9.526048195404051
5306,5,-12.992236589337686
5325,5,-11.861362169155825
5351,5,-9.812210286401893
5355,5,-11.113537443203498
5362,5,-11.322504839908476
5363,5,-10.082197352641785
5368,5,-11.17288767259653
5370,5,-10.16548318471579
5372,5,-10.657362616020109
5373,5,-8.818642960321064
5376,5,-9.618595357548344
5379,5,-10.681536696042187
5382,5,-9.637462236936607
5390,5,-10.217407190862652
5393,5,-11.95924370106787
5412,5,-12.13993490443768
5415,5,-10.979597707770218
5421,5,-11.291285364989676
5424,5,-11.276027034981773
5425,5,-9.577377003425951
5442,5,-11.540722863305902
5452,5,-10.135734974757732
5454,5,-11.132956767068244
5455,5,-11.066412711498387
5456,5,-11.779742597061812
5462,5,-10.278813629730308
5471,5,-9.831633644469953
5474,5,-11.186553422594756
5491,5,-10.06253791335454
5502,5,-11.872327507094404
5505,5,-12.759674150684553
5510,5,-9.966733620932303
5518,5,-10.711830185110955
5524,5,-11.037516574734603
5533,5,-10.570483102602687
5534,5,-11.002832516466064
5547,5,-11.005650238797934
5555,5,-11.413819362599902
5559,5,-9.900434869196161
5560,5,-9.8620991467469
5567,5,-10.288147246771977
5568,5,-11.590995493073073
5576,5,-10.372169063670981
5577,5,-10.043992865787985
5583,5,-10.288637200156444
5586,5,-9.82175766113322
5600,5,-9.705867147616047
5604,5,-9.30446852556653
5606,5,-11.213069102557029
5607,5,-12.375054790135437
5623,5,-10.748141988098908
5636,5,-11.012816204813575
5648,5,-10.048488742041826
5653,5,-11.381084733006062
5662,5,-9.3680808080031
5664,5,-11.03559932637556
5669,5,-11.830777742384214
5682,5,-11.769669246706435
5686,5,-10.908811598515321
5692,5,-9.834326167148475
5695,5,-11.030579902451585
5700,5,-10.650937950745487
5714,5,-10.677059389211479
5716,5,-9.831388543730327
5723,5,-9.488787904990943
5731,5,-11.659006905514751
5732,5,-11.431597289252203
5739,5,-10.961018569914458
5745,5,-9.437863519485209
5747,5,-10.31509734172225
5748,5,-11.985405912032235
5755,5,-10.241052139127511
5768,5,-10.317063068785437
5769,5,-11.679716806934508
5775,5,-9.549474179597375
5793,5,-9.932957944976117
5808,5,-9.054804810593495
5816,5,-10.553848053106556
5818,5,-10.19735293700164
5821,5,-10.750406902978433
5828,5,-11.153568002444608
5854,5,-10.33217188004349
5855,5,-11.772934821041169
5878,5,-11.063634330236674
5880,5,-11.259677042836834
5888,5,-12.754382868933803
5891,5,-11.75688634124188
5893,5,-11.42370907225417
5897,5,-10.916789785510339
5900,5,-10.363459243694138
5903,5,-11.399872742936871
5912,5,-10.621093826450839
5916,5,-12.32527221357801
5922,5,-10.63231937875203
5924,5,-12.056589452898223
5928,5,-9.74938211286318
5933,5,-11.412145707475538
5959,5,-11.167703718926234
5964,5,-10.141643447076191
5967,5,-10.974572465099747
5974,5,-11.166470173189587
5977,5,-9.737095543809549
5984,5,-10.230864363760599
5986,5,-10.895957266777454
5990,5,-10.485982759907458
5994,5,-11.143527704970936
5995,5,-12.196564545668103
5998,5,-9.309719113460236
6013,5,-10.11526704368508
6018,5,-10.895957266777454
6028,5,-11.738404085043605
6032,5,-10.32063979993493
6033,5,-10.095122842712335
6040,5,-11.85092038501233
6043,5,-11.362410353151589
6044,5,-11.231266136880002
6049,5,-10.50251033132266
6059,5,-10.546121385047378
6062,5,-10.877674838341154
6071,5,-10.554727173586137
6073,5,-10.41623253196816
6077,5,-10.213594761853589
6096,5,-9.930438274761151
6101,5,-9.953109859558715
6103,5,-10.950373122156762
6105,5,-9.519376272740441
6107,5,-10.364854958209605
6109,5,-10.700283230207447
6139,5,-11.562224229028459
6147,5,-11.894066707782343
6154,5,-10.186558685060671
6155,5,-12.04989039983807
6163,5,-11.036127886313189
6165,5,-9.688427478190324
6169,5,-10.289810644411467
6170,5,-9.88252452364124
6174,5,-10.19269381460898
6176,5,-11.350896527942247
6182,5,-9.871034600834978
6188,5,-9.211584105470916
6198,5,-10.067454215651843
6201,5,-10.807490887399673
6208,5,-11.873446078913055
6212,5,-10.762013139231101
6220,5,-10.50778893797225
6221,5,-10.438810883765456
6227,5,-9.665319202420253
6232,5,-10.190639678629704
6241,5,-8.958214677858752
6243,5,-12.34506288846071
6245,5,-9.361348280925188
6259,5,-10.67562316031232
6261,5,-9.970299630938673
6270,5,-13.049798267172577
6278,5,-11.636558457083318
6290,5,-11.67532608690535
6291,5,-11.074357072428995
6292,5,-11.858401971777418
6294,5,-10.526014852603794
6295,5,-11.007626892884836
6297,5,-9.54470391138667
6304,5,-9.712462530377916
6307,5,-11.904343300550721
6314,5,-9.217696781453952
6326,5,-10.234253958759837
6327,5,-11.340899623922887
6339,5,-11.140816218274828
6347,5,-10.978969610726054
6349,5,-10.577947503680832
6350,5,-10.340289492263615
6351,5,-9.172015081280392
6356,5,-10.595149873195705
6365,5,-11.459017627567007
6382,5,-10.691719187431879
6389,5,-11.455279347117582
6393,5,-11.394870246768583
6394,5,-11.939254662693052
6401,5,-8.688830577593393
6404,5,-11.08178070048794
6405,5,-10.878068058663423
6411,5,-9.575922424509141
6419,5,-11.52251969386463
6431,5,-10.429231341434946
6441,5,-11.263711348183769
6443,5,-10.873255637083503
6451,5,-11.269201925563799
6460,5,-11.515874276379876
6466,5,-11.688002483202922
6468,5,-11.626913351662864
6469,5,-10.25813215547371
6476,5,-11.270466793457814
6479,5,-11.688118027089345
6483,5,-10.804013707083687
6492,5,-10.447197919618063
6495,5,-9.274863361912459
6501,5,-9.774105583552078
6509,5,-10.960859249989625
6510,5,-10.484542703719868
6516,5,-9.318553861556378
6522,5,-11.061224767891957
6536,5,-10.480299464781464
6539,5,-9.71266668575867
6541,5,-10.123628699042971
6542,5,-10.198910447015503
6543,5,-11.163898515083119
6552,5,-10.243520225314814
6553,5,-11.880087196402783
6573,5,-10.391152146256204
6575,5,-9.252242959093266
6577,5,-10.892856297953493
6578,5,-10.71480574861306
6586,5,-11.489089167423693
6596,5,-10.705111365280565
6607,5,-8.395002307371218
6614,5,-10.370792930427875
6615,5,-10.649825179383697
6618,5,-9.995148860051948
6619,5,-12.123213121778193
6620,5,-12.336886113725477
6622,5,-12.020028077190894
6630,5,-10.533097755281283
6632,5,-8.620864137004762
6633,5,-10.549852661249275
6695,5,-11.321079477737271
6697,5,-9.845363445590259
6699,5,-9.783525483987884
6705,5,-10.862990523503068
6706,5,-10.444667018613416
6713,5,-10.041962424163948
6715,5,-11.188587020737174
6735,5,-10.987081386225427
6736,5,-12.183957470319825
6747,5,-11.286314467679631
6760,5,-11.148436453985731
6778,5,-11.018443329069171
6787,5,-9.21747216319379
6791,5,-10.3567720840296
6794,5,-9.427416590488946
6796,5,-10.011868881524169
6797,5,-9.178548640787366
6800,5,-10.546320156869825
6803,5,-9.593653268611352
6808,5,-9.64473878666092
6809,5,-11.714147005517724
6814,5,-10.532894811950506
6817,5,-10.798849844066417
6833,5,-10.569907499227966
6834,5,-9.503454692113984
6842,5,-12.104668074211645
6848,5,-10.443185554670787
6857,5,-10.246024244690183
6860,5,-9.34950127107819
6863,5,-10.250468523746495
6864,5,-12.106652683186383
6870,5,-11.430318439511119
6871,5,-9.697118302283279
6874,5,-9.61700946858026
6875,5,-10.70579238591656
6880,5,-10.66253540353405
6886,5,-10.875460305270074
6889,5,-9.969924681736316
6895,5,-11.814326430214876
6899,5,-10.509416096879235
6900,5,-9.107257006265563
6901,5,-9.85323238902459
6902,5,-9.305725060825687
6905,5,-9.672104113560195
6920,5,-12.040215497546413
6931,5,-9.979335994574747
6932,5,-9.641210276402816
6936,5,-10.092760510176987
6939,5,-10.67151914103762
6948,5,-10.920058465465967
6949,5,-11.924108750850522
6954,5,-10.119483481151697
6957,5,-10.129873837951962
6960,5,-10.618625188853585
6976,5,-11.202833029074526
7004,5,-10.184922607632643
7010,5,-10.007767553467652
7011,5,-10.910366738375217
7029,5,-10.438150350772545
7033,5,-9.553831287057854
7037,5,-10.386793184580817
7040,5,-10.462752216389262
7042,5,-7.825917016320659
7047,5,-10.848740064989947
7048,5,-10.577759986175373
7050,5,-11.987085187862327
7054,5,-9.611760682747374
7057,5,-11.771180107444863
7058,5,-10.352680262495142
7070,5,-11.456141550465162
7075,5,-11.275276630942095
7077,5,-10.802740752345194
7086,5,-11.39489068809577
7089,5,-12.160111329833065
7095,5,-11.116550377440852
7097,5,-10.777856197524848
7102,5,-11.146894166268503
7122,5,-10.092399718556337
7127,5,-10.972112606370914
7128,5,-8.731918357031859
7137,5,-9.896032057572924
7141,5,-10.39407147475346
7144,5,-10.737187725691648
7145,5,-9.785611119672822
7165,5,-10.904210802924688
7171,5,-9.405712613289452
7176,5,-10.70391595861107
7182,5,-10.427980455305082
7201,5,-10.547932671408198
7204,5,-11.216290809560967
7206,5,-10.366571928704204
7220,5,-10.904265816842532
7230,5,-10.22825410415664
7231,5,-10.67151914103762
7240,5,-11.219388858941848
7245,5,-9.872297640483119
7248,5,-9.540842755777064
7255,5,-10.857689430582866
7259,5,-12.348784616221302
7261,5,-9.96558035720517
7272,5,-9.918035783174112
7286,5,-10.867819440936032
7294,5,-10.97920535418691
7295,5,-9.590074801106624
7308,5,-10.78405487335511
7321,5,-11.738338306818243
7322,5,-10.11616868678864
7323,5,-10.964897763016182
7328,5,-10.885944431882542
7334,5,-10.185452957593803
7345,5,-10.544886839887262
7349,5,-12.081848539142328
7357,5,-11.545206873493939
7364,5,-8.400303536451837
7367,5,-9.20992233728537
7371,5,-10.587488824858674
7383,5,-11.161438647939896
7386,5,-9.331766400017358
7388,5,-10.437547595926738
7392,5,-9.827534234301993
7403,5,-10.197966654570415
7405,5,-9.10750421738333
7411,5,-9.117427848282276
7414,5,-10.435699253550986
7428,5,-9.524375643911412
7436,5,-9.616859047021137
7437,5,-11.250861300649447
7440,5,-10.663151511654533
7441,5,-9.4065016324828
7446,5,-9.572813248432162
7448,5,-9.450635208879902
7464,5,-9.552485748442137
7471,5,-9.331289386273937
7476,5,-10.30692478749728
7477,5,-9.58684518708732
7478,5,-9.719800231955361
7482,5,-8.858666556881857
7483,5,-10.550740382210932
7485,5,-9.109334119965652
7492,5,-10.426844153041515
7496,5,-9.450330441316666
7498,5,-8.005043531189799
7499,5,-10.715071811337808
7506,5,-9.386356548618444
7509,5,-11.335036513597366
7536,5,-11.162572543016239
7537,5,-9.32573286998818
7548,5,-9.0071416963154
7552,5,-10.695475254053022
7559,5,-9.939376143614254
7564,5,-9.756692057149749
7567,5,-11.579469889880365
7568,5,-10.569721874053151
7573,5,-10.33752972004153
7574,5,-9.515552620493665
7577,5,-9.30834667896481
7589,5,-10.079422099454206
7594,5,-9.353842974518898
7598,5,-9.671267090853007
7608,5,-10.384184032352962
7620,5,-9.304223909455722
7630,5,-11.03445981345002
7634,5,-9.476624691300316
7643,5,-9.67544699864348
7647,5,-9.231556603398545
7658,5,-8.956452693689563
7667,5,-9.67360404297466
7675,5,-10.260995652921729
7677,5,-9.48266817572891
7680,5,-10.49881211614646
7685,5,-10.950600469639383
7686,5,-8.862209568863072
7689,5,-9.079056823595643
7695,5,-10.332385803156065
7696,5,-10.206588620519298
7705,5,-11.614475240875414
7714,5,-9.778553727436972
7718,5,-9.940519580380133
7733,5,-11.536228030528761
7743,5,-10.909544757447485
7754,5,-10.92879159227843
7758,5,-9.97068409234624
7760,5,-9.91988898719277
7761,5,-11.529482417208932
7764,5,-8.88386563314333
7768,5,-7.7312398963044835
7780,5,-6.869066632992876
7782,5,-7.024829317453261
7783,5,-6.153576609075291
7791,5,-6.913536324627177
7792,5,-8.088803957538268
7793,5,-7.371727325676613
7808,5,-7.279302635972776
7812,5,-8.047033833563745
7822,5,-7.470326715237505
7824,5,-6.867811436047582
7829,5,-8.24317703727612
7846,5,-8.87094276146211
7847,5,-8.793683516606421
7849,5,-7.718968106087541
7850,5,-6.929576652799536
7851,5,-9.026764927962418
7853,5,-6.307579948409003
7868,5,-7.349874434468379
7871,5,-7.661063337625361
7874,5,-7.8817826860501405
7880,5,-5.934816150871519
7885,5,-7.066951459687143
7889,5,-8.656445452354056
7893,5,-7.1810868211170416
7898,5,-7.711302387776403
7902,5,-8.18522944406022
7911,5,-5.979563746634717
7913,5,-6.77540643688544
7915,5,-6.962069465729531
7919,5,-7.1098256586428725
7927,5,-7.525028227315538
7930,5,-5.888783276259314
7933,5,-6.428221291264233
7951,5,-7.9134309753781125
7969,5,-7.5256746510329435
7972,5,-6.70054714744666
7973,5,-7.423325586338841
7974,5,-6.243972578055182
7985,5,-9.044414236343151
7994,5,-7.607382685167398
7995,5,-5.9898430212028195
7997,5,-6.789326499849391
8006,5,-7.385739953174088
8011,5,-7.478907114457726
8013,5,-6.572403912894618
8018,5,-6.822958740505086
8024,5,-5.99980896067483
8037,5,-7.502015223868025
8038,5,-7.941100269403417
8044,5,-6.422951481110918
8059,5,-6.588697562356092
8061,5,-8.6663603269795
8067,5,-7.21609368330817
8069,5,-6.838568489615387
8070,5,-7.30334455560055
8073,5,-7.256131228964389
8077,5,-7.655684168510177
8087,5,-8.84930248599236
8094,5,-7.481010580957651
8123,5,-8.204461585905563
8129,5,-7.947503537507572
8143,5,-8.881613196567102
8144,5,-7.060101310552859
8149,5,-8.528818988166918
8151,5,-5.882866329642603
8158,5,-6.278280316569351
8171,5,-5.866542278467314
8192,5,-8.290448951241753
8195,5,-6.263056158315315
8203,5,-6.657993466126321
8207,5,-7.446443617107924
8246,5,-7.4209329260710035
8259,5,-9.11519546984757
8272,5,-7.589467890085288
8275,5,-6.046356768410632
8288,5,-6.843463685329539
8290,5,-7.494825265705913
8297,5,-6.584567677177731
8300,5,-6.8356960808663985
8303,5,-7.387776508056106
8305,5,-6.110921461245532
8306,5,-7.729584153421413
8310,5,-8.198690313254104
8311,5,-6.863874832115215
8317,5,-8.110080828448332
8318,5,-7.448972806857082
8322,5,-6.116750587993799
8331,5,-6.538155565370289
8333,5,-6.705301807407871
8343,5,-6.600499968297399
8345,5,-7.554205970082396
8356,5,-8.266462634126015
8361,5,-7.230407269794622
8365,5,-9.175718355342092
8379,5,-7.698051266560256
8390,5,-6.758436836010716
8392,5,-6.425636216217121
8395,5,-6.194009832849488
8403,5,-8.187169599924289
8408,5,-8.942046433960357
8414,5,-5.952536373081614
8422,5,-6.853538911434697
8428,5,-7.775313332893624
8434,5,-7.501627558739777
8445,5,-8.766268910004406
8448,5,-6.965635475735901
8456,5,-8.277114642204467
8458,5,-7.608272929712783
8459,5,-7.238460643469097
8461,5,-7.478053848552733
8476,5,-6.969091074785069
8479,5,-7.969712366010825
8481,5,-7.214624314151806
8495,5,-7.687680369708737
8505,5,-7.497524330391514
8515,5,-6.6183775562147105
8523,5,-7.039971290655444
8556,5,-7.5351889150813065
8559,5,-7.4216731865892385
8579,5,-8.277368260397928
8581,5,-7.360097339642117
8582,5,-5.824136216215543
8594,5,-7.591590161123349
8598,5,-8.624089422613388
8604,5,-7.257376504213649
8607,5,-6.603949248302854
8608,5,-5.329739273831706
8612,5,-5.889165887696485
8625,5,-5.341261996640714
8635,5,-8.294309683970223
8638,5,-6.406591768633625
8642,5,-7.758320361365492
8649,5,-6.964948883340824
8654,5,-8.40231837419249
8655,5,-6.7617810704294925
8665,5,-7.241190486755222
8673,5,-7.8489052913909205
8674,5,-5.174328825386937
8694,5,-7.138932529328308
8709,5,-5.605207052507403
8713,5,-8.065989503664838
8716,5,-5.991290191460649
8729,5,-7.102517842203767
8732,5,-7.367565241292404
8748,5,-8.009559828072518
8753,5,-7.2397460423590125
8754,5,-7.2397460423590125
8758,5,-6.242079239998862
8763,5,-6.805488881156322
8772,5,-7.302509278563026
8779,5,-6.158313713311866
8781,5,-6.958117117209284
8790,5,-7.748008329031727
8811,5,-8.64731255469708
8827,5,-5.7765541687389685
8830,5,-5.181379374100494
8840,5,-7.128381508457011
8844,5,-7.874760792990443
8847,5,-7.502656028131884
8853,5,-8.2617767970208
8859,5,-6.335579000377965
8862,5,-7.247775727608062
8871,5,-7.653078493019088
8874,5,-6.506425024543866
8877,5,-6.5987500057373545
8893,5,-5.760744140190436
8897,5,-7.442900123867268
8908,5,-6.585945215858192
8914,5,-7.278343484607106
8916,5,-7.173328396066207
8917,5,-7.0318861569472695
8924,5,-9.054653985881139
8925,5,-8.2617767970208
8929,5,-7.3535774019095435
8939,5,-6.4658126530629865
8944,5,-6.429576347636175
8947,5,-7.057086999095866
8956,5,-8.184517552165119
8959,5,-6.72924818348007
8974,5,-7.6427821375951766
8985,5,-6.352228446154111
8987,5,-8.580933288673918
8997,5,-9.575728281567422
9000,5,-7.743152186433214
9012,5,-6.672780893710264
9020,5,-6.504736175469414
9023,5,-7.700906444045906
9024,5,-9.409843287676999
9026,5,-6.57721534820681
9030,5,-7.098490699743341
9038,5,-7.237522107719741
9040,5,-7.080041188758383
9041,5,-6.496229645333518
9048,5,-7.727354552013278
9056,5,-7.436127928515962
9093,5,-6.014974378825492
9101,5,-7.200756241050332
9103,5,-5.471097379168935
9113,5,-7.755130436651669
9115,5,-7.867656323356915
9127,5,-7.4627732628845465
9133,5,-5.990141730921817
9150,5,-6.768959621368136
9151,5,-8.108959142040902
9152,5,-8.64900496514371
9153,5,-6.619186052849781
9162,5,-6.420360044785728
9168,5,-8.334739329571295
9173,5,-7.1471517257069515
9180,5,-7.298807440991904
9185,5,-8.284214598732973
9190,5,-7.477680815262001
9192,5,-8.029201405758307
9200,5,-6.226005733345399
9203,5,-6.81360777332986
9204,5,-6.442593152653249
9215,5,-7.679567812919121
9218,5,-7.975011546050176
9219,5,-7.643796117912636
9237,5,-7.365835735892457
9238,5,-7.671826499649846
9243,5,-7.70828249425249
9247,5,-6.635211079709993
9268,5,-6.534020799184898
9274,5,-8.826171695751405
9287,5,-7.072572445002759
9289,5,-6.84684238491403
9296,5,-6.101572252533348
9304,5,-8.850506657364917
9312,5,-7.176843435106473
9317,5,-6.686750914372968
9329,5,-6.646950002634302
9333,5,-8.351734998450702
9339,5,-8.193721242350811
9356,5,-7.398786399307191
9360,5,-7.034415778381021
9361,5,-7.288997149433097
9369,5,-7.763424802577909
9370,5,-8.777310617725668
9378,5,-8.476246207496267
9382,5,-6.634296840209455
9401,5,-6.340934541547416
9403,5,-6.939711378880023
9407,5,-8.50554486157462
9409,5,-6.6401238983512165
9422,5,-6.441343933212753
9425,5,-6.534217417764506
9440,5,-8.808053078901047
9447,5,-7.425166645479475
9455,5,-8.22098486431657
9460,5,-8.207089254550738
9461,5,-6.981358986911236
9471,5,-6.699613839227009
9477,5,-5.967944462131431
9481,5,-8.713754714130005
9499,5,-7.561497608586873
9522,5,-6.346829137558416
9535,5,-7.899218215675788
9539,5,-7.295640626421811
9548,5,-7.663249922603146
9562,5,-8.165575825248787
9581,5,-7.686432677717473
9585,5,-6.132441165381291
9611,5,-7.421916573425882
9614,5,-7.799505903612754
9615,5,-6.889387525479936
9616,5,-8.773637396261172
9619,5,-8.83546548410007
9634,5,-6.906832680125245
9650,5,-7.126519581706379
9651,5,-7.5859451354697
9663,5,-7.079516742455784
9672,5,-7.051481333241963
9690,5,-6.411256586538986
9693,5,-7.763803115895197
9704,5,-7.8743049523667565
9705,5,-7.29525486918028
9708,5,-6.041688940317638
9710,5,-7.187984835593358
9718,5,-7.816178566008798
9720,5,-7.300856498247796
9735,5,-6.883097329015907
9740,5,-8.636495469274323
9743,5,-8.004525333844494
9749,5,-7.507226192079369
9752,5,-9.011448663449116
9755,5,-8.90492747331172
9769,5,-6.839636669498919
9772,5,-6.992526642078712
9773,5,-9.483950515843965
9774,5,-8.457582165225432
9775,5,-7.365386535031526
9789,5,-6.997444020072528
9796,5,-6.392492194930547
9797,5,-7.989853690491998
9802,5,-9.357048864252029
9803,5,-6.974705972165509
9807,5,-6.526340341317159
9809,5,-6.8618142811417755
9816,5,-7.590371585435442
9817,5,-8.095226040230514
9826,5,-7.27632796822332
9844,5,-6.352103417280816
9863,5,-6.482765496205367
9870,5,-8.6081748938726
9872,5,-6.619973853074754
9875,5,-6.526301900417408
9889,5,-7.436286573278181
9894,5,-7.659639952816914
9897,5,-5.8280697376078905
9900,5,-7.273938113671154
9902,5,-5.886346300544073
9920,5,-6.832567979668887
9925,5,-7.306277055800951
9935,5,-7.462812319305776
9939,5,-6.787864307266112
9944,5,-5.556748282669197
9953,5,-5.805784124856089
9958,5,-6.552596150401058
9962,5,-9.104250456454487
9969,5,-6.5007979212041604
9974,5,-8.62439237485561
9976,5,-5.991344455940926
9986,5,-5.931705740283775
9987,5,-4.756897339070228
10001,5,-7.479853494362949
10007,5,-9.039333026762407
10011,5,-6.58996498933886
10013,5,-6.350730617089916
10026,5,-6.812217810568438
10032,5,-6.855823292548596
10036,5,-6.987172194792397
10055,5,-6.762233467870722
10075,5,-6.619465862844418
10079,5,-7.270582833721885
10084,5,-6.426379605206943
10085,5,-6.858805820632021
10098,5,-7.860808442752685
10109,5,-6.762828899953934
10115,5,-6.750143156629637
10129,5,-8.870487442498934
10131,5,-6.74514567590894
10136,5,-7.441643332295246
10137,5,-6.7068753096920695
10138,5,-5.811934679164175
10142,5,-7.2490863630246345
10144,5,-7.287376543196135
10146,5,-7.649262478666721
10160,5,-6.900731495467962
10165,5,-7.430836646765226
10188,5,-6.543632565502289
10189,5,-7.405988512518594
10197,5,-7.35886868366028
10200,5,-6.986028758026521
10201,5,-7.420322124233564
10202,5,-6.536161925842588
10210,5,-6.579371911838717
10222,5,-7.288771783271397
10223,5,-7.01661500076089
10229,5,-6.873066240565411
10237,5,-7.964142950127311
10240,5,-8.131675496808082
10244,5,-8.213751831148773
10246,5,-8.187431515841194
10249,5,-7.180780581996377
10260,5,-9.023960363178553
10269,5,-7.183830448207058
10272,5,-7.740902387781098
10274,5,-7.627494900179894
10275,5,-7.949342663490345
10276,5,-6.593479266420449
10281,5,-6.579371911838717
10285,5,-7.449971458307459
10287,5,-6.453643583658778
10303,5,-7.608154842846961
10305,5,-7.462018460890402
10306,5,-7.054423819363386
10307,5,-7.379903073436207
10320,5,-7.681532351039447
10323,5,-6.619042022986772
10324,5,-8.566801755139782
10329,5,-7.613990462396302
10330,5,-8.03820311677794
10332,5,-7.674695000213557
10333,5,-7.072537101263475
10346,5,-6.813206390152363
10351,5,-5.956776927621007
10366,5,-6.172553442577911
10368,5,-7.969449195933937
10377,5,-7.785095720340834
10380,5,-8.458435050435469
10392,5,-6.523921630915691
10395,5,-8.2305778386112
10396,5,-8.80276400101036
10404,5,-6.369702573146309
10408,5,-8.243366299471738
10412,5,-7.863373129673661
10413,5,-7.739535249391956
10418,5,-7.081916089958302
10420,5,-7.931832310812936
10438,5,-8.011556556201704
10446,5,-6.772458169476192
10458,5,-8.499236893616594
10465,5,-9.381281707835583
10466,5,-7.649741873577735
10478,5,-7.641390247372762
10496,5,-7.996173707639507
10503,5,-8.355110743981903
10504,5,-7.915038316641915
10506,5,-5.872816625926042
10508,5,-7.473172449950866
10512,5,-5.956955399212475
10524,5,-8.075668059456248
10545,5,-5.802154704143952
10547,5,-7.680410875671903
10550,5,-7.932838982485411
10552,5,-6.350430263577287
10555,5,-7.215550406817609
10557,5,-7.932838982485411
10559,5,-7.0587664450027745
10560,5,-6.661880400245657
10564,5,-6.109313900158071
10577,5,-7.96890653199921
10580,5,-7.715477018356577
10582,5,-6.9842474281895335
10583,5,-8.413026876841151
10596,5,-6.374661934344495
10602,5,-6.581668289827888
10603,5,-7.156246680156734
10604,5,-8.05183786859859
10606,5,-7.638595241369465
10611,5,-7.155688147119385
10620,5,-6.708346675611168
10623,5,-6.4378088331
10630,5,-6.335260324000139
10633,5,-7.880918420073982
10634,5,-6.7014638359086405
10637,5,-6.706583345830424
10648,5,-7.351036352690798
10654,5,-6.522798939782696
10664,5,-7.591829272143791
10665,5,-7.866694905254619
10669,5,-6.513397096158371
10674,5,-8.09089834241015
10680,5,-6.680760722240343
10682,5,-8.608410012652406
10685,5,-7.439494667017414
10690,5,-7.411120825258379
10693,5,-6.978120164131973
10702,5,-6.998816582636252
10707,5,-6.2778762217430355
10709,5,-6.66372886304984
10716,5,-6.832689717641344
10730,5,-7.70282914516617
10743,5,-5.853571042928969
10746,5,-6.7089551410565065
10748,5,-7.555406346219449
10751,5,-9.077484408818762
10754,5,-8.308831894012759
10756,5,-7.44830398973528
10761,5,-7.515286641822591
10769,5,-6.791018475297612
10777,5,-8.347043703232636
10788,5,-7.208941700721212
10791,5,-6.840201995783367
10794,5,-7.788407204790367
10797,5,-5.617551467971651
10798,5,-7.979132849577404
10804,5,-8.066675254349988
10808,5,-6.794732508185547
10811,5,-7.6919624011373635
10819,5,-5.420878808370674
10829,5,-7.76869383959184
10836,5,-6.789693298767922
10842,5,-8.964140818786476
10845,5,-6.283068127079304
10851,5,-8.636499044717006
10852,5,-8.565846992884019
10853,5,-6.66093167273776
10862,5,-7.480909473559841
10867,5,-7.184845821776122
10885,5,-7.4813126575153355
10888,5,-7.93333407162725
10893,5,-7.652713679378131
10895,5,-5.564815925683185
10899,5,-6.835297975755168
10911,5,-6.554748018271262
10917,5,-7.690059550694496
10928,5,-7.868814757082859
10932,5,-5.919663266207628
10944,5,-6.665666365774271
10952,5,-5.842404021351939
10956,5,-5.836137380621878
10970,5,-6.605497200029006
10971,5,-6.114952801779573
10972,5,-6.692561263167292
10980,5,-8.508999249312247
10987,5,-6.862871550054578
10989,5,-7.704952739623657
10997,5,-8.412159647619848
11000,5,-5.842404021351939
11006,5,-7.759126826309359
11007,5,-8.752865585495293
11012,5,-5.3339359485923765
11013,5,-5.759763499983713
11038,5,-7.114766410990136
11043,5,-8.600522175542615
11049,5,-7.874785529657196
11064,5,-9.481761733722792
11071,5,-7.3235079818704065
11092,5,-8.416838270907057
11096,5,-7.382364977607409
11101,5,-5.449755849356766
11122,5,-6.220903307892019
11134,5,-5.8400386954366645
11136,5,-6.438558138991748
11139,5,-6.964580745277917
11148,5,-8.688138018119936
11152,5,-6.969945804359071
11181,5,-7.914891075613873
11186,5,-6.583988585482377
11199,5,-8.846879308194886
11200,5,-8.721182458818447
11202,5,-8.554063919191385
11203,5,-6.402342485989415
11206,5,-6.587202627743313
11207,5,-8.263021998193949
11209,5,-8.112617802587536
11228,5,-6.275003724132521
11250,5,-6.611710332896063
11257,5,-6.8057559501934755
11262,5,-6.994529832855548
11273,5,-6.512450763155147
11277,5,-6.217662411921342
11280,5,-6.776785769391186
11282,5,-7.199371425497237
11292,5,-7.871697260996317
11296,5,-7.620302545286165
11297,5,-7.4334836055212286
11300,5,-7.166414134093387
11301,5,-7.386488130690346
11315,5,-6.7336471253233405
11322,5,-7.963813992204116
11339,5,-7.772794919193199
11352,5,-7.1895027654858445
11363,5,-8.892893019004163
11364,5,-7.316116597868653
11378,5,-6.497826044530257
11380,5,-8.051412105078462
11388,5,-7.988062646427121
11403,5,-7.765912734842242
11406,5,-9.643907672483287
11409,5,-6.161923282571916
11414,5,-7.315780407827045
11419,5,-7.003741310972021
11420,5,-7.606444710003913
11425,5,-6.070323368861121
11427,5,-6.499850277873545
11431,5,-7.7243047374393505
11433,5,-7.625026532789441
11438,5,-8.416061523737923
11449,5,-8.725593827684428
11456,5,-6.96871321034358
11464,5,-6.137888230384316
11465,5,-7.330933696532295
11471,5,-8.234933688888319
11477,5,-7.413089384502854
11478,5,-8.120774958073682
11479,5,-7.031887324309974
11481,5,-7.7243047374393505
11490,5,-7.922242767835158
11492,5,-8.76951824721548
11496,5,-5.793291516500705
11507,5,-5.4473577764018835
11523,5,-5.79520411450358
11545,5,-6.5026333527479885
11566,5,-6.554951922743431
11569,5,-6.607555359019397
11585,5,-6.7480943004208065
11589,5,-7.929973526628878
11599,5,-7.412167342352948
11610,5,-9.060888496813696
11618,5,-7.238949787344765
11620,5,-7.184989476775133
11622,5,-8.022366222274577
11626,5,-7.552744923952577
11631,5,-7.691698125605097
11647,5,-8.141144899648182
11657,5,-6.68949936550101
11664,5,-8.73165556825981
11666,5,-7.544093017525686
11680,5,-6.5026333527479885
11684,5,-8.701457124047941
11695,5,-6.119060231507124
11696,5,-5.139490258775691
11699,5,-7.105035608015296
11700,5,-6.2476705510199615
11705,5,-7.1481250430926515
11706,5,-7.8536686756197085
11711,5,-6.328439297979539
11727,5,-7.200359539239887
11733,5,-7.937177625953787
11734,5,-8.065432474967512
11740,5,-6.516018611101295
11744,5,-7.765609807299036
11777,5,-8.005463183690502
11778,5,-6.156505091011148
11781,5,-7.022414185576231
11787,5,-8.23808806868454
11791,5,-8.340535083751583
11807,5,-8.684640154025512
11813,5,-6.474911605334302
11815,5,-8.248238783228501
11820,5,-5.161588343025901
11829,5,-7.68023529664962
11831,5,-5.416651467125728
11838,5,-6.288598093390203
11846,5,-7.4260357719562755
11861,5,-7.186381591426628
11864,5,-9.649198954234024
11873,5,-8.81736069634512
11874,5,-6.718969400551952
11891,5,-6.643787395186063
11895,5,-6.8757971752299625
11896,5,-5.735204316886815
11908,5,-7.573706226701965
11918,5,-7.766718795395278
11924,5,-7.793722662911787
11928,5,-7.142822071201753
11929,5,-6.8910995270532815
11935,5,-6.037116884742087
11937,5,-6.6936785546254605
11955,5,-7.844817233224944
11957,5,-7.876101305958443
11961,5,-6.259199586633464
11962,5,-7.197819624514764
11966,5,-6.081964690946265
11967,5,-7.708327709791284
11968,5,-8.317883394157267
11974,5,-7.638027396582302
11985,5,-6.717929516434722
11997,5,-6.828881493889146
12003,5,-6.669032056217905
12012,5,-5.5862096724153325
12015,5,-7.357676650610227
12018,5,-7.5735748199170665
12020,5,-6.979843052547121
12036,5,-5.88955053163555
12040,5,-7.583539052118315
12044,5,-6.2476705510199615
12060,5,-6.1921304426978985
12062,5,-8.4696310655265
12070,5,-7.871947131448433
12076,5,-7.75788404692689
12079,5,-8.354554078659831
12087,5,-6.3836219683336815
12093,5,-7.728768437751974
12094,5,-6.774701601056979
12102,5,-7.715662987906871
12113,5,-8.547862075879081
12144,5,-7.569561060289075
12149,5,-7.445150667389335
12151,5,-9.001597554607631
12158,5,-9.506486690098967
12160,5,-8.3079554621604
12161,5,-8.3079554621604
12171,5,-7.345069136566011
12174,5,-7.271485229470372
12176,5,-8.508802067237664
12182,5,-6.767619139277826
12189,5,-7.375351774962233
12191,5,-8.759646536272317
12197,5,-7.3053901734010935
12198,5,-8.43172852587768
12200,5,-7.79770107267813
12206,5,-9.64676116991902
12208,5,-8.027656734747666
12211,5,-7.4334932163834395
12215,5,-6.62789768316388
12220,5,-8.004684229414632
12223,5,-8.678899513374489
12229,5,-8.564700697440092
12234,5,-7.51129931712229
12247,5,-8.790925690657247
12254,5,-7.073292186930189
12262,5,-6.539178211869302
12263,5,-8.087995189249032
12284,5,-6.937754167201138
12292,5,-7.9508932492793285
12311,5,-7.550069943147907
12319,5,-6.754714005270589
12322,5,-8.09931194850472
12331,5,-7.060565111627135
12333,5,-9.19238087732429
12334,5,-7.113117349327393
12339,5,-7.261823192369466
12342,5,-7.391096607596115
12344,5,-8.334208933039495
12345,5,-8.146638678452746
12352,5,-6.467172756199854
12355,5,-8.565702023645198
12360,5,-7.833710242613542
12367,5,-8.608772360720188
12376,5,-8.509895633414764
12380,5,-7.436447799913434
12390,5,-6.833018069033265
12396,5,-7.148681388313971
12402,5,-8.324712128351202
12403,5,-8.24760577700139
12429,5,-5.902583831800737
12440,5,-8.008579604488137
12447,5,-7.083405434387263
12454,5,-7.077237960184863
12458,5,-5.028484416487284
12469,5,-9.424793912600421
12476,5,-8.032630296847081
12482,5,-8.162851369006344
12488,5,-7.104813388695764
12491,5,-7.282033810394321
12493,5,-7.282674327941638
12498,5,-8.237557551731435
12504,5,-6.653898656327566
12511,5,-8.403254641611795
12518,5,-7.880470429441324
12523,5,-6.821253054463398
12527,5,-7.744340629546038
12528,5,-5.763274620451821
12529,5,-6.132805237321346
12531,5,-6.383553153834402
12539,5,-6.60214016249429
12565,5,-6.778902368956484
12569,5,-7.4274984343205155
12570,5,-7.458018834082807
12577,5,-7.4989450325069065
12583,5,-7.640709096489918
12585,5,-6.8410344034973996
12586,5,-8.602807906832552
12603,5,-7.517232191843984
12615,5,-5.773601809131296
12620,5,-8.592179359303667
12631,5,-6.455255882404327
12633,5,-5.878407248662366
12640,5,-8.044816343751062
12643,5,-8.639967357360511
12648,5,-7.5321440951112315
12656,5,-6.91358430079897
12676,5,-7.520623012861346
12687,5,-9.516550014998188
12708,5,-8.484071441709201
12710,5,-9.020759010280095
12713,5,-7.237653746503536
12714,5,-7.833043103611555
12717,5,-7.897230145448447
12722,5,-6.576639411471877
12725,5,-6.836759296046502
12726,5,-7.20715570202535
12727,5,-7.109103306417939
12733,5,-7.056928583207505
12735,5,-6.456961824938819
12737,5,-5.951977080536892
12740,5,-7.744893815002769
12747,5,-6.234540505365587
12749,5,-5.822522163030271
12753,5,-6.746627516706511
12761,5,-6.230844575550449
12769,5,-6.479487518839544
12783,5,-6.140857206319502
12785,5,-6.4516525806016105
12794,5,-5.536718508285695
12795,5,-6.557257273171764
12796,5,-7.776621357442831
12800,5,-6.0758040818994985
12809,5,-5.4467713672469955
12817,5,-6.469790515325371
12818,5,-6.585385482630315
12819,5,-6.966729905608233
12829,5,-7.089451658987475
12837,5,-7.0511159365382206
12842,5,-7.0569807011016685
12850,5,-5.714159300793341
12857,5,-6.1390186460282195
12858,5,-6.0095637285215915
12879,5,-6.26271925661441
12883,5,-7.531465212901448
12885,5,-5.976475118037449
12890,5,-6.9173340145123206
12897,5,-6.51782062110712
12911,5,-6.248408853642342
12920,5,-7.294584807441257
12923,5,-5.181529206489827
12924,5,-5.181529206489827
12930,5,-6.315654354510919
12934,5,-5.3605410867321055
12937,5,-7.256988281471273
12938,5,-6.056862800260518
12941,5,-7.172575668406605
12943,5,-8.096295818622895
12951,5,-6.777913092858405
12952,5,-7.961529061749147
12954,5,-6.208163443719169
12960,5,-5.765820879263082
12969,5,-6.646550118256428
12971,5,-6.259712919994513
12974,5,-7.345969144184117
12984,5,-6.441446740468955
12986,5,-6.364187495613265
12998,5,-6.854349079626967
13002,5,-5.319033274539159
13005,5,-6.51782062110712
13007,5,-6.288975249404402
13011,5,-7.180568066153761
13024,5,-6.780975759643155
13027,5,-6.661757738419624
13030,5,-6.383827681479453
13050,5,-7.302883084409309
13054,5,-8.53141142471711
13061,5,-5.325466323802338
13064,5,-6.440561376251431
13068,5,-6.12041223534996
13069,5,-6.811745040316609
13081,5,-6.568321899006385
13089,5,-6.2504326875607745
13097,5,-5.884531558343674
13104,5,-6.000924105829654
13111,5,-5.70266320651227
13129,5,-7.039030226108483
13131,5,-7.086447941632294
13134,5,-7.163707186487983
13139,5,-6.622674111719924
13153,5,-6.241856515412742
13171,5,-7.190171465980484
13182,5,-5.645734804033793
13209,5,-6.992154046528682
13214,5,-7.6466334769043165
13215,5,-8.07367473540495
13216,5,-6.2174101645505075
13223,5,-6.46852775573894
13234,5,-7.348278142675376
13242,5,-7.515767963214582
13245,5,-5.414312823947064
13250,5,-6.4137104644489185
13251,5,-6.652304737179051
13253,5,-7.626953249756003
13271,5,-5.9908043613403805
13272,5,-6.164508613930671
13286,5,-5.0512499243467985
13309,5,-5.740272986668984
13319,5,-8.311140496821142
13339,5,-5.913545116484691
13344,5,-6.748370961096356
13348,5,-8.071344742928627
13350,5,-5.389017206265471
13359,5,-6.986341399859384
13365,5,-7.388963073496477
13373,5,-6.507485145199908
13375,5,-7.03434234085254
13378,5,-7.215968006058972
13381,5,-6.219856190527501
13386,5,-6.227337777292583
13409,5,-6.963452754785678
13425,5,-8.816249381639551
13426,5,-5.243413766020673
13432,5,-7.438906988268634
13442,5,-7.392339386978584
13444,5,-9.685925861769455
13449,5,-5.7319980617352115
13454,5,-7.9349335832191485
13459,5,-8.23691344066664
13471,5,-6.369143366641367
13489,5,-5.4895013064981875
13501,5,-5.5008745644048
13503,5,-5.657247715673346
13505,5,-6.749711245099132
13523,5,-8.45476919653052
13525,5,-8.377509951674831
13537,5,-6.409744623151312
13559,5,-5.363414375679714
13568,5,-5.13431200470232
13571,5,-6.45999206446573
13585,5,-5.718603677475574
13586,5,-5.718603677475574
13591,5,-5.760615933864056
13592,5,-7.491883742311842
13594,5,-8.279906683864027
13611,5,-6.737268075494594
13619,5,-7.081203521884149
13621,5,-6.244446797513106
13627,5,-7.494256050756594
13632,5,-6.1671875526574205
13634,5,-6.107534578493446
13635,5,-7.952823706863391
13643,5,-6.521255976705543
13662,5,-7.031096901088485
13671,5,-7.675876116938518
13673,5,-7.7531353617942
13682,5,-7.971819371979706
13687,5,-5.990507095783226
13690,5,-7.716239696930213
13691,5,-7.093752225853567
13693,5,-7.643751567626193
13698,5,-8.02217464434207
13709,5,-6.327279752819162
13719,5,-8.046156979196269
13721,5,-8.123416224051951
13744,5,-8.422849506814707
13745,5,-6.402108425964737
13751,5,-5.539807928812902
13755,5,-7.455332528350173
13756,5,-8.274671470173843
13757,5,-5.944872155946012
13771,5,-8.349932241048649
13772,5,-6.293829040869159
13783,5,-7.9827660826173386
13787,5,-6.6235175916425995
13815,5,-7.164861655244142
13823,5,-7.120554645486269
13827,5,-7.553520469100288
13838,5,-6.088222256577783
13840,5,-8.494126947111447
13846,5,-7.553404476220226
13848,5,-6.560462447799804
13860,5,-7.325520680930744
13868,5,-6.213847358130643
13870,5,-7.137582871130764
13879,5,-6.750339682129354
13883,5,-7.402320323539623
13885,5,-6.762151301429473
13892,5,-8.60806515677205
13893,5,-7.0481110436187
13898,5,-6.7948361000715884
13899,5,-5.9846406936910945
13909,5,-6.272049779808182
13919,5,-7.485791664460432
13924,5,-6.670009579643089
13927,5,-6.06189993854677
13928,5,-7.537671341967499
13931,5,-7.466607372079789
13934,5,-7.4231102511025036
13936,5,-5.861495922428556
13937,5,-6.490147042078778
13967,5,-5.77203637163343
13969,5,-7.541485783114279
13975,5,-6.628716221346156
13976,5,-6.939389216606717
13981,5,-7.2352865097834815
13983,5,-5.9846406936910945
13985,5,-6.697002735391873
13989,5,-7.772307013610543
13990,5,-6.637644663947317
13991,5,-5.960906276601289
13996,5,-6.764567596915068
14010,5,-6.512735496799689
14011,5,-6.288755402004835
14015,5,-6.628330464104632
14022,5,-6.747504013291138
14032,5,-6.747504013291138
14038,5,-8.043433222351197
14047,5,-6.582397090365614
14051,5,-7.641543699908436
14052,5,-6.177726951328562
14060,5,-7.973300973806648
14066,5,-6.525136661182895
14067,5,-6.979566160220568
14071,5,-6.9502787130352
14075,5,-5.3607113207745805
14076,5,-5.701227733284522
14081,5,-6.3496140552504166
14090,5,-6.67299902424071
14098,5,-7.110267554889102
14104,5,-7.728819719887078
14122,5,-7.439495444948992
14129,5,-7.2530765916734445
14133,5,-6.721980269861948
14135,5,-7.734968358214783
14137,5,-7.225513170483655
14147,5,-6.294816014689555
14156,5,-6.692587434105075
14162,5,-6.231284767716492
14164,5,-6.772389817818585
14165,5,-7.606308343224459
14167,5,-5.535992250865537
14169,5,-7.141009136194853
14176,5,-6.1540255228608025
14203,5,-6.120283923638791
14204,5,-8.235694943460722
14210,5,-8.983747973388315
14217,5,-7.120319295579566
14218,5,-7.403489700066334
14224,5,-6.823994665714192
14231,5,-7.0196860641719745
14252,5,-7.390902769637684
14271,5,-8.776092148457174
14282,5,-8.558586842293344
14291,5,-7.973826317506237
14296,5,-6.231284767716492
14310,5,-6.071084623433524
14316,5,-7.151287083128182
14318,5,-5.695865062236297
14324,5,-8.938103707842124
14327,5,-7.472719259672967
14330,5,-7.730248320452848
14336,5,-8.539309561416513
14344,5,-7.410567439874445
14346,5,-7.73428379618279
14358,5,-7.735629245445839
14365,5,-6.9370879199787545
14369,5,-6.648823072669703
14373,5,-7.563584332460547
14380,5,-7.17379031441391
14391,5,-9.526365906710915
14401,5,-8.490983548129499
14406,5,-6.659352822520905
14442,5,-5.648208724728178
14446,5,-5.591507440961003
14450,5,-6.988362528873466
14452,5,-7.900001427934686
14456,5,-7.414595159238466
14459,5,-8.276365689948669
14460,5,-7.460028808208008
14463,5,-7.570421838472505
14470,5,-6.952385659699075
14482,5,-6.043395626479622
14497,5,-8.249194870347875
14498,5,-7.3960501116719115
14503,5,-9.017379126461172
14518,5,-8.317224987859966
14525,5,-7.467552881283137
14534,5,-7.6396381228437065
14541,5,-6.299995197606684
14546,5,-8.875930568492738
14547,5,-6.523756188648363
14549,5,-6.814507017303697
14558,5,-6.74886337284811
14559,5,-6.8156603018494515
14562,5,-5.615685648948222
14569,5,-7.633576045972848
14571,5,-5.7254679695838675
14580,5,-5.560321093364458
14581,5,-6.689906921849584
14587,5,-6.416585501888317
14589,5,-8.211857526560596
14595,5,-6.144875689832592
14598,5,-5.879051986788582
14602,5,-7.0029071573008395
14603,5,-7.387764156198504
14607,5,-7.430607121472807
14629,5,-8.909528289135231
14630,5,-8.562684958642748
14638,5,-7.661782496684012
14643,5,-6.454921224337575
14649,5,-5.702921482493551
14650,5,-8.818112632661649
14653,5,-8.108617288748238
14660,5,-7.934494080050239
14666,5,-6.69229083884624
14668,5,-7.779508629858391
14671,5,-6.694733228643763
14672,5,-7.788587386402131
14682,5,-6.375018628116294
14684,5,-6.494357876402219
14687,5,-6.661088099028511
14688,5,-7.31157649624442
14692,5,-6.099333970276504
14694,5,-5.867546650955141
14702,5,-7.190903452324058
14707,5,-6.398854957433592
14710,5,-6.060632908592616
14715,5,-7.056695276132999
14717,5,-7.23713262995291
14718,5,-9.00084562449528
14731,5,-5.569204912789228
14746,5,-5.3181019615245475
14757,5,-7.1641627686269125
14760,5,-6.2985622336821265
14769,5,-6.749804109907714
14775,5,-6.22517287605401
14777,5,-7.174511343289975
14784,5,-5.7184359079793765
14785,5,-6.1656376997798645
14787,5,-7.575819360192579
14791,5,-6.017280632316549
14793,5,-7.703755587674301
14803,5,-5.326910396867774
14816,5,-7.027429202433638
14818,5,-7.819556418826519
14823,5,-7.022294051504389
14826,5,-7.9933629782760285
14830,5,-5.925291601292479
14835,5,-7.022294051504389
14847,5,-5.823416900248759
14848,5,-7.261692067235927
14866,5,-5.004258758926383
14882,5,-5.85517992009008
14885,5,-7.246902490854822
14896,5,-6.923005725961758
14898,5,-8.568874405613148
14903,5,-5.401646013614538
14917,5,-6.3500042422975795
14924,5,-7.906906715761437
14928,5,-8.232650489084552
14936,5,-7.330306447545283
14944,5,-5.909552525813844
14955,5,-6.712051354526558
14959,5,-8.101046929234563
14964,5,-5.930498225095793
14974,5,-8.292776070428651
14976,5,-6.873314727380279
14983,5,-6.252514195974168
14991,5,-5.454265475545359
14999,5,-7.3298174959665126
15002,5,-7.495702489856935
15006,5,-6.889036318446831
15028,5,-6.195267786041736
15034,5,-6.289037981199744
15037,5,-7.957057320032636
15045,5,-6.723181185652994
15049,5,-5.344483154909721
15055,5,-6.179255660564092
15063,5,-5.928591593542169
15070,5,-6.430203017381135
15083,5,-6.693279680188116
15093,5,-5.834236645047778
15106,5,-7.057728589309669
15114,5,-6.194920442050435
15126,5,-5.076706864246336
15129,5,-7.090506175809441
15131,5,-4.52706423017386
15137,5,-3.6353225242768623
15148,5,-5.4928167633924865
15151,5,-3.6353225242768623
15158,5,-7.619904992250028
15159,5,-4.740303891890232
15168,5,-5.070894217577045
15182,5,-6.430203017381135
15197,5,-5.591994413924606
15198,5,-8.736440993102342
15202,5,-6.702226167293645
15206,5,-6.676257508057645
15224,5,-6.404200869904056
15229,5,-9.655561623033968
15230,5,-7.158257682479739
15232,5,-7.590749413608258
15234,5,-7.52020220876058
15239,5,-8.68869522348798
15242,5,-7.590749413608258
15245,5,-5.767237318228776
15253,5,-7.66800865846394
15259,5,-7.575483263822623
15267,5,-6.6238329711812405
15269,5,-6.28944382272886
15275,5,-6.5578174538355505
15280,5,-7.2672818694601276
15281,5,-7.383759604401938
15284,5,-6.637473289957683
15297,5,-5.961140410426527
15299,5,-6.056800729967325
15306,5,-6.9103470199439485
15307,5,-6.482079399064791
15309,5,-7.6464003360763755
15311,5,-7.52943806455254
15314,5,-6.418166676365789
15316,5,-7.4048337670154645
15322,5,-8.125403499911727
15331,5,-6.42386084477921
15339,5,-6.710463281194301
15346,5,-5.250445911571969
15356,5,-7.950772275944928
15357,5,-5.866790730041462
15367,5,-6.233623113855064
15371,5,-6.6207470842111995
15383,5,-8.052391912633539
15391,5,-5.7836353842645245
15398,5,-5.7836353842645245
15399,5,-7.594163648521487
15402,5,-6.15586695609657
15405,5,-6.017007133676778
15415,5,-5.953617967453223
15419,5,-7.150539558577375
15426,5,-6.897307513813306
15429,5,-7.667630853571328
15430,5,-5.883854313665392
15434,5,-7.593830968350439
15442,5,-7.867788802424457
15445,5,-6.010339490236941
15455,5,-5.974235626662281
15457,5,-6.041898785559621
15462,5,-6.078607711240881
15473,5,-9.429157857418375
15486,5,-4.972515854631791
15488,5,-8.075758239520606
15497,5,-6.865365022620384
15502,5,-6.742779517579891
15505,5,-6.419754760551104
15515,5,-5.693160090270549
15520,5,-7.52943806455254
15522,5,-5.386798474437466
15524,5,-6.629035925085301
15539,5,-7.195763120837189
15541,5,-6.033014097726795
15544,5,-6.787894143550677
15554,5,-6.3115374374870505
15560,5,-5.80205704668867
15562,5,-6.7732736500363195
15579,5,-6.606380396787824
15589,5,-6.067598301243908
15590,5,-7.354042511180555
15592,5,-7.600819563490653
15594,5,-6.843469702047837
15597,5,-6.401321893792076
15599,5,-8.03019388839865
15601,5,-5.970148693323932
15602,5,-6.5486830510668845
15603,5,-7.4313801709837115
15610,5,-5.910930324442322
15616,5,-6.773720595270458
15635,5,-8.377170270804655
15636,5,-8.306788486318858
15639,5,-7.438378413153043
15640,5,-8.193389835811576
15643,5,-8.214836310576707
15650,5,-5.8850158506638515
15652,5,-7.282674327941638
15657,5,-6.9342961879527785
15658,5,-8.508962787177069
15665,5,-5.545762242926234
15667,5,-7.433365895740156
15668,5,-6.36822214852879
15669,5,-5.8249362298280225
15671,5,-7.013161822780468
15675,5,-6.5161599752869215
15678,5,-7.585292515788694
15679,5,-6.254463138840446
15680,5,-7.401623526207693
15681,5,-7.680628501559756
15694,5,-5.797214482414322
15709,5,-7.765624152492453
15718,5,-7.73115442514413
15721,5,-8.393084799545441
15722,5,-6.954184684990764
15743,5,-7.618956785512534
15753,5,-7.251336847661715
15759,5,-8.647632426094539
15769,5,-7.96226575640075
15774,5,-6.816985509959263
15800,5,-7.143902981770527
15803,5,-7.162911586762281
15814,5,-7.071289010582571
15837,5,-6.7940900322271
15839,5,-5.308630186699791
15842,5,-7.503361818207598
15866,5,-7.592306937675289
15890,5,-7.673601397725111
15900,5,-5.828774478674628
15904,5,-7.652222417557375
15906,5,-7.316251404352855
15919,5,-6.686421732107522
15931,5,-6.962393881658695
15935,5,-6.682008760858277
15938,5,-8.69366189699091
15943,5,-8.86882878826274
15946,5,-5.317427183324892
15950,5,-7.099991680373918
15953,5,-5.298404568781262
15957,5,-8.079576434394266
15967,5,-8.14019177443216
15970,5,-7.461908815572212
15988,5,-7.84846278858452
15990,5,-8.273503640054805
15992,5,-6.626476449162837
15999,5,-6.479312608487756
16006,5,-6.623954324859632
16007,5,-7.79105768215555
16014,5,-6.452937786228524
16033,5,-5.696454395907793
16051,5,-7.696603286725463
16052,5,-5.889077683767361
16053,5,-6.305634048223723
16056,5,-7.886779026346137
16071,5,-5.066777547766549
16072,5,-7.502878667900045
16077,5,-5.066777547766549
16079,5,-7.502878667900045
16082,5,-7.502878667900045
16086,5,-7.580137912755735
16100,5,-6.732269948205975
16111,5,-5.812653643248883
16117,5,-6.994756023147033
16121,5,-4.904358088742562
16127,5,-6.3311073744674715
16132,5,-5.657903108060665
16140,5,-6.844672973211409
16148,5,-4.862694658499812
16151,5,-4.785435413644123
16156,5,-7.044297848312006
16160,5,-6.86360850538928
16165,5,-6.837255604063806
16182,5,-7.116781469702325
16183,5,-6.283990951276287
16202,5,-8.068945864504538
16213,5,-8.640062593263462
16215,5,-7.438187676339279
16217,5,-6.945236341772585
16227,5,-4.784780722525426
16228,5,-6.088121421924583
16232,5,-6.8109835246307355
16241,5,-5.692057904737531
16245,5,-7.824263409047823
16247,5,-7.641923674886311
16253,5,-6.301827837749983
16254,5,-7.227852486089844
16262,5,-7.694497450748642
16268,5,-7.129593517912362
16280,5,-7.057924393499974
16283,5,-8.155927446026297
16291,5,-9.257216541131633
16297,5,-7.043104648752113
16303,5,-6.706573646690124
16310,5,-8.437868156736112
16314,5,-7.160300950800384
16317,5,-5.867546650955141
16318,5,-5.966336928623043
16321,5,-8.71960551252792
16341,5,-6.74478266591732
16352,5,-8.123107310374746
16361,5,-7.270360982054374
16370,5,-6.467372868003281
16373,5,-7.602320105017569
16375,5,-6.408279383608225
16384,5,-7.517814502877226
16388,5,-6.9271894542824555
16389,5,-6.297650240294011
16390,5,-5.692981465867923
16391,5,-5.803762795849053
16409,5,-5.194954996182467
16418,5,-7.437400678017227
16426,5,-6.460719590250747
16430,5,-4.7769168008035905
16433,5,-6.996006618403278
16452,5,-7.551343180033072
16453,5,-7.13907775287624
16455,5,-7.4922611429740655
16456,5,-8.191609389818321
16459,5,-8.233159154528526
16461,5,-7.2710826963872
16471,5,-6.391841644365819
16478,5,-7.178584237795526
16483,5,-7.849700636342046
16486,5,-5.920723037541478
16495,5,-5.74780657550739
16500,5,-5.961080991720145
16503,5,-7.986594397040186
16507,5,-5.894660484282646
16509,5,-8.804756571977453
16510,5,-6.0881583638600745
16512,5,-5.582103463902946
16516,5,-8.604314514884091
16517,5,-5.175816072504844
16526,5,-3.9851920791398463
16527,5,-7.770822637210813
16535,5,-6.040385742293481
16542,5,-5.927314552160311
16546,5,-5.415763001233628
16552,5,-6.7412157322569115
16584,5,-7.2515737016575486
16587,5,-6.23827785295164
16591,5,-6.462964220954554
16597,5,-8.252910646262293
16603,5,-6.182277353888338
16609,5,-5.827421592330456
16621,5,-5.268597527038338
16623,5,-5.9309634201412855
16633,5,-6.474468697526831
16641,5,-5.34585677189402
16643,5,-6.582802437331033
16654,5,-6.573552259072926
16665,5,-6.629475745776418
16674,5,-7.624442243508554
16691,5,-6.895887893262483
16698,5,-7.235177620600801
16709,5,-6.802140363557989
16713,5,-8.036742201833373
16716,5,-8.323969156109875
16725,5,-7.475324599133742
16731,5,-6.745297760743643
16737,5,-6.811568408282724
16743,5,-7.203215141188604
16747,5,-7.672318773282736
16750,5,-5.549570576953524
16752,5,-7.8543433944515115
16758,5,-6.908154970913728
16765,5,-8.396054999241393
16779,5,-6.165680206630643
16786,5,-6.312374088435714
16791,5,-7.409862794875256
16793,5,-5.51926959357451
16794,5,-6.775976716986921
16795,5,-8.380723993935774
16801,5,-7.4676094901803545
16804,5,-6.659931267946458
16808,5,-6.680481685492499
16810,5,-6.886452411709666
16826,5,-6.621818389892265
16830,5,-6.680481685492499
16832,5,-7.436715653022979
16835,5,-5.701692586996302
16842,5,-6.3190172924725765
16845,5,-8.45715267122257
16851,5,-8.021101805066593
16864,5,-6.48796349688271
16869,5,-8.076150574747281
16882,5,-6.750486565953597
16891,5,-7.129535169946813
16898,5,-7.091809469042495
16900,5,-6.324671903176689
16910,5,-6.430431334005132
16923,5,-6.530569735826699
16939,5,-7.295734524859622
16949,5,-7.993402924318119
16950,5,-6.336029146620152
16963,5,-6.837893990654276
16976,5,-7.657379472351028
16995,5,-7.020177063265976
17010,5,-6.00808466942507
17014,5,-6.106471747768001
17028,5,-7.412090360459125
17030,5,-6.544834411900975
17034,5,-7.217094869139416
17037,5,-8.124105710175158
17041,5,-7.904107338447091
17048,5,-7.777539479768876
17050,5,-8.115835084850929
17057,5,-6.3949560914351125
17058,5,-6.686939362842711
17059,5,-7.2069578634454565
17064,5,-7.1368481117638645
17072,5,-9.254481295209253
17077,5,-6.623397852261839
17081,5,-6.479243413974704
17085,5,-7.019376385784323
17106,5,-6.120736451057152
17125,5,-5.683362958715964
17131,5,-6.490116584576082
17154,5,-6.0830655143044225
17165,5,-6.610647001498474
17166,5,-7.238281434120914
17180,5,-7.622562208066228
17185,5,-6.4574372359099
17186,5,-6.2983014483976625
17199,5,-7.326948384155674
17204,5,-7.327672110145944
17221,5,-8.183520075893036
17222,5,-7.471220870341423
17224,5,-6.906646278286335
17237,5,-6.8025343301476475
17239,5,-6.681271668147321
17240,5,-6.931751789925531
17242,5,-9.149701289759868
17243,5,-6.87778536223631
17248,5,-6.0447483276605105
17253,5,-6.154771868104678
17257,5,-7.7105692448444465
17286,5,-7.254323512945927
17300,5,-8.601921574344573
17305,5,-7.4428504976070755
17306,5,-7.7926932969145355
17323,5,-8.552345748656464
17328,5,-7.964221106946702
17330,5,-6.472017812205689
17344,5,-8.006431540543254
17355,5,-7.695133995698466
17356,5,-8.119906438401273
17370,5,-9.11869336649287
17375,5,-8.131119003853925
17379,5,-8.35212108654492
17381,5,-6.089217860943979
17384,5,-7.622695929960724
17401,5,-6.15856948620775
17413,5,-7.470472352153639
17415,5,-7.268928590095754
17432,5,-6.831285576754166
17434,5,-7.667076344556129
17446,5,-7.612490392605974
17450,5,-7.6874415435976395
17460,5,-9.161802661652445
17480,5,-5.661806112237308
17489,5,-6.393409911836319
17494,5,-7.395764794447768
17495,5,-7.539701911760272
17496,5,-6.8526415953522495
17497,5,-7.072724326167961
17500,5,-6.592370170433593
17501,5,-8.273373926066697
17508,5,-7.823968333814872
17515,5,-8.529391807075726
17516,5,-6.972648705864351
17527,5,-8.601908265507824
17533,5,-6.914412075552306
17542,5,-7.052860345134274
17563,5,-6.773149377848089
17565,5,-10.008259329560111
17570,5,-7.327828456261617
17578,5,-7.404758802987018
17584,5,-7.6659167830141115
17587,5,-5.622882589830876
17591,5,-6.043332271241582
17595,5,-8.224700056649095
17598,5,-7.733153757721542
17601,5,-5.818522976472746
17607,5,-8.63584608714902
17618,5,-7.777299329396129
17622,5,-5.815968847468351
17629,5,-7.892678885222313
17638,5,-7.227678102654245
17639,5,-6.912869219849149
17640,5,-8.990277613813205
17642,5,-7.970607274081495
17649,5,-6.911117711011489
17672,5,-8.807335454800338
17675,5,-8.62976747181293
17685,5,-8.854144384613512
17687,5,-7.571065471341889
17703,5,-6.020794019207457
17713,5,-6.231741424060331
17726,5,-6.471482833795086
17727,5,-7.456195883626137
17746,5,-7.090884674845242
17756,5,-7.186170986829225
17765,5,-7.097324719542783
17768,5,-6.663251771181812
17770,5,-8.242604965984277
17787,5,-4.984323786517436
17797,5,-7.053152735762119
17801,5,-7.092076258168543
17803,5,-6.473321816841992
17808,5,-5.970874950744083
17811,5,-6.558446331650742
17813,5,-5.779033269572878
17816,5,-5.419986375429922
17825,5,-8.495037750407064
17828,5,-4.913562502408105
17834,5,-6.545959340592244
17840,5,-7.883681303435253
17842,5,-8.008603644910032
17847,5,-7.467272467030817
17853,5,-7.38735633065383
17854,5,-6.563246552530831
17864,5,-7.4866064423747325
17873,5,-7.457553025002078
17875,5,-6.913427960929205
17890,5,-7.081171673478686
17909,5,-7.392761274265645
17910,5,-6.137892153448298
17911,5,-7.469599420945773
17915,5,-8.139951389939323
17929,5,-7.2704783158260895
17937,5,-7.239997261010039
17945,5,-8.070722868926588
17949,5,-6.290834742070132
17955,5,-7.052550327376782
17961,5,-8.468242985694289
17967,5,-7.993463624070898
17972,5,-7.244509721158103
17984,5,-8.404708316668987
17987,5,-7.539332134103191
17988,5,-8.029585170335046
17993,5,-6.274286610365813
18002,5,-7.680056363616671
18006,5,-5.6918857845385915
18009,5,-6.1382411026001265
18010,5,-6.746507014007655
18024,5,-6.750611046098292
18026,5,-5.585646475884165
18042,5,-7.855147746726981
18045,5,-6.979023580312408
18048,5,-5.801275992152711
18050,5,-6.018859056960267
18054,5,-6.244233582102073
18059,5,-6.0720573869555565
18060,5,-6.357594871568139
18066,5,-8.519825159259899
18081,5,-8.024114345653295
18082,5,-6.384544966518419
18084,5,-6.319259149118885
18090,5,-6.219856190527501
18093,5,-7.959932076376862
18105,5,-7.985778623204048
18110,5,-6.370512993979432
18114,5,-6.416309068857274
18125,5,-7.1925551257630715
18131,5,-6.219906732317774
18133,5,-9.809347302644372
18138,5,-6.537978835106426
18153,5,-6.605741328686619
18154,5,-6.01708149078344
18158,5,-6.941349961744123
18161,5,-6.268734418280552
18162,5,-7.153668689342641
18164,5,-5.784432946682891
18172,5,-7.674922740877996
18177,5,-7.316182334138546
18179,5,-9.580343305391487
18182,5,-6.321125885347783
18185,5,-7.3585612332032255
18192,5,-7.5525838439894315
18197,5,-6.164508613930671
18211,5,-6.769938629368504
18212,5,-7.332249849392454
18214,5,-7.501647569386044
18217,5,-4.904409172351841
18220,5,-7.7023376520768565
18221,5,-7.082739182622564
18222,5,-7.398130175560016
18223,5,-9.754876350286501
18224,5,-7.0850873138108454
18232,5,-8.837596086523924
18233,5,-7.715981414233717
18237,5,-5.15623091661617
18259,5,-5.876625549534481
18275,5,-8.133277596654292
18280,5,-7.197005900219658
18288,5,-6.129940150286615
18293,5,-6.783867844711374
18297,5,-7.641132841210247
18299,5,-7.091117162098911
18304,5,-6.441052552695702
18307,5,-7.607940088790691
18315,5,-7.324768262627366
18317,5,-7.329300220371302
18320,5,-5.761030582229537
18323,5,-6.455402342149192
18324,5,-8.124983367007843
18333,5,-6.993761900836599
18349,5,-7.370462023967651
18351,5,-7.587916968923377
18353,5,-6.472253627165632
18356,5,-8.168750864838877
18366,5,-6.365697616318624
18373,5,-7.4697174663991035
18375,5,-7.495977478856023
18378,5,-6.93988764953043
18382,5,-6.408108927749925
18388,5,-6.163566505608973
18389,5,-6.163369887029351
18390,5,-8.68218044072298
18399,5,-6.651978812870038
18401,5,-6.167929836155309
18410,5,-5.9057501733388555
18424,5,-5.692585617928547
18425,5,-6.140278453786852
18438,5,-8.384329324446995
18441,5,-6.594407228415989
18448,5,-6.869028851301216
18468,5,-6.827037087432384
18478,5,-6.0378270193176355
18487,5,-7.723908705722042
18491,5,-6.795915930182542
18500,5,-7.715374732995134
18507,5,-6.499282808633872
18513,5,-6.3663588356947045
18535,5,-8.511885040185781
18544,5,-6.2485351406942335
18549,5,-5.810090272707406
18557,5,-6.194990806708187
18563,5,-6.402146270163737
18568,5,-5.50368028606346
18572,5,-6.434691341968044
18578,5,-6.531013680339829
18596,5,-8.421503398091794
18599,5,-6.881504735549708
18618,5,-6.399422181287267
18625,5,-6.830332921670781
18627,5,-7.04004725101915
18628,5,-7.570277205077044
18629,5,-6.520232780761699
18630,5,-8.038612643253416
18633,5,-5.15016858612778
18637,5,-8.110051690714005
18650,5,-9.610998448690452
18655,5,-8.019414674941704
18660,5,-6.71058512548662
18661,5,-6.894859559033481
18667,5,-8.457480267266178
18668,5,-8.51513842534461
18670,5,-6.5262912556788315
18672,5,-6.274980547141521
18684,5,-7.190364297610973
18691,5,-6.6075987043676
18694,5,-7.486072208951317
18705,5,-6.972118803889163
18710,5,-6.020784907291141
18717,5,-9.372892251172804
18718,5,-7.5417144713636795
18741,5,-9.193032620439162
18748,5,-8.107206437105628
18753,5,-8.664039946468748
18763,5,-7.1954796680505275
18764,5,-6.887512199416836
18772,5,-7.830138195664777
18776,5,-6.569262981918346
18788,5,-8.040139805474968
18792,5,-7.431973167691613
18793,5,-6.861794344217973
18794,5,-8.86980239197208
18802,5,-8.301154510242423
18806,5,-7.04004725101915
18809,5,-7.944232669575822
18813,5,-7.520392640029161
18826,5,-5.324030530299282
18834,5,-4.525584811588661
18836,5,-5.316548943534205
18843,5,-5.569259550218764
18850,5,-6.446988492833839
18863,5,-3.738844158612306
18867,5,-6.337791405651181
18880,5,-4.874666006872275
18884,5,-5.512663902064897
18885,5,-4.880774113384522
18886,5,-4.807469516969814
18892,5,-5.973949217236193
18898,5,-4.759846075766472
18931,5,-5.009797246259087
18936,5,-5.3162343333928455
18947,5,-7.200036055998801
18954,5,-5.385499507841811
18958,5,-5.117906169610965
18960,5,-5.713196667531282
18961,5,-5.880094564438497
18969,5,-6.789221198358469
18976,5,-6.593378458374609
18978,5,-4.80388710308814
18993,5,-5.771197608020376
19014,5,-5.0819597224249655
19017,5,-4.821712716074785
19030,5,-4.572415855737816
19033,5,-4.243984520898373
19034,5,-5.545775188646893
19042,5,-5.311605138943122
19044,5,-5.6667944407389825
19048,5,-5.249508736757825
19055,5,-5.167668021630611
19059,5,-5.571294927947228
19067,5,-6.468871076068442
19075,5,-5.528148605177222
19080,5,-5.232908415395066
19090,5,-4.035376821786649
19092,5,-4.695186707654258
19112,5,-4.759457421229143
19115,5,-5.167346567268432
19122,5,-5.4044786234948745
19124,5,-5.689760111482379
19127,5,-5.225672407440527
19156,5,-5.254707694195613
19165,5,-5.148801519701877
19182,5,-6.533190095250383
19183,5,-5.603818003727184
19212,5,-5.030890366245764
19213,5,-5.518274890659878
19225,5,-5.008813791744224
19228,5,-4.9391054940691745
19230,5,-7.278095689128715
19243,5,-4.152040961204605
19260,5,-6.305435375910516
19263,5,-4.944781814594592
19265,5,-4.2967480855814415
19277,5,-5.193935267360217
19280,5,-5.2396257502860095
19281,5,-5.025077719576473
19286,5,-4.37763381454306
19296,5,-5.8943655061079525
19298,5,-4.81780045062451
19306,5,-4.917634449042623
19312,5,-5.11850745575348
19318,5,-5.91815967762777
19324,5,-4.719053696198358
19325,5,-4.719053696198358
19330,5,-6.260113973381806
19337,5,-4.622247457534591
19342,5,-5.150846397883278
19344,5,-4.868479073809681
19345,5,-5.944244048434911
19348,5,-5.2763322341126795
19352,5,-5.951837460561222
19357,5,-6.897851213203186
19358,5,-4.9638048323919435
19364,5,-4.487416135178705
19371,5,-5.731118112136443
19375,5,-6.654443884634016
19380,5,-5.822026576113231
19393,5,-5.6601398111499535
19396,5,-5.133728847746752
19407,5,-4.728426625168659
19408,5,-4.874732195490175
19410,5,-4.7591372281852315
19433,5,-5.481568406833205
19436,5,-4.686212468955894
19443,5,-5.705341807818844
19461,5,-4.976345808022373
19463,5,-5.297362601372846
19467,5,-5.374621846228536
19481,5,-6.788059081398075
19494,5,-5.079184289523365
19502,5,-4.416547525780029
19506,5,-4.848181995142983
19508,5,-5.839655474203951
19512,5,-5.705662534576284
19545,5,-4.785267563675088
19552,5,-5.024646527420867
19567,5,-5.764950358352657
19570,5,-7.09681141685946
19578,5,-5.120734054233555
19588,5,-7.129334492639423
19591,5,-6.73399022469609
19594,5,-5.057202348325124
19597,5,-5.057152928469119
19598,5,-5.36470309384983
19602,5,-5.134412173324808
19630,5,-5.968934507415678
19631,5,-4.416547525780029
19639,5,-4.75796740743532
19649,5,-4.525198653950309
19653,5,-4.865255220379279
19660,5,-5.919781587355214
19663,5,-5.123343407741867
19669,5,-6.312652291298747
19677,5,-6.191861132816783
19682,5,-4.296855256414023
19699,5,-7.1128504905327326
19702,5,-4.485528542802253
19706,5,-7.634992763049162
19717,5,-5.504225351826076
19718,5,-6.861130365925945
19719,5,-6.585092194755287
19720,5,-4.887331794880826
19734,5,-6.147100407053411
19762,5,-5.783704600100133
19770,5,-4.863012011555124
19777,5,-6.058924276692554
19781,5,-5.284795608321257
19782,5,-5.213927538137558
19787,5,-4.658879233010854
19797,5,-5.452011055767432
19799,5,-6.981935321690379
19801,5,-5.580923828971912
19804,5,-5.01737695588707
19805,5,-6.031872530133523
19809,5,-6.090472285940269
19813,5,-4.737619941809168
19814,5,-5.336580013282575
19816,5,-6.370166732329203
19817,5,-6.124768987565332
19822,5,-5.030977370890607
19827,5,-4.828857214878251
19838,5,-5.834888940573016
19839,5,-4.743602628411406
19845,5,-6.18699663367725
19846,5,-5.360416342599873
19850,5,-5.689686765735264
19860,5,-5.892461465479325
19861,5,-5.892461465479325
19863,5,-4.066440892986503
19881,5,-4.9970049511827845
19882,5,-4.658879233010854
19885,5,-5.158327106481412
19887,5,-5.065176152817724
19893,5,-5.717649186821536
19897,5,-5.286629861218664
19915,5,-4.781569979239929
19920,5,-6.927790444422168
19925,5,-5.147893621709343
19926,5,-5.686708432405606
19927,5,-6.497151414641635
19935,5,-4.719074894242606
19937,5,-4.736138477866536
19943,5,-5.153635139933147
19949,5,-5.255896097236732
19955,5,-5.255896097236732
19957,5,-5.255896097236732
19965,5,-4.375122117928914
19967,5,-6.394999961769937
19969,5,-4.88753974572391
19970,5,-5.640694721596336
19996,5,-6.17746883180876
20012,5,-5.462845647719444
20021,5,-5.327342695423123
20026,5,-5.456782713505287
20033,5,-5.349050853996697
20046,5,-4.823652061495505
20047,5,-5.208327778945129
20054,5,-5.293640593226204
20062,5,-4.799439831720758
20067,5,-4.367556819773402
20068,5,-5.196680794708481
20086,5,-5.303438934619859
20098,5,-4.616845537596813
20100,5,-5.750776349694117
20104,5,-6.073040908818804
20118,5,-6.562283329374239
20143,5,-4.632547545071894
20144,5,-5.2369964259822375
20151,5,-4.338915480656635
20152,5,-5.630516407559998
20162,5,-4.762716867815104
20166,5,-5.521983990762497
20167,5,-5.20513041141589
20181,5,-5.74511437118375
20186,5,-6.348508687494508
20187,5,-5.988851429817689
20199,5,-5.359327446765075
20203,5,-4.907557454272965
20205,5,-6.629369552305171
20213,5,-5.161967413914173
20214,5,-5.560319713211751
20217,5,-5.535622901426695
20223,5,-4.525584811588661
20224,5,-5.21207425055054
20232,5,-5.243732479460139
20239,5,-6.00853814976707
20241,5,-4.668862015644617
20243,5,-6.343271883023409
20247,5,-5.0793548817638445
20249,5,-5.243732479460139
20256,5,-4.371438556436598
20262,5,-5.379725888851013
20263,5,-6.520053356164482
20272,5,-5.7045616101547445
20275,5,-4.588753181941602
20279,5,-7.031105611675748
20281,5,-6.27995829605808
20285,5,-4.627676704348023
20308,5,-7.021157289458216
20309,5,-5.0971856272654215
20313,5,-6.199734423583184
20315,5,-5.4000377254595655
20318,5,-5.9477759486001744
20321,5,-5.756187329472198
20324,5,-5.5759586032789095
20326,5,-5.4939772353746505
20330,5,-5.252826223873743
20336,5,-5.579929985323766
20342,5,-5.6327768352773475
20344,5,-7.164106719167634
20353,5,-5.164737213760127
20354,5,-3.2334793385250364
20355,5,-5.023498106582309
20357,5,-5.542197733442819
20359,5,-5.542197733442819
20375,5,-5.088927312832304
20376,5,-4.919330232599911
20380,5,-5.450889360321533
20388,5,-5.424806123484899
20396,5,-6.926749226429553
20408,5,-4.2381718742290815
20421,5,-5.38871730855498
20422,5,-5.028700731706657
20423,5,-5.297456387894101
20425,5,-6.629188678874325
20430,5,-6.40832826292446
20432,5,-4.392318129381145
20435,5,-5.134474501817714
20459,5,-5.611847688976233
20463,5,-5.275968878323631
20468,5,-6.253155191272462
20471,5,-6.274798288219898
20477,5,-5.266333396954899
20480,5,-4.475303930455524
20497,5,-4.916319806662663
20505,5,-5.249897093874857
20514,5,-4.776521004853073
20515,5,-4.7392325062432334
20535,5,-5.1080035189881485
20536,5,-6.686524897865748
20541,5,-7.513976366135001
20544,5,-5.045963038200881
20546,5,-6.168201577922282
20555,5,-5.321953713606192
20558,5,-4.832535740312444
20572,5,-5.393445854070336
20581,5,-6.408874137706977
20582,5,-6.373563580375851
20588,5,-4.532745744589761
20590,5,-5.786749783299385
20601,5,-5.095393125297498
20602,5,-5.057800436608787
20616,5,-5.045601658877448
20623,5,-4.296865067583482
20630,5,-5.277970744689753
20631,5,-5.082272683243268
20639,5,-5.765138296830017
20646,5,-5.4410156458042
20649,5,-5.556610613109143
20657,5,-5.685889254962081
20658,5,-4.931619450116109
20660,5,-6.38173811669542
20662,5,-4.931465890262146
20664,5,-5.259870584863666
20676,5,-5.318085888997544
20683,5,-4.37763381454306
20689,5,-5.275806278921909
20693,5,-6.671840583027663
20695,5,-5.342053310445117
20696,5,-4.2196058227278
20697,5,-6.671840583027663
20703,5,-4.983221155904587
20706,5,-5.204313899212039
20714,5,-6.014309623918809
20724,5,-3.7650704393032655
20728,5,-5.071197298475422
20741,5,-5.78033817983129
20742,5,-5.278549272692441
20744,5,-5.2396257502860095
20749,5,-5.044732471435495
20771,5,-7.312204943527828
20775,5,-5.201737553921305
20779,5,-4.912920842695591
20782,5,-5.731118112136443
20783,5,-6.345991746275551
20796,5,-6.091568868774498
20797,5,-6.9531827171500815
20808,5,-5.924842806328673
20809,5,-4.954019478507114
20812,5,-5.728627136370708
20824,5,-5.665431092900697
20832,5,-4.768609435708356
20833,5,-6.583227386232583
20835,5,-5.522685058274565
20843,5,-6.620940541771013
20845,5,-4.763780054104618
20848,5,-4.424204992004828
20852,5,-5.668014843472225
20853,5,-4.474697376051044
20854,5,-4.686520809248936
20857,5,-6.101971291448052
20860,5,-6.063635568998798
20885,5,-4.619521482429921
20896,5,-6.297820971993204
20897,5,-6.297820971993204
20900,5,-6.639307696078241
20908,5,-5.759040287098333
20918,5,-4.634980974585954
20923,5,-6.501270208121447
20928,5,-4.780875757743313
20929,5,-4.9724805514381565
20937,5,-6.913249175021775
20940,5,-4.937422285615941
20948,5,-5.060230545146403
20951,5,-4.981483529919149
20953,5,-4.700290229389498
20954,5,-4.67062910044093
20960,5,-5.124463851107276
20961,5,-4.345100927593638
20964,5,-5.1784552056530195
20969,5,-5.174569787556631
20976,5,-5.42093446502825
20977,5,-5.245847380174819
20981,5,-4.692015304455726
20982,5,-5.888093078724701
20998,5,-5.517057106156852
21000,5,-4.418377933863059
21006,5,-4.993685485039883
21015,5,-4.803429345988281
21020,5,-6.843865471628508
21033,5,-6.529042003718594
21035,5,-5.021488192464197
21037,5,-4.9863108049716125
21050,5,-6.600590988648516
21053,5,-6.004238760000813
21054,5,-4.2042438524844385
21065,5,-5.723116739091314
21068,5,-5.332180018069874
21069,5,-5.428964150277299
21079,5,-5.01492374401516
21088,5,-6.661113874143052
21090,5,-5.501539919835874
21100,5,-4.912289699565829
21104,5,-5.321194321521897
21105,5,-6.252082326867448
21108,5,-6.0948423353893695
21120,5,-5.244724507337512
21124,5,-4.118861606290306
21137,5,-5.72865099842171
21145,5,-6.478749489939936
21168,5,-4.671279209575875
21173,5,-5.4769117402215635
21181,5,-5.089958336086848
21182,5,-7.524905694864046
21187,5,-4.859952495964105
21196,5,-5.5209575388105385
21197,5,-5.817428152731512
21201,5,-5.020728776480215
21205,5,-6.605406224731766
21213,5,-5.228325327555911
21214,5,-6.165833756186181
21219,5,-5.573657383053959
21220,5,-5.84126448204881
21223,5,-4.875904670101331
21231,5,-4.703258892847646
21233,5,-4.818853860152583
21242,5,-6.091549146755131
21243,5,-5.175920399288568
21261,5,-4.916686190736083
21274,5,-6.295225662459149
21277,5,-7.345730453986015
21279,5,-6.299576965543373
21283,5,-5.686223436316258
21293,5,-5.360966344897445
21296,5,-5.513758562719438
21298,5,-5.614776838129874
21302,5,-7.216034073325254
21312,5,-5.011221347230094
21318,5,-5.9536957532762
21336,5,-4.586329536843909
21345,5,-5.22117343970211
21351,5,-8.025591138287794
21353,5,-5.7041232642529245
21378,5,-6.9125355029117195
21381,5,-4.973675116280845
21389,5,-4.685587177945067
21391,5,-5.261584484792095
21397,5,-7.130709668524375
21399,5,-4.428230206732707
21401,5,-5.368952677623927
21416,5,-5.002440757291673
21418,5,-3.346650660732294
21419,5,-6.35603176810017
21425,5,-4.7383878796098955
21427,5,-5.3601266268548144
21430,5,-6.149896117138255
21434,5,-5.247645824024971
21442,5,-5.459442873606044
21444,5,-5.07329955552089
21450,5,-5.170386579169282
21469,5,-4.846909333243694
21478,5,-5.132869075432922
21488,5,-5.3952031347450315
21493,5,-7.262312815295214
21500,5,-5.200649291111695
21507,5,-4.699353183656186
21510,5,-5.919801110159991
21515,5,-4.463288472554922
21517,5,-6.108474396548235
21518,5,-5.020488150388914
21520,5,-5.310431611747333
21521,5,-6.286802208493544
21523,5,-5.470994793604852
21530,5,-4.57693604977478
21531,5,-4.8179465397647405
21534,5,-4.896415871425155
21545,5,-4.96823084123227
21549,5,-4.6083279330893845
21554,5,-5.097135884838188
21560,5,-5.014401224581597
21570,5,-4.538012527368359
21571,5,-4.973675116280845
21576,5,-4.7740973597553875
21578,5,-4.783419508528574
21580,5,-5.56406068252879
21583,5,-5.214549076239123
21591,5,-5.18525042216077
21592,5,-5.443096059290454
21593,5,-5.004227513579728
21605,5,-5.33127777680826
21618,5,-6.07739189968078
21626,5,-4.992164164523295
21631,5,-4.611090846451653
21644,5,-5.8531611025124874
21645,5,-3.704252789960364
21651,5,-5.417571878066461
21654,5,-4.728530633312097
21658,5,-4.740687294909058
21660,5,-5.444325108715539
21665,5,-5.445023366453249
21667,5,-5.367764121597567
21675,5,-4.389894484283452
21682,5,-5.65000667384713
21686,5,-5.471044570383295
21697,5,-5.439602634741952
21698,5,-4.660965771788895
21700,5,-5.079644882764825
21706,5,-6.460414587275508
21718,5,-5.947576916653489
21723,5,-6.321590344403994
21725,5,-6.176320057641011
21734,5,-5.746108239787631
21741,5,-5.54901890851589
21747,5,-5.611115896564989
21764,5,-5.137331247124727
21765,5,-6.41237034552935
21769,5,-4.949944441699039
21775,5,-4.970442418815093
21779,5,-4.507230263000466
21780,5,-6.284771779208707
21782,5,-4.296865067583482
21789,5,-4.795991486691861
21791,5,-4.2196058227278
21792,5,-4.811927180750104
21796,5,-4.90483308308648
21803,5,-4.597399625274804
21811,5,-4.799953655054313
21816,5,-6.558569580405695
21820,5,-5.809201544700901
21827,5,-4.3390825266959325
21837,5,-5.510235102487215
21848,5,-6.393643948086375
21852,5,-5.575466880267825
21854,5,-4.8042697145253115
21870,5,-6.298404153553307
21876,5,-4.7328231163389205
21879,5,-4.556117249593498
21887,5,-4.229300206060287
21889,5,-6.558677800115252
21892,5,-6.369896294017458
21899,5,-5.2295331401690035
21905,5,-4.865265031548745
21908,5,-6.815300686596753
21923,5,-4.454893059398742
21954,5,-5.0227031633312365
21966,5,-4.241500511999725
21968,5,-5.4896279610218315
21969,5,-5.412368716166149
21975,5,-5.079737493201009
21976,5,-5.498988051030434
21980,5,-4.45673787895425
21998,5,-5.821437352983626
22001,5,-5.923840007935066
22006,5,-5.058351289186213
22010,5,-5.262260439415826
22011,5,-6.097719208947918
22012,5,-5.194799817097717
22018,5,-7.705861372447838
22021,5,-5.478890136431161
22036,5,-6.608819507568889
22055,5,-4.690090902719405
22068,5,-4.981905162617508
22074,5,-4.373237323372798
22094,5,-4.443639489887083
22103,5,-5.032427680977317
22113,5,-4.562443093227689
22119,5,-5.713271232116099
22134,5,-4.810407591638846
22138,5,-5.393010578453545
22142,5,-5.200428622237464
22148,5,-4.2326793964624265
22149,5,-4.475487773214294
22162,5,-6.018344659287578
22170,5,-5.1992345476376975
22175,5,-6.643722152906307
22191,5,-6.397928882110108
22193,5,-4.732127269932992
22200,5,-6.177982371440621
22205,5,-4.791384977095202
22207,5,-5.054049863627672
22209,5,-5.518707427829984
22218,5,-4.376616513774945
22219,5,-4.355982942617793
22224,5,-4.1554201516067515
22228,5,-3.5472532675372186
22231,5,-5.1057161548342975
22243,5,-6.683572914121445
22244,5,-6.101659748980595
22245,5,-4.832215207236143
22258,5,-5.205116744323444
22263,5,-5.266282409045541
22264,5,-4.975561569613948
22269,5,-4.868644221950891
22270,5,-4.1554201516067515
22277,5,-7.055464249355346
22279,5,-5.37607779542024
22284,5,-7.263498871387355
22292,5,-7.2881739325910075
22293,5,-5.022222882323181
22294,5,-4.5856384654706694
22296,5,-5.362279448752144
22309,5,-4.587868698258294
22315,5,-5.955693664706782
22317,5,-7.227240388427894
22332,5,-5.644973953985538
22334,5,-6.667660442897279
22349,5,-5.765730282516092
22353,5,-4.1554201516067515
22355,5,-6.234769363717923
22358,5,-4.561110731301877
22365,5,-5.015795381524345
22371,5,-5.35901421179631
22375,5,-4.45849403876765
22379,5,-4.380949176070676
22382,5,-4.473257125918241
22387,5,-5.052856832143245
22390,5,-5.100144067781567
22403,5,-4.583039446553887
22406,5,-5.757629695717334
22409,5,-5.956853635987326
22412,5,-6.983065782025289
22413,5,-5.451059594364001
22415,5,-4.736138477866536
22418,5,-4.503721487639989
22428,5,-4.922614508653677
22457,5,-8.064662531384837
22458,5,-6.275955052473435
22471,5,-5.290453629020103
22473,5,-5.4927079352676
22475,5,-4.524886293383194
22480,5,-6.8331839363705456
22488,5,-4.92283007405155
22498,5,-7.114526070492964
22501,5,-4.694453488086442
22508,5,-7.599260648946139
22509,5,-5.764217109713709
22512,5,-5.68255497286588
22516,5,-4.875303937441199
22524,5,-6.075360612920601
22525,5,-5.131298525908246
22527,5,-5.586405026574841
22534,5,-5.163821601688202
22536,5,-6.195446696549173
22537,5,-4.907594635251424
22549,5,-5.947061115760828
22565,5,-4.610423766072326
22573,5,-4.9402712564108064
22575,5,-6.6629600899835
22582,5,-5.558579334142134
22586,5,-4.730325831197245
22592,5,-6.209654187646056
22597,5,-6.942966257006184
22646,5,-5.548795187974857
22650,5,-5.509164060233143
22663,5,-7.3224446996448975
22673,5,-5.923694445456828
22674,5,-5.121394473792133
22688,5,-4.7761092241123855
22692,5,-5.232228773487627
22699,5,-5.000089318907236
22700,5,-5.7826499160430735
22714,5,-6.142005882740719
22719,5,-6.32255498492157
22725,5,-6.384112828099234
22728,5,-6.2090868135600665
22730,5,-4.5211883204184
22732,5,-5.15715314590685
22733,5,-5.21207425055054
22755,5,-7.925780332598386
22758,5,-5.170654160376838
22795,5,-5.747361278703078
22804,5,-5.583349494077172
22808,5,-5.688124359372626
22811,5,-6.629261332595608
22823,5,-5.691861123674894
22825,5,-3.4955509559118347
22834,5,-6.672698992244818
22858,5,-6.480509947275781
22859,5,-5.349050853996697
22869,5,-7.151403605112044
22870,5,-5.920016465506901
22876,5,-5.61531864369611
22878,5,-6.844513639433217
22893,5,-5.349050853996697
22899,5,-5.339536771882379
22902,5,-6.167659060371907
22906,5,-5.1769994876207726
22924,5,-7.825519700171576
22928,5,-6.52709555200002
22929,5,-4.588753181941602
22941,5,-5.35198015800135
22943,5,-6.276735118465407
22952,5,-5.540959347963341
22960,5,-6.2249107422475305
22981,5,-5.9731916154197755
22982,5,-5.81677622769455
22984,5,-5.83898464535293
22996,5,-6.414465154325718
22998,5,-4.6879071160692085
23006,5,-5.762366411087889
23015,5,-5.765218750487172
23019,5,-6.914919187823859
23023,5,-5.87985721372133
23024,5,-6.3967934394231385
23025,5,-7.287965735959485
23034,5,-5.581681494161423
23037,5,-6.3845806088555435
23050,5,-5.785065092201087
23056,5,-5.556020453265045
23060,5,-6.10768068104262
23071,5,-4.802690101531141
23077,5,-4.365967147473455
23083,5,-6.168495291237889
23084,5,-4.275722920274035
23093,5,-6.193262726285486
23103,5,-5.892163957742202
23105,5,-5.507526318120853
23109,5,-5.073035604024305
23114,5,-6.778057081718835
23116,5,-6.271040059423271
23119,5,-5.482212994006943
23135,5,-5.375615108568752
23138,5,-4.891766002851696
23139,5,-5.283225887137547
23144,5,-4.669952726478371
23154,5,-7.323241600344048
23158,5,-4.044404262761958
23160,5,-6.853697945609721
23168,5,-5.540049393900823
23170,5,-5.108112808808656
23175,5,-6.073690778167297
23181,5,-5.179399142324684
23202,5,-6.3895816799602585
23205,5,-6.057518896002485
23227,5,-6.88174026707728
23234,5,-5.87985721372133
23241,5,-6.550186813783508
23242,5,-6.854692606698226
23244,5,-7.466542518553084
23246,5,-7.166296443460638
23248,5,-5.657401407651641
23253,5,-5.2299214972860355
23257,5,-5.201099856951096
23258,5,-6.13144068858265
23260,5,-5.819949336623431
23264,5,-5.7293693707565865
23265,5,-6.255458932238092
23275,5,-5.227691264498404
23278,5,-4.181323672642975
23279,5,-6.738912717687153
23282,5,-5.126769916100066
23284,5,-7.985288538301628
23285,5,-5.439420462725174
23302,5,-5.591385890305951
23307,5,-6.256355744585186
23308,5,-3.5583700857867413
23310,5,-6.441880017209485
23311,5,-5.864164140780602
23312,5,-4.628533665338804
23315,5,-4.9427563218812764
23317,5,-5.783690853663977
23323,5,-5.430913763732711
23328,5,-7.03704455287204
23330,5,-5.034605006860929
23338,5,-5.987666491875537
23345,5,-5.943620693286562
23348,5,-5.646258035400159
23352,5,-5.182611340007977
23356,5,-6.180204651029037
23374,5,-5.858872859029862
23376,5,-4.761271155310801
23385,5,-4.373237323372798
23388,5,-6.408090117541729
23396,5,-5.3712492610902345
23409,5,-6.610034966306987
23410,5,-7.462781294627373
23424,5,-6.116927982358689
23426,5,-4.512234371609914
23438,5,-5.4668372743173705
23442,5,-4.768609435708356
23446,5,-5.617432607182714
23471,5,-5.428299036674247
23473,5,-5.397235980799252
23484,5,-5.069918694781034
23500,5,-4.691007814857077
23502,5,-5.897373729620316
23514,5,-6.176102254666102
23516,5,-5.35901870238207
23535,5,-5.281738292208924
23544,5,-5.266282409045541
23545,5,-4.107443618189439
23549,5,-4.638369976157559
23559,5,-7.083733580749666
23590,5,-6.000365770975268
23591,5,-5.137496395265938
23598,5,-6.005482842713157
23604,5,-5.354418982220704
23611,5,-4.901167297730847
23618,5,-4.991537343028391
23625,5,-5.974721631102394
23630,5,-5.125425333936342
23636,5,-4.95739866890926
23642,5,-5.935863011923534
23643,5,-5.878828682053761
23667,5,-6.367999962755942
23672,5,-6.038701493424522
23677,5,-5.877830636484976
23678,5,-5.520057523002212
23681,5,-6.378276555524312
23689,5,-4.453875758630627
23691,5,-4.300244257985629
23695,5,-5.310648589170253
23697,5,-5.801569437198079
23702,5,-4.832215207236143
23710,5,-5.478047580207079
23718,5,-6.365472498200848
23735,5,-5.663519001552093
23740,5,-6.381977910569201
23742,5,-5.895031255595509
23743,5,-6.126383673688753
23757,5,-6.620590894347707
23763,5,-6.44847324987256
23767,5,-5.820114484764641
23774,5,-4.561110731301877
23793,5,-5.618725646399557
23802,5,-5.820543916260409
23811,5,-5.676606798947898
23814,5,-5.033217663632147
23826,5,-4.272037147043367
23828,5,-5.532364902004911
23831,5,-5.271498428688663
23850,5,-5.177158925477347
23854,5,-5.099899680621657
23856,5,-4.41714687126353
23874,5,-4.933292589294307
23875,5,-5.313777893345016
23880,5,-5.132088923071493
23885,5,-5.359621936124764
23903,5,-6.498950569907521
23918,5,-6.444209038920857
23922,5,-5.344563682032902
23925,5,-4.72665447288583
23933,5,-5.317045617674079
23941,5,-4.731891264559632
23942,5,-6.395018115140054
23952,5,-6.760339148342922
23955,5,-5.580399249798994
23957,5,-4.233701424594113
23959,5,-7.07447797698115
23961,5,-5.275380165351855
23966,5,-4.381819467679012
23969,5,-6.245179927063145
23972,5,-4.72665447288583
23983,5,-5.657319959318446
23988,5,-7.082011726642744
23989,5,-6.784734026394673
23991,5,-6.318142034556207
23999,5,-2.8253427911245197
24000,5,-0.5925508825150345
24001,5,-1.4802274903413561
24017,5,-1.3785920752999807
24021,5,-1.033171849955366
24026,5,-0.9087239563865133
24029,5,-1.0621421296489224
24036,5,-1.49303342377101
24043,5,-1.0803403277424408
24057,5,-1.3353814228531533
24061,5,-2.6797256332208192
24064,5,-6.8332154601015205
24069,5,-6.882421060495922
24076,5,-5.035186177664592
24078,5,-6.191895319054083
24082,5,-6.928122041136319
24090,5,-6.555285403161342
24096,5,-5.95046569422847
24104,5,-6.097828802700064
24106,5,-7.159544021223049
24109,5,-6.216773527351066
24116,5,-8.230650342684498
24119,5,-7.093704869574481
24124,5,-4.636323136422433
24146,5,-4.5073167082034615
24149,5,-6.088840945067872
24157,5,-3.604638720151442
24159,5,-6.442014395739747
24163,5,-5.986414081802884
24167,5,-6.11267727438517
24168,5,-4.326747478328414
24171,5,-5.014728126676104
24178,5,-6.319825002340409
24179,5,-5.990937692606607
24182,5,-6.646652366749535
24183,5,-6.107385992634427
24184,5,-6.646652366749535
24190,5,-3.739701956342607
24199,5,-6.762244784725716
24201,5,-5.665198725901931
24205,5,-6.448441413387826
24208,5,-4.277209980886418
24210,5,-6.304126956737193
24216,5,-5.088800967166264
24225,5,-6.466403611588838
24234,5,-5.954860177428465
24237,5,-6.064333239915122
24239,5,-7.422356831600446
24257,5,-6.174182921635769
24259,5,-4.2892362394878845
24260,5,-6.322161714645851
24263,5,-7.258372393472939
24274,5,-5.8203771288698505
24294,5,-4.420419430985767
24300,5,-5.935015592104023
24308,5,-5.9639258890653295
24311,5,-5.631473983404604
24317,5,-5.9639258890653295
24321,5,-7.274281572001939
24323,5,-6.430240665210981
24324,5,-5.936204141651643
24330,5,-6.5806873863393065
24331,5,-6.71909846195571
24339,5,-5.2738718541765195
24342,5,-6.1174878747059225
24350,5,-5.977815260652363
24357,5,-6.701604975742669
24364,5,-6.386025861053824
24366,5,-6.542351663890052
24369,5,-6.362788846939004
24379,5,-4.4365297989640595
24387,5,-5.489109221131038
24402,5,-8.166828520426677
24403,5,-7.143733930238774
24412,5,-5.712873734992975
24413,5,-7.028892040123644
24416,5,-6.233082842010859
24422,5,-6.138378442509868
24426,5,-8.353308574445052
24428,5,-6.884739082707334
24443,5,-5.283058043709865
24446,5,-3.8942989316768646
24451,5,-5.19982665158178
24458,5,-6.079664245220741
24469,5,-5.569877968090616
24479,5,-5.6622940432315545
24485,5,-5.120063175944374
24492,5,-6.5203577678068
24506,5,-4.166184296470902
24518,5,-4.5159031931594456
24523,5,-6.405454685764958
24524,5,-6.2505353193907425
24531,5,-5.453330460845422
24532,5,-6.477263134122914
24545,5,-6.019719613946606
24555,5,-3.3419288924200785
24559,5,-7.335631638328621
24561,5,-6.170901518289831
24569,5,-5.868032940016711
24571,5,-5.078155588060142
24578,5,-6.001187935688186
24583,5,-7.450706367819045
24586,5,-7.228158533923164
24590,5,-6.0353724872517205
24592,5,-6.6218162506580285
24597,5,-6.0459864622872885
24612,5,-7.136084038374634
24613,5,0.12989108002894767
24619,5,-6.498926687368801
24628,5,-5.539276452163769
24634,5,-6.41346861316849
24638,5,-7.1237769296258335
24640,5,-5.718430251278733
24647,5,-7.144854596921341
24656,5,-5.577485730782705
24660,5,-6.055074505508038
24661,5,-6.073619553074593
24664,5,-6.883586857828178
24690,5,-4.395977037935047
24693,5,-6.197246658643309
24696,5,-4.367070646895314
24707,5,-7.523646932837664
24709,5,-7.953173841850095
24723,5,-7.336929388131814
24738,5,-3.3326938267872634
24747,5,-5.570508970220921
24752,5,-5.201948737620022
24761,5,-2.9162736602499706
24768,5,-5.1185091078288885
24769,5,-5.0703694849295005
24775,5,-3.9360259124595736
24783,5,-5.26585238148499
24785,5,-5.2344104458436576
24794,5,-4.703339192204073
24798,5,-4.731914139947435
24807,5,-5.686425260041613
24809,5,-5.592677326352433
24819,5,-3.8140461851054184
24823,5,-4.26932052498351
24827,5,-3.7699829013695165
24831,5,-4.86751515288022
24854,5,-4.751688140098434
24863,5,-4.29296722005407
24874,5,-4.3842279460622215
24884,5,-4.785399765426025
24892,5,-4.98757406628425
24894,5,-5.3168866472171
24898,5,-2.5231765037845584
24901,5,-4.354651250354991
24921,5,-4.100627032776366
24945,5,-4.48000878554539
24949,5,-3.0998344207822655
24950,5,-5.988271614497343
24951,5,-4.9300104325302705
24953,5,-3.183117828156
24964,5,-4.800532500792915
24969,5,-3.9509792063844564
24971,5,-5.410476988773382
24977,5,-6.887099796414944
24987,5,-5.110595471670887
24994,5,-5.695604437707907
25012,5,-4.954924599727871
25013,5,-4.512325851084359
25030,5,-4.906704808870682
25035,5,-2.147357712904519
25040,5,-3.432479426518384
25043,5,-6.374449456229534
25047,5,-4.665003469754819
25048,5,-2.3144575998232924
25053,5,1.9327086441773957
25054,5,-4.426688603542214
25055,5,-5.1968692914275465
25058,5,-5.711928488883199
25079,5,-3.547373545815965
25081,5,-5.454808802419642
25083,5,-4.9795443810352005
25085,5,-4.512325851084359
25086,5,-2.844781519785819
25090,5,-4.954360620017535
25093,5,-5.2961566785085985
25095,5,-2.5348699438078413
25098,5,-6.07825898372829
25099,5,-6.443625228343194
25100,5,-5.218368368116835
25101,5,-4.241320435334654
25109,5,-5.394145892072789
25110,5,-5.3168866472171
25111,5,-5.949348092090926
25121,5,-5.373523605016423
25125,5,-5.860487638803331
25127,5,-4.794487808646775
25148,5,-2.928472642216782
25163,5,-5.503928212708434
25169,5,-6.169953271079429
25175,5,-4.859867806994796
25190,5,-2.7712163028649357
25193,5,-3.125633952197383
25202,5,-7.0286411823886255
25204,5,-4.206385826425198
25210,5,-4.156916526702652
25211,5,-3.303405982470302
25221,5,-4.188766256464575
25230,5,-5.067995657941356
25240,5,-4.53519145589954
25249,5,-5.5837169377930636
25250,5,-4.284120103882994
25261,5,-5.336120164043248
25276,5,-3.2965338434824787
25278,5,-5.892269828804757
25304,5,-5.212432850426897
25325,5,-6.619608407692255
25332,5,-6.143794377069561
25346,5,-4.899700846392996
25367,5,-5.705070678450081
25374,5,-3.516459514612748
25398,5,-4.374044003198122
25401,5,-3.6633511444707025
25405,5,-5.710826145661244
25407,5,-7.220137767064351
25415,5,-5.28278692435358
25416,5,-6.2521743630674855
25421,5,-3.3539773497336753
25423,5,-5.239965994701247
25437,5,-5.19797029831901
25438,5,-5.427223125590444
25440,5,-3.8832874024444592
25441,5,-4.437496849864363
25449,5,-4.327820402657974
25454,5,2.4493141754309775
25465,5,-6.009510696438134
25466,5,-3.079198214042748
25487,5,-4.2946069563912666
25498,5,-4.412664201960677
25505,5,-4.754084083615975
25506,5,-2.4259416623400476
25511,5,-5.332567210745264
25514,5,-4.190285390883158
25520,5,-4.688566220739592
25533,5,-4.736001909977205
25535,5,-4.341821883810443
25538,5,-4.853730313861096
25553,5,-5.795800216452683
25554,5,-3.0503765737078083
25562,5,-4.524981712638574
25573,5,-5.817216387883153
25576,5,-5.302202332379007
25579,5,-5.901619336554312
25589,5,-4.881741135003448
25596,5,-5.023112919508929
25607,5,-1.7376267071739164
25610,5,-4.855244751046662
25614,5,-4.645783986188739
25617,5,-4.694833303729563
25627,5,-4.893173560626945
25632,5,-5.817653646376122
25640,5,-4.990334906091466
25648,5,-4.592761928317355
25650,5,-4.250561157802284
25655,5,-5.465470547203783
25670,5,-5.064078877992788
25673,5,-4.802845314862324
25678,5,-5.830134770450822
25683,5,-4.890829178224198
25687,5,-6.351596942778492
25689,5,-4.9300900828978165
25692,5,-2.6962871648332047
25696,5,-7.2722768709363805
25711,5,-4.2946069563912666
25718,5,-5.631498820083106
25719,5,-3.662197870121066
25721,5,-4.688487358889692
25724,5,-4.688487358889692
25730,5,-5.0631175820539625
25731,5,-4.129949296733205
25732,5,-5.884199039970458
25748,5,-4.840142941859124
25751,5,-5.771807322699036
25756,5,-5.005022091882061
25762,5,-3.2700634752889535
25770,5,-4.949934668222273
25811,5,-5.884199039970458
25817,5,-3.4828169547532326
25825,5,-2.8321342162015952
25838,5,-5.070849277550092
25844,5,-5.996668147021644
25847,5,-4.88212949212048
25851,5,-4.659744580404659
25854,5,-6.168393165950416
25856,5,-2.9738271403313448
25865,5,-4.195289499492613
25866,5,-3.231358415153373
25868,5,-5.749747072906786
25872,5,2.2996807352305595
25874,5,-3.4698869428261503
25877,5,-3.063867208737129
25879,5,-4.759578578822765
25884,5,-4.7296881176700865
25886,5,-5.871676960800357
25897,5,-2.8723682372049915
25907,5,-5.031757967579601
25917,5,-2.7864222458866443
25918,5,-5.327804887785646
25920,5,-4.404389277026905
25939,5,-4.950402625582392
25941,5,-4.664208526503746
25948,5,-4.936474685958412
25957,5,-4.825243211879624
25963,5,-3.1156776629052274
25966,5,-4.1097790472555715
25969,5,-5.606268983030283
25975,5,-5.579660984700126
25983,5,-5.9971954028670424
25986,5,-4.592761928317355
25988,5,-4.74444860224725
25990,5,-4.389259300451389
25999,5,-2.833971160465218
26006,5,-4.886357681398486
26008,5,-4.798348541375237
26011,5,-4.3473549471571395
26013,5,-5.019156546426398
26021,5,-4.293439735501234
26022,5,-5.882619772461936
26024,5,-4.465324470707298
26040,5,-5.38841850129246
26055,5,-5.542076439319111
26059,5,-5.77561566349549
26062,5,-5.715345694199939
26068,5,-3.1817322610849885
26079,5,-3.739583047830152
26088,5,-5.63031958934144
26105,5,-7.187624961734663
26111,5,-5.697469715482466
26116,5,-6.1331459885138955
26124,5,-6.979135220942574
26128,5,-6.439688705427628
26130,5,-5.364846176523777
26131,5,-6.990459850530435
26150,5,-3.340955018642454
26152,5,-5.404489811245625
26155,5,-4.599705767451997
26158,5,-7.222279459688679
26170,5,-4.244516465656137
26173,5,-5.31522212936769
26187,5,-5.310649874865504
26208,5,-4.566745012722883
26212,5,-6.487940210408773
26220,5,-5.878661481713735
26221,5,-4.656121990416565
26237,5,-5.265516360573017
26238,5,-5.37096139633681
26243,5,2.0815451861775855
26244,5,-3.1364487248524497
26246,5,-3.5181228028363165
26259,5,-4.613985914610666
26270,5,-4.934761858835955
26273,5,-4.729580881915609
26277,5,-8.878694293487214
26282,5,-4.617263371237712
26294,5,-5.849911332774205
26296,5,-4.5526936488828085
26297,5,-4.876319973922783
26309,5,-4.559466394576177
26317,5,-6.511046489789841
26324,5,-5.31401235200925
26329,5,-4.687913328355734
26345,5,-4.876841338841345
26346,5,-2.717127332021988
26347,5,-5.147343473542186
26351,5,-4.746636745424347
26358,5,-3.950688995560377
26372,5,-4.854408021135455
26374,5,-3.8766084047326217
26382,5,-4.506146212572993
26387,5,-4.685916654348013
26402,5,-5.350359369626531
26403,5,-4.075404738509821
26413,5,-4.864343749681687
26425,5,-4.080124683569544
26428,5,-3.71849815507786
26429,5,-4.444781149306834
26430,5,-6.4158350560886035
26434,5,-4.211983578706722
26438,5,-4.211983578706722
26443,5,-5.914845774947786
26446,5,-4.6136703334819416
26449,5,-5.665450819544333
26456,5,-4.454494674261291
26461,5,-4.822852080097107
26468,5,-2.3009575484155036
26472,5,-4.053955586891462
26483,5,-3.2056782844590828
26484,5,-6.027827739679843
26488,5,-4.520170573102845
26491,5,-6.133097980518237
26500,5,-4.962440948895328
26507,5,-4.858296291274783
26515,5,-6.901567558483755
26524,5,-4.515787272482022
26528,5,-5.903041381600943
26540,5,-6.312203392873464
26545,5,-4.208392805019194
26551,5,-4.947123389321888
26554,5,-5.8209403302942775
26565,5,-7.473575138745872
26589,5,-5.12270596124587
26594,5,-4.169782599673255
26605,5,-3.1906024444058403
26609,5,-3.096291481161707
26611,5,-4.990580032559514
26639,5,-5.090791534328432
26640,5,-4.376056278203187
26641,5,-4.489913635646907
26642,5,-5.134210497090969
26644,5,-4.976381228146018
26653,5,-5.012206445059348
26657,5,-2.935728299304195
26658,5,-6.067602397081352
26661,5,-4.223584787138634
26672,5,-3.4122988817470556
26684,5,-6.0891724557947455
26686,5,-2.911190923523037
26697,5,-4.659336032677508
26700,5,-2.5619052933153945
26712,5,-3.3392832237261203
26717,5,-4.562112529129102
26720,5,-4.35449014458279
26725,5,-2.9596070564463517
26726,5,-5.039886239955791
26730,5,-4.987734015455338
26733,5,-7.106728720098182
26734,5,-4.772013906425926
26781,5,-5.236784840848415
26795,5,-4.949520304528129
26803,5,-5.013049592723764
26804,5,-3.4691467762436403
26806,5,-4.876880706287615
26808,5,-5.7232030221116545
26809,5,-2.5784033422351342
26812,5,-5.926459041825687
26814,5,-4.848936691914517
26828,5,-5.589395166971421
26836,5,-4.765904311052211
26839,5,-6.934090634263725
26841,5,-3.3714533076950275
26848,5,-2.5049236743445746
26862,5,-5.409217323817131
26875,5,-5.107425079901795
26900,5,-5.629860046808126
26907,5,-3.7926247150277987
26912,5,-6.662632249695534
26925,5,-6.148227957093759
26929,5,-6.810958517787611
26934,5,-4.334936823127272
26940,5,-6.410796607014504
26941,5,-2.219598649371072
26956,5,-4.775379156396141
26959,5,-4.673364427450707
26962,5,-3.976696342035787
26966,5,-5.189250700826982
26968,5,-6.306695537719513
26977,5,-5.493597190069529
26979,5,-4.712148926670949
26981,5,-5.360654646165578
26989,5,-4.678586922035137
26996,5,-4.4091448886873295
26997,5,-5.961448473656695
26999,5,-5.114363834347614
27004,5,-6.296213650793426
27005,5,-4.086287350342332
27010,5,-5.613823618310015
27019,5,-5.661222432214451
27034,5,-4.921490371173
27039,5,-5.704294579113984
27054,5,-3.130237881831434
27055,5,-4.340201782575242
27056,5,-4.109052412951023
27065,5,-3.196833809485547
27076,5,-2.531148807635738
27080,5,-4.078068323757002
27086,5,-4.5778114057787676
27091,5,-4.559528323683772
27094,5,-5.619954977767648
27101,5,-4.321656735008688
27106,5,-6.601253521817604
27118,5,-6.546181440007196
27120,5,-5.697214222623323
27122,5,-4.793264673114869
27128,5,-4.964636693943014
27133,5,-4.754096045263871
27134,5,-4.915156447115088
27136,5,-4.49674831044787
27144,5,-2.5485150531304477
27148,5,-4.5551450230629555
27158,5,-3.5992567518881984
27166,5,-4.314121342523556
27172,5,-5.937557325730886
27188,5,-6.070399532521712
27195,5,-4.284065574528064
27196,5,-4.700682366121846
27206,5,-3.288674392275894
27215,5,-4.571579543706825
27219,5,-5.286839255093497
27226,5,-3.283966078728561
27242,5,-6.397430054687355
27253,5,-5.161401581576186
27259,5,-5.81025879503629
27271,5,-5.378791599097177
27290,5,-4.283321012559433
27293,5,-5.48548202901673
27296,5,-6.109985158809117
27297,5,-2.4984245623953214
27302,5,-3.915966155313555
27307,5,-4.411648380761633
27328,5,-4.680060079065484
27334,5,-6.221399200341672
27338,5,-4.801235559413897
27341,5,-4.897654041855702
27343,5,-4.760621253015167
27364,5,-5.713372800118005
27365,5,-4.284065574528064
27366,5,-4.528975926384881
27370,5,-4.636787568539454
27381,5,-4.88243264986243
27382,5,-5.1155280902139
27386,5,-5.650869985479439
27387,5,-2.7084033102154415
27389,5,-4.904597880990359
27391,5,-4.947950512738814
27398,5,-4.713869635807988
27400,5,-6.4400052746540055
27401,5,-2.6933556395882974
27406,5,-5.630286642539822
27407,5,-6.544553868978916
27409,5,-5.395243364923964
27411,5,-4.780287039554828
27413,5,-4.962994593605437
27415,5,-4.251341329287655
27425,5,-5.1266348473479795
27427,5,-4.103223286202756
27432,5,-4.888087260566543
27438,5,-5.206070508133912
27448,5,-3.4943297036406804
27452,5,-5.851005990964602
27453,5,-6.549845150729652
27456,5,-2.846670025056536
27459,5,-5.217756823062082
27466,5,-4.400937203626853
27470,5,-5.803435024774842
27472,5,-4.915595779701
27503,5,-5.104911743256771
27519,5,-7.0425283407728045
27520,5,-4.673101147418798
27526,5,-5.382990879311343
27530,5,-6.187724690379014
27540,5,-5.248371846825869
27545,5,-6.120143571504052
27546,5,-5.657919733327127
27551,5,-6.062329347662256
27567,5,-4.052902075813513
27575,5,-4.406209425649642
27581,5,-4.932058803930808
27590,5,-4.103007720804882
27603,5,-5.961532846845522
27612,5,-4.661713301437651
27625,5,-4.998259662644223
27629,5,-2.6540381012070995
27642,5,-4.096989331151036
27643,5,-5.706831951038886
27646,5,-5.273988308088228
27651,5,-5.23557306874708
27654,5,-2.527196832952555
27657,5,-5.208910748083753
27671,5,-4.80565097198383
27676,5,-6.26613697786744
27684,5,1.9281866153105547
27689,5,1.1195849406969778
27695,5,6.08890784161812
27698,5,2.7844988166271456
27702,5,3.2121625149913946
27703,5,2.9650821365474194
27715,5,2.6838344184855565
27721,5,3.2681534722642596
27725,5,2.850200637311467
27733,5,2.7400557553567353
27739,5,1.992473238252149
27745,5,2.1271800979505677
27747,5,1.8676480133331204
27749,5,3.9970412274037734
27753,5,2.213669600420342
27754,5,2.1422230022339583
27757,5,3.6272922633357645
27758,5,2.135388327432981
27761,5,2.972945244343766
27764,5,9.392754189753003
27769,5,2.9913545099402405
27771,5,2.960618190448333
27772,5,3.3533986527248096
27783,5,2.801353510356222
27788,5,2.428768215876943
27806,5,2.8214734184373427
27822,5,3.8860155429882504
27824,5,2.6863428322027794
27828,5,3.060055535966047
27829,5,3.456817844656431
27832,5,8.248692180501717
27837,5,5.068088104902738
27842,5,2.515553331540243
27856,5,3.3164156235228504
27863,5,3.889771838825446
27865,5,2.629762729363847
27875,5,3.66246373421291
27888,5,2.377795659035918
27897,5,3.3986647998841377
27898,5,2.5544907925607667
27907,5,4.512294032948436
27912,5,2.6353600499743273
27915,5,2.3463158998723124
27923,5,2.0357078888688385
27930,5,4.434868194405912
27932,5,1.7838347802462273
27939,5,3.1214944337594623
27942,5,3.1662470829141647
27948,5,2.911862088412011
27956,5,3.1023801943557565
27962,5,2.460802572326152
27967,5,3.439526800178392
27968,5,1.4629490383601578
27973,5,-0.5157976466302046
27977,5,-0.115573569324944
27978,5,0.9974180366269856
27982,5,0.331658547207077
28007,5,0.808754561408211
28009,5,-1.4634955012883744
28013,5,0.18301724192532376
28022,5,0.7314953165525289
28025,5,-0.7660791095749495
28030,5,1.5148080633062868
28038,5,-0.1993595411718765
28048,5,-0.9419053758904568
28053,5,-0.8234242944055055
28057,5,-0.7453980472032278
28067,5,-0.6356157265675826
28070,5,0.09713366180227112
28072,5,0.10897047774930613
28081,5,1.6336702378817556
28082,5,0.19528667206055061
28084,5,-0.8226572920589028
28088,5,-0.5704798836881295
28090,5,0.690795034759244
28097,5,0.1036791959985699
28107,5,0.2650762535660043
28116,5,-0.8588332601650244
28136,5,1.8900824703024632
28137,5,2.137902278894895
28138,5,0.25274023534333523
28144,5,-0.5886707714667914
28146,5,-0.12491371408603769
28152,5,2.6495161616630973
28160,5,-0.40686146688697633
28162,5,-0.7069642018910685
28200,5,0.4711103827167378
28210,5,-0.06664662831977353
28216,5,1.8087529456880453
28218,5,7.019411491623519
28234,5,1.4576631889207547
28235,5,1.7279052755614437
28247,5,-0.5103110802926025
28249,5,1.9568946363647335
28250,5,0.12570826247517886
28255,5,-0.9522272520122357
28256,5,-0.519451725681499
28261,5,2.791422466562558
28265,5,-0.511798633200609
28266,5,0.4095663188855383
28270,5,1.4807417504179483
28274,5,0.5390896182323388
28276,5,-0.36992991607808534
28278,5,-0.27906727368416284
28289,5,0.057207534868098264
28290,5,-1.960530829583785
28291,5,-0.7328524823114222
28299,5,0.5993786055336692
28311,5,0.22221360883862573
28314,5,-0.22749526776544116
28320,5,0.9845079192083332
28329,5,1.8873835466161104
28332,5,0.9454674147998645
28333,5,-0.226469812508995
28345,5,-2.1429713159208816
28348,5,0.4774219148845411
28363,5,1.159547372033817
28369,5,0.6222769057722282
28374,5,-1.2526155208066285
28379,5,-0.5735810025992585
28381,5,1.0031840627669446
28385,5,-0.18291565379123043
28386,5,1.0627991523698626
28388,5,0.9519095542802383
28412,5,1.9943245871405146
28427,5,-0.2106732849207269
28428,5,-0.14806801432659356
28431,5,-0.24650966708710698
28435,5,-0.5178678142954425
28464,5,0.5323548347545248
28467,5,1.1930989172058872
28473,5,1.1989115638751784
28488,5,1.9044264774115405
28507,5,2.056889705988656
28521,5,0.4526536194844226
28528,5,1.509583693001293
28538,5,1.780047087867512
28548,5,-0.3389093092979891
28549,5,1.1317993333716885
28550,5,1.050398673406285
28557,5,1.2481944937028402
28567,5,2.0959037923142
28579,5,1.0056929615607544
28581,5,1.570846131644224
28584,5,0.31914151705495897
28585,5,0.9722639498961811
28596,5,0.9764782339592841
28605,5,0.1780979529074216
28610,5,0.4442888175596309
28611,5,-0.29354194716848525
28612,5,0.2951944551570662
28616,5,-1.0966527309019725
28621,5,0.6392337565624899
28623,5,2.899849184621228
28625,5,0.18387788638936797
28629,5,0.008136852430698838
28634,5,1.5038532845397725
28636,5,1.7688322808849257
28643,5,-0.7660791095749495
28648,5,-0.3816118332858238
28651,5,-0.1266842826128105
28669,5,1.3111772806170343
28670,5,-0.299061306679409
28680,5,-1.7068015804661698
28681,5,-0.9474514109436427
28689,5,1.931152152841431
28692,5,0.3258047368574033
28694,5,0.3230210042307462
28704,5,0.7863633880396712
28711,5,2.4902755103112604
28712,5,0.8111651502546557
28713,5,0.05782981832341605
28732,5,2.266840472566326
28733,5,0.1495092821957833
28746,5,1.3829966619837002
28760,5,3.3237727097060095
28769,5,2.2812841617249724
28774,5,-1.0312310549170363
28785,5,0.28134521551236347
28796,5,0.11095938939242345
28799,5,-0.4724210331371417
28801,5,1.9472566099578366
28802,5,0.43944901117757595
28808,5,2.598604456248985
28819,5,-0.5668371511866539
28827,5,2.6022372835374163
28835,5,0.8696673250414939
28861,5,0.6696383812610129
28876,5,-0.5975169137032807
28893,5,-1.7584176897056452
28901,5,-0.4802504114372219
28902,5,3.1009213770777073
28905,5,0.6038304933756145
28915,5,2.290031232193545
28921,5,0.8920886680591664
28925,5,0.575450187750473
28930,5,-1.7261513457681659
28939,5,1.3335241161327964
28944,5,1.2370799841131337
28955,5,2.0160460683440498
28956,5,0.8357409407456764
28966,5,2.5311540847276
28968,5,1.5192398335742077
28975,5,1.980631617774936
28978,5,2.3155432936859306
28990,5,2.442511829135295
28993,5,0.15853164901236738
29000,5,0.9812564519760478
29013,5,1.259561171377566
29017,5,2.980308253575817
29018,5,0.5258499656413349
29033,5,-0.16931924519981223
29036,5,2.794433206067982
29043,5,1.495896424334827
29047,5,0.4534213180570106
29048,5,2.034867312474482
29058,5,0.14823460963566149
29063,5,0.7347472788001888
29065,5,2.4105311916132415
29070,5,-0.0882479812143977
29079,5,-0.2932088459458946
29083,5,-0.07405375406911574
29084,5,1.217052761796399
29088,5,1.2334361788296384
29093,5,-0.573317434331674
29114,5,-0.9574095357633503
29117,5,3.1203134743448224
29120,5,-1.2669723730553457
29127,5,-1.8966486526211312
29134,5,0.3546312355939385
29137,5,0.6899619477625798
29145,5,-0.44510992433515284
29146,5,-0.29292315120222767
29164,5,-0.6972896511887363
29169,5,0.7625676389319374
29177,5,3.7295436684510186
29181,5,0.8015531668822753
29191,5,-0.047884657391040975
29229,5,1.3335241161327964
29230,5,0.15514757257519207
29231,5,0.876765413091146
29233,5,0.7995061682354709
29242,5,-0.07074075614126585
29248,5,1.317721410815384
29250,5,-0.289724812825515
29255,5,1.727067677262827
29264,5,-0.036585959464392914
29267,5,0.5570828302582775
29270,5,1.291318153723676
29283,5,-0.46997381866885135
29288,5,0.381912848328831
29290,5,0.6400428792991981
29296,5,0.5293992963946401
29311,5,2.465417562680937
29313,5,-0.00572042748802204
29316,5,-0.48346445369816493
29320,5,1.7510562308799464
29321,5,-1.472373898204797
29336,5,-0.3341562022707514
29344,5,-1.7208600640174225
29345,5,0.07846154905566394
29348,5,6.033977278369182
29358,5,0.10199293778439511
29361,5,-0.8730065870921955
29365,5,0.21019293705600717
29368,5,0.5135509166319956
29381,5,2.2440966954995396
29387,5,2.2643909961161164
29390,5,-0.07399878601305332
29396,5,1.3651702688315375
29401,5,3.0753902109685534
29403,5,-0.24121346085970785
29405,5,-0.6841782711662319
29416,5,-0.06504213887470556
29431,5,1.4497171611463564
29452,5,0.8841647091554314
29453,5,1.0325251713479453
29464,5,-0.3981464759715827
29479,5,0.4941154175188309
29481,5,0.922680845168383
29498,5,9.360567261904517
29499,5,-0.6045360710226397
29502,5,-1.1645618312333248
29507,5,-0.8390010180558036
29509,5,1.0000020955679751
29510,5,8.029709143549415
29517,5,1.9760155091029397
29524,5,-1.2648237442680568
29525,5,1.070860893797203
29533,5,0.07497372626562893
29558,5,-0.6388551271197009
29571,5,-0.5002501433297262
29581,5,-0.9139138037651939
29584,5,2.6541379970822234
29586,5,2.047948658431988
29593,5,-0.01829327648908574
29598,5,-0.3099865337872778
29599,5,1.3526980940982973
29609,5,2.808376539586014
29611,5,2.137936027662935
29620,5,-0.1036668902837441
29628,5,2.976656538147548
29640,5,-0.1234038131225752
29646,5,2.927272167883654
29651,5,-0.6124051544273037
29654,5,-0.38620410531908433
29658,5,0.1531566164795244
29668,5,2.2029031650920423
29669,5,0.9125789630968875
29674,5,1.6262989115088011
29677,5,0.2600369145734085
29685,5,0.21150377347105476
29706,5,-1.297798205395523
29710,5,2.4162126026870787
29714,5,-0.6294403498506504
29726,5,1.2679192374892985
29727,5,1.0115412984559704
29732,5,0.6741218272911418
29736,5,1.376383140486297
29738,5,-0.041475710233097374
29747,5,1.0680537789455578
29750,5,0.2879693410322339
29762,5,-1.1739086046494407
29776,5,-0.12661785538351822
29780,5,1.1893415749949696
29782,5,-0.21233898076400592
29792,5,-0.10972536520087672
29794,5,2.05587545444099
29805,5,1.3288583803007121
29815,5,0.06677297886403366
29816,5,0.27225792177786445
29842,5,0.22645696482784317
29848,5,-0.5420835932840937
29850,5,-0.592768105324172
29865,5,-0.46202038952428026
29866,5,0.24480044915356913
29869,5,-1.5611133253173293
29873,5,-0.752258857726261
29884,5,0.9809794810243453
29905,5,0.7303479979263194
29908,5,0.11133107153134247
29919,5,-0.27310803482663104
29928,5,0.34155320555680646
29958,5,0.5850958541253384
29961,5,-0.2364001760191634
29967,5,-0.6007977905732211
29972,5,1.0927056431157354
29976,5,0.6234103240979678
29985,5,0.5779947391842342
29987,5,1.884267149440383
29998,5,0.8611286914201131
30009,5,-0.4262776083926809
30036,5,1.2733889412403272
30037,5,1.7108859520942197
30041,5,0.9397264847698281
30042,5,2.696421189850355
30045,5,-0.9694790855565074
30049,5,1.9062023315039802
30054,5,0.7871495960570449
30055,5,0.8118151290300482
30056,5,-1.295547577585193
30063,5,0.3177571135036281
30064,5,-0.44967769847770356
30066,5,0.5659532338888518
30082,5,4.795601513657974
30092,5,1.1544901280491509
30093,5,-0.05369957379452828
30094,5,-0.05369957379452828
30095,5,0.8364265564823548
30096,5,1.8355007681446054
30099,5,0.29714604087936536
30113,5,-0.220325019176407
30115,5,1.6381771246653187
30122,5,-0.30713519801482647
30123,5,3.8440067989356628
30124,5,-1.162381403422053
30126,5,-0.5127046246693325
30139,5,8.392900107409428
30140,5,2.030265961124247
30146,5,1.4501411115694118
30156,5,1.7456391496464754
30157,5,8.786405626827815
30159,5,7.120721186808442
30169,5,0.5064515652093213
30172,5,0.9603876214313409
30176,5,2.8969859249581624
30178,5,0.6707161825118639
30186,5,-0.1656585178976222
30189,5,0.23783192487097438
30198,5,1.4501411115694118
30204,5,-0.5947752263958002
30206,5,1.2477173853092545
30213,5,0.4684532250272575
30214,5,2.212826485350309
30239,5,3.846160663887634
30240,5,0.5885669526635233
30287,5,2.0014443207893144
30292,5,-0.33273619436294766
30295,5,4.020476803197592
30297,5,0.1362629580462631
30309,5,0.5734342172966258
30310,5,0.3431965875771823
30313,5,2.377904332754934
30319,5,0.4394639246028298
30320,5,0.5702201750356899
30328,5,4.21356306083506
30338,5,0.6381931067319009
30340,5,9.708397667375348
30345,5,-0.217779746535129
30347,5,2.1791755818263745
30348,5,0.7928145641252122
30358,5,1.17221105462923
30361,5,0.2049460919747652
30364,5,4.3078072005982655
30366,5,0.8997104558704088
30371,5,2.5546943817252448
30376,5,-1.1345732434144438
30379,5,0.6214979706996324
30385,5,0.22429884404326472
30394,5,3.0820424973465883
30395,5,8.085956476793182
30398,5,0.7686810874168586
30438,5,3.110546297685527
30448,5,3.3184082645096886
30449,5,-2.371999589522048
30456,5,-3.783124538716166
30458,5,-2.2226874718373892
30461,5,-3.138423225306937
30463,5,4.740393825136966
30465,5,-1.9925988188002002
30477,5,-2.2537345721788924
30493,5,-1.3567569582469794
30495,5,-1.5904814311301294
30509,5,-2.533341184372553
30515,5,-1.3696805863001948
30518,5,-4.258070522048335
30520,5,-0.4256051000935166
30525,5,-1.324374206773868
30529,5,-5.209852538961403
30540,5,-3.8193126002892086
30542,5,-2.7512915987034035
30550,5,-3.2797473961960293
30568,5,-2.4618474974341993
30569,5,-1.3482518761039586
30570,5,-2.608377617683793
30591,5,-2.4797612066363826
30592,5,-0.48714169751827185
30595,5,2.0611135776498166
30609,5,3.7131981468761985
30615,5,-2.0684249362088494
30617,5,-3.0286713621739736
30622,5,-1.336373992821354
30623,5,-3.587021282392147
30626,5,3.5743488973440343
30629,5,-3.4391876839367654
30635,5,-4.705493747382249
30645,5,-3.4714399072958457
30652,5,-1.3552599946974304
30659,5,-4.842619936003768
30677,5,-4.2793642041433735
30693,5,-2.369673416592857
30711,5,-4.628922429709242
30714,5,-2.177294009521116
30717,5,-4.1354270868308625
30719,5,-4.1354270868308625
30727,5,-4.086989482310113
30728,5,-3.6334664078630574
30729,5,-1.420410750976064
30732,5,-3.4860256579598037
30734,5,-3.589341350874239
30754,5,-1.541801499081867
30756,5,-3.559421205268311
30757,5,-4.2694430752663735
30759,5,-2.7990680032864965
30763,5,-2.1290894884240608
30773,5,-4.950452708345651
30774,5,-2.9275599159765413
30776,5,-3.8727332872148565
30785,5,-4.957934295110732
30786,5,-3.730457950559451
30797,5,-3.629485761528894
30798,5,-2.144080563254402
30813,5,-4.095494806321785
30825,5,-0.35459453114668094
30831,5,-4.600554688300534
30832,5,-4.0250652907836155
30833,5,-3.755418784593168
30841,5,-2.7187123782153044
30844,5,-2.4844532055352353
30848,5,-2.7117527094743785
30852,5,-3.0969608562684705
30857,5,-0.6604165972456677
30861,5,-2.709830493475817
30879,5,-4.05816784197518
30882,5,-3.510480433203629
30884,5,-3.8165273270202213
30886,5,-2.947741883568181
30891,5,-2.741721012682337
30896,5,-4.009730237454431
30901,5,-0.03843677283070335
30914,5,-1.664512995066108
30925,5,-3.382079392901371
30932,5,-2.1277565120791273
30937,5,-2.0198349741896173
30943,5,-6.1901842701171645
30950,5,-1.3963230861751335
30957,5,-3.0920020102367225
30958,5,-3.010208316498254
30966,5,0.0039622298920996
30968,5,-2.750758035846051
30972,5,-2.851020392751675
30978,5,-2.204769465771207
30984,5,-4.002065168720396
30994,5,-4.124803839840819
30996,5,-4.254977291981568
30997,5,-4.8548114970407745
30999,5,-1.6970309484068373
31000,5,-1.1087568527052092
31003,5,-2.709830493475817
31014,5,-3.5406700909307567
31017,5,-4.071658477004487
31019,5,-4.928809611398215
31024,5,-3.74600727150035
31033,5,-2.5527677525586405
31036,5,-2.9652242625903504
31039,5,-2.3126390867230917
31042,5,-3.9576283802583205
31044,5,-1.469903109364477
31065,5,-1.8124424105942616
31071,5,-2.9132129834056464
31075,5,-1.5312491100646035
31082,5,-3.9765008750497906
31089,5,-3.896143580813227
31117,5,-3.6772986792842772
31118,5,-4.043483527137095
31132,5,-4.919416578310873
31142,5,-0.9002273067885405
31150,5,-2.44929460756844
31151,5,1.492553960479622
31157,5,-3.851585819047255
31159,5,-0.8911392635677977
31162,5,-2.8726207896400204
31164,5,0.4264961152726663
31167,5,-3.962545819716439
31168,5,-2.8853065108888956
31176,5,3.6308726872520047
31181,5,-4.117150747359936
31183,5,-2.80346112027269
31184,5,-3.152591947151418
31187,5,-1.0623211145505742
31191,5,-3.621311573253923
31195,5,-2.843108797080948
31214,5,-1.6387754768215501
31215,5,-2.166543216075379
31216,5,-1.6260060615966196
31225,5,-0.062088180441872254
31232,5,-1.6411653313737098
31235,5,-4.380566193489429
31236,5,-0.4665764596947177
31241,5,-1.328474410320542
31245,5,-1.9519554559086778
31247,5,-3.64806954021034
31248,5,-0.9383991044177087
31249,5,-1.9908789783150986
31252,5,-3.377822950318322
31255,5,-3.72987504907719
31268,5,-2.256107183937427
31272,5,-2.2240485924764464
31276,5,-3.849543648365092
31288,5,-0.7049108163634408
31289,5,-4.638223277781215
31290,5,-3.06081809148505
31291,5,-2.6050642549370977
31313,5,-2.3752140167406885
31320,5,-1.439091553383438
31331,5,-1.8860211207068218
31337,5,-3.82541672236918
31342,5,-0.7877109220340408
31344,5,-4.356881143658796
31345,5,-1.1067230234875005
31348,5,-4.021840430189659
31349,5,3.6424599154369552
31369,5,-3.3782720697175
31370,5,-1.3096127509985536
31374,5,-4.994482590796686
31376,5,-5.174461605780579
31377,5,-3.81538436110246
31379,5,-4.053760119905466
31380,5,-1.562792163969636
31381,5,-4.878887623491757
31393,5,-0.9657999040151246
31395,5,-0.965686335786355
31402,5,-4.557454530821637
31403,5,-1.549878161061546
31405,5,-3.983444714184433
31425,5,-2.4548642979205795
31429,5,-0.86497016688973
31441,5,-3.7397870999936487
31442,5,-3.07106888845313
31454,5,-2.6780825950138016
31458,5,-3.2138411266847093
31467,5,-1.504863377667487
31478,5,-3.373788309319611
31479,5,-2.9854677904086415
31480,5,-1.1771736219208968
31483,5,-3.4127118317260425
31488,5,-2.4849963373763337
31489,5,-2.6949510189302224
31490,5,-1.0100096274241857
31493,5,-1.939620938397585
31495,5,-3.3003481400647594
31499,5,-4.604976597918572
31520,5,-3.525940993403214
31532,5,-3.0495688892269897
31537,5,-3.636382686303442
31538,5,-1.564233267163381
31539,5,-3.7638702617436905
31545,5,-2.918678436638288
31548,5,-2.046988436129652
31549,5,-2.5638509239671805
31552,5,-2.8375337736862107
31556,5,-3.9439679881003684
31560,5,-3.5637235121748247
31561,5,-3.418986758434528
31562,5,-1.406958835038722
31564,5,-1.4956068527271036
31575,5,-2.545335379984813
31588,5,-0.5474628734114866
31590,5,4.145136553939846
31602,5,-4.846501811786151
31606,5,-3.825274971414551
31607,5,-3.6242639323525694
31608,5,-3.7638702617436905
31613,5,-3.765949500556559
31629,5,-2.4248992206786966
31633,5,-4.07669876537954
31634,5,-2.6947431559626978
31647,5,-3.06996856946688
31650,5,-1.3312689979139343
31653,5,-2.8719904979506197
31666,5,-4.812838488766705
31670,5,-3.5122040034808037
31690,5,-2.9723096443713004
31692,5,-2.865255521099904
31696,5,-4.147313293126981
31708,5,-3.880683804736538
31710,5,-2.8599642393491607
31711,5,-3.6497144228178406
31724,5,-4.961949703847264
31738,5,-2.9247258950451993
31740,5,-0.5230068456277159
31743,5,-1.6816258627856833
31748,5,-3.5253877897255705
31750,5,-2.059723119650368
31754,5,-3.1261175351191284
31763,5,-3.9439679881003684
31769,5,-2.6184505742486763
31779,5,-1.4919235545709562
31782,5,-3.7638702617436905
31793,5,-3.221154634374976
31796,5,-3.5968905593367957
31806,5,-3.5968905593367957
31813,5,-3.049693112690697
31817,5,-4.072295356302561
31819,5,-4.131009553591689
31823,5,-3.8162377904254043
31833,5,-1.4274910615223355
31845,5,-2.647661558309686
31852,5,-4.039772280522605
31866,5,-2.2019312000405655
31875,5,-0.20678549364923882
31876,5,-2.6289098075233284
31877,5,-4.131009553591689
31880,5,-3.821065185080254
31888,5,-1.2416779595860525
31889,5,-4.367857839037118
31890,5,-0.6509343683169568
31904,5,-2.975037841735549
31920,5,-1.4086052060966487
31928,5,-4.082397238374057
31932,5,-3.775820251795828
31947,5,-2.9452388548320556
31958,5,-4.29206721184762
31961,5,-2.1246719551848834
31962,5,-2.975037841735549
31965,5,-2.6707859381976533
31984,5,-4.266259924441542
31985,5,-4.00609449758916
31986,5,-1.4132054307718462
31999,5,-3.321198732282628
32001,5,-2.175918485841141
32007,5,-3.4471615968639213
32013,5,-4.638064633018988
32018,5,-1.6630808152191285
32020,5,-4.288871190605793
32021,5,-4.914115485390671
32040,5,-0.8153736963163816
32041,5,-2.7422953508967822
32046,5,-3.750765077666159
32047,5,-3.5170931562844316
32054,5,-3.688832550620095
32058,5,-1.5947419521309705
32067,5,-3.8289322405248853
32068,5,-5.721488834881907
32074,5,-2.390784902147459
32095,5,-4.105924538676852
32096,5,-3.3269567442367816
32098,5,-1.6123756997936987
32118,5,-1.1186834756240778
32132,5,-1.144184226646498
32136,5,-2.3076682166446467
32139,5,-3.0293072326673
32143,5,-3.1449021999722433
32151,5,-3.0690125824546257
32155,5,-4.015309265142431
32163,5,-1.342705522936182
32170,5,-0.7808087874097644
32172,5,-4.127567635624288
32176,5,-5.277471061542027
32177,5,-2.8877207814981887
32183,5,-2.4308763304059084
32186,5,-3.1327957202309378
32191,5,-1.135998089205625
32195,5,-1.486934325049063
32198,5,-0.5689264522481174
32206,5,-1.9695424984727161
32208,5,-4.979664357480768
32211,5,-4.69832222335835
32217,5,-4.060584983536984
32227,5,-1.415439880897619
32231,5,-1.2258891878757119
32233,5,-4.586657550920471
32234,5,-4.722307386268408
32235,5,-3.8062780212614804
32241,5,-5.283124474834146
32249,5,-2.105493915786436
32255,5,-3.102278084162215
32265,5,-3.025018839306526
32280,5,-1.7878777945320081
32285,5,-3.017141677217289
32293,5,-3.781584915377188
32309,5,-4.156389275959221
32316,5,-3.609873822403749
32320,5,-1.9013371194022106
32328,5,-3.7826549265967984
32338,5,-2.5246238601104025
32370,5,-3.3616311129521463
32377,5,-2.6550949190978983
32380,5,-0.9176196886185757
32382,5,5.305208669604497
32404,5,-0.6215867209947383
32405,5,-0.6787087728837626
32410,5,-2.612083267088501
32419,5,-2.991033716323521
32423,5,-3.195970323318761
32431,5,-0.8400418828796923
32433,5,-3.1125803265084393
32436,5,-4.198139447358685
32448,5,-1.6942658606912495
32452,5,-2.394564441875083
32453,5,-1.3110163228661484
32458,5,-3.9285022543033676
32460,5,-3.6008255471398556
32464,5,-5.459889447557103
32468,5,-6.63580260049595
32469,5,-1.8138526073326098
32481,5,-1.882281155200289
32493,5,-0.79593876398528
32496,5,-2.580950682500685
32500,5,-0.14912985787588084
32511,5,-3.1342234234558752
32522,5,-0.6884031562162498
32525,5,-3.0521818381116788
32526,5,-3.410872852414947
32538,5,-1.9695424984727161
32543,5,-4.867739511806533
32553,5,-2.660760813213436
32556,5,-4.705346156235805
32571,5,-4.825491624018227
32576,5,-4.049385859609565
32580,5,-4.75191251914838
32594,5,-3.148573427298892
32596,5,-4.012163044110846
32597,5,-2.6741953607468467
32604,5,-3.8400116885920994
32620,5,-2.516823695900918
32623,5,-3.2947780584997375
32631,5,-3.690127740788185
32638,5,-1.8885852806522543
32641,5,-2.049898075864629
32651,5,-1.2342020109641716
32656,5,-4.216720819661113
32664,5,-0.8048394550928002
32667,5,-4.186578381584184
32686,5,-1.0672003651441209
32695,5,-1.4703669324490143
32696,5,-5.947345697706073
32698,5,-3.8069005160884686
32701,5,-1.7235057858101293
32702,5,-1.2699419486123524
32703,5,0.1687627975914232
32712,5,-3.9185658477350174
32722,5,-4.697178968193423
32725,5,-3.680425569951005
32726,5,-3.0319729772654362
32731,5,-2.6209973443697905
32732,5,-2.918678791131459
32737,5,-1.9410817560000702
32740,5,-3.519276075815803
32743,5,-3.0759652508971413
32748,5,-1.6614132141565818
32751,5,-3.370872132689037
32759,5,-6.1353885769422725
32778,5,-3.922711048791278
32781,5,-2.945353642401159
32785,5,-1.531608077720282
32788,5,-2.709795792113468
32792,5,-2.191437378846384
32793,5,-2.448280325175844
32798,5,-0.6157297571825957
32802,5,-3.2724120204019016
32803,5,-5.067937256348873
32804,5,-0.35486328386634725
32818,5,-3.0714405732196255
32836,5,-0.7875438759947393
32844,5,-3.9183145576210237
32845,5,-1.429765595972274
32849,5,-3.9982316137484872
32855,5,-3.6175435987874494
32857,5,-3.8468853810149533
32859,5,-3.52555838196605
32869,5,-3.377440338881147
32874,5,-2.917446975231684
32882,5,-0.5089090370953464
32884,5,-0.5478325595017743
32887,5,-4.085530299258746
32893,5,-1.789682938849129
32897,5,-4.818548517014012
32900,5,-2.784350148756104
32903,5,-3.7442073961698483
32904,5,-1.5446046432630958
32911,5,-3.169747372098591
32912,5,-2.7534457388477804
32924,5,-2.7307796650054357
32927,5,-3.513749517049071
32932,5,-1.1765056720363454
32939,5,-1.4410881617799625
32953,5,-2.9978235233305313
32962,5,-4.476455419472437
32973,5,-5.028266323762288
32974,5,-3.30209663836569
32975,5,-2.159680396500274
32976,5,-2.568676620847043
32980,5,-5.365015046040568
33000,5,-2.2369396413559564
33004,5,-2.6494453833416713
33010,5,-4.056303169067576
33011,5,-4.537399999173804
33014,5,-2.792820145792696
33015,5,-4.131395711230034
33016,5,-1.0592998241736389
33017,5,-3.812229403112667
33026,5,-1.2491497510164216
33036,5,-4.135331850927912
33037,5,-2.3839462035047454
33048,5,-6.041088008311188
33051,5,-1.2616637207789019
33056,5,-2.8471027067112473
33069,5,-3.232780970586255
33075,5,-2.2117892829160617
33083,5,-0.33111199326879515
33084,5,-3.5044847806217483
33097,5,-3.4846448063857203
33099,5,-1.9725816621175873
33108,5,-0.8049737745988601
33117,5,-0.9887046941293924
33118,5,-3.4145922601191394
33123,5,-3.222242303926212
33158,5,-1.3267257404284685
33162,5,-2.401188444023706
33164,5,-2.488659606903756
33177,5,4.630619756901925
33181,5,-1.904328204582857
33185,5,-5.117269897670727
33189,5,4.314605118682525
33192,5,-3.0771589699002355
33202,5,-0.3043540263123852
33213,5,-2.1612880050167966
33228,5,-1.4356215586854866
33231,5,-2.267373717207551
33234,5,-3.2601294382756194
33255,5,-3.736121675999957
33261,5,-3.5946426924192316
33263,5,-0.06882796805735225
33267,5,-3.717369695200407
33269,5,-1.230497732725457
33280,5,-4.623124948328449
33282,5,-3.5641202707213644
33296,5,-3.6691390239126527
33307,5,-2.844868245842733
33309,5,-2.6552283175415035
33312,5,-2.318903986793906
33314,5,-4.307472894672848
33321,5,-3.7023036927472184
33323,5,-2.319972061597369
33338,5,-2.595579528019325
33341,5,-3.476356571163212
33351,5,-3.367881018623123
33352,5,-4.60290256315718
33357,5,-3.0899028835474027
33366,5,-1.2342792361025623
33376,5,-3.2301803506979887
33385,5,-0.789709679357351
33397,5,-2.525801869928724
33399,5,-3.521564373335938
33403,5,-3.89401638882228
33408,5,-3.2380209266323057
33412,5,-3.941862155004781
33415,5,-1.7233680448597148
33427,5,-2.5302527179075582
33431,5,5.716844502044406
33441,5,-2.3654943137244153
33445,5,-1.9544323117037088
33454,5,-2.821487008197696
33456,5,-2.882188828538247
33458,5,-2.5675458673219467
33474,5,-0.2558695335486867
33476,5,-0.7576971130539256
33482,5,-1.6575198365449317
33485,5,0.23441009293924608
33487,5,-2.3927312998903147
33498,5,-3.3016269488843797
33499,5,-2.3446798793217845
33503,5,-3.659298730176072
33505,5,-2.8674661995852055
33511,5,-2.528622344915515
33519,5,-1.1109925417625668
33521,5,-3.3439433176678044
33531,5,-2.528622344915515
33535,5,-2.708720071272193
33537,5,-3.842610498793693
33538,5,-1.4148307976612884
33542,5,-3.3422020196239366
33558,5,-1.9977688053593745
33563,5,-1.7199797752470296
33566,5,-0.7109329058169429
33595,5,-3.474950423053233
33596,5,-4.903101889551877
33605,5,-5.5226174179366865
33609,5,-4.474051133776431
33612,5,-1.1711450808467525
33614,5,-5.451579964179082
33628,5,0.05632960450204294
33643,5,-2.41917012332328
33647,5,-3.9985931250526576
33649,5,-4.742328339539249
33664,5,-5.460423481807531
33668,5,-2.777979860278638
33670,5,-3.7158151852765435
33689,5,-0.49755527526535914
33707,5,-2.3194124722448386
33717,5,-1.6406324765851927
33725,5,-3.684963789939694
33748,5,-3.3987711351459744
33749,5,-1.3803213830008438
33757,5,3.122230537871779
33758,5,-0.8527445770612196
33761,5,-4.485998245394292
33774,5,-2.2894461063543723
33784,5,0.14413097275155806
33786,5,-2.2787771841829034
33795,5,-2.5367731773899216
33796,5,-0.06257724838485146
33802,5,-1.2663914344470975
33810,5,-3.411483720695955
33814,5,-1.7492126848407388
33815,5,-4.566471532510917
33818,5,-4.489212287655242
33826,5,-1.5991998310358717
33838,5,-4.209112506645159
33839,5,-2.733668383534667
33850,5,-2.8500137151548124
33854,5,-2.903662037195435
33862,5,-0.6199629510003781
33863,5,-1.915712944678038
33867,5,-0.6293379207862309
33876,5,-3.056455168998479
33877,5,-4.179784824675814
33894,5,-4.46118424033812
33903,5,-3.1943230381181458
33904,5,-0.5814612844588609
33907,5,-1.1974607432819049
33918,5,-1.8714089750802323
33919,5,-2.186058447171188
33924,5,-0.17272260659504823
33931,5,-2.4585968007030807
33938,5,-1.269175167073758
33942,5,-1.0663169275124567
33947,5,-2.5750825665119415
33951,5,0.8353098876375142
33953,5,-0.7121631197196372
33954,5,-0.4906453031892646
33955,5,-2.197641793185305
33970,5,-2.1735045078089
33983,5,-2.310872992719741
33995,5,-1.309991392495828
34000,5,1.1932039230509979
34007,5,-2.9753803364504314
34019,5,-2.9041169509774143
34025,5,-1.1871263695878405
34029,5,-3.067770105796523
34031,5,-1.3406883552284334
34051,5,-4.559016570921621
34059,5,-2.7628256821566275
34065,5,-4.529447520406531
34073,5,0.1598700482301858
34074,5,-4.402486048922533
34082,5,-2.1198457232223014
34083,5,-3.593234004436539
34094,5,-2.047355204096174
34099,5,-2.0717651403751383
34105,5,-0.6878370706725612
34131,5,-2.365206469329447
34137,5,-0.8638597446860992
34138,5,-2.8445245998597493
34147,5,-2.9608097679640935
34151,5,-2.376169250732705
34156,5,-3.6217962617435937
34157,5,0.040177778864187275
34164,5,-1.4289014860341318
34165,5,-2.603683847582534
34167,5,-3.8781629393349277
34169,5,-3.340364043090222
34182,5,-3.9689540386376585
34186,5,-2.7055245744400906
34187,5,-3.768849242245267
34188,5,-2.2535460151276645
34190,5,-0.6777035434122958
34195,5,-1.7738464072459657
34202,5,-3.1818182529264583
34206,5,-3.418971538170318
34209,5,-4.95335361719934
34212,5,-3.4677115652331345
34229,5,-2.655468277783708
34236,5,-2.367226331322108
34240,5,-2.6261062923648524
34242,5,-2.616040801003045
34254,5,-2.1443471661426443
34262,5,-3.4490480625587097
34266,5,-1.2086049482713221
34268,5,-2.4584378321269895
34271,5,-2.052160416811674
34276,5,-1.2395127897314744
34280,5,-0.5524519194511548
34290,5,-2.194065389926667
34312,5,-4.632840987364613
34313,5,-4.555581742508931
34322,5,0.09547109345294658
34327,5,0.23279960876397965
34332,5,-5.237086509639354
34337,5,-1.7814692176087625
34352,5,-1.6963691958458007
34357,5,0.24082929401302877
34358,5,0.24082929401302877
34365,5,-2.1280231149673625
34367,5,-4.9649638725658995
34368,5,-3.925042845878476
34378,5,-5.514896349204012
34385,5,-2.5202982080317504
34393,5,-1.4410103036393842
34401,5,-0.7714151049468079
34418,5,-0.04892899363747105
34442,5,-4.926628150116645
34443,5,-2.837429267351119
34449,5,-3.407424513017091
34461,5,-0.4937990338595135
34462,5,3.8824644250828833
34468,5,-1.4906675644729077
34469,5,-3.3086599982869203
34477,5,-1.479319157414615
34485,5,-3.22732678666042
34487,5,-3.331298398061456
34503,5,-2.4477121708233085
34510,5,-2.323377151312755
34516,5,-1.030865928886147
34517,5,-2.476518543026806
34544,5,-1.5893467177349834
34553,5,-2.1785365648548947
34557,5,0.28162729472675707
34564,5,0.17273033830863582
34570,5,-2.987383137761526
34571,5,-2.0942430590217995
34574,5,-0.5778747039046443
34575,5,-2.558633930481008
34577,5,-2.3041634106278295
34579,5,-0.03594046235667392
34582,5,-3.4545784304201774
34585,5,-2.2985650207562216
34594,5,-1.548548717021248
34595,5,-1.3969352095145418
34598,5,-1.8448443352793618
34599,5,-2.4414424051162484
34602,5,-2.787736301458409
34607,5,-3.2612660179394126
34608,5,-0.6324078872495633
34609,5,-2.2783401057703188
34612,5,-2.8107452951240433
34613,5,-2.088490178927522
34619,5,-1.1006154243790895
34625,5,-2.8534413928287563
34643,5,-1.8260580058395917
34656,5,-3.0391559331961204
34675,5,-3.0293490754024006
34677,5,-3.035237218847101
34679,5,-0.6143095644297851
34680,5,-3.746311344734494
34687,5,-1.7632944726826665
34691,5,-3.6708885628763674
34694,5,-2.713319144080266
34696,5,-5.5706864752054805
34701,5,-3.4060901243182897
34708,5,-2.9604950591058525
34712,5,-2.702571047793512
34723,5,-1.701136769680982
34727,5,-2.760170022495444
34729,5,-3.436011449099176
34746,5,-3.915997724474856
34748,5,-3.3001895403458406
34757,5,-2.2475730537238334
34761,5,-3.457117233123352
34767,5,-4.398012291653991
34777,5,-1.4906675644729077
34784,5,-3.1986677756928614
34794,5,-1.7827665229319294
34798,5,-3.0166921712805532
34806,5,-3.0610627286492758
34808,5,0.6466464124187468
34809,5,-4.071757700085698
34824,5,0.480424359317734
34829,5,0.40674771901267803
34832,5,-0.16114949790382482
34835,5,-0.08238003441384834
34845,5,-2.5298771554697055
34846,5,-2.3761933659725862
34847,5,-2.3966985724292584
34859,5,-2.584215172503768
34873,5,-2.654535068810567
34875,5,-2.6012057233228774
34876,5,-0.4694176666862795
34880,5,-2.8696326478864407
34885,5,-4.029192924275105
34889,5,-2.500630853996803
34890,5,-0.049718976292293604
34914,5,-1.764084455337489
34917,5,-2.36175910065446
34918,5,-2.9010842532470775
34921,5,-3.7183131847135407
34924,5,-2.5688891890832544
34926,5,-3.2995801443470967
34935,5,-2.2085577551901707
34940,5,-2.0253752372179044
34942,5,-0.8822795770571723
34943,5,-1.4032032738856763
34949,5,-3.3597077218327556
34950,5,-3.401894563332455
34954,5,-2.1383737404332877
34955,5,-2.8009145759205936
34957,5,-3.149280226081391
34961,5,-2.943707128935735
34965,5,-3.3781475787254536
34974,5,-4.067839417570745
34992,5,-2.7651643921406475
34993,5,-2.679760570179255
34997,5,-3.757560878871743
34998,5,-2.2626469645905303
35009,5,-2.9722078182027047
35014,5,-3.136386854247366
35015,5,-0.6148414836305172
35018,5,-3.8883744439407053
35020,5,-5.998362324183471
35026,5,-2.4407109960551594
35029,5,-3.061089131279104
35033,5,-1.9860865349884165
35041,5,-2.4049054234244664
35047,5,-0.6519886565321364
35051,5,-1.3733298493173969
35065,5,4.782759533659625
35066,5,-2.3386310807749986
35067,5,-2.8542313754835824
35079,5,-4.0378473443743275
35083,5,-2.6854011279095857
35084,5,-2.797428532386448
35089,5,-2.8443144839423624
35092,5,-0.5759179612240821
35093,5,-0.242342264151862
35094,5,-2.6886151701705217
35095,5,-2.765874415026211
35096,5,-0.977231300358671
35097,5,-1.1272293755122753
35098,5,-2.4833532178277835
35100,5,-2.3439257447768966
35102,5,-1.340806773537441
35104,5,-2.6359900212440053
35113,5,-3.3724600193374172
35115,5,-2.153750008172402
35124,5,-1.3031331549691565
35128,5,-0.8927874013591612
35129,5,-2.030656826178838
35135,5,-2.555750542359114
35139,5,-0.6845117323121066
35143,5,-3.5489907447215394
35156,5,-3.036333980282542
35158,5,-3.5623772309029604
35161,5,-1.3019342259808546
35164,5,-0.6589491703984898
35166,5,-3.2105684115728508
35167,5,-1.7322012191549554
35169,5,-4.263416982825795
35175,5,-2.956092802450371
35185,5,-2.782942558115849
35197,5,-2.5827172063797583
35199,5,-2.8649354420179343
35200,5,-3.099654217432267
35205,5,-2.068584754507519
35206,5,-1.500768148176732
35227,5,-0.9221778861390675
35237,5,-3.147916368690865
35252,5,-1.1806905621347177
35261,5,-2.5120993941089473
35274,5,-1.9680557661447153
35281,5,-1.5372580606324782
35282,5,-2.5232799788233677
35293,5,-3.1402660269792264
35298,5,-2.984097145456161
35304,5,-3.4424630844485478
35308,5,-1.8856215442590027
35322,5,-0.5737703003478778
35323,5,-2.848009683565067
35324,5,-2.030656826178838
35327,5,-2.521597716136199
35328,5,-0.47397108363296425
35335,5,-4.821398435459411
35342,5,-0.23860536133912902
35346,5,1.0359616579494464
35351,5,-1.2697769446878446
35354,5,-3.930970070018464
35356,5,-1.5477070016280159
35359,5,-2.916840323675345
35361,5,-1.927160075339792
35368,5,-3.760774921132679
35369,5,-0.8910886249788952
35382,5,-3.52077650651529
35387,5,-0.350019402871677
35388,5,-4.6476445509794
35391,5,-2.7134840778373075
35400,5,-3.0913948623863448
35407,5,-4.84495749559299
35411,5,-0.32646658432316045
35414,5,-0.37508618188730125
35415,5,-3.1390402940925313
35424,5,-2.5566872703276147
35425,5,-4.197993539820526
35426,5,-1.5611926686818158
35427,5,-4.628960912931383
35435,5,-3.314109435574146
35438,5,-3.8340539954481407
35443,5,-2.216490312704771
35446,5,-3.606885403730246
35451,5,-2.5201475405627676
35453,5,-1.8152046973118914
35455,5,-1.4390219050325008
35458,5,-2.304947719528535
35461,5,-2.179144241684277
35465,5,-0.6616009697000074
35473,5,-2.7517720358433664
35475,5,-2.394254267410439
35487,5,-2.8820767937386087
35490,5,-3.1793002676339484
35494,5,0.11200698848774593
35501,5,-0.21052824543044935
35508,5,-3.8355703749547345
35511,5,-1.081312203258431
35518,5,-0.3401311866889287
35519,5,-4.019743728532752
35520,5,-2.1891853378379125
35539,5,-1.084526245519374
35545,5,-2.0554483826478176
35546,5,-1.833996036042052
35564,5,-2.7030709520633565
35565,5,-3.7436915088310485
35572,5,-3.3303491866356225
35576,5,-3.1091528244674294
35579,5,-3.8432713782890033
35587,5,-3.413177858846744
35593,5,-2.952050779181363
35597,5,4.259736236574479
35600,5,-1.5868205690042174
35625,5,-2.5562989132105827
35633,5,-4.178463944172417
35654,5,4.425037686931358
35656,5,-1.8751797746337822
35659,5,-4.228840872180658
35660,5,-2.223365330822652
35661,5,-2.2123697847657056
35669,5,-1.7303693291996964
35687,5,-2.5713631913387758
35696,5,-2.5414074597168934
35697,5,-0.1906141854053267
35713,5,-4.590625190482129
35718,5,-2.1734462623592776
35720,5,-1.4680956177005449
35724,5,-0.3118769709005136
35734,5,3.831421596821027
35741,5,-2.5566872703276147
35752,5,-1.5196676236192523
35753,5,-1.8980614591205658
35759,5,-3.017078328918892
35765,5,-1.7690372635613194
35770,5,-2.30794038928353
35777,5,-3.584643395073698
35782,5,-0.5504097227161573
35790,5,-1.823770418123516
35791,5,-0.5647880671416452
35792,5,-3.256120446225893
35794,5,-0.04484024624342098
35806,5,-2.9946296139237667
35807,5,-3.3356404683863587
35817,5,-3.385489517297053
35821,5,-2.7165600816983684
35829,5,-0.7189879833511448
35849,5,-2.561902866132016
35857,5,-0.10205617989402427
35859,5,-2.2130077153346193
35872,5,7.189996898842768
35873,5,-2.9224561536583025
35890,5,-2.3227900359702645
35891,5,-3.5405637969177093
35892,5,-2.1150928313609754
35901,5,-2.2417529237047233
35911,5,-2.810833305037818
35923,5,-2.0733583250561196
35927,5,-0.3141388166418082
35936,5,-1.0494559415664675
35943,5,-1.1982454530544402
35944,5,-2.400265775351315
35946,5,5.478158104884663
35954,5,-0.04793191503382488
35961,5,-1.4129873702605735
35977,5,-2.5750852426503386
35980,5,-1.0129466395314601
35988,5,-1.4859469457880543
35992,5,0.5126616042416039
35993,5,-2.381658363770814
36018,5,0.29537931568662756
36030,5,-3.7939310472583436
36035,5,5.666490942420506
36048,5,-2.0108705466327415
36050,5,4.335911967770873
36051,5,-1.1239510406844069
36055,5,-0.45689201350660724
36064,5,-2.0277654923513033
36070,5,-1.066411250458021
36074,5,-2.587873124801927
36080,5,3.9604450135641294
36084,5,-0.4146125488502399
36087,5,-0.17861028869299744
36100,5,-0.03550185299733144
36101,5,-1.8628323979929213
36103,5,-2.7156334529041537
36114,5,-1.1141568062800822
36119,5,-2.139619235873454
36130,5,-3.9016082245503334
36132,5,-1.2639364950443515
36135,5,-2.0084316816897534
36149,5,-0.05414365321926695
36154,5,-2.304722652546314
36157,5,-2.6841896540415355
36161,5,-0.6349290297365044
36165,5,-1.7958108795531054
36166,5,-3.764168811285611
36170,5,-3.6623922697381595
36172,5,6.564300349447226
36174,5,-1.4134181307866847
36176,5,-1.9055932001887506
36181,5,-1.621086266515718
36183,5,-1.0319430568628896
36185,5,-0.3839925399538977
36186,5,-2.657802815296069
36189,5,4.676813019925152
36194,5,-2.0779190078465177
36198,5,4.804050306375569
36199,5,-2.0942430590217995
36201,5,0.11992980104403017
36202,5,1.8085652454781602
36212,5,-0.20865233176117925
36218,5,-3.341183074066876
36234,5,3.028551661990729
36237,5,1.8588090079053607
36239,5,2.181932597727915
36248,5,3.062779443464837
36249,5,2.2208561201343393
36253,5,-0.3450128593737283
36257,5,0.800267387067759
36275,5,0.49957856684583035
36278,5,1.6448588132873176
36282,5,8.987602211956691
36286,5,0.9038159529503567
36287,5,0.9239028507339064
36290,5,0.5883979862407003
36296,5,2.1355787642750563
36298,5,2.708124461304962
36301,5,3.2002198513909583
36308,5,1.9828056780490435
36309,5,1.0807163853838126
36310,5,1.987773034802398
36317,5,3.5039451219966473
36327,5,9.856171882014966
36338,5,2.21621921505853
36364,5,3.7320039257244026
36365,5,2.3742472068737825
36372,5,3.191206521138703
36374,5,3.3567160997190477
36376,5,1.8428058673604646
36378,5,2.9431714350771223
36381,5,10.334443374897482
36384,5,5.243569740111891
36432,5,2.1354504525638944
36433,5,0.5494075778340743
36440,5,2.6102894752368435
36444,5,2.8525346564054637
36447,5,1.5256547237535116
36453,5,8.299856356650714
36458,5,2.583481987249435
36461,5,1.833308165848976
36472,5,2.142796487004432
36473,5,3.7394965754461253
36475,5,1.8073285484530643
36478,5,0.7859493135573388
36479,5,2.4722354587136977
36485,5,0.6738561654469208
36494,5,1.4328557962446595
36500,5,2.4124505846460877
36505,5,1.8648664300642466
36518,5,9.203938888649976
36522,5,5.84712718257386
36527,5,0.11813431680297626
36531,5,9.083308769977823
36533,5,8.329674577721374
36544,5,2.006020472502321
36546,5,1.998859369691914
36566,5,1.730426303601714
36585,5,3.2380423639875637
36593,5,3.1317763011300777
36603,5,1.9402278531080661
36605,5,5.989442390158924
36609,5,2.1013333726876446
36621,5,8.817005469241494
36630,5,2.0461507023335024
36633,5,1.3497937158891524
36657,5,1.7617597070334234
36659,5,2.4882392875296695
36666,5,2.8670412626085557
36671,5,-0.158202125144701
36684,5,4.395674544133346
36687,5,2.0976814432014272
36691,5,3.3224381506584706
36701,5,4.087502817129813
36718,5,0.3764038899129112
36751,5,10.268846642579273
36756,5,3.0062187143482646
36767,5,2.707168451237795
36774,5,2.6125161071776724
36776,5,4.425930421453248
36780,5,1.0643363547230287
36790,5,1.570721069569597
36792,5,0.47607890275201825
36802,5,2.3429475872463676
36806,5,1.8085319780147167
36807,5,2.146442342031076
36808,5,4.550046448796326
36810,5,2.3879158017989432
36813,5,1.1157746512060278
36817,5,1.944254390201909
36820,5,1.7062452484469297
36822,5,2.4630794476027837
36823,5,2.3858202027470945
36825,5,2.314236530596144
36865,5,0.7101931505354173
36868,5,1.8537204828012435
36872,5,0.7856994812154383
36880,5,4.08307354423474
36881,5,0.35143820243120416
36885,5,2.421995643247339
36889,5,4.362919537424975
36893,5,2.226241055754169
36894,5,1.354124424593298
36897,5,0.4300123316908646
36898,5,-0.6769321923013685
36902,5,1.9558349194726041
36903,5,3.5470914447666537
36910,5,1.8561996543970558
36911,5,1.4046013714263204
36912,5,1.6993316721622413
36920,5,3.866297500449864
36932,5,2.0849658493963332
36933,5,1.016944847810528
36942,5,4.138820013108862
36945,5,2.772343404499175
36958,5,10.11722144008753
36964,5,3.7403390755528783
36966,5,3.6748516798197777
36979,5,1.8753719662047992
36984,5,4.761261600535914
36988,5,2.987339154211501
36990,5,4.625211407796545
37001,5,2.777257469563285
37006,5,5.501372276596701
37015,5,4.528338580006199
37019,5,4.399738698708582
37020,5,5.0564523958938
37024,5,5.466155954292603
37033,5,4.493063339963925
37035,5,6.827051924320074
37036,5,4.789777475765476
37040,5,4.560374262602068
37041,5,4.354770974812482
37043,5,6.13928089262679
37055,5,6.76447699430247
37069,5,5.231400987001379
37075,5,6.2759025097573975
37077,5,4.988664782461232
37078,5,4.732000958266045
37086,5,5.412964084000581
37090,5,2.597486667860224
37091,5,3.69958463249791
37092,5,4.74936590781326
37098,5,4.672514561554774
37099,5,5.56824243748207
37102,5,5.4295452484835565
37104,5,6.535538760034694
37108,5,6.427614875340286
37114,5,3.4717420080958803
37126,5,4.789616513028413
37129,5,7.5786546677646704
37131,5,4.682438213108767
37135,5,6.76625600222032
37137,5,6.391983694049415
37153,5,6.537896339551093
37156,5,3.325416778683575
37164,5,5.986149430384511
37174,5,3.4884868975208683
37176,5,5.195736691653099
37179,5,3.540527285025238
37183,5,13.000112276641662
37189,5,6.947984128719913
37205,5,4.697220995742708
37209,5,4.281663092356705
37215,5,4.997138018216841
37216,5,5.319883967861141
37227,5,6.045455058288855
37236,5,11.413699124329948
37238,5,4.268837892322512
37240,5,8.738802389886988
37251,5,10.916573927432655
37252,5,7.137156736235813
37254,5,12.527690408055353
37255,5,4.711390949730461
37257,5,6.1935731013737545
37259,5,5.199465747506128
37261,5,5.27672499236181
37268,5,2.21988396307216
37279,5,11.892815853382483
37281,5,11.736157084272659
37282,5,7.453162802500348
37288,5,3.068981498538644
37290,5,8.693214811610485
37291,5,11.702943638005951
37294,5,4.9648421248376415
37301,5,13.66074687839362
37302,5,5.5963811584894465
37307,5,11.877007834333451
37308,5,6.11521020416367
37309,5,11.007006680192344
37324,5,4.0910786990127725
37327,5,7.292127810540716
37328,5,12.905771426646869
37332,5,8.629190303293814
37334,5,8.10954673527657
37335,5,5.078098892627082
37337,5,4.27892229464501
37341,5,6.132881919066257
37343,5,13.356019999912153
37346,5,7.049820777284236
37357,5,8.225373748058363
37360,5,6.182112555796355
37368,5,4.926201272577067
37382,5,5.932697333565365
37389,5,4.445968422805748
37392,5,5.33519296844851
37394,5,11.943286615274129
37396,5,4.615061954724901
37406,5,4.473665329881598
37414,5,6.471989077934143
37421,5,4.4455371204230545
37424,5,5.070945533935664
37448,5,6.5273871963212535
37453,5,4.3459050017793786
37457,5,4.623899596479877
37461,5,11.563414751551722
37483,5,12.13284721042719
37484,5,6.468682810201589
37493,5,13.131695335296595
37501,5,5.498305422824199
37507,5,4.378437888728801
37513,5,11.720893050034586
37515,5,6.036089018744015
37540,5,6.729614497896701
37548,5,6.001685634508039
37553,5,5.831806353999493
37558,5,13.580676649639518
37572,5,5.130553773368103
37576,5,4.003759690764628
37583,5,3.6190723727895993
37584,5,7.44165718059973
37586,5,5.842285763248949
37592,5,5.1872419714029085
37595,5,7.899020808213368
37598,5,8.150343696162889
37615,5,3.9578120168052564
37626,5,6.508683804503196
37662,5,6.546380664416613
37663,5,11.867974422552326
37668,5,5.53921104364839
37677,5,3.682992370452812
37678,5,7.400252724965288
37683,5,4.605973911504158
37688,5,5.577231301836704
37692,5,5.221339771664784
37703,5,6.282659103071548
37709,5,5.965230220514787
37725,5,5.0869803719653355
37735,5,6.1552373789245
37737,5,6.1935731013737545
37749,5,8.777138112336242
37762,5,6.162838210805102
37767,5,4.328412815030202
37768,5,4.873407877486173
37769,5,12.369090359388458
37777,5,6.339190298958524
37783,5,5.174132381046743
37785,5,4.027898151442109
37794,5,5.491664071990037
37795,5,7.321840083738035
37797,5,5.543524372454982
37800,5,5.1351347552595
37803,5,13.31716946230296
37804,5,5.316842074572541
37812,5,11.265160358874564
37817,5,7.028882068438616
37823,5,8.31970237053471
37828,5,4.226282629437634
37832,5,4.360145313705399
37840,5,5.608470614026441
37856,5,4.420040818448573
37860,5,11.558211797647655
37861,5,6.534626153758481
37866,5,7.283137947981199
37867,5,3.849407906974779
37871,5,10.144314461099029
37872,5,6.330981920023188
37880,5,9.14436331036941
37882,5,4.53290760306901
37887,5,5.570801659330396
37890,5,13.443261491062646
37905,5,10.090856779702417
37910,5,7.1767804725218625
37913,5,7.114638659463495
37915,5,15.088305891800562
37916,5,17.02107899338068
37923,5,8.554540890880684
37927,5,14.628775293089593
37930,5,6.87033231867645
37939,5,15.092341355279768
37943,5,8.04409329133335
37954,5,15.899750110780058
37974,5,8.008390136062385
37978,5,5.618798732202389
37984,5,7.037516221938926
37986,5,8.056291573030865
37987,5,14.365740882488158
37991,5,6.884587578533278
37995,5,6.676626312426627
38007,5,8.640925243879948
38008,5,13.817994221105035
38014,5,6.845319691201553
38015,5,15.6808489881974
38020,5,9.959191260058777
38031,5,6.30908245654183
38048,5,6.759445922247952
38064,5,5.957455408443334
38068,5,7.231030347356086
38086,5,15.312872365523479
38106,5,14.940079414810828
38108,5,9.663227128177798
38112,5,8.881917860851718
38118,5,6.899102984161541
38132,5,9.008818367101018
38140,5,6.154394426075434
38141,5,7.9845704378234466
38143,5,9.747767272033183
38146,5,9.693001533646669
38147,5,6.802657559206587
38166,5,7.118695785653998
38172,5,7.179055807881269
38175,5,10.474396519769034
38180,5,7.710612455628251
38192,5,8.84482311482595
38196,5,6.522922054144555
38197,5,7.7746266687338235
38199,5,14.938058727759636
38204,5,11.922629281352794
38205,5,8.918298377547725
38210,5,7.09839895856809
38213,5,8.75091328803494
38218,5,7.238750976334337
38219,5,7.5726580815835405
38220,5,7.383815059461327
38221,5,8.589161927170878
38222,5,8.589161927170878
38224,5,6.903732665794369
38241,5,8.006232903244783
38257,5,7.1485383049699465
38261,5,7.911610233819278
38266,5,7.466218513238104
38267,5,5.3334270035459
38268,5,7.068479204929876
38270,5,16.67861696599724
38296,5,5.950377511843353
38297,5,7.61768283773355
38303,5,7.600759610547538
38305,5,9.144698410994383
38322,5,7.960317471167549
38323,5,10.199273413570996
38332,5,6.167381168429813
38345,5,8.053211367635651
38350,5,9.374286145500353
38355,5,7.258533281693484
38358,5,8.463736624026001
38371,5,6.4346650203664275
38375,5,5.405894797985368
38395,5,7.052266842516161
38398,5,14.776416106659052
38400,5,14.803202473688682
38401,5,5.321815243782087
38410,5,8.608473578810656
38418,5,14.505524964310577
38420,5,6.111968984138102
38430,5,9.478314477880499
38447,5,8.093629623147283
38452,5,14.915105702242414
38456,5,10.598931251810729
38457,5,15.987197579976293
38459,5,9.114976141782183
38467,5,12.167244795448791
38468,5,7.6471726331955985
38482,5,7.492780505158603
38490,5,8.62509717187788
38492,5,5.099246637716252
38493,5,8.623700567660396
38500,5,5.8018774349647515
38501,5,8.370880089276366
38508,5,14.217015315503861
38511,5,7.0486259204051045
38535,5,5.732310707075435
38539,5,15.917386587720106
38542,5,7.521294901357535
38550,5,6.849838246737619
38552,5,7.049270008853256
38556,5,8.180017734179664
38557,5,8.88962748918123
38569,5,8.644220508021025
38572,5,5.889690431602787
38575,5,15.917396398889569
38577,5,8.88962748918123
38587,5,15.778568928277945
38589,5,6.152726102352663
38604,5,12.09023207595953
38605,5,4.792948169826232
38606,5,6.808674586305077
38622,5,5.394723484021895
38624,5,2.9877758072249847
38651,5,6.0595730211584495
38653,5,5.296568186142679
38654,5,6.0704365989144655
38656,5,5.6344221951957785
38657,5,6.435755413556574
38665,5,5.536845354319226
38670,5,4.872448969937864
38674,5,6.125479724848407
38676,5,6.126706811712857
38677,5,2.5632096695824558
38685,5,5.2552896591412654
38690,5,6.225186368018939
38698,5,9.509263157251237
38699,5,7.875802401040698
38700,5,6.904981988965076
38731,5,3.7325905711222056
38743,5,5.210667999881661
38752,5,11.706741733491814
38753,5,5.183140795543544
38769,5,6.754510620703801
38776,5,9.97189976241231
38781,5,13.301054354872338
38806,5,13.25200222095891
38808,5,4.6301637054854226
38810,5,14.246083393196965
38826,5,5.968797852572084
38829,5,10.938786199778452
38831,5,13.901691231843234
38837,5,12.555589289247298
38841,5,12.167186541184723
38847,5,12.552170506912052
38848,5,5.8477103659118335
38849,5,6.555551314595778
38855,5,4.1560401513531176
38859,5,6.164594734449498
38864,5,3.675519851880839
38867,5,8.286309246166947
38870,5,9.457483944544197
38871,5,8.31416685448156
38873,5,6.545916632178059
38875,5,5.119255705346195
38888,5,5.816375927802557
38895,5,4.145731423415434
38896,5,5.323509877433832
38904,5,9.549660845492749
38921,5,8.143219333644563
38923,5,5.545136759331978
38924,5,6.7560510340261
38928,5,6.770547042677773
38929,5,8.600723054425782
38932,5,6.085120913752558
38934,5,7.5852658397064125
38947,5,3.9746038283970577
38960,5,9.154074210893317
38966,5,9.478808830905347
38982,5,15.766511555660916
38985,5,7.101119500030453
38986,5,11.027347763597067
39001,5,7.795774756299249
39008,5,16.67334740944389
39010,5,7.375513262417492
39013,5,7.564132322648717
39022,5,7.31197362755913
39023,5,15.450618457886247
39027,5,6.704004625494715
39041,5,14.921395190484155
39045,5,7.705170451338766
39055,5,10.939523864735062
39059,5,11.41256997957716
39064,5,9.119986494985394
39066,5,8.823477792428417
39068,5,15.061737826964748
39069,5,6.223370911041389
39074,5,13.2040430660055
39076,5,7.725962899467973
39078,5,8.911249472657584
39080,5,9.100198739161137
39081,5,9.64495908667729
39085,5,9.100198739161137
39086,5,16.48229887144254
39087,5,9.312599673114711
39092,5,7.473936231267544
39093,5,8.921077238337684
39099,5,8.062013698574049
39110,5,9.124479672284853
39113,5,7.67360747458288
39116,5,5.993579907475471
39118,5,15.564624496406704
39121,5,7.870768784563488
39122,5,10.287772209773681
39124,5,16.011194372131424
39131,5,3.78739252660041
39135,5,10.56309739523125
39136,5,4.3254110425804555
39140,5,3.6214664088200266
39141,5,6.147261893701408
39148,5,6.0458047336928225
39157,5,8.584723105931356
39159,5,11.728813629783193
39161,5,3.3471718288290973
39162,5,3.3020231835291796
39168,5,5.070060200708614
39174,5,3.319739062721542
39177,5,5.26465715656445
39179,5,7.197924052486204
39191,5,6.463879146854726
39194,5,4.242425047396541
39206,5,3.7473919268435054
39213,5,9.389377692957247
39214,5,5.902170216411935
39219,5,4.252450445574013
39221,5,12.355123611390166
39227,5,13.246152089795363
39240,5,6.8279199085871305
39247,5,6.409937403005937
39251,5,5.653037535922142
39252,5,5.9564692787995135
39257,5,6.3227035465083326
39261,5,12.817518446021271
39269,5,6.122911811657833
39274,5,12.020678456879292
39278,5,4.803867837862615
39281,5,9.336670103374413
39287,5,3.97474915900834
39293,5,3.349647755148929
39296,5,5.834623492244315
39300,5,11.7600934690015
39310,5,5.141681014151651
39321,5,12.692305599419921
39324,5,5.038456375012306
39325,5,13.056638001747348
39330,5,5.029118123028621
39340,5,13.671459395075555
39345,5,6.741332432520306
39347,5,4.871486309624249
39357,5,5.181863914142998
39365,5,6.127335200780653
39378,5,13.07237748379767
39390,5,7.503121139857814
39398,5,4.164924264267118
39405,5,6.1369928796769955
39406,5,7.946610930336508
39407,5,12.430891157232356
39420,5,7.066642180573755
39421,5,7.31278652778828
39423,5,3.886879419757836
39435,5,6.224922559637676
39436,5,13.557329086465405
39437,5,5.806575996061664
39439,5,7.945316250750036
39449,5,4.299739030001142
39453,5,13.054815477346093
39455,5,13.040316084214137
39456,5,5.750427146114159
39467,5,8.150658393157567
39470,5,12.714401753728492
39494,5,7.103348664400425
39495,5,6.3278615809357355
39496,5,8.930310633887498
39512,5,5.590383742502915
39514,5,12.571463015077956
39515,5,7.530342074886573
39516,5,14.38808227441633
39519,5,4.930164293430966
39521,5,7.535827388643664
39532,5,7.894695757289419
39537,5,13.081152562943654
39538,5,12.045654637137812
39540,5,13.345908915436642
39547,5,5.838334806675196
39556,5,13.17377219873448
39560,5,7.85945076031717
39567,5,7.9750457276221205
39578,5,7.061312337223367
39587,5,5.876848673229649
39590,5,10.117065383805166
39595,5,8.678250255665464
39596,5,3.976844665792793
39599,5,8.02752698448484
39612,5,6.328997759843254
39624,5,3.8303751326898308
39634,5,5.759919408570649
39640,5,13.560809151548174
39645,5,13.160206255849427
39647,5,8.48516399802799
39651,5,13.90595340197353
39661,5,12.585582862457802
39663,5,13.1080942751157
39668,5,13.048400399948537
39673,5,6.448264609511039
39676,5,14.66785860426906
39680,5,13.014245603271679
39700,5,7.818054420900783
39701,5,7.077194642237462
39704,5,6.681365259436113
39726,5,15.66471104022649
39727,5,15.66471104022649
39733,5,14.839199339491177
39734,5,8.427340703319125
39742,5,14.650535864272403
39745,5,13.486287632374374
39750,5,4.813124847635784
39751,5,4.4680837321580285
39754,5,7.1883836989911885
39755,5,14.099961268960303
39763,5,7.5524874064205285
39769,5,13.524452762583149
39789,5,7.042570080163021
39799,5,3.145527940680843
39809,5,3.823135387890723
39810,5,4.160695914400808
39813,5,6.051584405221217
39824,5,5.2757640919371696
39825,5,4.965168994678116
39826,5,4.3217979528087085
39837,5,13.498992590162413
39844,5,12.553181229805045
39848,5,5.522884795976477
39856,5,13.13239257891301
39857,5,12.369117843936497
39859,5,4.30369837012643
39860,5,3.877479304755692
39863,5,7.598467788884701
39888,5,7.829157510193635
39890,5,7.080155300598815
39892,5,7.301351662767001
39907,5,13.368497742621518
39908,5,12.859180380178085
39916,5,5.132603420331272
39920,5,7.7898303196425225
39924,5,5.245062135612439
39932,5,8.796162202091512
39938,5,3.957684009072654
39950,5,8.48270337344422
39951,5,6.294778232906015
39955,5,12.680921970951491
39961,5,6.848803637124352
39969,5,4.614783805949681
39975,5,13.401557490197966
39992,5,10.759030364506149
40002,5,7.725178025057822
40007,5,7.36916004164512
40008,5,5.335589582429698
40019,5,4.056728786443475
40025,5,8.07041942367255
40033,5,5.519134789192254
40042,5,5.200492282871842
40049,5,6.598805826697625
40057,5,7.6852447138873465
40065,5,14.021335138446393
40069,5,6.7283775578042615
40074,5,7.638017085544835
40084,5,5.03827454775956
40096,5,13.176999914958888
40102,5,8.863770635732518
40104,5,13.192886062070603
40116,5,7.664962179573475
40126,5,12.601380958701146
40135,5,8.682959988554035
40137,5,5.327782725411275
40141,5,11.510727139519009
40147,5,6.296958173240842
40148,5,5.0434306884323945
40154,5,5.368739122565497
40158,5,13.476477368798658
40163,5,14.048907134827285
40170,5,6.277617741913499
40178,5,5.434006609773618
40179,5,5.152165905177771
40184,5,13.46737549553762
40188,5,12.95923787836757
40197,5,8.45084788914767
40199,5,5.117992426524655
40234,5,10.301122297496168
40236,5,7.391650023729159
40246,5,11.27958774867167
40250,5,12.22981034545126
40259,5,14.119457101685644
40260,5,7.881928525707242
40262,5,14.227067220980363
40268,5,4.8881903984972475
40280,5,5.232509351926286
40282,5,8.682841470667253
40285,5,7.0555782273764684
40293,5,11.879808549230344
40299,5,3.260647916904599
40302,5,13.130982450335285
40306,5,12.692263152804241
40307,5,8.278949422088981
40326,5,6.582972838479453
40328,5,4.329673068829148
40330,5,4.382715673197385
40331,5,6.660232083335135
40341,5,5.01456883413567
40344,5,6.786459149735034
40352,5,6.827451250033921
40356,5,7.818605766430526
40362,5,10.10530911605058
40365,5,14.187430779717598
40370,5,13.676491302979525
40371,5,11.579650336906258
40373,5,15.252533669626512
40401,5,7.24266474697372
40403,5,9.079633799890626
40404,5,5.1461465391473915
40409,5,5.217900331898232
40418,5,13.96056837893541
40423,5,12.458540517505174
40426,5,8.501370267743386
40427,5,5.571337138686978
40433,5,6.406953728643149
40436,5,6.910871791831017
40439,5,12.95444991516477
40444,5,5.460180819199223
40446,5,6.187057908287571
40450,5,14.610052704758115
40469,5,14.6247370195962
40482,5,5.876472792398399
40483,5,5.019877139445921
40484,5,14.52817447800437
40496,5,4.216322494509381
40498,5,4.399132159378478
40506,5,5.1658627787083695
40507,5,11.453754620156307
40512,5,5.076199548819172
40519,5,6.825814630170743
40525,5,4.62207114158814
40526,5,4.478624133206573
40533,5,6.341990157244858
40541,5,6.329268998785622
40542,5,6.252009753929947
40544,5,4.727710139203317
40553,5,8.855631560227252
40562,5,8.957384195613848
40566,5,16.20590191323557
40567,5,14.674786974156259
40577,5,9.719539205776055
40582,5,7.670320696811832
40593,5,8.02416454934465
40597,5,8.261588439006243
40602,5,14.693942770388237
40603,5,7.276407087369524
40608,5,8.136681905629906
40609,5,8.399117219590636
40628,5,7.463658715650073
40630,5,7.613996279589049
40631,5,7.946689488368623
40644,5,14.324666570473521
40653,5,14.545216242174188
40657,5,9.085503315822226
40664,5,12.655078087095522
40667,5,7.642752125593365
40668,5,14.461923840666817
40678,5,7.958917228324257
40682,5,9.780580614256902
40684,5,15.845369996778668
40687,5,13.35168375511972
40689,5,15.240168705627514
40698,5,14.090040146522089
40701,5,9.178805294797332
40706,5,6.012796344163757
40717,5,9.4234860185374
40727,5,8.330559542689745
40731,5,16.89700767768768
40749,5,9.544635413510282
40757,5,7.904262484219725
40763,5,7.902843025821003
40787,5,6.655002752642417
40804,5,8.89686490432523
40811,5,9.93989541877232
40813,5,15.488134155320171
40815,5,9.52131205177513
40816,5,12.622853015384383
40817,5,7.26344508863129
40831,5,7.185622785280639
40835,5,7.661057427752592
40838,5,7.3726643507719665
40841,5,6.908926345971331
40849,5,12.183189298607036
40858,5,6.170787525630679
40864,5,5.473449794587264
40869,5,5.8222031751113725
40872,5,5.445320234577803
40877,5,6.5298166620021725
40880,5,6.255204760689512
40883,5,5.986814991083278
40888,5,5.747085436024385
40898,5,12.631064074024753
40899,5,6.985614135075945
40900,5,7.811788048927223
40903,5,5.71642542788647
40909,5,6.898706637631577
40914,5,12.903574496811881
40919,5,5.759898951115932
40928,5,7.982204152264249
40939,5,6.836923905822768
40941,5,13.70077931563646
40946,5,9.0411524038559
40948,5,6.081036997169505
40953,5,5.3837013864888945
40956,5,12.1430715014416
40957,5,12.174773802687188
40961,5,7.231836649716843
40964,5,7.52028455634775
40980,5,6.487381586772713
40990,5,13.715798489425929
40997,5,6.573678163720668
41001,5,6.819326169717794
41004,5,9.168971602789295
41010,5,13.92852526979377
41011,5,12.83782299513783
41016,5,12.793205882606618
41021,5,6.326299055170246
41024,5,12.990930290029471
41028,5,11.02555296474883
41036,5,9.391663792466662
41037,5,13.815606247321941
41038,5,9.646590406024789
41043,5,4.289828402323792
41047,5,11.019822598719234
41068,5,9.202313890234269
41081,5,9.841681951133875
41094,5,7.628205118431705
41095,5,3.313536585008901
41103,5,4.6735758251685375
41106,5,5.870696343659642
41108,5,11.978778997734711
41116,5,3.0721034064697825
41117,5,11.421242912173756
41118,5,5.898251792465306
41124,5,11.217278212808036
41127,5,4.6610076038566675
41132,5,10.638337931968533
41139,5,3.222525304890425
41152,5,4.0287478949419295
41157,5,3.911846858819743
41171,5,4.13969175543189
41187,5,6.99001766679066
