fila,fold,puntaje
3,1,-1.0061144057222897
11,1,-1.0040083326397833
13,1,-1.0085626125902287
14,1,-1.007012143825483
40,1,-1.0085584881085317
42,1,-1.0098848845467925
52,1,-0.9998352804137094
59,1,-0.9983169253787183
65,1,-1.008662119772349
68,1,-1.0089394514113035
69,1,-1.0130978422764556
79,1,-1.0039434647102328
85,1,-1.0047569474787108
89,1,-1.0078383751125597
90,1,-1.009581481161709
94,1,-1.0087583543203937
95,1,-1.0072655175813363
102,1,-1.009862252009667
105,1,-1.0059111571084132
109,1,-1.0031692917842556
121,1,-1.0086505934318966
139,1,-1.0021356585697205
169,1,-1.0025328607502106
174,1,-1.001278862776309
180,1,-1.0010668880838707
182,1,-1.0096293287931968
187,1,-1.006403016797977
191,1,-1.0065712967969316
194,1,-1.005166994823119
208,1,-0.9992751450476505
215,1,-1.0105715467887086
222,1,-1.0022989599315357
228,1,-1.0115487513726045
236,1,-1.0076350183059914
245,1,-1.0098439894898081
252,1,-1.0017955013340403
257,1,-1.0008661825795844
263,1,-1.0047958054714297
274,1,-1.014100689283708
286,1,-1.009948401163802
287,1,-1.0082258308642342
290,1,-1.0030614275146326
315,1,-1.0143488041624427
319,1,-1.0004988569519524
322,1,-1.0212801073755644
323,1,-1.0023043871080217
332,1,-1.004896946293146
336,1,-0.998465627917041
337,1,-1.003408162700243
341,1,-1.0059638615974766
344,1,-0.9993031577036661
349,1,-1.0087618713809599
357,1,-1.002089907335816
360,1,-1.0057682834828536
367,1,-1.008276359224101
368,1,-1.008560395855835
369,1,-1.0108730044128924
373,1,-1.0020437432013551
381,1,-1.0061555845593935
383,1,-1.0344833668602138
388,1,-1.020355960430607
394,1,-1.0048797400111449
395,1,-1.014557148766625
404,1,-1.0052860484112813
406,1,-1.0010853399158326
410,1,-1.0000216122882393
420,1,-1.0088920597017799
427,1,-1.0101287245959625
428,1,-1.0293924669954655
435,1,-1.0129935254887872
443,1,-1.0007734890268933
448,1,-1.0096617781190826
452,1,-1.0014003305072756
458,1,-1.0113770584735107
465,1,-0.9984221651481053
466,1,-1.0044761431314213
467,1,-1.003017188794193
483,1,-1.0244272679827313
484,1,-1.0112592026362184
485,1,-1.034241946888688
491,1,-1.0033296211726366
505,1,-0.9994037307575634
509,1,-1.0034342849433218
514,1,-1.0008846487106549
515,1,-1.0148258237423808
522,1,-0.9997702640750159
540,1,-1.0071320894255684
541,1,-1.0045378254806807
557,1,-1.0054768378701509
559,1,-1.0061100042360058
563,1,-1.0061423784911994
566,1,-1.0042602531581277
572,1,-1.0102442714695354
574,1,-0.9986233961657788
575,1,-0.9999636935579589
578,1,-1.0056875396359708
590,1,-1.015678609229548
593,1,-1.01427073201846
614,1,-1.0030132150850581
615,1,-1.0006520197374562
626,1,-1.015283838310948
633,1,-1.0027703755470017
644,1,-1.0131823426539683
650,1,-1.0159215286059453
659,1,-1.0039586466607857
661,1,-0.9954208090824809
665,1,-1.0091983965701412
675,1,-1.0108678476357627
678,1,-1.0136694793104868
687,1,-1.0044054433048126
689,1,-1.0004679652017705
690,1,-1.001102233259394
692,1,-1.013807091882617
698,1,-1.0036258397497355
699,1,-1.0013671245438356
700,1,-1.0055214880941277
703,1,-1.0048308785541415
714,1,-1.0032400269396653
724,1,-1.0002868738326303
728,1,-1.002726164174808
734,1,-1.0024762232113165
738,1,-1.0151343061385862
746,1,-0.9969892016297204
759,1,-0.9988368023017891
760,1,-1.0091552204873135
763,1,-1.0026651572049663
765,1,-1.007808410287
772,1,-1.0024358261591475
784,1,-1.0080575751583303
788,1,-1.0015957031105795
789,1,-1.0017077305337954
794,1,-0.9907564945823496
796,1,-1.007258404260813
826,1,-1.0007692614365244
827,1,-1.012943430898019
828,1,-1.005878394798384
830,1,-1.0060480868498352
837,1,-1.0009685260828813
844,1,-1.0093940162811277
864,1,-1.0015206003455859
869,1,-0.9989316695614808
871,1,-0.9992438216098569
881,1,-1.0075224736771116
885,1,-1.0042542413230584
892,1,-1.0008897573907338
909,1,-0.9944184289892779
910,1,-1.006690891611084
913,1,-1.0011237852483148
917,1,-1.0090056850788314
921,1,-1.0031643244680892
922,1,-1.0018166759626963
924,1,-1.0025629675465468
938,1,-1.002489536182622
939,1,-1.0027058688053299
940,1,-1.0032762375292563
946,1,-1.0085276933663363
968,1,-0.9904925429935719
969,1,-1.0004530490553312
972,1,-1.0031611932021613
976,1,-1.001393830908298
988,1,-0.9998995150205793
991,1,-1.0024359996346979
995,1,-1.0085916571071767
997,1,-1.0097712476327132
1001,1,-0.9979581044711409
1007,1,-1.0036820316542476
1012,1,-1.003976244294295
1015,1,-0.9997116689018732
1017,1,-0.9992004940373558
1036,1,-1.004904042128795
1042,1,-1.0033168224826605
1044,1,-1.0045019543302967
1047,1,-1.000474718853912
1056,1,-1.0004727338393746
1057,1,-1.0033018780880179
1087,1,-1.0043954266619652
1094,1,-1.010901624289097
1100,1,-1.0034918232461947
1110,1,-1.01600441888517
1111,1,-1.0013348709307675
1114,1,-1.002983811653649
1118,1,-1.0055801597627323
1135,1,-1.0068191307091274
1144,1,-1.0061923928745302
1156,1,-0.9981304774439945
1165,1,-1.007866507313459
1174,1,-0.9998495787843369
1181,1,-1.011685185037072
1182,1,-1.015875243230225
1188,1,-1.0005262118029754
1228,1,-1.0031815411238896
1232,1,-1.0100911418019836
1240,1,-0.9995231323985803
1245,1,-1.004012030940433
1251,1,-1.004012030940433
1257,1,-1.0009818564780197
1260,1,-0.996237371767342
1267,1,-1.0044567578718737
1272,1,-1.0074922766902346
1276,1,-1.019815944002396
1285,1,-1.0157891548913816
1289,1,-1.0237868957545577
1291,1,-1.0042569393363576
1313,1,-1.002712139055848
1314,1,-1.0058499841755817
1317,1,-0.999840412030832
1320,1,-1.0024591251783637
1323,1,-1.0044568139120977
1331,1,-1.004415358980883
1335,1,-0.9953838762093555
1337,1,-0.9990141933558236
1346,1,-1.0014165323283597
1349,1,-1.002248127654657
1354,1,-1.0010588122191106
1368,1,-0.9955862244672594
1388,1,-1.006044392145787
1408,1,-1.0076309134138433
1442,1,-1.0036469361136398
1450,1,-1.0084962162499282
1454,1,-1.0038320299042611
1457,1,-1.0055772136519558
1485,1,-0.9995085623635491
1489,1,-1.0253955910162407
1501,1,-1.000729634351592
1514,1,-1.0059217623247765
1519,1,-1.00372058679371
1525,1,-1.0000321447956904
1531,1,-1.005294319370489
1533,1,-1.0007232646490163
1542,1,-1.0027921075976534
1564,1,-1.00896603417561
1567,1,-1.0031822972912234
1573,1,-1.0021277244824938
1587,1,-1.0048960633878274
1602,1,-1.042212659848468
1605,1,-0.9986898544509581
1609,1,-1.0010096609090227
1614,1,-1.0019009868246094
1627,1,-1.0000893177673542
1629,1,-1.0070674010140201
1630,1,-1.0126196223367592
1633,1,-0.9998238496239524
1636,1,-0.9933719402156763
1639,1,-1.0035953975736929
1640,1,-0.9999790438119003
1644,1,-0.9933638409020769
1646,1,-1.0070465791856378
1653,1,-1.0106346864179026
1654,1,-1.0086951816058238
1665,1,-1.0090117799040585
1676,1,-1.0387478228439777
1704,1,-1.006570424753677
1718,1,-1.0003213445431238
1722,1,-1.0151738451760624
1726,1,-0.9990873095562824
1730,1,-1.0018776892184933
1762,1,-0.9997058802078505
1769,1,-1.0014508498085615
1775,1,-0.9999259742322794
1780,1,-1.0012071799546807
1781,1,-0.9976392347349197
1787,1,-1.0097451214185273
1793,1,-1.0031096491760483
1795,1,-1.0019344224100244
1801,1,-1.0101411458178136
1805,1,-1.0076298894299693
1808,1,-1.0004570174076062
1811,1,-1.0056394539782625
1817,1,-1.0026645478942122
1819,1,-1.0001438487595427
1820,1,-1.001884667121144
1824,1,-1.0046364383584023
1835,1,-1.0069390108062237
1854,1,-1.0044510066472072
1855,1,-1.0023563392713493
1860,1,-1.0392309234536552
1861,1,-1.003568882461887
1864,1,-1.0017786507574913
1865,1,-1.0071773731418554
1874,1,-1.010647855822235
1875,1,-1.003370442528622
1876,1,-1.0022719736619754
1883,1,-1.0036204858562594
1884,1,-1.0046373313835424
1890,1,-1.008043831661612
1897,1,-1.0032688198522437
1900,1,-1.004950794220306
1905,1,-1.0024276233997587
1906,1,-1.0055161589169221
1911,1,-1.0067400620677025
1919,1,-1.0004995214736525
1926,1,-1.007051008286426
1959,1,-1.0072088884070935
1972,1,-1.0044965657491896
1976,1,-1.0080562826588613
1978,1,-1.001046563194012
1986,1,-1.0049638256647584
1989,1,-1.0045130858056632
1990,1,-1.014581741925048
1998,1,-1.0023294099510263
2012,1,-1.0039827842666584
2015,1,-1.0080158951927167
2016,1,-1.0032029305383903
2021,1,-1.0022896907445389
2047,1,-0.9983115388734817
2054,1,-1.0105614352348469
2065,1,-1.0075338893920176
2068,1,-1.0064845548064603
2088,1,-1.0151152613217715
2103,1,-1.0242359656930664
2108,1,-1.0002128955342826
2112,1,-1.004084681722783
2114,1,-1.004084681722783
2116,1,-1.002541254280824
2118,1,-1.0145507545942745
2128,1,-1.007486891525661
2130,1,-1.0025531220261157
2131,1,-1.0073143282894506
2141,1,-1.004562899810427
2148,1,-1.0036866587535407
2154,1,-1.0016691243420421
2161,1,-1.0019998278502662
2163,1,-1.003616442200455
2164,1,-1.0040367728778115
2166,1,-1.0087618738065913
2167,1,-1.003238794096027
2173,1,-1.0038141818618176
2181,1,-1.0017006016732275
2188,1,-1.0232458521329646
2189,1,-1.0153805869710997
2191,1,-0.9998394914896673
2193,1,-1.003238794096027
2198,1,-1.0080672535645063
2210,1,-1.0108397406530143
2232,1,-1.0024287234687757
2240,1,-1.0048273848082
2253,1,-1.004498802119368
2256,1,-1.01375563228044
2264,1,-0.9992311089180944
2268,1,-1.002050251151086
2270,1,-1.008623562269093
2275,1,-1.005621673566126
2278,1,-1.0167479404208213
2303,1,-1.0075807941667292
2309,1,-1.004446718743361
2313,1,-1.0080703166694016
2314,1,-1.0161788569349157
2317,1,-1.000639762500336
2318,1,-0.9947402993056842
2322,1,-1.0113578425085024
2323,1,-1.0065396270647775
2325,1,-0.9991476698830583
2342,1,-0.999619115446584
2347,1,-1.0033734978353024
2350,1,-1.0020191475000928
2354,1,-1.0050325800760178
2356,1,-0.999643137609377
2391,1,-1.0009506314834067
2395,1,-1.0076887070972487
2399,1,-1.0045952582201767
2409,1,-0.9995291058489938
2412,1,-1.0055038532843188
2421,1,-1.0109058810188045
2429,1,-1.0327079421307022
2432,1,-1.0064128433149757
2442,1,-1.017457274696172
2443,1,-1.0007189410781145
2447,1,-1.0065868121693118
2450,1,-1.0054442872894656
2451,1,-1.0018578104087223
2470,1,-1.012772483974696
2471,1,-1.0069530111796414
2474,1,-1.0148779711012916
2476,1,-1.0174401722909963
2485,1,-1.00682127189251
2501,1,-1.0041557953350995
2505,1,-1.0216992902354243
2506,1,-1.0483226734534608
2512,1,-1.007689428846489
2513,1,-1.0024512507599725
2525,1,-1.0083147287258112
2528,1,-1.0089322406548826
2536,1,-1.001664077087775
2537,1,-1.0091925255387695
2539,1,-1.0011352439503136
2541,1,-1.0029691102404081
2547,1,-1.0018534051942947
2559,1,-1.0064869079564442
2562,1,-1.0000618350225285
2566,1,-0.9995770017445995
2570,1,-1.0056758171443998
2572,1,-1.0126270519560243
2579,1,-1.0063263796035318
2587,1,-1.0056416292940575
2589,1,-1.0138157795460965
2604,1,-1.000584325023587
2610,1,-1.0044744484956043
2615,1,-1.008063066221067
2619,1,-1.0124586809225367
2630,1,-1.015279776716107
2635,1,-1.0017215992974282
2640,1,-1.0130573079611067
2652,1,-1.001652806173104
2656,1,-1.0097963920098996
2658,1,-1.0014015274672237
2664,1,-1.0015968415025607
2678,1,-1.0068443833514686
2685,1,-1.0009538857613303
2687,1,-1.0110178013320552
2696,1,-1.0082035547235348
2700,1,-1.0000729321129784
2708,1,-1.002007244768996
2711,1,-1.0064240215156433
2715,1,-0.9982999555236883
2721,1,-1.0052230591807843
2730,1,-1.024642450723677
2734,1,-1.0001611294739428
2741,1,-1.00651667563613
2745,1,-1.003156230901613
2746,1,-1.0079619331982141
2747,1,-0.9989149674398883
2765,1,-1.0042954660896726
2767,1,-1.0043677160240105
2768,1,-1.0034489288251023
2780,1,-1.0097961631240904
2783,1,-1.0045125489215172
2784,1,-1.0031640853754389
2792,1,-1.0045302390860105
2795,1,-1.0073737190249445
2797,1,-1.0005314766777775
2802,1,-1.0061021345371959
2803,1,-1.0099400172675461
2820,1,-1.0048928316178039
2821,1,-1.0017550264043609
2824,1,-1.0016779017605826
2825,1,-1.0014556328744264
2830,1,-1.0023533150660968
2841,1,-1.0066942815137048
2872,1,-1.0329532445025638
2876,1,-1.0017187671423404
2890,1,-1.0024822427396867
2891,1,-1.0046336935889577
2901,1,-1.0001207698043502
2917,1,-1.000092367748468
2919,1,-0.9987017480062295
2933,1,-1.000092367748468
2944,1,-1.001165447095245
2946,1,-1.0008906530499464
2961,1,-1.0022704968500082
2966,1,-1.0040654780992293
2976,1,-1.0007857583079465
2981,1,-1.048563901134317
2991,1,-1.0348357527913143
3000,1,-1.001220099270272
3006,1,-1.0165488447925115
3007,1,-1.0399536172402688
3016,1,-1.0060413157438282
3019,1,-1.0069421277943778
3022,1,-1.0018517331691381
3027,1,-1.004028584532892
3028,1,-1.0073972114471366
3029,1,-1.004234488978903
3031,1,-1.017597280283955
3038,1,-1.0135421514464802
3042,1,-1.00176508987133
3046,1,-1.0072331307392859
3048,1,-1.0034720102742591
3049,1,-1.0015739934129073
3050,1,-1.0007019944958846
3061,1,-1.0072998347982416
3071,1,-0.9998669737204389
3074,1,-1.0061150528219645
3093,1,-1.004244527651417
3097,1,-1.0038697663626828
3101,1,-1.0011474694144
3107,1,-0.9986418893329998
3113,1,-1.0067055991164295
3137,1,-1.0044071665649912
3139,1,-1.000057288637664
3145,1,-1.0010439448565536
3152,1,-1.0078611834335116
3155,1,-1.0003285582365182
3157,1,-1.0079868461784132
3161,1,-0.9997762895736344
3162,1,-0.9922667746297242
3166,1,-1.0187227561047738
3181,1,-1.0030699400853433
3187,1,-1.0007034849160754
3190,1,-1.0169291848466717
3204,1,-1.0012027117240145
3205,1,-1.0086727410262148
3206,1,-1.0005579735277033
3210,1,-1.0044272963737382
3220,1,-1.0068742110528666
3223,1,-1.0073522846101408
3225,1,-1.0075787429414533
3242,1,-1.0132915965520684
3250,1,-1.025209065317611
3257,1,-1.0044929711674229
3263,1,-1.0003207101898304
3264,1,-1.0011400849725327
3266,1,-1.0060083689036297
3279,1,-1.0108687134219336
3284,1,-1.0022778827327692
3302,1,-1.0159212340082324
3305,1,-1.0075821963669584
3312,1,-1.0010656674617788
3323,1,-1.000288504567456
3324,1,-0.9980385535493865
3326,1,-1.016636853629468
3329,1,-1.0050932960193038
3334,1,-1.0032036444304397
3363,1,-1.0006424631019852
3366,1,-1.0310939958511018
3378,1,-1.0303175957244637
3396,1,-1.0051333302176217
3401,1,-1.009066249115603
3402,1,-1.0067667319160885
3414,1,-1.0037267008658244
3424,1,-0.9997988292811979
3425,1,-0.9812965417040194
3431,1,-1.0067409021228826
3433,1,-1.0021039928353725
3439,1,-1.000763912495795
3440,1,-1.0251794335782114
3460,1,-0.9991387577723313
3466,1,-1.010380730692611
3471,1,-1.0127212973403805
3474,1,-0.9997476126886186
3487,1,-1.0046998276796304
3488,1,-1.0129246248669355
3491,1,-1.0050536546792255
3502,1,-1.0092283123983754
3509,1,-1.0161435451940517
3515,1,-1.0004289580594703
3531,1,-1.0001041359158998
3536,1,-1.0021134947278147
3546,1,-0.9999630156407122
3552,1,-1.0064523867991837
3555,1,-1.0156616522789372
3557,1,-1.001300412083857
3559,1,-1.00519542940769
3567,1,-1.0021975346350627
3571,1,-1.0007090944073593
3573,1,-1.0022676371827637
3580,1,-0.998979596470184
3583,1,-1.002333097499617
3587,1,-0.9994704789516393
3590,1,-1.0005325435616739
3592,1,-1.0005290799347093
3595,1,-1.0025261872208608
3600,1,-1.0055813845781962
3606,1,-0.9999920028257699
3617,1,-1.0099013447664515
3621,1,-1.0111266836119006
3623,1,-1.0035115011642666
3631,1,-1.0048568629884274
3633,1,-1.0045713233971023
3641,1,-1.001628785784676
3656,1,-1.0033987006938982
3661,1,-1.0025343368150201
3662,1,-1.0050013341169655
3663,1,-1.0030762019749881
3667,1,-1.010758828878257
3669,1,-1.0003251354098566
3670,1,-1.049199592784989
3677,1,-1.0007285691880456
3682,1,-1.0026739648937633
3694,1,-1.0027800206683672
3696,1,-1.0109998607824153
3699,1,-1.0062020013977677
3712,1,-1.0049995032173706
3717,1,-1.0072275457429063
3720,1,-1.0074232806962322
3737,1,-1.0089126437802791
3738,1,-1.0014055252783893
3739,1,-1.0014931304615868
3745,1,-1.0370993053121373
3750,1,-1.00341891690481
3756,1,-1.000733666502127
3758,1,-1.0039427889026054
3766,1,-1.0017545818474742
3768,1,-1.0088826969490259
3770,1,-1.00661879059843
3775,1,-1.0141698918588
3795,1,-1.0105624974302014
3806,1,-0.9984298752953031
3809,1,-0.9924681623628586
3811,1,-1.003440544659876
3813,1,-1.0357624379126156
3815,1,-1.0044529162761162
3817,1,-1.043171302274619
3828,1,-1.0023333995486814
3840,1,-1.0097380796507505
3842,1,-1.0007474808308694
3847,1,-1.004041559168408
3848,1,-1.0109744773963598
3849,1,-1.0101142868447788
3850,1,-1.024725465625214
3853,1,-1.006126244624039
3863,1,-1.00859083557614
3869,1,-1.0006604468002727
3877,1,-1.0012630628265615
3885,1,-0.9962256452253375
3897,1,-0.998847478219053
3901,1,-1.0049319554652782
3903,1,-1.0122143753039197
3917,1,-1.0136597539196894
3925,1,-1.0012827849249568
3933,1,-1.0100621589607712
3934,1,-1.0059700595366294
3936,1,-1.0187564020241784
3943,1,-1.0013686017235623
3944,1,-1.019347619831982
3947,1,-1.006465540750071
3953,1,-1.0037062732401663
3960,1,-1.0108044574343926
3962,1,-1.0097881700750138
3975,1,-1.004665331335978
3978,1,-0.9861625448096933
3979,1,-1.0091825337903357
3988,1,-1.0024756355006064
3989,1,-1.004417629022756
4008,1,-1.0021495391913569
4010,1,-1.0065305127696935
4015,1,-1.007142600416634
4016,1,-0.9966050539299842
4018,1,-0.9983527174275013
4031,1,-1.0084383620458848
4034,1,-1.0036579795648852
4046,1,-1.0066752618748294
4049,1,-1.003141395417336
4054,1,-1.0024938644824035
4055,1,-0.9986483708277252
4061,1,-1.003198308286774
4067,1,-1.0073028472350696
4071,1,-1.006597851224439
4077,1,-1.0106963623803449
4084,1,-1.0104876255352209
4085,1,-1.007811937502376
4092,1,-1.0047147784797938
4103,1,-1.0013454029847484
4120,1,-1.0024829227506062
4128,1,-1.0320375859848558
4143,1,-1.0001214627595165
4144,1,-1.002793169735143
4151,1,-1.0046053036136746
4165,1,-1.0005041222226447
4169,1,-1.0086867266817303
4173,1,-1.0070660346648772
4178,1,-1.001157939874059
4179,1,-1.0078973663433881
4202,1,-1.000759568326222
4203,1,-1.0021902673655223
4226,1,-1.0055543457656113
4230,1,-1.0027594600005771
4231,1,-1.0033734978353024
4232,1,-1.0281576976256737
4237,1,-0.999489133134102
4243,1,-1.0005958864607711
4271,1,-1.0023469313767026
4276,1,-1.0036957255946442
4277,1,-1.002293779753566
4287,1,-1.014452411935621
4288,1,-1.000006226006939
4295,1,-0.9999949750377485
4306,1,-1.0031595435469134
4316,1,-1.007807960151511
4317,1,-0.9999945980974758
4318,1,-1.000602643075186
4322,1,-1.0029262724675014
4327,1,-1.0109910084024722
4339,1,-1.015424052058644
4340,1,-1.016507059136224
4341,1,-1.0067739037464118
4347,1,-1.000093085256847
4355,1,-1.001807357984762
4359,1,-1.0132693098738066
4360,1,-1.006634677314234
4361,1,-1.00473402480272
4386,1,-1.001685252761715
4388,1,-1.0020808895432665
4397,1,-1.0017500882811643
4402,1,-0.9991549706138299
4413,1,-1.0078048496697187
4414,1,-1.0065900863661286
4423,1,-1.0004969898659182
4426,1,-1.0022792092707737
4428,1,-0.9992909475568148
4433,1,-1.0062260802337633
4435,1,-1.0044317031515542
4446,1,-1.0123371506840648
4458,1,-0.999871515078483
4461,1,-1.0082797666099754
4471,1,-1.0150067473952458
4473,1,-0.9966638535991779
4479,1,-1.0197007271862297
4480,1,-1.000065390894937
4499,1,-1.011991789938037
4518,1,-0.9971376107537919
4522,1,-1.0219514319877736
4528,1,-1.0085071977624305
4534,1,-1.0007137867658715
4542,1,-1.0222525697867557
4554,1,-1.005069852034354
4568,1,-1.003422197006235
4571,1,-1.0017817225954153
4577,1,-1.0048499543542184
4578,1,-0.999652770581773
4583,1,-1.001458526917883
4587,1,-1.0077833714580162
4601,1,-1.0009586590291035
4615,1,-1.0171661441769264
4617,1,-1.0122229218154084
4618,1,-1.0071533985577732
4627,1,-1.0080495624425416
4637,1,-1.0025860519855097
4638,1,-1.0101580935331655
4644,1,-1.0178887537260533
4647,1,-1.0048269798421092
4652,1,-1.0036324432847419
4669,1,-1.006217553783982
4678,1,-1.0121621939678145
4679,1,-0.9926832370339596
4680,1,-1.006643021702239
4694,1,-1.0081208492792686
4696,1,-1.0051659376850084
4697,1,-1.005938840727771
4703,1,-1.0142004098811186
4704,1,-1.0007784624095204
4708,1,-1.001153053357636
4720,1,-1.0021177485235317
4740,1,-1.0003763328575919
4741,1,-1.000863333608429
4777,1,-1.0073480800799886
4787,1,-0.9999614061376575
4791,1,-0.9970630262536133
4798,1,-1.0016639771281062
4801,1,-1.0037960517032491
4802,1,-0.9956018195352891
4808,1,-1.0034490021711435
4810,1,-1.0066660420836895
4811,1,-1.001347221203624
4826,1,-1.0098727949644593
4829,1,-1.0058565060259732
4830,1,-1.0013781933421257
4831,1,-1.0045254692534256
4841,1,-1.0020164211636189
4844,1,-1.002311519052796
4848,1,-1.0044021159708008
4851,1,-1.0030227950166153
4857,1,-1.00123511680213
4869,1,-0.9997350839455763
4886,1,-1.000382960033999
4891,1,-1.0019767544474099
4896,1,-1.003034477371898
4902,1,-1.000614291831889
4916,1,-1.0003257651371913
4919,1,-1.0063336369682057
4924,1,-1.0048230300895218
4929,1,-1.0030228290697594
4936,1,-1.0115087624890755
4939,1,-1.0022294638853992
4942,1,-1.018311384688
4950,1,-1.0234807233433765
4962,1,-1.004257051882445
4969,1,-1.0044208579826106
4974,1,-1.0010571933322487
4982,1,-1.009613939777008
4987,1,-1.001795073460547
4988,1,-1.0213259482157648
4993,1,-1.0118414116846939
4995,1,-1.0054927362440778
4998,1,-1.0196795059346502
5014,1,-1.0153352589249927
5015,1,-1.0099300950621732
5023,1,-1.0247969655512161
5024,1,-1.0101885951021468
5038,1,-1.0051170913961247
5040,1,-1.0021377561326168
5047,1,-1.004196977364918
5057,1,-1.0015345082968508
5063,1,-1.0036483846153406
5067,1,-1.0050830453983062
5074,1,-1.001122230253729
5085,1,-1.0282662094976494
5088,1,-1.01134563414274
5104,1,-1.0029921568548166
5110,1,-1.0067319643713493
5113,1,-1.0005246254368663
5123,1,-1.0024003237491574
5128,1,-1.009596412209714
5129,1,-0.9996027893467446
5131,1,-0.9996935014191475
5141,1,-1.0105074746527927
5160,1,-0.9978015477970849
5163,1,-1.0025543808979052
5173,1,-1.0029161275097092
5179,1,-1.0133230614168758
5187,1,-1.0289878346374617
5196,1,-1.0258657852571953
5198,1,-1.002596715014473
5199,1,-1.0060355802337118
5201,1,-1.0039599817577438
5205,1,-1.0019352280213096
5208,1,-0.9959524601940613
5212,1,-1.0089749835515298
5216,1,-1.0006446772083326
5217,1,-1.0029115957587411
5219,1,-1.0021603314159693
5222,1,-1.027333081586264
5237,1,-1.0015577459477347
5238,1,-1.0019972640311594
5240,1,-1.0048545391117103
5245,1,-0.9992149493163105
5249,1,-1.0033816924345276
5250,1,-1.0042466917065107
5256,1,-0.9956794649000253
5275,1,-0.9993203280010174
5286,1,-1.000158205590984
5288,1,-1.0011787702395663
5289,1,-1.0235244077174814
5293,1,-1.0008372022464287
5294,1,-1.0062276716171183
5295,1,-1.0033953062636534
5300,1,-1.0097940321499612
5301,1,-1.0000751596451312
5302,1,-0.9989924237053217
5305,1,-0.9988660476051031
5309,1,-1.0045143867043955
5313,1,-1.0010571912416122
5317,1,-1.0015170256623351
5320,1,-1.0021624423665862
5330,1,-1.0015618099531975
5339,1,-0.9970279061339242
5343,1,-1.00078837923758
5350,1,-1.0049230440062902
5356,1,-1.0096126582776828
5358,1,-1.009399587918603
5359,1,-1.0094983092447527
5378,1,-1.0006259468840324
5381,1,-0.9996312198726955
5394,1,-1.0098965286216282
5405,1,-1.0176265383926184
5407,1,-1.0025438721074553
5410,1,-1.0013215992895266
5411,1,-1.0038800539459154
5420,1,-1.0147076619633375
5423,1,-1.0103030662018815
5426,1,-0.9973549975763626
5428,1,-1.0013251116395447
5430,1,-1.0096457597650579
5438,1,-1.004592033651281
5439,1,-1.0095022456681868
5440,1,-1.01151509629346
5448,1,-1.0023016132434917
5453,1,-1.0156304195050239
5463,1,-1.0035606011813047
5472,1,-1.0151175421419594
5485,1,-0.9968659484535002
5490,1,-1.0013038329065227
5504,1,-1.0312452000401453
5507,1,-1.0026701963284272
5508,1,-1.00373367047919
5511,1,-1.0105310608031695
5516,1,-1.004368536863566
5521,1,-1.022507032303156
5525,1,-1.007487418280746
5529,1,-1.0016181799310573
5538,1,-1.0014369300320212
5548,1,-1.0046173786927104
5551,1,-0.999493398249663
5554,1,-1.004837675408272
5558,1,-1.0029840555185114
5579,1,-1.002442906586928
5585,1,-1.0051954256107125
5587,1,-1.006176776244287
5589,1,-1.0063839393072282
5592,1,-1.0014712042677845
5601,1,-1.0073708759427777
5605,1,-1.0012998725251
5609,1,-1.0042809250504976
5612,1,-1.0010213806553532
5621,1,-1.0088713610632263
5629,1,-1.0088446498913415
5635,1,-1.0194058910745727
5639,1,-1.01456399223376
5641,1,-1.0021846277066997
5644,1,-1.0077168932923026
5652,1,-1.0006211580501718
5675,1,-0.9975897221319907
5681,1,-1.012481505250457
5687,1,-1.0090299290538418
5694,1,-1.0098244920472739
5696,1,-1.0024140123774152
5718,1,-1.0081809838716613
5766,1,-1.000871578959475
5778,1,-1.0020798550524954
5788,1,-1.0100754626456123
5797,1,-1.0061251343451167
5798,1,-0.9930478293024068
5810,1,-0.9977395024251117
5812,1,-1.002511100549307
5820,1,-1.0099809489826135
5825,1,-1.0005539968811434
5831,1,-1.0022058127868865
5832,1,-1.0027855246887727
5837,1,-1.0041440770499501
5838,1,-1.0021818573570505
5841,1,-1.002966552737384
5843,1,-1.0026251901378054
5846,1,-1.0014410423867988
5848,1,-1.0092600156938545
5850,1,-1.004730778501476
5861,1,-1.0002837734090186
5863,1,-1.007138617727287
5868,1,-1.011829910601158
5879,1,-0.9991334141400958
5886,1,-0.9943317922939205
5889,1,-1.0046125963603783
5898,1,-1.030329734737173
5904,1,-1.0068189126885938
5906,1,-1.0048376707535405
5926,1,-1.0059555004124614
5934,1,-1.0026752383709034
5938,1,-1.0063886899884713
5940,1,-1.0072559055320314
5942,1,-1.0040604410164988
5945,1,-1.0065275464866077
5968,1,-0.9986847219633754
5970,1,-1.0034956064549478
5975,1,-1.007057334680073
5988,1,-1.0064885901070517
5989,1,-0.999819364656884
6002,1,-1.0038360641131323
6005,1,-1.0002477271088692
6008,1,-0.9956360494159082
6014,1,-1.0087224790701832
6016,1,-0.9990109120950998
6020,1,-1.0034251028040564
6025,1,-1.002646830517142
6027,1,-1.010316625548572
6038,1,-1.0004048930562246
6041,1,-1.005932777722229
6042,1,-0.9981651373858385
6051,1,-1.0014170545304122
6054,1,-1.0003385450355078
6055,1,-1.0239757055113596
6057,1,-1.0042719390464603
6061,1,-1.0046264068171813
6067,1,-1.0075680070631734
6074,1,-0.9862267253421246
6078,1,-1.0014137134857095
6081,1,-1.0058155664952975
6083,1,-1.0012432411451953
6089,1,-1.0189826453808317
6094,1,-1.0067759027456844
6102,1,-1.0071261987414633
6110,1,-1.010771999713953
6114,1,-1.006449451059929
6127,1,-1.0123063175780729
6129,1,-1.0066546921433175
6130,1,-1.002945765397429
6135,1,-1.0046290295726887
6145,1,-0.9998654249602533
6146,1,-1.0050907957986377
6153,1,-1.0068593681674465
6171,1,-1.0089489156376454
6187,1,-1.0142598933920515
6191,1,-1.0106528052218227
6195,1,-1.000040116216843
6203,1,-1.003431634387216
6210,1,-1.0029963148525083
6214,1,-1.0135279441966847
6219,1,-1.005955867510806
6231,1,-0.9997227749703773
6234,1,-0.9972695615775723
6240,1,-1.0087831388159154
6250,1,-1.0117352248829774
6251,1,-1.0042528583419634
6260,1,-1.00979307183154
6268,1,-1.0064478341308951
6269,1,-1.0199952390102842
6272,1,-1.0038940464608839
6280,1,-1.0042637780125805
6281,1,-1.015514793244735
6293,1,-1.0284694001352164
6306,1,-1.015345693891578
6311,1,-1.0080087561319555
6319,1,-1.0000317727595704
6320,1,-1.0009797963563236
6324,1,-1.00419232415583
6348,1,-1.0062101059533064
6362,1,-1.0128385030187483
6371,1,-1.0257861437711138
6379,1,-1.0100062584671952
6381,1,-1.0014229949242877
6388,1,-1.011329349653703
6395,1,-1.0065517259297432
6396,1,-1.0051445102019794
6397,1,-1.0082032455292484
6403,1,-0.9965955870782428
6407,1,-0.9941359604843986
6412,1,-1.0073737777772824
6414,1,-1.0120316930729565
6415,1,-1.0068091373089525
6420,1,-1.0067124296798384
6421,1,-1.0156617314291867
6434,1,-1.001437393636318
6435,1,-0.9964241171618466
6447,1,-1.0053813342617164
6467,1,-0.9985918041762113
6472,1,-1.0023964481653849
6475,1,-1.0010631509215415
6489,1,-1.0012022531759484
6496,1,-1.0018124606523549
6498,1,-1.0028086384223653
6513,1,-1.002022586695889
6514,1,-1.0003313246165941
6519,1,-1.0003542544095616
6531,1,-1.007255906046778
6532,1,-1.0093737033227137
6533,1,-1.0025905617223148
6537,1,-1.0006179184926989
6545,1,-1.0077446269847097
6554,1,-0.9994370605863292
6564,1,-0.9940851049212501
6580,1,-1.0058705377056216
6583,1,-0.9999033371369762
6591,1,-1.0027746550554992
6594,1,-1.0048268933346878
6595,1,-1.0002585360089098
6597,1,-1.0005815207858848
6605,1,-1.00789302715814
6609,1,-1.0109384097944867
6612,1,-1.0005334769902496
6625,1,-1.0018716099052425
6635,1,-1.0054930704018181
6641,1,-1.0030518395632566
6647,1,-1.0006745354857323
6653,1,-1.00051519701931
6657,1,-1.0063625092547506
6661,1,-1.0002408196119261
6663,1,-1.0065756053955548
6670,1,-1.0022193820008967
6687,1,-0.9996686990215239
6690,1,-1.00080269751099
6691,1,-1.012102657040283
6698,1,-1.016571636777353
6703,1,-1.0009951270390922
6704,1,-1.0014403107225467
6707,1,-1.014662601010827
6711,1,-1.000778364274589
6714,1,-1.0159748948053966
6717,1,-1.0071391592987564
6728,1,-1.0157199508142143
6737,1,-1.0022552219916743
6744,1,-1.0022358244061245
6756,1,-1.003024520243423
6765,1,-1.0026708002223828
6774,1,-1.006483582404273
6776,1,-1.0017661078423095
6777,1,-0.9986678189025864
6780,1,-1.0130479233671044
6783,1,-1.0071310851932531
6784,1,-1.0026293399195723
6802,1,-1.0076133164429701
6806,1,-1.0046164579287333
6807,1,-1.0425195062632229
6810,1,-1.0095972889869467
6822,1,-1.0097101493058813
6824,1,-1.0026092545264689
6843,1,-1.0019850360142675
6851,1,-1.003575117569949
6853,1,-1.0075388255742268
6855,1,-1.026354568229295
6865,1,-1.018860647957773
6881,1,-1.0132406877385458
6885,1,-1.0016533802295318
6887,1,-0.9994668729399807
6890,1,-1.0218174842426966
6896,1,-1.0031066442359144
6908,1,-1.0163176573125896
6915,1,-1.000536200583918
6916,1,-1.0099450915387846
6923,1,-1.0010374277143022
6926,1,-1.0013576880868271
6935,1,-1.0090949935920115
6938,1,-1.0002777062112918
6945,1,-1.0045830246372356
6947,1,-1.0144341384018052
6959,1,-0.9986226803677956
6962,1,-1.0035191026059593
6971,1,-1.0085320176593908
6975,1,-1.0094705086769689
6982,1,-1.003034711038925
6984,1,-1.0084140411640283
6988,1,-1.0086244764849606
6993,1,-0.9993479998927118
7005,1,-1.015187854204838
7012,1,-1.0288449525182544
7013,1,-1.0011298646982554
7020,1,-1.007582626761491
7021,1,-1.001507832972545
7032,1,-1.00508442990652
7034,1,-1.0228936068325045
7051,1,-1.0026263097649997
7059,1,-1.0095346502983147
7063,1,-1.0062486941767874
7083,1,-1.0007009397969786
7085,1,-1.0029040089724726
7091,1,-1.0028295055714433
7093,1,-1.0010860088527034
7094,1,-1.007391708456351
7099,1,-1.0098494824199227
7108,1,-1.0146521478356447
7117,1,-1.0095342102086602
7129,1,-1.0084541834701617
7136,1,-1.012095342859429
7142,1,-1.0058594444571118
7147,1,-1.0053634000256335
7154,1,-1.0093195990963195
7180,1,-1.0039099511664635
7185,1,-1.0004653738622278
7190,1,-1.0037501267687494
7194,1,-1.0153690105225364
7216,1,-1.0123074959129577
7223,1,-1.005372031464671
7228,1,-1.0169829805221169
7234,1,-1.0093011464982546
7238,1,-1.0087758985278354
7239,1,-1.0113797317248543
7241,1,-1.0089467982127658
7270,1,-1.009703372724271
7307,1,-0.9990703513255024
7314,1,-1.0055483705883987
7317,1,-1.0053182405270091
7324,1,-1.003409500863754
7327,1,-1.0039701488068553
7339,1,-0.9971223185099296
7354,1,-0.9934232173881203
7359,1,-1.0021979342333251
7370,1,-1.0032163358148694
7381,1,-1.0193910764990637
7385,1,-1.041855488910583
7387,1,-1.0096255135440269
7399,1,-1.0173706842926622
7407,1,-1.0037354485827596
7426,1,-0.9996889271482159
7429,1,-1.0031711849699567
7431,1,-1.0148098077941763
7443,1,-1.0089847462855706
7457,1,-1.0088229973792715
7469,1,-1.008261467387439
7488,1,-1.001680002093213
7493,1,-1.000645488698396
7501,1,-1.0025229163319416
7505,1,-1.0009915379010197
7511,1,-1.000025000609266
7528,1,-1.0142064312130274
7529,1,-0.9972613931320757
7538,1,-1.0056958688465236
7540,1,-1.0142680365629086
7544,1,-1.0176358998955664
7546,1,-1.0081048741188225
7556,1,-1.0026897359078188
7561,1,-0.9996839592607913
7563,1,-0.9991975341893983
7572,1,-1.018539260577553
7575,1,-0.9966349777977903
7576,1,-0.9999212237453979
7583,1,-1.0074265444772599
7591,1,-1.0081549606331706
7596,1,-0.9988997207586041
7614,1,-0.9999250757481096
7617,1,-1.0026718486779864
7622,1,-0.9998437553525559
7632,1,-1.0020746388080828
7633,1,-1.0038255563725675
7636,1,-1.016260927045475
7637,1,-1.0097383669393856
7638,1,-1.0042553298523222
7648,1,-1.00068706494656
7649,1,-1.0019149370551237
7656,1,-0.9994505695220004
7659,1,-1.01490216225721
7670,1,-1.0189823219624354
7692,1,-1.023585549396449
7700,1,-1.0160816795538314
7707,1,-1.0144772195274263
7719,1,-1.023885678365704
7720,1,-0.9988472339043435
7724,1,-1.0088053654118188
7737,1,-1.007648029021965
7741,1,-1.0075278191407486
7744,1,-1.0183619914567716
7748,1,-1.00346730493295
7751,1,-0.9985420361894941
7752,1,-1.0027087788152604
7753,1,-1.0459739645351098
7757,1,-1.00143065601899
7765,1,-1.0086427433513787
7767,1,-1.0070492824687733
7769,1,-1.0042712784407801
7777,1,-1.029614681375794
7778,1,-1.0159210168730464
7781,1,-1.0036187663461023
7789,1,-1.0055768501814133
7794,1,-1.005578389384636
7802,1,-1.002869583427682
7827,1,-1.0082292936859019
7833,1,-1.0170617270359203
7834,1,-0.9978737999292102
7839,1,-1.0109595971052574
7841,1,-1.023005544282879
7856,1,-1.0041952563975851
7858,1,-1.0373083062757358
7859,1,-1.0049151141607728
7862,1,-1.0070025513301808
7863,1,-1.0175103814639326
7869,1,-1.0175353674899779
7872,1,-1.003752357381982
7882,1,-1.0161362326102963
7884,1,-1.0127480363741395
7886,1,-1.0080221352818015
7890,1,-1.0188719846822445
7891,1,-1.0081221269294398
7912,1,-1.0094680751429306
7923,1,-1.0121534492560285
7924,1,-1.0014487452226388
7929,1,-1.0046701273377345
7949,1,-1.003201927225697
7954,1,-0.9916310161451051
7955,1,-0.9990127747987243
7958,1,-1.0041872930188618
7959,1,-1.0029506238659514
7961,1,-0.9999093564516436
7968,1,-1.0092816968479819
7970,1,-1.0136820512950504
7971,1,-1.0174634762380466
7975,1,-1.0040002874346874
7988,1,-0.9996147649881534
7990,1,-1.0098500186378159
7992,1,-1.0071859133966414
7996,1,-1.000149398651125
8000,1,-1.0093856715850613
8003,1,-1.0034872073226233
8014,1,-1.0092390811820064
8022,1,-1.0022920621015758
8029,1,-1.0155545054760304
8031,1,-1.0099563650033878
8041,1,-0.9990959117002531
8042,1,-1.0147856856328827
8055,1,-1.0161405404106432
8058,1,-1.0033359269854283
8074,1,-1.0088443345541978
8075,1,-1.0042510049163487
8082,1,-1.0048965124304767
8084,1,-1.0158201234064719
8089,1,-1.0045450279720822
8097,1,-0.9947531761585995
8098,1,-1.0117796540305204
8103,1,-1.01016526539197
8105,1,-1.0127287244956784
8112,1,-1.0156204268862066
8113,1,-1.0382297904126512
8114,1,-1.0106994360814392
8115,1,-1.0057332104904424
8134,1,-1.0046828188380024
8135,1,-1.005270230709671
8140,1,-1.0040427464345651
8142,1,-1.013674916230229
8145,1,-1.0120714917716744
8150,1,-1.0171941721790472
8155,1,-1.0036880723512382
8164,1,-1.0066837785117917
8169,1,-1.0079785836198842
8174,1,-1.0048711194790978
8177,1,-1.005084534174432
8183,1,-1.0024207183186842
8187,1,-1.00383076841607
8198,1,-1.0219056454257252
8205,1,-1.0035516135248292
8212,1,-0.9911119015400682
8215,1,-1.011107249276912
8218,1,-1.0272317039193248
8220,1,-1.0112782172782082
8221,1,-1.0064707452209196
8227,1,-1.012069501904672
8231,1,-1.0017157450561733
8234,1,-1.0052028781702211
8235,1,-1.0001439569091066
8241,1,-1.0003238720269145
8254,1,-1.0080686463848534
8262,1,-0.9988048957128176
8266,1,-1.0054978129666796
8267,1,-0.99746532908601
8273,1,-0.9980557716189874
8277,1,-1.0159109626882732
8282,1,-1.0015409991769957
8292,1,-1.0110743829064004
8294,1,-0.9964346211317894
8316,1,-1.0034620797011753
8320,1,-1.003606355894994
8324,1,-1.0138790273618974
8325,1,-1.0051355712747867
8338,1,-1.0087161795845425
8342,1,-1.011314859338075
8346,1,-1.0056865241473318
8347,1,-0.999033951073268
8353,1,-0.9967143876177864
8359,1,-1.0001414739429433
8364,1,-1.014657462134577
8368,1,-0.9976314920200515
8372,1,-1.007385189943304
8383,1,-1.0043042082828377
8397,1,-1.0091695794436168
8426,1,-1.0183324446508877
8436,1,-1.007861059862262
8439,1,-1.0226193857785792
8440,1,-0.9893698702072016
8443,1,-1.0107643070136907
8444,1,-1.018673143828095
8454,1,-1.0114789171860454
8460,1,-1.0088306033549785
8465,1,-1.0222401959198424
8467,1,-1.0081336152371663
8472,1,-1.0044968758294093
8473,1,-1.005886395099554
8474,1,-1.0057685178346154
8483,1,-0.9768518171297442
8486,1,-1.0042000417003272
8493,1,-1.003399720140378
8499,1,-1.005234643859057
8503,1,-0.9921048538280155
8509,1,-1.00609337622333
8510,1,-1.0015728613471615
8519,1,-1.0156548713075075
8522,1,-1.006697334024313
8524,1,-0.9885093066427226
8527,1,-1.0034554810565894
8532,1,-1.0093608304315365
8537,1,-1.0030422444669318
8538,1,-1.0022205395226562
8547,1,-1.0019970039866104
8557,1,-1.008794461392098
8561,1,-1.0091634241240208
8570,1,-1.0008612340961607
8572,1,-1.0053123507010195
8573,1,-0.9984067285628666
8578,1,-1.0093041284825222
8580,1,-1.0004347209908577
8583,1,-1.0097429609205166
8584,1,-1.0114051653422065
8587,1,-1.0057966501488969
8588,1,-1.0126525291002124
8595,1,-1.0041347115686197
8596,1,-1.0048166699404386
8597,1,-1.004309771897557
8624,1,-1.00796882819284
8627,1,-1.033311888940285
8632,1,-1.0092506149456582
8634,1,-1.0042190448372603
8636,1,-1.0031785790370724
8637,1,-1.0133454150827834
8644,1,-0.9959846795368215
8645,1,-1.0018150644394312
8648,1,-1.0066387158882957
8650,1,-1.0027232225568752
8658,1,-1.0040436618906756
8659,1,-1.007972693739862
8660,1,-1.0065826665780064
8664,1,-1.0031435120783727
8666,1,-1.0051539922727382
8679,1,-1.0056873133575097
8681,1,-0.9900496868673339
8693,1,-1.005454431737008
8696,1,-1.0028409969959067
8698,1,-1.0032049556756335
8701,1,-1.0045906572883367
8703,1,-1.0028852912216555
8705,1,-0.993920445522537
8736,1,-1.004072885480384
8739,1,-1.0047830463925174
8744,1,-1.0062590183822637
8749,1,-1.018556841508756
8750,1,-0.9964433309079168
8762,1,-1.0019277363401504
8766,1,-1.012792642041985
8778,1,-1.0256974057962673
8788,1,-1.01094996225445
8794,1,-1.0082964188398322
8796,1,-1.0147700855523156
8814,1,-1.0079408001225163
8816,1,-1.014828982680976
8824,1,-1.0187133109575204
8825,1,-1.0068953531664455
8835,1,-1.009449482706207
8846,1,-1.00689185346113
8852,1,-0.9986957707083919
8857,1,-1.0082227634380518
8865,1,-1.0074594257178484
8873,1,-1.0034603876680794
8875,1,-1.0032531831351932
8876,1,-1.0182218219314385
8884,1,-1.0018963848537599
8885,1,-1.001189124640757
8890,1,-0.9994856376794243
8899,1,-1.004478392596999
8913,1,-1.020181631836873
8926,1,-1.0115794349604799
8943,1,-1.0019390871030063
8949,1,-1.0017469789835918
8958,1,-1.015611289590277
8964,1,-1.0038068594013145
8966,1,-1.0049207459773615
8969,1,-1.0017599329336635
8982,1,-1.0032301345765355
8984,1,-1.011106121557534
9005,1,-1.0110508490098735
9047,1,-1.0059176868419075
9051,1,-1.0135601303619295
9064,1,-1.0085795570874518
9065,1,-1.0027347118054726
9068,1,-0.9999484213694927
9071,1,-1.0045961104235333
9074,1,-1.0087868973022585
9075,1,-0.9946445948225495
9080,1,-1.0070960342045778
9085,1,-0.9997277707639416
9090,1,-1.0014489285951433
9094,1,-1.0416575672657205
9095,1,-1.0018201244690792
9098,1,-1.014568018378678
9104,1,-0.9996102934347206
9110,1,-1.010166164696714
9112,1,-0.9986887586624569
9122,1,-1.0005471236401493
9124,1,-0.9947641458809655
9125,1,-1.001273259579884
9128,1,-1.014100457317153
9130,1,-1.0076915816704235
9137,1,-0.9938812331267515
9142,1,-1.00270925050625
9147,1,-1.0056708652431718
9154,1,-1.0002982086304653
9159,1,-1.001588215726453
9164,1,-1.0022631854655666
9172,1,-0.9999799332324725
9176,1,-1.0014207195577214
9179,1,-1.0011482416550361
9186,1,-1.0012456718423577
9187,1,-0.9997730205135675
9199,1,-0.9994522155157071
9201,1,-1.0044076994730988
9209,1,-1.0169130678045974
9223,1,-1.0268916754686657
9231,1,-1.0009542153650337
9244,1,-1.0013316962613787
9245,1,-1.0010353391097857
9246,1,-1.0000422482113207
9263,1,-0.9975197641661537
9265,1,-1.0290275656573757
9270,1,-1.002000257293855
9273,1,-1.0039333485708686
9275,1,-1.006196970372011
9290,1,-1.0059927164095792
9300,1,-1.0233156379230322
9303,1,-0.9999213081840256
9311,1,-1.0031955712645277
9313,1,-1.003257708941613
9324,1,-1.002374543715096
9331,1,-1.0211007782273467
9337,1,-1.0025805903276985
9344,1,-1.0041371723459394
9353,1,-1.0011540876820493
9362,1,-1.0045473729878749
9368,1,-1.0221388635280855
9373,1,-1.0055899359567206
9385,1,-1.018022947290181
9389,1,-1.0003482106450952
9395,1,-1.0009803365540502
9399,1,-1.018191677491767
9406,1,-0.9956835383337851
9410,1,-1.0000646977808052
9419,1,-1.0020784817125339
9437,1,-0.985825056234907
9442,1,-1.0080275711134936
9445,1,-1.0088529087395561
9450,1,-1.0051772343073027
9465,1,-0.9974473252178218
9474,1,-1.033672881771236
9475,1,-1.0135235935528424
9490,1,-1.0023287335243063
9503,1,-1.0023826623031278
9510,1,-1.0095332235245098
9515,1,-1.0141064516640923
9519,1,-1.0117620811015668
9524,1,-1.0090484300360314
9525,1,-1.005724794539159
9527,1,-1.0138574984626105
9530,1,-1.0000656689843386
9545,1,-1.0003362070782158
9549,1,-1.0093038550142832
9552,1,-1.005161354410557
9553,1,-1.0052170927943405
9561,1,-1.0152449252274316
9565,1,-1.0049252216290396
9573,1,-1.0044195262922022
9586,1,-1.0018886411339156
9588,1,-1.005247886640794
9589,1,-1.0048176092871368
9594,1,-1.0149973960757541
9605,1,-1.0210395473948832
9609,1,-0.9999095788955845
9618,1,-0.9997248948320807
9625,1,-1.0095015756160937
9631,1,-1.015972949379381
9633,1,-1.0159941328293511
9637,1,-0.9998121723362328
9638,1,-1.0207855131839807
9643,1,-1.0019682833825378
9646,1,-1.0000843687818204
9647,1,-1.0105276350580534
9654,1,-1.0028504235683384
9673,1,-1.0157693164202455
9679,1,-1.0000288150045964
9688,1,-0.9970241841719256
9701,1,-1.004696822609989
9706,1,-0.9999432898774286
9721,1,-1.0055014708333248
9722,1,-0.9992712704003789
9723,1,-1.008162753503034
9727,1,-1.0104317267524294
9730,1,-1.0016426643900807
9734,1,-1.0051142706788747
9741,1,-1.0048287701117589
9754,1,-1.0029696819311678
9756,1,-1.0148481937658695
9779,1,-1.0025679582413733
9785,1,-0.9861226710704512
9786,1,-1.0029074512291947
9790,1,-1.0007889272977146
9799,1,-1.004373535046259
9801,1,-1.0030274571313664
9806,1,-1.002442713454566
9812,1,-1.0021606299351047
9827,1,-1.0064385023299467
9829,1,-1.0091176783236906
9834,1,-1.0020824099725951
9837,1,-0.9989887138254048
9855,1,-0.9993422312878413
9864,1,-1.000531322749228
9866,1,-1.0022838753450372
9869,1,-0.9995950049081943
9873,1,-1.0043371527164808
9883,1,-1.0219590427323806
9886,1,-1.000831171249519
9895,1,-0.9987766622242492
9905,1,-1.0019502659673472
9910,1,-1.002356971703915
9915,1,-1.0000986281029076
9922,1,-0.9981139005564129
9923,1,-1.00119906055261
9928,1,-0.9959237963298102
9947,1,-1.0060587160593042
9950,1,-1.0154513899327313
9951,1,-1.0257102918037835
9954,1,-1.0131594465403624
9956,1,-1.0086715704554354
9957,1,-1.0045843387467428
9964,1,-1.0053548104385994
9968,1,-1.0255657478556517
9972,1,-1.0098579199553788
9973,1,-1.0036546361188545
9979,1,-1.002245802953318
9981,1,-1.0178296292315108
9993,1,-1.0210514021715613
9994,1,-1.0037935883125442
10003,1,-1.0033239469980477
10005,1,-1.0079065170042631
10006,1,-1.0094066649464715
10010,1,-1.0131594465403624
10012,1,-1.0014913897831064
10014,1,-0.9991489612297388
10016,1,-1.0039989996469403
10020,1,-0.9894520313202451
10028,1,-1.0006718146112874
10034,1,-1.0001407370299507
10039,1,-1.00465990109242
10040,1,-1.0080445227019184
10041,1,-1.0074371114869582
10043,1,-1.0113455665424296
10044,1,-1.0072654293182028
10054,1,-1.0221594669559804
10057,1,-1.0063420215211218
10058,1,-1.0091392505967849
10061,1,-1.000871003416961
10062,1,-1.0075003458526304
10065,1,-1.0039555937804954
10068,1,-1.0159914699277255
10072,1,-1.0069551488623927
10073,1,-1.008011902959737
10077,1,-1.0070789258816788
10083,1,-1.0122571069392194
10086,1,-1.0117963310231919
10087,1,-1.0054859107932257
10097,1,-1.0098377005945716
10101,1,-1.008947124497452
10106,1,-1.0074510218101973
10112,1,-1.0085700742288177
10113,1,-1.0038199668199108
10116,1,-1.0087130119571597
10120,1,-1.0090902110403808
10124,1,-0.9940764284558374
10126,1,-1.010962375365914
10130,1,-1.0040303755528794
10133,1,-1.0189007528225305
10139,1,-0.9976523606980393
10152,1,-1.0005429573997517
10153,1,-1.002604181982534
10159,1,-1.001877313950527
10163,1,-1.0082985656020034
10170,1,-1.0117575102665084
10174,1,-1.0108554639943437
10180,1,-1.0082463147719392
10181,1,-0.9991988358315053
10186,1,-1.0114630371950257
10190,1,-0.9988194260600238
10195,1,-1.0031475986668774
10198,1,-0.9993693314813243
10204,1,-0.9923744247953217
10205,1,-1.0013428963725868
10206,1,-1.0023098480691361
10211,1,-1.0029867317893335
10215,1,-1.0061504271323698
10217,1,-0.9955740505080859
10235,1,-0.9983941780829422
10245,1,-0.9989458274531657
10255,1,-1.0059572703509718
10261,1,-1.008781297579458
10273,1,-1.0002557843740885
10284,1,-1.0124117490329776
10288,1,-1.0074420242623308
10295,1,-1.0125813061912057
10308,1,-1.010491424091528
10313,1,-1.002482512121287
10314,1,-1.0095687963746756
10316,1,-1.0033990479828918
10334,1,-1.0050065675178899
10337,1,-0.9571433133423972
10343,1,-1.000333833972964
10344,1,-1.004423627654883
10345,1,-1.0000095693096962
10349,1,-1.0176265817380703
10352,1,-1.0156759225482503
10353,1,-1.0073156024969014
10354,1,-1.0075024413275777
10359,1,-1.0057057036670822
10362,1,-1.0107411841480767
10367,1,-1.006412791908166
10370,1,-1.008831777449112
10399,1,-0.9978649265011017
10426,1,-1.0014111057945543
10427,1,-0.9961368635938554
10432,1,-1.0079084040305408
10444,1,-1.0135909775845464
10445,1,-1.0039849800568574
10463,1,-1.00682654253641
10468,1,-1.0313015171663857
10469,1,-0.9996718767350008
10477,1,-1.006415445426453
10479,1,-1.0067798587598857
10480,1,-1.0105149989173836
10481,1,-1.016982602226688
10482,1,-1.0015401140354971
10483,1,-1.00049128214976
10492,1,-1.0061749882867153
10493,1,-1.0132393086300848
10544,1,-1.0007522956689487
10553,1,-0.9999117445791115
10556,1,-1.0000246021996633
10562,1,-1.0004790496439522
10585,1,-1.0039838621682111
10590,1,-1.0199227716325452
10599,1,-1.037701125636119
10605,1,-1.0071483302975883
10607,1,-0.9976631954857077
10613,1,-1.0232131520513006
10629,1,-0.9994915156408042
10635,1,-1.003300017406223
10640,1,-1.005928986679196
10644,1,-1.0201209288243471
10645,1,-0.9980221630984796
10646,1,-1.0025313727084442
10650,1,-1.0001214926098847
10656,1,-1.0066404483326008
10657,1,-1.0046604470998588
10660,1,-1.0098755033510456
10670,1,-1.0040900639333583
10678,1,-1.0004064244557314
10694,1,-0.9942266895660834
10695,1,-1.012169406497302
10699,1,-1.001246592014778
10706,1,-0.9929198562677611
10708,1,-1.0005735443843125
10710,1,-1.0027271643621662
10719,1,-1.008355905209977
10721,1,-1.018426726922916
10723,1,-1.0122071165770175
10732,1,-1.0112355652622258
10745,1,-1.0075633695187316
10758,1,-1.010653024272139
10760,1,-1.0371020513579872
10783,1,-1.0032524447650824
10786,1,-1.005368462937764
10789,1,-0.9989949826206139
10790,1,-0.9985443541823151
10796,1,-1.007904057824788
10799,1,-1.0022539488040443
10806,1,-1.0032088694058565
10821,1,-1.0125880696563458
10830,1,-0.9987635431513537
10831,1,-1.0014763723655882
10832,1,-1.0070490350886596
10834,1,-0.9898189984130923
10849,1,-1.003841693405311
10871,1,-1.0057225137789962
10872,1,-1.0060809173808019
10874,1,-1.0071410561584981
10879,1,-0.9997099767936355
10894,1,-1.0028850364090105
10904,1,-1.0073817559832248
10915,1,-1.0024117430917878
10919,1,-1.0006125504803733
10927,1,-1.00369066675064
10937,1,-0.9893491370905527
10946,1,-1.0010254630124344
10958,1,-1.0068105927972035
10961,1,-1.0011579448364842
10966,1,-1.0082128416208553
10968,1,-0.9973582045749437
10969,1,-1.0096692810410375
10973,1,-1.0011746596083997
10991,1,-1.0059831388209437
11019,1,-1.0029842998165504
11022,1,-1.0023059886681074
11024,1,-1.0003897820056755
11027,1,-0.9957754580761267
11037,1,-0.9985588223399783
11042,1,-1.0010555696833876
11044,1,-1.0034206938317762
11048,1,-1.0017059257919807
11058,1,-1.0071064592078547
11068,1,-1.0078375600861618
11070,1,-1.0075327266574214
11087,1,-1.0080164463602812
11089,1,-1.0163946428050208
11115,1,-1.0160015609961064
11117,1,-1.0000174300321754
11131,1,-1.015350905986082
11155,1,-1.0007346754086524
11161,1,-1.0034638527025561
11167,1,-1.011392379292079
11170,1,-0.9794972728621242
11175,1,-0.9995987712695946
11177,1,-1.0088150397167404
11187,1,-1.0130769235237793
11194,1,-1.0036067625796847
11198,1,-1.0050918882670068
11212,1,-1.0022168750871066
11223,1,-1.002637736954676
11225,1,-0.9993435838175924
11227,1,-1.0109990834469222
11233,1,-1.0033017495775811
11242,1,-1.002557446488433
11252,1,-1.0002980591125827
11254,1,-1.0008913915575048
11255,1,-1.004185645018783
11260,1,-1.0115228532259892
11287,1,-1.0017289332613648
11294,1,-0.9915595109550107
11307,1,-1.0109405751656624
11308,1,-1.0101352349804433
11313,1,-1.0067723973322948
11317,1,-1.0053515776206183
11320,1,-1.0093816087849794
11325,1,-0.9951489951552647
11326,1,-0.9995809953565089
11327,1,-1.0071078280207195
11337,1,-1.0033869458597513
11366,1,-1.0035978856769618
11371,1,-1.0064744620962303
11373,1,-1.0035978856769618
11381,1,-1.009878489120647
11394,1,-1.0415920945432808
11401,1,-1.0011491603780758
11402,1,-1.0002541615571037
11408,1,-1.0121467629008838
11432,1,-0.9993656728134297
11450,1,-0.9995526320130363
11454,1,-1.0052091121475826
11455,1,-1.0110576578741046
11461,1,-0.9984078715278759
11468,1,-1.001863000251078
11470,1,-1.0086661065928086
11472,1,-1.0087789520695951
11473,1,-1.0177243299883072
11475,1,-1.011212194608798
11497,1,-1.0037772417584145
11503,1,-1.022585050730683
11515,1,-1.003392221715691
11524,1,-0.9950630428505449
11536,1,-1.004110992371371
11544,1,-1.0047019783565028
11551,1,-1.0179054540267072
11552,1,-1.0036848459439915
11554,1,-1.0017097233341001
11555,1,-1.0142900346226598
11559,1,-0.9882682544007648
11561,1,-1.0077791184125773
11563,1,-1.004960527507479
11573,1,-1.0001279451433813
11578,1,-1.0014894272639867
11584,1,-0.9991485529811852
11587,1,-1.004621141469187
11594,1,-1.039744760341646
11597,1,-0.9983095637342159
11600,1,-0.9961429854115194
11616,1,-0.9663031485190761
11623,1,-1.013994679043206
11627,1,-1.0037777127943834
11628,1,-1.0034731855077377
11640,1,-1.0059620998534815
11641,1,-1.02976573258782
11643,1,-1.0145925830446296
11644,1,-1.004189581204706
11646,1,-1.0081741126811639
11652,1,-1.010593345987424
11658,1,-1.0394229788574272
11660,1,-1.0012055041100594
11663,1,-1.0008509244560662
11674,1,-1.0062399522312069
11675,1,-1.022690918674031
11682,1,-1.0041926996459791
11683,1,-1.008134063092515
11690,1,-1.0009767210406628
11698,1,-1.0010228373852366
11708,1,-0.9991159301466914
11710,1,-0.9979475697627344
11715,1,-1.0017539329307497
11725,1,-1.0023388306218828
11728,1,-1.0024975633444055
11730,1,-1.0018892899212395
11737,1,-1.006938381419145
11746,1,-1.0010181850055768
11754,1,-1.0522566852928885
11756,1,-1.0390575390498178
11759,1,-1.0006172402836508
11767,1,-1.0054856822851086
11770,1,-1.0086112019210716
11779,1,-1.008717463323042
11780,1,-0.9987652551152579
11802,1,-1.0073966446942104
11808,1,-1.000812352226638
11824,1,-1.0190980646554895
11833,1,-1.0020482863161575
11837,1,-1.0045786623356847
11841,1,-1.005319924492246
11842,1,-1.0008685578585343
11849,1,-0.9997241080680621
11851,1,-1.005155918411464
11899,1,-0.990823670574184
11909,1,-1.001509966522655
11913,1,-1.00147285611431
11914,1,-1.0556556361792053
11920,1,-1.0038560917130095
11922,1,-1.0018309757019754
11926,1,-1.0235374622304134
11930,1,-1.0038037712527512
11936,1,-1.0022134465315846
11938,1,-1.002465842014228
11939,1,-1.005806956369327
11943,1,-1.0052383668193285
11944,1,-1.0550674427164077
11950,1,-1.0121870246539568
11959,1,-1.0007096245705798
11964,1,-1.0160780526024276
11969,1,-1.0106432825281857
11971,1,-0.9984363741407511
11996,1,-1.004312406037123
12006,1,-0.9972072344456235
12024,1,-1.0000977507731004
12027,1,-1.009093163214708
12034,1,-1.0003134210360283
12049,1,-0.995007589128631
12053,1,-0.9934343274353531
12057,1,-1.0010754314593302
12061,1,-1.0009923746980778
12073,1,-1.021894662692282
12083,1,-0.9902459258107192
12084,1,-1.002009882064568
12098,1,-1.0023955143146772
12100,1,-1.0006519333991966
12120,1,-1.0107067569472468
12124,1,-1.020370413654597
12127,1,-1.009124399112261
12130,1,-1.0002370209137519
12140,1,-1.0160755281029787
12142,1,-1.0131731519493647
12145,1,-1.0227533196964886
12147,1,-1.0099546387884801
12150,1,-1.0330854252140482
12157,1,-1.0065990341842304
12159,1,-1.0094985193535748
12181,1,-1.0158520883903859
12188,1,-1.0388026198860327
12190,1,-1.0018012417914137
12199,1,-0.9934342009585764
12203,1,-1.006640473185158
12214,1,-0.9936187469288564
12219,1,-1.0470941275501104
12225,1,-0.9933774326588303
12226,1,-0.984787850920835
12231,1,-0.9940859621057281
12233,1,-1.0380340202709164
12236,1,-1.0224440167297866
12237,1,-1.000960525364584
12238,1,-1.0050357911966596
12239,1,-1.0065228505144965
12245,1,-1.0268901313295755
12252,1,-1.0273916080913659
12259,1,-1.0208176606227375
12267,1,-1.0060755004194648
12272,1,-1.0105158576478348
12273,1,-1.0108404675734213
12285,1,-1.0163340909869905
12295,1,-1.0055269738360793
12297,1,-1.0048819907091227
12306,1,-1.0063960028906072
12312,1,-1.014176654770671
12316,1,-0.9912743539051994
12325,1,-1.0137400179389346
12337,1,-1.0103906357723789
12359,1,-1.0052435211728992
12375,1,-0.9981582138460086
12378,1,-1.0028734661077607
12383,1,-0.9993656114230012
12391,1,-0.99484537372787
12401,1,-1.0028000023971742
12416,1,-1.0018424533558363
12424,1,-0.9990277319170816
12432,1,-1.0025716659749158
12436,1,-1.0051093790967078
12453,1,-1.0015059151601151
12457,1,-1.002693567581581
12462,1,-1.0052286036184859
12465,1,-1.0109483798460717
12466,1,-0.9976017014948417
12474,1,-1.003332196969644
12481,1,-1.0030397315668023
12486,1,-1.020477948598083
12495,1,-1.0016658093164503
12499,1,-1.0047371710207036
12502,1,-0.999822668527032
12520,1,-0.9950687899896673
12533,1,-1.005678766214396
12540,1,-1.012545253520072
12547,1,-1.0002979353113501
12556,1,-1.0050281035271333
12559,1,-1.0029118627014646
12566,1,-1.0016227329417517
12574,1,-1.0091361042632485
12579,1,-0.9996723976207471
12584,1,-1.0014019807348422
12594,1,-1.010429691624012
12602,1,-1.0012021140020007
12607,1,-0.998518615432829
12616,1,-1.0034960396447752
12639,1,-1.0013270562927188
12641,1,-0.9995059256642629
12646,1,-1.0017218541119917
12652,1,-1.006430842188032
12661,1,-1.002155310323744
12662,1,-1.0049991626525967
12679,1,-0.9996937332734369
12683,1,-1.0077498900225565
12692,1,-1.0036067782270972
12693,1,-0.9999855734981191
12695,1,-1.0024815094301387
12707,1,-1.001661892206554
12709,1,-1.01215230515613
12712,1,-1.0042496935236214
12715,1,-1.0008692789444287
12721,1,-0.999792691990312
12730,1,-1.0013848689338687
12736,1,-1.0001280370493075
12741,1,-0.9969441863753312
12743,1,-1.0006428361019188
12744,1,-1.0084964776587308
12745,1,-1.0221342963428932
12754,1,-1.0015705878067378
12756,1,-1.002790855990768
12757,1,-1.0057148246573682
12767,1,-1.008693063072658
12772,1,-1.0007885340465479
12776,1,-1.018426003090185
12777,1,-1.0040194010669055
12789,1,-0.9998916305092465
12791,1,-0.9997624668223264
12797,1,-0.9916511172176121
12798,1,-1.0009884624534988
12806,1,-0.9991215125849813
12807,1,-1.0052854846594823
12808,1,-0.9999486762114844
12840,1,-1.002708833888779
12846,1,-1.008376323425215
12865,1,-1.0023933118438095
12868,1,-1.003708874495212
12871,1,-0.9994960177962025
12882,1,-0.9999687857380917
12891,1,-0.9998711455658792
12899,1,-1.0110443208319813
12905,1,-1.005646444180071
12906,1,-1.005646444180071
12908,1,-0.9998711455658792
12916,1,-1.0026103512169808
12928,1,-1.0087822146819772
12929,1,-1.0210987308741246
12931,1,-1.0002591672407253
12950,1,-1.0025530431567133
12962,1,-0.9967584909712356
12964,1,-1.0055786789225347
12996,1,-1.016684307619135
12997,1,-1.0108684509850623
12999,1,-1.0004458825519484
13003,1,-1.0035804325587452
13004,1,-1.0004458825519484
13008,1,-1.0088061091717888
13014,1,-1.0001845505210474
13017,1,-0.9849871446410803
13022,1,-1.019721287739579
13025,1,-1.0155407792233222
13026,1,-1.0407767361358484
13032,1,-1.0153261175275472
13034,1,-1.0139097225618294
13035,1,-1.0170801880857807
13036,1,-1.0081385297763248
13043,1,-1.0200833657987973
13045,1,-1.0000973942325517
13055,1,-0.9996697176059433
13056,1,-1.0044792369803996
13060,1,-1.001064868986471
13071,1,-1.0174637810037412
13076,1,-1.0098436739666936
13077,1,-1.0083079072895258
13080,1,-1.0044641269186068
13083,1,-1.0111382804568243
13086,1,-0.9995298560372969
13087,1,-0.9985553441878874
13090,1,-0.9982313404662506
13091,1,-1.0102541465408368
13096,1,-1.0000034186555395
13100,1,-1.0220604005584089
13113,1,-1.0030869367062123
13116,1,-1.000660031084677
13120,1,-1.0005307700086148
13121,1,-1.002865278872766
13133,1,-1.0102213455829574
13136,1,-1.0021744256399225
13138,1,-1.0007317793944377
13141,1,-1.0193747771292774
13144,1,-1.0193747771292774
13145,1,-1.0193747771292774
13183,1,-1.0026328584954176
13187,1,-1.0074208757708882
13191,1,-1.0027822152158599
13199,1,-1.0004601019737387
13201,1,-1.0015365942465384
13207,1,-1.0046807756282186
13208,1,-1.0046630667146368
13227,1,-1.000381932832555
13228,1,-1.0058498378521992
13236,1,-1.0154902228164895
13238,1,-1.0001904740256258
13239,1,-0.9901833784362968
13240,1,-1.0154902228164895
13241,1,-1.0054296226938797
13255,1,-1.0060106083425011
13256,1,-1.0162242964435608
13265,1,-1.0056943784885188
13270,1,-1.0023567470945651
13273,1,-1.0286838818878734
13275,1,-1.014292428627124
13281,1,-1.001412699414235
13285,1,-0.994109534993868
13294,1,-1.0022020158486546
13303,1,-1.0015588226363827
13304,1,-1.0071015181282443
13306,1,-1.0026575674916547
13307,1,-1.0041390745143273
13308,1,-1.009924168179857
13312,1,-1.004909484610535
13320,1,-0.9986701045499078
13323,1,-1.021818366234699
13324,1,-1.0039908248210005
13325,1,-1.001944091750679
13329,1,-1.007747535838152
13330,1,-1.0053878032382322
13336,1,-1.0032133786634856
13337,1,-1.0003609369924114
13338,1,-1.000502755977033
13340,1,-1.010694986212323
13353,1,-1.0044960119449637
13356,1,-0.9999712406816648
13364,1,-0.9969529096320735
13367,1,-0.9998311129243761
13374,1,-1.001728240606544
13385,1,-1.0014551946631531
13387,1,-1.000264173612148
13393,1,-1.000866025678989
13397,1,-1.0048662784565607
13402,1,-1.0181821119597636
13403,1,-0.9999693645091747
13406,1,-0.9994109258112736
13407,1,-1.0027022280276827
13412,1,-1.0162021460607933
13422,1,-1.015287686678295
13423,1,-0.995663939808308
13453,1,-1.0136605223355493
13458,1,-1.0046033191954828
13461,1,-1.0346665187982964
13462,1,-1.0106253331190131
13466,1,-1.0232362548277802
13468,1,-1.0216101490795515
13483,1,-1.0014364599256396
13488,1,-1.0008597848883087
13493,1,-0.9981702507473923
13494,1,-1.0010407885499637
13510,1,-1.0154259072474907
13513,1,-0.9916297150515232
13516,1,-1.0043865983885083
13526,1,-1.0041230638447654
13541,1,-1.010465529590779
13542,1,-1.0018397224613047
13551,1,-1.0002841393781463
13553,1,-1.0016994191772755
13558,1,-0.999473806173119
13565,1,-1.0181873904473997
13573,1,-0.9993395804349883
13574,1,-1.001019767593403
13588,1,-1.006043304070215
13595,1,-1.00202102941316
13596,1,-1.0061368121104288
13601,1,-1.0019918788974842
13603,1,-1.0037906497760343
13607,1,-1.0046622319040501
13608,1,-1.0040846847256761
13613,1,-1.0026125890071982
13620,1,-1.0060110438886216
13622,1,-1.0015915023134496
13629,1,-1.0060376100790918
13653,1,-1.0067508775117513
13659,1,-1.0027303506189948
13663,1,-1.002346631493646
13672,1,-1.013692481911511
13677,1,-1.001638210812555
13678,1,-1.015428386934037
13686,1,-1.0026358003781084
13694,1,-1.0121369314733792
13708,1,-1.0004522931974544
13710,1,-1.0018910618309294
13711,1,-1.0018910618309294
13716,1,-1.004424585139858
13722,1,-1.010059060891189
13725,1,-1.0127594522352346
13730,1,-1.008833194472011
13736,1,-1.0027020781893825
13737,1,-0.9893075447629509
13739,1,-0.9959877929810355
13746,1,-1.0050031093761063
13758,1,-1.0080734651937036
13764,1,-1.0015007114229637
13782,1,-1.017342024214928
13788,1,-1.0273698228858443
13805,1,-0.9997650548889692
13810,1,-1.0174254019343383
13811,1,-1.0093759176497836
13816,1,-1.0028574945536723
13824,1,-0.9982190416525274
13825,1,-0.9994960765498808
13828,1,-0.9978419969233212
13830,1,-1.0092797384201984
13847,1,-1.0113911537076516
13855,1,-1.007489070399181
13859,1,-1.0001790122377594
13862,1,-1.0004197592246655
13869,1,-1.0028474432662375
13878,1,-0.9999906662238348
13881,1,-1.006098443368842
13888,1,-1.0029129123748683
13901,1,-0.9998468232378299
13904,1,-1.043187545262568
13913,1,-0.9998387072430306
13915,1,-0.9978616493387588
13929,1,-1.012664181173669
13930,1,-1.007478261137225
13935,1,-1.002080808631931
13940,1,-0.9939212218875484
13942,1,-0.9998162910469324
13944,1,-1.0002556688329327
13948,1,-0.998265913200065
13953,1,-1.0061210926220363
13958,1,-1.0034715085855204
13977,1,-1.0021759693065415
13979,1,-1.0084923534818961
13993,1,-0.9998552303405563
14000,1,-1.0121315573781526
14008,1,-1.0003439916496482
14024,1,-1.007913812693371
14025,1,-1.0016223348088942
14028,1,-1.0092376319768892
14036,1,-1.0018761243540748
14041,1,-0.9931719484136973
14045,1,-0.9984821592100659
14050,1,-0.9985714467468461
14062,1,-1.0018761243540748
14068,1,-1.0008176224762233
14069,1,-1.0096011456958058
14072,1,-1.0023876275625527
14096,1,-1.0024682088455017
14107,1,-1.007150168445547
14115,1,-1.0089082517537478
14116,1,-0.9999775517910259
14119,1,-1.0026903702525982
14124,1,-1.0018996653133847
14125,1,-1.005477124953667
14138,1,-1.0023084509734885
14148,1,-1.009524630681502
14155,1,-1.0021780370376578
14168,1,-0.9999572242223527
14170,1,-1.0032467962894867
14173,1,-1.0026648189648357
14179,1,-1.0004633160075378
14183,1,-0.9979324010825821
14184,1,-1.002979274999873
14187,1,-1.0020348597758528
14202,1,-1.004840891165915
14207,1,-1.0119267751715992
14208,1,-0.9915511518832606
14209,1,-1.003997124069571
14225,1,-1.0016898948400226
14227,1,-0.9998021731130662
14236,1,-1.0028645251083752
14251,1,-1.0071387330904564
14255,1,-1.0040812514250335
14262,1,-1.0043804671656242
14268,1,-1.0003327362401397
14277,1,-1.0044321175420265
14279,1,-1.0027632415742471
14286,1,-1.007670788151434
14288,1,-1.0003578419545596
14308,1,-1.0036235246786518
14321,1,-1.0078741391231851
14328,1,-1.0067157372174351
14349,1,-1.0059574806929026
14386,1,-1.0014635062275392
14388,1,-1.000557934069208
14398,1,-1.0006117855662606
14404,1,-1.001521860015096
14408,1,-1.0243293140601002
14417,1,-1.0085854509261412
14420,1,-1.008435337800139
14421,1,-1.0046252584755693
14428,1,-1.01439590542583
14429,1,-1.009213228884342
14431,1,-1.0115082038916297
14443,1,-1.000097712724394
14444,1,-1.0042773426399432
14461,1,-1.0071181541471947
14464,1,-1.0053583163960496
14475,1,-1.0009729869097361
14488,1,-1.0007368263016816
14490,1,-1.0007102312288196
14504,1,-1.0005445807550766
14511,1,-1.0032667210047737
14522,1,-1.0035743519966314
14526,1,-1.00391086924788
14527,1,-1.0072868834265045
14535,1,-1.0004378905434723
14538,1,-1.0031779951666489
14553,1,-0.999737373356675
14570,1,-1.0026511689068967
14572,1,-1.0001436932558616
14575,1,-1.002767694754484
14604,1,-0.9930489676506695
14608,1,-1.007863654025797
14610,1,-1.0078070081471728
14615,1,-0.9885116370484675
14620,1,-1.0033965231989397
14621,1,-1.007749583272978
14623,1,-1.0136340179420185
14631,1,-1.002199384366782
14641,1,-1.0048533971371156
14642,1,-0.9985841237501873
14645,1,-1.0241543159642221
14651,1,-0.9984524321702877
14654,1,-1.0101429611359642
14658,1,-1.000994028735097
14659,1,-1.005533704823998
14670,1,-1.0070228582239578
14678,1,-1.0041909290969038
14680,1,-1.0079681217158398
14708,1,-1.006841177932425
14711,1,-1.0089186523908573
14726,1,-1.0011350864987305
14732,1,-0.989116845401259
14733,1,-1.0120444814359348
14736,1,-1.0092402171611758
14747,1,-1.0116158129921522
14751,1,-0.9994430446771196
14754,1,-1.004711225690911
14756,1,-1.0026674960507744
14759,1,-1.003487120569873
14765,1,-1.0102361537808382
14772,1,-1.0102361537808382
14773,1,-1.007987286860867
14776,1,-1.0076826751076406
14780,1,-1.0063114644474789
14782,1,-0.9998739361020936
14795,1,-1.0006203597846692
14799,1,-1.0030606300502503
14806,1,-1.00833411277726
14807,1,-1.0112365250823212
14808,1,-1.0019312615742735
14813,1,-1.000138226654259
14819,1,-1.003396127476881
14841,1,-0.9988675063142017
14845,1,-1.0001889899583636
14862,1,-1.0078127638103722
14864,1,-1.0040677914193838
14867,1,-1.0016057360899966
14877,1,-0.9994445763366916
14889,1,-1.0002362359005672
14899,1,-1.000225240906349
14911,1,-0.9967082213613004
14913,1,-1.005162943037425
14921,1,-1.0016024583936851
14927,1,-1.0281754617034016
14930,1,-0.9968098354810733
14945,1,-1.0007370999082306
14950,1,-1.0077583331823907
14952,1,-1.001671215381098
14958,1,-1.000208468750992
14967,1,-1.000196545068805
14968,1,-1.00328768314106
14972,1,-1.0031589530614127
14984,1,-1.0025896923741107
15004,1,-1.0047294021800761
15010,1,-1.0001414764918377
15011,1,-1.004605359680117
15015,1,-1.0023556114378591
15017,1,-1.0105148115029392
15022,1,-0.9932718312202704
15025,1,-1.018119099580921
15026,1,-1.0015228061560137
15027,1,-1.0008767099209346
15029,1,-1.004310172424448
15033,1,-1.0042754198431008
15036,1,-1.0019657751497106
15038,1,-1.0031178779709302
15041,1,-1.0015256894974989
15042,1,-1.0019412166810402
15047,1,-1.0102658535897622
15051,1,-1.0045106569454283
15062,1,-1.0082263770073903
15066,1,-1.0008285507120394
15077,1,-1.00430239573512
15079,1,-1.0082791122582835
15085,1,-1.0082791122582835
15105,1,-1.0143984156170303
15113,1,-1.0010967261977857
15120,1,-1.0006843344401066
15127,1,-1.0025465516855392
15134,1,-1.0031688876353346
15138,1,-0.9910008905331196
15141,1,-1.0034184841973595
15156,1,-1.0089306356844405
15160,1,-1.0013349813815942
15201,1,-0.9994621838013129
15208,1,-1.0060252324282681
15223,1,-1.0014504091068384
15247,1,-1.0125187189478058
15255,1,-1.0057899162059702
15260,1,-0.9990228391108319
15270,1,-1.0180392032597423
15272,1,-1.0092669511383034
15279,1,-1.002366720081327
15285,1,-1.001651480358492
15290,1,-1.0430209301884072
15302,1,-1.0010224095686215
15313,1,-0.9979473686988443
15318,1,-1.0076748981983124
15319,1,-0.9997595455887888
15320,1,-1.0048211214237694
15327,1,-1.0053880395052999
15336,1,-1.004484672835039
15340,1,-1.0088536392178802
15342,1,-1.0066422516488238
15354,1,-1.0008988471591367
15362,1,-1.0062982635629623
15364,1,-0.9991786137714707
15373,1,-1.0055808757405857
15378,1,-1.0008532759947248
15389,1,-1.0061233740543827
15418,1,-1.0030980578031015
15423,1,-0.9989909615921859
15431,1,-1.0000408448069065
15432,1,-1.0013582774826686
15433,1,-1.00093524796256
15447,1,-1.0096418379681242
15451,1,-1.0012094132337352
15452,1,-1.0041111789583475
15469,1,-1.006099172176749
15470,1,-1.0067607118853288
15480,1,-1.000029844682686
15485,1,-1.002817261536082
15487,1,-1.0021547193795337
15491,1,-0.9965456309150738
15495,1,-1.0054202266254766
15500,1,-1.0032552111073456
15504,1,-1.0049073497739773
15511,1,-1.000396710987528
15519,1,-1.0044794577075415
15525,1,-1.0011878630005973
15526,1,-1.003861766469475
15535,1,-1.001385268247675
15537,1,-1.003234376212249
15547,1,-1.0025708109211318
15557,1,-1.0153343662527754
15563,1,-1.003614530669625
15566,1,-1.0043771866221989
15572,1,-1.0039736261271268
15575,1,-1.0060727551964064
15578,1,-0.9960279020430373
15580,1,-1.0288665034221869
15585,1,-1.005550263594568
15607,1,-1.0010913488987128
15620,1,-1.0122138828652467
15624,1,-1.0065775015650202
15625,1,-1.0105943114105442
15627,1,-1.0095578840870199
15638,1,-1.0092233085960836
15647,1,-1.0053223643327707
15659,1,-0.9994886691829722
15660,1,-0.9914193996172671
15663,1,-1.0003145891895444
15666,1,-1.0019685868734247
15703,1,-1.0033341712961708
15711,1,-1.0018849437678266
15712,1,-1.0063237825523876
15714,1,-1.0020611313563705
15715,1,-1.0181874592346198
15716,1,-1.0088183808056326
15720,1,-1.001781963139815
15726,1,-1.002395226125739
15727,1,-0.98566632503931
15732,1,-1.0005749661439325
15737,1,-1.0003436816077558
15742,1,-0.9968557274211972
15745,1,-1.0010956147766845
15746,1,-1.0095000717973068
15757,1,-1.0082826029139853
15758,1,-1.020147235966304
15762,1,-1.0030009101917465
15764,1,-0.9999084335806492
15770,1,-0.9999551973103893
15775,1,-0.9968308562334068
15777,1,-1.0041220109028774
15778,1,-1.0032795548106024
15789,1,-0.9972246092370352
15802,1,-1.0039122637752158
15805,1,-1.0019796606763758
15808,1,-1.002602396650158
15810,1,-0.9998422785794582
15812,1,-1.0068093230980422
15813,1,-1.0051767973876216
15815,1,-1.0030024236117494
15818,1,-1.01603208652072
15821,1,-1.0040934691812777
15827,1,-1.0076362246759394
15834,1,-1.0056113666093163
15846,1,-1.0056965982935437
15848,1,-1.0001749403611235
15856,1,-1.0079386419078429
15857,1,-1.0004954590493573
15860,1,-1.0308482671189014
15864,1,-1.0075446828606514
15865,1,-0.998675656435742
15868,1,-1.0014840903251265
15871,1,-0.9988351065816234
15872,1,-0.9992827098304418
15876,1,-1.0076404258235696
15884,1,-1.0070876825534696
15888,1,-1.0052974722903865
15891,1,-0.9985686406499263
15893,1,-1.0026578756477753
15896,1,-1.0004849544379355
15898,1,-0.999775538940266
15903,1,-1.0052974722903865
15912,1,-1.0004585915392628
15917,1,-1.0006967670569968
15934,1,-1.001728990942273
15954,1,-1.0660443553063088
15963,1,-1.000443297130189
15964,1,-1.0021603783337634
15965,1,-1.0137774960155743
15974,1,-0.9882590168411031
15978,1,-1.0016262883553821
15979,1,-1.0027459030948598
15991,1,-1.020617195950107
15996,1,-1.0427489597276876
16001,1,-1.000379223955694
16005,1,-1.0115430883113654
16011,1,-1.0035709333776701
16019,1,-1.0021630124991847
16027,1,-1.0054820401136169
16032,1,-1.0022764796903798
16037,1,-1.0054390543423737
16050,1,-1.0092679502806041
16070,1,-1.0209490377085209
16075,1,-1.0022816660515765
16080,1,-0.9998552744516688
16083,1,-1.0031117034753603
16084,1,-1.0055476416730225
16088,1,-1.0083043384902388
16092,1,-1.003977215384686
16095,1,-1.0007384802998165
16098,1,-1.0074316712415252
16153,1,-1.0050115264940955
16154,1,-1.0024665828675077
16157,1,-0.9997198028579927
16166,1,-1.007662291288514
16190,1,-1.0214455064169574
16193,1,-0.9994746976154885
16198,1,-1.0002057597317824
16199,1,-1.0026010452281
16200,1,-1.0012979227274779
16205,1,-0.9982920643467903
16207,1,-1.0199863295321345
16230,1,-1.0012979227274779
16235,1,-0.9828951802474708
16238,1,-1.0002098611444508
16239,1,-1.0024325024517338
16242,1,-1.0259281060086929
16243,1,-0.9993425955086082
16248,1,-1.0005869437529706
16252,1,-1.0003588134625456
16255,1,-1.0079765995967545
16269,1,-0.9987612749319279
16271,1,-1.009629379440454
16272,1,-0.9936244660923034
16277,1,-1.0096766006865456
16278,1,-1.0037272267085433
16279,1,-1.0084652738134827
16290,1,-1.024767938481573
16293,1,-1.0161021168820739
16294,1,-1.010331065974564
16304,1,-1.0081174402641473
16306,1,-1.0028540342754062
16307,1,-0.9972339328037488
16322,1,-1.0025840119218923
16331,1,-0.9936021329289315
16335,1,-1.0154264711098497
16336,1,-1.0066459241952508
16337,1,-1.036060904764153
16347,1,-1.0090857195261727
16351,1,-1.0018325734263567
16364,1,-0.9806721265616727
16365,1,-0.9967286423345211
16367,1,-1.0050982541356441
16371,1,-1.000322847791513
16380,1,-0.9977998343035445
16393,1,-1.002792557605646
16400,1,-1.0028172595285993
16404,1,-1.0077777195380708
16417,1,-1.0002044822057994
16420,1,-1.0003801471341582
16422,1,-0.9998084443663352
16429,1,-0.9977998343035445
16441,1,-1.0176419454920602
16445,1,-1.0024864752465248
16448,1,-1.0062349705410079
16454,1,-1.0082853801746785
16457,1,-1.001359024692992
16466,1,-1.002792557605646
16472,1,-1.0051717733124454
16481,1,-1.0009316017192293
16487,1,-1.0103751442631053
16491,1,-1.008450329886473
16492,1,-0.999481845766933
16498,1,-0.9997531079788328
16531,1,-1.0047555220143984
16532,1,-1.000236566034471
16534,1,-1.001853592596055
16537,1,-1.0001839320267143
16545,1,-1.00421533098687
16547,1,-1.0023848950770748
16568,1,-1.0049180751254636
16572,1,-1.000070255635173
16576,1,-1.0002637624779367
16578,1,-1.0005896504900273
16579,1,-1.0004707136741557
16582,1,-1.040646246103982
16590,1,-0.9993154395290763
16593,1,-0.9946861702657563
16601,1,-1.0038424676226674
16602,1,-1.004043386066508
16614,1,-1.0028015933998469
16616,1,-1.0099695575006589
16622,1,-1.010674891206205
16628,1,-0.9942350739709254
16634,1,-1.0016728969079833
16637,1,-0.987317173974911
16640,1,-1.0067021077090388
16653,1,-1.002236330226431
16659,1,-1.0005722319668093
16660,1,-1.0011068656961504
16663,1,-1.0105087552803673
16664,1,-1.0138410658413912
16667,1,-1.0045588499903766
16673,1,-1.0038891212162397
16677,1,-1.0000300832011333
16680,1,-0.99177212508134
16685,1,-1.0053503263050518
16686,1,-1.0118537494256263
16693,1,-1.0032388022576482
16694,1,-0.9947474086565873
16699,1,-0.9961271035416577
16701,1,-1.0070876310946006
16704,1,-0.994681882444363
16710,1,-1.003814758400278
16734,1,-1.0031678648731386
16755,1,-0.9755240699857834
16761,1,-0.9965487296915285
16768,1,-1.0017634252237828
16770,1,-1.0101518232846254
16782,1,-1.0040389196407742
16787,1,-1.0146548758428975
16788,1,-1.0004361172154193
16796,1,-1.0092801261512554
16803,1,-1.004272004632353
16814,1,-1.000591186792581
16822,1,-1.013986361734735
16825,1,-1.0105544992362652
16838,1,-1.0018318367179333
16843,1,-1.0037532193410108
16849,1,-1.0096599589678568
16850,1,-1.002077225336649
16860,1,-1.0039605778552936
16863,1,-1.0108143171545236
16870,1,-1.0092131347348374
16871,1,-1.0071993317820032
16872,1,-1.011321151350158
16873,1,-1.003675611682206
16875,1,-0.9996910201272378
16879,1,-1.0018306089002693
16890,1,-1.0094262696296563
16895,1,-1.001665807844402
16919,1,-0.9979033960986503
16925,1,-1.010113267196219
16929,1,-0.99075408093898
16933,1,-1.0124278069303314
16940,1,-1.0060217703243595
16951,1,-1.0016230312424474
16953,1,-1.0135645009037364
16955,1,-1.0016201026930447
16966,1,-1.018837026355206
16971,1,-1.0080198988277538
16975,1,-1.0086635114360858
16979,1,-1.0016201026930447
16980,1,-1.001516043983877
16985,1,-1.0180746953587143
16990,1,-1.0243483899582928
16991,1,-1.0002502889417069
17015,1,-1.0233753335692841
17017,1,-1.00046544378427
17018,1,-1.0122469689708584
17033,1,-0.9981586008029247
17036,1,-1.002538548338874
17044,1,-1.0112298998610636
17056,1,-1.0183433038302327
17061,1,-0.9995931833292113
17068,1,-0.9979475154225443
17069,1,-1.0021220444073218
17076,1,-1.0025968671267518
17078,1,-1.0077853818279892
17088,1,-1.0099265596273184
17096,1,-1.0001683149930607
17099,1,-0.9997982545472999
17101,1,-1.0148628844840348
17111,1,-0.9985039235351069
17117,1,-1.0122246612465586
17118,1,-1.0116725418520167
17120,1,-1.0013756463831716
17124,1,-1.00839711980943
17133,1,-0.9889777242693726
17134,1,-1.0026157948408065
17139,1,-1.001305299140276
17146,1,-0.9985039235351069
17149,1,-1.0011626184189837
17151,1,-1.0028441916475734
17172,1,-1.007556089483264
17188,1,-0.99630804055305
17191,1,-1.0449190188997124
17193,1,-0.9957226646120356
17195,1,-1.0107814474910841
17198,1,-1.0021027236888602
17205,1,-1.013534365580382
17208,1,-0.9983796268261713
17215,1,-1.0011026757799257
17235,1,-0.9986965172423947
17241,1,-1.0019335514520236
17249,1,-0.9924076565566171
17255,1,-1.0207247014735668
17260,1,-1.0029899540065506
17263,1,-1.0060416185177046
17269,1,-1.0101223207400227
17277,1,-0.9967800779790051
17280,1,-1.0068997644040498
17291,1,-0.9866825139607777
17297,1,-1.004945036168034
17299,1,-1.0040874558763582
17303,1,-1.0035000987129767
17304,1,-1.0018518175717734
17312,1,-1.0086952400780347
17315,1,-1.0032928989322203
17321,1,-1.001206155929724
17322,1,-0.9994235941826743
17324,1,-1.0004818941946563
17326,1,-1.0093182530169478
17329,1,-1.0015884430170234
17336,1,-0.9980662394359958
17346,1,-0.9937407093305551
17347,1,-0.9995014485675783
17348,1,-1.0021177277709894
17350,1,-1.0035282292329497
17358,1,-1.0011027537199175
17359,1,-1.0062195557053388
17368,1,-0.9990056077690257
17371,1,-1.01351614022366
17377,1,-1.002860238020793
17389,1,-0.9894654065813547
17395,1,-1.0020398375461166
17400,1,-1.0007096568071567
17408,1,-1.0003737887714008
17410,1,-1.000113844130766
17412,1,-1.0067771292098464
17414,1,-1.0018257938058368
17424,1,-0.9989861210195845
17431,1,-1.0043932234982216
17436,1,-1.0040818722944453
17440,1,-1.0084902013769041
17442,1,-1.0069493880690779
17449,1,-1.0018889452933863
17455,1,-1.0160752456250797
17466,1,-1.007900098901716
17474,1,-1.0077866299527454
17475,1,-1.000545681686028
17482,1,-1.0079895399879997
17484,1,-1.0054298983584287
17488,1,-0.9953244455942131
17499,1,-1.0047456889159119
17502,1,-0.9963587729395411
17520,1,-1.0025199790289432
17521,1,-0.9996838294455941
17524,1,-1.0014470385990697
17535,1,-1.0090182110643042
17537,1,-1.0081163744054518
17554,1,-1.0146107403866793
17555,1,-1.0408436039412936
17558,1,-0.9994081967096122
17577,1,-1.0001116613018006
17596,1,-1.0041010395211512
17599,1,-1.0035953605947703
17611,1,-1.0034430406426693
17615,1,-1.0027781611400046
17623,1,-0.9963007115488365
17624,1,-1.002068169232098
17627,1,-1.001112679125197
17630,1,-1.0045929032688525
17647,1,-0.9899828305762599
17651,1,-1.0219438894625779
17653,1,-1.0001338872702128
17659,1,-1.0092473128104973
17661,1,-0.9960649469695357
17666,1,-1.0106657901616773
17689,1,-1.000479984935047
17695,1,-1.0087886860192745
17701,1,-1.0002517399266524
17711,1,-1.0489284203984286
17722,1,-0.9794177538543729
17723,1,-1.0037485655654577
17725,1,-1.001508960722713
17734,1,-0.9983343573338184
17740,1,-0.9998977759984091
17751,1,-1.0050411132003605
17771,1,-0.9988380462325481
17774,1,-1.0038513643031073
17775,1,-0.9998782321270192
17777,1,-0.9996889994292231
17782,1,-0.9953766839678333
17793,1,-1.0034725156234026
17794,1,-1.010716405286944
17809,1,-1.0187954926885983
17810,1,-1.010232001529694
17817,1,-1.0045214165155594
17819,1,-1.008178145710979
17824,1,-1.0011285309405549
17829,1,-1.0356287901333383
17843,1,-1.0012277908600977
17846,1,-1.0149553474560542
17855,1,-1.0125557605008577
17860,1,-0.9994656629172511
17862,1,-1.0072180513266593
17878,1,-1.0024785433808374
17883,1,-1.0202238692629595
17884,1,-1.0055323956265378
17885,1,-1.007333964060948
17889,1,-1.0020926665053516
17894,1,-1.0382735101761402
17899,1,-1.008884537732472
17905,1,-0.9913426422031357
17914,1,-1.000323609017919
17922,1,-1.0127388285574217
17928,1,-1.0105977594302555
17938,1,-1.0139707257978523
17948,1,-1.021771363525224
17954,1,-1.0201619284667487
17957,1,-1.001246345608957
17960,1,-1.0030103928872696
17962,1,-1.002212367451293
17989,1,-1.0092797544111842
17990,1,-1.0002440345924222
17992,1,-0.9965768775758754
18004,1,-0.9994784411021913
18011,1,-0.9990747078740232
18017,1,-1.0181732126136052
18025,1,-1.0069180899550043
18029,1,-1.0021054040708068
18030,1,-1.0097194766993711
18068,1,-1.0009535145816884
18070,1,-1.0003801471341582
18071,1,-0.9991955796582674
18074,1,-1.0014110908578084
18076,1,-0.9989416627687748
18086,1,-0.9996665707909205
18098,1,-1.001023699212441
18102,1,-1.0097968978772887
18104,1,-0.9831905737072553
18111,1,-1.0000604755590858
18127,1,-1.0087164886846098
18143,1,-0.9996607014746925
18173,1,-1.0066108652114738
18191,1,-1.0402367717583396
18208,1,-1.0037909353151495
18216,1,-1.0012830380532654
18235,1,-1.0001806387070018
18236,1,-1.0046186628206728
18244,1,-1.0024599056208547
18245,1,-1.007934940443553
18251,1,-1.0035037128801898
18255,1,-0.9994585646988383
18264,1,-1.010120745791129
18269,1,-1.0075895294162829
18272,1,-1.0049366526268098
18291,1,-1.0082457455801608
18295,1,-1.014767506554716
18312,1,-1.006870255487521
18313,1,-1.0063887543032624
18314,1,-1.0051353317631526
18328,1,-1.0120397523800255
18330,1,-0.9974663606466723
18352,1,-1.0263696028176938
18354,1,-1.005966321635372
18355,1,-0.9977811642933254
18359,1,-1.0240624167760881
18360,1,-1.0224743493788448
18363,1,-1.0064088859177156
18369,1,-1.0012141300484814
18374,1,-0.9985673493016877
18384,1,-1.0016031945632062
18385,1,-1.0071397633439876
18400,1,-0.9992628474565949
18412,1,-0.999878155375828
18416,1,-1.0228223406558468
18422,1,-1.008671606069931
18426,1,-1.0003750017231052
18427,1,-0.9979956951535109
18432,1,-0.999766321465575
18447,1,-1.0025173349256118
18454,1,-1.0031806204769365
18473,1,-1.0513848050231673
18474,1,-0.9874032656188081
18475,1,-1.0108882078315977
18479,1,-1.0248920776362926
18481,1,-1.0102029391716143
18502,1,-1.0044794578879983
18503,1,-0.9994997751063148
18504,1,-1.011212905288878
18511,1,-1.0092193614007465
18514,1,-1.0173689192785706
18521,1,-0.9990034096299709
18523,1,-1.01660784685149
18525,1,-0.9994958523012563
18530,1,-1.0203619768968946
18532,1,-1.0151478393557691
18540,1,-1.0013723604320743
18541,1,-1.0084278838003193
18545,1,-1.0113406510433696
18559,1,-1.0046832328838704
18562,1,-0.9938220572580738
18564,1,-1.0089658183191852
18589,1,-1.0236879971669042
18600,1,-1.0158858291984574
18606,1,-1.0004014733363802
18615,1,-1.026240938145849
18617,1,-0.9994388423468799
18620,1,-1.0020308942612948
18622,1,-1.0024548642529054
18640,1,-1.001965650032686
18642,1,-1.012126491689063
18651,1,-1.0015592946195806
18652,1,-1.0155397606344752
18653,1,-1.0416422566060854
18666,1,-1.0008061987820756
18675,1,-1.016253152631337
18683,1,-1.0202149533069946
18699,1,-1.0400223513503142
18706,1,-1.0021343193830698
18707,1,-1.0025280739203373
18708,1,-1.0022421602685374
18711,1,-1.0203430105424016
18716,1,-1.0274799699320927
18719,1,-1.0010804017933748
18730,1,-1.0194568204603591
18737,1,-1.015973891763701
18740,1,-1.008073482194294
18749,1,-1.0348144429739654
18756,1,-1.0258761220185277
18758,1,-0.9761598405905706
18760,1,-1.011613054718087
18765,1,-1.005661593663167
18766,1,-1.0038873840013922
18769,1,-1.0026990870963985
18778,1,-1.0043268478204783
18782,1,-1.0318949261519945
18791,1,-1.0319661894658687
18799,1,-1.00947504002057
18801,1,-1.000722523602293
18803,1,-1.026030308729418
18810,1,-0.9984416683233174
18822,1,-1.0074607379727625
18832,1,-1.0056188157971033
18846,1,-1.002091579194082
18849,1,-0.9995107861956947
18855,1,-1.0006517444371323
18856,1,-0.9582999636515329
18862,1,-0.9999636539145456
18875,1,-0.9995797835504432
18889,1,-1.0074009816165352
18890,1,-1.0061121225984664
18895,1,-1.0029701783252971
18908,1,-1.0005554582942966
18918,1,-0.9989325759484895
18920,1,-1.000000801895913
18922,1,-1.0020148527623192
18925,1,-1.0054454048008776
18927,1,-1.0048432640006961
18938,1,-0.9998921826032877
18949,1,-1.0016955987260623
18951,1,-1.0171428897689316
18956,1,-0.9993427628326514
18959,1,-1.0042884214125136
18963,1,-0.9999794221043514
18965,1,-1.0033110845752662
18966,1,-0.9998638575339263
18973,1,-0.9979518474875719
18974,1,-1.002312004797748
18989,1,-0.999657072995967
18990,1,-0.9983153556703412
18994,1,-1.000311382178345
18997,1,-0.9984981797422687
19005,1,-1.000040327995794
19007,1,-1.0102495824689335
19016,1,-1.0014742940764467
19026,1,-0.9995067940039948
19028,1,-1.0111178008542245
19031,1,-1.0070861499262598
19047,1,-1.0001315935864308
19054,1,-1.0013324643488748
19057,1,-1.0023980900642102
19060,1,-1.0157422363323505
19063,1,-1.0000008793238386
19064,1,-1.0037059357835378
19068,1,-1.014895669183732
19071,1,-1.0069446952119765
19082,1,-1.0128882930946188
19101,1,-1.0043786421565886
19103,1,-1.012351950687282
19105,1,-1.0001399912353601
19109,1,-1.0053629495710898
19110,1,-1.0076767927796275
19116,1,-0.9995055246229936
19121,1,-1.0003609420094324
19130,1,-0.9998676834911855
19131,1,-1.0015860514775907
19135,1,-0.994793161179713
19136,1,-1.0127304865471118
19144,1,-1.0013858640080104
19155,1,-1.0004761140832372
19160,1,-1.00734365203025
19166,1,-1.0103639174473895
19167,1,-1.0031163624223205
19176,1,-1.008284766844232
19177,1,-1.0012173867508494
19180,1,-1.0029350153123149
19191,1,-1.0016528938490474
19193,1,-0.9997361331945793
19194,1,-1.0006436812329997
19205,1,-1.0072974291468304
19214,1,-1.0089227880835634
19215,1,-0.9996299563940927
19226,1,-1.0012357623037502
19229,1,-1.003882485135041
19232,1,-1.005135219670979
19234,1,-1.0027275612220066
19236,1,-1.0025654222573053
19248,1,-1.0004144256466065
19250,1,-1.0036972733438165
19251,1,-0.9989366186421714
19258,1,-1.0004393714126687
19274,1,-1.000137663001117
19282,1,-1.0033819146032408
19288,1,-1.005694191085432
19295,1,-1.0042669810673324
19322,1,-1.0065440050817118
19331,1,-1.001126376714803
19340,1,-1.0010848820736036
19349,1,-1.0077995445903518
19350,1,-1.003937280408628
19363,1,-1.0195105599859406
19368,1,-1.0001684886577267
19370,1,-1.0021775276383962
19373,1,-1.0049139605671094
19392,1,-1.0015664972771967
19398,1,-1.0010414412005806
19404,1,-0.9989086466918609
19405,1,-1.0106895337952504
19406,1,-1.0020638868723128
19414,1,-1.008745223170075
19416,1,-1.0013077515598126
19426,1,-1.006879001144471
19432,1,-1.0118245424866785
19439,1,-1.0046817251352786
19442,1,-1.00196368515612
19451,1,-1.0035582809428687
19453,1,-1.0034217113721997
19455,1,-1.010695027538882
19456,1,-1.0057895880484342
19460,1,-1.0040745167158498
19464,1,-1.0040745167158498
19465,1,-1.002356630261366
19478,1,-1.001162036328906
19479,1,-1.01009472972231
19480,1,-1.0057895880484342
19483,1,-1.0016785494261162
19484,1,-1.0000231171293112
19486,1,-1.006252747733044
19491,1,-1.0147041329742454
19524,1,-1.0043889227717109
19530,1,-0.9999484885332425
19537,1,-1.0037232903826891
19546,1,-1.004655564367798
19563,1,-1.0014823633403398
19572,1,-1.0051195743846368
19575,1,-1.0048650311109253
19577,1,-0.976009399139657
19599,1,-1.0004112614038059
19607,1,-1.00407449938183
19611,1,-1.019307366276324
19613,1,-1.0155461352454278
19619,1,-1.0050839568194028
19624,1,-1.0019098759961693
19627,1,-1.0075081473529428
19632,1,-1.00407449938183
19636,1,-1.0048296323458452
19642,1,-1.0017454029706174
19651,1,-1.0046370156407165
19654,1,-1.0071569290683082
19655,1,-1.007243982767356
19664,1,-1.0065509900110292
19665,1,-1.001616176819909
19666,1,-1.0032321987238197
19668,1,-1.0110354360222102
19676,1,-1.0114957927948454
19681,1,-1.0144573311183875
19688,1,-1.0069205526188991
19691,1,-1.0242617910535863
19700,1,-1.0003414532761212
19710,1,-1.002188644825735
19712,1,-1.0073691288151967
19722,1,-1.0009250169125896
19723,1,-1.0077408247941988
19729,1,-1.002259323503972
19749,1,-1.0034722812884391
19756,1,-1.0034605639490675
19758,1,-0.9997302139705511
19780,1,-1.0002998012748
19789,1,-1.0062914811635275
19796,1,-1.0038700744487559
19811,1,-1.004358497910935
19819,1,-1.0017479113511698
19820,1,-1.001736771546488
19821,1,-0.9997716105738708
19826,1,-0.9991524406892821
19832,1,-1.0000906196148853
19834,1,-1.000195597864395
19842,1,-1.0000748406985882
19844,1,-1.0017682111050543
19852,1,-1.0105948167461476
19853,1,-1.006431468120232
19864,1,-0.999860299880514
19867,1,-1.0076067502446793
19872,1,-1.008497107901198
19873,1,-1.0059633138342443
19876,1,-1.0019298359723212
19878,1,-1.0051228570477835
19895,1,-1.005932163391333
19898,1,-1.0002090899345975
19904,1,-1.0073897770837728
19905,1,-1.0013622394603012
19909,1,-1.0077066426005548
19914,1,-1.005527445942774
19923,1,-1.0030821072636096
19931,1,-1.0003198602092622
19941,1,-1.0001793447906833
19942,1,-1.0111075858040515
19950,1,-1.0111075858040515
19956,1,-1.0012799250641193
19958,1,-1.0133693418760896
19975,1,-1.0040434934641602
19976,1,-1.0017358436368213
19977,1,-1.0014646290468787
19981,1,-1.005054307857173
19985,1,-1.0064743002742664
19994,1,-1.001358761742149
19995,1,-0.9992017113780712
19998,1,-1.002530470650689
20000,1,-1.0043083166130118
20007,1,-1.0066407127340744
20008,1,-1.0102137170201262
20022,1,-1.0002015054514801
20029,1,-1.0011138617472928
20030,1,-1.038571923553595
20032,1,-0.9995110573683939
20036,1,-1.0003226390438056
20058,1,-1.006139712814719
20060,1,-1.001627177668878
20073,1,-0.9997611654066227
20077,1,-1.0039387664863202
20092,1,-1.0000065840139265
20102,1,-0.9998232690542536
20122,1,-1.0007226926453454
20128,1,-0.9994104985252541
20134,1,-1.0010738826740346
20135,1,-0.9990933177168042
20141,1,-1.0003510810739364
20145,1,-0.9999582183476357
20148,1,-0.9999582183476357
20165,1,-1.0008671914186564
20170,1,-1.0021502132132971
20172,1,-1.006092141722788
20180,1,-1.0006104595565306
20182,1,-0.995771940256804
20190,1,-1.0047055120373298
20194,1,-1.0012443734814882
20197,1,-0.9998143428720168
20200,1,-1.0000543099402142
20202,1,-1.000130711423894
20207,1,-1.000767888387275
20209,1,-0.9998800369875944
20222,1,-0.9999178826895405
20229,1,-1.0001772474923358
20230,1,-1.001892059984659
20231,1,-1.0047208086768629
20234,1,-1.0042524955689893
20242,1,-0.9999291067623556
20250,1,-1.000474837045697
20253,1,-1.0117848302603725
20255,1,-1.0026600425289425
20282,1,-1.0004060297409207
20283,1,-1.0007563841855334
20287,1,-0.9950337544856696
20294,1,-1.0059708000286045
20296,1,-1.0011929710910008
20298,1,-1.0070907139407193
20304,1,-1.0025230400443637
20306,1,-1.0058398813146003
20316,1,-1.021075429227483
20317,1,-1.0000065840139265
20322,1,-1.0003999001687562
20331,1,-1.0019578120749837
20332,1,-1.0088079562624601
20338,1,-1.008333355570595
20340,1,-1.0005851517129223
20349,1,-1.0029052767757132
20374,1,-1.0017452263949578
20378,1,-1.001848268348708
20379,1,-0.9865461539964923
20389,1,-1.0001120999179482
20397,1,-0.999624799434128
20399,1,-1.0002231073108294
20401,1,-1.00115887395244
20404,1,-1.0009511292916176
20407,1,-1.001848268348708
20409,1,-1.0014147203704482
20410,1,-1.00115887395244
20412,1,-1.010833337496642
20413,1,-1.0053592127818816
20414,1,-1.0005946453832464
20415,1,-1.0016168869618423
20417,1,-1.0049913903319485
20429,1,-1.0001617593235346
20434,1,-1.0002842635798974
20444,1,-1.0044915599546778
20445,1,-0.9837851567505428
20454,1,-1.0019865512445552
20455,1,-1.0051694312966082
20460,1,-1.0001204463887756
20464,1,-1.0038869370593464
20469,1,-1.0028161801535116
20474,1,-1.0041831236019267
20490,1,-1.0074526146671576
20494,1,-1.0253366800907309
20499,1,-1.0034133275466162
20500,1,-1.0040363111236457
20502,1,-1.0029814769614307
20504,1,-1.0079582166216328
20524,1,-0.9996525991736342
20537,1,-1.0020907830295969
20539,1,-1.0007064981811817
20542,1,-1.0017300849716508
20556,1,-1.0048068759121747
20557,1,-1.000516225083409
20560,1,-1.005936337276458
20565,1,-1.0008464151982235
20576,1,-1.0017389568601809
20585,1,-1.0022338759583238
20586,1,-0.9900916225128774
20599,1,-1.0092232877621399
20614,1,-0.9996986943029035
20619,1,-1.0000322463040545
20622,1,-1.002425832698115
20626,1,-1.0031582713509613
20629,1,-1.0013013760508993
20634,1,-1.0136135193118179
20640,1,-1.0037959918231498
20643,1,-1.0047800472203172
20648,1,-0.9998292017147845
20653,1,-1.0091672903499913
20654,1,-1.015279456704138
20665,1,-0.9997690597958193
20668,1,-1.0142892985610419
20680,1,-0.9997076352757786
20684,1,-1.0041665269371463
20686,1,-1.002295077557608
20707,1,-1.0020743019688836
20727,1,-1.0016500241080852
20737,1,-0.9995719263254685
20739,1,-1.0051096604926864
20748,1,-1.0040057643509557
20750,1,-1.0060956556328007
20753,1,-1.0021095122114245
20754,1,-1.0023443702594992
20762,1,-0.9927418504493166
20766,1,-1.001182877021703
20767,1,-1.0067606640368238
20781,1,-1.001013196564651
20785,1,-1.000758831186937
20787,1,-1.0106265111936246
20798,1,-1.0060554326553588
20799,1,-1.0049347333954306
20802,1,-1.0005878814174207
20804,1,-1.0073681770953906
20806,1,-1.0016196428500552
20810,1,-1.0147675022165308
20814,1,-1.0010219368786166
20818,1,-1.0037550679057525
20820,1,-1.0006902061235765
20828,1,-1.000637050840216
20838,1,-1.0058541318020324
20841,1,-1.0074098240026008
20850,1,-1.0019844243975176
20855,1,-1.0012535421527922
20859,1,-1.0173300731484214
20868,1,-1.000336140094564
20878,1,-0.999948000838663
20881,1,-1.001390890897411
20883,1,-1.0014906791728762
20889,1,-1.000275667908645
20890,1,-0.9997004239556986
20891,1,-1.0171212611727765
20903,1,-1.0036665464933883
20905,1,-0.9983959494089272
20909,1,-1.0023906180702107
20921,1,-1.0022213951507517
20932,1,-1.0043901073025492
20934,1,-1.0012460789775102
20944,1,-1.0053051362527032
20959,1,-1.0013845652584945
20962,1,-1.0050917818560252
20965,1,-1.0139381767346882
20986,1,-1.005883216950596
20988,1,-1.0015374210454773
20999,1,-1.0100090437802773
21009,1,-1.0071350203285165
21011,1,-1.0043761652786076
21012,1,-1.004002257811867
21014,1,-1.0010581805506704
21026,1,-1.0097804903078171
21030,1,-1.0041196570536042
21034,1,-1.0035488095132084
21064,1,-1.002576722981457
21076,1,-1.006956327436439
21081,1,-1.0049934158897134
21087,1,-1.014053247890155
21092,1,-1.0082986451010503
21093,1,-1.0029917366151113
21094,1,-1.0015374210454773
21106,1,-1.0039654373635902
21121,1,-1.0017385984878582
21123,1,-1.0002380963856536
21134,1,-1.0047848134435102
21148,1,-0.988146738363177
21149,1,-1.0055198354730046
21150,1,-0.9996616247110626
21151,1,-1.0002534231323654
21152,1,-1.0036678711111666
21158,1,-0.9955530981660043
21161,1,-0.9971957983700862
21165,1,-1.0010208772943499
21171,1,-1.0009100024872681
21174,1,-1.0002839364581089
21184,1,-1.0016485828019204
21199,1,-1.0001516636747687
21203,1,-1.0133701322024617
21207,1,-1.0011583583329724
21212,1,-1.0016139922724403
21232,1,-1.001076887746222
21235,1,-1.0044423486910317
21236,1,-1.0126957562982648
21244,1,-1.009238487751994
21254,1,-1.0105661259601308
21256,1,-1.006236971070138
21257,1,-1.00014145199965
21264,1,-1.0002826336551474
21269,1,-1.0090943659796037
21272,1,-1.004200398690836
21278,1,-1.00014145199965
21287,1,-0.999981223230973
21291,1,-1.0142965823638894
21300,1,-1.0409964765446549
21301,1,-1.0000656065614733
21305,1,-1.0010044694987028
21310,1,-1.0006944206621835
21313,1,-1.0083248372955085
21322,1,-1.0000163001002051
21329,1,-1.0060774344453203
21330,1,-1.0005120353947916
21348,1,-1.0011572169606129
21350,1,-1.0029338469400557
21359,1,-1.0043612008565677
21361,1,-1.0025700632282237
21368,1,-0.9958251320123674
21371,1,-1.0048919936480156
21376,1,-1.0018036889866937
21387,1,-1.0026222380721719
21392,1,-1.0008206887236155
21393,1,-1.000473806328014
21406,1,-1.0063231342767882
21407,1,-0.9996536745899107
21408,1,-1.0083834080177823
21410,1,-1.0079518728641215
21414,1,-1.0059447711788931
21422,1,-1.0064573605679308
21423,1,-1.0064573605679308
21426,1,-1.0041387246464384
21432,1,-1.002149924773867
21433,1,-1.006159883999513
21435,1,-1.0041387246464384
21449,1,-1.0040870200241991
21472,1,-1.0013702062471415
21474,1,-1.0021678819116233
21480,1,-1.0103780288515165
21486,1,-1.0025955816656618
21489,1,-0.9999089189598013
21498,1,-1.0185203972206656
21503,1,-0.9995768802858287
21511,1,-1.001478324226936
21513,1,-1.0008879058235975
21527,1,-0.9967300542760389
21532,1,-1.0034005616259454
21537,1,-1.0000124280092924
21552,1,-1.0015238568853082
21555,1,-1.0087798368746475
21557,1,-1.00987070303723
21563,1,-1.000137481247423
21579,1,-1.004051899808
21584,1,-1.0100646180330304
21587,1,-1.002925746370805
21602,1,-1.028462408066764
21609,1,-1.0048698652716177
21612,1,-1.006945710544944
21617,1,-1.0005744191084496
21621,1,-1.0066755668966698
21623,1,-1.0043585049832424
21624,1,-1.0022961064865727
21627,1,-1.0000203288495333
21633,1,-1.0031361893036612
21640,1,-1.0082750083724985
21652,1,-0.9962467810872266
21657,1,-0.9999457534814065
21663,1,-1.0065844482175887
21666,1,-1.0099464957342408
21671,1,-1.0002249637595506
21680,1,-0.9999358719976026
21704,1,-1.0094664059382645
21705,1,-1.0200815580875062
21711,1,-1.004965450312653
21712,1,-1.0094052195801617
21730,1,-0.9999643494407227
21736,1,-1.01506702265997
21745,1,-1.0026021942210426
21750,1,-1.021311803296045
21753,1,-0.9993135444764705
21755,1,-1.005975126875065
21762,1,-1.0017983895726226
21767,1,-1.0024351556748137
21768,1,-0.9992069178758443
21770,1,-1.0012529834022963
21771,1,-1.0018776943193557
21786,1,-1.0014385749695487
21788,1,-1.001357478589909
21790,1,-1.0020234287408643
21794,1,-1.0008328317268822
21799,1,-1.0001296514354594
21806,1,-1.0013920359829895
21817,1,-1.003488719660532
21824,1,-1.0000654007074357
21825,1,-1.003118606698582
21830,1,-1.0000982727384962
21834,1,-1.0016557379401612
21843,1,-1.000882084148088
21851,1,-1.0053047430956474
21872,1,-1.0040390186024308
21877,1,-1.0018923546323664
21880,1,-1.0018813982727093
21883,1,-1.0010792001862192
21884,1,-1.0087616028039519
21885,1,-1.0011256754334381
21910,1,-1.014802171670092
21911,1,-1.001303768838218
21919,1,-1.013479124862195
21926,1,-1.0034537316772145
21932,1,-1.0040746603516335
21935,1,-1.0012790417964332
21944,1,-0.9995190523209148
21946,1,-1.0041193933691648
21947,1,-0.9997907523541675
21949,1,-1.0050930607000046
21953,1,-1.004094855595828
21958,1,-1.0050940878668417
21959,1,-1.0003901928085805
21972,1,-1.0037046294339929
21973,1,-1.001055401924424
21979,1,-1.0014792626796232
21982,1,-1.000706850323008
21984,1,-1.0004177604407902
21985,1,-1.0043381034004026
21988,1,-1.0005202421235888
21991,1,-0.999927451420269
21996,1,-1.0037721520531608
21997,1,-1.0000920735893781
22000,1,-1.0018528972543919
22007,1,-1.0030100270632976
22008,1,-1.0016371016706813
22014,1,-1.0066460462723121
22016,1,-1.0040777607765698
22020,1,-1.0010055862221057
22026,1,-0.9949691911979168
22027,1,-1.002232026631404
22029,1,-1.0008489924308515
22032,1,-1.0065824598188902
22043,1,-1.0082720241702048
22049,1,-0.9955904949659798
22053,1,-1.001827562113613
22060,1,-1.0049440463528372
22064,1,-1.004063906264429
22065,1,-1.0024079144264209
22067,1,-1.0000142189460872
22072,1,-1.0013268622472247
22078,1,-1.0018589840471928
22091,1,-0.9997669489954002
22092,1,-1.0010502156356784
22097,1,-1.0020118243743368
22102,1,-0.9986310991971679
22112,1,-1.005038213797824
22114,1,-1.0024353850019507
22115,1,-1.0064211085866912
22116,1,-1.0062802941971225
22121,1,-1.0075007522784503
22124,1,-1.001581803353258
22126,1,-1.0087584877522515
22129,1,-1.0056934930928088
22136,1,-1.00565172662573
22139,1,-1.0025668262456278
22144,1,-1.0016574728523036
22150,1,-1.0006829218889832
22154,1,-1.002021784499401
22166,1,-1.0016927935133797
22189,1,-1.0012849752782171
22190,1,-1.0009311077835616
22192,1,-1.0044358440859
22198,1,-1.0019550388089622
22202,1,-1.0114634827213997
22215,1,-1.0095544425204392
22220,1,-1.0082359735035693
22222,1,-1.0058008023713334
22227,1,-1.0012222116167784
22234,1,-1.0093910919110987
22241,1,-1.0004835831753678
22268,1,-1.0006031511238085
22274,1,-1.0090057304326456
22288,1,-1.0056891114945958
22289,1,-1.0052100467629932
22300,1,-1.0079465013126248
22305,1,-1.0066501408028214
22310,1,-1.0027502854945003
22311,1,-1.0056202547377673
22312,1,-1.0059263215605305
22318,1,-1.016488014411269
22327,1,-1.0067192194913759
22330,1,-1.0060265737863985
22333,1,-1.001903101877411
22339,1,-1.00165384648648
22347,1,-1.0120173090448548
22367,1,-1.0116037791162797
22368,1,-1.0052084984184093
22372,1,-1.0047965514797372
22378,1,-1.0065392256420074
22383,1,-1.0017227048849047
22388,1,-1.0050649557680016
22401,1,-1.0027089030883118
22405,1,-1.0010256598385268
22414,1,-1.0076811634282787
22429,1,-1.0018416340718508
22432,1,-1.010272870878402
22442,1,-1.0023293387406653
22460,1,-1.023085096766374
22477,1,-1.0066304284117717
22481,1,-0.9985661896335905
22490,1,-1.0008464660481877
22491,1,-1.0008464660481877
22494,1,-1.0047370551750285
22495,1,-1.0044109814295747
22497,1,-1.0108270897082385
22532,1,-1.00233752039287
22535,1,-1.0014194398702356
22538,1,-1.0012102336217028
22545,1,-1.0142917729434657
22546,1,-1.0115774239339768
22551,1,-1.0012833193800614
22553,1,-1.001908201908121
22557,1,-1.000763434883934
22559,1,-1.0026721558485998
22564,1,-1.004950745885344
22567,1,-1.006536586373304
22590,1,-1.000763434883934
22605,1,-1.0048207450888
22607,1,-1.0208424497010162
22608,1,-0.9887488720758434
22619,1,-1.0060154555828142
22624,1,-1.0007117858608163
22638,1,-1.0009437826975613
22640,1,-1.0010332835927025
22644,1,-0.9997866837016169
22649,1,-1.011516568127929
22651,1,-1.001807638950467
22671,1,-1.0095381329333586
22675,1,-0.9931555660801781
22679,1,-0.9999414914086191
22682,1,-1.0008600815592579
22689,1,-1.0083822479671167
22723,1,-1.0002692434962135
22729,1,-1.0003226390438056
22750,1,-1.0001983371550078
22754,1,-0.9987139133673066
22761,1,-1.0006597603590335
22764,1,-0.997676048005534
22791,1,-1.0097162377549997
22796,1,-1.0004453964433015
22797,1,-1.000160977800904
22805,1,-1.0004853685483515
22810,1,-0.9964559801119071
22814,1,-1.008415724756646
22824,1,-1.0010876639784616
22826,1,-1.0252093556858197
22833,1,-1.0051485245803387
22837,1,-1.0153850774730113
22843,1,-1.0030610449859485
22845,1,-1.0013707086200256
22846,1,-1.0023505698055448
22847,1,-1.001762402843604
22854,1,-0.9970419980455192
22863,1,-1.0102766238611929
22866,1,-1.0046607310457645
22867,1,-0.9998967204990018
22868,1,-1.0415452911321235
22881,1,-1.0024962319840092
22883,1,-0.999691477664365
22892,1,-1.012895561414377
22903,1,-1.0018918643861787
22913,1,-0.9999526652366008
22918,1,-1.0078745693315423
22921,1,-1.0015817584870788
22922,1,-1.001825278260299
22930,1,-0.999415054843734
22935,1,-1.0061424717729792
22939,1,-1.0012698268115647
22946,1,-1.0003856828755922
22948,1,-1.001514859152086
22957,1,-1.0014232330595854
22961,1,-1.005428274348641
22965,1,-1.0014309539435495
22969,1,-0.9990276235456084
22971,1,-1.010110058149627
22976,1,-0.9998452047190987
22978,1,-1.0410742298581357
22983,1,-1.0001405108354253
22986,1,-1.001084579520202
23005,1,-1.0025484215787666
23010,1,-1.0242937947839772
23021,1,-1.005857397007203
23033,1,-1.0004022656239995
23039,1,-1.005828663088014
23053,1,-1.001185741516955
23057,1,-0.9937788763633517
23062,1,-0.9989115223534097
23064,1,-1.007990686428883
23073,1,-1.000330643615783
23085,1,-1.0060340783116937
23086,1,-0.9972123525230672
23111,1,-0.9969626539919527
23117,1,-1.002655709458489
23121,1,-1.0020122518132686
23122,1,-1.0020044228705205
23126,1,-1.0032577404896907
23129,1,-1.0112353216902388
23140,1,-1.0009661803554333
23159,1,-0.9929976353896084
23172,1,-1.0010355061163447
23177,1,-1.0031232239077323
23178,1,-1.0101355170750854
23179,1,-0.9973940268069539
23188,1,-1.0093609284780642
23190,1,-1.002700573587528
23198,1,-0.9996496974131583
23214,1,-0.9998867851370976
23230,1,-1.000368640874561
23232,1,-0.9995510823041718
23239,1,-1.0031752644466265
23250,1,-0.9998174805458366
23283,1,-0.9975063854124262
23309,1,-1.0059056845689427
23320,1,-1.0054281074565417
23333,1,-1.003415120700271
23334,1,-0.9993690902729258
23335,1,-1.002005905411953
23355,1,-0.9995629819648493
23360,1,-1.0139111636398879
23367,1,-1.0004376020654662
23368,1,-1.0154573046746453
23370,1,-1.004240989089013
23373,1,-1.0096282023703242
23383,1,-1.009423411339354
23386,1,-1.000262548276603
23394,1,-0.9994915642079926
23403,1,-1.0006156728958777
23408,1,-0.9992995456194969
23411,1,-1.00004697480826
23415,1,-1.001465527916594
23425,1,-1.0054937651580556
23429,1,-1.0067136788335185
23444,1,-1.0030050017037795
23457,1,-1.0057873293202544
23462,1,-1.0012856030350927
23477,1,-1.0230089708919887
23478,1,-1.006323116216047
23488,1,-0.9998623915741698
23489,1,-1.0021556458636756
23490,1,-1.004263123592089
23501,1,-1.002536959114322
23534,1,-1.00962823580435
23536,1,-0.9933901493099458
23548,1,-1.0017324275992368
23557,1,-0.9989962816864084
23558,1,-1.0197220250102212
23561,1,-1.001609072533299
23563,1,-1.0167129076072836
23567,1,-1.012719659834361
23572,1,-1.0008740428839227
23574,1,-1.0005580691447467
23577,1,-1.0049550115131167
23579,1,-1.0154155223294081
23582,1,-1.0061881626320779
23584,1,-1.0040313035287596
23588,1,-1.0006666812771017
23589,1,-1.0112260681438903
23602,1,-1.0192031694408539
23606,1,-1.0015872989053047
23610,1,-1.0113437051610212
23620,1,-1.0121122334910058
23621,1,-1.004438743787275
23626,1,-1.0028801018121374
23628,1,-1.0092489186185971
23629,1,-1.0007454819181885
23633,1,-0.9955051841759248
23634,1,-1.000460937071148
23639,1,-0.9967421922174747
23640,1,-1.0103359091385105
23644,1,-1.0026373360944791
23647,1,-0.9992070204775068
23649,1,-0.998349551266633
23663,1,-1.0089748151147588
23666,1,-1.0248612771252628
23684,1,-1.0088437095903857
23694,1,-1.006291213586194
23696,1,-1.013185934814501
23711,1,-1.0005012955707362
23712,1,-1.0018434379272243
23714,1,-1.013185934814501
23725,1,-1.0026155014448874
23733,1,-0.9960082998788722
23745,1,-0.9981022354720512
23747,1,-1.0126609180840087
23748,1,-1.0013910127495165
23750,1,-1.0031701664019945
23765,1,-0.9956282870186455
23770,1,-0.9930486413290232
23771,1,-1.001808166304483
23772,1,-1.0252920126370342
23783,1,-1.0084297070254928
23791,1,-1.0025285049468464
23792,1,-1.0002502778353675
23795,1,-1.0014941893255607
23801,1,-0.9685752912120107
23810,1,-1.0213836744514473
23815,1,-1.010646187683408
23818,1,-1.0031801276575267
23825,1,-1.0263495261961086
23836,1,-1.0306622968022014
23837,1,-1.0064946857958086
23838,1,-1.0001002680072648
23845,1,-1.0183746474931306
23858,1,-1.011317782481467
23864,1,-1.001671423440988
23865,1,-1.001958717537962
23867,1,-0.999063141205911
23869,1,-1.000253138227092
23872,1,-1.0152002498398447
23890,1,-0.9994442875411136
23899,1,-1.0071694338725192
23901,1,-1.0050378537475675
23904,1,-1.0007685083653681
23908,1,-1.0000072686831005
23914,1,-1.0010515853276873
23919,1,-1.0147812311490527
23921,1,-1.0012906708121305
23924,1,-1.005745370400177
23928,1,-1.0005182946200657
23929,1,-1.0022338805463895
23935,1,-1.0260675013157647
23937,1,-0.9876450588050646
23938,1,-1.0250384106780315
23940,1,-1.008649075091042
23954,1,-1.0008178097162332
23956,1,-1.0170572163472493
23963,1,-1.0094243215436203
23971,1,-0.9884315817529914
23979,1,-0.9970825126403651
23984,1,-0.9975314063779894
23985,1,-1.0032542940258589
23986,1,-1.0105112719919662
23987,1,-1.0019915480578585
23994,1,-1.0028944911163395
23995,1,-1.0062388861699798
23998,1,-0.4032941127776774
24015,1,-0.7116671284661144
24024,1,-0.08138398499191168
24033,1,-0.4363084029718539
24035,1,-0.2052321846248235
24039,1,-0.2364497226500063
24055,1,-0.21645082992509324
24058,1,-0.13331284240678826
24062,1,-0.32191482520667203
24070,1,-0.98823425514711
24080,1,-0.9661131076449816
24083,1,-0.972926054179689
24086,1,-0.985621166659697
24125,1,-1.0009467488749224
24129,1,-1.0162357503069874
24134,1,-1.009174778217793
24136,1,-1.0081412024792589
24137,1,-1.0020209951866628
24142,1,-1.0170294526683716
24145,1,-0.9979516056086766
24154,1,-1.0005528653790101
24156,1,-0.9972296034030779
24160,1,-1.0064115519970223
24169,1,-1.0089384251241347
24173,1,-0.9882743180517143
24174,1,-1.005360158366266
24175,1,-1.0072607331522168
24177,1,-1.0072810470595808
24187,1,-1.0099589679891867
24188,1,-1.023698033643342
24193,1,-1.0019608750988158
24197,1,-1.0010792353137554
24203,1,-1.0282741263866433
24209,1,-1.0003969158701365
24215,1,-1.01383639648022
24218,1,-1.0265853938893454
24221,1,-1.0008381305241618
24224,1,-1.0057641517175835
24228,1,-1.018015531940894
24230,1,-1.008810777235927
24232,1,-1.0067965855988394
24243,1,-1.0070484278733114
24256,1,-1.0112917450508467
24264,1,-0.9520079463274553
24265,1,-1.0236784953247953
24270,1,-1.008918066113628
24280,1,-1.0078296501006814
24287,1,-1.0023909569419058
24301,1,-1.022673589149184
24305,1,-1.016762966995894
24314,1,-1.0003885294672932
24315,1,-1.014664561310731
24325,1,-1.0154695642055507
24333,1,-1.0069891473735795
24345,1,-1.0105153273931406
24365,1,-1.018191233328829
24371,1,-1.0205039717701903
24399,1,-1.0170076313511953
24400,1,-0.9957240541380558
24405,1,-1.017386820406197
24406,1,-1.0248090682831956
24411,1,-1.0207529376209528
24417,1,-1.0227312196016762
24420,1,-1.00733581477665
24429,1,-1.0067258671848107
24431,1,-1.011686108470655
24436,1,-1.0090361919646649
24441,1,-1.0160072373171287
24445,1,-1.0001952831574987
24449,1,-1.005254929613372
24452,1,-1.0405607991337504
24453,1,-1.0121514940629432
24457,1,-1.027005786256626
24461,1,-1.0067300612692993
24465,1,-1.003710525989895
24471,1,-1.0037519615570463
24472,1,-1.0143915484070938
24481,1,-1.0120748970053253
24484,1,-1.0295907864156566
24490,1,-1.0154360668520874
24494,1,-1.0002519727159669
24505,1,-1.0086278884825333
24509,1,-1.0086481910616074
24512,1,-1.012102252073893
24526,1,-1.0147691236439382
24529,1,-1.0117806151214555
24536,1,-1.0150477447196695
24541,1,-1.0309655716463912
24542,1,-1.0200841058409829
24543,1,-1.0176740400290367
24553,1,-0.9972309742445482
24556,1,-1.0166985530881636
24560,1,-1.0103001104066835
24582,1,-1.0149998450870723
24585,1,-1.0128364076984258
24587,1,-1.0149998450870723
24594,1,-0.9989897251170237
24600,1,-1.0391776018183008
24601,1,-0.9930274542852409
24603,1,-1.0343489593216413
24606,1,-0.9873891415738065
24608,1,-1.0172474889231427
24624,1,-1.010190677334921
24626,1,-1.0071072644815295
24636,1,-1.0123972999845532
24637,1,-1.0091810701772774
24645,1,-1.0158246462926959
24651,1,-1.0043484961279106
24658,1,-1.0050776452400296
24687,1,-1.0058342408241487
24688,1,-1.0068293326041897
24691,1,-1.012859126383457
24701,1,-1.0631790420899727
24706,1,-1.0056956866119608
24727,1,-1.0154805610437883
24728,1,-1.0194917858420418
24731,1,-0.9977800596050957
24734,1,-1.0165316156696156
24735,1,-1.0238925578600193
24736,1,-1.0321055282413598
24737,1,-1.060784703663058
24746,1,-1.0034550427359878
24750,1,-1.0172509698247922
24755,1,-1.0510103100184822
24757,1,-1.0064656872121143
24763,1,-1.0091972490125514
24770,1,-1.053351600153209
24772,1,-1.009820068835746
24774,1,-1.010582254930449
24776,1,-1.0067428966457574
24788,1,-0.999940413215921
24789,1,-1.020381587781693
24791,1,-1.0110960270610971
24792,1,-0.9975270860678156
24805,1,-1.0221694188436765
24806,1,-1.003840894772961
24812,1,-1.0138533786802497
24822,1,-1.0164165253672428
24826,1,-0.9880927140441487
24832,1,-1.0028662523566323
24834,1,-1.0076574705755044
24836,1,-1.0071193163439598
24837,1,-1.0050905384315092
24847,1,-1.0084865083435761
24851,1,-1.023009015997054
24856,1,-0.9915696392026985
24862,1,-1.0005147059183332
24867,1,-1.0120675843179754
24871,1,-1.007650267526273
24873,1,-1.0372867102249395
24886,1,-1.008510587520655
24888,1,-1.0501673010722965
24905,1,-1.0043875032127334
24906,1,-1.0118202657442819
24910,1,-0.9479948677145849
24928,1,-1.0221044120045986
24931,1,-1.0091975533174362
24932,1,-0.9968934094145708
24934,1,-0.9839310032775619
24938,1,-1.0070173016823876
24940,1,-1.0272071690676976
24954,1,-1.0228149903635742
24973,1,-1.0108173818782986
24975,1,-1.0026894642309263
24979,1,-1.0145654491178298
24986,1,-1.0008037384534016
24992,1,-1.006557744064227
24996,1,-1.0060888921059887
24999,1,-1.0100699193109328
25000,1,-1.0012297406999418
25015,1,-1.055154820396898
25016,1,-0.9999046024492448
25019,1,-0.9967459460346562
25020,1,-1.030326411468888
25027,1,-1.0036911296891264
25044,1,-1.0080289776535243
25051,1,-1.001995873584392
25069,1,-1.0002712763910147
25074,1,-1.005003005119411
25076,1,-0.9803863404818917
25080,1,-1.0159686792510527
25088,1,-1.0359001004289436
25089,1,-1.022644905764184
25091,1,-1.0059246183049322
25116,1,-1.0082644525141289
25117,1,-0.9903966848078382
25128,1,-1.0032653712324244
25132,1,-1.0080590210781437
25145,1,-1.0130875714581395
25155,1,-1.0063800756663008
25174,1,-1.0054364531328999
25178,1,-1.0278933747138357
25183,1,-1.0083787592789424
25185,1,-1.0053538522489336
25192,1,-1.0132956568770037
25200,1,-1.0110527663895432
25207,1,-1.011081050783365
25212,1,-1.011040580217618
25213,1,-1.0325034750447666
25216,1,-1.0109502114636484
25219,1,-1.0291778148282154
25220,1,-1.0095208278278127
25223,1,-1.0088138929839656
25226,1,-1.0126084560395916
25232,1,-1.012300038508771
25259,1,-1.0361286200704733
25263,1,-1.009986299963686
25279,1,-0.9993433487942058
25283,1,-1.0334480069698626
25289,1,-1.0120459625423854
25291,1,-1.0213117325689642
25293,1,-1.2039379959962198
25305,1,-1.0024454858249068
25311,1,-1.053976154122771
25323,1,-1.0138798881577362
25334,1,-1.0087875656263314
25337,1,-1.008625581129233
25343,1,-1.016635636180173
25356,1,-0.9952282444951107
25364,1,-1.0355436759619217
25366,1,-0.9998726197994259
25368,1,-1.0117667383367126
25370,1,-1.0034152053434666
25389,1,-1.0109007340597467
25390,1,-1.009695219872
25393,1,-1.0162221196097418
25403,1,-1.0228186134887078
25406,1,-1.0158090738963428
25426,1,-1.0121624464677845
25428,1,-1.0059543242174622
25432,1,-0.9994496491070626
25436,1,-1.0193644061269516
25447,1,-1.01215512456704
25456,1,-1.0146360524359856
25458,1,-1.051729760114703
25460,1,-1.0152305591391553
25461,1,-1.0458387032709329
25470,1,-1.0078669702079988
25472,1,-1.003678518372898
25478,1,-1.0189321671094982
25479,1,-1.0004400977860421
25491,1,-1.019214788024593
25501,1,-0.9948552199549645
25507,1,-1.0039952316678433
25508,1,-1.000128601404437
25522,1,-1.0100129592293887
25540,1,-0.9853294413257272
25543,1,-1.0111352684166972
25550,1,-1.00624773449539
25556,1,-1.0133259056711226
25575,1,-0.9827178295837683
25585,1,-1.0180723789664852
25594,1,-1.0012298713718615
25599,1,-0.9995460369665075
25600,1,-1.0368444136156334
25601,1,-1.0192055399151296
25602,1,-1.0214975366480208
25609,1,-1.0231672229672233
25613,1,-1.032157618860425
25629,1,-1.0057399771014952
25641,1,-1.0129162292757083
25644,1,-1.001763826047378
25660,1,-1.0018394952001604
25663,1,-1.0009421812524542
25664,1,-1.0059371019975674
25681,1,-1.008265853831272
25693,1,-1.0045233509338969
25694,1,-1.0014744353742258
25695,1,-0.9598925252416053
25702,1,-0.9984559165272614
25703,1,-0.95974943809702
25712,1,-1.003840509955831
25717,1,-1.0058160013680846
25722,1,-1.0307411327237088
25733,1,-1.001545206985803
25736,1,-1.0112980905988636
25754,1,-1.0206403718018904
25757,1,-1.0160741617871225
25761,1,-1.019866720230541
25763,1,-0.997180568340581
25769,1,-1.0007228601515212
25784,1,-1.014193626977353
25785,1,-0.9955122529986425
25796,1,-1.0082081578032391
25802,1,-1.026240542794379
25807,1,-1.0159946268449214
25812,1,-1.0177832244768528
25813,1,-1.000977016361786
25816,1,-1.0036136786953511
25820,1,-1.01334007163711
25821,1,-1.0388645800312668
25823,1,-1.010050086278067
25826,1,-1.0237039934914312
25829,1,-1.0150108300904428
25861,1,-1.0000763823353425
25873,1,-1.0018437940598626
25882,1,-1.0052099882679242
25888,1,-1.0248616633692433
25889,1,-1.0057667452063797
25903,1,-1.0224239461452083
25905,1,-1.0211207120347032
25909,1,-0.998707105536921
25914,1,-0.9971862064351662
25921,1,-1.0197202845716364
25925,1,-1.0008191113853968
25926,1,-1.0090495210821462
25927,1,-1.0419206114873314
25934,1,-0.9995433409130949
25938,1,-1.0101718736636078
25944,1,-1.0061821581365948
25952,1,-1.0014744353742258
25959,1,-1.028090313330456
25972,1,-1.0495368019912998
25980,1,-1.014463118074241
25984,1,-1.007963751170106
25994,1,-1.0171540436670026
25996,1,-0.642596786560496
26002,1,-1.0388414527608665
26005,1,-0.9985000492439456
26010,1,-1.0114416806816602
26019,1,-0.9990672307818049
26058,1,-1.0119755477497065
26065,1,-1.0632276357702417
26069,1,-1.0156656740344265
26070,1,-0.9970309157235581
26073,1,-0.9998513963753839
26080,1,-0.9999426968890726
26085,1,-1.022979888476101
26092,1,-0.9866983001557936
26096,1,-1.0110709283133528
26097,1,-1.0098953739640044
26099,1,-1.027285094488819
26101,1,-0.9975788024283656
26109,1,-1.0252096784113822
26110,1,-1.0169567024680735
26125,1,-0.9756607150719963
26127,1,-0.9960740333754934
26132,1,-1.022009173640207
26133,1,-1.0248439612091884
26137,1,-1.0100896263444161
26139,1,-1.0183318616831887
26145,1,-1.018873646985083
26164,1,-1.0221128933702741
26193,1,-1.0189214227790444
26195,1,-0.9939303509071218
26202,1,-1.0039381218284031
26214,1,-0.9990417201400746
26218,1,-0.997938921003769
26219,1,-1.0215740108212823
26230,1,-1.0042064340423997
26239,1,-1.0037623453748672
26242,1,-1.0048306868620875
26245,1,-1.0001544558921156
26253,1,-1.0043127182477791
26266,1,-1.0221320077854337
26269,1,-0.9999794194732992
26275,1,-1.0543245136182189
26280,1,-1.0003349956174565
26283,1,-0.9999915635035762
26308,1,-1.0291854449056177
26311,1,-0.9890752931345804
26314,1,-1.0068025320862741
26316,1,-1.0297436794515327
26326,1,-0.9925894287224997
26334,1,-1.0392248480692075
26339,1,-1.0088051592608822
26348,1,-1.0059652150724838
26353,1,-1.0108967021766513
26354,1,-1.0024548679465388
26359,1,-1.0024548679465388
26367,1,-0.9796804508864105
26371,1,-1.001326888823899
26386,1,-1.00820804201825
26388,1,-1.0057228256997353
26391,1,-1.000424121303342
26404,1,-1.007841316553567
26407,1,-1.0065880893926518
26410,1,-1.0020539868682432
26431,1,-1.000698604838294
26436,1,-1.0007609915326456
26441,1,-1.00423688369336
26442,1,-1.0092783141872284
26445,1,-1.0264121087788267
26455,1,-1.0046046096026555
26466,1,-0.9876311294169551
26467,1,-1.0140669993530276
26469,1,-1.0107248791841021
26476,1,-1.0298956257594911
26478,1,-1.0103985294561928
26479,1,-1.0111862389483661
26482,1,-1.0076335455941963
26502,1,-1.0318771189138092
26504,1,-1.0206953923531024
26506,1,-1.016911661021122
26513,1,-0.9992569207531105
26525,1,-1.000854523140102
26535,1,-1.0122293708180568
26538,1,-1.0041700978739754
26539,1,-1.008693998887174
26543,1,-1.0042565553834215
26544,1,-0.9957246196936694
26555,1,-1.0100625038966926
26567,1,-1.0110032709139047
26573,1,-1.0068186009971882
26577,1,-0.9998752485596871
26579,1,-1.0041432812252125
26584,1,-1.019716876217725
26587,1,-1.011951719585258
26591,1,-1.008186561475093
26598,1,-1.0216565351500526
26599,1,-0.9993671374976875
26607,1,-1.0031283057885902
26614,1,-1.0034441586817342
26619,1,-1.014620545640656
26623,1,-1.0110032709139047
26624,1,-1.00854430196386
26629,1,-1.0048144570516708
26634,1,-1.0039876667248104
26638,1,-0.9908117478555767
26645,1,-1.0119627658951933
26648,1,-1.0047038150321492
26650,1,-1.011230439371035
26659,1,-1.003131524626054
26668,1,-0.9961324088786594
26670,1,-0.9997261233847821
26678,1,-1.007226171419361
26683,1,-1.0113316133662917
26689,1,-1.0178825890016245
26692,1,-0.9770714851827113
26694,1,-1.01529259853334
26696,1,-1.0100576689902614
26698,1,-1.0016267753315022
26699,1,-1.0066442781090519
26703,1,-1.0145157358499348
26731,1,-1.0094396974054192
26732,1,-1.000356485324939
26740,1,-1.0103993135475764
26742,1,-1.0021182945629383
26744,1,-1.0126462967279606
26750,1,-1.027630837813535
26752,1,-1.0048715686552687
26758,1,-1.0025060844975422
26763,1,-0.9960717625870221
26765,1,-1.0213368817972994
26766,1,-1.0101477822899367
26767,1,-1.008257643273289
26772,1,-1.0078972228314558
26773,1,-1.0098260134820296
26774,1,-1.0052387046590352
26777,1,-1.0036659303678124
26785,1,-1.011302830847911
26786,1,-1.0060566983722135
26789,1,-1.0032910036998373
26797,1,-1.006334421815754
26799,1,-1.025964719877955
26823,1,-0.9967825951878013
26829,1,-1.0163375619928456
26834,1,-1.020211293480357
26835,1,-1.0159165760808742
26843,1,-1.0088483528850867
26851,1,-1.0048892977045112
26860,1,-1.013310670321282
26865,1,-1.0072241956742727
26867,1,-1.0087086449844316
26873,1,-1.0056485420589265
26877,1,-1.0213042482295145
26893,1,-1.0063394378525266
26903,1,-1.0110761189181763
26911,1,-1.000356485324939
26914,1,-1.0080992946568446
26916,1,-1.0199314896647604
26919,1,-1.0297388416102689
26936,1,-1.0000618074507777
26938,1,-1.000335902403703
26943,1,-0.9986203139635197
26946,1,-1.0153338968488934
26955,1,-1.0137539848973751
26972,1,-0.8078136963581246
26975,1,-1.0250726029900428
26976,1,-1.002910145405964
26993,1,-1.0081009970659924
27008,1,-0.9997156928877609
27012,1,-1.0045620769342087
27014,1,-1.0095506230496247
27017,1,-1.0188742437330975
27022,1,-1.014646622525815
27026,1,-1.0036961102305106
27031,1,-1.003616387925746
27035,1,-1.0103879695578226
27038,1,-1.0020357371449902
27044,1,-1.0046723609932982
27057,1,-1.0117409313877985
27060,1,-1.0064865202526647
27062,1,-1.0163281490610738
27067,1,-1.0202575504753448
27068,1,-1.0410719437816334
27069,1,-1.0093757181780298
27072,1,-1.0155612056879164
27074,1,-0.9977622679901454
27079,1,-1.0198522391507947
27083,1,-1.0017844863467515
27084,1,-1.004126450968657
27087,1,-1.0345836840145441
27092,1,-0.9898767811173876
27093,1,-1.00085709113739
27102,1,-1.0126237079962033
27104,1,-1.022605810288674
27107,1,-1.0063044837319584
27108,1,-1.0017339565905388
27109,1,-1.0175857993848938
27114,1,-0.9998563324332261
27115,1,-1.0089133410639102
27121,1,-0.9978020812534062
27151,1,-0.9850116845272593
27154,1,-1.0010855149580455
27157,1,-1.0043955259205402
27159,1,-1.0044475622651123
27160,1,-1.0303564453588103
27163,1,-1.0000290802724616
27165,1,-1.0057047410197342
27167,1,-1.0229271140010479
27171,1,-0.9949731491158866
27176,1,-1.0001412592250807
27178,1,-1.0044475622651123
27182,1,-1.010663087297303
27184,1,-1.0019384522730328
27198,1,-1.0362125512643852
27199,1,-1.0007103649593552
27233,1,-1.0091428837574181
27235,1,-1.0140861019917569
27240,1,-1.0038943027110077
27243,1,-1.0210140182657679
27250,1,-1.0004511965171148
27254,1,-1.0064777526046638
27264,1,-0.9897107855281245
27276,1,-1.0049128506242806
27277,1,-1.0028608495362106
27278,1,-1.0349738395587162
27283,1,-1.001499227362238
27292,1,-0.9869231967800173
27299,1,-1.0018666438927546
27303,1,-1.029832901179101
27304,1,-1.0440672141547014
27309,1,-1.0060120562746306
27316,1,-1.0268503171619718
27322,1,-1.0311886251700404
27327,1,-1.0177990261647603
27329,1,-1.0054670220009265
27331,1,-1.007906279461769
27332,1,-1.0023996939294084
27340,1,-1.0377500324515605
27345,1,-1.0005406108019514
27349,1,-1.0131754958161268
27351,1,-1.0161804975622286
27355,1,-1.009392651402805
27363,1,-1.0100533683230366
27374,1,-1.0260688092557897
27377,1,-1.02948868272478
27380,1,-0.9941560601457935
27384,1,-0.9925737865263373
27388,1,-0.9994631551848008
27392,1,-0.9896634643656642
27393,1,-1.0171499312194692
27402,1,-0.9964223567629685
27403,1,-1.01350988740277
27426,1,-0.9968917796644406
27441,1,-1.0154397767173196
27445,1,-1.0133065347904062
27458,1,-1.002032918174316
27464,1,-1.013693307087316
27469,1,-1.0150503758024676
27479,1,-1.026247373574079
27480,1,-1.0026303213025356
27482,1,-0.9872765043712173
27487,1,-1.049703782038054
27489,1,-1.0083751472894809
27491,1,-1.006764228504333
27492,1,-1.0124317625540646
27495,1,-1.0075807702504083
27497,1,-1.036207382374966
27502,1,-1.003649589612174
27525,1,-1.052095016991514
27529,1,-0.9832447704112889
27532,1,-1.005076312064474
27536,1,-1.039126094542961
27548,1,-0.9903592854519556
27550,1,-1.0740923495929873
27560,1,-1.0066138361269792
27569,1,-1.0102949940904662
27582,1,-1.0553117419417686
27585,1,-1.0060309323328511
27589,1,-1.0041803051214853
27591,1,-0.998441213359746
27593,1,-1.0422396040451245
27594,1,-1.0248621999676146
27599,1,-1.0003436218845632
27601,1,-1.0001331354265797
27611,1,-1.0705891088840183
27614,1,-1.0082825673689237
27618,1,-1.05726542146472
27621,1,-1.0021292500664534
27622,1,-1.0097144594554677
27632,1,-1.0104179878466444
27637,1,-1.0300861073983767
27641,1,-1.0407345459825523
27653,1,-1.0101686617660297
27656,1,-0.9997027990469681
27663,1,-1.01862460520358
27665,1,-1.0233508130456312
27666,1,-1.0453851081070136
27672,1,-0.993748713107745
27687,1,-1.0641876720418924
27730,1,-0.9647369596236924
27735,1,-1.0035435073269565
27736,1,-1.0684180698302979
27742,1,-0.9647622546296891
27744,1,-0.9639735637722604
27763,1,-0.9644762674022198
27765,1,-0.9603598924373522
27766,1,-0.9573750605412334
27767,1,-0.9529212549517174
27776,1,-0.9614774892726117
27779,1,-0.9597176710239668
27781,1,-0.9597176710239668
27789,1,-0.9866525438940051
27794,1,-0.950311104221869
27811,1,-0.04416947064567378
27817,1,-0.007098580508244967
27826,1,-0.39180652499507307
27836,1,-0.9902344248499353
27844,1,-0.6310749836320985
27847,1,-0.8944921343796239
27858,1,-0.9650884379909276
27870,1,-1.02270163336555
27877,1,-0.9741820049322101
27879,1,-0.7644232139157655
27880,1,-0.8990694126469022
27884,1,-0.9018272058730021
27889,1,-0.8490539204595287
27893,1,-0.8901317343176589
27896,1,-0.9535870977736829
27901,1,-1.0238688140388432
27902,1,-0.918906195530037
27909,1,-1.0080193722397828
27917,1,-0.9950826838756691
27920,1,-0.9954289358556763
27927,1,-0.9348366634453582
27935,1,-1.0199490659101489
27945,1,-1.0220093467442892
27950,1,-0.45506653734682706
27957,1,-0.9478032436761201
27970,1,-0.9372010894147758
27972,1,-1.003686921837425
27979,1,-0.9191420415288515
27980,1,-0.9871265939587526
27981,1,-0.9813682861128503
27996,1,-1.0109639504334833
28014,1,-1.0579108118227634
28019,1,-1.0234999061307342
28021,1,0.91293877107223
28027,1,-1.0081697045647253
28028,1,-1.0214988304734596
28032,1,-1.056474448262882
28036,1,-0.9492040464670102
28042,1,-0.9872896058414109
28045,1,-0.9944465525349857
28051,1,-0.9981023123127741
28054,1,-0.9727453513079422
28056,1,-0.9500936300149434
28063,1,-1.0185896135203478
28074,1,-0.9922057714353719
28080,1,-1.014511654251241
28086,1,-1.1089393412032207
28087,1,-0.9917954686840391
28089,1,-0.9909928075512556
28093,1,-0.9777643965838432
28099,1,-1.0375391693295035
28109,1,-0.9984087327992092
28110,1,-0.9955309111533035
28123,1,-1.0884170423755912
28128,1,-1.020169658586779
28129,1,-1.058497949525154
28132,1,-1.0440780582007152
28135,1,-1.0250364149866842
28145,1,-1.094979009976894
28149,1,-1.0093435136079907
28155,1,-0.9943119007315637
28167,1,-0.43959418731365935
28172,1,-1.0555390780737437
28175,1,-1.0029394180982143
28176,1,-0.9899795271205598
28195,1,-1.0014190874737727
28198,1,-1.0199782691885573
28202,1,-1.0299263164223198
28205,1,-1.0045119253107644
28206,1,-0.9914001951976278
28207,1,-1.0015287724332942
28211,1,-1.0635801697981666
28213,1,-0.9994069346418548
28226,1,-0.9972724008265454
28238,1,-0.9855133665731639
28240,1,-1.0057763571018175
28245,1,-1.0009832098230973
28252,1,-0.9226190235159242
28257,1,-1.0163690654404285
28268,1,-0.9775235928081619
28269,1,-1.0466667320264154
28300,1,-1.0479897858964313
28310,1,-1.0210009807058034
28315,1,-0.9809567285565693
28327,1,-1.027299052781364
28344,1,-1.0391905976951161
28366,1,-0.9868218136995692
28373,1,-0.9837657065043891
28389,1,-1.0008510187583193
28391,1,-0.992340919643915
28392,1,-0.9759417785112665
28395,1,-0.9529501450049422
28397,1,-0.9801527031485824
28403,1,-0.9942342069591225
28405,1,-0.9872661988325966
28415,1,-0.9998126449564029
28416,1,-1.0231220184157221
28418,1,-0.9913469482777402
28419,1,-1.0232765294315325
28421,1,-0.9870044720612444
28439,1,-0.9768551124820966
28443,1,-0.9780988350036888
28445,1,-1.0069267790225624
28455,1,-0.9715673222770118
28463,1,-1.0224919050537398
28466,1,-0.9751300783353578
28468,1,-1.0188255733641682
28475,1,-1.0159826702663126
28484,1,-0.9711394066520833
28485,1,-0.9985436503340994
28486,1,-0.9569804611865391
28497,1,-1.0058123165044124
28500,1,-1.0485316452232119
28505,1,-0.9358890436045287
28509,1,-1.0079620654828327
28519,1,-0.7677064403688789
28522,1,-1.028421763013197
28523,1,-0.9777376192257438
28531,1,-0.9410402646516648
28539,1,-1.0021215763454936
28545,1,-1.0160221386214499
28551,1,-1.0031880507694022
28553,1,-0.9833891310276295
28575,1,-0.9840693639661605
28580,1,-0.764850214977052
28586,1,-0.6991901924772992
28590,1,-0.9652445600961546
28593,1,-1.0012321571609524
28601,1,-1.0286444909381898
28603,1,-0.9960884091581438
28615,1,-1.0081229751745888
28620,1,-0.9959076216433878
28631,1,-0.9988084377878061
28655,1,-1.023162770839775
28660,1,-0.9863415857261683
28677,1,-0.9846856739664136
28682,1,-1.0479949256098138
28691,1,-0.9875146588002754
28693,1,-1.0210899858662843
28695,1,-1.039956895150212
28699,1,-1.009743333912499
28700,1,-1.005182161889861
28703,1,-1.0098840616323739
28705,1,-0.9876495824563085
28707,1,-1.0219855870533783
28714,1,-0.9756672804197816
28722,1,-0.9955282959129124
28726,1,-1.007688477971772
28729,1,-0.982170445967266
28735,1,-0.9791318765245884
28745,1,-1.027510551920244
28753,1,-0.9985130284863931
28755,1,-0.9985055730839167
28766,1,-0.9935364325704946
28770,1,-0.9971703657502231
28771,1,-0.9433265146843727
28778,1,-1.0352071921837656
28793,1,-0.9994862190438171
28794,1,-1.0646406427745423
28795,1,-1.04244310311842
28797,1,-1.0183820112243103
28798,1,-1.0211334276815733
28804,1,-1.0095953263880082
28814,1,-1.039642344104261
28836,1,-1.0014641902839447
28838,1,-0.9945267653655415
28852,1,-1.011420195814254
28853,1,-0.9547862761862993
28855,1,-1.0241682087150434
28871,1,-1.007608401539976
28874,1,-0.961276942807633
28880,1,-1.000778732748123
28881,1,-1.0551582419299201
28889,1,-1.0123671544044561
28892,1,-0.9917979389624161
28894,1,-1.0407766437305734
28896,1,-1.0161895210747962
28919,1,-1.0222157289596399
28931,1,-1.0126847525066114
28932,1,-1.023510505525701
28941,1,-1.0264691190921815
28947,1,-1.0028294812658578
28953,1,-1.0136084337628273
28954,1,-1.0042644370852787
28960,1,-1.0097672200843693
28962,1,-1.0109138856057496
28972,1,-1.0087826158564066
28977,1,-1.0054884457999103
28980,1,-0.9966326957474079
28981,1,-1.0309642673542403
28988,1,-1.0269230059426102
28995,1,-1.0229060091844104
28998,1,-1.019793405988486
29001,1,-1.0359823573472458
29005,1,-1.018177055438533
29006,1,-1.0061443777708068
29008,1,-1.0310960507277644
29011,1,-1.014412087531864
29015,1,-1.0040584743482581
29019,1,-0.9974988905182786
29028,1,-1.0182591987113627
29029,1,-1.0258226068526062
29034,1,-1.002249768420957
29038,1,-1.018371771237833
29040,1,-0.9940890035290113
29041,1,-0.9897784234031236
29051,1,-1.0132864545089653
29054,1,-0.9844603654102428
29060,1,-1.0196759286487902
29077,1,-0.9951436092283604
29081,1,-1.0050445790935887
29086,1,-1.0047256760450745
29094,1,-1.0281645847627898
29098,1,-1.0252484541953917
29108,1,-1.04387031417161
29113,1,-1.0228644786787908
29119,1,-1.0152538880986737
29131,1,-0.9959849475879192
29133,1,-1.0050806022631877
29141,1,-1.0181274827809768
29144,1,-0.9981177109868882
29165,1,-1.0707444585074435
29178,1,-1.0018858277551304
29192,1,-1.0225892383072137
29193,1,-1.0183981348245517
29195,1,-1.0033438933475138
29197,1,-1.0107916016898657
29200,1,-1.0284648083440855
29206,1,-0.9888908248856976
29212,1,-1.019253012955412
29218,1,-0.9602122332335022
29227,1,-1.0129496918352674
29272,1,-1.02990642321441
29278,1,0.2032765183779769
29282,1,-1.0040402901271799
29286,1,-0.9871633530795569
29291,1,-1.0136219817579377
29292,1,-1.0196940084918864
29299,1,-1.0056540945886334
29301,1,-1.024980246905342
29302,1,-1.0096108500294996
29306,1,0.7366809142717138
29308,1,-0.9453396099004328
29309,1,-0.9817395875674119
29315,1,-0.9816253955418395
29322,1,-1.004485724047131
29323,1,-0.9847596370802152
29325,1,-1.034471962615743
29328,1,-1.031174079985962
29332,1,-0.9996680388315597
29334,1,-1.0223114313545403
29338,1,-1.071946221685383
29349,1,-1.005196698272393
29371,1,-0.9346740331558346
29373,1,-1.0006178233063294
29375,1,-1.040857849998249
29382,1,-1.0113064825395157
29385,1,-1.0589821112553421
29393,1,-0.9588259567053048
29394,1,-1.0137279971384188
29395,1,-1.0116368820870738
29406,1,-1.0976869867451966
29408,1,-1.022182751190377
29410,1,-1.0132699354491934
29412,1,-0.9419758065429447
29428,1,-1.0133159626031492
29430,1,-1.0180662517835626
29432,1,-1.0327451661472207
29443,1,-1.0017471576513037
29449,1,-1.0115914111708633
29456,1,-1.0785181956642547
29458,1,-1.0546771740652345
29469,1,-0.9986739367625684
29477,1,-1.0324086859093455
29485,1,-1.00068056498234
29488,1,-1.0238190615071858
29493,1,-1.02340399154922
29512,1,-1.0344953462240987
29518,1,-0.9932676788126263
29519,1,-1.0871401981272837
29527,1,-1.0320702014567105
29530,1,-1.0241471754050275
29532,1,-1.0393094409520094
29534,1,-0.9858892157592168
29535,1,-1.0122492995829893
29538,1,-1.0382282824107507
29546,1,-1.004709487265234
29547,1,-0.9769628868466187
29548,1,-1.0613952863401162
29550,1,-1.02851306525111
29551,1,-1.0610402386361333
29552,1,-1.0308849226336285
29556,1,-1.0354428691331972
29565,1,-1.0493262199943758
29567,1,-1.026672754647387
29570,1,-1.0070664504547813
29572,1,-1.028283670712367
29585,1,-1.0039251628648378
29588,1,-1.0230862383871413
29589,1,-1.039613774076695
29591,1,-1.0848384480122495
29624,1,-0.9531715615086795
29627,1,-1.0171858321167397
29629,1,-1.0101395285559813
29632,1,-0.976061177070662
29636,1,-1.0314380090998987
29652,1,-1.0255355946007798
29662,1,-1.0079770761154108
29671,1,-1.0093874225418824
29681,1,-0.9837860285202495
29688,1,-1.0152033414457282
29689,1,-1.007568208894273
29691,1,-1.00578227952052
29692,1,-1.020050495183452
29694,1,-1.031615850381438
29695,1,-0.9645319968417652
29704,1,-1.0020523202268985
29718,1,-1.0529985542724196
29724,1,-1.0043658267723774
29729,1,-1.0680475703554713
29735,1,-0.9895752838399451
29744,1,-0.9291059715641746
29746,1,-1.026064172520259
29748,1,-0.9144221317616246
29754,1,-1.027329647172341
29756,1,-0.9980344545717098
29759,1,-1.0354975255114798
29768,1,-1.024278718174381
29784,1,-0.9854681059677777
29806,1,-1.0080385977983353
29807,1,-1.035694385517977
29812,1,-1.0311254979127098
29813,1,-1.034367631073101
29818,1,-1.016290892550261
29819,1,-1.0308961872763476
29820,1,-1.0673481343639604
29827,1,-1.0821305302407525
29838,1,-1.0822901592139673
29857,1,-1.0139050310043407
29858,1,-1.005119417452064
29867,1,-1.0446827795727898
29868,1,-1.0258155817666144
29877,1,-1.0433764663886003
29883,1,-1.0161592336963077
29885,1,-1.0290050962748933
29888,1,-1.043981782349186
29898,1,-1.0092924521246038
29899,1,-1.0504557740700977
29903,1,-1.0461780323999483
29913,1,-1.0217194880324865
29915,1,-1.0077950721072058
29923,1,-1.0403496335877995
29926,1,-1.0274546563643185
29930,1,-0.995862174767695
29941,1,-1.0250472930446226
29946,1,-1.0116169143541214
29953,1,-1.0511267667804136
29963,1,-0.9524447563621268
29966,1,-0.9342634978924323
29969,1,-0.9784448444549871
29974,1,-0.8789463642350491
29989,1,-0.9585941548094379
29990,1,-0.8619426002000853
30008,1,-0.9971014570456211
30016,1,-0.9529729380694568
30017,1,-0.9352589407337045
30029,1,-0.7461664819497212
30043,1,-0.9795560891570072
30052,1,-1.0448428730281432
30060,1,-1.0116944728440909
30061,1,-1.0427209767163506
30070,1,-0.9906346059642276
30071,1,-1.000010533733795
30084,1,-0.8801537682074309
30089,1,-1.0088514032122946
30090,1,-0.9812621742764993
30098,1,-1.0558711589323333
30125,1,-0.9412562832602043
30136,1,-0.0216605299159629
30138,1,-0.022452223859808274
30143,1,-0.9965945426250555
30153,1,0.14796981772462325
30184,1,0.49231282056642944
30187,1,-1.0080696888581073
30190,1,0.02923753094979442
30194,1,0.25883056267627247
30205,1,-1.0028851376607124
30212,1,-1.0097880180090582
30215,1,-1.0627724806896057
30222,1,-1.0051666839196736
30224,1,-0.9526129603613498
30233,1,-0.9798790465688199
30238,1,0.4927430065893771
30245,1,-1.0056760914809788
30250,1,-1.0470834687703598
30257,1,-1.0855426605945036
30265,1,0.3439319083082705
30268,1,-1.0195685617083339
30269,1,-0.9839296896685867
30270,1,-1.009051457247572
30282,1,-0.9748822800956072
30290,1,-0.9440848635600916
30291,1,-1.0009094492906905
30296,1,-0.9732073206849279
30307,1,0.25189371851414455
30308,1,-0.9494758458054535
30315,1,-1.0053159520143888
30317,1,-1.087965359376208
30323,1,-1.031975089902414
30330,1,-0.9997973328630205
30332,1,0.4138928135432093
30334,1,-1.1076832579083549
30335,1,-1.0290533900272258
30362,1,-1.0126935615722665
30367,1,-0.9909226127591018
30373,1,-1.0274505595853416
30388,1,-0.9944312368874314
30401,1,-1.0068804511219789
30404,1,-0.9993157047548165
30411,1,-0.9736939863284675
30415,1,-0.928277117338593
30418,1,-0.1968537553395936
30423,1,0.1978227255143734
30426,1,-1.0013806521837032
30435,1,-1.1030935586457145
30444,1,-1.00071789630618
30452,1,-1.0338574962062466
30471,1,-1.0083802898988408
30476,1,-1.0052950542693586
30483,1,-1.014971226947452
30490,1,-1.0511591575701529
30496,1,-0.9999675385431845
30508,1,-1.0018166685602103
30513,1,-1.0356400991325743
30519,1,-1.0693505435308621
30521,1,-1.0082995227714249
30530,1,-1.013522485341614
30544,1,-0.43814306120807
30551,1,-0.989639260873733
30553,1,-1.0102368780421622
30558,1,-1.045731755981367
30563,1,-0.9611679020002437
30565,1,-1.0392754085929152
30567,1,-1.0141146615993923
30575,1,-1.0202976209157262
30583,1,-1.0101382243975046
30585,1,-1.0163493236909167
30588,1,-1.0036314968539188
30598,1,-1.001182281246528
30599,1,-1.0131006307434511
30600,1,-1.0486994281289248
30601,1,-1.0052015228191145
30610,1,-1.0976933150841077
30613,1,-1.0037285551013708
30619,1,-1.0228283973488026
30625,1,-1.064698241333738
30630,1,-1.051346199019128
30637,1,-1.0074694801044972
30648,1,-1.0015620509862078
30649,1,-1.0024888794828049
30669,1,-1.0084984126733394
30672,1,-1.0165225695059896
30674,1,-1.0034165515522777
30675,1,-0.9999809160479708
30683,1,-1.0058236385003259
30692,1,-1.0176690536773139
30694,1,-1.0176690536773139
30697,1,-1.0031562501348341
30701,1,-1.0492196556592206
30704,1,-1.0123502186156932
30721,1,-1.0601949165791344
30723,1,-1.000131401600476
30736,1,-1.020908671761299
30740,1,-1.0160286395793818
30749,1,-1.0125581536415762
30753,1,-1.0003190557000057
30771,1,-1.026788274571782
30772,1,-1.0125570383190357
30780,1,-1.0021230601157893
30789,1,-1.004963072199121
30799,1,-1.0089136074333747
30803,1,-1.0141413258572753
30806,1,-1.0977277831826093
30807,1,-1.0076065389554123
30811,1,-1.002473413956996
30821,1,-1.0117340888542552
30828,1,-1.102722614605106
30838,1,-1.0055544062803636
30847,1,-1.0092150184484383
30855,1,-1.0246639327970206
30856,1,-1.0025223677176616
30860,1,-0.9984867099626497
30862,1,-1.0037639983655826
30866,1,-1.0177498572851191
30872,1,-0.9957351517839603
30873,1,-1.0052540783755817
30878,1,-1.0006831416222395
30883,1,-0.9990476204750443
30889,1,-1.0055033063929524
30897,1,-1.0082196969329447
30903,1,-1.0438161809082236
30904,1,-1.0223127574602957
30905,1,-0.998445433622441
30906,1,-0.9884072005577578
30913,1,-1.0425741335427534
30919,1,-1.0256772519977928
30920,1,-1.0108024046189974
30926,1,-0.9702486851945706
30933,1,-1.004605237277594
30935,1,-1.0031562501348341
30936,1,-1.0073008633979734
30938,1,-1.0513879629986822
30940,1,-1.0217761273084087
30945,1,-1.0076357982238107
30951,1,-1.010141681829428
30952,1,-1.0270568136789269
30977,1,-1.005267692100502
30980,1,-1.0037029559583353
31002,1,-1.0089942763757098
31018,1,-1.0037879801022598
31023,1,-1.010554780401104
31035,1,-1.0295424413643177
31038,1,-1.024666900758055
31050,1,-1.0339376140944565
31066,1,-1.0168260595533634
31073,1,-1.01173497857602
31074,1,-1.0042004936986801
31098,1,-0.9977974428576899
31103,1,-0.9991495074334462
31105,1,-1.0044985827275248
31107,1,-0.9924639562804967
31109,1,-0.9953770440959099
31110,1,-1.0288032950848367
31112,1,-0.9989999638317448
31113,1,-1.014081204234854
31122,1,-1.0176555164389918
31129,1,-1.0166659400947955
31135,1,-0.9926953609602953
31144,1,-1.0236708152914815
31156,1,-1.0031616429187862
31160,1,-1.0166609239084976
31180,1,-1.0205265461806374
31194,1,-0.9930768432699951
31204,1,-1.0196588413567795
31205,1,-1.0003013805240824
31212,1,-1.0060832791875363
31220,1,-1.0486624323118279
31226,1,-1.0100130936933933
31227,1,-1.0137440116499834
31228,1,-1.0059490826762136
31237,1,-1.0671360560644376
31239,1,-0.9994829886162878
31240,1,-0.7582174990937345
31242,1,-1.0149905312693521
31246,1,-0.9867061313679619
31257,1,-1.0057957503099073
31264,1,-1.0323780860242344
31267,1,-1.0602702901097203
31275,1,-0.9881119629266705
31277,1,-0.985782550977732
31284,1,-1.0086616431928843
31286,1,-1.0002239144412433
31298,1,-1.0064831357519335
31309,1,-1.0085007490797384
31311,1,-1.0044174221151358
31312,1,-1.0075511590066615
31315,1,-1.0334484641668382
31324,1,-0.9932901275490782
31325,1,-0.9998188582049533
31326,1,-1.0179983300822455
31332,1,-1.0167185543507529
31336,1,-1.0098674197309352
31351,1,-1.0038204241462219
31352,1,-1.0377153767475424
31357,1,-1.033209415758121
31361,1,-0.9968958226939039
31378,1,-1.1115442216599198
31385,1,-1.0356048466442895
31386,1,-1.015961069658098
31390,1,-0.9846280017094365
31391,1,-1.0129461980428611
31401,1,-1.048896736905019
31406,1,-1.0042748534934978
31407,1,-0.9957939777884672
31417,1,-1.0062851222123699
31452,1,-1.00534814816869
31459,1,-1.0073633310852999
31469,1,-1.0063908525518694
31470,1,-1.002801626745562
31471,1,-1.0032268268780962
31474,1,-0.999050670830339
31475,1,-1.0203687988900072
31481,1,-1.0020052474940364
31485,1,-1.0037903871370601
31487,1,-1.0099771813905853
31496,1,-1.006262992932824
31497,1,-1.008849214947804
31507,1,-0.9993238386298913
31508,1,-1.0101632933947786
31528,1,-1.006110131111234
31529,1,-1.0387920998580353
31536,1,-1.0010103875784202
31543,1,-1.0033143320100595
31553,1,-1.008922799644711
31574,1,-1.0752185002601116
31582,1,-1.0218254908054178
31589,1,-1.0301150361022224
31594,1,-1.0146896182352079
31598,1,-0.9787015219289971
31601,1,-1.0135372727185827
31605,1,-0.5246081436544275
31611,1,-1.02811337609928
31612,1,-1.006415027865041
31615,1,-0.9950621560899358
31619,1,-1.0036278337637432
31623,1,-1.0276555521955135
31632,1,-1.0158663750525143
31644,1,-1.0078624702934524
31649,1,-1.0007543926873212
31657,1,-1.0088165013807984
31664,1,-1.0364616958989374
31680,1,-1.0059649567774949
31681,1,-0.9999256795521069
31682,1,-1.0169887995703777
31685,1,-1.0277628565150687
31688,1,-0.9850436648785035
31691,1,-1.0461245332614535
31694,1,-0.9852111768307673
31701,1,-1.015462530117992
31717,1,-1.0274743233061367
31721,1,-1.0068917144757095
31723,1,-1.0254771070277118
31737,1,-1.0069284272830608
31741,1,-1.0167395980726786
31744,1,-0.9967892164284576
31747,1,-1.003665981117809
31752,1,-1.0049416055206415
31755,1,-1.0180976451675234
31760,1,-1.0137767727455098
31765,1,-1.0151652611315303
31770,1,-1.029926384431852
31771,1,-1.0995555888959472
31773,1,-1.0186672222903659
31781,1,-1.0250626703401564
31788,1,-1.016340985481738
31792,1,-1.0073178638723488
31801,1,-1.0220148846332713
31808,1,-1.01361217194022
31818,1,-1.014445946823301
31826,1,-1.031225427100419
31827,1,-1.0200866864611036
31834,1,-1.006415027865041
31837,1,-1.030946042683895
31847,1,-1.009702201831887
31848,1,-1.0161886635824036
31850,1,-1.0033488279050529
31858,1,-1.0019367940641637
31863,1,-1.0008313701491975
31871,1,-1.0014486708814823
31878,1,-1.0589677640623445
31881,1,-1.007190578877431
31891,1,-1.014899925290793
31901,1,-1.0332731371855133
31911,1,-0.9850216791451373
31912,1,-1.0044312754621187
31934,1,-1.00371692297582
31939,1,-1.0044061978855665
31941,1,-1.0339758394830283
31945,1,-1.0789716703576642
31953,1,-0.07748119844438861
31964,1,-1.061978750347424
31966,1,-1.008755245755463
31967,1,-1.0088168549597216
31969,1,-1.0027543885178096
31979,1,-0.9965561180355462
31980,1,-1.024594974124593
31981,1,-1.0039564717976948
31982,1,-0.7113640103913992
32000,1,-1.0050708357397882
32008,1,-1.0217517822243016
32009,1,-1.0686446457585836
32014,1,-1.0647755721962082
32035,1,-0.8480759384784569
32045,1,-1.0115890690440827
32057,1,-1.0240791925554786
32066,1,-1.019581166855692
32070,1,-1.0149780543126017
32071,1,-0.99942646748057
32072,1,-1.0190452270311074
32075,1,-1.0258709661600793
32076,1,-1.0025929126068838
32081,1,-1.005285148174844
32083,1,-0.990976441272437
32084,1,-0.990976441272437
32101,1,-1.0030349824039864
32106,1,-0.9837207270543438
32107,1,-0.9869014208340867
32112,1,-1.0151790190312306
32114,1,-1.0140009024080068
32117,1,-1.0128736705723438
32125,1,-1.0628925392473692
32127,1,-1.0028743161037101
32128,1,-1.0007730398030812
32133,1,-1.0111344640273605
32141,1,-1.0036877468528398
32142,1,-1.0010095684575335
32146,1,-1.0124644675550847
32150,1,-1.0195356679783334
32152,1,-1.0009038477678547
32158,1,-1.018404228443749
32162,1,-1.0724326891670868
32171,1,-1.0278670909576837
32190,1,-1.1088370304656525
32201,1,-1.0686026574709195
32214,1,-1.0034122648067378
32221,1,-1.0117463528632924
32222,1,-1.078081733150141
32232,1,-1.0125473375540095
32239,1,-1.0007028169222105
32245,1,-1.0096420606960324
32253,1,-0.9920467047257928
32256,1,-1.0009972841403092
32259,1,-1.0059045450429895
32261,1,-0.9108753445800165
32262,1,-1.005695581646108
32269,1,-1.0246057419191645
32273,1,-0.9933657785654736
32274,1,-1.0037605502790805
32276,1,-1.0064935512735542
32279,1,-1.0064733712272884
32286,1,-1.0005430019042794
32289,1,-1.0138946983511112
32300,1,-0.9905097680168946
32308,1,-1.0042016136822833
32315,1,-1.0074511624232625
32331,1,-1.0010891363905141
32342,1,-1.000924580041383
32346,1,-0.9999269088929739
32348,1,-1.0021770195632713
32349,1,-0.9999269088929739
32350,1,-1.0075425030326115
32353,1,-1.0042089421837286
32361,1,-1.097034690543964
32362,1,-0.9999398062886102
32363,1,-1.0165330096704097
32365,1,-1.0054496317257215
32368,1,-1.0226010355902155
32378,1,-1.0250966487242958
32383,1,-1.0084905429544053
32384,1,-1.1289713879946266
32386,1,-1.0015737471399087
32392,1,-1.0110260096469814
32394,1,-1.0561160644236702
32395,1,-1.009679313549448
32400,1,-1.0117257798086576
32401,1,-1.0165292050779597
32402,1,-1.002525064297151
32415,1,-1.0059384104750464
32417,1,-1.0127310451245861
32421,1,-1.0088036489458196
32429,1,-1.054051493172683
32430,1,-1.0069215100913618
32437,1,-1.016236795030676
32444,1,-0.9986817657481184
32445,1,-1.0033920648937267
32447,1,-1.0072347717400922
32455,1,-1.011437707869466
32462,1,-1.0032797595381453
32467,1,-0.9999673653251465
32477,1,-1.0151388855902677
32480,1,-1.0280028268583352
32484,1,-1.013490516043991
32485,1,-1.000551418555526
32489,1,-1.000462452230099
32491,1,-1.0228662825012145
32505,1,-1.0017830545819226
32510,1,-1.0067732292807936
32524,1,-1.0601644585497905
32534,1,-1.0080613284935458
32546,1,-0.9999477734424075
32554,1,-1.0093386128894313
32563,1,-1.1299298427532865
32568,1,-1.0116233921676812
32574,1,-1.0221637026801096
32595,1,-1.0059826773558656
32599,1,-1.019841181750549
32602,1,-1.0050728348535403
32605,1,-1.0197603199924583
32610,1,-1.0113417094414996
32611,1,-1.001658676185737
32624,1,-1.0042601899630346
32632,1,-1.0385077419615303
32633,1,-1.0019463064957495
32637,1,-0.8980605596681742
32642,1,-0.9997929820154213
32643,1,-1.009821022869004
32648,1,-1.0080269779986055
32660,1,-1.0060155378567188
32661,1,-1.0115802494606454
32662,1,-1.008842192361775
32669,1,-1.0111527188283795
32673,1,-1.0121016406193863
32674,1,-1.0063061454028919
32676,1,-1.0063061454028919
32677,1,-1.1083127227960938
32684,1,-1.0083263640564695
32688,1,-0.9989016299495856
32691,1,-1.0037521890382255
32693,1,-1.0067884168740615
32699,1,-1.0028481632044257
32706,1,-1.0026645492554853
32708,1,-1.0223225725337302
32710,1,-1.0116357257526636
32716,1,-1.0642793999811846
32724,1,-1.0103997512057248
32727,1,-1.0645179183079096
32735,1,-1.013286312948082
32744,1,-1.050036013654725
32749,1,-0.9958688295119763
32757,1,-1.008109095003186
32770,1,-1.0045857603173998
32771,1,-1.0513069890293436
32780,1,-1.0043682588453797
32784,1,-1.0185873194926554
32786,1,-1.004985291523829
32789,1,-1.0040930234005763
32791,1,-1.0003480625617986
32797,1,-1.010861010049402
32805,1,-0.9976841928394857
32817,1,-1.0154553444510401
32829,1,-1.0037554517210348
32838,1,-0.9919957505157415
32843,1,-1.0326648507110945
32850,1,-1.0095274210165266
32858,1,-1.0165037736195202
32863,1,-1.0290831515464864
32864,1,-1.0057622899524767
32867,1,-1.0790372865930316
32879,1,-0.9978013811311763
32885,1,-1.0124316326807565
32895,1,-1.032525590910135
32898,1,-1.016984793176498
32899,1,-1.0371349456645977
32907,1,-1.0421061507483573
32913,1,-1.0198518840132134
32915,1,-1.010773372925719
32919,1,-1.00505499068218
32923,1,-0.9985697457320857
32930,1,-1.0746070050437075
32935,1,-1.0067000078977888
32938,1,-0.993094133105618
32949,1,-1.0106779595657311
32957,1,-1.008012674770923
32963,1,-1.0052925630331644
32968,1,-1.0231700676695872
32971,1,-1.0058672627777596
32972,1,-1.0049180357067555
32979,1,-1.042367085297245
33002,1,-1.0051421932557778
33005,1,-1.0107830817668677
33006,1,-1.0257911554677557
33007,1,-1.0039002064422622
33008,1,-1.0183824618838107
33021,1,-1.002203872823161
33029,1,-0.9944487744659742
33031,1,-0.9773103147341724
33041,1,-1.004035600034261
33052,1,-1.0294234100954929
33054,1,-1.000165266509153
33060,1,-1.0001296106753863
33074,1,-0.9915348314883499
33080,1,-1.0045348842069608
33081,1,-0.9784150510018943
33091,1,-1.0106977191155484
33101,1,-1.0564529748115201
33103,1,-0.9915221561009869
33107,1,-1.1095813517194313
33124,1,-1.002648964177947
33132,1,-1.033792626133649
33140,1,-0.9949244842706277
33153,1,-1.002572693421154
33157,1,-1.0085749499272072
33159,1,-0.999081293235146
33166,1,-0.9991611127432207
33173,1,-1.0405374794807645
33180,1,-0.9920496046830161
33183,1,-1.0175907034225384
33194,1,-1.0105234560126368
33200,1,-1.0050303703057561
33201,1,-1.0327594643993245
33204,1,-0.9989598822208465
33206,1,-1.0276472784028572
33221,1,-1.0171998833481006
33246,1,-0.9997892932932079
33254,1,-1.0530790177626876
33258,1,-1.095540090445144
33262,1,-1.0091643394793552
33268,1,-0.9996653732192968
33271,1,-1.026917948075869
33283,1,-1.0040713394313285
33287,1,-1.0550459715385725
33295,1,-0.9659499524477851
33300,1,-1.0522108901737495
33302,1,-1.001551266904237
33310,1,-0.9792789164381928
33322,1,-1.0310368113123853
33327,1,-1.0043681227861343
33329,1,-0.9998347212701454
33331,1,-1.1208501061866225
33333,1,-1.0041353800807573
33335,1,-1.002181456952792
33343,1,-0.9849164171584897
33348,1,-0.999924459084809
33367,1,-1.0076189217930553
33372,1,-1.0290626871833208
33375,1,-0.9990527234520998
33377,1,-1.0270562073314797
33394,1,-1.0168246214927832
33395,1,-1.0097598653578288
33404,1,-1.013955646642366
33416,1,-1.0215945677486882
33419,1,-1.010411015453109
33420,1,-1.0202346065216426
33421,1,-0.9976523380354719
33432,1,-1.02131010749991
33434,1,-1.0177137555715896
33435,1,-1.0152636240220332
33437,1,-0.9971819471552048
33440,1,-1.0068856356745708
33442,1,-1.0262985124057051
33460,1,-1.043908431380685
33463,1,-0.9978717278646223
33465,1,-1.008995698681231
33473,1,-1.032409146819431
33483,1,-1.00355774740772
33523,1,-1.0127829260299461
33526,1,-0.9964980635150168
33527,1,-1.0038576123061942
33549,1,-1.0387745678806475
33554,1,-1.062017805414571
33557,1,-0.9997619090702428
33561,1,-1.0709270343542883
33570,1,-1.0762944337214482
33581,1,-1.108172406463272
33583,1,-1.0447607597664896
33587,1,-1.004080066200476
33592,1,-1.0195958646596353
33599,1,-1.0183643359280719
33602,1,-1.0340587124492482
33603,1,-0.989908393888701
33624,1,-1.0984925649616069
33625,1,-1.0101377414782349
33629,1,-1.0640186114890184
33630,1,-1.0213120122131292
33632,1,-1.0186530623947223
33640,1,-1.0126068095480265
33641,1,-1.0014392296654473
33644,1,-1.0203440113424436
33650,1,-1.0006038090113907
33652,1,-0.993921179396214
33663,1,-0.9740212323511912
33672,1,-1.0135285031618269
33676,1,-0.991917159968347
33682,1,-0.9960289516219857
33683,1,-1.0039178717403674
33687,1,-1.0039178717403674
33688,1,-1.0072945234085506
33696,1,-1.0073935713502236
33700,1,-0.9981800094959211
33701,1,-1.0702904741838906
33703,1,-0.964534740871231
33708,1,-0.9818846539757751
33709,1,-0.9990603454389531
33710,1,-1.0061289778599833
33718,1,-1.0028184769055044
33721,1,-1.0150715122881344
33729,1,-1.0365485398033378
33742,1,-1.0017159852902657
33751,1,-1.0039689884526597
33754,1,-0.9998679284047739
33762,1,-1.0164319335313339
33772,1,-1.0014805926252062
33790,1,-1.0127585144057947
33807,1,-1.0140723193567864
33813,1,-1.0077544122237636
33821,1,-1.0153856634509852
33832,1,-1.075751061724426
33835,1,-1.002580616728331
33837,1,-1.0123433412053453
33840,1,-1.024573930160341
33841,1,-0.9994492044375198
33845,1,-0.9979058471199118
33848,1,-1.0182929575065975
33852,1,-1.0256044732038694
33859,1,-1.000012630245036
33861,1,-1.0104563113883807
33865,1,-0.9990210478728958
33866,1,-1.0078726663060125
33873,1,-1.0044731056585003
33874,1,-0.9897269147449356
33885,1,-1.0628197487748436
33891,1,-1.0324725008865654
33895,1,-0.9972449193933572
33896,1,-1.004304229219788
33906,1,-1.007960523454162
33908,1,-0.9992415192721116
33909,1,-1.0146078121818276
33917,1,-0.9828231214519056
33920,1,-1.0058698558806276
33923,1,-0.9852344790103212
33926,1,-1.0008869348931466
33928,1,-1.0281844247411027
33930,1,-1.000650760710054
33934,1,-1.0301004556875717
33944,1,-1.0106907580976099
33946,1,-0.99925607491353
33950,1,-1.013531656307263
33969,1,-1.0183548001194274
33972,1,-1.0169020908501138
33973,1,-0.9979019240522774
33975,1,-1.0042472729289238
33981,1,-1.0320350710857744
33982,1,-1.0136601418353612
33985,1,-1.0298243157464513
33988,1,-0.769676622872719
33991,1,-1.0178653472809343
33998,1,-1.0001699345343615
34001,1,-1.0611818954575372
34002,1,-1.0008869348931466
34004,1,-0.9860495021067935
34005,1,-1.003925461356578
34017,1,-0.9958141155124102
34021,1,-1.0127695046315213
34023,1,-0.9911301752673591
34037,1,-0.9993048243620858
34040,1,-1.0443488826727978
34044,1,-1.0277148726656937
34047,1,-1.0443488826727978
34056,1,-1.0066282469086345
34057,1,-0.9994628135487434
34066,1,-1.0086742713739087
34093,1,-1.002701025758805
34097,1,-1.0003275610934674
34098,1,-1.004888993235436
34109,1,-0.9910072735917148
34121,1,-0.5928149286845789
34123,1,-1.0140099241483367
34130,1,-0.999732129392463
34133,1,-0.9980413174989359
34148,1,-1.0015347890766748
34163,1,-1.0755124784444023
34166,1,-0.9910532240067381
34181,1,-1.000876416609318
34191,1,-1.0022183103463922
34198,1,-1.0029633735141426
34204,1,-1.0704739923099909
34205,1,-1.0302035085073167
34217,1,-1.050423221681074
34222,1,-1.0020931052457467
34223,1,-1.0374546723132392
34224,1,-1.0276226812363498
34253,1,-1.0188741038863869
34259,1,-1.0114146827939883
34264,1,-1.035440228874804
34272,1,-1.000371079651727
34273,1,-1.0558008251484703
34275,1,-0.8907133998359202
34277,1,-0.981151741723377
34278,1,-1.007071180535028
34284,1,-1.0261735410824575
34303,1,-1.003782391365421
34304,1,-1.041147354917447
34319,1,-1.0125809764798714
34320,1,-1.0056276352082492
34323,1,-1.0156326045568667
34328,1,-1.0075422659457476
34330,1,-1.0019802275154157
34340,1,-1.0057004597108323
34350,1,-1.0002252366583086
34353,1,-0.9858148652018566
34363,1,-1.00175934511805
34366,1,-1.0221995235570431
34382,1,-1.0396314643347768
34386,1,-1.0048315690775553
34392,1,-1.0062505904248265
34400,1,-0.9982787589655948
34411,1,-1.0114575836151976
34412,1,-1.00716736922353
34415,1,-1.0169513360466196
34416,1,-1.061918168151101
34420,1,-1.0365649336228773
34435,1,-1.031402836173109
34436,1,-1.0013646217387262
34446,1,-1.1003199092211395
34455,1,-1.019115551846531
34457,1,-1.0979260399092008
34465,1,-0.9996814117287345
34474,1,-1.0033749783356087
34489,1,-1.014271895829005
34494,1,-1.0131703749047816
34507,1,-1.0140134115124768
34511,1,-1.0002145751645404
34514,1,-1.0224107077025957
34519,1,-1.0042922955279914
34527,1,-1.0919180753025288
34532,1,-1.0111784725025297
34541,1,-1.0065221232336177
34547,1,-1.0196889606865718
34561,1,-1.018284921032695
34567,1,-1.0007408930475408
34583,1,-1.015299663879989
34589,1,-1.0028285013904985
34604,1,-1.0023438848228943
34620,1,-1.027192167229762
34626,1,-1.0058188240418824
34628,1,-0.9995607042276128
34632,1,-1.0160400258605065
34635,1,-1.0058931953291868
34640,1,-1.0102642974261549
34641,1,-1.005930812468524
34642,1,-1.0381950721108726
34645,1,-1.0480540024935383
34647,1,-0.9964271689090445
34661,1,-1.0621453880430978
34670,1,-1.0162524560442268
34672,1,-1.0570197243310762
34676,1,-1.0190251700607804
34689,1,-1.0958640045273702
34695,1,-1.0114985805265393
34704,1,-0.9498256531319608
34710,1,-1.0044949589193177
34717,1,-0.9797036592044406
34721,1,-1.0151191881588475
34726,1,-1.0290445056403414
34731,1,-1.0400821220900835
34737,1,-0.9905766806589832
34742,1,-0.8437759006961554
34743,1,-0.9900321375655093
34752,1,-1.0285025217452475
34753,1,-0.9920692661509374
34754,1,-1.0084789403261125
34759,1,-1.060638275562368
34770,1,-1.0004302156456912
34772,1,-1.0320389814752167
34778,1,-1.0277451443743375
34787,1,-1.009653382771245
34793,1,-1.003632012314053
34795,1,-1.001568575099162
34799,1,-1.0059871512654122
34800,1,-1.0000327949209191
34804,1,-1.0139528907773094
34811,1,-1.0060297738523456
34817,1,-0.9993196097691045
34820,1,-1.0075287473467225
34828,1,-1.0074449094086972
34831,1,-0.9997794776934916
34838,1,-1.0011922495681902
34840,1,-1.0048346692591805
34855,1,-1.0363152472917863
34856,1,-1.0381864351446517
34861,1,-0.9960764324350346
34867,1,-1.0480942795553747
34868,1,-1.0193104377582325
34869,1,-1.0055553392841168
34871,1,-1.0072989334067155
34883,1,-1.0063483282982892
34910,1,-1.0002981065525578
34911,1,-1.0040454403908883
34912,1,-0.9978412338477187
34920,1,-1.0013022603002943
34959,1,-0.9943696384458244
34970,1,-1.0158590796136302
34977,1,-1.0106434502473909
34988,1,-1.0372544691397239
34996,1,-1.152882835325419
34999,1,-1.0111169324998586
35003,1,-1.011434876158663
35011,1,-0.9980567094230811
35028,1,-0.9988897525347634
35040,1,-0.9998527944719495
35043,1,-0.9764730512816928
35048,1,-0.9977973316906393
35050,1,-0.9941639673629838
35052,1,-0.997014716866476
35070,1,-1.005981258716609
35076,1,-1.0418497140184346
35110,1,-0.9814281802121528
35116,1,-1.0581869620146578
35118,1,-0.9959402353693756
35119,1,-1.0091325157801654
35133,1,-1.0043184160257619
35134,1,-1.0196649250467806
35136,1,-1.0212821784914388
35146,1,-1.0024329234840426
35149,1,-0.9943900939326
35154,1,-1.0038969113543978
35157,1,-1.0223544980676587
35170,1,-1.0112755230494377
35179,1,-1.0280912362847694
35186,1,-1.005806118684937
35187,1,-1.008471475253479
35188,1,-1.0006211832524354
35192,1,-1.0775169357725827
35195,1,-0.9909454858013602
35196,1,-1.0003632913466103
35202,1,-1.0192719089920412
35207,1,-1.0201860358333668
35209,1,-0.9960776915033058
35211,1,-0.9941218335521693
35219,1,-0.9846115344678528
35221,1,-1.0127952604105461
35231,1,-1.0212089498419892
35233,1,-1.0088456854367114
35236,1,-1.0389396231577162
35242,1,-1.0055834756748405
35251,1,-0.9948672609080741
35254,1,-1.0401250707137786
35262,1,-0.9960677883343922
35267,1,-1.0267271256817703
35285,1,-0.9959465572327867
35290,1,-1.0660730718064912
35295,1,-1.000953901175011
35301,1,-1.00004897154883
35309,1,-1.0016271071760532
35339,1,-1.0044653113479964
35344,1,-1.0067365064646077
35345,1,-1.0266550563088055
35347,1,-1.059574155882303
35348,1,-1.0120372020807622
35352,1,-1.0216544309820752
35355,1,-1.0100851333899885
35365,1,-1.0051896651762626
35370,1,-1.0126673675322961
35371,1,-1.0198533017168154
35386,1,-1.0109450046658037
35394,1,-1.0371304996249209
35403,1,-0.9854474288741096
35405,1,-1.0423003683153955
35419,1,-1.060668565443009
35420,1,-1.0285989058622462
35423,1,-1.0209064420085208
35440,1,-1.0258457437989135
35447,1,-1.0201664809665423
35457,1,-1.0233538438133563
35460,1,-1.010543690512817
35463,1,-1.0050430324398236
35467,1,-0.9992641648549199
35474,1,-1.009482465529653
35492,1,-1.0608050124771573
35503,1,-0.9799303687725464
35522,1,-1.0008637150112905
35525,1,-0.9758737458712011
35541,1,-1.008405136647072
35543,1,-1.0127650170013847
35548,1,-1.0101852386566321
35550,1,-1.001096809234861
35560,1,-1.0091089383066614
35561,1,-0.9920646879275885
35567,1,-1.0733434701244375
35570,1,-1.0060486849822508
35574,1,-1.0076496409968783
35582,1,-1.004581403258519
35589,1,-1.0028490831801955
35601,1,-1.0008124125459315
35607,1,-1.0090878595949744
35610,1,-1.006550158464247
35615,1,-1.011317733890615
35630,1,-1.0011782616876654
35632,1,-0.9999902421816451
35634,1,-0.9958776334152846
35641,1,-1.0104967372855795
35648,1,-1.0003942596817175
35655,1,-1.0774139140080727
35657,1,-1.0072180847903949
35680,1,-0.999589558285406
35682,1,-1.0067462739480662
35686,1,-1.0285509917453908
35689,1,-1.0289625486976728
35695,1,-0.9954277707782254
35714,1,-1.0052726517657617
35717,1,-1.015958675001139
35721,1,-1.0299539531756092
35730,1,-1.004552973704043
35731,1,-1.0115800761039986
35732,1,-1.012407267961398
35736,1,-1.001492540705938
35738,1,-1.0073283692438906
35740,1,-1.0362658968785223
35742,1,-0.9997665959554002
35744,1,-1.0148392148671126
35754,1,-1.0134659918378799
35755,1,-0.9786914462589109
35764,1,-0.999069565558252
35769,1,-1.0109768895439588
35771,1,-1.011509574205809
35786,1,-0.9797228067985672
35799,1,-1.0076504414063812
35822,1,-0.9424259338354724
35826,1,-0.9282763520593329
35828,1,-1.0254398333719916
35830,1,-1.0052673618845385
35834,1,-0.3609073112656739
35835,1,-1.0085894093716012
35840,1,-1.035912427571053
35846,1,-1.0072860593322477
35858,1,-1.008594804235698
35861,1,-1.0450766876986033
35865,1,-1.0037843340085688
35866,1,-1.003976256588082
35867,1,-1.004741179177623
35875,1,-1.0647378089351758
35878,1,-0.9228923320519676
35884,1,-1.0073555121366697
35885,1,-1.0065945988912122
35888,1,-1.003918069210498
35894,1,-1.0408618872868327
35895,1,-1.0033391021492668
35900,1,-1.0191061739973686
35905,1,-1.0022898306490833
35907,1,-0.995912728312597
35914,1,-1.0020742134533203
35920,1,-1.0341944997114882
35922,1,-1.100269835772655
35924,1,-1.0177310540941573
35929,1,-1.0022792641645113
35937,1,-1.0001440274180906
35939,1,-1.0276004021663123
35960,1,-1.085077439010743
35967,1,-1.0000063369123984
35969,1,-0.9995590355385109
35976,1,-0.3657729284092539
35979,1,-1.0179383067110765
35989,1,-1.0002611817726557
35995,1,-1.03010748980651
35998,1,-0.996171445681806
36001,1,-1.0056507736021685
36004,1,-1.0318520617238671
36005,1,-1.001917422623388
36007,1,-1.0018628711088582
36008,1,-0.9904434455626772
36009,1,-1.0065619411300064
36012,1,-1.0554822052906423
36013,1,-0.9714692551706458
36014,1,-1.0058221724337135
36016,1,-1.0876916046580223
36021,1,-0.9936613319598527
36033,1,-1.0450621999038274
36037,1,-0.9994472292250433
36057,1,-1.0748159177515986
36065,1,-0.9987075953519812
36067,1,-0.9857215491743324
36077,1,-1.0084333428652994
36078,1,-0.9988389986334776
36086,1,-1.0048939291785133
36088,1,-1.0040902058191463
36102,1,-1.0033549758255478
36105,1,-0.9954006335539118
36106,1,-0.983554593307373
36120,1,-0.996829936349054
36121,1,-1.004420029018398
36124,1,-1.132359000277075
36138,1,-0.9923096169130244
36140,1,-0.8198902316085117
36148,1,-1.0187668698937054
36155,1,-0.9806141853101202
36156,1,-1.0071573912281564
36162,1,-1.0940093973302405
36163,1,-1.0447975499700117
36168,1,-0.46881102774384853
36169,1,-0.9537643835315774
36171,1,-0.9989392311639329
36175,1,-1.0062167526312233
36177,1,-1.0029771696037395
36179,1,-1.0111052159386067
36184,1,-0.5572025511084739
36191,1,-1.0814096760887688
36205,1,-1.0087581386703026
36206,1,-1.0118942642340325
36211,1,-1.0151413238164269
36225,1,-0.9800614456591604
36236,1,0.7108289005042804
36241,1,-0.9950511025916468
36245,1,0.7877741714984497
36250,1,-1.0208051102023086
36254,1,-1.0141807262940865
36263,1,-1.041213249074291
36271,1,-0.9686944698230406
36272,1,-1.0199691584116648
36288,1,-1.2269891099573649
36299,1,-1.0159536156318922
36307,1,-0.9574104074461998
36312,1,-1.0012019055872985
36323,1,-1.0287086194962036
36324,1,-1.012314326536099
36330,1,-0.9950030877109671
36336,1,-0.9454353831622304
36340,1,-0.9865451198747263
36341,1,0.7059218708355658
36358,1,-0.9728971945265057
36359,1,-1.001222141990526
36361,1,-0.8644643155987773
36363,1,0.6707389110928578
36368,1,0.788352322901751
36371,1,-0.9797441954260118
36387,1,-1.0179878442559545
36391,1,0.8000284792930944
36398,1,-0.9873477491355428
36399,1,-0.9411518162927197
36411,1,-1.0039156069445718
36426,1,-0.982890846657573
36436,1,-1.0511613604355752
36438,1,-0.9137784591455508
36449,1,-0.8846766607297946
36464,1,-0.982468211729346
36465,1,0.7315114598704825
36474,1,-1.116316618434909
36480,1,-0.910240192483989
36495,1,-0.9763744964298915
36499,1,-0.9679395683036669
36503,1,-0.9496707153794978
36507,1,-0.9466604348254966
36512,1,-0.9508076683401834
36517,1,-1.00626551511156
36543,1,-1.061028171429765
36549,1,-0.9249655985067441
36553,1,-1.0927433971325522
36554,1,-0.9554441916555011
36557,1,0.6898285106780823
36569,1,-0.9713398315372558
36572,1,-1.0057673885431284
36573,1,-1.1612197684756045
36575,1,-1.016022756069105
36580,1,-0.7927503653777775
36582,1,-0.9363734737647671
36599,1,-0.8966985016432779
36600,1,-0.9356046304981918
36624,1,-0.864419834230188
36627,1,-0.9693799004642571
36631,1,1.252596144471395
36632,1,-0.9530735664010384
36642,1,-0.875990610475726
36649,1,-0.8808416439012263
36650,1,-0.8187018264818937
36652,1,0.4003544522984872
36665,1,-1.0376827063276148
36670,1,-0.9456256230977459
36676,1,-0.9986641833913841
36685,1,-0.900837694503462
36698,1,-1.0579334552599247
36710,1,-0.872721990076372
36717,1,-1.0577880010127698
36722,1,0.8009541642721395
36727,1,-1.0236895949037423
36733,1,-0.9464024719299855
36734,1,-0.951161781538478
36740,1,-0.9828501976337178
36741,1,-1.037288196104416
36742,1,-1.0055263981408684
36744,1,-1.036818617003981
36759,1,-0.9649882056077662
36771,1,-1.013937258439863
36772,1,-1.0503242984496062
36775,1,-1.0143695099478882
36787,1,-0.9980390820947878
36791,1,-0.8874200318964793
36795,1,-0.9085324364368399
36819,1,-0.923220434531225
36829,1,-0.9431776454826815
36843,1,-0.9299818651864773
36858,1,-0.985450453117075
36859,1,-0.9829818223113538
36864,1,-0.961914440567696
36877,1,-0.9698563648551585
36882,1,-0.9881179758641392
36883,1,-0.7847835526144415
36886,1,-0.924117409515254
36890,1,-0.8547675972468982
36891,1,-0.9710775302403452
36905,1,-0.8906295460453337
36906,1,0.4643553361267011
36916,1,-0.9739901866403327
36919,1,-1.0253376452331016
36921,1,-1.0162443022479264
36923,1,0.49883174092286253
36924,1,-0.8985902194442146
36931,1,-0.9859237273882608
36936,1,-1.0097099768653297
36943,1,0.6371316407692952
36956,1,0.9120435581853944
36967,1,-0.9493027542972063
36973,1,-0.8074308882593559
36980,1,-0.8951580672644943
36982,1,-1.0639882293896605
36983,1,-0.8695982130857228
36985,1,-0.9558766361839965
36987,1,-0.9341935823358435
37012,1,-0.9771615288328783
37027,1,-0.8942810200524408
37028,1,-0.9089001935581544
37034,1,-1.0666353128221566
37038,1,-0.9549961650165171
37048,1,-1.0154423341381604
37052,1,-0.9713116603980625
37062,1,-0.9240051514591873
37064,1,-0.928467983763474
37073,1,-0.9351369254369567
37076,1,-0.954435637746651
37080,1,-0.8776732282816418
37083,1,-0.9362640391524952
37097,1,-0.9480583851127984
37112,1,-0.9714690750365494
37113,1,-1.1609747825231769
37116,1,-0.9494600609067472
37118,1,-0.8840155334628113
37130,1,-1.0285769601065078
37134,1,-0.763431030340484
37138,1,-0.9131542330419791
37144,1,-0.9764640504601558
37145,1,-0.8712780323682215
37146,1,0.7220453772558512
37149,1,-1.0517684045213265
37161,1,-0.9820821637226455
37185,1,-0.9414091370831505
37186,1,-1.040514159968566
37190,1,-0.9999359201217978
37194,1,-1.1494244897658636
37196,1,0.8557727308185522
37198,1,-0.9565083302024193
37199,1,-0.9770997126237476
37200,1,-1.0185113270473813
37201,1,-1.0393328380737934
37203,1,-1.0892542090998905
37210,1,-1.0233699743597566
37222,1,-0.9863997782630649
37225,1,-1.0308887346869071
37242,1,-1.1296910616331801
37243,1,-0.9277261899419944
37274,1,-1.0327650757115567
37285,1,0.7723322342680384
37287,1,0.7595626970858383
37289,1,-1.1630098256731403
37296,1,-0.9398468141024194
37298,1,0.36182601665091907
37310,1,-1.0905726341710453
37311,1,-0.9901465754872754
37321,1,0.629802367640966
37322,1,-1.0192495479803239
37331,1,-0.9677740575873779
37333,1,-1.112960878582073
37353,1,-0.7293930218739245
37358,1,1.1466538463949658
37364,1,-1.0359291902644103
37365,1,-0.8704618947317075
37372,1,-1.015535490507849
37373,1,-1.014239608835499
37374,1,-0.9908840741786614
37376,1,0.973941327809147
37383,1,-1.1369979258763356
37388,1,0.9562551758768142
37393,1,0.2766316302849431
37395,1,-1.000137421988716
37405,1,0.8217410775275708
37411,1,-0.9950938444558962
37412,1,-0.9021331072941848
37423,1,-1.1498729297610002
37425,1,-0.9954566666815741
37427,1,-1.0033698449010604
37441,1,-1.000899949451138
37446,1,-0.9049108700666149
37449,1,-0.9938055443436169
37455,1,-1.0379388939227283
37463,1,-0.8625309000290148
37486,1,-1.0169487143862284
37495,1,0.749764859551796
37498,1,-1.049009371390604
37499,1,-0.8348997258089463
37532,1,-0.965305963228664
37533,1,-0.9173896536134958
37549,1,-0.9928679800318163
37554,1,-1.0377841083340191
37563,1,-0.733502474971552
37565,1,-0.9721770453477225
37567,1,-0.9465755007770297
37577,1,-1.0184569360402547
37587,1,-0.735274448192366
37590,1,0.46952268918912077
37593,1,-0.9495604442216883
37596,1,-1.0568295117584308
37601,1,-1.02109361475434
37610,1,0.45388885041458527
37617,1,-1.0259326171162138
37621,1,-0.9397801462377382
37624,1,-1.0086200494091129
37628,1,-1.1365501633433144
37631,1,-1.0596551864155819
37634,1,-0.953625223448451
37636,1,-1.0304533794620183
37649,1,-1.052595856874809
37652,1,-1.108627884719425
37653,1,-1.06469215098709
37660,1,-0.8834118753019025
37666,1,-0.9263310738221597
37674,1,-0.9324206062576181
37687,1,0.519651949226953
37689,1,-0.8585907734706905
37695,1,-0.9835008424488227
37698,1,-1.0699529664669734
37708,1,0.4661344430208568
37712,1,-0.9572956668211092
37717,1,-1.112142778427405
37719,1,-0.9826504037489407
37721,1,-0.9934002687649459
37731,1,-0.9140782414098514
37732,1,-0.9122066385881225
37733,1,-1.043848314789039
37740,1,-0.9299529928028435
37744,1,-1.0544203861790162
37745,1,-0.9532718576004178
37746,1,-0.9447124950324216
37753,1,0.9990201200538725
37756,1,0.8896610450120078
37757,1,-1.087375868727801
37773,1,-1.1859139912525496
37781,1,-1.00269018813264
37788,1,-0.9598957451891155
37790,1,-0.9999146700443177
37815,1,-1.0679923444159325
37821,1,-0.9794436089537604
37830,1,-0.9905204949976434
37831,1,1.0678430129410792
37837,1,0.7291470549333522
37839,1,-0.9601463481625885
37841,1,-1.0590800842635617
37844,1,-1.0208444909148229
37848,1,-0.8753332320845515
37849,1,-0.9980655511354393
37850,1,0.7905364665955609
37853,1,-0.8780504181586394
37859,1,-0.947518085367842
37863,1,0.6411831885776765
37875,1,0.4387436926466587
37886,1,-1.0350294421384116
37889,1,-1.1826698380536058
37895,1,-0.763467563630525
37896,1,1.0804908834216485
37899,1,-0.7639469956737857
37902,1,-0.7535695674060168
37909,1,-0.817421313221403
37917,1,-0.9687897249559102
37918,1,1.03998329040969
37936,1,-0.9808357114049973
37940,1,-0.7395028889006041
37944,1,-0.8167967133590475
37950,1,-0.8908880065066167
37951,1,-1.0040896597902194
37952,1,-1.0040896597902194
37955,1,-1.0298138522379705
37961,1,-0.7698285652108688
37982,1,-1.019805790227628
37990,1,-1.1176722248873392
38021,1,-0.8772440542851572
38028,1,-1.1995967467657316
38029,1,-1.0303781670994525
38039,1,-0.7662638483189106
38041,1,-0.668940049984398
38042,1,-1.007132853785661
38044,1,-1.0488166357952626
38050,1,-0.9872607690427583
38057,1,-0.9297922908121631
38061,1,-1.0118992108242715
38062,1,-0.8872101364811268
38072,1,-0.9575394656949197
38084,1,1.1840089666935283
38088,1,1.1774343817588577
38089,1,0.6753664174337969
38092,1,-0.8542693134530863
38093,1,-1.0088265632936673
38095,1,-0.8698542178420277
38096,1,-0.8698542178420277
38100,1,-0.9709142621975815
38107,1,-1.045333762931548
38111,1,0.999461586962037
38124,1,-1.0980348681714203
38126,1,-1.0983896351063365
38134,1,-0.973405648558806
38156,1,-0.7775583984724072
38160,1,-1.002138024214756
38167,1,-0.9970263716808432
38183,1,-1.0698421088343184
38187,1,-0.7644609039256357
38190,1,-1.080408193199756
38191,1,-1.0318436391959982
38200,1,-0.836008022967006
38215,1,-0.986115648577121
38216,1,-0.8640723228798157
38225,1,-0.9218851909182619
38233,1,-0.9218851909182619
38239,1,-1.0863885651444982
38242,1,-1.2400806328666274
38243,1,-0.9742451235920322
38244,1,-0.8775872758927502
38260,1,-0.9427244236013999
38269,1,1.078657699236869
38286,1,-1.1464702414266807
38289,1,-0.8998096664054624
38291,1,-0.9333654485859311
38310,1,-0.8123599098581904
38314,1,0.8504049379193536
38317,1,-0.9166890372445602
38324,1,-0.6840555473776926
38339,1,-0.822989935244027
38341,1,-0.639875628125532
38344,1,-0.6473312912675517
38351,1,-0.9442392638953758
38359,1,-0.9963488798895523
38368,1,-0.981243533657244
38370,1,-0.589678643713319
38380,1,-1.1677041103701096
38390,1,-1.0856433098954832
38393,1,0.9667985905577227
38407,1,0.9606954856282713
38427,1,-0.9324057120305301
38431,1,1.1314769355148235
38436,1,1.1122770828192095
38444,1,-0.9456632418581454
38448,1,-0.6689254138554158
38455,1,-0.738224159009016
38458,1,-0.5424526533233859
38474,1,-1.0271678187802258
38477,1,-0.8499430483434524
38479,1,-1.0800864639212069
38480,1,-0.9764539719363874
38495,1,-0.9453087626891181
38515,1,-0.4992970884709937
38523,1,-0.8344681381431253
38528,1,-0.9135701334486483
38530,1,0.8915294019227732
38537,1,-0.876884888338719
38547,1,-0.8662926496417709
38558,1,-0.8081042661029737
38564,1,-1.0295675671653344
38568,1,-1.0196262139472239
38571,1,-0.9542717214824827
38580,1,-0.8984578361672073
38583,1,-1.0603579516485642
38584,1,-0.5917419666858466
38594,1,-0.9850981764244653
38621,1,-0.8553302947618543
38625,1,0.681975067416882
38629,1,0.6295369498671505
38643,1,-0.60278370357251
38645,1,-0.6855589747979527
38646,1,-0.7378406119854041
38652,1,-0.46610509435498326
38662,1,0.6578120135115487
38673,1,-0.6845032559267976
38678,1,-0.9074436715404718
38681,1,-0.8560321108477658
38696,1,-0.907250086883419
38703,1,0.7879969585371366
38706,1,1.0268542221775445
38713,1,-0.8315854696165641
38728,1,-0.9273488272666744
38739,1,-1.0436334575482826
38741,1,0.9899986210076831
38745,1,-0.874887583983615
38750,1,0.8063681508875019
38777,1,-0.6868879896277417
38789,1,-0.6772239958217727
38790,1,0.7071126208642139
38797,1,0.9567384425141773
38817,1,0.7762902710275627
38821,1,-0.8628168883757571
38822,1,-0.874935990379972
38830,1,-1.0509423617116975
38836,1,-0.8068058618036378
38839,1,0.8721502412413485
38842,1,-1.2906460260910428
38846,1,0.6570269026014451
38851,1,-1.0182467717546675
38856,1,-1.060874059549095
38857,1,-1.1128249815599225
38860,1,-0.8129691751074104
38865,1,-0.9532315260039581
38866,1,0.9503109280065555
38869,1,-0.981654417528353
38878,1,-0.7181727727353657
38883,1,-0.9460822244629068
38898,1,0.8680334785244451
38902,1,-0.5476657160694625
38903,1,1.151806859939391
38905,1,0.8305350376707711
38909,1,-0.5887217381340938
38912,1,0.8630557189757412
38914,1,0.6485244660662738
38920,1,-0.7292491268147382
38938,1,0.8809851504709406
38943,1,-0.7356806629589124
38951,1,-1.1532245848535982
38963,1,-0.005647708897827175
38964,1,1.0023121055428814
38981,1,-0.9139983384696375
38987,1,-0.6228405761339112
38993,1,0.7769275217122814
38994,1,-0.5390528880829752
38995,1,-0.7778229089494529
39000,1,-0.3414537659717753
39002,1,0.8713127873819756
39004,1,1.1302012569941504
39007,1,-0.3132026285968896
39016,1,-0.7709519413513689
39026,1,1.1284011206414948
39029,1,1.143315294843556
39033,1,-0.8682874099510605
39034,1,0.8549059246462721
39067,1,-0.4300561364705999
39071,1,0.9394636595530564
39079,1,-0.5620406159722952
39082,1,-0.3430780512715398
39097,1,-0.8752974025694268
39107,1,-0.45540159163162375
39111,1,-0.8489042536893583
39114,1,-0.49280152479192946
39119,1,-0.23128718252510472
39125,1,-0.1365893760140543
39126,1,-0.22250566162515406
39127,1,-0.6612234771092069
39153,1,0.9845428607770644
39164,1,1.0323595083222155
39178,1,-0.7909042032108212
39182,1,0.1172978202524726
39183,1,0.7853746663481106
39184,1,1.011182707538754
39196,1,1.0836246106371856
39198,1,0.8450386395586885
39199,1,-0.06860684325567046
39203,1,-1.0654886335309925
39209,1,0.5609010425091215
39212,1,-0.5185466521558499
39215,1,1.1577808001062317
39243,1,1.2000740164598471
39248,1,0.8953299352456
39250,1,-0.2618151440944466
39254,1,-0.6132160857826032
39255,1,1.0502200007887175
39262,1,0.8771066904653054
39271,1,-0.7870078125988201
39276,1,-0.6548002176784657
39277,1,-0.29835317535842687
39286,1,1.0960366574618026
39294,1,1.1817648542991503
39295,1,1.2748896054086178
39299,1,-0.27878495110666046
39307,1,-0.6875789584425399
39309,1,-0.2072428007941416
39313,1,0.5823270577587313
39315,1,0.873498199488706
39332,1,-0.40865380933241363
39335,1,-0.44199920280123595
39337,1,-0.017308790358069426
39343,1,-0.1787511868681771
39344,1,1.0964240149181612
39352,1,-0.36383035578168843
39355,1,-0.7860505822076793
39358,1,0.6779108196539846
39364,1,0.7995544021770845
39370,1,-0.5601212928543237
39377,1,-0.7422791991833557
39384,1,-0.3094432346711894
39391,1,-0.4418696669603709
39395,1,-0.665172066462056
39396,1,1.1467621011544105
39409,1,0.16438990617062788
39410,1,-0.29262127462216336
39411,1,0.15028016551454038
39412,1,0.8542789735503405
39413,1,-0.36571898288004095
39415,1,0.4214882263762294
39418,1,0.08062659382273518
39429,1,0.731820413113547
39444,1,1.1554261978324654
39445,1,-0.9498181415306512
39447,1,0.4041332254809553
39450,1,-0.3485266890547492
39459,1,-0.7002533525636061
39460,1,1.1503195507252784
39462,1,-0.07600813654226146
39463,1,-0.06843476023121708
39465,1,-0.4959999035136592
39469,1,-1.0409379692278853
39477,1,0.5637247801854824
39478,1,1.1309014203031822
39481,1,1.044264462025689
39488,1,0.15403543418344545
39489,1,0.6263016356505994
39497,1,0.7642700954148899
39513,1,-0.12128181720909065
39518,1,-0.9799876852194959
39524,1,-1.0032035390234162
39525,1,-0.996936706857459
39535,1,0.36032820565804846
39539,1,0.8376181706465101
39543,1,-0.04688776288926
39548,1,0.5047604682985855
39557,1,1.0911612510381428
39562,1,0.08148373548210974
39563,1,-0.7538748952250292
39564,1,-0.11286589456893631
39565,1,0.8244503925900252
39570,1,1.2498068272767275
39575,1,0.6983840282120509
39580,1,0.5744258141759201
39584,1,0.7818487275440901
39598,1,-1.0863666159418703
39600,1,-0.38369633325833874
39603,1,1.4320269775858625
39604,1,-0.3961600305993204
39607,1,1.2937432983760644
39618,1,-1.1392392846421697
39625,1,-0.4827797187980506
39629,1,0.6291220703060835
39635,1,-0.28199673423684407
39650,1,0.7341972540564708
39653,1,-1.0151166826365456
39656,1,1.1730429726105602
39660,1,1.203341352443311
39662,1,1.076616745383407
39670,1,-0.3026680678257845
39696,1,0.384939899452185
39699,1,-0.9574418148413533
39711,1,1.0314648997378084
39713,1,-0.6710635192103656
39721,1,-0.2866604135512645
39730,1,0.057532971175809244
39735,1,-0.46173307349367765
39739,1,0.4821556253258136
39744,1,0.44458653437848383
39756,1,0.2650209030611289
39762,1,-1.0653426717574828
39777,1,0.3359354941247922
39792,1,0.6062014795183354
39798,1,-1.2612033312932618
39800,1,-0.8257561679930633
39803,1,1.163896444219442
39812,1,0.8827990999060312
39831,1,0.4424350157494512
39838,1,-0.9766660314811244
39849,1,-0.6916554986195814
39858,1,-1.526868391909747
39862,1,-0.48499073297774786
39877,1,-1.2332603266735052
39879,1,-0.11911357919248233
39898,1,-1.2682497405861106
39903,1,-0.7032015187607414
39923,1,-0.8234073873283447
39940,1,-0.8891648051779591
39941,1,1.2602093400964658
39943,1,1.0508384057294622
39949,1,-1.3130218256614823
39952,1,-1.0400450742872216
39954,1,-0.3676916089941077
39957,1,-0.5218451417908196
39960,1,0.80292931316944
39962,1,-1.190802436400439
39964,1,0.7762398327250818
39972,1,-0.5172749987361598
39979,1,-0.3691632152855188
39982,1,0.8575075795415913
39983,1,0.9931471813812024
39988,1,-1.0415449647565476
39996,1,-1.1541103258268954
39999,1,1.2023511521607126
40004,1,-1.211239833266601
40009,1,-1.313991907699583
40011,1,-1.2397207101381476
40017,1,1.3514093842896093
40020,1,0.9470670629766437
40021,1,-0.18991199111926527
40032,1,0.05756694663591333
40045,1,-0.642337420676697
40051,1,-0.9893899130129702
40052,1,-0.6341154003218844
40059,1,-0.8139706572505476
40060,1,-0.6322077568958049
40062,1,-0.31150851591668205
40068,1,-1.135455573211329
40073,1,-0.08055789353313925
40078,1,1.0484741150554688
40083,1,0.4522272156665944
40089,1,-0.8604750772811777
40094,1,-0.024908096843602068
40095,1,-0.8360391627793726
40100,1,1.0852213475119852
40110,1,-0.4542851000358459
40111,1,-0.6571495899178021
40112,1,0.9668146049705241
40114,1,0.7711815558091332
40118,1,-0.6883026424506472
40120,1,0.9061639276453745
40129,1,0.04494567724056786
40143,1,0.23602650609844245
40145,1,-0.43544412497819346
40155,1,1.4267512671553977
40161,1,1.0695531290697273
40164,1,1.3072588599814816
40169,1,0.6169341894348669
40180,1,0.043860692565150905
40196,1,0.5214332913299017
40207,1,0.47874469546649523
40208,1,1.114331916164434
40216,1,-0.07212357900475508
40230,1,0.16031582517366927
40231,1,0.03408480814274972
40233,1,-1.118301537983947
40240,1,-0.5608352195442932
40248,1,-0.5433268976331567
40253,1,-0.9857780714454445
40264,1,-0.32565188069109985
40274,1,-0.4505234900605876
40276,1,1.2804039150092144
40308,1,0.5937876182995553
40313,1,0.9507346641984796
40320,1,-1.0024797840190007
40322,1,0.4986651422206475
40324,1,-1.2631412101488881
40325,1,-0.8339448830263588
40335,1,0.6090221212999337
40337,1,-1.1619397439479282
40355,1,0.5239716589783775
40359,1,1.0956259196901765
40360,1,1.236790429322344
40368,1,1.1538102454193417
40369,1,-1.3533822591201734
40372,1,0.9527871354435501
40391,1,1.2375038748707108
40394,1,0.13205493755357034
40407,1,-0.9023815489841993
40410,1,-0.3720760179800517
40414,1,-0.251927254018803
40415,1,-1.0552940427679558
40441,1,0.5270248637012834
40448,1,0.1669825024358711
40458,1,1.150011725682634
40464,1,-0.74139302324647
40467,1,1.2079054680948422
40468,1,-0.940983171094359
40474,1,-1.3072087115146709
40479,1,-0.8633487389182838
40485,1,1.0555005751112905
40487,1,1.4652574141201624
40493,1,-1.1132372570236106
40499,1,0.6685487995572209
40500,1,-1.0187562877427045
40501,1,-0.5739060913991227
40505,1,-1.2749093637869426
40513,1,-0.9827541451393027
40515,1,-0.5869473993660043
40531,1,-1.0716160789169447
40534,1,0.868316144914855
40539,1,-1.2265654913462885
40540,1,-1.042625904576541
40551,1,-0.845982953549435
40555,1,0.744026260806313
40565,1,-0.9097531831397048
40583,1,-0.8695944823159085
40592,1,-1.125915225616167
40595,1,1.0558173975466993
40607,1,0.8640050317460607
40625,1,-1.574074294111763
40636,1,0.2777395691160768
40640,1,-0.3141984705335936
40643,1,0.8952912259471651
40647,1,-0.7925771968762698
40654,1,0.9633953299513248
40671,1,1.0635760386506434
40677,1,0.2751155257001704
40679,1,1.0771714113977344
40680,1,-0.1628155232367835
40683,1,1.0484069659156496
40692,1,-0.10471170089407988
40707,1,-1.4679092138336594
40711,1,-1.4483752384171722
40734,1,1.0611532392970222
40748,1,-0.7909203771858506
40752,1,-0.07903638639788557
40753,1,-0.9708488196869623
40762,1,-0.3883011047627952
40767,1,-0.6115783231468634
40769,1,0.745584620643584
40772,1,-0.6845245358428841
40774,1,1.1929919477595359
40778,1,-0.8230468258694987
40785,1,0.9743963690445118
40805,1,0.19679042128693547
40825,1,-1.3407428963859962
40834,1,-0.9985676336112813
40847,1,-1.1608599401629651
40861,1,-0.7727173325554128
40874,1,1.0539847879556659
40885,1,0.9923268646867037
40893,1,-0.05577976090137965
40896,1,-0.5516517686089544
40901,1,0.7602552281174569
40902,1,-0.5039925375952932
40904,1,0.7910514673808705
40906,1,-0.9496506908471382
40913,1,0.6457847184184206
40917,1,-0.9847627786514773
40932,1,-0.9599647000852773
40950,1,0.4323647048719832
40955,1,-0.8456603608325456
40963,1,-1.239884589123458
40965,1,-0.8292203261604809
40966,1,0.9135630404391087
40969,1,-0.8489350592602714
40991,1,-0.8041654121633228
40992,1,-0.5895485669254008
40998,1,-0.9915265973573392
40999,1,-0.8992756632763551
41002,1,-0.9649107457333056
41007,1,1.1825398365111406
41018,1,0.9417064400687422
41033,1,0.6064773357251806
41034,1,0.7288291358671805
41040,1,0.9692774582262152
41041,1,-0.3770223333353547
41052,1,-0.3199571720683078
41065,1,0.33640945865672034
41070,1,-1.0101271606833955
41072,1,-0.39856179909902567
41080,1,-0.0892637131664174
41084,1,-1.080822592181002
41085,1,0.10652112410593695
41087,1,0.37814045071581204
41093,1,-0.7277059616182893
41096,1,-1.1986700281344258
41099,1,1.0965796178479796
41100,1,1.1258813565404813
41115,1,-0.8304743170878313
41122,1,-0.11690620092485787
41133,1,0.8976156458030918
41135,1,-0.9758568307045778
41136,1,0.0489022155088914
41141,1,-0.09297747560236724
41143,1,0.8394853977609439
41144,1,-1.062959533876342
41163,1,1.0144934488339903
41164,1,1.0386854058193506
41166,1,-1.3669767283768803
41169,1,-0.6991302879394712
41172,1,-0.49660619780372295
41173,1,-1.0666295694855337
41174,1,0.11740186589817236
41182,1,0.7873886354494674
41184,1,0.046176964169920454
4,2,-1.010215830141783
6,2,-1.0060478079507842
12,2,-1.00788501806164
20,2,-1.008958215023861
21,2,-1.000626693871292
25,2,-1.020364524890649
26,2,-1.010595465988777
30,2,-1.0148274872012335
32,2,-1.014211255125094
44,2,-1.0074632798556529
47,2,-0.9981126895778893
62,2,-1.0022663871884976
63,2,-1.0060133109735299
70,2,-1.0025200543610673
77,2,-1.0023031827572153
80,2,-1.000535326491979
81,2,-1.0173641426483018
82,2,-1.0093727961302494
86,2,-1.002028091478754
88,2,-1.0017723822708797
91,2,-1.006577567032377
104,2,-1.0013968818916734
110,2,-1.0129497221402022
118,2,-0.9975856430892871
127,2,-1.0177840379122731
133,2,-1.0063499707054882
136,2,-1.0054708936607613
138,2,-1.0026720944252818
140,2,-1.0315579237683916
145,2,-1.0020428148840572
153,2,-1.0062305413366737
162,2,-1.0026454978248305
172,2,-1.0213177173439143
177,2,-1.0083796167500232
186,2,-1.0060013565319363
188,2,-1.006083872766534
189,2,-1.0090858589625102
211,2,-1.0100061682479653
231,2,-1.0152218341626227
238,2,-1.0065544370118114
240,2,-1.0113389451576091
258,2,-1.0139882848830217
260,2,-1.0075902197955506
265,2,-1.0164586915115017
296,2,-0.9948116213579055
299,2,-1.028638919776081
301,2,-0.9966640584404776
313,2,-1.0003910474650026
318,2,-0.999781517902363
330,2,-1.0110428069458481
339,2,-1.0055190585460279
351,2,-1.0037928312766478
352,2,-1.0070049156155592
353,2,-1.00046185272828
356,2,-1.0070152499646046
376,2,-1.0007533940956466
386,2,-0.9993175520037652
397,2,-1.0056374607852825
405,2,-1.0001161117891102
416,2,-1.0053923028915095
422,2,-1.0041724108473107
425,2,-1.0047904846105549
433,2,-1.0081421819118659
436,2,-1.006854375696781
442,2,-1.0075550376202047
447,2,-1.0060303434872113
450,2,-1.0079104722710197
464,2,-1.000721589088795
478,2,-1.0135347985392424
487,2,-1.0078594105821985
488,2,-0.999915277628674
490,2,-1.0012424123046484
495,2,-1.0069493841613033
504,2,-1.0042638674382687
533,2,-0.9996988663397108
534,2,-1.00356801421381
545,2,-1.0006587522919919
551,2,-1.0016982254525708
561,2,-1.0008139058621448
573,2,-1.0007508506387413
577,2,-1.0058833771312674
584,2,-1.0083476674033893
586,2,-1.008043691032173
595,2,-0.9987100114351857
604,2,-1.0013576856289583
613,2,-0.9990061236300163
621,2,-1.0025903417574265
624,2,-0.9955196038433292
629,2,-1.0070982604652603
630,2,-1.0033572382216975
634,2,-1.006411840390239
636,2,-1.008951371669143
638,2,-1.0100801298255124
642,2,-1.0016823203386256
646,2,-1.0091443990709363
649,2,-1.0061579555139066
651,2,-1.0122435335455584
653,2,-0.9978760514857152
656,2,-0.9977931311990614
668,2,-1.0043894191306193
688,2,-1.003185629050777
710,2,-1.0032516153596716
722,2,-0.9990454500860733
723,2,-1.0060445626306629
730,2,-0.9927438631199448
732,2,-1.0084157392578643
736,2,-1.0064945046392813
744,2,-0.9971024766908193
750,2,-0.9972904770299069
752,2,-0.9988556540200622
757,2,-1.0032488818377958
770,2,-1.0187317534451528
773,2,-1.0026795079643087
776,2,-0.9987489162832617
777,2,-1.0127181511759933
804,2,-1.000414696766177
805,2,-0.9988415317792404
809,2,-1.0027868979166423
814,2,-0.9954267849841869
820,2,-1.000402855153557
824,2,-1.0012149073701084
835,2,-1.00015305661071
839,2,-1.000640046389705
842,2,-1.0048919173246509
845,2,-1.0036600405843625
849,2,-1.004948876059129
858,2,-1.002129616428626
867,2,-1.0013605247227035
887,2,-0.9934239564050323
890,2,-0.9985844247341509
911,2,-1.0018369568525218
915,2,-1.0001017874246028
919,2,-1.0070215803735063
927,2,-1.002643719666406
930,2,-1.0020970512388367
933,2,-1.0035243778469325
934,2,-1.0003294132622358
944,2,-1.0132577114603027
952,2,-1.0039304274630318
958,2,-1.0019029783895608
963,2,-1.0001776800864253
974,2,-1.006363395250064
977,2,-1.004793884989719
993,2,-0.9949324671831998
994,2,-1.0027745159371722
1028,2,-1.0039297389957536
1030,2,-1.00145118865122
1037,2,-1.003236300702811
1041,2,-1.0048778926510245
1043,2,-1.0117558035008907
1048,2,-1.0061627818437162
1050,2,-1.0347183306299723
1052,2,-1.0035793427270383
1053,2,-1.0012067061592158
1054,2,-1.005873854663193
1069,2,-1.0000754480474014
1071,2,-1.0001303191885629
1074,2,-1.0015131120102738
1079,2,-1.007554523346924
1085,2,-1.0066498132947075
1088,2,-0.9992695790275611
1091,2,-1.0042488478067892
1095,2,-1.0003139256257887
1096,2,-1.001638133823932
1112,2,-1.0016292287801012
1120,2,-1.0036759377745537
1136,2,-1.0075432237351083
1140,2,-1.0034874905105435
1142,2,-1.0057558227512664
1154,2,-1.0004808369364138
1159,2,-0.9958452602756067
1160,2,-1.0332100947895375
1167,2,-1.0040334691980428
1175,2,-0.9997221181925027
1177,2,-1.010948687961609
1186,2,-0.9994429519212173
1192,2,-1.0039047129408407
1199,2,-1.0126931042548506
1201,2,-1.0064344586783798
1208,2,-1.0083403203488386
1210,2,-1.0020221059656529
1218,2,-1.000336683527924
1220,2,-1.006241196759691
1222,2,-0.9993817986752109
1224,2,-1.0068988569563215
1225,2,-1.0015101766072494
1226,2,-1.0131779104956435
1239,2,-1.0020913365726904
1241,2,-1.0029635938401875
1244,2,-1.0079871876384237
1247,2,-1.0023769928085482
1249,2,-1.0028221453570698
1256,2,-1.0035714670697482
1259,2,-1.0028221453570698
1261,2,-1.000492602337684
1263,2,-1.0019027552109596
1265,2,-1.0019749767682518
1279,2,-0.9987372994031523
1292,2,-0.9998859625817503
1300,2,-1.0019709931642802
1308,2,-1.000571539560435
1330,2,-1.0103555728351716
1357,2,-1.0127200724364274
1359,2,-1.0017137163285148
1366,2,-1.0058314653191225
1372,2,-1.01706212136224
1373,2,-1.0066552946551797
1374,2,-1.000330024277547
1383,2,-1.011899435209492
1384,2,-1.0002736153088043
1393,2,-1.001632147230652
1397,2,-1.002658209650957
1398,2,-1.001014983232759
1423,2,-1.0038542719182282
1428,2,-1.011797730764309
1431,2,-1.0026154317274758
1432,2,-1.0114323961312226
1438,2,-1.0018799984162794
1441,2,-1.000962175152977
1443,2,-1.0045294116505088
1458,2,-1.0041898643424525
1486,2,-1.0001652513257155
1488,2,-1.0018843231462427
1492,2,-1.001627356681107
1503,2,-1.0042868196953658
1507,2,-1.000135657623033
1509,2,-1.0053909304656345
1512,2,-1.0016958460238814
1518,2,-1.0028009362881836
1520,2,-1.009338542872901
1522,2,-1.0016349462631249
1526,2,-1.0096213688267595
1534,2,-1.0076781762595335
1543,2,-1.0008115494112402
1545,2,-1.0099157434806192
1549,2,-1.0071796103906858
1560,2,-1.0026140600020306
1576,2,-1.0089523859733323
1580,2,-1.0021065568010328
1582,2,-1.0053832182630842
1615,2,-1.001924324503187
1618,2,-1.0048621532132906
1631,2,-1.0060553499676776
1637,2,-1.0149831433135945
1642,2,-1.000956372274782
1650,2,-1.0082180506434155
1652,2,-1.0045104184663682
1661,2,-1.0006355662909514
1668,2,-1.005016349670314
1669,2,-1.0110411235741208
1671,2,-1.0079940076495433
1672,2,-1.0043755057935453
1680,2,-1.008036558924636
1683,2,-1.0066040196962867
1686,2,-1.0045607604982825
1693,2,-1.0026397600345884
1697,2,-1.003821073154318
1701,2,-1.0111183269696424
1707,2,-1.0305520780179718
1708,2,-1.0031549489842289
1719,2,-1.0128268465457313
1720,2,-1.011984881503107
1735,2,-1.016448305750771
1738,2,-1.0230599281278931
1743,2,-1.0007764532033645
1744,2,-1.0018451663813566
1748,2,-1.0058982555301557
1754,2,-1.0005670947582492
1760,2,-1.000653619904796
1763,2,-1.0078355323972696
1773,2,-1.004847938745563
1776,2,-0.9996467767626265
1777,2,-1.0010969438573079
1783,2,-1.0135961941143559
1792,2,-1.002129062976461
1796,2,-1.0083759209092675
1802,2,-1.002187506660722
1807,2,-1.0068013232829567
1812,2,-1.0008351368889985
1813,2,-1.0007552976260699
1825,2,-1.00143800691102
1844,2,-1.009218058797602
1846,2,-0.9993721454346596
1847,2,-1.006973856575439
1851,2,-1.0099097465404894
1852,2,-1.011882623012193
1858,2,-1.0085076543902374
1866,2,-0.9856149423221173
1877,2,-1.0004037867888358
1882,2,-1.0028455416370101
1886,2,-1.0390526808180736
1887,2,-1.0101127484010561
1888,2,-1.0026607449860898
1889,2,-1.0009495565189788
1903,2,-1.0163342604442382
1915,2,-1.0167643913453177
1932,2,-1.0057612495446946
1935,2,-1.006250042971876
1938,2,-1.0103840015020733
1940,2,-1.0035983070436136
1947,2,-1.0086437182729606
1948,2,-1.003333559012396
1949,2,-1.0100948019215075
1956,2,-1.003836582007148
1962,2,-1.0015026130573674
1967,2,-1.002209474614224
1974,2,-1.004917205514086
1980,2,-1.0223668582933207
1988,2,-1.0009774429796776
1995,2,-1.0034451909671227
2008,2,-1.0154537970730866
2010,2,-1.0329009018271673
2018,2,-1.005052042910348
2022,2,-1.0052239362719673
2037,2,-1.001173735703174
2040,2,-1.0046320687931172
2045,2,-1.0060814559493925
2048,2,-1.0047001256497434
2051,2,-1.011057232342443
2053,2,-1.0062964140758437
2055,2,-1.0069156631863934
2057,2,-1.0103949412429096
2083,2,-1.005610098446064
2085,2,-1.0072617542062803
2097,2,-1.0032423727714441
2111,2,-1.00549081343375
2117,2,-1.026390171847566
2122,2,-1.006659370148272
2134,2,-0.9914212877325331
2142,2,-0.9999360110625776
2159,2,-1.0002185974784243
2177,2,-1.011364947258202
2180,2,-1.0093248799783936
2183,2,-0.9852858149960508
2187,2,-1.0041436935352106
2200,2,-1.0047166321905392
2208,2,-1.0027480073825448
2213,2,-1.0092687395475186
2220,2,-1.0001335104066236
2221,2,-1.0047842300953373
2227,2,-1.0051287747300979
2230,2,-1.0023159116094076
2231,2,-1.0029202621686129
2236,2,-1.0107168807972589
2238,2,-1.0063267565146958
2243,2,-1.0004926129442653
2244,2,-1.0046447790125481
2249,2,-0.9818279101693377
2261,2,-1.003313874534556
2262,2,-1.0106425572255058
2263,2,-1.0021958777216313
2277,2,-1.004283364248779
2280,2,-1.0108607488614216
2285,2,-1.0086307817129183
2288,2,-1.0009440351317662
2296,2,-1.0011761054059432
2306,2,-0.9722480587552262
2315,2,-1.0087749390305158
2316,2,-1.007629764229128
2320,2,-1.012566026234929
2321,2,-1.0019741978087826
2326,2,-1.001953790257578
2329,2,-1.0009454092613392
2331,2,-0.9967188238077158
2332,2,-1.0034436188784848
2334,2,-1.0024266159751547
2336,2,-0.9990835361122495
2346,2,-0.9854067033861124
2358,2,-1.0060650466116883
2359,2,-1.0043422638331028
2363,2,-0.9974079138512615
2370,2,-0.9969743438450926
2372,2,-1.0010831030272043
2377,2,-1.003324437094243
2381,2,-1.0218370258611769
2393,2,-1.0099830805613392
2401,2,-1.0083771422983268
2403,2,-1.0020850833415527
2424,2,-1.0125184592718
2426,2,-1.018443082337156
2427,2,-1.0079312778904903
2440,2,-1.0055288536474138
2446,2,-1.0020012008783195
2449,2,-1.0163842605703002
2453,2,-1.022611340326357
2456,2,-1.005952351033708
2458,2,-1.0268621244913234
2460,2,-1.0129303521418076
2465,2,-1.0144420131314031
2468,2,-1.0025116711337703
2479,2,-1.0019797066424623
2482,2,-1.0034491371280234
2483,2,-0.9999885748987691
2484,2,-1.0064060798797692
2490,2,-1.0028719724503188
2496,2,-0.9999156940400604
2497,2,-1.0150296704262174
2507,2,-1.0111723118402316
2508,2,-1.024059939505098
2511,2,-1.0052834403671072
2519,2,-1.0011171778175951
2527,2,-1.0078190048770224
2530,2,-1.0015623763506407
2533,2,-1.0011356225570895
2534,2,-1.0134025699245992
2538,2,-0.9987210005474021
2545,2,-1.007111297388797
2554,2,-1.0303837578154251
2557,2,-0.9993451763221703
2560,2,-1.0072389287946535
2575,2,-1.0071798946624788
2576,2,-1.0079744642822315
2577,2,-1.0034529192270787
2578,2,-1.0006263016727934
2582,2,-1.0029156442257807
2588,2,-1.0101275555277838
2591,2,-1.003459745317016
2593,2,-1.0012698351834501
2601,2,-1.0041563271992515
2609,2,-1.0097592441964267
2622,2,-0.9992405847741997
2629,2,-0.9998831597445689
2634,2,-1.001281998771594
2639,2,-0.9969777123168533
2665,2,-1.0010258406366912
2671,2,-1.0102286914916156
2677,2,-1.0010716120660397
2688,2,-0.9997604486269432
2695,2,-1.0070533619241138
2697,2,-1.0010560045301613
2702,2,-1.0036178746190636
2705,2,-1.0017490155605504
2714,2,-1.0032490888643883
2722,2,-1.002043240168271
2731,2,-0.9994118381447276
2740,2,-0.9998442001845749
2744,2,-1.0039094129208368
2752,2,-1.0175036131138122
2759,2,-1.0001819120651119
2769,2,-1.0032582933978658
2770,2,-1.0056166492445615
2773,2,-0.999352480289734
2776,2,-1.0034075046249509
2778,2,-1.0023509521436254
2788,2,-0.9982595549885385
2790,2,-1.0013327103723964
2798,2,-1.0085675868675936
2799,2,-1.0002847980240974
2809,2,-1.0021092892834425
2814,2,-1.0067133235444858
2838,2,-1.004445038871624
2839,2,-1.0059103285056017
2851,2,-1.0030824568207661
2854,2,-0.9987311575062708
2856,2,-0.998832451758869
2862,2,-1.0083716098165938
2865,2,-1.0004183982051218
2868,2,-1.0011952390551597
2869,2,-1.0000814642105367
2874,2,-1.000158309359686
2886,2,-1.006573909931873
2887,2,-1.0109285346125496
2895,2,-1.0038826036083683
2900,2,-1.0007720387761425
2909,2,-1.003655597700599
2920,2,-0.9986880556438905
2927,2,-1.0043800794126363
2947,2,-1.0141976673254285
2949,2,-0.9999296938714488
2963,2,-1.004395569209796
2970,2,-1.0452233156928177
2974,2,-1.0075007486956693
2975,2,-1.0017839762928653
2990,2,-1.012979437838534
2994,2,-1.0019636337517521
3009,2,-1.0043819639652898
3020,2,-1.006172059427275
3035,2,-1.0031056212813785
3039,2,-1.0011641190695053
3040,2,-1.0011429650476444
3044,2,-0.9911866847303552
3087,2,-1.0055018865296896
3092,2,-1.0096997571880149
3104,2,-1.0057568889177857
3106,2,-1.0032677608058802
3111,2,-1.0044635368849637
3114,2,-1.002143518460711
3120,2,-1.00316989173142
3124,2,-1.0079593170636292
3130,2,-1.0052403652749016
3134,2,-1.0003614696982694
3136,2,-1.0019628352674927
3140,2,-1.008898286051095
3142,2,-1.0093518712609528
3144,2,-1.0062043468701223
3149,2,-0.9999900393729027
3151,2,-1.0040476398463372
3171,2,-1.0093413706050867
3174,2,-1.009421862073511
3182,2,-1.000528452695447
3192,2,-1.0028096346564552
3196,2,-0.9999647830760359
3200,2,-1.0079284403060051
3209,2,-1.0015871399851466
3227,2,-1.0046408387054522
3235,2,-1.0018322497275571
3237,2,-0.9998022376306286
3243,2,-1.0043418220619516
3245,2,-1.000062147647254
3268,2,-1.0004135544224673
3270,2,-1.0098711217404426
3276,2,-1.0115543872127404
3282,2,-1.0000413630192295
3287,2,-1.0190350550351501
3292,2,-1.0003302518156372
3296,2,-0.9987399511747411
3303,2,-1.0013114941022663
3304,2,-1.000830685332546
3308,2,-0.9998867663545782
3313,2,-1.003112936536946
3325,2,-1.0073363316975799
3343,2,-1.001442027125104
3347,2,-1.0019608048383382
3353,2,-1.0082855257918395
3354,2,-1.0146260951854
3364,2,-1.00051711253783
3376,2,-1.0066989200474301
3377,2,-1.0155577573186394
3379,2,-1.0083361777799629
3380,2,-1.0039861188546095
3392,2,-1.0024424780801333
3408,2,-1.009650802769177
3409,2,-1.0050182488054213
3410,2,-1.0017533542947528
3411,2,-1.0125996522815255
3420,2,-1.006924457288882
3423,2,-1.024479955659722
3427,2,-1.003152013712721
3445,2,-1.0068583193793028
3453,2,-1.0012751612036164
3455,2,-0.9998110544107908
3461,2,-1.0282251958259385
3472,2,-1.0018499624290533
3477,2,-1.0021973597035008
3484,2,-1.0006714937762033
3490,2,-1.0043215934216112
3492,2,-1.0017604380192904
3493,2,-1.0040970891335674
3500,2,-1.014445593834244
3507,2,-1.0014664139578042
3508,2,-1.0031490198611632
3519,2,-1.0127866004080117
3524,2,-1.0264242932996088
3528,2,-1.000638409133834
3532,2,-1.0478780404812127
3541,2,-1.0048972305700752
3547,2,-1.0076537436808086
3548,2,-1.0087841716999053
3551,2,-1.0060761830709402
3554,2,-1.007289040642361
3561,2,-1.0145746424002184
3564,2,-1.0046690177658542
3565,2,-1.0006223755146744
3569,2,-1.0002863075505979
3578,2,-1.0069786181892628
3581,2,-1.0050281565112336
3582,2,-1.0071614894924694
3597,2,-1.0014422401703362
3599,2,-1.0117130713128777
3608,2,-1.0109223377625938
3611,2,-1.0002822955452806
3613,2,-1.0004434165738392
3620,2,-1.0513753996411133
3625,2,-1.0029827308638897
3627,2,-1.0023518411804286
3630,2,-1.0043983018609632
3636,2,-1.0006662267906874
3637,2,-1.004784453904883
3640,2,-1.0033203052219608
3644,2,-0.9994032582956001
3645,2,-1.0002574105206625
3651,2,-0.9933627509629277
3658,2,-1.0025461986316533
3664,2,-1.020979948683728
3671,2,-1.0132408832467648
3686,2,-1.0062138781168073
3687,2,-1.0051946664962008
3693,2,-1.0024929520619366
3703,2,-1.001721021962093
3714,2,-1.0050779021449958
3715,2,-1.0051674638880668
3723,2,-1.0019714289107946
3724,2,-1.0019468386096666
3725,2,-1.008198368527454
3727,2,-1.0125598328213488
3729,2,-1.000076911290994
3744,2,-1.0040482889696254
3746,2,-1.037041106393714
3749,2,-1.0046033192799368
3753,2,-1.008790336913545
3755,2,-1.0012998848158077
3759,2,-1.0000422143222791
3762,2,-1.003816158611776
3764,2,-1.004127730768347
3767,2,-1.0008852424154489
3773,2,-1.0180060945994853
3774,2,-0.988550782088777
3778,2,-1.0143836327716846
3779,2,-1.0101524372866582
3781,2,-1.0015200787085834
3784,2,-1.0032084932297458
3785,2,-1.0150862418843514
3787,2,-1.004167318163061
3789,2,-1.0013155048677882
3792,2,-1.0015243380910206
3793,2,-1.0034968384135445
3802,2,-1.0014329889990086
3807,2,-1.0034968384135445
3808,2,-1.0001632082951748
3825,2,-1.0135422932733875
3860,2,-1.009395561828145
3867,2,-1.004951537627903
3878,2,-1.0080551224625331
3886,2,-1.0075744674268892
3887,2,-1.0118859837042926
3889,2,-0.9990539372821651
3894,2,-1.0102556209859765
3899,2,-1.0018667761203763
3912,2,-1.0056260752548214
3913,2,-1.0041841315597821
3915,2,-1.0088129976753661
3928,2,-1.0051239333693538
3929,2,-0.9990169720107034
3930,2,-1.0028169085144565
3950,2,-1.012383142547564
3952,2,-1.011651325106355
3956,2,-1.002529848569688
3957,2,-1.0022467295667912
3968,2,-1.0069664831102636
3973,2,-1.000779547710175
3980,2,-1.0062566448729449
3981,2,-1.011530646417315
3990,2,-1.0079517473203667
3992,2,-1.000327016882919
3995,2,-1.0152005652178326
4004,2,-1.0001945188684465
4005,2,-1.0041791614369564
4011,2,-1.0106216056966801
4013,2,-1.0115357610784748
4022,2,-1.042571851561668
4032,2,-0.9984635715368859
4036,2,-1.0018383153580963
4041,2,-0.9989238212424222
4045,2,-1.0374336983646868
4047,2,-0.988181130799653
4050,2,-1.0013001039628777
4053,2,-1.0052664888137564
4056,2,-0.9788065912309232
4062,2,-1.0044889587327464
4072,2,-1.0062253278491746
4081,2,-1.0108022563927992
4088,2,-1.0034401796816954
4091,2,-1.0010633156785105
4094,2,-1.0657315527715625
4106,2,-1.00510931469357
4114,2,-0.994944342448149
4125,2,-1.0038167022641944
4138,2,-1.013831730517496
4142,2,-1.0036415804086227
4145,2,-1.0048622849513456
4150,2,-0.997356729233593
4159,2,-1.0127877383255903
4161,2,-0.9979603099873675
4166,2,-1.0010182559204652
4171,2,-1.0046470220310206
4176,2,-1.0075274980555422
4180,2,-1.0148977204847411
4183,2,-1.0133912730176977
4190,2,-1.0051434750457264
4199,2,-1.003179667986423
4200,2,-1.0042250455152975
4215,2,-1.0088915721127698
4217,2,-1.0036280278351986
4249,2,-1.0003544883423645
4252,2,-1.0032240273783417
4260,2,-1.001008311100032
4264,2,-1.002875979839284
4269,2,-1.0018414779877467
4274,2,-1.0041157581688955
4278,2,-1.0008923361878055
4279,2,-1.0142928054072986
4301,2,-0.9979354184256736
4310,2,-1.000001256454842
4319,2,-1.0032755297510014
4329,2,-1.0077294693882397
4330,2,-1.0029415492897051
4346,2,-0.9968519418735267
4369,2,-0.9963235755414986
4370,2,-1.0047919119450308
4400,2,-1.0082033393519676
4404,2,-1.0036054400271395
4405,2,-0.9999489526336447
4407,2,-1.0060164439797163
4415,2,-1.0085831870280355
4418,2,-1.022153385032465
4425,2,-1.0209101958614797
4431,2,-1.001525937646853
4432,2,-1.0080971698854868
4436,2,-1.0015456103214946
4447,2,-1.0070182985044311
4449,2,-1.0045351375801603
4450,2,-1.0010873960524307
4452,2,-1.001351219564092
4457,2,-1.0185884451987555
4475,2,-1.0066900799542484
4478,2,-1.0021608995989792
4488,2,-1.0034902021731544
4490,2,-1.0050712508959667
4507,2,-0.9970042415989457
4509,2,-1.012569091903119
4513,2,-1.0189657198081954
4515,2,-1.0097169867938502
4519,2,-1.0034642818871518
4520,2,-1.010805398130042
4527,2,-1.0034035064780216
4532,2,-1.0172566538645107
4545,2,-1.0009367645547034
4547,2,-1.004979538660952
4551,2,-1.0060385638775737
4556,2,-1.006475360857523
4560,2,-1.0165741108687816
4563,2,-1.0051976673388294
4566,2,-1.0012274961301983
4570,2,-1.0037616568493937
4580,2,-1.0034822928183353
4584,2,-1.0001457236637108
4586,2,-1.005917197146987
4588,2,-1.0062841020533664
4595,2,-1.0008395801384933
4598,2,-1.003168555703841
4609,2,-1.0006191721435609
4610,2,-1.007306743919087
4611,2,-0.9962500346333184
4625,2,-1.0054326179639907
4633,2,-0.9990183079800973
4639,2,-1.0006426219705706
4640,2,-1.0073773348417254
4654,2,-0.9995269625404386
4658,2,-0.9966719067301419
4664,2,-1.0033052462078553
4666,2,-1.004026515089866
4667,2,-0.9990830219763287
4670,2,-1.0002389338734274
4671,2,-1.0015798889462793
4673,2,-1.0030207619839442
4674,2,-1.0059758880640763
4675,2,-1.0041543958075538
4683,2,-1.0018286715513045
4687,2,-1.0018999507800244
4689,2,-1.0049396788793592
4711,2,-0.988274272160976
4712,2,-1.0040193638882935
4719,2,-1.0086408781977907
4738,2,-1.001938329818296
4742,2,-1.0135409531314163
4746,2,-1.0095973513546204
4759,2,-1.0074686468768332
4772,2,-1.0059273100956787
4778,2,-1.0007640069219594
4784,2,-1.019544385380569
4806,2,-1.0017353670168765
4818,2,-0.9981492030644444
4823,2,-0.9999783299437092
4824,2,-1.0004769177671826
4854,2,-1.0315435253698335
4855,2,-1.0056284071473007
4864,2,-1.0076166023996525
4865,2,-1.0000964175171312
4875,2,-1.0357555199077053
4877,2,-1.0117805229815415
4884,2,-0.9989101112873389
4897,2,-0.9711185832147505
4906,2,-1.0012959273437392
4907,2,-0.9903410182406771
4913,2,-1.0376998157951451
4918,2,-0.9999370619902046
4920,2,-1.0064191326477885
4927,2,-1.0017803266229457
4937,2,-1.002293152627407
4944,2,-1.0351386045168933
4945,2,-1.00426163001479
4955,2,-1.0019222528247376
4957,2,-1.005477147413532
4959,2,-1.005856667566532
4964,2,-1.0060239591681799
4975,2,-1.0035728531603636
4979,2,-1.006177510172875
4986,2,-1.0003411551859553
4989,2,-1.0027849268045825
5007,2,-1.0013281980071524
5008,2,-1.0012075410815706
5011,2,-1.0026476836561224
5013,2,-1.0022484610969549
5046,2,-1.0075658599171171
5048,2,-1.0026964760293602
5052,2,-1.0096003302921188
5059,2,-1.0007358662605554
5064,2,-1.0043570760230316
5070,2,-1.004034868138561
5073,2,-1.0017851877939044
5075,2,-1.0071796285776304
5078,2,-1.005098972659968
5096,2,-1.002639713658089
5098,2,-1.0055562971973466
5103,2,-0.9981855165452576
5105,2,-1.012092899694251
5115,2,-0.9997726897871384
5119,2,-1.0023118559930417
5121,2,-1.0006398183658138
5125,2,-1.0089384706232618
5130,2,-1.0092707805565246
5132,2,-0.999845435497822
5162,2,-1.0031026909349678
5165,2,-1.0007880026141875
5175,2,-0.9998683331846695
5180,2,-1.000305511235314
5182,2,-1.0031743655632208
5189,2,-1.0001171451966768
5200,2,-1.0213110156082201
5218,2,-1.001734725072196
5223,2,-1.0075626572307892
5225,2,-1.0071302008574228
5227,2,-1.0061966280275698
5228,2,-1.019687157928871
5233,2,-1.0074335363881677
5235,2,-1.0003829543760905
5236,2,-1.0140289177278061
5246,2,-0.9996589275828366
5254,2,-0.9845781774485569
5261,2,-1.0001955385418975
5262,2,-1.00698292513722
5267,2,-1.0008521281949183
5268,2,-1.000257068874165
5269,2,-1.001936739389612
5278,2,-1.0071073054762147
5285,2,-1.0131470296855236
5291,2,-1.0013641783248768
5307,2,-1.0035572934183843
5311,2,-1.0062560098497109
5322,2,-1.0062020045602826
5324,2,-1.002651709482413
5327,2,-1.001070595753442
5329,2,-0.999271471579683
5331,2,-1.0017059547742204
5335,2,-1.0021405848559835
5337,2,-0.9690749348164729
5345,2,-1.0008045530427259
5348,2,-1.0077805285499835
5353,2,-1.0002811302564678
5357,2,-1.0007244578598495
5380,2,-1.0024806864864102
5383,2,-1.0017105727821682
5384,2,-1.026149652640579
5386,2,-1.0031949660088286
5395,2,-1.0089678153644055
5403,2,-1.0069518863743379
5404,2,-1.0041583975933466
5409,2,-1.000228962127508
5422,2,-1.003806561187238
5427,2,-1.0028035558476573
5433,2,-1.0012084376416313
5436,2,-1.0134213086449724
5441,2,-1.0032555254867372
5443,2,-0.9983510723153193
5451,2,-1.0032450354607882
5460,2,-1.0235984647149903
5465,2,-1.0085680245025919
5467,2,-0.9995394030020808
5468,2,-0.9909622836332899
5477,2,-0.9994989836036589
5479,2,-1.0076618950669451
5480,2,-1.005956269759819
5484,2,-1.0193089084722642
5488,2,-1.0069156631863934
5489,2,-1.0134519516710903
5494,2,-1.0005252052668967
5501,2,-1.0179619681568362
5523,2,-1.0102469864421895
5527,2,-1.0018725145690097
5539,2,-1.0008241146281713
5542,2,-1.006034014252819
5549,2,-1.0068318865515138
5556,2,-1.007042923980666
5563,2,-1.0019316855687463
5569,2,-1.0040638661931338
5572,2,-1.0045384864909064
5582,2,-1.0070535911027936
5593,2,-0.9999141290902915
5594,2,-1.015797219679607
5597,2,-1.0037010730569311
5603,2,-1.0024729187812345
5619,2,-0.9978342217213767
5620,2,-1.000535326491979
5630,2,-1.0049204767893722
5632,2,-1.0011642807952095
5650,2,-1.0049235334475128
5660,2,-1.0128050377725675
5661,2,-1.0018028327791653
5671,2,-1.0030993819771055
5679,2,-1.008146962625545
5680,2,-1.0026688730041273
5689,2,-1.0115570483367544
5691,2,-1.0087134421090544
5693,2,-1.0049265518404635
5704,2,-1.006575863902055
5707,2,-1.0086729911431758
5708,2,-0.9998432369969922
5719,2,-1.0045644083556975
5720,2,-1.0045094858212866
5733,2,-1.0100869726853636
5741,2,-1.0148607649592911
5746,2,-1.0057802388943013
5758,2,-1.0001596372498556
5760,2,-1.009281625868021
5772,2,-1.0015144715163269
5784,2,-1.0100635889923935
5786,2,-1.0068258916958381
5787,2,-1.0114445099190132
5794,2,-1.0046948200185364
5796,2,-0.9994888975248784
5800,2,-1.007552545697866
5813,2,-1.007552545697866
5822,2,-1.0016734229635205
5827,2,-1.0056703421764848
5835,2,-0.9994060827172224
5840,2,-1.0050775062096113
5852,2,-1.000529788388564
5853,2,-1.0104865120812232
5866,2,-1.0063221953588608
5871,2,-0.9972627212357421
5874,2,-1.0099442364933302
5884,2,-1.0039874468714993
5894,2,-1.0031320547563678
5896,2,-1.0116507700140518
5902,2,-1.0167497239149386
5909,2,-0.9984131993903078
5910,2,-1.0047748306763067
5917,2,-1.0109207857755607
5925,2,-1.004196340762461
5931,2,-1.0003212045977459
5937,2,-1.0094506270045238
5939,2,-1.004085888784177
5941,2,-1.003927003733082
5946,2,-1.0006349681698072
5947,2,-1.0021044683990379
5949,2,-1.0043417100842904
5956,2,-1.0101167356404919
5958,2,-0.9934128740298813
5961,2,-1.0043894191306193
5962,2,-1.005795448618639
5969,2,-1.0003686641010956
5973,2,-1.0002852166757212
5981,2,-1.0016726434109047
5992,2,-1.0032348616696734
5993,2,-0.996493606564211
5999,2,-1.0013506485624926
6000,2,-1.0016226041558092
6006,2,-1.0031058550885372
6010,2,-1.0299963029882657
6017,2,-1.0066089529772155
6022,2,-1.0025407803974882
6029,2,-1.0121896687825511
6030,2,-1.001004900061854
6034,2,-1.0027391201538332
6036,2,-0.9993775893579014
6045,2,-1.0040419905949172
6052,2,-1.0062988166317672
6066,2,-1.0033378057776048
6069,2,-1.0051119137793247
6072,2,-1.0034267765432006
6090,2,-1.004838044989476
6091,2,-1.0043965227672682
6095,2,-1.001004900061854
6097,2,-1.00136374494559
6113,2,-1.0008276167941348
6115,2,-1.0046239795307603
6116,2,-1.0010885636947253
6119,2,-1.0204898430223603
6123,2,-1.001810804185501
6124,2,-1.003590898926054
6125,2,-1.0029293037448987
6140,2,-1.0051715814246909
6142,2,-1.0051125812677228
6160,2,-1.0224245798510994
6162,2,-1.0062803864990113
6177,2,-1.011323998721677
6184,2,-1.0009112024009945
6190,2,-1.0025775186634247
6199,2,-1.0069266326912603
6209,2,-1.003401971500053
6226,2,-1.0241984143491294
6230,2,-0.9999155616216426
6237,2,-1.0000297484260607
6242,2,-1.0062784935296347
6248,2,-1.006163121994868
6249,2,-1.0004294504567697
6254,2,-1.0069423181429957
6273,2,-1.0039478636894237
6282,2,-1.0173884058852527
6284,2,-1.001327076726017
6299,2,-1.0075707892123162
6309,2,-0.9996121253380856
6316,2,-1.0012215340853363
6322,2,-1.0070476730386915
6330,2,-1.0093459403356415
6331,2,-0.9995721203315926
6338,2,-1.0077080212604481
6344,2,-1.0105257510471963
6355,2,-1.000366293722394
6360,2,-1.0040351469325755
6364,2,-1.015662412633024
6374,2,-1.0022953897349032
6380,2,-1.0010903417534964
6383,2,-1.0148892429716083
6391,2,-1.0085400347657982
6406,2,-0.9914922519281317
6410,2,-1.015472723249645
6424,2,-1.0030821869392195
6428,2,-0.9970476113140629
6429,2,-1.0020807960724842
6430,2,-0.9993424279001599
6436,2,-1.0065827407137302
6440,2,-1.0070802766839293
6445,2,-1.0034345108116298
6449,2,-1.000718331542725
6452,2,-0.9987866277001549
6454,2,-1.004098695423195
6456,2,-1.0116714555742532
6478,2,-1.0003536850031325
6487,2,-0.9980350665142986
6490,2,-1.002631730567197
6500,2,-1.0147727548475087
6503,2,-1.0063165002105334
6505,2,-1.0001798239104887
6508,2,-1.007214734530042
6512,2,-1.0109678994068219
6523,2,-0.9992558572463358
6524,2,-1.01248909714948
6526,2,-1.0147966621517384
6528,2,-0.9974900807293492
6529,2,-0.9994931908352538
6530,2,-1.0019018674843512
6538,2,-1.0021204989878099
6557,2,-1.0019209798481268
6563,2,-1.0025485547156565
6569,2,-1.0040670537146212
6585,2,-1.0001923429936983
6587,2,-1.000782921709806
6590,2,-0.9999650743568995
6592,2,-1.0036349546807304
6611,2,-0.999976703840425
6616,2,-0.9996869845000758
6621,2,-1.0009949496157773
6631,2,-1.001080835029997
6637,2,-1.0026692148023444
6639,2,-0.9979862749861683
6649,2,-1.0017408023358745
6655,2,-1.001920769811926
6656,2,-0.9999269986388659
6658,2,-1.000531455231389
6682,2,-1.0110136028496157
6688,2,-1.0003758160066083
6692,2,-1.0080737057188434
6701,2,-1.0017542893326894
6709,2,-1.0070306928468225
6720,2,-1.0019094087455134
6721,2,-1.0008885715048308
6723,2,-1.0143429142612712
6724,2,-1.0067001200876877
6725,2,-1.0037914804762658
6730,2,-1.0051499902126841
6738,2,-0.9987467294165444
6754,2,-1.008695324645798
6755,2,-1.0292907335049861
6757,2,-1.001592813638719
6761,2,-1.0035704509671284
6773,2,-0.9999113830367834
6775,2,-1.0014278353640775
6786,2,-1.0025856148320804
6799,2,-1.0128205634490655
6804,2,-0.9975998841200725
6805,2,-1.0010076920196367
6812,2,-1.0059144097948107
6819,2,-1.0052833644869588
6826,2,-1.0081060021282813
6827,2,-1.0059205108412783
6831,2,-0.997312031789588
6836,2,-1.0045484523008157
6840,2,-1.0007913168022355
6847,2,-1.0034153260932581
6852,2,-1.0010995467236445
6858,2,-1.0042629098894238
6859,2,-1.0149243054966155
6866,2,-1.0079089760763396
6876,2,-1.0009690598249046
6882,2,-1.0144131693100533
6898,2,-0.9998097988649923
6903,2,-1.0042557306044202
6910,2,-1.0076541560245378
6911,2,-0.9992379671091478
6918,2,-1.00007942819167
6928,2,-1.0029504255247703
6933,2,-1.01911712941969
6937,2,-1.0004893106410657
6940,2,-1.0016902955499942
6953,2,-1.0119539023433464
6963,2,-1.0089508198950456
6965,2,-0.9960416986785601
6997,2,-1.005654522098481
7023,2,-1.0072638220962584
7026,2,-1.0079885676493971
7043,2,-1.0024967079720177
7062,2,-1.0029633587410682
7079,2,-0.999196695765699
7080,2,-1.0053521233842497
7081,2,-1.00294449054554
7092,2,-1.0014377694012424
7096,2,-1.0223191494617925
7098,2,-1.0011101302192336
7100,2,-1.0007063782013423
7106,2,-1.00054217075327
7110,2,-1.0012135703104688
7116,2,-1.0008756237722416
7121,2,-1.0048337731938606
7126,2,-1.0014868288982133
7130,2,-0.9984978037576989
7132,2,-1.0020452965994837
7138,2,-1.0051311202318236
7143,2,-1.008837701548404
7155,2,-1.0347243517103308
7158,2,-1.0110565006881256
7160,2,-0.9964379133531693
7164,2,-1.001080330025487
7167,2,-1.0077006990995585
7168,2,-1.0032183885999242
7178,2,-1.0015908849372321
7179,2,-1.0193765689009773
7188,2,-0.9995768335936543
7189,2,-1.0058850231442702
7203,2,-1.0012314672174287
7226,2,-1.0098585004551355
7227,2,-1.002685321315287
7235,2,-1.003418608863052
7237,2,-1.0159225374395557
7257,2,-0.9998622753010661
7258,2,-1.0012712455567963
7264,2,-1.0013851154962308
7265,2,-1.0122663199688844
7268,2,-1.000683264886499
7273,2,-1.0066968175149889
7280,2,-1.0073566972363033
7290,2,-1.000526272705181
7291,2,-1.0029489614843152
7297,2,-1.002768049745295
7320,2,-1.0032637690059376
7330,2,-1.0072932084589286
7332,2,-1.0059971391897635
7337,2,-1.0089135324773915
7343,2,-1.0036358395144287
7346,2,-1.0069197686033662
7351,2,-1.0067345190835537
7361,2,-1.0017517599126013
7363,2,-1.0030703996347476
7389,2,-1.0049039043484083
7390,2,-0.9889769187679165
7393,2,-1.002890130564468
7395,2,-0.9976540269569525
7396,2,-1.0028526740514199
7397,2,-1.0009895465698668
7402,2,-1.002458846934398
7412,2,-1.0025838377431557
7416,2,-1.0003979957192008
7421,2,-1.0024353914187198
7423,2,-1.0001674525029423
7424,2,-0.999728911317818
7434,2,-1.0029253660954343
7442,2,-1.0021966515814877
7456,2,-0.9999510734457967
7460,2,-1.0301224647281895
7489,2,-1.0024896128603125
7490,2,-1.0493191710402248
7503,2,-0.9993581082903729
7510,2,-0.9987156379363082
7514,2,-1.0001013133840129
7517,2,-1.0071160712009757
7521,2,-1.0153572740292607
7530,2,-1.0005738107342803
7533,2,-1.0025719842382197
7541,2,-0.9997948151385853
7542,2,-1.024988311728562
7547,2,-1.0005738107342803
7553,2,-1.0028500431890899
7566,2,-1.0011606123218593
7586,2,-1.009964978936314
7593,2,-1.005224664023252
7597,2,-1.007965569621856
7607,2,-1.0045128707985864
7611,2,-1.0010306839714214
7619,2,-1.0032229231509553
7621,2,-1.0018314611332282
7628,2,-1.0140370263511207
7631,2,-1.0036265793393362
7641,2,-0.9991638857972506
7644,2,-1.0007499680784093
7645,2,-0.9915940120180531
7651,2,-0.952571775146209
7655,2,-1.0236743796438814
7661,2,-0.9977666592138315
7664,2,-1.0142028518489727
7665,2,-1.0053599621517713
7666,2,-1.0113958479056975
7672,2,-1.0009689030576185
7678,2,-1.0050357557605203
7687,2,-1.0294661907004132
7708,2,-1.0024085006315384
7711,2,-1.0108673024501202
7713,2,-0.9966295773460775
7717,2,-1.007086946238443
7722,2,-1.0029268795064943
7726,2,-1.0127199761663972
7746,2,-1.0023872880064837
7747,2,-1.003636335374849
7749,2,-1.000737309831546
7755,2,-1.009937727996334
7771,2,-1.00204347951851
7775,2,-1.0099605241911922
7779,2,-1.0104003470394822
7785,2,-0.9998378368987031
7788,2,-1.0165337448342655
7797,2,-1.009173640423802
7798,2,-1.0068936135864996
7807,2,-1.0205293305022947
7810,2,-1.002069316964711
7815,2,-1.017679878843726
7819,2,-1.0061266226720489
7823,2,-1.0109646550541267
7825,2,-1.0135183491958613
7837,2,-1.0084990012058226
7838,2,-0.99962757886499
7840,2,-1.0157386982647387
7852,2,-1.0088613069259007
7855,2,-0.999931043432698
7861,2,-1.0165672448294831
7865,2,-1.0034665737048143
7877,2,-0.9988110017367182
7899,2,-1.016332366422667
7903,2,-1.0141386343026475
7906,2,-1.005785731390887
7908,2,-1.0207976587368677
7918,2,-1.0033892562307818
7921,2,-1.0093818256484561
7928,2,-1.0053097553106922
7934,2,-1.0037226890212902
7936,2,-0.9996993533424172
7938,2,-1.0062632455965423
7940,2,-1.0042838810352106
7944,2,-1.0072564354790527
7945,2,-1.02392977797258
7947,2,-1.0102589859448534
7948,2,-1.0280971333616657
7965,2,-1.004313245772393
7976,2,-1.0040067564706219
7978,2,-1.017133700913154
7981,2,-1.0058079014478734
7982,2,-1.00792730985366
7983,2,-1.0094665234104052
7984,2,-1.007374005064389
7989,2,-0.9996874739391239
8001,2,-1.0118240638917952
8002,2,-1.0050391528659983
8004,2,-1.007602183203379
8007,2,-1.0034456332905242
8016,2,-1.0195528684909958
8048,2,-1.0059620512293506
8054,2,-1.0054231969483856
8063,2,-1.008237797390926
8064,2,-1.0103311596829823
8076,2,-1.025037348258384
8078,2,-1.0032354129074266
8081,2,-1.0264353138812738
8088,2,-1.0208011952476037
8111,2,-1.0136978336689313
8127,2,-0.9996083441277857
8130,2,-1.0087446304769774
8133,2,-1.0377566972435655
8141,2,-1.0078722774963742
8166,2,-1.003822090255562
8168,2,-1.0064033454565218
8173,2,-1.00843590779486
8175,2,-1.0107145518437353
8179,2,-1.0116434713440605
8188,2,-1.0103184314605826
8190,2,-1.0070405598268914
8193,2,-1.008121363597587
8194,2,-1.0202424249883704
8201,2,-0.9889007529354893
8223,2,-1.0044004123654169
8228,2,-1.0055073629982183
8239,2,-1.0058581767996198
8250,2,-0.9966392755222933
8261,2,-1.0021930161460009
8269,2,-1.0149888607656825
8270,2,-1.0096969290439608
8271,2,-1.0080672717008201
8274,2,-1.0112068336499633
8276,2,-1.0056195387574047
8279,2,-1.0107878787604747
8284,2,-1.0042666591048908
8285,2,-1.008276112236461
8291,2,-1.0062789718445635
8293,2,-1.0057512463876876
8301,2,-1.0374456934075773
8302,2,-1.0076580941409357
8304,2,-1.0075300953986763
8329,2,-1.0173386795489587
8336,2,-1.0122799151808168
8349,2,-1.0094594595980095
8350,2,-1.0073792284896848
8354,2,-1.006879331554786
8362,2,-1.002384643778394
8371,2,-1.0018560744909941
8387,2,-1.0034038682102593
8409,2,-1.0030014934550586
8416,2,-1.0069550110294707
8429,2,-1.0053833080904793
8432,2,-1.0110734941698136
8433,2,-1.0063552360119525
8438,2,-1.0071567653284297
8446,2,-1.0055317286339973
8457,2,-1.008794409618336
8463,2,-1.0080867234849182
8464,2,-1.0075786852638666
8485,2,-1.0052703391829452
8488,2,-1.0073481246534528
8500,2,-1.0092423124953522
8502,2,-1.0071215971902705
8512,2,-1.0129770454795948
8513,2,-1.0075204268559554
8521,2,-1.0086514698550988
8529,2,-1.0082484507149174
8530,2,-1.0029538810990992
8531,2,-1.0066583340698163
8535,2,-1.019235692455093
8550,2,-1.0075485181443729
8564,2,-1.020262028907796
8569,2,-1.0105417789435975
8574,2,-1.0099084350724286
8577,2,-1.0060861269713492
8590,2,-1.0063186838790008
8599,2,-0.9998078267533986
8614,2,-1.0107971894629886
8621,2,-1.009993509426357
8629,2,-1.002215734145364
8641,2,-1.0029652728498168
8647,2,-1.0063312786467646
8657,2,-1.0117673199305228
8662,2,-1.0125917864859562
8675,2,-1.003699387175039
8676,2,-1.001740810535134
8678,2,-1.0063221319516882
8683,2,-1.0049308692348862
8688,2,-1.012744557384452
8689,2,-1.0095700840405255
8690,2,-0.9976694061353628
8692,2,-1.0005005792250212
8722,2,-1.0052450955619676
8728,2,-1.0108018864393449
8735,2,-1.013594113711714
8738,2,-1.0064987239964789
8743,2,-1.0147730456120856
8745,2,-1.0066626262890037
8761,2,-1.010421487351287
8770,2,-1.0099496625401847
8774,2,-1.0093353089511652
8782,2,-1.0097828886341145
8785,2,-1.0013106935110954
8786,2,-1.0131584473849604
8789,2,-1.0090372470073699
8792,2,-1.0052309028349844
8793,2,-1.0093803998590274
8798,2,-1.0164231624929416
8802,2,-1.0007197046902538
8803,2,-1.008924523898511
8806,2,-1.0088176615866733
8809,2,-0.9925492225196217
8813,2,-1.0116158329401392
8817,2,-1.0160910382066803
8833,2,-1.006842048913438
8864,2,-0.9957669987185919
8866,2,-1.0090407454187167
8887,2,-1.0029350657039768
8891,2,-1.010842501282228
8902,2,-1.0147393550392692
8909,2,-1.010792505611525
8910,2,-1.0062968481379972
8915,2,-1.0232794567792958
8920,2,-1.0158728209991938
8921,2,-1.0238973337622097
8936,2,-1.0107572204096962
8937,2,-1.0107852086279046
8951,2,-1.003154459699576
8952,2,-1.0153024681502756
8963,2,-1.003547562133312
8968,2,-1.0067459625726631
8972,2,-1.0107521890348217
8983,2,-1.0026482952560003
8986,2,-1.0305932989560223
8988,2,-1.0101381475207603
8991,2,-1.0017450463657174
8993,2,-0.9976858563148433
8998,2,-1.0081299640458137
9017,2,-1.0140368926695462
9019,2,-1.0000705123018723
9025,2,-1.0038013820619422
9032,2,-1.0031193205907867
9035,2,-1.0069653584828804
9039,2,-1.0042047394059253
9045,2,-1.006873494567728
9050,2,-1.008518718866789
9055,2,-1.003937790826456
9059,2,-1.0438152154202425
9060,2,-1.0008486671053893
9062,2,-1.01306076645389
9063,2,-0.9963694095153955
9070,2,-1.0051728962287223
9076,2,-0.9944243493978628
9077,2,-1.0058460188386082
9088,2,-1.004243676390217
9092,2,-1.0094229572204991
9096,2,-1.0053779369463869
9099,2,-1.0000640497691964
9107,2,-0.9967942508318455
9116,2,-1.0000564044794549
9126,2,-1.001276791300698
9131,2,-1.006479573759807
9134,2,-1.0333921689021355
9140,2,-1.0092521391476323
9141,2,-0.9978195921055301
9156,2,-0.9979806393973494
9158,2,-1.002137168478605
9165,2,-1.0050785007059717
9167,2,-1.0018195443647229
9170,2,-1.0030795865912416
9175,2,-1.034158998301804
9184,2,-0.9996741782546068
9188,2,-1.0014511612615467
9193,2,-1.0068824178768265
9196,2,-1.021358361245108
9198,2,-1.0023796438431227
9202,2,-1.0143997121753745
9208,2,-1.0041499818205324
9220,2,-1.0119744115593436
9228,2,-1.008693050323406
9235,2,-1.0066523816205684
9239,2,-1.0030476650857505
9240,2,-1.002069658272476
9242,2,-1.0039462103470473
9251,2,-1.028766529969407
9258,2,-1.009179516060143
9260,2,-1.0001376469247143
9262,2,-0.9996641454667468
9264,2,-1.001573506108415
9266,2,-1.0273861181808286
9272,2,-1.0107252927231185
9278,2,-1.0086502333123661
9280,2,-1.0130428574599932
9281,2,-1.0219213977045682
9282,2,-1.0036900329174991
9288,2,-1.005002687699699
9299,2,-1.0073312356338848
9308,2,-1.0041217256967923
9309,2,-1.0199810399231768
9314,2,-1.01250917148199
9315,2,-0.98404232383361
9319,2,-0.9994953865978782
9321,2,-1.002282250010058
9338,2,-1.0021590437292818
9342,2,-1.0066022719695338
9343,2,-1.0140020908804606
9348,2,-1.0066101425644942
9349,2,-1.0055110829679943
9351,2,-1.002993533101453
9358,2,-0.99082174902748
9359,2,-1.001550360305098
9364,2,-1.0042483704386989
9380,2,-0.999367194304265
9381,2,-1.0000974051228002
9383,2,-1.0004343819705734
9390,2,-1.0049662550276022
9391,2,-0.9988957472515032
9400,2,-1.012248060807372
9402,2,-1.0121816288806476
9404,2,-1.01015754071674
9416,2,-1.014448123350189
9423,2,-1.00383212144246
9424,2,-0.9992067372273445
9426,2,-1.0066221185224045
9427,2,-0.9990545664207255
9436,2,-1.0071212381865244
9452,2,-1.0056331564013032
9456,2,-1.0115825052929694
9463,2,-1.0073507786879174
9488,2,-1.0009441169252016
9491,2,-1.0035210840456745
9493,2,-1.0064774342756844
9495,2,-0.9987095561220807
9497,2,-1.009346935401272
9501,2,-1.0006047160835654
9506,2,-1.0064462361596076
9507,2,-1.0006136832526678
9526,2,-1.0047655794551633
9528,2,-0.9985771251281413
9541,2,-1.0227922571749926
9542,2,-1.0063129575166245
9546,2,-0.9998484510095382
9555,2,-1.0036511517200628
9556,2,-1.0138576974879967
9558,2,-1.0111622729481473
9559,2,-1.0147466545581327
9560,2,-1.009723538648683
9564,2,-1.0039567591249554
9566,2,-1.007513612525405
9568,2,-1.0082621221793684
9575,2,-1.0044330725429864
9592,2,-1.0061174996793123
9595,2,-1.000146928965893
9604,2,-1.00240712149844
9607,2,-1.0269390313372493
9620,2,-0.9985397504139386
9623,2,-1.0091178674774057
9626,2,-1.0102924014862034
9628,2,-1.0119529101904663
9629,2,-1.01504609204459
9636,2,-1.0058575467079085
9639,2,-1.0172564718691106
9641,2,-1.0040584749619865
9645,2,-0.9811011723559409
9648,2,-1.0034947951569022
9652,2,-1.0126977148996006
9653,2,-1.0112584097041748
9656,2,-1.0007196274544652
9657,2,-1.004103205961356
9658,2,-1.0028417049766463
9659,2,-0.9992050325309202
9668,2,-1.0020150500994645
9671,2,-1.001313872352244
9676,2,-1.0028830005603053
9680,2,-1.0021743786027528
9682,2,-1.0177876285718213
9689,2,-0.9984853054361362
9691,2,-0.9999212402911488
9696,2,-1.0105058931154016
9697,2,-0.999655484116081
9702,2,-1.0047840461457485
9703,2,-1.0214996498871642
9709,2,-0.9997919677290952
9711,2,-0.9933064246181981
9712,2,-1.0002227523295568
9713,2,-0.9990297844768938
9716,2,-1.0056188025950066
9717,2,-1.0037969806064124
9725,2,-0.9996895242535438
9728,2,-1.0029021409490793
9729,2,-1.0036617956007174
9733,2,-1.005658178202291
9739,2,-1.0033980158437215
9748,2,-1.0036290739956872
9762,2,-1.0031973283021678
9763,2,-1.0136962459920975
9771,2,-0.9997642297375657
9780,2,-1.0109722723039378
9781,2,-1.0029587017214487
9800,2,-1.0063179745598125
9818,2,-1.0019134665523257
9820,2,-1.0015450006273523
9825,2,-1.0001180883100287
9830,2,-0.9995761055286831
9833,2,-1.0116159514824479
9836,2,-1.0001035095092492
9839,2,-1.0071653134032523
9842,2,-1.003321236125238
9847,2,-1.000721356497366
9853,2,-1.000798353346258
9858,2,-1.0028741927295126
9859,2,-1.0029241865884748
9862,2,-1.0068197488117723
9867,2,-1.0067474753667527
9871,2,-0.9994397966132316
9879,2,-1.000128327830285
9891,2,-1.0029545110568598
9893,2,-1.0024583132180493
9903,2,-1.0121408931929303
9904,2,-0.999488700107497
9909,2,-1.003143821296496
9913,2,-1.0022624726700617
9916,2,-1.0002796661339757
9917,2,-0.9969887474962784
9927,2,-1.0077841463382555
9929,2,-1.0120559625661572
9931,2,-1.0103072563997373
9940,2,-1.000601874780676
9945,2,-1.0153901289781406
9948,2,-1.0006582718889785
9965,2,-0.9992791103711482
9966,2,-0.9939349567716388
9980,2,-1.0035577987058697
9985,2,-0.9991277641228529
10000,2,-1.0019067773582802
10009,2,-1.009886089184475
10022,2,-1.0033324555249976
10023,2,-0.9998477597415564
10030,2,-1.0023713336649136
10046,2,-1.0018407041989366
10056,2,-1.0029744209174796
10059,2,-1.001959497683166
10066,2,-0.9985704762210552
10078,2,-1.0023885665334906
10081,2,-1.00501951270865
10088,2,-0.999996213729331
10090,2,-1.0066468521830647
10094,2,-1.0016929789847961
10095,2,-1.003521894056282
10100,2,-1.0037116897191247
10105,2,-1.0035295982565025
10108,2,-0.9986485335328987
10110,2,-0.998577017414799
10117,2,-0.9972668450266576
10119,2,-1.0003878132597839
10127,2,-1.009459532830307
10132,2,-1.000672501835906
10134,2,-1.0025251920969458
10141,2,-1.0060131696908376
10148,2,-1.0003878132597839
10150,2,-1.0070629783260756
10155,2,-0.9994537857417296
10156,2,-0.9975334090210808
10164,2,-0.9940659351997743
10171,2,-1.0220398970104787
10172,2,-0.9950428198612518
10173,2,-1.0054130365687086
10182,2,-0.9926476049961521
10191,2,-0.9988338849550055
10208,2,-1.001793160146597
10218,2,-0.999849175554762
10224,2,-1.0290270097528784
10228,2,-1.0088968654930635
10232,2,-1.0070267973146194
10239,2,-1.004711386479527
10241,2,-1.010330340654381
10247,2,-1.0026139756645538
10254,2,-0.9949184405673185
10258,2,-1.0007896105625074
10268,2,-1.0042091499416146
10277,2,-0.9952833701210373
10282,2,-1.0036324231716673
10286,2,-1.0073821597963337
10297,2,-1.0030702404749907
10301,2,-0.9987341645364118
10310,2,-1.007047493751219
10312,2,-1.0016408671479704
10318,2,-1.0058228708666095
10325,2,-1.0033164034503501
10348,2,-0.9995061420181816
10355,2,-0.9999152410666443
10360,2,-1.0007070990911764
10363,2,-1.0064351109975997
10372,2,-1.0029878727423185
10374,2,-1.0001410702414923
10379,2,-1.0117290973960966
10381,2,-1.0018568871333662
10384,2,-1.0023389717359728
10388,2,-1.0102544586577669
10389,2,-1.0234932385100384
10391,2,-1.0092389884436954
10394,2,-1.010017937184895
10409,2,-1.0115680018531854
10410,2,-1.0069366393894854
10411,2,-0.9992616606349711
10415,2,-0.9998190859110229
10424,2,-1.0055656490144633
10437,2,-1.006658496148714
10440,2,-1.0005258571996691
10441,2,-1.0012056274517447
10449,2,-1.0022836680272227
10451,2,-1.0036198144486208
10453,2,-1.017168428818808
10459,2,-1.0222457815513428
10462,2,-1.0006297935532684
10467,2,-1.0004682895911605
10473,2,-0.9986883006066036
10476,2,-1.0123546250403146
10485,2,-1.0083116610853344
10486,2,-1.0069163219393624
10488,2,-1.0027662927884182
10507,2,-1.0041393658634612
10510,2,-1.002119022499951
10511,2,-1.0007920042964886
10515,2,-1.005698441933781
10517,2,-1.0053570850390523
10526,2,-1.0114419936339454
10531,2,-1.0051109627971293
10534,2,-1.0025579274111722
10540,2,-0.9969707179539741
10542,2,-1.0007436437888986
10548,2,-1.0033950303620491
10561,2,-1.0066010461086572
10569,2,-1.010802748690786
10574,2,-1.0290823804878737
10575,2,-1.0018961869142702
10578,2,-1.0207646893206823
10587,2,-1.0147612634112528
10594,2,-1.005073857095603
10595,2,-0.9961937506906607
10598,2,-1.018376865486078
10600,2,-1.0028879097196362
10609,2,-1.0040895746394827
10610,2,-1.0093459231732522
10615,2,-1.0016078245643918
10618,2,-1.0000510114170122
10621,2,-1.000122623868181
10622,2,-1.0002221779024365
10624,2,-1.0009402441240616
10627,2,-1.004057963064578
10628,2,-0.9894817160797538
10639,2,-0.979196403089205
10649,2,-1.0073894112693087
10666,2,-1.0187415965122952
10671,2,-1.0101504937596433
10676,2,-1.00320293327729
10681,2,-1.0080509554801198
10683,2,-0.9936105081537911
10684,2,-1.0161061362391242
10687,2,-1.0168035359714989
10689,2,-1.011658819981111
10696,2,-0.9893200838762581
10698,2,-1.0130718924119693
10701,2,-1.0007984983566653
10718,2,-1.0063451141442938
10720,2,-1.0085410085377018
10739,2,-0.9978274357258748
10742,2,-0.9997399172695756
10750,2,-1.0062686780748402
10752,2,-1.010614304682081
10755,2,-1.0007174425485403
10759,2,-0.9755831512773128
10772,2,-1.005400260537086
10773,2,-1.005518771371161
10775,2,-0.9891149488240804
10787,2,-0.994353003731905
10801,2,-1.0009154110710972
10807,2,-1.0226760243342026
10814,2,-1.007220416078813
10822,2,-1.0198332357757705
10823,2,-0.9953370301338624
10826,2,-0.996441584873996
10828,2,-1.0130634203031588
10833,2,-1.011182371160184
10837,2,-1.030704694803461
10841,2,-0.9960205246372489
10858,2,-1.009028264157072
10878,2,-0.99910281423963
10882,2,-1.006683331781105
10887,2,-1.0007842311297837
10889,2,-1.0006174588260561
10897,2,-1.0001486759790672
10907,2,-1.0073618000214228
10913,2,-1.0066694805132124
10920,2,-1.0035526185905805
10923,2,-1.0239468286808013
10930,2,-0.9996833573608208
10936,2,-0.9998754169641358
10938,2,-1.0165655466728611
10940,2,-1.0000368767045842
10945,2,-0.9999345885428148
10947,2,-1.003855978017237
10948,2,-0.9978828737823149
10950,2,-1.0052705183227224
10960,2,-1.002324824385635
10963,2,-0.9997347607659589
10964,2,-1.008231269742855
10967,2,-1.007345475405313
10975,2,-1.007470775631054
10977,2,-1.0093958648200956
10995,2,-1.0023039884575646
10996,2,-1.001841259566062
11023,2,-0.9975579680417765
11031,2,-1.0010886894293733
11032,2,-1.0066928641832376
11036,2,-1.0080650705445255
11050,2,-0.9985688551274821
11059,2,-1.000183990490097
11066,2,-0.9988577196115123
11078,2,-1.0026123457272802
11081,2,-0.994944349471669
11105,2,-0.9997218368418329
11113,2,-1.0064616839048959
11118,2,-1.0131988710374584
11142,2,-1.0036114403139373
11157,2,-1.000829340765098
11162,2,-1.0034858363251313
11179,2,-1.0033953601365124
11189,2,-0.9961166985952513
11192,2,-0.9820182300970283
11195,2,-1.0016722655153552
11205,2,-0.9993543028541141
11224,2,-1.006078813675752
11244,2,-1.0059847152241361
11246,2,-1.0019053224509686
11251,2,-1.0055012397909053
11253,2,-1.0317842717501617
11259,2,-1.009802584076831
11263,2,-0.9993330058450592
11265,2,-1.0031422701524673
11269,2,-1.0019541867103705
11271,2,-1.013795411852891
11278,2,-1.0153213540389303
11279,2,-1.0141898580571742
11289,2,-1.000792330744487
11291,2,-0.9928678672988938
11298,2,-1.0020118538664438
11299,2,-1.004218534178652
11302,2,-1.0041376693528292
11305,2,-1.0114888598776814
11316,2,-1.001483042645939
11318,2,-1.0097062084501878
11321,2,-1.004077739569544
11323,2,-0.9999935595241638
11335,2,-1.0012684215217198
11341,2,-0.9820503625071314
11343,2,-1.0086255283179524
11349,2,-0.9994758915591087
11353,2,-1.0185290087971426
11354,2,-0.9997635168920773
11361,2,-1.0058944307370228
11375,2,-1.0064349939526616
11376,2,-1.0028934485334895
11383,2,-1.0091273671679688
11393,2,-0.9989830230240484
11426,2,-1.0070104842703844
11448,2,-1.0073734784012527
11453,2,-1.0287766275402659
11466,2,-1.0143492185066965
11476,2,-1.0162251078441566
11491,2,-1.0180730862764271
11499,2,-1.010131862000127
11500,2,-1.0032133688253961
11504,2,-1.0042529955918136
11514,2,-1.002268913217528
11521,2,-1.0245595681365918
11527,2,-1.0041894599575691
11537,2,-1.0006957877864582
11538,2,-0.9985691312605207
11539,2,-1.0284963237258724
11542,2,-1.0037426494924513
11546,2,-1.004221024095866
11548,2,-1.002678987679817
11550,2,-1.0105435250357948
11564,2,-1.002442624121581
11565,2,-0.9991130897812226
11574,2,-1.0004747055310643
11575,2,-1.0103429711513092
11577,2,-1.0021547435992233
11583,2,-1.000959437217058
11586,2,-1.006592541845392
11592,2,-0.9992802612884968
11596,2,-1.010856688926113
11608,2,-1.0025207593283012
11611,2,-1.0039719255534187
11617,2,-1.006295500605135
11624,2,-1.0152406022279354
11625,2,-0.9979561772814702
11634,2,-1.0061264555327007
11638,2,-1.001511186715197
11645,2,-1.0033155837754328
11650,2,-1.0023203534679808
11655,2,-0.9927165214850637
11668,2,-1.013519211644418
11671,2,-1.005982364566016
11672,2,-1.0065546475343192
11679,2,-1.0685882597584226
11686,2,-1.0103114913030677
11691,2,-1.0156960118330554
11694,2,-1.0166770018496445
11697,2,-1.003148950494566
11716,2,-1.0001831012217746
11719,2,-1.0130462272496765
11721,2,-1.0078739751772714
11732,2,-1.0031672718166458
11743,2,-1.010510603350606
11748,2,-1.0041172450344837
11750,2,-1.0189263631867445
11752,2,-1.0087214024232747
11783,2,-1.0020637731971962
11789,2,-1.007989086194848
11800,2,-0.9979081196826104
11801,2,-1.016071079564295
11804,2,-1.011450983308381
11811,2,-1.0079586856038953
11814,2,-1.0118382984625058
11817,2,-1.009822998191054
11818,2,-1.006896851828797
11821,2,-1.0010128111811731
11827,2,-0.9987444577908695
11832,2,-0.9820493197714353
11839,2,-1.0101633064025766
11844,2,-1.0309481324426202
11859,2,-1.006972639247963
11862,2,-1.0026087497741885
11863,2,-1.0010937787666863
11868,2,-1.0160335685906152
11870,2,-0.9997650457065715
11871,2,-0.9865546631383304
11877,2,-1.0008046108351754
11881,2,-0.9964652354611687
11885,2,-1.0094425143713233
11898,2,-1.0369964847835493
11903,2,-1.0459978509557009
11906,2,-1.0177662523120645
11919,2,-1.0147178011865006
11923,2,-1.004857581086383
11931,2,-1.0011077207630796
11940,2,-1.0006857369206086
11945,2,-1.0001196754585422
11946,2,-0.9980091562580224
11952,2,-0.9988820579793092
11973,2,-1.0046603004413743
11991,2,-0.9873511343613977
11992,2,-1.000814015300555
11995,2,-0.9868659137518855
12000,2,-1.0022104121775144
12005,2,-0.9977365964859036
12007,2,-0.9996892035083
12010,2,-0.9996448966484934
12011,2,-1.004793670636548
12021,2,-0.9997384988146165
12022,2,-1.0042042139255312
12028,2,-0.9978423207941112
12043,2,-1.0020645708106355
12048,2,-1.0028405123405184
12050,2,-1.0034929362873959
12066,2,-1.0078413559794066
12068,2,-1.016065013226029
12071,2,-1.0043690678323192
12077,2,-1.002859382092164
12082,2,-1.0078395696616305
12106,2,-0.9994332516949169
12107,2,-1.0016783367614628
12114,2,-1.0033476904498289
12116,2,-1.0022695805168365
12118,2,-1.0052244177799399
12125,2,-1.0043371161747106
12126,2,-0.9997511774882143
12141,2,-1.007491110488453
12154,2,-1.024586824063784
12156,2,-1.0209523376519019
12163,2,-1.0127283997613896
12187,2,-0.9915164812987456
12192,2,-1.016704713130916
12201,2,-1.0122193859354591
12205,2,-1.0168167812672744
12216,2,-1.0031545647720896
12217,2,-1.020581471045591
12218,2,-1.0087749528638639
12240,2,-1.0109439378380287
12243,2,-1.0042722842193168
12244,2,-1.002203294956702
12246,2,-1.0180079784144902
12260,2,-1.0099675423915868
12266,2,-1.0053253924970917
12268,2,-1.0105002388938575
12276,2,-1.0144710719704095
12279,2,-1.0022214426019802
12281,2,-1.0013624730260295
12293,2,-1.007877958395809
12294,2,-1.0061189160064863
12300,2,-1.0156683788504588
12310,2,-1.0106942640692402
12314,2,-1.0036759768109387
12315,2,-1.0350077283158394
12318,2,-1.0248332182148645
12328,2,-1.0184961019493843
12336,2,-1.008000896924914
12347,2,-1.001811091375883
12348,2,-0.9916825782946513
12350,2,-1.0184093829073295
12354,2,-1.0515629864481082
12358,2,-1.00360684513663
12377,2,-1.029475163236872
12382,2,-0.9993189874621125
12415,2,-1.0027389643879063
12417,2,-1.0158715164917078
12418,2,-0.9777137342780593
12419,2,-1.002140564393235
12427,2,-1.0014678343128383
12433,2,-1.0035251083329297
12442,2,-1.005386697968836
12448,2,-1.0009821234274976
12449,2,-0.9985425712805993
12451,2,-0.9956129087481017
12452,2,-1.0009748902185809
12459,2,-1.005420944313863
12460,2,-0.9924497342300006
12471,2,-1.0155599753789748
12473,2,-1.0043394733369588
12475,2,-1.0156851467587833
12477,2,-1.0018806671775726
12487,2,-1.000807725501001
12501,2,-1.0090904932230338
12510,2,-1.0029928273251565
12515,2,-0.9998335524577096
12516,2,-1.0016791149904467
12521,2,-1.0027163650215247
12522,2,-1.0057391670514824
12525,2,-1.0101018407683853
12530,2,-0.9929215420045407
12532,2,-0.9828474816471839
12534,2,-1.0008195762257734
12543,2,-1.0013442614434573
12546,2,-1.0013047981965664
12551,2,-0.9997626201156867
12552,2,-0.9929224038974989
12553,2,-1.0026381752378621
12558,2,-0.9979849106340068
12561,2,-1.0303377132228526
12564,2,-1.01519645481809
12571,2,-1.0046317074542626
12580,2,-1.0110112936412472
12582,2,-0.9997559736586709
12592,2,-1.0045521001986057
12597,2,-1.0070737562412577
12599,2,-0.9997399533337341
12609,2,-1.0011785568496532
12618,2,-1.0095068480457678
12621,2,-1.002617552346233
12623,2,-0.9944494650427392
12626,2,-1.0071573926789994
12654,2,-1.0012472924162357
12655,2,-1.0007190456162869
12665,2,-0.9948251293893005
12666,2,-1.0008272762593553
12668,2,-1.009468936120508
12670,2,-0.9777450066226978
12674,2,-1.0067804522337784
12680,2,-0.9994800879976395
12686,2,-1.0135550487119898
12697,2,-1.0332908895062354
12698,2,-1.000947540704387
12700,2,-1.0067716027592866
12704,2,-0.9983545824106536
12716,2,-0.9965376077320957
12719,2,-1.0006945941385506
12732,2,-1.0002219252775435
12739,2,-0.9998959995877079
12759,2,-1.0232611636819704
12763,2,-0.9997444437838565
12768,2,-0.9999602006882243
12770,2,-0.9986804030530758
12774,2,-1.0027250861767256
12775,2,-1.0036077224826163
12780,2,-1.000948859396245
12781,2,-1.000074378270953
12782,2,-1.0063999283734413
12790,2,-1.02373045254365
12803,2,-1.0041772832008984
12804,2,-1.0047955614266932
12810,2,-1.0042681204354604
12813,2,-1.0040238187268904
12814,2,-0.9997110570710728
12822,2,-1.0047654495303204
12824,2,-0.9999151743087811
12825,2,-1.0004517273447229
12833,2,-1.011895260553947
12838,2,-1.0412137845625216
12844,2,-1.0016500790253953
12852,2,-0.9979121710132094
12859,2,-0.9997850793325906
12860,2,-0.9997850793325906
12863,2,-1.0020676764854635
12869,2,-0.999316905004602
12873,2,-1.0036930907939894
12876,2,-1.0017114721482114
12881,2,-0.9997850793325906
12884,2,-0.9984797079518046
12887,2,-1.0048911416613713
12894,2,-1.0045311745025558
12909,2,-1.0060381155260822
12926,2,-1.00289128188497
12932,2,-1.0077462894760618
12939,2,-0.9997940735858153
12940,2,-0.9943975323049586
12944,2,-1.0064873028493304
12961,2,-1.0058138943215078
12963,2,-1.0176166585012607
12972,2,-1.0022885183600803
12978,2,-1.0031659704861264
12980,2,-1.0004380991667463
12982,2,-1.0026780583582546
12983,2,-1.0012680448929898
12991,2,-1.0050735851848636
12992,2,-1.0051351239543445
12995,2,-1.0046926429301006
13009,2,-1.0087342971902493
13010,2,-1.0043269762350973
13013,2,-1.0057728985219965
13016,2,-0.9950263428995747
13018,2,-1.005059507137429
13021,2,-1.0007536226507179
13023,2,-1.0034801358358167
13028,2,-1.0038922937268624
13029,2,-1.0033621327814621
13031,2,-1.003435582395448
13039,2,-0.9993192677186786
13040,2,-1.005165714781218
13044,2,-1.002840221953374
13047,2,-1.009712814186165
13048,2,-1.021521969116372
13052,2,-1.0038649645710038
13062,2,-1.0080216891115783
13066,2,-1.0047625768024575
13070,2,-1.0412137845625216
13074,2,-0.9970582335935954
13084,2,-1.0412137845625216
13088,2,-0.9997829365096833
13099,2,-1.0012340328658296
13101,2,-1.0090845523943164
13107,2,-0.9998917440761572
13114,2,-0.9975729322112783
13135,2,-1.0091011506490566
13148,2,-1.0005950119748053
13155,2,-1.0011780598693973
13164,2,-0.9999318523875164
13166,2,-1.0063506709670502
13168,2,-1.0015563028845595
13178,2,-1.0002179827617605
13184,2,-0.9998993714885436
13190,2,-0.9948578946469491
13193,2,-1.0079215638890184
13195,2,-1.0123538283213467
13198,2,-1.0123538283213467
13211,2,-1.0074183788977564
13213,2,-1.008942741557232
13225,2,-1.0038895203222975
13226,2,-1.0067993481806106
13243,2,-1.008676705313309
13246,2,-1.0042375905371932
13258,2,-1.0041124764196163
13260,2,-1.001587726251671
13267,2,-1.0059776999171999
13278,2,-1.0022138783480588
13280,2,-0.9944794962276297
13292,2,-1.0023811906246414
13298,2,-1.004102205807609
13301,2,-1.0065356510705898
13316,2,-1.0024958643616573
13318,2,-1.006116764858859
13321,2,-0.9997865772911603
13328,2,-1.018826487005772
13331,2,-0.9979623307247193
13332,2,-0.9988018736172151
13342,2,-1.0013303725805325
13358,2,-0.9998122128235037
13377,2,-1.0021431239245402
13379,2,-1.0001557065010287
13384,2,-0.9995328404219964
13391,2,-1.0027036550685773
13400,2,-1.013803814071733
13414,2,-1.004704659413342
13417,2,-1.0107315224199165
13420,2,-0.9967768413706797
13431,2,-0.9966182258328429
13434,2,-1.0136652047647994
13443,2,-1.0030609246309532
13456,2,-1.000594764288747
13457,2,-1.0039093046337113
13463,2,-0.9939338257202628
13465,2,-1.0095344373950597
13470,2,-1.0058584087712297
13472,2,-1.017755851745697
13474,2,-1.003703920613834
13499,2,-1.0014434861417554
13504,2,-1.0030706800915556
13506,2,-1.0000776308495967
13514,2,-1.0003179658724999
13515,2,-1.0045091316417478
13529,2,-1.0031595981528991
13534,2,-1.007802430529817
13535,2,-1.004657537360743
13543,2,-0.9990319850677258
13545,2,-0.9964495363233881
13546,2,-1.002223383601123
13547,2,-1.0039946636303547
13548,2,-0.9944526172663859
13557,2,-1.001192655686822
13561,2,-1.0088572035587906
13576,2,-1.0017395861983618
13589,2,-1.0045164040174346
13597,2,-0.9999440821607481
13612,2,-1.0021453596450725
13618,2,-0.9999089243043631
13626,2,-1.000394508612703
13640,2,-1.0010857378362086
13648,2,-1.0005281552774026
13660,2,-1.0016289208375326
13664,2,-1.0008397977276227
13674,2,-1.014515597952461
13683,2,-1.0007610358796786
13697,2,-1.0237111377937311
13699,2,-0.9992068126229705
13712,2,-1.0009854429459022
13715,2,-1.0059421382705498
13720,2,-1.001357387824943
13723,2,-0.999799299865304
13728,2,-1.0393161128429647
13734,2,-1.0004198757766725
13741,2,-1.0004198757766725
13749,2,-1.0006557090356905
13760,2,-0.9998528239567986
13766,2,-1.0043876767719622
13785,2,-1.0050780976940765
13789,2,-1.0001197473764738
13793,2,-1.000265196755151
13796,2,-1.0019844168968506
13809,2,-1.0473997065061207
13813,2,-1.0239328990338092
13817,2,-1.0063690615608811
13819,2,-0.9944774799329397
13822,2,-0.9999141647399659
13835,2,-0.9917277320601714
13836,2,-1.000546172542106
13837,2,-1.0019403366199722
13839,2,-1.0268668316145937
13841,2,-1.0045825870835856
13863,2,-1.0046648920388952
13871,2,-1.0036468605368951
13890,2,-1.000656679280117
13895,2,-0.9998044414866065
13900,2,-1.000368424529609
13943,2,-1.0007842093076273
13951,2,-0.9848932675029556
13955,2,-1.0021308670723146
13957,2,-1.030334042063983
13961,2,-1.0001925717350963
13965,2,-0.9997398568183069
13974,2,-0.9972140823681321
13980,2,-1.00776245830281
13986,2,-1.0068467479010783
13994,2,-1.0008023795669825
13998,2,-1.0314633353084166
14012,2,-1.0063438867919492
14016,2,-1.0008997524880108
14040,2,-0.9979938693156277
14049,2,-0.9998946291251691
14055,2,-1.0009438746244212
14058,2,-1.0007543449687168
14070,2,-1.0017707042165265
14077,2,-1.0050390492012942
14078,2,-1.002937768516739
14086,2,-1.0005880685458404
14088,2,-1.001107977205012
14093,2,-1.0026266576540663
14094,2,-1.0044665204033054
14097,2,-0.9995071249862817
14099,2,-1.0061554727866737
14114,2,-1.018902492544953
14126,2,-1.005514993953979
14136,2,-1.0055373307976252
14139,2,-1.019949417220667
14144,2,-1.0020705310027318
14146,2,-0.9975955880309144
14151,2,-0.9997874097404473
14154,2,-1.0006647254811878
14159,2,-0.9846685930192529
14171,2,-1.0017455543918854
14178,2,-0.9998617942556706
14186,2,-1.0028707717241763
14188,2,-1.0047512279267226
14191,2,-1.0098418050737072
14206,2,-1.0073596422206021
14211,2,-1.0179234365872665
14220,2,-0.9960594027669847
14221,2,-1.001094034570469
14222,2,-1.000049954206742
14233,2,-1.0047512279267226
14245,2,-1.00436275169353
14248,2,-1.0046977396626637
14259,2,-1.0009578366301903
14261,2,-1.000219260175712
14263,2,-0.9999177816184603
14264,2,-1.0005649938491263
14266,2,-1.0050355509787408
14274,2,-1.0011395909602143
14280,2,-0.9972894251244201
14284,2,-1.0009320554253867
14292,2,-1.0180530224757713
14293,2,-1.0126685487749711
14294,2,-1.0010481655614418
14304,2,-1.0070087832205625
14306,2,-0.9998208533881785
14314,2,-1.0011878244421306
14315,2,-1.0082878954533356
14319,2,-1.0010552391698941
14322,2,-0.9985602223292596
14323,2,-1.0264060991129802
14341,2,-0.9998950766432628
14342,2,-1.0036087508803375
14345,2,-1.0000561618985986
14347,2,-1.0001168244066845
14350,2,-1.0015679502836927
14356,2,-1.004119046950422
14360,2,-0.9997604946714046
14361,2,-1.0001010330157665
14366,2,-0.9977830769799596
14367,2,-1.0211636855213775
14368,2,-1.0047839182499896
14372,2,-1.000905272043368
14376,2,-1.0046093311754225
14377,2,-1.0219659161561228
14378,2,-0.9994490875836114
14381,2,-1.0023333363140756
14385,2,-0.999681269890371
14392,2,-1.0039688581700819
14426,2,-1.018629520281082
14430,2,-1.00973942013665
14434,2,-1.001212135449617
14435,2,-1.0033947648866945
14437,2,-1.0043961212404953
14438,2,-1.0134192765761332
14440,2,-1.005467933277001
14447,2,-0.9980405362117211
14457,2,-0.9995691862839744
14467,2,-1.0088267555628578
14469,2,-1.0060312965644604
14471,2,-0.9978225456252452
14473,2,-0.9986881810418942
14474,2,-1.008636023057546
14486,2,-0.9948823512966565
14499,2,-1.0067316003418165
14505,2,-0.9925663417433539
14512,2,-0.9988542511798895
14514,2,-1.0073736322258326
14516,2,-1.0027661882370666
14519,2,-1.0042857986882208
14524,2,-1.0042289571969933
14528,2,-1.0168118566861872
14531,2,-1.0124281365798977
14532,2,-1.0026598069977266
14537,2,-1.0011322361447152
14539,2,-1.0258624513655157
14545,2,-1.000474173819573
14554,2,-1.019916213156791
14563,2,-1.0033900737958774
14567,2,-1.005406678768849
14583,2,-1.0152709140188283
14584,2,-1.0104524126164325
14594,2,-1.0052493529980788
14611,2,-0.9986123525357065
14616,2,-1.0114545515996756
14627,2,-1.001109283156311
14635,2,-1.0017371583402732
14663,2,-1.0059796487819206
14667,2,-0.9631352002115828
14673,2,-1.0054795528767264
14674,2,-1.004416282169632
14677,2,-0.9967186746075241
14679,2,-0.998281802900755
14685,2,-1.010359095914264
14689,2,-1.0121625633519096
14691,2,-1.0079894772820062
14695,2,-1.0056105217034548
14699,2,-1.0268913961060167
14700,2,-1.007669217961207
14705,2,-1.0026394999122612
14709,2,-1.0095466936123831
14713,2,-1.0115700537061958
14737,2,-1.0078614037820242
14740,2,-0.9948118301619252
14745,2,-1.0002228400608848
14749,2,-1.0022506955731196
14781,2,-1.0011326679449144
14786,2,-1.0064430485522604
14794,2,-0.9883554993506564
14798,2,-0.9928768926196387
14805,2,-1.0010929256389154
14815,2,-1.0054614646283344
14820,2,-1.0003810623486724
14821,2,-1.0064986512382925
14825,2,-1.0090271899189749
14831,2,-1.0032528421456304
14838,2,-1.0025156067606877
14842,2,-0.9989748931075416
14844,2,-0.9859901653820424
14853,2,-1.000056543479565
14856,2,-1.0056760028593072
14861,2,-1.0054953080370597
14872,2,-1.001909724995428
14875,2,-1.0140997587187355
14879,2,-1.0154353328231651
14880,2,-0.9986309177756925
14887,2,-0.9979007174095395
14902,2,-0.9974783092333295
14904,2,-1.0076724180685472
14907,2,-1.0002922967331092
14910,2,-1.0204507472652184
14922,2,-1.0015578976064643
14926,2,-1.0144115458732132
14951,2,-0.9986005165921765
14957,2,-0.9823554588419635
14961,2,-1.0042169466826416
14966,2,-1.0019651411600061
14970,2,-1.0035694654356675
14973,2,-1.0186235873583573
14990,2,-0.9996985101782512
15012,2,-1.0000968703185684
15013,2,-0.9982670133743757
15019,2,-1.0033077556116008
15035,2,-0.9997744268133602
15058,2,-1.0024585552283618
15059,2,-1.000707678699468
15061,2,-1.0018603303346878
15065,2,-1.0265333318695784
15082,2,-1.0000340746218939
15088,2,-1.0073035766836933
15089,2,-0.9901430431447461
15107,2,-0.9952015647070944
15108,2,-1.00028110731807
15125,2,-0.9968865506493192
15135,2,-1.0014601654834663
15143,2,-1.0005185470211684
15146,2,-1.0006003407033057
15152,2,-1.0008968270899092
15163,2,-1.0051886849778737
15164,2,-1.0072031462676723
15165,2,-1.0049640913505908
15167,2,-1.010791514929172
15178,2,-0.997865610619707
15179,2,-1.0148899589784912
15184,2,-1.000020576135765
15187,2,-1.0019048754435445
15191,2,-1.004473143559934
15195,2,-1.0373070336094785
15199,2,-1.0261214954797706
15205,2,-1.0043256316654896
15210,2,-0.9980555524391163
15213,2,-1.0109102992537893
15214,2,-1.0047292387164943
15215,2,-0.9961199486320882
15220,2,-1.0001152401332296
15222,2,-1.0007745221157835
15225,2,-1.0160676993331907
15226,2,-1.0005779041803136
15248,2,-1.0080014118031202
15251,2,-1.0101162801621806
15254,2,-0.9997766618112907
15265,2,-0.9920234479559628
15273,2,-1.0062873636132956
15274,2,-1.0081578602773806
15276,2,-1.0062213313504413
15277,2,-1.0029915683832895
15278,2,-1.03839719385208
15282,2,-1.009832843323006
15288,2,-1.0043655647066747
15292,2,-1.001593599274302
15300,2,-0.9974037409302332
15301,2,-1.0027123710995294
15304,2,-1.0018620993484193
15310,2,-0.9997587386049946
15315,2,-1.0038437881026017
15324,2,-0.9869219222841834
15325,2,-1.0033231000021328
15328,2,-1.009153420044643
15334,2,-1.0000857415098556
15335,2,-0.9994641099461592
15345,2,-0.9933801132740887
15349,2,-1.000884843396613
15363,2,-1.0000075434952507
15365,2,-0.9828177370022461
15374,2,-1.0012272066133208
15385,2,-1.0028477770122755
15397,2,-1.0065369476167485
15404,2,-1.000432485229462
15409,2,-1.0043678039864898
15416,2,-0.9993887462662397
15417,2,-1.0078220465034715
15421,2,-1.019381761570288
15435,2,-1.0092857129205646
15436,2,-1.0062478774595813
15439,2,-1.0000723457722251
15440,2,-1.0036019357236015
15441,2,-1.0209567052722845
15450,2,-0.9966282372798906
15458,2,-1.001893485728509
15466,2,-1.0089054048204638
15471,2,-1.0059651046338207
15477,2,-1.0080419215499898
15479,2,-0.9965365399134045
15509,2,-1.0023294308335373
15510,2,-1.0054349859612677
15513,2,-1.0064945036377324
15516,2,-0.9968129097842495
15517,2,-1.0038817332731305
15521,2,-0.9898413372494355
15528,2,-1.0010598210210864
15536,2,-1.005535282273922
15538,2,-0.9993581443020865
15546,2,-0.9980144387596053
15556,2,-1.0032260367437529
15558,2,-1.0011631925687232
15588,2,-1.0008020160357833
15605,2,-1.0003742524043993
15606,2,-0.9996018345208226
15617,2,-1.0021757679561034
15618,2,-1.0018036837501774
15619,2,-0.9990307316444531
15632,2,-1.009089556372094
15633,2,-1.0027489924229012
15644,2,-0.9982024186288581
15649,2,-0.9965552481379364
15661,2,-1.000458907800047
15662,2,-1.0025279412194918
15664,2,-0.997749670993904
15673,2,-0.999103109332376
15683,2,-1.002784282229388
15684,2,-1.0022106470099534
15702,2,-1.0132686257530676
15705,2,-1.00677501781291
15708,2,-1.001064610337449
15713,2,-0.998019526193143
15723,2,-1.001000662783061
15734,2,-1.0067735949836882
15735,2,-1.0069750503909107
15736,2,-1.0020874116598442
15740,2,-1.003142559435464
15741,2,-1.0011801707920118
15751,2,-1.0043963222235313
15752,2,-1.0002116373393086
15754,2,-1.0029706950358754
15760,2,-0.9989225344186932
15761,2,-1.0020778147683482
15766,2,-1.0005994498351405
15767,2,-1.0015996155956022
15771,2,-0.9995573159752433
15779,2,-0.9980124993554684
15782,2,-1.0285379952025184
15785,2,-1.022319115223852
15788,2,-1.0001440823453098
15790,2,-0.9999914689018425
15791,2,-1.0012089183877633
15792,2,-1.0021025756584172
15804,2,-1.004681420203315
15816,2,-1.0011418443378677
15824,2,-1.0007330841735493
15831,2,-1.0211986512052418
15832,2,-1.0005722762588507
15833,2,-1.0044037249675382
15843,2,-1.0074058455486825
15851,2,-1.0114524106993241
15852,2,-1.0196257645692999
15859,2,-0.9967301696076591
15863,2,-1.0113455195344967
15877,2,-1.0008487907968002
15897,2,-1.0063241232727793
15909,2,-1.0136162827046915
15916,2,-1.0066994671572131
15928,2,-1.002140564393235
15933,2,-1.0004698317910814
15947,2,-1.017374788927786
15949,2,-1.003144258944366
15951,2,-1.0027383863435702
15952,2,-1.0038489471014902
15956,2,-1.0042533898849375
15958,2,-0.9937644724838721
15969,2,-1.000175035108763
15972,2,-0.9740414909307051
15975,2,-1.0107723453375563
15985,2,-1.0121532178816353
15986,2,-0.9991988432159233
15997,2,-1.0140267401807415
16000,2,-0.9992330584810566
16004,2,-1.0015973287393187
16015,2,-1.0011679673140135
16020,2,-1.0018209275270056
16021,2,-0.9909400418341954
16023,2,-1.0005106281318938
16026,2,-0.9895737658371941
16028,2,-0.9984964733397198
16030,2,-0.9992699255942157
16040,2,-1.0039135818894322
16049,2,-0.9884593907589537
16055,2,-0.9918522090777235
16065,2,-1.0028728345621098
16073,2,-1.017832429681288
16074,2,-1.0006372489653916
16078,2,-0.9935863834944432
16081,2,-1.0023938563886836
16094,2,-0.9869780541976048
16096,2,-1.003475998983601
16116,2,-1.015027261830253
16118,2,-1.0104726542153233
16122,2,-1.033741741397216
16124,2,-1.000099639557047
16131,2,-1.0056503904203633
16134,2,-1.003641351899936
16137,2,-1.011065800901367
16139,2,-1.0014787739172624
16144,2,-1.0024919173800257
16155,2,-1.001573556667954
16161,2,-1.024406120898221
16162,2,-1.0030900547971209
16163,2,-1.0013829743582165
16172,2,-1.0138177937736308
16173,2,-1.0015057838795287
16175,2,-1.0345705191981807
16178,2,-0.9910545268063657
16187,2,-1.0007116979901536
16206,2,-1.0019178759608112
16209,2,-0.999766935240636
16224,2,-1.0001147813269011
16225,2,-0.999766935240636
16226,2,-1.0001147813269011
16236,2,-0.999123023718834
16240,2,-1.0128105243541274
16251,2,-0.9991367556326426
16256,2,-0.9993172375113724
16259,2,-1.0043265477713703
16260,2,-1.004635898629838
16265,2,-0.988657428175812
16267,2,-1.026675293328446
16273,2,-1.0005318274913533
16284,2,-0.9978798700218771
16286,2,-1.0033254872822108
16295,2,-1.0061208255670198
16298,2,-0.9895252992078675
16305,2,-0.9981389818214388
16308,2,-1.0225035853288615
16309,2,-1.0047209937452264
16315,2,-1.001212135449617
16319,2,-0.9923218969294898
16330,2,-0.9989631573850324
16338,2,-0.9987065624146454
16345,2,-1.003767826405047
16358,2,-1.0000253100793866
16362,2,-1.0091786026914906
16397,2,-1.0022884433355919
16398,2,-1.0002658461687601
16408,2,-1.0016833448928966
16411,2,-0.9993548737211894
16415,2,-1.007340848156998
16428,2,-1.0044924280346603
16437,2,-0.9984504199817377
16438,2,-1.0024264421861104
16446,2,-1.010786495502785
16449,2,-1.0001704385738526
16462,2,-0.9956555691946498
16464,2,-1.0051359874505108
16469,2,-0.9992195841279834
16474,2,-1.0021123779004146
16475,2,-0.9846995336540996
16476,2,-1.0021790837043754
16480,2,-1.000487559216666
16497,2,-0.9985870792036518
16505,2,-1.0028963192321259
16514,2,-1.000259809720601
16515,2,-0.9977218033376868
16520,2,-1.0051274547092246
16529,2,-1.0014995450445536
16536,2,-1.0046731509829523
16553,2,-1.0016822318463054
16555,2,-1.0008796067619514
16557,2,-0.9980016451812185
16563,2,-0.9799372999067388
16574,2,-1.0081707363795727
16575,2,-1.0047867212014303
16577,2,-1.0181879427769909
16581,2,-0.9992154585316977
16592,2,-1.0025529661241654
16607,2,-1.0027066632050141
16612,2,-0.9997488657711165
16618,2,-0.9997119678823909
16625,2,-0.9997119678823909
16638,2,-1.0125005534629308
16645,2,-1.0051763502178666
16647,2,-0.9930580838147168
16648,2,-0.9993284693536123
16649,2,-1.0219813825886472
16650,2,-0.9881853478167117
16657,2,-0.9980517833870557
16658,2,-0.9958701039272044
16668,2,-1.0018195874176787
16669,2,-1.008082044255644
16682,2,-1.0020568294971501
16684,2,-1.0051111928404337
16705,2,-1.0198481110271287
16707,2,-1.0186711416785075
16714,2,-1.0008563218116482
16717,2,-0.9986199082091285
16719,2,-1.0064059588399437
16727,2,-1.0069484683589045
16738,2,-1.001454805285963
16744,2,-1.000651743501675
16754,2,-1.0009834914335114
16756,2,-0.9953914665425865
16759,2,-0.9997564055159569
16764,2,-0.9997564055159569
16771,2,-1.001778781174722
16775,2,-1.0029411415206133
16777,2,-1.0027342413576297
16785,2,-0.9973476320749268
16798,2,-0.9998354308995538
16806,2,-0.9991438277223694
16815,2,-1.0029279466762124
16816,2,-0.9993425520000776
16819,2,-1.0057261186530493
16823,2,-1.0026345440685622
16834,2,-0.9968386043615352
16839,2,-1.0052950011441695
16841,2,-1.0001937367856506
16855,2,-1.00094419409259
16857,2,-1.0003919980134355
16861,2,-0.9970212439026014
16866,2,-1.0069389750615403
16874,2,-1.0006695912486845
16876,2,-1.005880352776429
16880,2,-1.0338807687456841
16897,2,-0.9980236011981501
16899,2,-1.000716545074642
16901,2,-0.9988157066809857
16907,2,-1.005225154818461
16916,2,-0.9997668398349342
16927,2,-1.020026945623659
16928,2,-1.0046168748320579
16937,2,-1.0048754457556706
16942,2,-1.0012458801986335
16945,2,-1.0018491976677784
16952,2,-1.0006967811713854
16954,2,-0.9999855299971598
16957,2,-1.0008691088942174
16973,2,-0.9993200012405605
16978,2,-0.9987466808928757
16987,2,-1.0068466242063638
16988,2,-0.9999175467010443
16993,2,-1.0108335414077845
16994,2,-1.0126856746317396
16999,2,-1.0059514872684505
17002,2,-1.0165023033886675
17003,2,-1.0086347196189156
17005,2,-1.006173947290614
17009,2,-1.0042620670264812
17011,2,-1.0101863415450656
17031,2,-1.0011019284498297
17039,2,-1.0046105979513134
17054,2,-0.9984508277436813
17055,2,-1.0003039635502438
17066,2,-1.0027973713943976
17071,2,-1.0003541710739965
17073,2,-0.9982925500124401
17079,2,-0.999652165060013
17086,2,-1.0036901948928787
17089,2,-1.0008576194747159
17098,2,-1.0184865022673417
17100,2,-1.0021840144958707
17108,2,-0.9916712295523294
17115,2,-1.0177120460334188
17127,2,-0.999093675855839
17129,2,-1.0069737540385428
17135,2,-0.9995706227180251
17143,2,-1.0005278004205955
17144,2,-1.0020244743304891
17147,2,-1.0175817133835938
17157,2,-1.0000132573543716
17164,2,-0.999835507171954
17168,2,-1.0155458289027235
17169,2,-0.9946918647808901
17178,2,-1.006252974268943
17184,2,-0.9963927434205642
17189,2,-0.9905926074349705
17202,2,-1.0033746863858068
17206,2,-0.9994931622445119
17216,2,-0.9984635322442297
17217,2,-0.9775063592013464
17219,2,-1.0017765864737942
17220,2,-0.9997845170311358
17223,2,-1.0053460400547842
17227,2,-0.9998138239496315
17247,2,-0.9998958938114112
17258,2,-1.0160316435210945
17270,2,-1.0104044128900083
17275,2,-1.0004098109488337
17276,2,-1.010766752472049
17289,2,-1.0032310932165687
17308,2,-0.9972247839668551
17310,2,-0.9818232726636936
17316,2,-1.0152892204808734
17317,2,-1.006399038057757
17333,2,-1.0000704643047846
17335,2,-1.0038019640541547
17349,2,-0.9825000085727675
17353,2,-1.0048616532308128
17357,2,-1.0013864337729697
17360,2,-1.0016077189531396
17362,2,-0.9989318390699957
17363,2,-0.999453462229368
17365,2,-1.0008707187150445
17372,2,-0.9960213744505013
17373,2,-1.0025278649816642
17376,2,-0.9992000842947518
17380,2,-1.0035539762442474
17382,2,-1.0055253043103989
17392,2,-1.0014285221470602
17393,2,-0.9952170521809427
17394,2,-1.0017888007525866
17396,2,-0.979548931427799
17416,2,-1.0001300628700593
17422,2,-1.0034428797870525
17423,2,-1.005216725766306
17430,2,-1.00408530341055
17453,2,-1.0039655776657788
17456,2,-1.0012663524632015
17458,2,-1.0005407884062631
17461,2,-0.9996015212164484
17468,2,-0.9994275684192073
17471,2,-1.0023220563917528
17473,2,-1.001983103360813
17490,2,-0.9886573669992318
17498,2,-1.0052132010750174
17510,2,-1.005031586460331
17513,2,-1.0041567992438878
17518,2,-0.9992283646160933
17519,2,-1.0046633502111915
17529,2,-1.0006994512668537
17538,2,-1.024459396955702
17540,2,-1.0022128668311705
17543,2,-1.0096516394006825
17551,2,-1.0046558446185583
17552,2,-0.9899893106226231
17556,2,-1.0056420343219115
17561,2,-1.0014705760440714
17566,2,-1.0066592600224973
17569,2,-1.0004981941378284
17579,2,-1.0018715455465326
17582,2,-0.9950495539525852
17593,2,-0.9959554489709586
17600,2,-1.002578102217932
17602,2,-1.0080976114588187
17604,2,-1.0106946897201443
17619,2,-1.001510354905681
17626,2,-1.009818542164826
17646,2,-1.0031692995381207
17656,2,-0.9994941427795739
17657,2,-1.0266727537678644
17658,2,-1.0375545062284908
17667,2,-0.9946315707049513
17669,2,-1.016134638327446
17674,2,-1.0210349465475033
17679,2,-1.0013974887554427
17686,2,-0.9922128133787761
17690,2,-1.000274522178794
17693,2,-1.0088565783675791
17697,2,-1.0536887389512135
17699,2,-0.9784617762761857
17702,2,-1.009561860766536
17704,2,-1.0053013527048043
17706,2,-0.9967195560243515
17708,2,-1.0039708840713177
17714,2,-1.0020280661099266
17738,2,-1.0129016550263767
17739,2,-1.008207705465484
17742,2,-1.0110522012958372
17757,2,-0.9963969635004337
17761,2,-1.003753659436041
17767,2,-1.0067730044371697
17773,2,-1.0151114157770884
17800,2,-1.0213881322233922
17805,2,-1.0224388657100687
17814,2,-1.0005690050630953
17821,2,-1.0053148389897255
17831,2,-0.9995093887877571
17832,2,-1.0017071254474605
17838,2,-0.9974766696083933
17845,2,-1.0364407384577317
17859,2,-1.0012093006219227
17868,2,-1.030596662312383
17874,2,-1.0142045128160833
17881,2,-1.0046031361576238
17886,2,-1.0172579292981807
17891,2,-1.0006779116699502
17892,2,-1.0014116432637306
17897,2,-1.0363842955497062
17898,2,-1.0041426628400134
17900,2,-0.9992941387785761
17906,2,-1.0152575397947081
17907,2,-1.003526256686781
17912,2,-1.0242671534141388
17921,2,-0.9975666778833665
17923,2,-1.0012258322883216
17934,2,-0.9986948848059759
17943,2,-1.0318193785764327
17947,2,-1.005859308754011
17963,2,-0.9905700006923625
17965,2,-1.0006952289632491
17970,2,-1.00831707916603
17977,2,-1.0000332662509313
17980,2,-1.0069202631353673
17981,2,-1.0439651503529284
17986,2,-1.0010833428576078
17991,2,-0.9949466982478208
17995,2,-1.0033751598004654
17997,2,-1.0070412806941182
18005,2,-1.0175403064291915
18007,2,-1.0005843331893733
18016,2,-1.0024272058301555
18031,2,-1.0040100771114249
18039,2,-1.0051537184856707
18040,2,-0.9884311557904549
18049,2,-1.0064867603978755
18056,2,-1.0007862772866423
18057,2,-1.0013862326235536
18058,2,-1.0069932831869781
18089,2,-1.042067237949226
18092,2,-0.9983144942241986
18096,2,-1.0002648040168223
18101,2,-1.019077554936143
18119,2,-1.0085953668883083
18120,2,-1.026131123671426
18121,2,-1.0048788608385186
18124,2,-1.007488997599042
18130,2,-1.0006081270959113
18140,2,-1.0020184977328266
18142,2,-1.000877227734542
18148,2,-0.9979082065909758
18156,2,-1.0153437897610296
18160,2,-1.0154624957682206
18175,2,-1.0177394322058781
18194,2,-1.0009888353992342
18202,2,-1.009029460292243
18206,2,-0.9980943518588126
18215,2,-0.9912221110887656
18218,2,-1.0143411653329641
18219,2,-0.9954760071132334
18238,2,-1.0026201221853783
18240,2,-1.0081353217414288
18253,2,-1.0092161219669284
18254,2,-1.0065505849880634
18256,2,-1.00448542834647
18262,2,-1.0008048409866357
18273,2,-1.0019398113437543
18276,2,-1.013362999997733
18277,2,-1.0005817619746675
18279,2,-1.0016575513789427
18285,2,-1.0076665366127906
18286,2,-1.0236987096331438
18290,2,-1.0049318160570484
18294,2,-1.0032084553859724
18305,2,-1.00062198710036
18310,2,-1.0097029943358473
18322,2,-1.0048505851171976
18335,2,-1.0413443077839732
18345,2,-1.0112941472881585
18346,2,-0.9994413452109914
18350,2,-1.015950831752868
18357,2,-1.018874595196626
18368,2,-0.998082020538072
18370,2,-1.0141400097550957
18371,2,-1.026584242019233
18379,2,-0.9997016409414665
18381,2,-1.0028088995238162
18387,2,-1.0383851355934672
18393,2,-1.0003086850120027
18407,2,-1.0052942754923593
18419,2,-1.0009788379531672
18420,2,-1.0362780290798317
18421,2,-1.0124958320834025
18431,2,-1.001933740434364
18436,2,-1.000747338581753
18437,2,-1.02126368359093
18451,2,-1.044112877812352
18463,2,-1.0025561969177024
18464,2,-1.0009177634046031
18471,2,-1.0011712888680435
18476,2,-1.0068614319319964
18484,2,-1.0037731387871172
18485,2,-0.99790217498073
18486,2,-1.008561344136901
18494,2,-1.0015118223828816
18499,2,-1.0069265641112208
18516,2,-1.0342662669592724
18517,2,-0.9999235889722085
18519,2,-1.0065424521108883
18520,2,-0.9993676709537426
18533,2,-1.0003182454732982
18546,2,-1.001918333355192
18553,2,-0.9999632439894286
18556,2,-0.9960163599301883
18566,2,-0.9991259541067486
18574,2,-1.0007133120191076
18579,2,-1.001690166091879
18581,2,-1.0055165028808173
18597,2,-1.026060623650941
18604,2,-1.0096171780484742
18605,2,-1.0071968819330936
18621,2,-1.0047075266578642
18623,2,-1.0039058095497528
18624,2,-0.9999523178850035
18636,2,-1.004391020403098
18638,2,-1.0084964189859416
18648,2,-1.002818467636512
18649,2,-1.004860996990708
18657,2,-1.0037264723064672
18659,2,-1.003953356699245
18665,2,-0.9913663768050656
18679,2,-1.0051166486294427
18682,2,-1.0049351414137564
18685,2,-1.0173501680510448
18689,2,-0.9980191566709569
18693,2,-1.0166670331032364
18697,2,-1.0083068112751459
18703,2,-1.0151568173320789
18709,2,-1.0067695960280298
18715,2,-1.0047083544291704
18729,2,-1.0152422697847823
18733,2,-1.0163425462066735
18734,2,-1.0129229475415713
18744,2,-1.0049917634795658
18745,2,-1.0037903714520908
18747,2,-1.0101360504127193
18750,2,-1.0229026492712363
18752,2,-1.0136423110931667
18755,2,-1.0026123787127528
18757,2,-1.0053790691950268
18768,2,-1.0038111816601631
18771,2,-1.0204197242066035
18781,2,-1.000405244806774
18783,2,-1.021438067255576
18797,2,-1.0096676760016046
18800,2,-1.00233737514985
18811,2,-1.0017293873915711
18818,2,-1.0205643658598673
18819,2,-1.0051272035294803
18821,2,-0.9988604441446396
18823,2,-0.998110144404953
18827,2,-1.0090749158903618
18837,2,-1.0030102763498705
18839,2,-1.005171191695395
18842,2,-0.9999848766904668
18847,2,-1.0003934884280494
18848,2,-1.0002658163262506
18851,2,-1.001302006117718
18853,2,-0.9926819254034964
18854,2,-0.9974540317989236
18857,2,-0.9977735933530253
18859,2,-1.002122050021917
18866,2,-1.004923719432142
18874,2,-1.0091961051866
18882,2,-0.9993708279395334
18887,2,-0.9998136686033491
18900,2,-1.0047547356328805
18917,2,-0.9989193113039875
18923,2,-0.9995992259316053
18929,2,-1.001432618952558
18932,2,-0.9998670171735002
18933,2,-1.0017367994042798
18935,2,-1.0027772299200812
18939,2,-1.0041787682248184
18943,2,-0.999012181247282
18946,2,-1.003692191725991
18948,2,-1.0048693212057773
18952,2,-1.0053475177100064
18962,2,-0.9989325915983895
18970,2,-1.0015815317413035
18971,2,-1.000107640896807
18972,2,-1.0007618683157478
18981,2,-1.0062776606208494
18987,2,-0.9999942418720124
18991,2,-1.0008911814942567
18996,2,-1.0079704781829562
18998,2,-1.0041036420122045
19001,2,-0.9903237002245043
19009,2,-1.0057296086762404
19010,2,-1.000024016293978
19012,2,-1.0008900180450664
19020,2,-1.0142329026999997
19027,2,-1.0057715137071743
19036,2,-1.0004374566010186
19041,2,-1.0045424864773007
19045,2,-1.0070637798994984
19046,2,-1.0016677316001095
19050,2,-1.003063067770105
19051,2,-1.0005039307173789
19053,2,-1.012421090345335
19061,2,-0.9982988888504316
19070,2,-1.0010454558653752
19072,2,-1.0020369984756876
19076,2,-1.0018662991324851
19077,2,-1.0018901415334804
19095,2,-1.003440222478223
19096,2,-1.0001461052776695
19108,2,-1.0000782795572078
19125,2,-1.0046223078446488
19132,2,-1.0048662297505329
19139,2,-1.0027568801331739
19151,2,-1.0089661130274434
19159,2,-0.999336087788752
19163,2,-1.0089039681607475
19168,2,-0.9999450336593774
19178,2,-1.0004422885107598
19181,2,-1.0020419796990687
19184,2,-1.0042723155078948
19185,2,-1.0022907623275683
19196,2,-1.0007606110030598
19197,2,-1.0066706719583483
19202,2,-1.0031887159202202
19207,2,-1.0019864941293037
19208,2,-1.000290941665961
19209,2,-1.0021015120956303
19216,2,-1.0004671298136403
19224,2,-0.9997807178885634
19233,2,-0.9985679419464226
19244,2,-0.99975176894669
19255,2,-0.9994888970130811
19262,2,-1.0043772995752815
19266,2,-1.0014400441658418
19270,2,-1.002083716508796
19278,2,-0.9986184907841695
19279,2,-1.000985321910877
19289,2,-0.9998819894228026
19292,2,-1.001891307113433
19299,2,-1.0028171477351444
19303,2,-1.000290941665961
19305,2,-1.0042331894660461
19310,2,-0.9994585294477956
19314,2,-1.0006723377063442
19317,2,-1.001900565284322
19328,2,-0.9998094766363932
19332,2,-1.0042630305809546
19338,2,-1.0001686066490034
19346,2,-0.9996528801282618
19347,2,-1.0067022930164482
19353,2,-1.002253776654891
19354,2,-1.0010989757552595
19355,2,-1.0017187620868362
19359,2,-1.001800001018361
19360,2,-1.0014940522054063
19365,2,-1.0048082524772577
19379,2,-1.002566676658842
19382,2,-1.0034186587472
19390,2,-1.0029691884882264
19403,2,-1.0066884766521826
19411,2,-1.000478848958391
19415,2,-1.0004041486001807
19419,2,-1.0146547714751375
19422,2,-1.0082763361094234
19431,2,-0.9778730679148346
19434,2,-1.0032608830717058
19447,2,-1.0168933105843303
19448,2,-1.0007008365292764
19457,2,-1.0005808642673157
19458,2,-1.0034331003083827
19469,2,-0.9965076194210689
19477,2,-1.0149325395139974
19488,2,-0.9992186314396776
19493,2,-1.0078168171700344
19497,2,-1.0032710040122306
19503,2,-1.0019915937733952
19507,2,-1.0040593623218075
19522,2,-1.0062545490990562
19542,2,-0.9993126777287603
19549,2,-1.0064192638496596
19550,2,-1.0108934414424362
19554,2,-1.0000500236233563
19555,2,-1.0046972994244943
19564,2,-0.9994330796098232
19568,2,-0.9977818248543171
19569,2,-1.0022701291551228
19576,2,-1.0019964002706194
19580,2,-0.9999866589356334
19590,2,-1.0017272989516552
19596,2,-1.0036269504285333
19608,2,-1.002688464338729
19621,2,-0.9993916958286402
19634,2,-1.0112710197973416
19635,2,-1.0002530491290265
19641,2,-1.005072192845716
19646,2,-1.002688464338729
19652,2,-1.004970301583377
19657,2,-0.9982655267376993
19662,2,-1.006486733661025
19685,2,-1.0091585518537751
19692,2,-1.0153660356492535
19693,2,-1.00909299428668
19695,2,-0.9994168890844539
19714,2,-1.0050063887333989
19716,2,-1.0002586049216742
19727,2,-1.0001917164861547
19728,2,-1.0114949838194194
19740,2,-0.998866756233013
19741,2,-1.0003779476303354
19742,2,-1.0009260315585349
19743,2,-1.002752488748493
19747,2,-1.0097528614259013
19754,2,-1.0065490335175362
19767,2,-1.019894272200113
19773,2,-1.0033539905849507
19785,2,-1.0058736918758602
19800,2,-1.0007356394517317
19802,2,-1.001058792069343
19806,2,-1.0028002428717753
19810,2,-1.0027024611262203
19823,2,-1.0022121301470843
19829,2,-1.00486014121185
19833,2,-1.007557657800223
19835,2,-1.0010042355145334
19836,2,-1.0010390781100662
19849,2,-1.0056414526130832
19855,2,-1.000347001055346
19869,2,-1.0038157195000887
19871,2,-1.0038157195000887
19874,2,-1.0005242054338408
19875,2,-1.0053665364258737
19880,2,-0.9987325555253673
19883,2,-1.0072502224492292
19894,2,-1.0033289249638888
19901,2,-0.998024732852649
19910,2,-1.000824325792752
19911,2,-0.9966824217583208
19918,2,-1.0140729287626247
19921,2,-1.0004575440716335
19932,2,-1.0010460860687047
19936,2,-1.00066051656637
19938,2,-1.0012273291727676
19945,2,-1.0019947173885597
19960,2,-1.0004557360245314
19964,2,-1.0052960358257947
19971,2,-1.0012677391572973
19978,2,-1.0011961829486544
19986,2,-0.9890040263641915
19991,2,-1.0205137804290656
19992,2,-1.0016772523263002
19993,2,-0.9939489184917424
20001,2,-0.9974576594940597
20002,2,-1.0030359060535252
20010,2,-0.9987119037399739
20020,2,-0.9988034620428572
20023,2,-1.0010750863332813
20025,2,-1.0059460118479602
20027,2,-1.0048751520657389
20035,2,-0.9997603099516046
20041,2,-1.000046691317873
20051,2,-1.0006643943133349
20052,2,-1.0015696067669035
20055,2,-1.0030211282819863
20063,2,-1.003835502548866
20064,2,-0.9987787687972642
20070,2,-1.0006643943133349
20084,2,-1.0036005903039662
20091,2,-0.9994893590715442
20096,2,-1.0002086401715387
20119,2,-1.0030267072597923
20120,2,-0.9991067919703862
20137,2,-1.0023697821111122
20147,2,-1.0001117933041712
20157,2,-1.002772349812631
20159,2,-1.0025892612019736
20168,2,-1.0046197140769542
20173,2,-1.0000811948512955
20176,2,-0.9963421919433912
20179,2,-0.9985345167372794
20185,2,-0.9999488916066545
20189,2,-0.9997932800091577
20192,2,-1.026033742189966
20237,2,-1.0005181734462134
20240,2,-1.0002198779303693
20248,2,-1.001963571783635
20252,2,-0.999911233800346
20254,2,-1.020423808405615
20258,2,-1.0005040004191967
20261,2,-1.0055604097956516
20265,2,-0.9977694733195646
20268,2,-1.0046443681857555
20270,2,-1.0041227743460166
20277,2,-1.0014035299671744
20280,2,-1.000208993153075
20288,2,-0.9996227330489457
20291,2,-1.0068487534879744
20303,2,-0.9999003075072479
20305,2,-1.0005182560441401
20314,2,-1.0061756647464706
20337,2,-1.000129032656948
20339,2,-1.0038207457922477
20350,2,-1.0026166173621853
20351,2,-1.0002650329253877
20361,2,-1.0064039622808036
20364,2,-0.9981630088484827
20367,2,-1.0003502165957259
20371,2,-1.0039686296328434
20373,2,-0.9973003479924656
20386,2,-0.9963128642190398
20392,2,-0.9998057586898921
20393,2,-0.999989064072766
20400,2,-1.0081171525741228
20406,2,-1.00495720212246
20416,2,-1.0007409093451263
20427,2,-1.0047189364151876
20433,2,-1.0078387388012695
20440,2,-1.0110813979834368
20441,2,-0.9922541040151551
20466,2,-1.007041709849423
20476,2,-1.0094391907786457
20479,2,-1.0007351681437704
20481,2,-1.0003299914857402
20483,2,-1.0011382205937933
20484,2,-1.0061853077662797
20486,2,-1.00433005366792
20503,2,-1.0042473485727426
20507,2,-1.0059871691536695
20511,2,-1.0041068463866782
20518,2,-1.0059155922001524
20529,2,-1.010197452509717
20533,2,-1.003262092718793
20568,2,-1.0045236233932835
20573,2,-1.002083989791418
20575,2,-0.9975752617452387
20577,2,-0.9989960435355042
20587,2,-1.004133272923307
20598,2,-0.9988297145930952
20603,2,-1.0035404698541126
20605,2,-1.0030982962352637
20606,2,-1.000511360767583
20608,2,-1.0033899655708747
20609,2,-1.0002153277520427
20624,2,-0.9907189239005464
20655,2,-1.004515576346687
20663,2,-1.0004043235070614
20666,2,-1.004258334936058
20670,2,-1.010973242710667
20672,2,-1.0005595613030427
20673,2,-1.0110257129088716
20674,2,-1.0026918822324073
20675,2,-1.0101448174294527
20681,2,-0.9974323417689611
20682,2,-0.9987166363659379
20688,2,-1.005060096213824
20690,2,-1.001760713951706
20691,2,-1.0037255231495235
20694,2,-1.0031241179144712
20698,2,-1.0010113440712536
20711,2,-1.0010607591038538
20712,2,-1.0032982435476863
20717,2,-1.0044236882912052
20722,2,-1.0021927939054043
20723,2,-1.0027987008552255
20725,2,-1.0009882572757212
20730,2,-1.0063787917307547
20732,2,-1.003178315573947
20746,2,-0.9996817550784753
20759,2,-1.003523309469581
20768,2,-1.0048088686809349
20772,2,-1.0059636026649184
20776,2,-1.0029034599340267
20777,2,-1.0002189698319683
20793,2,-1.000763909016954
20794,2,-0.9911632684722306
20795,2,-0.998139273010324
20800,2,-1.0026498007193219
20817,2,-1.0014409467042227
20819,2,-1.0003321301433088
20823,2,-1.0036999606724786
20830,2,-1.0036302014900274
20842,2,-1.0030525622658444
20846,2,-1.0032831912859983
20862,2,-0.9906664450014855
20867,2,-0.999891646239339
20874,2,-1.0094608459483827
20899,2,-1.0034115373068673
20911,2,-0.9998737865747549
20913,2,-0.9991678675004851
20922,2,-1.010491582010724
20925,2,-1.0011856523738154
20935,2,-0.9972100512879302
20949,2,-1.0030350768968725
20952,2,-1.001381408763793
20968,2,-0.9999054260728507
20971,2,-1.000375208882856
20974,2,-1.0024658227390741
20993,2,-1.000594041471391
20994,2,-1.0013511910409956
20997,2,-0.9950665833909882
21001,2,-0.9998450728547854
21019,2,-0.9995662802564059
21024,2,-1.0108536371589694
21027,2,-1.0005678723530955
21031,2,-1.0002136111376925
21038,2,-1.0020275138828372
21044,2,-1.002944105884251
21045,2,-1.0004109037030549
21046,2,-1.0013025172588748
21049,2,-1.0045102956331617
21055,2,-0.9844097279732306
21056,2,-1.0022039451843199
21057,2,-1.0026914912935352
21059,2,-1.0181722220782212
21066,2,-0.9923453835326718
21071,2,-1.0040700188407372
21073,2,-1.0058581450081983
21077,2,-1.005119162542742
21080,2,-0.9986662508256472
21086,2,-1.0033312940259442
21091,2,-1.0033312940259442
21096,2,-1.0057960741964005
21097,2,-1.0005678723530955
21099,2,-0.9985970324062158
21103,2,-0.9987221976541945
21109,2,-1.0004981288499313
21111,2,-1.0085498508489525
21117,2,-0.9974883831575037
21138,2,-1.0008135430389191
21153,2,-0.9975450007593716
21154,2,-1.0014097814490097
21160,2,-1.0041427141078083
21166,2,-0.9998590583131073
21169,2,-0.9998373970410992
21179,2,-0.9992957102068195
21183,2,-0.9999059621015045
21191,2,-0.9765953621829735
21192,2,-1.0010622289362487
21198,2,-1.0019025288545196
21208,2,-1.0041186659271526
21215,2,-1.000806841684371
21218,2,-1.0013855196175365
21226,2,-1.0004149535800948
21238,2,-1.0004707476736363
21245,2,-1.0008215853975044
21247,2,-0.9993215667440009
21250,2,-1.0037844079766594
21251,2,-1.0005904430007133
21275,2,-1.0033696531170122
21276,2,-1.0023875509778775
21284,2,-0.9986028635192576
21285,2,-1.0017787224855588
21289,2,-1.0094134637120857
21295,2,-1.0005357336603329
21303,2,-1.000732554871329
21308,2,-1.0023415704750829
21314,2,-1.0008239822523004
21316,2,-1.0178594551978546
21321,2,-0.9986560890722905
21328,2,-0.9968175215354405
21332,2,-0.999971770013586
21333,2,-0.9990083434094199
21339,2,-1.0012735003866222
21340,2,-1.001673281390579
21343,2,-0.9944124696199037
21344,2,-1.0087364965174286
21346,2,-1.0021225943638774
21355,2,-0.9996881454308046
21364,2,-1.0071881643846177
21365,2,-0.9992896806557503
21372,2,-1.0008957372388676
21375,2,-0.9988200320394074
21382,2,-1.0004602413770396
21385,2,-1.0005301696937596
21396,2,-1.0170341180221159
21403,2,-1.0003110979672836
21412,2,-1.0031544484231345
21413,2,-1.0043087483098292
21417,2,-1.007095412060324
21439,2,-1.0023264972216244
21454,2,-1.0038944658941886
21458,2,-1.0052148754690824
21461,2,-1.0003110979672836
21475,2,-1.0004255078030622
21476,2,-1.0010211884437865
21482,2,-1.0113251233635896
21494,2,-1.004607422542529
21504,2,-1.0048343425776154
21506,2,-1.0149288842254216
21508,2,-1.0047519184038953
21509,2,-1.0025033742196474
21514,2,-1.0034682925026703
21522,2,-1.002953778277963
21535,2,-1.0093638788863863
21538,2,-1.0117195511461448
21539,2,-0.9996250557366546
21548,2,-0.9999226559729923
21558,2,-0.9999014494148919
21572,2,-1.0064998642231417
21575,2,-1.0040176376493886
21577,2,-1.008126938382771
21585,2,-1.0074528469649318
21594,2,-1.0054641449962327
21596,2,-1.0131525849142546
21598,2,-1.0036068164833059
21614,2,-1.0083090290558332
21637,2,-0.9999890613979178
21638,2,-1.0033845742560996
21642,2,-1.0003039736988595
21646,2,-1.0027227702136856
21649,2,-0.9976166790402711
21656,2,-1.0061710513433724
21661,2,-1.0055534298510729
21664,2,-0.9992995095166091
21668,2,-1.0098413213234791
21670,2,-1.0021938199519143
21672,2,-1.0026164603045096
21673,2,-1.0049683288703597
21678,2,-1.0045006275632375
21679,2,-1.005897503280686
21685,2,-1.0035896893133152
21688,2,-0.9927856327701511
21689,2,-0.9963625359471764
21690,2,-1.0121487891682515
21693,2,-0.9999725997927269
21707,2,-1.0244516695459138
21708,2,-1.0049452553523548
21709,2,-1.00413887725923
21710,2,-1.0041918214119323
21713,2,-1.0108875419152996
21714,2,-1.001639446458067
21727,2,-0.9968852132158854
21729,2,-1.0045503646717453
21733,2,-1.0042032726642502
21738,2,-1.0017757329437884
21739,2,-0.9997899590971002
21752,2,-0.9980402237892962
21754,2,-0.9967764464786045
21757,2,-1.008758434060317
21763,2,-1.0073834465878142
21772,2,-1.000991164475332
21773,2,-1.000991164475332
21783,2,-1.0007744447453355
21801,2,-1.0000310187922148
21809,2,-1.0041581277497915
21810,2,-1.000767037040919
21813,2,-1.0039185148621592
21822,2,-1.000097003288856
21832,2,-1.0003635459793139
21833,2,-1.0000541080408965
21842,2,-0.9999577512041895
21846,2,-1.0005825984319943
21850,2,-1.0066744802693872
21857,2,-1.0005966902278394
21862,2,-1.001625214551642
21874,2,-1.000742446390519
21878,2,-1.0017444054581857
21896,2,-1.0016488068652736
21903,2,-1.0001244821872353
21907,2,-1.002782069326565
21909,2,-0.9999865092457365
21915,2,-1.0003851617730903
21928,2,-0.9994329944485636
21930,2,-1.0012583530834225
21936,2,-1.0044441497952357
21955,2,-1.0014542912770446
21963,2,-1.0039419936952112
21964,2,-1.0078952510904209
21965,2,-1.012498334145517
21978,2,-1.0059745661941484
21981,2,-1.00016487820833
21987,2,-1.0005413752315895
22005,2,-0.9989760699627426
22023,2,-0.9926841545529153
22024,2,-1.0059669894080034
22030,2,-1.0012492101058275
22040,2,-0.9680739440768911
22044,2,-1.0047947592237247
22052,2,-1.001537627271388
22054,2,-1.0103072807403835
22066,2,-1.0075388850559508
22069,2,-0.9973378135944376
22090,2,-1.0005796449537514
22095,2,-0.9997436958380728
22096,2,-1.0007373833831885
22107,2,-0.9981030008912564
22110,2,-1.001690010006432
22117,2,-0.9997808637835812
22120,2,-1.003252215669425
22140,2,-1.000502032615962
22143,2,-1.0021274921008705
22151,2,-1.00161381327838
22152,2,-1.0015608502036975
22155,2,-1.0029278926022143
22159,2,-1.0110861401758173
22176,2,-1.0014548134978214
22180,2,-1.0113406416694923
22181,2,-1.002220277707685
22195,2,-1.0016380520657229
22197,2,-1.0030002182692541
22199,2,-0.9991417289498231
22204,2,-1.0014771362863404
22211,2,-1.0021560481031888
22213,2,-1.009915123018446
22214,2,-1.0004695058087707
22217,2,-1.009999128763595
22226,2,-0.9998806440085948
22235,2,-1.0069553442014727
22237,2,-1.0018320586458813
22238,2,-1.005338784719127
22247,2,-0.999075437112352
22249,2,-1.0033080046441287
22253,2,-1.0007496021752305
22262,2,-1.0003770453902663
22266,2,-1.0004652689762596
22272,2,-1.0006084524735677
22280,2,-1.0032156270297514
22285,2,-1.0048835512113938
22299,2,-0.9935703211635958
22301,2,-1.0030806707845983
22304,2,-0.9909679832959175
22319,2,-1.003144696363638
22328,2,-1.001598087295036
22337,2,-1.001927757666703
22338,2,-0.9997190647841636
22340,2,-1.0002328801535434
22345,2,-1.0010014499115738
22354,2,-1.0062664401391612
22356,2,-1.0057457047923095
22359,2,-0.9767010526675586
22362,2,-1.0015738183624134
22385,2,-1.0005651548344943
22391,2,-1.000802468697212
22392,2,-0.9952575665046884
22396,2,-1.0147889318121956
22410,2,-1.0000386582640552
22427,2,-1.0007445325753275
22431,2,-1.0000285220263927
22434,2,-0.9990641914524767
22440,2,-1.003520091308275
22445,2,-1.000416007811347
22448,2,-1.0007158064818356
22452,2,-1.000416007811347
22467,2,-0.9975910446856258
22472,2,-1.0030258345556815
22478,2,-1.0026235705334885
22483,2,-1.0007577208947027
22485,2,-1.026420944753579
22492,2,-1.003688370391639
22506,2,-1.0005837785142668
22515,2,-1.0006711525825258
22529,2,-1.0008206767009682
22533,2,-1.0007969072837928
22558,2,-1.0010888680134404
22568,2,-1.0004941596651564
22571,2,-1.0019353842480752
22580,2,-1.0019096449414722
22585,2,-1.000371784688909
22604,2,-1.0097887214025616
22609,2,-1.0036887985904772
22610,2,-1.0014841336074647
22613,2,-1.0055306287904022
22617,2,-1.0024760778023356
22621,2,-1.0003424939885397
22622,2,-1.0059373836462264
22627,2,-1.0066150578963642
22631,2,-0.9983763300522407
22643,2,-1.0054471448250497
22647,2,-1.0039499075704073
22652,2,-1.0034594206053598
22656,2,-1.008907085579152
22659,2,-0.999634623158398
22665,2,-1.0021894397622253
22667,2,-1.0038630021599921
22669,2,-1.0046952594649259
22670,2,-0.9975923551721143
22678,2,-0.9987241398755421
22681,2,-1.0021829025626872
22683,2,-1.0023914994356913
22694,2,-1.0019458046359917
22696,2,-0.9998414065092558
22705,2,-1.000600112768803
22710,2,-1.0066752456054333
22720,2,-1.0033634095121233
22727,2,-0.9992515143949181
22734,2,-1.0012489623578746
22735,2,-1.0028169547148218
22736,2,-0.9998386059064942
22737,2,-1.0012177237529625
22739,2,-1.0038014436570508
22740,2,-1.0010436875287505
22752,2,-0.9990904988839454
22763,2,-1.0013399847275184
22768,2,-0.9954422645133357
22770,2,-1.012785308050724
22774,2,-1.0018347615053025
22776,2,-1.0023273655502645
22778,2,-1.0107419199570509
22779,2,-1.003188499584696
22780,2,-1.002020197451253
22787,2,-1.0027727242606095
22799,2,-1.0092117347003415
22818,2,-1.031198005093338
22820,2,-1.0057502039771977
22850,2,-0.9991715398360379
22851,2,-1.0012596731937884
22853,2,-0.9997255923587105
22861,2,-0.9974271053915715
22864,2,-1.0006412324524454
22865,2,-1.00073829077356
22871,2,-1.0043018496565654
22875,2,-1.003581185447687
22887,2,-1.0104965012782723
22890,2,-1.0019912630935623
22908,2,-1.0025939210627763
22912,2,-1.0054363816712053
22919,2,-1.000971487829944
22931,2,-1.0002493214269457
22945,2,-1.004720461477905
22950,2,-1.0009503346618207
22954,2,-0.9998500703810069
22959,2,-1.0045280170492852
22963,2,-1.002423546248511
22966,2,-0.9990026523943947
22973,2,-1.002076190827106
22980,2,-1.0025338668733514
22989,2,-0.998809566357356
22994,2,-1.0006370712420296
22995,2,-1.0006585007994326
22999,2,-1.0170666917083768
23001,2,-1.0026981223680695
23007,2,-1.001421582200245
23017,2,-1.0025287798593054
23031,2,-1.0087345709263165
23032,2,-1.005838989365739
23044,2,-1.0137029644253441
23063,2,-1.0064708025932005
23067,2,-0.999938498831494
23076,2,-1.0009671882662992
23078,2,-1.0012660582280937
23081,2,-1.0145077007843009
23090,2,-1.0068780760737215
23092,2,-1.0008971630477284
23113,2,-1.0010059623600014
23124,2,-1.0024493019153322
23128,2,-1.0069051941751315
23134,2,-1.0054750324366164
23137,2,-1.008484430785061
23142,2,-1.0064081796277935
23147,2,-1.0101570977445857
23149,2,-0.9994283200100658
23153,2,-1.0005954204076266
23156,2,-1.0046165848589808
23161,2,-1.0003151213509545
23162,2,-1.0010059623600014
23167,2,-1.0001816425496073
23171,2,-1.0019392575491533
23173,2,-1.025086772112457
23174,2,-1.0006465312128052
23192,2,-1.0074922227503673
23194,2,-1.0023565961614653
23197,2,-1.007152385057638
23209,2,-1.016742888579006
23220,2,-0.9978113139978391
23222,2,-1.0105244099322264
23223,2,-1.000755985824948
23229,2,-1.0032008377493598
23231,2,-1.0029533795859114
23237,2,-1.0092682139741291
23238,2,-1.0061642572396747
23243,2,-1.0148311352009312
23247,2,-1.0010959462544566
23254,2,-1.0005111056742733
23262,2,-1.0002223060129638
23266,2,-0.9996077660894438
23273,2,-1.0207052703017625
23277,2,-1.0108563759296725
23292,2,-1.0024950951719878
23297,2,-1.0047550281943063
23298,2,-1.002770462776843
23303,2,-1.0000353259992605
23313,2,-1.0000073580310471
23325,2,-1.0047550281943063
23329,2,-1.0014612020155695
23336,2,-1.0003286283490656
23341,2,-1.010827679301387
23349,2,-1.0082342246592662
23351,2,-1.0000846057833495
23364,2,-1.0017085937675116
23366,2,-0.995442789617541
23377,2,-1.0047754464746885
23380,2,-1.0013407437396342
23381,2,-1.000539122450907
23382,2,-1.0000339519001127
23384,2,-1.0047424563660399
23390,2,-1.0075205621059466
23393,2,-1.0088690537857412
23395,2,-0.9994935705981542
23427,2,-1.0004930925282034
23431,2,-1.003450126270717
23435,2,-1.0049649977617772
23436,2,-0.9995298723297134
23437,2,-1.006077574471893
23443,2,-1.011017069452984
23448,2,-1.00595194929411
23459,2,-1.0044929561345866
23475,2,-0.9983830342031867
23476,2,-0.9983457742598001
23482,2,-1.0011372414043438
23495,2,-0.9906540491199941
23496,2,-1.0018686567435402
23515,2,-0.9998608168386771
23523,2,-1.0012477981054355
23537,2,-0.9995088731804844
23542,2,-1.0019480981188016
23564,2,-0.992214327106007
23566,2,-0.9984601220265237
23568,2,-1.0034984551074444
23570,2,-1.0049504833669742
23580,2,-1.0057178334427768
23595,2,-1.0018319161345761
23599,2,-1.0000105028511022
23613,2,-1.0037190286336162
23619,2,-1.0348886049715915
23622,2,-1.0026474658886864
23624,2,-1.0147216691663645
23631,2,-1.0150617684159773
23637,2,-1.0036123303396982
23638,2,-1.0027867962265913
23641,2,-1.006960214066912
23657,2,-1.00601953678968
23660,2,-0.9962153186990246
23662,2,-0.9948539536452846
23682,2,-1.0049897831339074
23683,2,-1.0008904032482409
23690,2,-1.003971924977048
23701,2,-1.0010084244835078
23706,2,-1.001135591793406
23708,2,-1.0014590744062923
23709,2,-1.0023429771841352
23717,2,-1.0131866392282531
23719,2,-1.0069878534561287
23732,2,-1.0053255741508724
23736,2,-1.001560854370732
23739,2,-1.000829843915801
23744,2,-1.0022877716096041
23756,2,-1.0079299399502597
23759,2,-1.0042124571630255
23761,2,-1.009675935323037
23778,2,-1.0039343611501448
23796,2,-1.019043467141211
23797,2,-1.0040307221260572
23799,2,-1.002951704762401
23804,2,-0.9969718578290638
23807,2,-1.005090981758633
23812,2,-1.017823512799243
23822,2,-1.0008706402314438
23827,2,-1.001383595422844
23833,2,-1.001087820705692
23843,2,-0.9998352877514122
23852,2,-0.9996710278171406
23881,2,-1.0108948266366995
23883,2,-1.0072397530399488
23884,2,-1.002301177147047
23892,2,-0.9933730490021284
23896,2,-0.9839283511183878
23911,2,-1.0006023987666626
23930,2,-1.010794575890594
23931,2,-1.0018629166571906
23939,2,-1.0014477902951953
23943,2,-1.0060512836439934
23949,2,-0.9991430073350764
23951,2,-1.00731440669905
23953,2,-1.001312160251575
23958,2,-1.0008542328428538
23960,2,-1.0035112168491742
23962,2,-1.0025649859899237
23968,2,-1.000626296044095
23992,2,-1.0003967450807134
24002,2,0.6677971298127258
24006,2,0.18198029218528966
24014,2,0.5297776856755453
24018,2,0.2666535544903237
24020,2,0.5714983662267036
24022,2,0.6071552753661381
24023,2,0.727769928803368
24034,2,0.2829863378535967
24038,2,0.41152705978567805
24040,2,0.5587844439512993
24049,2,0.6482341464468392
24052,2,0.5856634605675389
24059,2,0.5260108782120579
24060,2,0.30140519846172575
24074,2,-0.9233935157814885
24075,2,-0.9042276522389341
24081,2,-0.92913288292209
24088,2,-0.946448952505073
24097,2,-1.0008369217735131
24105,2,-0.9689778704592134
24107,2,-0.9990877513929334
24117,2,-0.9811567082647682
24122,2,-1.015843371244798
24130,2,-1.0213936071668872
24131,2,-1.0045330662810161
24133,2,-1.0055173138192761
24135,2,-0.9919843225777234
24138,2,-1.00139503580155
24139,2,-1.0119907355499491
24151,2,-1.008403037872784
24170,2,-1.0056336235959003
24186,2,-1.011225352788739
24204,2,-1.0066545400858329
24235,2,-1.0075554018374926
24236,2,-1.013052305112184
24238,2,-1.0096211809249749
24253,2,-0.9917562967002951
24266,2,-1.01770288518603
24272,2,-0.9909967703799603
24285,2,-1.0597262525575721
24291,2,-1.0263897027686009
24297,2,-1.0011484722124755
24298,2,-1.0080282530349611
24299,2,-1.0285512274748279
24306,2,-1.0087454950390655
24316,2,-1.0330486856608885
24318,2,-1.0139559777872589
24319,2,-1.0067284599833575
24322,2,-1.0064547993286923
24328,2,-0.9932637999964837
24338,2,-1.0061514691171582
24341,2,-1.020432653298832
24343,2,-1.0060643332190509
24356,2,-1.0071157347123991
24375,2,-0.9905187938898643
24376,2,-1.0055656485427156
24386,2,-0.9857421915881048
24389,2,-1.0038942350679276
24392,2,-1.0404544238905915
24393,2,-1.0076513383676402
24395,2,-1.0085648263429585
24396,2,-1.001726847141878
24397,2,-1.1750315197611374
24398,2,-0.9930826295785707
24401,2,-1.0133465481298125
24407,2,-1.0363417570098792
24408,2,-1.004547922029933
24415,2,-1.0200627333699572
24424,2,-1.0111588686798796
24435,2,-1.0354010318755251
24448,2,-1.0128289841486415
24459,2,-1.037293421666316
24475,2,-1.0111424903914745
24498,2,-1.0247615243820394
24499,2,-1.029787293908214
24502,2,-1.0068330808755868
24507,2,-1.013642919670295
24519,2,-0.9956091990552132
24521,2,-1.019801646340027
24528,2,-1.013719857568773
24539,2,-1.011736790342105
24552,2,-1.005884011375289
24554,2,-1.0156073172355808
24557,2,-1.0228547994074448
24568,2,-1.0131534188136833
24593,2,-1.0152288103495803
24614,2,-1.0140342124698911
24615,2,-1.005458889330825
24618,2,-1.0720160984856069
24620,2,-1.0087085251184293
24625,2,-1.0097405083886735
24633,2,-1.0154870919370371
24643,2,-1.0101228557037176
24666,2,-0.9891056156876452
24673,2,-1.0312113307827417
24680,2,-1.019931184238783
24685,2,-1.013648700543281
24697,2,-1.00780501836484
24710,2,-1.0125146083269727
24721,2,-1.0119387221626817
24726,2,-1.0042783859202347
24730,2,-1.0162254768669923
24732,2,-1.026620316235346
24740,2,-0.9973675597084676
24744,2,-1.0162734441035566
24749,2,-0.9997125365133649
24787,2,-0.9974759522174321
24808,2,-1.0042733360966103
24810,2,-0.9997763316875027
24817,2,-1.0042242726405028
24818,2,-1.0002265284229108
24835,2,-1.029473494294574
24845,2,-1.015086619564834
24852,2,-1.0064262793832677
24858,2,-1.0092239303481296
24861,2,-0.998332125831202
24870,2,-0.9985848076703019
24872,2,-1.0029624327096185
24878,2,-1.0053339887131887
24881,2,-0.9982156622297568
24882,2,-1.0131201523117725
24885,2,-1.0117506320301066
24887,2,-1.0075104841454603
24889,2,-0.9832141554911128
24890,2,-1.0037662368741072
24893,2,-1.0046666261154906
24900,2,-1.0026629987340479
24903,2,-1.0092519779946152
24926,2,-0.9980199493421615
24929,2,-1.0019429394257264
24930,2,-1.017237728678646
24943,2,-1.005107557000247
24944,2,-1.0123707566940114
24957,2,-1.0064583774648113
24959,2,-1.0045093027725613
24963,2,-1.0134365301445762
24974,2,-1.0046827204706315
24980,2,-1.0085758125795443
24989,2,-1.013200336683084
24993,2,-1.0222702111685062
24995,2,-1.0013597999989956
24997,2,-1.0008914357513747
24998,2,-1.0008721439448744
25002,2,-1.0039302129830416
25008,2,-1.0082348721466696
25017,2,-1.0294172891337974
25023,2,-1.0119892547121319
25028,2,-1.0038835343469499
25033,2,-1.0125403097300214
25052,2,-0.9970652327605926
25068,2,-1.0007422293815667
25078,2,-1.0665079482265165
25087,2,-1.002641156428239
25094,2,-1.0086998522626986
25104,2,-1.013912823369531
25107,2,-1.0063762447531976
25115,2,-1.032106334264266
25118,2,-1.0251628881895207
25126,2,-1.0175267234957146
25131,2,-0.9930050389668514
25140,2,-0.9989896896849408
25141,2,-1.0077842670560526
25144,2,-1.0131718187857681
25149,2,-1.037224061371389
25151,2,-1.014803058162287
25157,2,-1.013020854781255
25158,2,-1.0292523782305254
25159,2,-1.0396606010781062
25170,2,-1.0112112956340849
25181,2,-1.0318814953416173
25189,2,-1.0089876206996702
25191,2,-1.0120839132342523
25214,2,-1.0078514495585003
25218,2,-1.0368818786557044
25229,2,-1.0127964050610911
25233,2,-1.0016136717408521
25234,2,-1.0026428060553283
25237,2,-1.0204089556307383
25239,2,-1.0335065311316538
25242,2,-1.0239474043132968
25247,2,-1.0046660417206679
25256,2,-1.021610555444784
25271,2,-1.012802094196097
25275,2,-1.0192909277797435
25277,2,-0.9959845946495625
25294,2,-1.0120752720829347
25307,2,-1.00939352442062
25308,2,-1.0089037406968493
25312,2,-0.9997356985919725
25321,2,-1.0062341739254728
25322,2,-0.9961246053470492
25324,2,-1.0236145852427365
25331,2,-1.0178334329072096
25340,2,-1.0091210507679964
25345,2,-1.0220006385660991
25353,2,-0.9988358554455034
25355,2,-1.0198466410096914
25357,2,-1.0210388751825223
25361,2,-1.0259796510961439
25377,2,-1.0046714412442985
25379,2,-1.0014042789156292
25381,2,-1.0000703777942226
25388,2,-1.0177847344066602
25392,2,-1.015773029918186
25402,2,-1.0188131396200548
25409,2,-1.0222079109306428
25420,2,-1.0243029134188282
25429,2,-1.0183537709422381
25439,2,-1.0123251533561541
25443,2,-1.0078600498366017
25450,2,-0.9993708685439338
25451,2,-1.0114295235245445
25453,2,-1.0002913650403646
25455,2,-0.9949323301136956
25464,2,-1.0204444812500884
25485,2,-1.0205541045876563
25499,2,-1.013662486888245
25502,2,-1.00673588963282
25521,2,-1.0046207745549809
25529,2,-1.0129562442127948
25531,2,-1.0210500538022398
25551,2,-1.002912365033445
25572,2,-1.0110504714950257
25574,2,-1.0288122979616272
25580,2,-1.0091055622293845
25582,2,-0.9926989264176667
25605,2,-1.0121772256012604
25606,2,-1.0352346007947304
25616,2,-0.9990964557044713
25618,2,-1.0099380171524777
25621,2,-1.0161014204910241
25623,2,-0.9309477499642551
25628,2,-1.0203874264849948
25631,2,-1.0173647427255412
25635,2,-1.0258683789842047
25642,2,-1.0068575020349724
25646,2,-1.0094126449456877
25661,2,-1.0141363141593818
25668,2,-1.0139957506046224
25669,2,-1.0066021179941171
25676,2,-1.004035723735016
25677,2,-1.0038956871742348
25680,2,-1.0153149714942078
25688,2,-1.0100996628579266
25705,2,-1.0495108051121287
25714,2,-1.0011608472341178
25734,2,-1.0301108929211678
25739,2,-1.0169397621613854
25740,2,-0.9974443990320745
25741,2,-0.9882154126997699
25747,2,-0.9910971614026272
25753,2,-0.9963556578280242
25774,2,-0.9788652187505598
25780,2,-1.0113004355504966
25781,2,-1.0307985106706552
25782,2,-1.022220635187914
25789,2,-1.0059353159561655
25790,2,-1.0009207328121814
25793,2,-0.9979102648077621
25794,2,-1.0035241576003382
25795,2,-1.0006435248980732
25798,2,-1.0126192439299384
25801,2,-0.9959169431594097
25803,2,-0.9997767924674715
25815,2,-1.0185976975962
25832,2,-1.0126754803167133
25833,2,-0.973345446811444
25839,2,-1.0072367981118575
25843,2,-1.0146464846225949
25846,2,-1.0052048790840877
25853,2,-1.1388356336526604
25855,2,-1.0116108917740965
25857,2,-1.0075124195530838
25859,2,-1.0249114581227392
25871,2,-1.0111776365537093
25880,2,-1.0057850684223109
25887,2,-1.0280528036411714
25893,2,-1.0421157465457611
25894,2,-1.0107794933130525
25895,2,-1.0099174580269414
25899,2,-1.0234082813590726
25900,2,-1.015886550078557
25906,2,-1.0205125957301673
25910,2,-1.0068183450782908
25916,2,-1.0021177056125823
25922,2,-1.0476859834560697
25923,2,-1.0001088124795947
25924,2,-1.0201012188483467
25935,2,-1.0144941874848652
25940,2,-0.9649034091470282
25942,2,-1.0028369075916703
25945,2,-1.0008318322284633
25954,2,-1.0064290870426273
25956,2,-1.0167981662126269
25958,2,-0.999973691685608
25964,2,-1.0162278474304838
25974,2,-1.0007099893639337
25982,2,-1.0100041366313939
25989,2,-1.0078107023713512
26000,2,-1.0266298127695663
26003,2,-1.0168364879056933
26009,2,-1.0057431535342576
26015,2,-1.012147749245294
26028,2,-1.0566163698913016
26035,2,-1.0127981910999933
26039,2,-1.0157470621047389
26042,2,-1.00093056821024
26043,2,-1.0037044789563891
26049,2,-1.0034630102269249
26056,2,-1.0112937660408132
26061,2,-1.0146987605819844
26067,2,-1.0032679446654744
26082,2,-1.004721164408809
26108,2,-1.0190032421724071
26115,2,-1.0091395393262805
26118,2,-1.0198211403633173
26126,2,-0.9995686520897509
26129,2,-1.027109246787608
26135,2,-0.9974075880989637
26138,2,-1.0007677728183686
26148,2,-1.026454957178239
26151,2,-1.0014642818611463
26153,2,-1.008417583498181
26154,2,-1.0301575158968954
26167,2,-1.0015131292645418
26178,2,-1.005953501628097
26196,2,-1.0124959213106914
26223,2,-1.003433143617404
26236,2,-0.9876297825440569
26241,2,-1.0015120190652322
26247,2,-1.0019085737187887
26248,2,-1.010058139901544
26249,2,-1.001221807309974
26255,2,-1.0161459680777183
26258,2,-1.0055815132693313
26272,2,-0.9974945182397557
26274,2,-0.9840763255984682
26279,2,-1.0027313427826188
26287,2,-1.0071913182069956
26288,2,-0.9992323954286835
26293,2,-1.008302278484085
26299,2,-0.9856350724597955
26302,2,-0.9828194990398473
26304,2,-1.0145634178246588
26305,2,-1.0093411499850755
26306,2,-1.003261305350007
26307,2,-1.0145634178246588
26318,2,-1.0051404818699163
26320,2,-1.0065314213541936
26322,2,-1.0164133355662708
26325,2,-1.001679192541922
26327,2,-1.0024099660202228
26328,2,-1.0065905030706295
26332,2,-0.988898739516735
26333,2,-1.0009684312639955
26336,2,-0.9978944128407877
26352,2,-1.004480004180476
26355,2,-1.0190467058946944
26357,2,-1.0047880935780626
26361,2,-1.0021546631694742
26363,2,-1.0069758595950988
26365,2,-1.0054097716901709
26373,2,-1.0068508557174032
26375,2,-1.0030139300274972
26378,2,-0.9839079115391247
26385,2,-0.9887669761185498
26392,2,-1.005191242585044
26396,2,-1.011488150240647
26397,2,-1.0098553545274125
26398,2,-1.018021520360206
26399,2,-1.0016334446379778
26401,2,-1.000586842029458
26411,2,-1.0149853683426207
26420,2,-1.003501402845655
26426,2,-0.9984801823554091
26457,2,-1.0004069083186589
26463,2,-1.0016031274774564
26473,2,-1.002603871530404
26485,2,-1.0034606752533057
26489,2,-1.0049755581467397
26492,2,-1.0128035322124704
26497,2,-1.0031988774676894
26503,2,-1.010438875160772
26508,2,-0.9999579041137159
26509,2,-1.0065277019942167
26516,2,-1.015345355184196
26517,2,-0.9938825695694099
26518,2,-0.9869264256042898
26519,2,-0.9987627971499387
26527,2,-1.0009684312639955
26532,2,-1.0039424252041813
26534,2,-1.0093890678929869
26536,2,-1.0109075974953787
26541,2,-0.9992930801457782
26542,2,-1.007197173469896
26548,2,-1.0003710299276984
26552,2,-1.0005577399597598
26564,2,-1.020134288255672
26566,2,-1.0015493975395184
26570,2,-1.0302176120363278
26575,2,-1.0058175181845614
26578,2,-1.0165899148238093
26582,2,-1.0041205086117033
26583,2,-1.0024156746887027
26585,2,-0.9976833275235049
26592,2,-1.0006702849113545
26595,2,-1.0091441709391535
26597,2,-1.0056881942502207
26600,2,-1.0015769201043176
26608,2,-1.0009435975091572
26613,2,-1.0007883597052982
26615,2,-1.0051133419182414
26626,2,-1.014208650344236
26627,2,-1.000125069577146
26630,2,-1.0108197201096627
26633,2,-1.0006543317420666
26637,2,-1.0031751130810758
26662,2,-1.0035176265688854
26663,2,-0.9959369614163756
26664,2,-1.020269883063478
26671,2,-1.0049830591851703
26676,2,-1.0036313731286226
26681,2,-1.0029986378849325
26704,2,-1.0149100412538208
26707,2,-1.0006426639567112
26708,2,-1.0040261697939041
26718,2,-1.0286167035345386
26719,2,-1.0006460105336452
26729,2,-1.0035353802310123
26735,2,-1.003381098267326
26736,2,-1.0045581177335423
26741,2,-1.0019468205836863
26757,2,-0.9996174646880158
26759,2,-0.9877298291429726
26780,2,-1.0169274090344396
26782,2,-1.0060743902555025
26807,2,-1.005034187023202
26827,2,-1.0013548892501554
26831,2,-0.9977224645307599
26842,2,-1.0280747625967406
26844,2,-1.0077797845775824
26849,2,-1.01241635975415
26854,2,-1.0109874066753846
26857,2,-1.0084683427384125
26863,2,-0.9726297026572275
26864,2,-1.0114255896862532
26868,2,-1.0110953014002961
26869,2,-1.0017595393208811
26870,2,-1.0184890080184101
26876,2,-1.0075053349267196
26878,2,-1.0022374510948662
26882,2,-1.0014669772421427
26886,2,-1.0130297452814097
26887,2,-1.0006426639567112
26888,2,-1.017943540680143
26891,2,-1.0160913062115755
26896,2,-1.000116837397264
26897,2,-1.0137095712504296
26898,2,-0.9992346026301362
26902,2,-0.9942073030928201
26904,2,-1.004952012588047
26905,2,-1.002944021679904
26906,2,-1.002462743792131
26920,2,-1.0012592318507658
26923,2,-1.0234470270695875
26926,2,-1.0100082301050164
26927,2,-1.0031346170378626
26930,2,-1.0319297913070518
26931,2,-1.001483049653685
26937,2,-1.0129619461083932
26942,2,-1.010739614026123
26947,2,-1.0002968861270034
26948,2,-1.0020905302380232
26952,2,-1.0466130178777493
26953,2,-1.0021142532605753
26961,2,-1.0116963487517305
26964,2,-1.0194711873447329
26967,2,-1.0060131783173065
26974,2,-1.016312207542379
26984,2,-1.014668296834171
26995,2,-1.0304481973013662
27001,2,-1.010427506795617
27003,2,-1.000332684958623
27007,2,-1.0147142521138988
27032,2,-1.0051693124856744
27033,2,-1.0067736525458106
27042,2,-1.0124698135726224
27046,2,-1.0009519569333647
27047,2,-1.0050822763230092
27051,2,-0.9987783765204025
27058,2,-0.9983967968474547
27071,2,-0.9971587508582298
27081,2,-1.0098424636222627
27082,2,-0.9999545455627814
27089,2,-1.0099863632939998
27090,2,-1.011617610888786
27113,2,-1.001459812833431
27116,2,-1.0005258529237357
27123,2,-1.016981116828764
27127,2,-1.00094073483737
27129,2,-1.0086818857739737
27143,2,-1.0127177669949263
27147,2,-1.0149272967322245
27168,2,-1.0017193850407944
27174,2,-1.0045410651277344
27181,2,-1.0106879413574492
27183,2,-0.9918264468019963
27185,2,-1.0150827923408432
27191,2,-1.0210813693146208
27208,2,-0.9998001088467494
27225,2,-1.000471466302086
27227,2,-1.0008499912106368
27234,2,-1.0288222166856815
27238,2,-1.0033413057950575
27241,2,-1.0104977722947908
27251,2,-0.9998350525832072
27258,2,-1.0176328078296528
27261,2,-1.0109947523041625
27270,2,-1.0099271308116877
27272,2,-1.0174670350515673
27279,2,-1.0056263984347926
27281,2,-1.0090228163319446
27282,2,-0.9902279868354406
27285,2,-0.9997358163624442
27289,2,-0.9770330885188371
27291,2,-0.9936293158433387
27301,2,-1.0005017613337175
27306,2,-1.0078324523781814
27330,2,-1.0109382153277977
27336,2,-0.999933743617764
27339,2,-0.9998543086736283
27342,2,-0.9938141147308364
27354,2,-1.001519455486796
27368,2,-1.0149643315009365
27390,2,-0.9835528225984074
27394,2,-0.9845153009287557
27416,2,-1.0080672857886877
27420,2,-1.0022724251553718
27424,2,-0.9954327833914265
27435,2,-0.99518762066818
27446,2,-1.0106092455366342
27447,2,-1.0139585614178968
27462,2,-1.0069669857351893
27463,2,-1.0194805539848524
27477,2,-1.0040617160464502
27483,2,-0.9987892884128095
27498,2,-1.0033914305323246
27499,2,-1.008971144921017
27500,2,-1.0095684915786851
27506,2,-1.008167270192346
27509,2,-1.0283529620062701
27512,2,-0.9601353808447581
27516,2,-0.9963724793623066
27527,2,-1.006369171161397
27537,2,-1.008215584164428
27539,2,-0.9943256021159321
27552,2,-1.0152093720329534
27561,2,-1.012762471443296
27562,2,-1.0044974369127908
27566,2,-1.0034407188793242
27568,2,-0.9975868850550065
27576,2,-1.001044426784534
27577,2,-1.0008152244590032
27578,2,-0.9962036825441444
27583,2,-1.0027472704417242
27584,2,-1.021318533105934
27592,2,-1.0013570680834774
27596,2,-0.9988229462350586
27597,2,-0.9984126281990157
27600,2,-1.0447353029234852
27609,2,-1.00327428139882
27623,2,-1.0109019445077565
27624,2,-1.0351818661270416
27626,2,-1.0018390191459579
27634,2,-1.0438975836763336
27636,2,-0.9814006540785077
27647,2,-0.9967911507141788
27659,2,-0.9940656759795747
27660,2,-0.999600836574602
27662,2,-1.024118398869296
27668,2,-1.0195061284968268
27670,2,-0.9941701352883852
27681,2,-0.9178736937279881
27685,2,-0.8999324309453592
27690,2,-1.007617537938716
27693,2,-0.9944118479617701
27697,2,-0.9967435206659412
27700,2,-1.0047677927682028
27705,2,-0.9419772183871357
27707,2,-0.9725940588099389
27717,2,-1.0898043743878711
27722,2,-0.9253586334944319
27728,2,-0.8299345536351193
27729,2,-0.9477403073162052
27740,2,-0.7377308749214602
27762,2,-0.7461705968915766
27770,2,-0.8191008762294258
27782,2,-1.0051093413891885
27797,2,-0.9713586546671359
27801,2,-0.8847933928153904
27803,2,-0.9939161160698085
27810,2,-0.8038636418957765
27818,2,-0.8038636418957765
27820,2,-1.0135325965880462
27827,2,-0.9354678676835997
27845,2,-0.960624967176014
27846,2,-0.8972761032189602
27848,2,-0.7571511204250072
27849,2,-0.8930645764076187
27852,2,-1.0500546242805076
27861,2,-0.9810716882156743
27862,2,-0.9132746469659236
27867,2,-0.9257841718608362
27872,2,-0.9600383381582527
27876,2,-0.9958586741431672
27878,2,-1.021984151132137
27887,2,-0.9108618289411936
27905,2,-0.9440830505684437
27908,2,-1.006703804386432
27911,2,-0.8020607179212941
27926,2,-0.8636455446888028
27938,2,-0.9427977578903384
27960,2,-0.9283806948376228
27963,2,-0.8968930958085487
27965,2,-0.9749709421385482
27984,2,-1.0043201142599332
27987,2,-1.0043201142599332
27990,2,-0.9933885588229769
27993,2,-0.9507595741192396
27999,2,-0.9705571024566696
28002,2,-1.0035848201726527
28010,2,-0.9902283846895112
28026,2,-1.0081482351924098
28029,2,-1.0057040755374218
28037,2,-1.0038582765435222
28039,2,-0.9984685530783359
28041,2,-0.9792755845907786
28055,2,-1.022212048571312
28059,2,-1.022745714507807
28062,2,-1.0119253132993467
28071,2,-1.0176153586768295
28079,2,-0.9987685977105643
28083,2,-1.0229603577950548
28096,2,-1.0150613390753735
28101,2,-0.07074921036470272
28111,2,-0.9750892803432498
28115,2,-1.0207779241333808
28130,2,-1.0482532889350984
28131,2,-0.9692437724771479
28134,2,-1.0347797170034492
28157,2,-1.1056736726823932
28158,2,-0.9577273731730728
28163,2,-1.019447567101985
28168,2,-1.016485577293119
28169,2,-1.003227667949735
28171,2,-1.029819241864495
28181,2,-1.008831590407907
28189,2,-0.995670592529292
28190,2,-0.9969942013625042
28196,2,-0.9971955382384916
28212,2,-0.8765666308243205
28217,2,-1.0083153879389721
28220,2,-0.731457834409824
28225,2,-0.9725457442165182
28230,2,-0.9896063443307895
28231,2,-1.0121202842814914
28243,2,-1.0169013859661877
28248,2,-1.0042558156274202
28260,2,-0.995722806351937
28262,2,-1.0272802563986296
28272,2,-1.0134158809327536
28281,2,-1.0189031994858107
28282,2,-1.0034232380989578
28286,2,-1.1113040198122344
28296,2,-0.9240348128574881
28297,2,-0.9531100261526579
28301,2,-1.0315601375236048
28305,2,-0.9773614517855188
28307,2,-0.9894188876208243
28323,2,-1.0235392401302197
28324,2,-1.029568361977053
28326,2,-1.029568361977053
28334,2,-1.070757894023182
28337,2,-0.9161078653033357
28339,2,-1.0247294087598648
28347,2,-1.0392186413870765
28351,2,-0.9882831402330035
28355,2,-1.0344138253212556
28356,2,-1.0040509382136666
28357,2,-0.9997493337860277
28360,2,-1.0050761925109577
28365,2,-1.0307125122668956
28370,2,-0.9628051528495074
28371,2,-0.9721411267897329
28372,2,-0.9937973162914504
28377,2,-1.0145935530135732
28387,2,-1.003424500706923
28390,2,-0.9829604502910844
28393,2,-1.0208684758822633
28394,2,-1.0014481529641566
28398,2,-1.0000831869625804
28399,2,-0.9887392044617271
28400,2,-1.002172786127616
28409,2,-1.0024399846198582
28420,2,-1.0131310714794495
28423,2,-0.9975815609785622
28426,2,-1.0031964821936485
28432,2,-0.9531326735713919
28437,2,-0.9857114477858441
28438,2,-1.0216923274364118
28444,2,-1.0166620508926263
28448,2,-1.0231457947704174
28457,2,-0.9961341714469427
28460,2,-0.9903216446487606
28470,2,-1.0105468289529247
28478,2,-0.9637569450897848
28491,2,-0.9643289952513168
28493,2,-0.9881884364371833
28503,2,-0.9804279517307599
28508,2,-1.0076491952240816
28512,2,-1.0951657578566472
28529,2,-1.0131498057804795
28530,2,-0.8172247157412501
28537,2,-0.9225046488882565
28540,2,-0.8927188966955072
28541,2,-1.0112762033534068
28543,2,-1.0027672479801244
28547,2,-1.011630389436396
28552,2,-0.8221302653886311
28554,2,-1.0323289318241722
28561,2,-1.0269013258968045
28565,2,-1.0093292182788858
28571,2,-0.9747470869428614
28576,2,-1.0459618712433134
28587,2,-0.9165867449307618
28589,2,-1.0167754472549277
28595,2,-1.025159010437807
28600,2,-1.0027672479801244
28607,2,-0.9158866115540486
28608,2,-1.0274690558961699
28618,2,-0.9841099203847867
28619,2,-0.9181765375060263
28626,2,-0.9981536580832207
28628,2,-0.9007390635376853
28638,2,-1.0454001172592973
28641,2,-0.9614872475961869
28652,2,-1.0283845821293909
28661,2,-0.9972123193373237
28668,2,-1.0056323712750865
28683,2,-0.9912370568789701
28688,2,-1.0201884500821046
28690,2,-0.9908159625184181
28715,2,-0.9990827632114948
28725,2,-0.9000765394687251
28727,2,-0.9962384776408462
28754,2,-0.9887469845757996
28762,2,-0.9806813772341798
28777,2,-0.9981060267939068
28781,2,-1.0187575347149778
28789,2,-0.976036715198869
28805,2,-0.9993060140822637
28806,2,-0.9921548744266839
28820,2,-0.9983215060845673
28824,2,-1.023206054062455
28825,2,-1.0026090904409477
28829,2,-0.9720916522287655
28839,2,-1.039144512755869
28845,2,-1.0517576747023338
28847,2,-1.022039765207663
28857,2,-1.0141852867929173
28862,2,-0.9975384500875344
28866,2,-1.0468321403234682
28868,2,-0.9948465715825787
28875,2,-1.0230684445822065
28879,2,-1.0114564870873415
28885,2,-1.007910461785272
28886,2,-1.003708608935655
28888,2,-1.0253835529098059
28906,2,-1.0016607094404737
28909,2,-1.0257492196405458
28912,2,-1.0251600184755043
28914,2,-1.0392883296189652
28917,2,-1.0193212892763825
28933,2,-1.0033866754518126
28938,2,-1.019827731853439
28942,2,-1.0343468345806714
28951,2,-1.0002724351164778
28952,2,-1.0060453506504214
28959,2,-1.0164166472549048
28969,2,-1.0163821594489553
28971,2,-1.0280284917666194
28979,2,-0.972001063021653
28984,2,-1.0508605300205076
28985,2,-1.0175904324804477
28994,2,-1.0238949432910576
28996,2,-1.0088055498664252
29007,2,-1.0513005471980241
29024,2,-1.0148488850185835
29026,2,-1.0283224507804467
29027,2,-1.0163195367555862
29032,2,-0.9969793194639912
29037,2,-0.9948846143251239
29039,2,-0.9541424411133946
29042,2,-1.0197875863949528
29045,2,-1.0583274526088087
29046,2,-0.9460091614351532
29050,2,-1.0085841239853588
29053,2,-1.0383288269078064
29055,2,-1.0142657997014868
29062,2,-0.9846877840858503
29073,2,-1.0762788845165558
29075,2,-1.0091404885552446
29078,2,-1.0227758383837622
29085,2,-1.021586593655711
29090,2,-1.039580440882854
29091,2,-1.030311425809756
29099,2,-1.010197707222187
29115,2,-1.0305434089961951
29121,2,-1.0305434089961951
29122,2,-1.0028191928618564
29125,2,-1.036878041284587
29128,2,-1.0296047641253883
29132,2,-0.9880191518842718
29140,2,-1.020879895953477
29142,2,-0.9976414844794195
29150,2,-1.0285846517562747
29151,2,-1.0030874455818877
29171,2,-1.0111632880575194
29175,2,-1.0207262966957513
29179,2,-0.9798252982736733
29182,2,-1.0027180252826904
29194,2,-1.0105698809528532
29204,2,-1.0000000810560081
29213,2,-1.0277959538401087
29219,2,-1.0113577157225877
29222,2,-0.994925681186159
29234,2,-1.0359191647065966
29238,2,-1.003184094429769
29244,2,-1.0184157172826396
29245,2,-1.000606937476426
29251,2,-1.050067521355781
29257,2,-1.004395313828555
29259,2,-1.0271004853906973
29266,2,-0.995873347940784
29269,2,-0.994223943298099
29273,2,-1.0272900642610228
29277,2,-1.0279970039796327
29281,2,-1.0178647938583127
29294,2,-1.0434917487278694
29319,2,-1.0091959524834695
29324,2,-1.0645903811402455
29326,2,-0.9909319175722027
29333,2,-1.00968167533239
29339,2,-0.9783228960618602
29342,2,-1.0262632018342817
29352,2,-1.0085371838425117
29367,2,-1.0150529914956428
29377,2,-1.0107556367030184
29383,2,-0.9668945359590106
29392,2,-1.0172625306905327
29399,2,-1.0335520900235773
29400,2,-1.0310441988430679
29415,2,-0.9498904093745248
29424,2,-0.9589279771252764
29427,2,-1.0088843440442978
29436,2,-0.9655009741642688
29450,2,-0.9984017633034183
29454,2,-1.044254853077514
29465,2,-1.0310649320905347
29473,2,-1.0155317791800014
29474,2,-0.9967839398543594
29475,2,-1.0164644191651635
29490,2,-0.9635735293952137
29492,2,-1.0291290223246803
29494,2,-1.0451250682749644
29495,2,-1.0069708959757615
29497,2,-1.0018561950036187
29500,2,-1.035980362865847
29506,2,-1.0033816485585019
29511,2,-1.0102557702257187
29514,2,-1.0294454765836312
29520,2,-1.0032594395241572
29521,2,-1.0023999357332265
29544,2,-1.006150320223739
29557,2,-1.003328556989275
29560,2,-1.0051284429251692
29573,2,-0.999192130255323
29576,2,-0.9816326603445458
29579,2,-1.0268135690356295
29596,2,-0.9602538184406866
29601,2,-1.0267723599160652
29603,2,-1.0595807045994592
29605,2,0.10062228264155426
29606,2,-1.0429852212410027
29607,2,-0.9685323082281774
29613,2,-1.0067325975771588
29614,2,-1.0067325975771588
29616,2,-0.9976885606181762
29622,2,-0.9536394496799936
29625,2,-0.933795928136815
29630,2,-1.0003476752647722
29633,2,-1.0100072579144346
29638,2,-1.0100072579144346
29649,2,-0.9762793003045422
29650,2,-0.9799778557025421
29656,2,-1.031572229377341
29661,2,-1.0430132037871531
29665,2,-1.020381625870357
29699,2,-1.009541835712254
29702,2,-1.003504155061464
29717,2,-1.0195500237854405
29719,2,-0.994593946916276
29721,2,-1.0370614632274382
29725,2,-1.008629350205775
29728,2,-0.9673235721337576
29731,2,-1.0012213088108042
29734,2,-1.0294666592633486
29741,2,-1.016171017713377
29760,2,-0.9837439593724026
29766,2,-1.008028766067561
29771,2,-1.008106934516948
29774,2,-0.9896118540928154
29775,2,-0.8998425945859271
29777,2,-1.0151303401644889
29779,2,-1.0404079127764598
29783,2,-0.9940822909502028
29787,2,-0.9806356502622832
29788,2,-1.0497341470135888
29789,2,-1.0451028820106756
29797,2,-0.9909862838255705
29798,2,-1.0258844272661942
29801,2,-1.0306224435644455
29817,2,-1.0261538046714096
29821,2,-1.0054892486928124
29823,2,-0.9630756741931242
29828,2,-1.092173057522192
29830,2,-1.0000901649670726
29834,2,-1.0364838893989308
29835,2,-1.043390026215886
29839,2,-1.0059285183413087
29843,2,-1.018888382408389
29844,2,-1.0293822774150603
29847,2,-0.9916784572237226
29851,2,-1.0448844201453666
29854,2,-1.0058231568169298
29856,2,-1.0122140095940413
29862,2,-1.0041898212880471
29864,2,-1.0061240774306235
29870,2,-1.0025280081421053
29876,2,-1.0224240992429876
29878,2,-1.0181792086267751
29893,2,-1.0493225440041938
29894,2,-1.0237574586939462
29896,2,-1.0516886196349544
29904,2,-1.0310820039607982
29906,2,-1.0462595226914306
29917,2,-1.0050470658266293
29921,2,-1.0075517276255999
29925,2,-1.0122641384865487
29934,2,-0.987681850154257
29945,2,-1.0404112068216902
29947,2,-1.035784728622209
29948,2,-1.029161336354746
29949,2,-0.9787348609921886
29977,2,-0.931412547445595
29982,2,-1.0123957289181909
29984,2,-1.0307106652658204
29986,2,-0.8740224241758738
29992,2,-0.9676835357192393
29999,2,-1.0833337001010457
30001,2,0.22599070490674222
30004,2,-1.0136936752338246
30007,2,-0.9423042957118819
30013,2,-0.9893016239219584
30022,2,-0.9830686303660199
30026,2,-1.0138554826468584
30028,2,-0.9963088578556745
30030,2,-0.9926413193722954
30031,2,-1.0015967512562787
30032,2,-0.9970992249192544
30034,2,-1.0006937984762152
30039,2,-0.8954847246160328
30057,2,-1.0097412472979894
30058,2,-1.0034289965832743
30062,2,-0.9677133713888292
30069,2,-0.9936421733149772
30100,2,-0.9777075058443548
30110,2,-0.8283790984144996
30116,2,-0.9849188740609212
30118,2,-1.0072892700809186
30119,2,-1.019688905128799
30120,2,-1.0255887693019705
30129,2,-1.0044942248386348
30131,2,-0.9988776841743746
30132,2,-0.9605915476457876
30135,2,-0.9570169902343477
30142,2,-1.0135662814896618
30145,2,-0.9985698137826466
30150,2,-1.001487087938605
30163,2,-0.9952013702296912
30164,2,-0.9750211369009019
30165,2,-0.9750211369009019
30170,2,-1.0080849973006936
30180,2,-1.0142580776186503
30188,2,0.226074106443233
30201,2,-0.9437156337392137
30202,2,-0.9809674219151976
30217,2,-0.9884173795789547
30218,2,-1.0115128049824085
30225,2,-1.0264230566173538
30226,2,-0.9987562815473204
30244,2,-1.0497563433483723
30259,2,-1.0484668372277977
30262,2,-1.0002397322391055
30272,2,-1.0015983768260628
30274,2,-0.04453630459721536
30275,2,-1.000865518114062
30281,2,-1.0016824858075841
30288,2,-0.9783951387175958
30289,2,-0.9986800749938689
30303,2,-1.0135153911095416
30306,2,-0.9928423892508575
30312,2,-1.0281824972415694
30322,2,-0.9996095182760514
30331,2,0.9461426796832374
30333,2,-1.0190470209659694
30336,2,0.15172030504126188
30337,2,-0.9975356551581323
30346,2,-1.0047547996189605
30350,2,-0.9956203020417461
30353,2,-1.0263268791693436
30355,2,-1.00797894628354
30372,2,-1.0030809821433295
30377,2,-0.9971447144607168
30378,2,-1.045641509141992
30380,2,-0.9917257328608561
30382,2,-1.0597749105203937
30387,2,-1.0060490398517485
30389,2,-0.997246324330465
30405,2,-1.0019740713965597
30406,2,-0.9803917877643195
30412,2,-1.0099242872173566
30416,2,-1.0227758523447235
30417,2,0.10016139096603272
30420,2,-0.9662410337833227
30424,2,-1.0031289304325408
30427,2,-0.9249990876544059
30428,2,-1.0049305450595478
30434,2,-1.1053656463615043
30436,2,-0.9605315178874212
30440,2,-1.1435222118767396
30441,2,-1.0043979585119476
30442,2,-0.9984433968019306
30447,2,-1.0334226698598985
30454,2,-1.0074813451899578
30464,2,-1.01860575670496
30479,2,-1.0029198806807336
30492,2,-0.9364529105447622
30501,2,-0.9758269119910918
30507,2,-1.0068182277096902
30510,2,-1.0034277392498598
30514,2,-0.9994380494136462
30533,2,-1.012975196216287
30534,2,-1.0109945940157514
30536,2,-1.0098242914864184
30538,2,-1.0188896130345484
30545,2,-1.0226406610665508
30546,2,-1.0071197660953863
30554,2,-1.0041199019144311
30578,2,-1.0247896227172897
30581,2,-1.0003690351294354
30582,2,-1.0015066723157324
30593,2,-1.0495952548386367
30605,2,-1.0727579789417245
30606,2,-1.0256091828805924
30612,2,-1.032708933313278
30616,2,-0.9604288136200372
30620,2,-1.0102070755366308
30631,2,-1.0104053540091877
30636,2,-0.9827169999424202
30653,2,-0.9680066901196569
30655,2,-1.047065804632124
30656,2,-1.0091617980608467
30663,2,-0.9857023819710838
30665,2,-1.1394602561348983
30666,2,-0.9991882142991033
30696,2,-1.0016750425676775
30710,2,-1.0069696577437204
30743,2,-0.999835120621252
30746,2,-1.0203933805884733
30747,2,-1.0068967680321639
30752,2,-1.0128583679200505
30758,2,-1.0491304764121154
30764,2,-1.0261743201764135
30769,2,-1.0450555206482754
30770,2,-1.02216152316209
30775,2,-1.011570100024898
30782,2,-1.0492539911872825
30783,2,-1.0823835034182274
30784,2,-1.0161079618472821
30794,2,-0.998036481903536
30827,2,-1.013755555711016
30839,2,-1.0030142646906697
30846,2,-1.0119171221904035
30864,2,-1.0356782900744528
30869,2,-1.1054731178887083
30876,2,-1.0116420580508194
30881,2,-0.9998203674723295
30887,2,-1.031845855650368
30888,2,-0.9957360668152728
30898,2,-0.8241946034948804
30910,2,-0.9930759341305474
30944,2,-1.0130625476678787
30946,2,-0.9943490465642227
30947,2,-1.015640383305568
30949,2,-1.0168191838458804
30959,2,-1.0124581363738316
30963,2,-1.0061577912394855
30964,2,-1.0150991501218611
30973,2,-1.0421779307875652
30974,2,-1.0463552342620888
30981,2,-1.0090492844089973
30982,2,-1.0152737897366437
30985,2,-1.015143753456993
30990,2,-1.0141810184254305
30995,2,-1.007595311903606
31001,2,-1.0145479695365638
31012,2,-1.084766217911136
31015,2,-0.9999978610172433
31022,2,-1.0001320911117926
31026,2,-1.001985096395402
31029,2,-1.119429805760156
31031,2,-1.0153938230974506
31034,2,-1.0186986696668017
31041,2,-0.9900549952022144
31049,2,-1.0181248852113254
31052,2,-1.0313451955336448
31064,2,-1.0389580775121598
31067,2,-1.0112347217507214
31068,2,-1.0119314932478671
31070,2,-1.016578823733904
31079,2,-1.0012777673284519
31091,2,-1.031217012273781
31102,2,-0.997234207101676
31114,2,-1.00718232535114
31116,2,-1.0451025939895677
31119,2,-1.034273665731456
31121,2,-1.026919237844304
31134,2,-0.9927781217829426
31138,2,-1.000928569408118
31145,2,-0.9997527066619655
31148,2,-0.9901696059214653
31152,2,-1.0038028202596372
31163,2,-1.0057850274397313
31173,2,-1.008309784443969
31179,2,-0.9969759621478593
31182,2,-1.012167865918764
31189,2,-1.0112615371679858
31193,2,-1.0017819697158517
31196,2,-1.0046565658728386
31197,2,-1.0676900692740081
31198,2,-1.0082219600813735
31201,2,-1.003386414131748
31206,2,-1.0253955925165212
31207,2,-0.9987929419785981
31210,2,-1.0010849402860367
31218,2,-1.0108474053227676
31223,2,-0.9950658160696819
31234,2,-1.010537844295305
31261,2,-1.008858320811874
31262,2,-1.002448347777463
31263,2,-1.0122023886227447
31265,2,-1.0201360156701278
31285,2,-1.0013004652896682
31287,2,-1.0031498304398747
31319,2,-1.00339468198228
31329,2,-1.0097847497120316
31335,2,-1.0168166222293455
31341,2,-1.0029409657028343
31343,2,-0.9919005898705372
31350,2,-1.0144314837365662
31356,2,-1.0006430736868246
31360,2,-1.0163732012748725
31362,2,-1.009230009957433
31364,2,-1.0031529670160566
31371,2,-0.9936201887056763
31375,2,-0.9933002483358806
31383,2,-1.0057481976429141
31384,2,-1.0077752319666908
31397,2,-1.0072116103497244
31400,2,-1.0061081081820693
31408,2,-0.9710941706594418
31412,2,-1.007144598083245
31416,2,-1.0464853678808088
31427,2,-1.0059998768165035
31434,2,-1.0043265653948334
31439,2,-0.9996327070838638
31440,2,-1.07575005561249
31443,2,-1.0017166794990269
31446,2,-1.0235204902795227
31460,2,-1.0152647711491694
31463,2,-1.0415222662592578
31482,2,-1.040402342726164
31491,2,-1.0102546569675228
31505,2,-0.9913035982644064
31510,2,-1.0212642074088567
31511,2,-1.0002484277847394
31512,2,-0.9628653279128552
31515,2,-1.0123275652614432
31517,2,-1.005956119853983
31531,2,-1.0018108864701198
31534,2,-1.004339100870347
31557,2,-1.0174587659126861
31559,2,-1.0061452253539092
31573,2,-1.0245153980966673
31576,2,-1.0618708436657818
31592,2,-1.0312971941712514
31600,2,-1.0161326143238179
31622,2,-1.0267286951405374
31636,2,-1.0097030217159768
31641,2,-1.0548056639631778
31646,2,-1.0671431507559794
31658,2,-1.0101925923623583
31660,2,-1.0198456812973844
31672,2,-1.0061051479565706
31675,2,-1.0367632960990782
31684,2,-1.004682559952946
31695,2,-0.9981917829888255
31700,2,-1.0294033682832806
31703,2,-1.0049985610417387
31709,2,-1.0101293792607509
31714,2,-1.017155336246728
31715,2,-1.015681486866928
31716,2,-1.0036307708581096
31726,2,-1.0129816037805908
31727,2,-1.0018742910289316
31749,2,-1.0144336782260064
31757,2,-1.0066154260941125
31761,2,-1.0013257765564587
31767,2,-1.0126072079874513
31772,2,-1.0384307253972087
31775,2,-1.0014369680932564
31787,2,-1.0197527546092795
31789,2,-1.018750426152595
31797,2,-1.0034094892184071
31805,2,-1.0208319325131439
31821,2,-1.005722815073522
31822,2,-1.020207958408045
31824,2,-1.0027990152949244
31825,2,-1.0143126599755607
31855,2,-1.0034625535972028
31865,2,-1.0558568845007037
31879,2,-1.0111747392806727
31886,2,-0.9998281602694443
31902,2,-1.0192211522507288
31907,2,-1.0246299658998967
31914,2,-0.9999379265267498
31922,2,-0.5890372715811109
31923,2,-1.0034098750292257
31926,2,-1.0010429416679707
31927,2,-1.028977776511469
31933,2,-0.9872443267696558
31935,2,-1.0004031228960946
31936,2,-0.999732108021662
31942,2,-1.0409065862336648
31971,2,-1.0414960853403508
31973,2,-0.9916614563430827
31978,2,-0.9806030637948561
32006,2,-1.0312867950008453
32010,2,-1.0075102111007317
32012,2,-1.0111697466225935
32023,2,-1.0211918556846937
32043,2,-1.0044220824593806
32049,2,-0.999846831829823
32051,2,-1.004593205772447
32052,2,-1.0315964935151616
32060,2,-1.018612713781311
32063,2,-1.0211492914225473
32065,2,-1.0032111928583027
32082,2,-1.0049390426130747
32086,2,-1.004585210545583
32088,2,-1.0000224096040395
32090,2,-1.0032855745247085
32093,2,-1.0101127324257524
32094,2,-1.009606154250167
32099,2,-1.0368266857430206
32100,2,-1.003891045255707
32102,2,-1.0059060741239911
32104,2,-1.0014891851426604
32108,2,-0.9833021068801808
32110,2,-1.0036878110178082
32121,2,-0.999193371275658
32126,2,-0.9991232407947122
32131,2,-1.00721681745609
32137,2,-0.9992462688486508
32138,2,-1.0113052350017764
32145,2,-1.001037573191184
32157,2,-1.0267044900904019
32160,2,-1.004795338816651
32187,2,-0.9995973776987068
32189,2,-1.0645034778570581
32192,2,-1.0103795529825401
32200,2,-1.0158293106621712
32213,2,-1.0094075444129458
32225,2,-1.0072261911272837
32229,2,-0.9982976451288416
32240,2,-0.996544110811189
32242,2,-1.0218346712314783
32246,2,-1.012548740919294
32252,2,-1.0049869205151474
32282,2,-0.9982459374037085
32283,2,-1.0121444328966853
32287,2,-0.9662526944921301
32291,2,-1.0047928422417285
32294,2,-1.012422740909092
32298,2,-1.0015033599602425
32302,2,-1.014865553595158
32304,2,-1.0016277912815652
32306,2,-1.0066515734801493
32311,2,-1.0061387294442543
32314,2,-1.0475968091518304
32329,2,-0.9999862922514906
32333,2,-0.9988778653299355
32335,2,-1.0090723744268013
32345,2,-1.0012057503654699
32351,2,-1.0007908480843928
32354,2,-1.001143751999301
32358,2,-0.9995467172902569
32359,2,-0.9815678323252636
32374,2,-1.026701582475637
32375,2,-1.0183546738797316
32388,2,-1.0089361419595833
32389,2,-1.007403206397112
32391,2,-1.0141247597260477
32393,2,-1.0052449842855458
32407,2,-0.9997322977525499
32416,2,-1.0036369051365748
32418,2,-1.0215640023931962
32426,2,-0.9996553415706435
32427,2,-1.0225425610895773
32428,2,-1.0030615932220923
32440,2,-0.9990393577101265
32456,2,-1.0080431794182907
32487,2,-1.0095151457341598
32492,2,-1.0274842769719426
32495,2,-1.0630952398336806
32498,2,-1.0018834036717483
32506,2,-0.9924186885026938
32508,2,-1.0047112775666942
32528,2,-1.03799420386432
32540,2,-0.998939057203807
32542,2,-0.48228668102487116
32555,2,-1.0099774787469042
32557,2,-1.0176822969154076
32558,2,-1.0039156896732448
32559,2,-1.029604790715081
32570,2,-1.003797642357962
32577,2,-1.0030055547269223
32579,2,-1.0032266245993644
32581,2,-1.0052669190111865
32584,2,-1.0084995115205824
32592,2,-1.0053223034398127
32612,2,-0.9974113560691648
32614,2,-1.003724330807202
32619,2,-1.0001246752024993
32621,2,-1.0143050544313699
32636,2,-1.0300914148310545
32644,2,-1.0372948802079673
32646,2,-1.0061878345813153
32647,2,-0.9836491740479183
32652,2,-1.001357629328902
32653,2,-1.0018868297070704
32665,2,-1.007258952813229
32666,2,-1.0219248037315523
32668,2,-1.0159819244695973
32675,2,-1.0168169280978634
32700,2,-1.0286191771331838
32705,2,-0.9962542372293823
32709,2,-1.0224683602377156
32713,2,-0.9998859192655611
32714,2,-1.0333992238438892
32717,2,-1.0504839631562546
32720,2,-0.8546145180940417
32728,2,-0.7738804029604602
32738,2,-1.0157832942430982
32768,2,-1.0128387797951721
32773,2,-1.009775323892643
32796,2,-1.0043133772983768
32811,2,-1.0267378503674187
32814,2,-1.0117500622102733
32825,2,-1.0113612172906452
32827,2,-1.0025570369007593
32833,2,-1.006700344792528
32834,2,-0.995377128914084
32835,2,-0.9960096392582152
32840,2,-1.037197849239002
32842,2,-1.007417864251932
32851,2,-1.009789009738197
32853,2,-0.9993014631415932
32865,2,-1.0418061231308196
32870,2,-1.0017274452360518
32886,2,-0.999818953924003
32896,2,-1.052719888236957
32918,2,-1.0027263050666528
32920,2,-0.9924905203532598
32925,2,-0.9904406464505746
32933,2,-1.0229393167858063
32946,2,-1.0083939075214738
32956,2,-1.0143129693524853
32958,2,-1.0129697474880421
32959,2,-0.9916702014787693
32977,2,-0.9930294948643589
32981,2,-1.0564559470520198
32985,2,-1.0364708940868828
32990,2,-1.003284906347421
32997,2,-1.0592584158071656
32999,2,-1.0035739799301786
33001,2,-1.0202635420210249
33003,2,-1.0141232489837906
33009,2,-1.0187371089909403
33012,2,-1.010837051869522
33028,2,-1.0075287663253227
33034,2,-1.0275197934817883
33035,2,-1.0110300332255187
33039,2,-1.0080112351365536
33040,2,-1.0148094475692544
33049,2,-0.9810333311345275
33050,2,-1.0140634706441003
33055,2,-1.003500714142889
33058,2,-0.9927878535388863
33066,2,-1.0650765879853836
33077,2,-1.0017286707942008
33078,2,-1.0429949814941848
33082,2,-1.008964618858628
33088,2,-1.03830421985811
33089,2,-1.0126993312597263
33098,2,-1.027453254889072
33100,2,-0.9994577478956969
33110,2,-1.0209946552837852
33111,2,-1.0401840281566026
33135,2,-1.0255550683516161
33143,2,-1.0000696445978945
33161,2,-1.0054512899037098
33184,2,-0.9906844823622288
33190,2,-1.0134459561684284
33193,2,-1.0119748627104443
33205,2,-1.0177998558559629
33208,2,-1.0037980273327638
33214,2,-1.0020647629195634
33215,2,-1.0005463364431544
33216,2,-0.9980545479550963
33237,2,-0.9989428301153174
33240,2,-1.0011905879392535
33242,2,-1.0637470308654042
33259,2,-1.018449081114696
33265,2,-1.0006701119835473
33266,2,-1.0025931611598666
33284,2,-1.0173462842097334
33290,2,-1.0057587335917013
33294,2,-1.0241722282203174
33306,2,-1.0035848665433384
33311,2,-0.9997729648536113
33315,2,-1.0525942787684963
33336,2,-0.9995059383220335
33337,2,-1.0079413794279237
33362,2,-1.0249377451385082
33370,2,-1.0034846429402515
33371,2,-1.0350581187166814
33382,2,-0.9277190800897179
33384,2,-1.0121338147160825
33391,2,-1.022174113201162
33407,2,-1.0118859575521686
33409,2,-1.0136591543019442
33444,2,-1.0136166771274082
33448,2,-1.0961093161813227
33449,2,-1.0147991554671631
33452,2,-0.9911637980957174
33453,2,-1.0459618003302789
33462,2,-1.006214348514539
33468,2,-1.0193491699292014
33470,2,-1.008743122957561
33486,2,-1.0246878762235563
33493,2,-1.057229988480454
33501,2,-1.0000616071600534
33504,2,-1.1574888028481376
33506,2,-1.009945948147787
33507,2,-0.9241291073999045
33512,2,-1.0359632032818915
33517,2,-0.9996888058886492
33522,2,-1.058284503382164
33529,2,-1.0061915149249914
33530,2,-1.0092442952345202
33534,2,-1.0118571261618656
33545,2,-1.1463184855397803
33564,2,-1.0017937190347177
33578,2,-1.0332890383499373
33584,2,-1.013920305420927
33585,2,-1.0216367811331324
33593,2,-1.01349591369815
33604,2,-1.0071666561913837
33613,2,-1.0637736383880856
33615,2,-0.9921543047047561
33619,2,-1.0162197969816562
33621,2,-1.008864525355544
33623,2,-1.0605455689015408
33633,2,-1.029986055067581
33638,2,-1.005241951812311
33646,2,-1.0011970994724302
33658,2,-1.0033819947265576
33662,2,-1.0412273700393726
33680,2,-0.9900761089046051
33684,2,-1.0026542953806659
33686,2,-1.0246321614055738
33691,2,-1.0904839732838996
33694,2,-1.0333767412296486
33698,2,-1.0286032974152504
33699,2,-1.0333767412296486
33706,2,-1.0187094552175537
33719,2,-1.0060851764331324
33720,2,-0.9961236289997911
33723,2,-1.0122212946199456
33724,2,-0.9795638191573472
33741,2,-1.1012590057695588
33744,2,-1.0083695021868984
33745,2,-0.9866492461633811
33756,2,-1.0148328037558412
33759,2,-1.002156087375747
33760,2,-1.0003530678881571
33777,2,-1.0313574792149898
33779,2,-0.9950964312374535
33792,2,-0.9998723637309277
33799,2,-1.0048801084186216
33801,2,-1.0055898842423288
33804,2,-0.9899416035613852
33805,2,-1.0066144357278857
33809,2,-1.0511712431799936
33824,2,-1.0045356286343292
33834,2,-1.028218360145942
33836,2,-1.080158292045727
33847,2,-0.9752089857592466
33851,2,-1.0260941830049948
33855,2,-1.0088897258476845
33857,2,-1.013103158210663
33860,2,-1.0088897258476845
33871,2,-1.03054071776402
33872,2,-1.0304661130415396
33879,2,-1.009261951912152
33880,2,-1.0094072857276257
33882,2,-1.0222184964813759
33889,2,-0.9768224087377813
33890,2,-1.0096533021383323
33898,2,-1.0109339001443347
33915,2,-1.0108241501071173
33959,2,-0.9942153920867947
33960,2,-1.0085627886328383
33961,2,-1.0037505895057621
34012,2,-0.994432634331764
34016,2,-1.0052536959795353
34018,2,-1.0150291526113133
34022,2,-1.0009770737731034
34024,2,-1.012678492549011
34026,2,-1.0409631830094739
34036,2,-1.0148409291169027
34038,2,-1.0064422190480078
34041,2,-1.0087811943826919
34045,2,-1.0053044507146969
34048,2,-1.0060934262774355
34052,2,-1.011471144758843
34060,2,-1.0313859556589964
34067,2,-1.005599376565835
34087,2,-1.0024589676927622
34090,2,-1.0151890932586973
34096,2,-1.023288783831472
34101,2,-1.0094419793272191
34104,2,-1.0004519001696477
34107,2,-1.0416243697574197
34110,2,-1.0073235214745875
34113,2,-1.0204835644596382
34114,2,-1.0037337061966662
34126,2,-1.040164448691312
34128,2,-1.0074287061338554
34146,2,-1.009617171076512
34149,2,-0.9905624191975175
34153,2,-1.02248590467493
34154,2,-1.034617588180054
34159,2,-1.0039385259388856
34175,2,-0.9887709524083581
34178,2,-0.9851480905133914
34180,2,-1.030395946131992
34185,2,-1.0095716236941519
34207,2,-1.0169894420683132
34215,2,-1.0038215460860687
34220,2,-1.0213863373540928
34225,2,-1.016466058418662
34231,2,-1.0522401940450046
34234,2,-1.0001220948778953
34246,2,-1.0064854517792026
34247,2,-1.101690510767803
34249,2,-1.0250347961658521
34250,2,-1.0191301449732828
34261,2,-0.988048316613976
34263,2,-1.0368079663471783
34269,2,-1.013114916709264
34274,2,-0.9971504700322668
34282,2,-1.0066183147560044
34285,2,-1.023853001846226
34286,2,-1.0085178802162815
34288,2,-1.0044035859556883
34291,2,-1.0241731006518466
34297,2,-1.018880628164375
34298,2,-1.0057843308222771
34302,2,-1.0081821822430537
34307,2,-1.0224224839496159
34309,2,-1.001804023493888
34321,2,-0.9980462767427114
34324,2,-1.0098791391219368
34329,2,-0.9789104833071064
34343,2,-1.0021801180834757
34354,2,-1.0067124572238857
34362,2,-1.0329634671860117
34375,2,-1.0361110698222942
34376,2,-1.0096256815216444
34381,2,-1.1182038738949331
34387,2,-1.014181486547996
34390,2,-1.0001745937171864
34391,2,-0.9933423678943818
34404,2,-1.0240602005568014
34408,2,-1.0083774930969072
34417,2,-0.21570171263262455
34425,2,-1.0109627094733629
34426,2,-1.012325808282501
34428,2,-1.0136782858091387
34431,2,-1.0121460461096428
34438,2,-0.9984591795202502
34441,2,-1.0090783269868757
34444,2,-1.0026833051123516
34452,2,-1.002725974609616
34456,2,-1.0026833051123516
34466,2,-1.013754845642808
34471,2,-1.0081583076352776
34480,2,-1.0102276737352116
34484,2,-0.9971485852246087
34492,2,-1.0174157421549999
34493,2,-1.0091281736138902
34498,2,-1.0600911945177778
34501,2,-1.0326091065992988
34502,2,-1.0054073470527125
34505,2,-1.0124376476955965
34509,2,-1.0416263712738152
34518,2,-1.0049790021724219
34525,2,-1.0079416592503176
34542,2,-1.0073003080909761
34558,2,-1.0016474432641294
34560,2,-0.8860931156893148
34563,2,-1.0182061723949816
34572,2,-1.0040990281642834
34573,2,-1.006572724547404
34600,2,-1.0353973435785213
34606,2,-1.0118806895556558
34629,2,-1.0137242484972793
34633,2,-0.9938397992754765
34634,2,-1.020804698866917
34638,2,-1.0104306623851183
34644,2,-1.0015428575527423
34646,2,-1.0306102889851452
34657,2,-1.0219239516763738
34659,2,-1.0325049820243044
34663,2,-0.9950927011157842
34668,2,-0.9925967668306722
34671,2,-1.0281180966573773
34685,2,-1.022534180778295
34690,2,-1.005437485125245
34692,2,-1.0067498164713968
34705,2,-0.993234193482601
34706,2,-0.9984935701241562
34711,2,-1.015685722877585
34715,2,-1.0315789566386935
34740,2,-1.004761950307445
34747,2,-1.0100686225288356
34756,2,-1.0315485540758058
34758,2,-1.0197705429707185
34762,2,-1.0045661301247149
34765,2,-1.0140738456044311
34773,2,-1.0399601254456297
34780,2,-1.028369646940579
34785,2,-1.0204071809958188
34786,2,-1.0747638659504157
34788,2,-1.0117368349648215
34797,2,-0.9991568629817327
34801,2,-1.0049484080526212
34807,2,-0.9962264366263327
34816,2,-0.9859637488813573
34819,2,-1.0808070606566762
34836,2,-0.9937266470085538
34849,2,-1.0255672547015728
34857,2,-0.9417802425587851
34860,2,-0.9812020813570018
34865,2,-1.031995727931982
34874,2,-1.0514508656492187
34877,2,-1.0379836167611203
34886,2,-1.0583670258505538
34891,2,-1.0149181560922833
34892,2,-1.0114519777947326
34894,2,-1.014645655042028
34901,2,-1.0154202871403142
34905,2,-1.03118999578323
34909,2,-1.0064416099928686
34913,2,-1.0104901493876726
34939,2,-1.00959895594361
34944,2,-1.005520173120627
34953,2,-0.9967210504387378
34956,2,-0.9791361964220797
34960,2,-1.037656385035808
34972,2,-1.0032283586127657
34980,2,-1.0080500039843696
34987,2,-1.0121771186024033
35001,2,-1.0338977280101849
35002,2,-1.0090920008648587
35007,2,-1.023176563384511
35022,2,-1.0523002237836896
35023,2,-1.0048238239800784
35034,2,-1.0004228514825548
35035,2,-0.9961398809709365
35044,2,-1.005666207199487
35045,2,-1.0126984678097712
35046,2,-1.0382629150017055
35049,2,-1.0171712878729857
35053,2,-1.0124428104292345
35056,2,-1.0113344818111734
35064,2,-1.0538468983606935
35069,2,-1.0146710415695606
35077,2,-0.9957828819738269
35081,2,-1.0159329023325268
35086,2,-1.0142484772009313
35087,2,-1.0152353838816421
35105,2,-1.0313152769575638
35108,2,-1.0161314896851479
35112,2,-1.0053538345816864
35126,2,-1.0261459263909025
35131,2,-1.0002231103252486
35137,2,-1.0318450512516284
35147,2,-1.0264898323902316
35151,2,-1.0469804077971976
35153,2,-1.0009880109377596
35173,2,-0.815668179960827
35177,2,-1.0167313152553417
35178,2,-1.001652009567969
35184,2,-1.0377361582102023
35189,2,-1.0049881179080775
35190,2,-0.9953927390010309
35191,2,-1.0083651376010025
35198,2,-1.0018153257248699
35208,2,-1.0230430259690395
35210,2,-1.0125560783380958
35212,2,-1.00140065292097
35225,2,-1.012215336565723
35228,2,-0.08813430508596076
35229,2,-1.0308644420943014
35246,2,-0.9978399126216375
35248,2,-1.0213389877825296
35250,2,-0.9856121329441083
35253,2,-1.003899201843495
35268,2,-0.9920930417070176
35273,2,-0.9990487578066392
35276,2,-1.0388494475631578
35284,2,-1.0019036421356022
35296,2,-1.0192698345239968
35300,2,-0.972878668774651
35305,2,-1.024341491331419
35306,2,-0.9964624675888003
35315,2,-1.0173971847897043
35318,2,-1.0022296825790962
35326,2,-0.9996409536799998
35330,2,-1.0013592547746564
35331,2,-1.0221282505177207
35333,2,-0.9989739510942126
35337,2,-1.0177478042947035
35338,2,-0.9503420729881924
35349,2,-1.032614556421646
35360,2,-1.0561925464934183
35379,2,-1.0253280308255803
35380,2,-1.0055316631885929
35381,2,-1.0460983951744607
35398,2,-1.0016612773405056
35404,2,-1.018488265167191
35412,2,-0.99804506512432
35413,2,-1.0309855582568819
35416,2,-1.0177814057937007
35428,2,-1.0430565207365523
35430,2,-1.0395573288519804
35441,2,-0.9860673641022826
35448,2,-0.9924151956901327
35449,2,-1.025788597802833
35452,2,-1.0132895946470222
35464,2,-1.0243282488538967
35468,2,-0.980412162548775
35480,2,-0.9980733510607316
35489,2,-1.0303670970476013
35491,2,-0.9981248188758712
35496,2,-1.0075293517626966
35506,2,-0.974030265284239
35510,2,-1.0012560456164734
35512,2,-1.0092498980693618
35517,2,-0.9999033929631888
35521,2,-1.0123071097601417
35528,2,-1.0294967483995197
35540,2,-1.0257092611194565
35544,2,-1.0123902311296018
35549,2,-1.010486056509553
35553,2,-1.0296105624378422
35566,2,-0.9916773449756562
35568,2,-1.0412851254418825
35581,2,-1.0033069253775155
35585,2,-1.005813797909145
35591,2,-0.9688984704825115
35595,2,-0.9936312128321614
35596,2,-0.9725135654709786
35604,2,-1.0662725983919144
35606,2,-1.002564441996717
35608,2,-1.034868441847692
35618,2,-1.0113644975283647
35622,2,-0.9992748484881113
35629,2,-1.0033197621224872
35631,2,-1.0256613537255872
35635,2,-1.0003326316019168
35638,2,-1.0028473807037752
35643,2,-1.015038959106474
35649,2,-1.0294701464077922
35651,2,-0.9998667736522358
35658,2,-1.0058532707365613
35670,2,-1.0018040889282578
35671,2,-1.0049166960392835
35675,2,-1.014144527374986
35676,2,-1.0107998176187567
35688,2,-1.0012468260521694
35690,2,-1.0204242400718364
35692,2,-1.0028609208085841
35699,2,-1.003231299653909
35701,2,-1.0592347034827712
35703,2,-1.002653772647877
35709,2,-1.027689591570561
35716,2,-1.0144493954912766
35726,2,-1.0285116585637906
35728,2,-1.0057952288228362
35737,2,-1.0078164572411947
35763,2,-1.0263226971258053
35766,2,-1.0450375185196177
35772,2,-1.0095726848493705
35776,2,-1.016440707152825
35787,2,-1.0047991677153212
35809,2,-1.0236859408211973
35811,2,-0.9270561953794412
35814,2,-1.103376631601147
35818,2,-1.0300497811173102
35820,2,-1.0422306472547362
35825,2,-1.0024722216782052
35827,2,-1.0059895205529927
35832,2,-1.006075586403355
35833,2,-1.1315978389180572
35838,2,-0.9916915318538414
35839,2,-1.0036467430277891
35844,2,-1.0061076240115887
35845,2,-1.0061076240115887
35847,2,-1.020994421955691
35848,2,-1.0896406783152404
35869,2,-1.0157117594897163
35876,2,-1.022761402108658
35877,2,-1.004400552701601
35879,2,-1.0229265161901095
35886,2,-0.9999776778117048
35918,2,-1.008176054443192
35926,2,-1.003097786610711
35934,2,-1.015821338111767
35935,2,-0.9930208858333005
35940,2,-0.7016856585399017
35951,2,-0.9717106493846995
35953,2,-1.0169652270393792
35955,2,-1.0025853530230804
35958,2,-0.9998982800606815
35962,2,-1.0065369919478844
35975,2,-0.9956383648586844
35986,2,-1.0077337303497664
36000,2,-0.9893360853449077
36022,2,-1.007738337991715
36023,2,-0.7071116195463212
36043,2,-0.8372338781077164
36049,2,-0.9999334413100032
36056,2,-0.6849150922495181
36061,2,-0.9955238338279169
36062,2,-0.959153483855387
36063,2,-1.0013740990484326
36066,2,-0.8965841392068254
36069,2,-1.0094562893925203
36076,2,-1.0014992400113614
36083,2,-1.0078220756258023
36092,2,-1.0189638713533808
36094,2,-1.0136111742657263
36096,2,-1.0004560221928076
36108,2,-1.196494398613237
36111,2,-0.9931767806279599
36112,2,-1.0322532083976912
36134,2,-1.0066472720941206
36141,2,-1.0012304952078734
36142,2,-0.8662913144551977
36152,2,-1.0192985522279994
36158,2,-1.008041404193862
36182,2,-1.1078743847491623
36188,2,-0.8188991570796897
36197,2,-1.0172411224444127
36209,2,-1.0335877177161483
36215,2,-0.9881870426824702
36224,2,0.7908052604553998
36229,2,-1.015394841564871
36232,2,-0.9857630279843217
36243,2,-0.9847512750505534
36244,2,-1.0021390434670507
36251,2,-0.9812890426137116
36258,2,-1.0003269635416472
36259,2,0.8795768101793119
36260,2,-1.005496185495707
36267,2,-0.9916608523308074
36279,2,-0.9918931646505532
36281,2,-1.0575806177255285
36283,2,-1.0039573910715902
36305,2,-0.9342932259777008
36311,2,-1.0309033911677177
36315,2,-1.0362537288513813
36316,2,-0.9960292222792211
36325,2,-0.7491485470338171
36342,2,0.6848245569542201
36343,2,-0.9421310807896112
36345,2,-0.9395289119260027
36356,2,0.6572404037170932
36357,2,-1.2377223888961764
36366,2,-0.9010525668912076
36382,2,-1.0377803521697326
36388,2,-0.989739265103512
36397,2,-0.963247420952086
36408,2,-0.980453889167971
36412,2,0.34470353086011896
36413,2,-0.9203140085289556
36417,2,-0.9169436011465391
36435,2,-1.0156185782840468
36437,2,-1.0057117661353345
36442,2,-0.9320626852359736
36457,2,0.6624451800838725
36462,2,-0.9962915055871302
36466,2,-1.1364478134456737
36470,2,-1.0134346868145638
36471,2,-0.9785397484311599
36481,2,-0.9673307447411976
36497,2,-1.0077545616781358
36514,2,-1.0140619004168063
36520,2,-0.8903925947477644
36521,2,-0.9679842693508623
36526,2,-0.9363114773917312
36528,2,-1.0687448188257551
36535,2,-0.9169756755424595
36539,2,-1.0144566124597563
36541,2,-0.9442323138668587
36563,2,-0.8592780588607175
36571,2,-0.8590866810762552
36577,2,-1.0341202985793103
36578,2,-1.076352383138369
36583,2,0.6804534284411617
36589,2,0.8583716092080681
36592,2,-1.0291150199391021
36611,2,0.7674275996333147
36616,2,-0.9510904521133269
36625,2,-0.9608737304753479
36643,2,-0.9663554408939347
36660,2,0.9185769581318705
36667,2,-0.976130352139581
36678,2,-0.9290143238319092
36680,2,-0.8074794237798053
36695,2,-1.0209052960497336
36697,2,-0.9627378951739722
36699,2,0.920565357818263
36708,2,-0.8809515241494681
36709,2,-0.9290126056848916
36716,2,-0.9492368575436301
36720,2,1.1331373971361263
36724,2,-0.9429048482770173
36726,2,-1.0074244026176569
36729,2,-0.9260770517600351
36730,2,-1.0097975870710632
36731,2,-0.9771519975105913
36735,2,0.474901175448338
36743,2,-0.9683324939893927
36745,2,-1.0018232324557301
36748,2,-1.0350514473477603
36757,2,-1.0581254464893217
36765,2,-1.0645509352400002
36769,2,-0.9278855455867902
36779,2,0.8115198300432708
36788,2,-0.9916046401125099
36793,2,-0.9281735779770864
36798,2,-0.9999218381998408
36801,2,-0.9752594409338229
36804,2,-1.134008084471271
36814,2,-0.9919211272802451
36815,2,-0.9791949365013737
36821,2,-0.9095321776119056
36827,2,-1.0514459038748893
36830,2,-0.9814010281396404
36832,2,-1.114705771230263
36841,2,-1.14788377550632
36851,2,-1.2351634106632448
36854,2,-0.9703868526119306
36863,2,-0.9832741446587193
36873,2,-0.9828678083862564
36879,2,-1.05178942937555
36900,2,-0.9972675104349326
36901,2,-1.0505974944204501
36907,2,-1.0684653531208828
36913,2,-0.9708564668325692
36917,2,-1.0567632599765782
36927,2,-1.0086810167072204
36935,2,-0.9184977290274295
36937,2,-0.9111536098073842
36940,2,0.9475880316900226
36944,2,-0.6859281466113412
36952,2,-1.0084873979556446
36955,2,-0.8249196247906757
36961,2,-1.027008518378305
36965,2,-1.1642578648471353
36972,2,-0.935013454764617
36974,2,-0.9925629154890216
36978,2,-1.0764007529130917
36991,2,-0.9062645834141451
36995,2,-0.8631169468115872
36998,2,-0.693805838804608
37007,2,-1.0226587715821152
37017,2,-1.0822401749552024
37018,2,-0.9654917549997148
37021,2,0.7669668340896433
37022,2,-0.8324390809280147
37031,2,-1.0330590977667002
37039,2,-0.9342296893759687
37046,2,-0.9941510802373638
37063,2,-0.9803765332984309
37065,2,-0.890325417259974
37068,2,-1.0397254256587112
37071,2,-0.9695678361467106
37072,2,-0.9499297159160693
37082,2,-0.9158795519708832
37096,2,-0.9469553482270735
37100,2,0.42976546495515977
37115,2,-0.8684282955118229
37119,2,-0.9368690159841564
37122,2,-1.0721974248581323
37127,2,-1.021727965484872
37128,2,0.4376244730775368
37148,2,-0.942316950793171
37152,2,-0.9684499137262341
37154,2,0.783553727940424
37170,2,-0.7955244405004247
37171,2,-1.0068835998928747
37172,2,-1.0677661990715739
37184,2,-1.104941612336796
37202,2,-1.105938486979039
37211,2,-0.9859612074397931
37223,2,-1.0093461721205925
37231,2,-1.0293084686601492
37234,2,1.0041754019207976
37237,2,0.8226467610293867
37249,2,-0.9503415972139352
37250,2,-1.0586290871280344
37253,2,-0.975620669784397
37256,2,-1.1317081952166677
37258,2,0.7409564403235759
37265,2,-0.8647081323984259
37273,2,-1.0701593100813462
37284,2,0.29031993537588807
37300,2,-1.1028595133477976
37303,2,-1.0904576250903573
37315,2,-1.032003062634118
37318,2,-0.9164521211001844
37326,2,0.9398600536049085
37342,2,-1.0103453756389533
37344,2,-0.9561752443950801
37347,2,-0.9471820572737055
37355,2,0.8397444163408959
37361,2,-0.9613450647743189
37363,2,-0.8946011496867864
37370,2,-1.0897642694449055
37385,2,-1.0001192119462357
37400,2,0.7222975063360023
37407,2,-1.1374032886980578
37422,2,-1.0588823751272443
37430,2,-0.9580599528854621
37434,2,-0.991771740362784
37435,2,-1.011742222261109
37440,2,1.0512970803104493
37450,2,-0.9146116500802315
37466,2,-0.9609551342836605
37467,2,-0.9531494498003816
37470,2,-0.9644200602687105
37476,2,-0.976819096900569
37478,2,-0.9428272919210102
37489,2,-1.0256690759182083
37492,2,-0.9504547284910241
37494,2,-1.0611076495123677
37497,2,-1.0047222559634053
37502,2,-1.014432533443831
37504,2,-0.9418422429166433
37508,2,-1.0846978860038543
37512,2,-0.9499882087816334
37516,2,0.43340857295161295
37524,2,0.806523565509566
37531,2,-0.9025433201196787
37537,2,-1.0191592683208608
37544,2,-0.9261941577087853
37552,2,-1.0178593029555412
37555,2,0.9047444065006834
37557,2,-1.0529214320904983
37568,2,-0.9011279372715877
37570,2,-0.8911319299118892
37571,2,-0.9144745907287704
37581,2,1.1114130744521091
37597,2,0.6474331880888543
37600,2,-1.0629378620611805
37602,2,-1.0695028834503073
37604,2,-1.0961408491690343
37605,2,-1.0824172192448782
37612,2,-0.8190047550301485
37627,2,0.7433714492529063
37630,2,-1.0334939618829013
37637,2,-0.8708194962174606
37650,2,-1.0166028732655599
37664,2,-1.0211800156246604
37672,2,-1.037968226151379
37675,2,0.9608594258426523
37679,2,-1.1429844777906066
37680,2,-0.9580316300215905
37682,2,-0.9816478158721302
37684,2,-1.1068107130329703
37685,2,-0.8334378528675966
37694,2,-0.928738254436627
37699,2,-0.9549843246642524
37705,2,-0.9217094143088601
37713,2,0.46040373422533787
37715,2,-0.9686994320263544
37736,2,-0.9187558957177363
37738,2,1.117761701963584
37747,2,0.07159595223127768
37748,2,-0.9140705824612622
37751,2,-0.9818277879056707
37759,2,-0.8021147029393927
37765,2,-0.8577397884043255
37771,2,-1.0710255561161104
37774,2,-1.1052575206276842
37782,2,-0.9694302323491275
37802,2,-0.7141073565936025
37805,2,0.7773428954233156
37809,2,1.1163218092061848
37810,2,-0.7890483259280181
37811,2,-1.0008620785661964
37816,2,-0.9810462937986033
37819,2,1.0277563990062095
37826,2,-1.1136870661842018
37842,2,-0.9527909555873759
37843,2,-1.012690663111933
37855,2,-0.9899618477189989
37864,2,-0.8333195607275409
37865,2,-1.0370315099893732
37874,2,-0.9452645792303828
37898,2,-0.969820250071758
37900,2,-0.7869183026664153
37912,2,-0.8522357538075523
37922,2,-1.0586958681518663
37925,2,0.6827319354937916
37935,2,-1.0398389110663508
37937,2,-1.0137707192777419
37942,2,-1.0696404291428974
37949,2,-1.007158526377013
37958,2,-1.174884190624019
37963,2,-0.9409177937534103
37964,2,-1.1154645343430825
37965,2,-1.0752736298193215
37967,2,-1.0177039912557229
37969,2,0.7534117466934594
37970,2,0.8582254262955836
37972,2,-0.9694190134358409
37973,2,-1.0769640201908819
37977,2,-1.100956098876423
37988,2,-0.9760193473696412
37992,2,-1.1406497292837028
37994,2,-0.8115565865204908
38004,2,0.9751090211666794
38017,2,-0.9794326227621665
38019,2,-0.9211565945742581
38023,2,-1.0068159335957652
38025,2,-0.8236724591119592
38027,2,-0.9026987498124921
38032,2,-1.0912678891163954
38034,2,0.9237526453440675
38043,2,-1.1540035529856474
38047,2,0.9551278681885741
38053,2,0.6702653652418707
38055,2,-1.0200485987745387
38056,2,-1.0409777649495333
38058,2,-1.0100938210416026
38059,2,-0.9523969975176787
38060,2,-0.987716781485465
38063,2,0.79366703801844
38071,2,1.1123499650224038
38080,2,-0.8602586762090202
38081,2,0.821397931130262
38087,2,0.9933269766818226
38090,2,-0.580105578043736
38098,2,-1.0181076049644329
38101,2,-1.1331019344568292
38104,2,-0.9615271075766234
38114,2,0.9444626553834289
38122,2,-1.0642821189575082
38128,2,0.746218261366525
38131,2,-0.8208329671535999
38133,2,-1.0175484371059955
38136,2,-1.0177507272655144
38138,2,0.9776007788554545
38144,2,-0.5994367957663197
38145,2,-0.8900496848541172
38148,2,0.8915565096754042
38153,2,0.8047214169978042
38154,2,0.8259370359358499
38168,2,-0.8050531609583327
38177,2,-0.707360202806582
38184,2,-0.9996957895833187
38185,2,-0.9280347110035354
38186,2,-0.7055399704528176
38202,2,-0.8968842245785353
38209,2,1.1093962085100406
38214,2,-0.5399909331123929
38228,2,-0.9871428067155315
38229,2,-0.7922537428182902
38232,2,-0.8252623157972145
38234,2,-0.7210979969300684
38247,2,-0.7071483134379658
38249,2,-0.8659952286844704
38254,2,-0.8052644809648427
38265,2,-0.9447661591284295
38273,2,-0.7427539796256902
38276,2,-1.084138787791961
38278,2,0.9265458825458391
38279,2,-0.7950353127353269
38280,2,-0.9267692763331161
38283,2,0.7563482245652448
38285,2,-0.9262774683465663
38290,2,-0.8236060285173189
38298,2,-0.838857761077632
38308,2,-0.9226148079804778
38311,2,-1.1133704633324797
38320,2,-0.8790163909442603
38321,2,-0.6649953176859182
38325,2,0.9604795586557081
38326,2,-0.7459497433868068
38327,2,-0.5600144260745353
38329,2,-0.8573807412347196
38333,2,0.902204510447351
38340,2,-0.7243104134162343
38352,2,0.8571500675735678
38357,2,-0.8942002308974277
38360,2,-0.6410354408782013
38363,2,-0.7796070722340467
38387,2,-0.6237003423827232
38389,2,-0.7151530722037703
38394,2,-0.7760554876151882
38396,2,-0.867007400112129
38402,2,-0.8170419659635243
38405,2,0.9332476835301814
38412,2,-1.1319045393258194
38421,2,-0.9609095779239242
38435,2,-0.977717943045973
38437,2,-0.9946388190263564
38438,2,0.9930703909559792
38441,2,-1.0195752274299792
38462,2,-0.8005910661014094
38469,2,-0.9662728895221058
38471,2,-0.8080644387308652
38478,2,-1.0413944393623358
38485,2,-0.9518559328248867
38487,2,0.9445027324437042
38489,2,-0.5731895681699071
38491,2,1.119567717353442
38504,2,-0.9518559328248867
38505,2,0.7313406989843222
38506,2,-0.37804851584422217
38510,2,-1.0364223429974544
38513,2,-0.8825500112074389
38526,2,-0.8067110186509034
38529,2,-1.0725804529852052
38531,2,-0.8516394638393525
38534,2,-0.93587301893206
38551,2,-0.9360706413210524
38562,2,-0.8868287709020352
38565,2,-0.9142080279796576
38567,2,-0.9377873166656829
38573,2,-0.8563721005385185
38576,2,-1.1461016311089285
38582,2,-0.8651325580596689
38586,2,-0.8317182994605483
38596,2,-0.7006211148762554
38602,2,-1.0105808147333744
38607,2,-0.9191220473052217
38608,2,-0.9796391058963769
38613,2,-1.073024879744617
38614,2,-1.0276786678514824
38616,2,-0.4380930366950375
38627,2,-1.1788441244037535
38630,2,-1.365211999127753
38639,2,-0.7781278357488497
38649,2,0.991010466823166
38658,2,-1.0205725915564243
38659,2,-1.0792641257242226
38661,2,-0.722256555783365
38664,2,-1.0143153212324663
38671,2,-0.5981185548260409
38675,2,-1.0373044010684427
38679,2,-0.4896020046565196
38708,2,-0.725018099092863
38711,2,0.9189371223930555
38714,2,-0.2450544972620432
38715,2,1.0146078540737804
38736,2,-0.8652681763165708
38742,2,-0.8749745703732861
38758,2,0.8253821693779594
38764,2,0.9752615521800999
38765,2,-0.28388400151195275
38766,2,-0.92789910864913
38779,2,-0.9912492927482149
38788,2,-0.40148119836925633
38792,2,-0.8722215744912287
38796,2,0.9425341647432776
38798,2,1.0767730462910539
38801,2,0.7488153997812331
38807,2,-1.0250764895156472
38811,2,-0.8576858973686953
38816,2,-0.923801186618652
38818,2,-0.9564671746823841
38819,2,0.8858467593611811
38828,2,1.0815842792282764
38835,2,-1.0078100773735343
38840,2,0.8251038479198879
38845,2,0.5531247020281339
38853,2,-1.090868551649737
38881,2,0.36934350916814507
38887,2,-0.7081834033719656
38891,2,-0.21098756194082402
38893,2,-0.7406293220489076
38901,2,0.9821967103148214
38907,2,-0.12632224720149743
38916,2,-0.78083682742373
38927,2,0.921552370774552
38936,2,-0.004789795737327518
38940,2,-0.6868573151609496
38945,2,-0.800083143369476
38946,2,-0.7995297138558132
38948,2,0.5665867020708647
38949,2,0.5776917660153827
38952,2,0.5841586094650671
38955,2,-0.4425870972739232
38967,2,0.8639883957076188
38971,2,-1.0566587833969947
38984,2,-0.8249064250989218
38996,2,0.26201182610434415
39011,2,-1.2299336387251463
39020,2,-0.5033888160148337
39028,2,-0.6192099410340708
39031,2,-0.5618968783466098
39032,2,-0.6605583774980952
39037,2,-0.3016300459353237
39038,2,-0.8475393264697679
39046,2,0.9165664808214992
39047,2,0.9670485065499993
39051,2,-0.4353234608031348
39054,2,-0.8422308140928745
39057,2,-0.5215674250340671
39065,2,0.7917144166414595
39091,2,-0.4138866403216036
39102,2,-0.44613755515428716
39128,2,-0.9883148626153502
39137,2,0.35924376121586143
39139,2,0.39863559577968577
39143,2,0.029955341789381973
39149,2,-0.1762941955371543
39150,2,-0.4279955701999364
39166,2,0.357550692978974
39167,2,0.7157161088850802
39180,2,1.4276641681753302
39181,2,0.42093642234943507
39189,2,-1.0909241364248958
39200,2,-0.0798772966560577
39201,2,-0.06562188928486223
39202,2,-0.010985067755501787
39226,2,1.0408792782334828
39228,2,1.1941025411833905
39238,2,0.16091167499036052
39244,2,1.0828599070994436
39249,2,1.078850997287483
39253,2,-0.7278480575094186
39264,2,-0.5957325438148551
39284,2,0.9259127371321098
39288,2,-0.768805628171013
39290,2,-0.9484501503307401
39305,2,1.1280075578401418
39306,2,-0.8325203331987172
39318,2,-0.8612913993084212
39319,2,-1.0610153480563826
39322,2,1.0098381053287735
39323,2,1.0121431589178336
39339,2,0.4215265803813898
39348,2,1.2072263807870591
39356,2,0.614601733471989
39367,2,-0.9312401655236391
39381,2,-0.2821978951975443
39383,2,-1.00599066655465
39386,2,0.5643576603628145
39400,2,-1.0126023877176125
39401,2,-0.48445481918232736
39414,2,0.6192972038380301
39431,2,-1.1319560946750589
39432,2,0.665844429038161
39433,2,0.6723697150487652
39452,2,-0.017496502786163215
39454,2,1.0086374324968372
39457,2,0.9515805782130539
39458,2,-0.8354125216021168
39461,2,0.6016294718299263
39472,2,0.6203475727171955
39484,2,1.171888089530853
39493,2,0.5888128584979585
39499,2,0.5485206640001327
39502,2,0.6137481746483363
39505,2,1.0302848150205968
39517,2,-1.01399355769655
39528,2,-0.8793488121045219
39550,2,-0.9525314990941481
39558,2,0.9778255864559576
39569,2,0.8149833732182524
39572,2,0.7802601459648956
39582,2,1.0048991343944884
39594,2,0.46722241788130503
39605,2,1.337263797420257
39606,2,0.6314995876263746
39608,2,0.7116643945271149
39609,2,-0.7705918057959404
39614,2,1.0172309636297148
39622,2,-0.014000734045839458
39632,2,-1.1057275126066566
39643,2,0.8855490500156432
39644,2,1.0088482226022362
39649,2,0.7048143755897812
39657,2,0.828162599225205
39664,2,1.174536383976129
39667,2,0.3060245795023908
39671,2,-0.8827078876170162
39672,2,-1.1972625622076092
39675,2,0.6195148362770074
39683,2,-0.8776450510871673
39687,2,-0.8040063355473485
39694,2,-0.5699733558341398
39698,2,-0.9392400573996721
39703,2,0.589813118642131
39706,2,-1.180999088998083
39707,2,-0.6993826951362241
39712,2,0.5351453795864222
39716,2,-0.4472081090924858
39719,2,1.00617473062398
39728,2,0.7728015208002502
39729,2,0.9909381159862481
39741,2,-0.7728703449180436
39748,2,-0.7569029586507685
39758,2,-1.0280165608931726
39760,2,0.10957607037520145
39764,2,0.40602261782015037
39780,2,-0.8902986163602971
39785,2,0.5747885006493764
39794,2,-1.1765800733653182
39802,2,1.164165390724031
39805,2,-1.0909291915308803
39806,2,1.052664043253698
39807,2,1.111208105310448
39808,2,0.21373928209722404
39822,2,0.5642728980429325
39828,2,1.1382865589031637
39829,2,1.081628956150559
39839,2,-1.2381093618284589
39840,2,-0.9089067571660985
39842,2,1.0574913194047544
39846,2,0.9589208727827779
39850,2,-0.9185461644117625
39885,2,0.31697789157434786
39891,2,0.8924340216263883
39896,2,1.1150491374980551
39899,2,1.1570668887481088
39904,2,-0.7965611604984706
39905,2,0.9334504716435102
39922,2,-0.6964547145634765
39927,2,-0.8141986559101968
39942,2,-0.869940415968425
39944,2,1.187094971611963
39946,2,-1.1522113019117262
39953,2,0.6611789354881016
39970,2,-0.5415436943059273
39973,2,-0.3398031711924694
39978,2,-0.7182119717956414
39984,2,0.4625670848130389
39991,2,-1.205871882172446
39994,2,0.8836264783959514
39997,2,0.199701158743243
40000,2,-0.8768006492303004
40012,2,-1.2034844696218263
40014,2,1.3191033919911654
40024,2,1.203922893138774
40026,2,0.8176353099278141
40028,2,-0.09939267198761781
40030,2,1.0973121955145535
40035,2,-1.0597790183374323
40053,2,1.0773513119797768
40067,2,0.8188062819564322
40070,2,0.6838494375627217
40071,2,0.334044238398598
40086,2,-1.039159135401268
40092,2,0.6097693147593078
40097,2,0.04248726600752706
40101,2,-0.1452088415693898
40109,2,-0.4355628589234468
40121,2,0.592618306769895
40123,2,0.9280336696642418
40124,2,-0.9399959212364383
40136,2,-0.5637040703625461
40149,2,0.3508977653865315
40150,2,-0.39472707293528597
40152,2,-1.1109434000372138
40156,2,1.3028240150886723
40159,2,-0.6972993495898606
40165,2,-0.75245332724232
40174,2,0.7898628382703309
40176,2,0.14343369851296173
40181,2,0.7408420169755959
40182,2,-0.8601960253960239
40193,2,0.7844032791334795
40198,2,-0.3554260625874728
40200,2,-0.14319145889414492
40203,2,0.005157793161551072
40204,2,1.267492704598728
40205,2,0.45506343490705004
40206,2,0.21649929676469537
40212,2,0.706942553197284
40214,2,-0.8058688957398836
40220,2,0.40209848541342585
40224,2,0.16809267651896487
40225,2,0.8066671523700052
40232,2,-1.0936379342603075
40238,2,1.2685659472456727
40242,2,1.402621394726856
40245,2,-0.6477527082445635
40263,2,0.6065036620273684
40273,2,1.1432902683442108
40279,2,-0.8709792022097902
40281,2,0.5103937773055961
40286,2,0.825507696200419
40287,2,-0.5760327910629585
40296,2,-0.5297581601537472
40300,2,0.8826738837500162
40312,2,-0.45861066566455977
40315,2,0.6779909483287155
40317,2,1.1509837310201951
40329,2,0.31574958005741083
40333,2,0.1883464940464772
40342,2,1.0591921075936903
40361,2,-0.9108901451409002
40367,2,0.9434109153828248
40379,2,0.7213142140137806
40383,2,-0.9609960057818795
40388,2,0.8158513386229641
40390,2,-0.7148848588655374
40393,2,0.12086080477410366
40419,2,1.3447289665082827
40421,2,0.17797713791066172
40432,2,-1.0792321590355645
40456,2,0.5963829561526374
40459,2,-1.0799847824896576
40462,2,0.18647024494415743
40471,2,0.7003883330865318
40480,2,1.2443899424345846
40490,2,0.9321543588791744
40491,2,0.5286066053386466
40494,2,0.1713887555441579
40502,2,0.44379828016419787
40503,2,-0.9576184112485012
40508,2,0.2942371202841809
40522,2,-1.0269759794588809
40524,2,-0.5461158237381037
40536,2,-0.9289771969259925
40538,2,-1.2536641549158465
40546,2,-0.6087676685420648
40548,2,-0.8442917932201621
40550,2,0.7591784432660903
40552,2,0.6813263160804109
40559,2,1.136481827722521
40574,2,1.0425289713687955
40575,2,1.0630554175258347
40580,2,-1.0294591226564855
40581,2,-1.0450248425840885
40584,2,-0.9475981372921094
40594,2,-0.2174226519863034
40598,2,0.9122664339047971
40611,2,-1.637519376431591
40615,2,-1.0334267030373328
40616,2,-1.1078408355215708
40634,2,-1.1538952084153529
40638,2,1.159664446675647
40639,2,0.06710997162237875
40642,2,0.969495671563329
40648,2,0.4607413033400082
40652,2,0.8979036166745803
40658,2,-0.6425211087503848
40659,2,0.8479364052285164
40662,2,-1.2051719670191265
40663,2,0.987254279302657
40669,2,-0.2194972285527812
40670,2,1.1467500550088183
40685,2,1.0408794172824525
40686,2,0.9749798402652107
40691,2,0.7973933191668198
40693,2,-0.8402153158225868
40696,2,-0.4319261805563515
40699,2,0.7668954424240598
40703,2,-0.4804884212750007
40704,2,-1.3095235315955547
40721,2,0.7823326977958959
40724,2,0.5235219276285371
40728,2,1.0921314592840936
40730,2,0.42974234064823424
40733,2,-1.2794442479186134
40735,2,1.1414064399753925
40737,2,-0.6294612937221703
40740,2,0.7600548181599974
40741,2,0.915228306504316
40743,2,-0.7392025376202289
40746,2,0.6621034507093696
40755,2,0.5044376016443898
40760,2,0.6642986468487321
40780,2,0.8400194648579108
40784,2,0.9453155992200534
40786,2,0.9270986141504826
40789,2,-0.9160605682385565
40790,2,-0.8014942143433824
40792,2,0.23258847910989877
40799,2,1.1936990046753002
40801,2,0.282306145497092
40802,2,-0.0015421327861243617
40824,2,-0.26303111547054836
40833,2,-0.08022916404064806
40843,2,-1.159625733440241
40848,2,-0.5413375045267106
40850,2,0.6751387796756955
40875,2,0.9989470497484346
40878,2,0.13069374261737243
40882,2,0.361816830064951
40886,2,0.5396988658134315
40889,2,-1.2484353470398868
40892,2,-0.9369332889826701
40894,2,0.023997977932589176
40908,2,-1.0927729269468096
40918,2,0.8314821612201452
40920,2,-1.0755400996576832
40921,2,-0.7075762285610796
40924,2,-1.2717492191225483
40927,2,0.9553594968593974
40931,2,1.0377508918594276
40937,2,-0.8675285481418438
40938,2,-0.7365885939525599
40943,2,1.100662270998988
40954,2,1.042948678325628
40959,2,0.3904093221523611
40962,2,0.29956287375267354
40972,2,-1.2849272391515298
40979,2,-0.745478897749321
40982,2,-0.8716902021479378
40988,2,-1.234521409563632
40989,2,-0.7953209707899052
41000,2,-1.3384808119851987
41008,2,-0.06875983247655737
41019,2,-0.06418116416246233
41020,2,1.1554944023603362
41025,2,0.12293630634223518
41032,2,0.9928787205600288
41045,2,0.4853270167767877
41048,2,-1.2531473249142722
41051,2,0.6845285555480448
41053,2,1.0986827669194597
41056,2,-0.712347854647323
41059,2,-1.1417763300542683
41064,2,0.9157400238200822
41069,2,0.7413393879210265
41074,2,-1.221388293744496
41076,2,-0.3933327207611842
41089,2,0.5498437154120502
41107,2,-1.22016503567285
41109,2,0.7076560425628037
41110,2,0.9744393171306481
41113,2,1.0735121004851949
41114,2,0.9627474321937087
41131,2,-0.43036087692763414
41149,2,-0.10757472004961455
41153,2,0.18378847472601256
41154,2,0.2824124811662214
41165,2,-0.17415961162431226
41175,2,-1.2373595148086496
41177,2,-0.6404481976378634
41183,2,-0.8344774176480472
15,3,-1.0062991239359698
17,3,-1.0105337881172507
19,3,-0.9997925309390394
22,3,-1.0110747679057317
24,3,-1.0030335324518014
48,3,-1.007333480158526
50,3,-1.006672436722631
51,3,-1.0028401053566265
56,3,-1.0088615553748903
64,3,-1.007605550232225
71,3,-1.0019270816053791
74,3,-1.0114018472255886
101,3,-1.0026130795408554
106,3,-1.0083844157523234
111,3,-0.9972058143807141
112,3,-1.0048643982983116
117,3,-0.9979934356780849
122,3,-1.005430890110652
124,3,-1.0102807040095536
134,3,-1.0026679569208774
137,3,-1.0042177941187582
151,3,-1.0106830589544815
154,3,-0.991000319188037
155,3,-1.0018633382857742
170,3,-1.0086785655998494
181,3,-1.0016139498682521
190,3,-1.0033694861489106
202,3,-1.0026175671074415
205,3,-1.0151081456717672
207,3,-1.010910671503209
210,3,-0.9999280797758465
214,3,-1.0030590382420508
216,3,-1.0117415797146694
223,3,-1.0044808456757879
225,3,-0.9961208959007655
227,3,-1.0094806905193041
235,3,-1.000037723977988
239,3,-1.0044190681277727
247,3,-1.0066309769994906
254,3,-1.0146199867389467
256,3,-1.0043700980613028
293,3,-1.000878541287316
303,3,-1.007968052113415
306,3,-1.0097840032845222
310,3,-1.0000919578249023
316,3,-1.0083263857566773
320,3,-0.9900792756774444
324,3,-1.0198429922841754
325,3,-0.9900558678450391
328,3,-1.0045216792735512
333,3,-0.9867890130652379
335,3,-1.002900070639551
361,3,-1.0029321310351054
384,3,-0.9966167039669029
385,3,-0.9900999836832067
396,3,-1.0004608101456092
400,3,-1.0109502547216942
401,3,-0.9820477073153603
407,3,-1.0012871165963633
414,3,-1.0067372809708959
418,3,-1.004482573377398
429,3,-1.001295132321523
434,3,-1.0055301118194944
438,3,-1.0051684258537978
439,3,-0.9976658958695487
440,3,-1.013606820281476
449,3,-1.0013681059128905
453,3,-1.0028142056149687
455,3,-1.0001186182008381
475,3,-1.0023307060529398
476,3,-0.9942215210325185
477,3,-1.0006029123525648
481,3,-1.0007388438171692
486,3,-1.001812509763933
508,3,-1.0003042539294853
511,3,-1.0062258979320289
523,3,-1.0014660764403547
525,3,-0.9984112151982169
526,3,-1.0012774697858502
529,3,-1.0007239240339736
531,3,-1.0049068880810135
532,3,-1.0019506540090803
560,3,-1.004970528144629
564,3,-1.0263520471440106
576,3,-1.0012710649139112
579,3,-1.0100377995412795
580,3,-1.0040407466558294
581,3,-1.0046306692433855
585,3,-1.0031517210321037
588,3,-1.0010103571953022
589,3,-0.9957695655712837
596,3,-1.0047217895230063
599,3,-1.0013434682579705
603,3,-1.001295132321523
605,3,-1.0009505284260578
608,3,-1.0034352160439945
616,3,-1.001470035725493
617,3,-1.0086982797087922
619,3,-1.0095943993799255
620,3,-1.0087871089699427
637,3,-1.0018264239092554
641,3,-1.0030357894033135
643,3,-1.0141160905809377
652,3,-1.001633315432474
655,3,-0.9998800802312564
662,3,-1.002473212166827
663,3,-1.0179610994607262
664,3,-1.0019503661054507
666,3,-1.0048846773045632
670,3,-1.0033138353347928
673,3,-1.0003360984939964
716,3,-1.0052747497157433
718,3,-0.9987701127438795
719,3,-1.002920877556918
726,3,-1.002240767758509
729,3,-1.0091389586744017
741,3,-1.007930319257901
749,3,-1.0105762195740078
754,3,-0.9989034184544869
755,3,-1.0035975741902703
756,3,-1.0060897101160942
758,3,-1.0020321960733285
764,3,-1.0035843627906895
767,3,-1.0028859375960213
775,3,-0.9995510492375478
786,3,-1.0073740999820864
790,3,-1.0165928725122892
793,3,-1.0037158058396953
797,3,-0.9971894675012078
806,3,-1.0014741314222784
813,3,-0.9988433884624424
841,3,-1.0040892932726662
850,3,-1.000029411649662
852,3,-1.004585081543898
856,3,-1.0067276041576123
857,3,-1.000502455505647
866,3,-1.0029795085030075
873,3,-1.0148044585377685
877,3,-1.0005354276954812
884,3,-0.9955575392312405
893,3,-1.0199193713364685
916,3,-1.0006601498916838
935,3,-1.0099506036136934
949,3,-1.0016617666363534
951,3,-0.9979937947051817
953,3,-1.0095552962602334
957,3,-1.0004606893234238
959,3,-0.9995177272739896
962,3,-1.0081830955393207
966,3,-1.0010976764343429
971,3,-1.0018543976034398
978,3,-1.0027181793056306
979,3,-1.008387910156447
980,3,-0.9999262306473
984,3,-1.0010469844357743
985,3,-1.009040814699536
990,3,-1.0009192071469586
996,3,-1.0000130884447305
998,3,-0.9996595797028471
1000,3,-1.0018749252544388
1004,3,-1.0232122908416232
1014,3,-1.0015697237925227
1039,3,-0.9963280813403737
1058,3,-1.0028921696659334
1062,3,-1.018349089618942
1063,3,-1.0038218979074918
1064,3,-1.025110906074258
1065,3,-0.9944231368247612
1073,3,-1.004949636736434
1075,3,-1.0027954243236843
1081,3,-0.9982020332439971
1092,3,-0.9982198131016573
1098,3,-1.002235290128257
1104,3,-0.9918404289823188
1105,3,-1.0023898478702256
1106,3,-0.9998932928795126
1117,3,-1.002698769133254
1121,3,-1.0077036880828718
1123,3,-0.9916837225330791
1125,3,-1.0046653412522146
1130,3,-1.0009148192503399
1131,3,-1.012021399684781
1134,3,-1.003094895836525
1139,3,-0.9901879532978666
1147,3,-1.0058529795198323
1151,3,-0.9987886869665397
1163,3,-1.0044722985040913
1164,3,-1.0070001579254957
1168,3,-1.0031051286488124
1178,3,-1.0017960370416024
1211,3,-1.0105893886259527
1212,3,-1.0049571918780085
1215,3,-1.0045018374165147
1217,3,-1.022162497498652
1231,3,-1.0100860344852327
1233,3,-1.009454747922872
1237,3,-1.0006548473541965
1243,3,-1.00631250948034
1246,3,-1.0147455806204733
1248,3,-1.0196578146591178
1252,3,-1.0030793777503315
1253,3,-1.0025532369017003
1262,3,-1.002169559342147
1280,3,-0.9988056464101994
1290,3,-1.0166067792531868
1296,3,-1.0079059918775208
1301,3,-1.006100608631984
1303,3,-1.0097178826377653
1304,3,-1.0057965656769505
1307,3,-1.0050608796440728
1312,3,-1.0048543325937218
1318,3,-1.0016594541285875
1321,3,-1.0006416281981378
1322,3,-1.004906482414231
1327,3,-0.999781790693347
1339,3,-1.0022025553002403
1340,3,-1.0036158859257451
1347,3,-1.00302049777232
1351,3,-0.9950123662782644
1360,3,-1.0036111174613653
1363,3,-1.0136564082252166
1364,3,-1.0010676133244438
1365,3,-1.012275812117522
1371,3,-1.0027933896273278
1375,3,-1.0002507555515412
1376,3,-1.0142317131176184
1377,3,-0.9999700498088938
1378,3,-1.003907583221208
1379,3,-1.0095998820643024
1387,3,-1.0014046865206974
1399,3,-1.0065880550258521
1401,3,-1.0050345345655518
1402,3,-0.99963481372824
1414,3,-1.006456734113919
1415,3,-1.013878057196137
1421,3,-1.0023125605840462
1422,3,-1.0101736756293827
1424,3,-1.0169117926779119
1425,3,-1.0088598785379492
1426,3,-1.0070709663667698
1435,3,-1.001440449301968
1440,3,-1.004991286939207
1446,3,-1.0029593563834247
1451,3,-1.002444348573735
1453,3,-1.0013540747631873
1456,3,-1.006535965863034
1460,3,-0.9958279817720395
1463,3,-1.002632356835307
1468,3,-1.0033704004487496
1470,3,-0.9955153755101795
1472,3,-0.9984369793708576
1483,3,-1.0053406218315146
1487,3,-1.004313494394447
1491,3,-1.0044170632836609
1504,3,-1.0003095352216231
1508,3,-0.9994921044966175
1527,3,-1.0096577047711746
1530,3,-1.0036724045786283
1532,3,-1.0090338271184085
1538,3,-1.0010670875886296
1539,3,-1.005273677088403
1540,3,-1.000744396586327
1546,3,-1.0005385923829073
1555,3,-1.0040319264801192
1557,3,-1.0145998063838901
1558,3,-1.0098246561095219
1562,3,-1.0056240749123153
1565,3,-1.0008317758772827
1572,3,-1.016997920359748
1581,3,-1.0036602124590734
1589,3,-1.003078884872586
1591,3,-1.001002003919981
1596,3,-1.0150783647194888
1598,3,-1.0262890700961083
1603,3,-1.0009625022773054
1604,3,-1.0032107842847109
1611,3,-1.002404686277648
1613,3,-1.0023673960320258
1617,3,-1.0032523159060671
1620,3,-1.005288315734165
1624,3,-1.00459962278602
1626,3,-1.0059422124395183
1634,3,-1.0020728198794866
1643,3,-1.0023468806648461
1649,3,-1.0312737733178565
1651,3,-1.0030060918365797
1660,3,-1.001441221953
1675,3,-1.006121322619752
1677,3,-1.0006298903439552
1679,3,-1.0001100470929403
1681,3,-1.0071974299657243
1690,3,-1.000223063798957
1696,3,-1.0044247434947036
1700,3,-1.0147765379442926
1703,3,-1.0024829666055035
1710,3,-1.0020317048062726
1715,3,-1.0266227860637516
1725,3,-1.0038012094019408
1740,3,-1.0019177530097225
1742,3,-1.0035575182738181
1749,3,-1.0047653226276618
1757,3,-1.000665786870872
1758,3,-1.0032490154465752
1759,3,-0.9953525019879794
1761,3,-1.0074821691698097
1768,3,-1.0060564832112253
1778,3,-1.0002338331459977
1786,3,-1.0179655761441735
1788,3,-1.004987013363118
1789,3,-1.0013068211220388
1794,3,-1.0041700000402254
1799,3,-1.003934560970205
1809,3,-1.0098536517668029
1823,3,-0.9999341939872984
1826,3,-1.0017293576844197
1829,3,-0.9989741174490663
1830,3,-1.0017897136476055
1838,3,-1.0061780453095681
1843,3,-1.0064807350434006
1862,3,-1.0019189037426233
1868,3,-1.0060228345683044
1869,3,-1.0079196791870435
1872,3,-0.997511222741785
1873,3,-1.0026515651194718
1879,3,-1.0072572575202619
1880,3,-1.0038820745036456
1881,3,-1.0009704969636046
1892,3,-1.0090029577385662
1895,3,-1.0034188368005776
1909,3,-1.0003370803483302
1920,3,-1.0048570436916238
1923,3,-1.0025940295107176
1928,3,-1.0019681721256948
1930,3,-1.0015102945024146
1939,3,-0.9943038260904817
1943,3,-1.0086855434051247
1944,3,-1.0033956876550116
1946,3,-1.027711469975715
1964,3,-1.0042393256316724
1965,3,-1.002511367738845
1971,3,-1.0097921688638665
1977,3,-1.014896033783268
1992,3,-1.0069488670752307
1994,3,-1.0152460876449911
1997,3,-1.004531988988483
2000,3,-1.0104299695567847
2006,3,-1.0074400635912553
2011,3,-1.006088942828292
2036,3,-1.010864302241695
2061,3,-1.005428148676791
2064,3,-1.019506827952394
2079,3,-1.0079687461918152
2080,3,-1.0164507579042312
2082,3,-1.0051767404225886
2087,3,-1.0072925568484083
2091,3,-1.008332494900619
2093,3,-1.0074570519168327
2100,3,-1.0006488951927366
2104,3,-0.997672883844242
2105,3,-1.016399689909443
2120,3,-1.011842255614399
2125,3,-1.0031136439706132
2133,3,-1.0074300641482041
2137,3,-0.9984526902090294
2145,3,-1.0109975041867394
2156,3,-1.008297900370598
2157,3,-1.0081096338571318
2162,3,-1.003999427825609
2175,3,-1.004767382935399
2176,3,-1.0008330813637114
2190,3,-1.006327118865575
2196,3,-1.0072204980713702
2199,3,-1.0106315735858438
2204,3,-1.0001991114081237
2207,3,-1.0067061799328119
2211,3,-1.006088942828292
2218,3,-1.0049506437360183
2225,3,-1.0008541536513138
2229,3,-1.0028804615899516
2233,3,-0.995960215380834
2242,3,-1.005559552595845
2250,3,-1.0019693749756535
2274,3,-0.9998611175613996
2282,3,-0.99956020178917
2286,3,-0.9996405028135318
2287,3,-1.0055368834156608
2294,3,-1.0113716578935092
2295,3,-1.002915675761114
2301,3,-1.0125917455864923
2333,3,-1.0007840360117632
2337,3,-1.0038926444799385
2352,3,-0.9997430337491324
2367,3,-1.0030196842479764
2368,3,-1.0119783946295282
2383,3,-1.0037295504427661
2385,3,-1.0071057739152374
2392,3,-1.0092940849442826
2414,3,-1.0038926444799385
2417,3,-1.0052059275915317
2419,3,-1.0014736273918459
2430,3,-1.0122139979503748
2431,3,-1.0049671755967426
2438,3,-1.0051008430671629
2459,3,-1.0042183434722745
2463,3,-1.0058032407197977
2464,3,-1.0008746269797526
2466,3,-0.9994788549378406
2473,3,-1.0074884185424704
2487,3,-1.0061385791809343
2499,3,-0.9980011895538987
2504,3,-1.0036852937891902
2516,3,-1.017403231925964
2523,3,-1.0045375700341637
2524,3,-1.0018020856682592
2544,3,-1.005478306019205
2549,3,-1.0109522029835523
2552,3,-1.0018073323932206
2553,3,-0.9957704535598988
2561,3,-1.0064354419124792
2563,3,-0.9988297246161331
2567,3,-1.0112861201287895
2569,3,-1.0059578574278574
2571,3,-1.0044069823090889
2574,3,-1.0220482299181564
2585,3,-1.0014938835561091
2592,3,-1.000754520710388
2596,3,-1.0008355299832061
2600,3,-1.0001428150699532
2602,3,-1.002170570314239
2608,3,-0.9996517903884578
2614,3,-1.0044519314944655
2631,3,-1.0110703433912054
2644,3,-1.0075048283252253
2646,3,-1.0004201151700614
2650,3,-1.0082523062676974
2655,3,-1.0135011603950705
2681,3,-0.9887317152586528
2682,3,-1.0069422099140724
2690,3,-1.0107464317270471
2698,3,-1.0058191870270088
2717,3,-1.015675963034812
2732,3,-1.0102302955494968
2733,3,-0.9991039842426828
2743,3,-1.0006854737528572
2754,3,-1.0016764255967558
2756,3,-1.006678920337906
2772,3,-1.006187638807507
2793,3,-1.00540497912361
2800,3,-1.005036261196802
2801,3,-1.003352762962186
2805,3,-1.0083974727359988
2810,3,-1.0002152208444692
2832,3,-1.0004963910297742
2837,3,-1.0013678462675415
2840,3,-1.0002062215918968
2842,3,-0.9977512053296973
2847,3,-1.0013959142259996
2848,3,-1.0008739465648808
2850,3,-1.0035903078474213
2860,3,-1.0137391552979929
2861,3,-1.0009473646296925
2864,3,-1.0001954311670638
2870,3,-1.0010815065036793
2873,3,-1.0008886724890174
2875,3,-1.000441275603964
2881,3,-1.0052973448742368
2883,3,-0.9998994109857754
2884,3,-1.0019646800972903
2885,3,-1.0009672440098218
2904,3,-1.0001939940683267
2905,3,-0.9999842415773175
2906,3,-1.0005301523083499
2916,3,-0.9956874068158216
2918,3,-0.9889424082093239
2930,3,-1.0044764877599381
2950,3,-0.9986167071688239
2960,3,-1.0138072130871767
2965,3,-1.0053190536800811
2973,3,-1.0069331322950192
2977,3,-1.006262243481772
2979,3,-1.0069647410555889
2984,3,-1.0015797445676289
2987,3,-1.0040370785796338
2998,3,-1.0223734115207046
3001,3,-1.002152025427508
3002,3,-1.0003524763775347
3010,3,-1.0063958994414663
3012,3,-0.999400656798898
3014,3,-1.0047368265041956
3015,3,-1.0047470470335902
3021,3,-0.9968205395726986
3024,3,-1.0064029170598285
3032,3,-1.0179494726637086
3036,3,-1.0067641460559007
3045,3,-1.0085261026657437
3052,3,-1.0048387747015726
3055,3,-1.000075055513926
3063,3,-1.0018117682145067
3064,3,-1.0061713569122972
3065,3,-1.000248802825892
3068,3,-1.0008276102387097
3070,3,-1.0312089348173363
3075,3,-1.004462324447396
3076,3,-1.0012436077365243
3077,3,-1.0252492126705703
3079,3,-1.0003610006611763
3091,3,-1.0081972535707204
3098,3,-1.0044850836765966
3100,3,-1.0014400032594395
3102,3,-0.9996496285331768
3103,3,-1.0058324933409228
3105,3,-1.0068045827756562
3109,3,-1.0084069022183386
3118,3,-1.0082317936584138
3122,3,-1.0240258200815724
3133,3,-1.0031074359962366
3147,3,-1.007489073345101
3153,3,-1.0065847213520638
3163,3,-1.0068008533639778
3165,3,-1.004656744784513
3169,3,-1.0102937004303665
3170,3,-1.003280895371427
3177,3,-1.00269709104527
3178,3,-1.0049094984591587
3184,3,-1.000626388064228
3185,3,-1.0035760495506572
3188,3,-1.0115239660448028
3195,3,-0.9996131588088678
3208,3,-1.0162971941409542
3211,3,-1.004064241036079
3219,3,-1.0626167563927158
3226,3,-1.0000284754427173
3234,3,-1.0269152389136194
3236,3,-1.0031334113358543
3240,3,-1.0036718772619782
3248,3,-1.014170470102398
3253,3,-1.018386279336259
3260,3,-1.0018549353578485
3269,3,-1.0220011443088697
3272,3,-1.017127313967638
3277,3,-1.0042843764256457
3280,3,-1.011281119800905
3289,3,-1.0000250429084727
3293,3,-1.0015522610882832
3298,3,-1.0064997705705188
3300,3,-1.0027771380986292
3311,3,-1.0157760966932028
3317,3,-1.0198153849409568
3319,3,-1.008281251888583
3321,3,-1.0071390747016353
3327,3,-0.99499588623324
3332,3,-1.0045455817681246
3333,3,-1.000814172140764
3335,3,-1.012940934239818
3339,3,-1.0090228943428983
3340,3,-1.0026734491267715
3351,3,-1.0014418426385778
3359,3,-1.0052465268285102
3371,3,-1.0026401437590835
3374,3,-1.020455451411816
3383,3,-1.0100304381808405
3399,3,-1.0073186639059146
3405,3,-0.9975053771099991
3415,3,-1.018912266408909
3417,3,-1.0177993790128685
3428,3,-1.0075468840183812
3432,3,-1.0003375344745962
3435,3,-1.0079598103004177
3436,3,-1.0020473092515423
3458,3,-0.99787558093579
3468,3,-1.0107080764806116
3480,3,-1.012472476470499
3482,3,-1.0080193255495462
3485,3,-1.0118069241579732
3489,3,-1.010363834478218
3499,3,-1.0162724192589163
3503,3,-1.0149740500392221
3506,3,-1.004013441783185
3516,3,-1.004168033298708
3521,3,-1.0010934677581034
3534,3,-1.0100559087794334
3537,3,-1.000689489297851
3538,3,-0.9970149777128445
3540,3,-1.0016295591398428
3542,3,-1.0060717166061104
3545,3,-1.0015212851004476
3553,3,-1.0059197767080021
3556,3,-1.0028794391877267
3558,3,-1.0021605398861735
3560,3,-0.9997093069900984
3577,3,-1.0076304516945862
3586,3,-0.9996172041651978
3591,3,-1.0058443269217308
3596,3,-1.0027257428468794
3604,3,-0.9938006574855621
3609,3,-1.012650019635856
3616,3,-1.002337552042849
3618,3,-1.0000220832224922
3619,3,-1.0075030047635112
3624,3,-1.021371979165564
3628,3,-1.0036138959037813
3632,3,-1.0019704749509597
3635,3,-0.9990644229092307
3638,3,-1.008308793157453
3639,3,-1.0001581706070617
3642,3,-1.005081203057583
3648,3,-0.9994088752169974
3649,3,-1.0008654824706023
3653,3,-1.0085707143636389
3672,3,-1.0008222530845947
3673,3,-1.0018075918746205
3674,3,-1.0050518351120896
3681,3,-1.021712090046951
3683,3,-1.0031803822914487
3691,3,-1.003802385127458
3695,3,-1.0002039066800703
3697,3,-1.005394555835358
3701,3,-0.999355208967829
3702,3,-1.0077666048882248
3704,3,-1.002137110325756
3706,3,-1.0062762586496625
3708,3,-1.003653746379314
3711,3,-1.0157259560311735
3713,3,-1.0071413922836168
3728,3,-1.0032348699512472
3752,3,-1.0035706624272798
3757,3,-1.0041824759895661
3763,3,-1.0031675723336857
3769,3,-1.0003249063196684
3776,3,-0.9976821470504419
3777,3,-1.0009306884098343
3780,3,-1.0013923815066994
3794,3,-0.9997927640448234
3799,3,-1.0053709399063202
3800,3,-1.0028177388901773
3804,3,-1.0036117513326808
3805,3,-0.9997430984979423
3810,3,-1.012833719306701
3818,3,-1.0042435642085974
3826,3,-1.0028183339671526
3831,3,-1.0009274362641587
3846,3,-1.0054312353051786
3852,3,-1.0051717890234066
3859,3,-1.0022745179495178
3861,3,-1.0052264440104455
3866,3,-1.0070080736882328
3871,3,-1.0030315909249359
3874,3,-1.002668839421018
3879,3,-1.0101886081778146
3880,3,-1.0008914346641873
3890,3,-1.0047168025127908
3910,3,-1.0041011120441181
3939,3,-1.0057922972089948
3954,3,-1.0092607095417396
3955,3,-1.0299639748684455
3961,3,-1.0041596082673436
3967,3,-1.0013263709684888
3969,3,-1.008188760854453
3970,3,-1.002442958831276
3971,3,-1.0105825973505167
3974,3,-1.0058319713770625
3984,3,-1.0088325242722944
3991,3,-1.0081935824944723
3999,3,-0.9996960607800458
4007,3,-1.0113377940104615
4009,3,-1.010691038993134
4023,3,-1.0089538278722419
4026,3,-1.007372108547213
4033,3,-1.005656912834345
4038,3,-1.0083450170999346
4044,3,-1.0055531605089736
4051,3,-1.0157297006918606
4052,3,-0.9958715949188017
4058,3,-1.0032576266890505
4059,3,-1.0030731584201176
4063,3,-1.0125438519104595
4066,3,-1.0124271907062092
4068,3,-1.0004476661870958
4079,3,-1.009342754853601
4080,3,-1.0038229155478713
4093,3,-1.0225013754850967
4108,3,-1.0215974141877817
4110,3,-1.0003496727019765
4111,3,-1.0044895013871713
4112,3,-1.0017247820620663
4124,3,-1.0067698353327985
4146,3,-1.0008806818290126
4154,3,-1.004345101427449
4168,3,-0.9736597984785271
4175,3,-1.0024877277221167
4184,3,-1.0040787152723283
4185,3,-1.0115089916617652
4187,3,-1.0150844736201288
4188,3,-1.0228854097151634
4193,3,-1.0229593461546695
4194,3,-1.0171407376189228
4210,3,-0.9996678112314679
4211,3,-1.0221087100619188
4212,3,-1.0155182428103777
4220,3,-1.0076476526070657
4223,3,-1.0013228243322172
4225,3,-1.0010566740931883
4227,3,-1.008378936238388
4238,3,-1.0039136037046705
4240,3,-1.0048310770471307
4241,3,-1.004681779388185
4242,3,-1.0001401693547989
4247,3,-1.0030157635979828
4248,3,-1.0071817645757695
4263,3,-1.0000660358579718
4267,3,-1.0080974997276664
4270,3,-1.000056104999495
4284,3,-1.011768700222183
4290,3,-1.0073383753390983
4300,3,-1.0243007899395977
4302,3,-1.0003444440086382
4305,3,-1.0079344936306311
4307,3,-1.0116758045195797
4323,3,-1.0006792071405366
4324,3,-1.0012887537358408
4332,3,-1.0047177306183426
4337,3,-1.010260556180195
4351,3,-1.0011602214025772
4353,3,-1.0010298502771011
4357,3,-1.0034834983710041
4362,3,-1.0076042750835632
4364,3,-1.0099230758599593
4376,3,-1.0066226947114254
4380,3,-1.007454733128466
4385,3,-1.0012713622636706
4391,3,-1.000861116608244
4398,3,-1.012393451207897
4399,3,-1.0002001900611701
4403,3,-0.9960797378805912
4409,3,-1.0231737366890168
4412,3,-1.0054481755990243
4420,3,-1.002975729974761
4421,3,-1.00806694596896
4429,3,-1.0008259374734167
4437,3,-1.0088229242699367
4441,3,-1.0176374187776869
4444,3,-1.0034440683196086
4454,3,-1.0013586371739112
4456,3,-1.0412094047146643
4459,3,-1.0232268451844433
4462,3,-1.010042979731105
4463,3,-1.0005360536932042
4466,3,-0.9991133646234196
4467,3,-1.0252323524674138
4472,3,-1.000608587747327
4476,3,-1.0124229252126944
4487,3,-1.0106628292367117
4498,3,-1.0025730049022559
4502,3,-1.0078654018359692
4506,3,-1.0101498220024494
4511,3,-1.025373322490047
4516,3,-1.0086105296692736
4525,3,-1.0100244742576066
4530,3,-1.018959177607102
4531,3,-1.0008559189955655
4533,3,-1.0029023872181795
4536,3,-1.0095108692938803
4546,3,-1.0066831331858879
4548,3,-0.9991865574732195
4567,3,-1.005410770585556
4591,3,-1.0044223738328402
4593,3,-1.0029133627964795
4599,3,-0.9951573579973614
4600,3,-1.0037228095859343
4602,3,-1.0079324809209367
4606,3,-1.0140551366264288
4614,3,-1.0028299609590274
4616,3,-0.999032335087219
4619,3,-1.002607549516004
4631,3,-1.0042805962500996
4632,3,-1.0005312622683262
4634,3,-1.0200414019860844
4636,3,-0.9959503080064885
4641,3,-1.005692094829699
4642,3,-1.0035423730914506
4651,3,-1.0049693092804355
4668,3,-0.9998117731568995
4681,3,-1.0033182494051986
4695,3,-1.0050580407008582
4713,3,-1.0032404979741596
4725,3,-1.0014788825033518
4726,3,-1.0013495585794345
4730,3,-1.0033182494051986
4732,3,-1.0019070350246764
4733,3,-1.0120505090662881
4737,3,-1.0000416369456893
4744,3,-1.001264072042644
4745,3,-1.0037755085923212
4748,3,-0.9944461969110183
4749,3,-1.0062203328211001
4750,3,-0.9955658769223612
4765,3,-1.001859814946866
4767,3,-1.0116352395508912
4774,3,-1.0092739786354412
4776,3,-1.0002412482269105
4783,3,-1.0091971338542898
4788,3,-1.0008222296200013
4799,3,-1.0022637611059462
4800,3,-1.0020551436825833
4804,3,-0.9980009339409799
4816,3,-1.0262442274382861
4828,3,-1.0110637215219245
4832,3,-1.0035423730914506
4833,3,-1.0018241725741455
4835,3,-0.9942152896063882
4839,3,-1.012036312322075
4847,3,-1.0130898608458399
4862,3,-1.0029539222118857
4863,3,-1.0000495036953787
4878,3,-1.0035276559869484
4879,3,-1.0133310621937617
4881,3,-1.002479868442805
4888,3,-1.002144740041384
4889,3,-0.9967938918096632
4904,3,-1.0009073650313085
4909,3,-1.0035276559869484
4912,3,-1.01927408166376
4917,3,-1.0012229264361578
4928,3,-1.0079432353102933
4946,3,-0.999600965755404
4961,3,-1.0003180905464335
4970,3,-1.008939011180397
4971,3,-0.996659641693596
4994,3,-1.0016576149781549
4997,3,-1.001616908842118
5001,3,-1.0000307781681665
5004,3,-1.0037849057914596
5009,3,-1.00432537048025
5016,3,-1.004249452297996
5019,3,-1.0018771729062768
5031,3,-1.0054062007541475
5033,3,-1.0011222180944161
5042,3,-1.001815953250933
5044,3,-1.001695187327194
5049,3,-1.0088638416301468
5055,3,-0.9993532807577599
5065,3,-1.003656518921906
5072,3,-0.9981893194419802
5082,3,-1.0028433148935585
5087,3,-1.0022539541485194
5092,3,-1.000230067434772
5101,3,-0.9970751573980265
5116,3,-1.002030469402077
5117,3,-1.0032889594600787
5122,3,-1.0022355576406632
5127,3,-0.9952643637742915
5133,3,-1.0039677701327956
5134,3,-0.9995697271523192
5138,3,-1.0099072343354656
5142,3,-1.006759394181808
5144,3,-1.0042567330825338
5153,3,-1.0064755908134804
5154,3,-1.0004246209768453
5158,3,-1.0040614706064626
5164,3,-0.9974679916998026
5167,3,-1.0023012172632981
5177,3,-1.0039728751966026
5178,3,-1.011626169761149
5181,3,-1.001268154202302
5183,3,-1.0056353670006204
5184,3,-1.0007651966233135
5186,3,-1.0055325147285887
5193,3,-1.0157602856096863
5195,3,-1.0021207082494688
5197,3,-1.0047483471991188
5203,3,-1.0000495539672964
5210,3,-1.0056126827841858
5213,3,-0.9975408019930977
5214,3,-1.0074221705007025
5243,3,-1.008799267300888
5252,3,-1.0223742982424855
5253,3,-1.0084871083152738
5255,3,-1.0023252368277935
5263,3,-1.0053659406100666
5272,3,-1.0027050441957446
5283,3,-1.0124311065909088
5284,3,-1.001870147981398
5292,3,-0.9949276888970805
5297,3,-1.0035581867074572
5298,3,-1.001041018480754
5303,3,-1.001401675873654
5316,3,-1.0042460288065014
5323,3,-1.0032939926541375
5328,3,-0.99573216030366
5332,3,-1.0024904458554138
5333,3,-0.9988481611957882
5338,3,-1.0131634797657187
5347,3,-1.005484518595971
5352,3,-1.017539727519448
5374,3,-1.0076318320024986
5375,3,-1.008672423924057
5377,3,-1.0100735692881926
5398,3,-0.9955513431894492
5400,3,-1.0156030214065952
5402,3,-1.0027704218039386
5413,3,-0.9874689189856176
5419,3,-1.0134486524309851
5431,3,-0.9997912193025539
5446,3,-1.0122893646755582
5450,3,-1.0079150995013042
5459,3,-0.9969974397737018
5466,3,-1.000711672898753
5470,3,-1.008394923200672
5482,3,-1.0137949369255481
5486,3,-1.0150120496265256
5492,3,-1.0013180461660864
5493,3,-1.006981372694196
5495,3,-1.0039170972183005
5506,3,-1.005901628922716
5514,3,-1.0000969089576115
5522,3,-1.004497013233839
5526,3,-1.0049080710416138
5532,3,-1.0101477753258568
5540,3,-1.0035697481624473
5546,3,-1.006354575437521
5552,3,-1.0144748391861618
5557,3,-1.0013671636090415
5574,3,-1.0195074609724968
5588,3,-1.0032521737030264
5590,3,-1.0049621421418662
5599,3,-1.013241735178867
5624,3,-1.00094214578013
5626,3,-1.0021376203412524
5631,3,-1.0060620132979996
5642,3,-1.0264606399940688
5645,3,-1.0093503439897047
5646,3,-1.0030652080252678
5655,3,-1.0086002367591564
5656,3,-1.0084572442395785
5659,3,-1.0045007875381498
5670,3,-1.0050159442345998
5672,3,-1.010748043800088
5678,3,-1.008213613820921
5684,3,-1.0211809604250792
5685,3,-1.0001254629659142
5703,3,-1.0056954899278647
5706,3,-1.006844945955881
5715,3,-0.9995298111121278
5717,3,-1.014865127027493
5721,3,-1.0007781042096138
5724,3,-1.0094985283245705
5735,3,-1.0078142318998935
5737,3,-1.0019473354054331
5738,3,-1.0110654888125425
5743,3,-1.0078574832207692
5762,3,-1.0004688508145132
5764,3,-1.0052475917256471
5776,3,-1.0151199363867158
5781,3,-1.0088188215970935
5783,3,-1.0097135049714003
5785,3,-1.0035415258403289
5790,3,-1.006420426800823
5803,3,-0.9997028318096671
5804,3,-1.0090644049018986
5805,3,-1.0083416166463346
5807,3,-1.0004510930538772
5811,3,-1.0095582299064434
5814,3,-1.0069081485071303
5836,3,-1.0109919361190427
5845,3,-1.0090785321068774
5847,3,-1.019506827952394
5859,3,-1.0046750716632813
5862,3,-0.9997629795145713
5864,3,-1.0006466213465806
5876,3,-1.0005474833225345
5882,3,-1.001164582024749
5883,3,-1.0039972041686789
5885,3,-1.0015482307214256
5913,3,-1.002666785275836
5919,3,-0.9977386656185068
5920,3,-0.9986710401995005
5929,3,-1.0006834933028246
5944,3,-0.9915614695414936
5953,3,-1.01686114718003
5955,3,-1.011453037515202
5963,3,-0.9973960842272938
5979,3,-1.0025372804044503
6001,3,-1.0078711952143757
6009,3,-1.0190326160053158
6015,3,-1.0053634876597202
6019,3,-1.0335003919665855
6037,3,-1.0020204059857374
6039,3,-1.0074397823549774
6053,3,-1.0001833923140837
6056,3,-1.0098268730437554
6060,3,-1.0012031503030276
6068,3,-1.0076658144912123
6080,3,-1.002113472425593
6084,3,-1.0002379626885831
6085,3,-1.004173239662091
6088,3,-1.000821516762756
6093,3,-0.9988881527418842
6098,3,-1.0007955973312261
6106,3,-1.0140852465667713
6117,3,-1.0042377666066666
6118,3,-1.0012670662607444
6120,3,-0.9989247754386235
6122,3,-1.0035728956943744
6126,3,-1.0179829075813982
6128,3,-1.002243303268836
6134,3,-1.0111860599996103
6136,3,-1.0005315484165684
6137,3,-0.9987248870354711
6141,3,-1.0088010096867026
6143,3,-1.0002280520967812
6148,3,-1.0075083085606176
6149,3,-1.000837206148549
6150,3,-0.9992133354524403
6158,3,-1.0054677549692692
6159,3,-1.0103519012522253
6166,3,-0.9998979002261894
6172,3,-0.999933826655412
6173,3,-1.0034970308127193
6180,3,-1.0021034962171294
6186,3,-0.9995078283027956
6189,3,-1.001117104611999
6200,3,-1.0032073251946954
6215,3,-1.0041374776442196
6217,3,-1.0036995001110713
6222,3,-1.000786050163665
6229,3,-0.9990022545566318
6236,3,-1.0151458778456077
6244,3,-1.0043216845861989
6247,3,-1.0110185728273398
6252,3,-1.0037861941440371
6253,3,-1.000418917945409
6255,3,-1.0057986631992346
6262,3,-1.001953888653582
6267,3,-1.007891508802751
6271,3,-1.0054601109704269
6283,3,-1.016787500353203
6287,3,-1.0220316851757605
6300,3,-1.0061496132724916
6323,3,-1.0025271987273339
6334,3,-1.010445815117488
6335,3,-1.0015359305879945
6337,3,-1.0082983776069407
6342,3,-1.00457779791645
6352,3,-1.000590838460646
6353,3,-1.010587722959684
6359,3,-1.0006454619409875
6363,3,-1.013507229140039
6369,3,-1.000552131719055
6372,3,-1.0006389455554587
6375,3,-1.0001734892885836
6376,3,-0.9973912484603056
6385,3,-1.0180003549412762
6398,3,-0.998431989827284
6418,3,-1.008256564517303
6422,3,-1.0022328774610232
6423,3,-1.0118338350606098
6433,3,-0.9993983055665532
6438,3,-1.002632401911264
6455,3,-1.013523600519976
6457,3,-0.9996391454174323
6458,3,-1.0302296310512156
6459,3,-1.0049986478082742
6463,3,-0.99645669350147
6465,3,-1.0024127188234766
6470,3,-1.0013350318043395
6473,3,-1.001507939264697
6482,3,-1.0019213070918422
6488,3,-1.0142283039077076
6497,3,-0.9995341762322189
6499,3,-1.0003365808044606
6504,3,-1.0051129690259626
6517,3,-0.9980173531788059
6527,3,-1.0037580143394256
6546,3,-1.0015084006178498
6547,3,-0.9996517882915077
6560,3,-1.001203637551185
6566,3,-1.0033653477376352
6570,3,-1.0000048451829395
6574,3,-1.0001801243658268
6579,3,-1.0182657428754633
6581,3,-1.0019468925468342
6584,3,-1.004985736694383
6599,3,-1.001583511233335
6601,3,-0.999744333250294
6602,3,-1.0076438655168962
6604,3,-1.0020796190860284
6617,3,-1.0012993138712376
6623,3,-0.9999643418638954
6628,3,-0.9995554925003933
6643,3,-0.998093371152537
6646,3,-0.9987000098576997
6650,3,-1.0020311465663965
6651,3,-1.001843580271001
6652,3,-1.0125360457836925
6659,3,-1.0000069473317637
6681,3,-1.007439558142067
6686,3,-1.0069894584991412
6689,3,-1.0037039541528132
6696,3,-1.0006869532653626
6702,3,-1.0087322295884147
6726,3,-1.0014398900918078
6731,3,-1.005480897174439
6733,3,-1.0093163088045505
6742,3,-1.0006658783622937
6743,3,-1.0009082023953262
6745,3,-1.004132903434328
6750,3,-1.005633157442658
6758,3,-1.0000041478060724
6763,3,-1.0107886177950294
6767,3,-1.002832468206359
6770,3,-1.0097748505621156
6813,3,-1.0041982737920203
6820,3,-1.0012013627559324
6821,3,-1.0008919235122633
6828,3,-1.0027969424647072
6832,3,-1.0113731112296416
6850,3,-0.9991357795205269
6861,3,-1.0018354918097432
6862,3,-1.0013009749185025
6869,3,-1.0023790499503713
6879,3,-1.0043826072951028
6884,3,-0.9826850099856587
6891,3,-1.0047230223056
6912,3,-1.001277472737148
6914,3,-1.0024530051952103
6927,3,-1.0107470787335036
6929,3,-0.9996579232419629
6946,3,-0.9997880897222056
6951,3,-0.9885558150605331
6961,3,-0.9992449517155413
6964,3,-1.0045854309975746
6966,3,-0.9999413260220504
6967,3,-1.0064564495142772
6968,3,-1.0082150744071918
6980,3,-1.0006018428653616
6981,3,-1.0269051890117817
6985,3,-1.0042793909612038
6986,3,-1.0074289225507542
6987,3,-0.9998264624467921
6996,3,-1.009878023407192
7007,3,-1.0002581382357538
7009,3,-1.009802264087654
7016,3,-0.9993208566681687
7025,3,-1.008697950073316
7028,3,-1.004033051362334
7030,3,-1.002267280046004
7035,3,-1.0038348139069688
7049,3,-1.003359211691956
7052,3,-1.0022854269318329
7055,3,-1.0110431993634714
7056,3,-1.0037129004459868
7065,3,-1.0236647570784752
7069,3,-0.9985627436380291
7072,3,-1.0077609111896884
7088,3,-1.0078821449042366
7101,3,-1.004357320569151
7105,3,-1.0125468607635146
7107,3,-1.0009382263832394
7113,3,-0.9994434068628428
7114,3,-0.9999543528679118
7119,3,-0.9998217645949404
7131,3,-1.0142367262546355
7148,3,-1.0094577642258662
7151,3,-1.0021497081209478
7152,3,-1.000534670430365
7157,3,-1.019141177583772
7159,3,-1.005119948604306
7172,3,-1.0176888386335285
7186,3,-1.0098017779827428
7187,3,-1.0018666956291888
7191,3,-1.009818787342379
7199,3,-0.9983689626993597
7200,3,-0.9989230298241676
7207,3,-1.0061295615331258
7209,3,-1.0124748839119735
7214,3,-1.0056747631278142
7232,3,-1.0062684541540052
7233,3,-1.0220661225283434
7242,3,-1.0006012354420923
7243,3,-1.0013877017518673
7253,3,-1.009641698505539
7254,3,-1.0034020803765236
7263,3,-1.0016646321028781
7276,3,-1.0054467002104062
7278,3,-0.9883049144628844
7279,3,-0.9978952899843387
7283,3,-1.0012284039647985
7285,3,-1.010783493999676
7287,3,-1.012759411138319
7292,3,-1.017679207633785
7293,3,-1.0015602891227586
7302,3,-1.0341600544591258
7304,3,-1.0120513343898698
7306,3,-1.001294561000466
7309,3,-1.0112953405899205
7313,3,-1.0360195245276405
7318,3,-1.0034919030722838
7319,3,-1.0232194791205063
7338,3,-1.0019407304475654
7340,3,-1.0024276799216831
7342,3,-1.0031058928365308
7355,3,-1.0016878991851663
7356,3,-1.0031812514818355
7360,3,-1.0045481896170525
7368,3,-1.003023708017146
7372,3,-1.0015730560997587
7379,3,-1.006066818247081
7394,3,-1.0009339848277676
7413,3,-0.9980909732142526
7415,3,-1.0004592259098475
7418,3,-1.0014243630658726
7419,3,-1.0054856560355483
7422,3,-0.9999351565727558
7430,3,-1.0058287492032032
7438,3,-1.0052356094526327
7439,3,-1.0009971076159356
7452,3,-1.0021504398366017
7453,3,-1.0018603336481107
7462,3,-1.0047259150612022
7470,3,-0.9995767902688414
7472,3,-1.0046726812866966
7473,3,-1.001148965000037
7474,3,-1.0167725493989188
7479,3,-1.000308552520216
7486,3,-1.0016943334251882
7487,3,-1.0215778574020407
7500,3,-1.011963837031767
7504,3,-1.0233623319909257
7522,3,-1.0083213743302846
7526,3,-0.9995875362127093
7531,3,-1.0025086503206044
7532,3,-0.9998383449208686
7535,3,-1.0124442406600072
7545,3,-0.9983538928467299
7549,3,-1.0012034098129177
7562,3,-1.0052425356291583
7565,3,-1.0109980359437998
7579,3,-1.008486489511841
7581,3,-1.000156887663099
7592,3,-1.004591923447035
7602,3,-1.0060346093644352
7605,3,-1.023435313361933
7609,3,-1.0022276034447217
7610,3,-1.0180707734417105
7623,3,-1.000553825778096
7625,3,-1.0019331316278746
7626,3,-1.0051828386615933
7639,3,-1.0001543589376354
7640,3,-1.0011935902961868
7642,3,-1.0033391405445098
7662,3,-1.0179499284596472
7668,3,-1.0035038750146401
7676,3,-1.0283452486392766
7679,3,-0.9999085018128381
7681,3,-0.9992682392621959
7683,3,-1.0004639279152827
7693,3,-1.0074520053160347
7694,3,-1.008554801517333
7704,3,-1.0104500919554462
7706,3,-1.0060265354434317
7710,3,-1.0043437105907884
7728,3,-1.0053724581639858
7736,3,-0.9808133864862189
7740,3,-0.9997566618154391
7742,3,-1.0092774376666727
7745,3,-1.0008243276286506
7770,3,-1.000186485214256
7773,3,-1.0048041485706896
7786,3,-1.0066845417968229
7795,3,-1.0107577032886583
7804,3,-1.013392895046879
7811,3,-1.00540998358615
7814,3,-1.0095590044862295
7816,3,-1.0000246833249666
7820,3,-1.0115073646412784
7826,3,-1.0047433711742153
7830,3,-1.014666065005029
7835,3,-1.0046724166265992
7836,3,-1.0073310037543979
7842,3,-1.0144384577922267
7843,3,-1.0032771850063296
7845,3,-1.0111830652107305
7864,3,-1.0044033306852165
7870,3,-1.0074557563339237
7873,3,-1.0145259271376639
7883,3,-1.0222822756822287
7887,3,-1.0042800498893414
7888,3,-1.0238175798257128
7894,3,-1.0113064742670508
7897,3,-1.0032453890119886
7900,3,-1.012211125084861
7901,3,-1.0092265838264987
7904,3,-1.005676618836849
7910,3,-1.0036863666625881
7916,3,-1.0059363819454579
7920,3,-1.0102933557892817
7925,3,-1.0112089906758293
7931,3,-1.0031907507381193
7962,3,-1.0049234607148476
7964,3,-0.9971762925803171
7966,3,-1.0096089093855707
7979,3,-1.0110600495273896
7980,3,-1.0038740202615692
7986,3,-1.0171612420427223
8008,3,-0.9906317000978545
8010,3,-1.005951966089651
8019,3,-1.0114359618465634
8023,3,-1.017095264855383
8025,3,-1.0032147392782267
8033,3,-0.997271735045357
8036,3,-0.9964343881479406
8052,3,-1.0045741894406461
8053,3,-1.0060369178074855
8068,3,-1.013668047956633
8072,3,-1.0059011227164592
8079,3,-1.0030873784495609
8080,3,-1.0110620327267887
8085,3,-1.0103413073678669
8100,3,-1.0034740167238556
8107,3,-1.0044619290096335
8110,3,-0.9908813030691095
8117,3,-1.0027489100282503
8124,3,-0.9822437087344913
8125,3,-1.0083764067549397
8128,3,-1.0044524553923444
8132,3,-1.016615926802714
8137,3,-1.0044068521542777
8138,3,-1.0039675323483959
8139,3,-1.0072139673601095
8167,3,-1.013915520796388
8170,3,-1.0074437083222634
8172,3,-1.0069044232649087
8176,3,-1.0132864409066877
8182,3,-1.0020191617988095
8184,3,-1.0065012500768236
8196,3,-1.004297548632334
8197,3,-1.0018623922607124
8206,3,-1.0060378708637898
8208,3,-1.0112257996140697
8211,3,-1.0043890346521611
8214,3,-1.0038074147290756
8217,3,-1.0241088093911865
8219,3,-1.0082934048440544
8240,3,-1.0069196042925732
8242,3,-1.0056260396084495
8243,3,-1.0079304672676368
8244,3,-1.0006162884176801
8245,3,-1.0072266827916125
8249,3,-1.0267663470510437
8253,3,-1.0083546016571536
8283,3,-1.006345222444551
8308,3,-1.0027424921195616
8309,3,-1.0051648841002938
8312,3,-1.0059220773594657
8313,3,-1.0232311310107205
8314,3,-0.994537479107731
8321,3,-1.009254936008652
8326,3,-0.996159050208353
8327,3,-1.0130916928385394
8341,3,-1.0092986077497441
8355,3,-1.028783810604462
8377,3,-1.007551307685113
8381,3,-1.009513450326454
8384,3,-1.00925270876418
8386,3,-1.012404829814781
8394,3,-1.001437371018654
8399,3,-1.005768395865302
8404,3,-1.007303018974755
8405,3,-1.0161703132234858
8406,3,-1.0040670949119233
8407,3,-1.0065906451677984
8411,3,-1.0124648327640653
8412,3,-1.016732307599248
8415,3,-1.0024739439035943
8425,3,-1.0109998035335808
8427,3,-1.0040306443021658
8441,3,-1.0051079449294638
8442,3,-1.0074589073888967
8452,3,-1.0137107573637976
8453,3,-1.012418834218102
8466,3,-1.0248675315493045
8470,3,-1.008789677898625
8471,3,-1.0156473955284318
8482,3,-1.0192384767650398
8489,3,-0.9856436274162252
8494,3,-1.0060869028627752
8498,3,-1.0067188786672332
8501,3,-1.020799734990513
8504,3,-1.0239758580803981
8514,3,-0.9951898451861777
8526,3,-1.0051165966271765
8536,3,-1.0063289814222043
8541,3,-1.0057186136540788
8544,3,-0.9962847764605322
8545,3,-0.9858674010781275
8549,3,-1.0051714357871178
8566,3,-1.0026190794601302
8575,3,-1.0077851095776302
8576,3,-1.0043394845633353
8592,3,-1.0030572716987076
8601,3,-1.0071715533044097
8602,3,-0.9975901186343874
8609,3,-0.9865114132771151
8617,3,-1.0057780047357883
8626,3,-1.0056059284673748
8628,3,-1.0043698086617787
8633,3,-1.0011835797495876
8639,3,-1.0094973416675241
8640,3,-1.0129011660197367
8661,3,-1.0183608857978226
8667,3,-1.0060257571895639
8669,3,-1.0054621810254905
8670,3,-1.0037341499797656
8672,3,-1.0134664295257914
8686,3,-1.0103580516708062
8687,3,-1.0105218463146712
8704,3,-1.0007812994167784
8711,3,-1.0127589616348396
8717,3,-1.0073571591303592
8719,3,-1.0125915003228334
8726,3,-1.0093180514040805
8737,3,-1.0040422666873232
8740,3,-0.9990822066614575
8742,3,-1.0027985219463638
8755,3,-1.0187784729389153
8765,3,-1.0304832229498415
8767,3,-1.0032946340286126
8769,3,-1.002793471435624
8775,3,-1.010570432392069
8784,3,-1.0082154198571713
8791,3,-1.0084948039671071
8795,3,-1.01090653930512
8801,3,-1.001102956625052
8810,3,-1.0098558497357606
8812,3,-1.0093677136954478
8829,3,-1.0100051082307981
8831,3,-1.0052832112462813
8834,3,-1.021185293846525
8837,3,-1.0107044563779934
8839,3,-0.9939911988028483
8842,3,-1.0202066555666225
8848,3,-1.0066123538631353
8850,3,-1.0043773892966743
8851,3,-1.0110891236579052
8854,3,-1.0036135265949737
8863,3,-1.003524813772977
8878,3,-1.005397916771652
8880,3,-1.0159843572999478
8881,3,-1.0566521233914878
8882,3,-1.012728307139412
8889,3,-1.007495848597547
8900,3,-1.0041462112035133
8901,3,-1.000017741472293
8903,3,-1.0067072204678755
8907,3,-1.010896518578619
8911,3,-1.024398247146003
8918,3,-1.007957899505949
8927,3,-1.0029868869168066
8934,3,-1.0049933246819704
8938,3,-1.0052977817743327
8940,3,-1.0078118500727506
8945,3,-1.0162721986863785
8950,3,-1.0084420436998032
8981,3,-1.0202504319759835
8989,3,-1.01087973626246
9011,3,-1.0048375974085666
9013,3,-1.0227984759994815
9022,3,-1.0044241718085019
9029,3,-1.013598923805048
9034,3,-1.010517143128281
9042,3,-1.0146995923568536
9052,3,-0.9976085933293082
9057,3,-1.046115350418069
9058,3,-1.0123982417028605
9061,3,-1.0089130152892993
9067,3,-1.005078067329222
9072,3,-1.00096296237879
9078,3,-1.0006892886143273
9079,3,-1.0061375452292713
9083,3,-0.9960768129858418
9087,3,-1.0000646689440305
9089,3,-1.0037066143214861
9108,3,-1.0120801837347906
9114,3,-1.0059990910870324
9117,3,-1.002867884625016
9121,3,-1.0070250165635322
9136,3,-0.9999548893979485
9138,3,-0.996094883731609
9145,3,-1.0042454918096144
9146,3,-1.0076347982973992
9157,3,-1.0092324308584986
9166,3,-1.0007162390156947
9169,3,-1.0233451896192782
9177,3,-1.008590131358926
9181,3,-0.9979968661037928
9182,3,-1.0035496566632023
9195,3,-1.00051889095464
9207,3,-1.013739379383063
9212,3,-0.9991438511746789
9213,3,-1.022796929126407
9214,3,-1.0097409718425108
9221,3,-1.0038900933520951
9222,3,-0.9997444521358616
9224,3,-1.0109688379205617
9226,3,-1.0053842304769258
9234,3,-1.0117481231795409
9248,3,-1.002217411743049
9250,3,-1.0029753754359638
9252,3,-1.0000199578769746
9255,3,-1.0020571622367294
9259,3,-1.0001103837172627
9261,3,-1.0003451347672156
9267,3,-0.9996816866799052
9277,3,-1.0184514273972336
9286,3,-1.0021142914060914
9295,3,-1.0064004575804466
9297,3,-0.9998059991152437
9298,3,-1.0118186134191236
9301,3,-1.0066041776455932
9310,3,-1.010234191489268
9320,3,-1.0340129512886618
9322,3,-1.0001105307258038
9332,3,-1.00006222674657
9335,3,-1.0081503407537278
9336,3,-1.0112418658601414
9345,3,-1.0274742090880455
9350,3,-1.0036308182143783
9365,3,-1.002390247544525
9366,3,-0.9994438673201225
9367,3,-0.9996916322229658
9376,3,-1.0017706572345415
9394,3,-1.0152170367271933
9430,3,-0.9958101267054258
9439,3,-1.003557208337683
9443,3,-1.006791930421349
9448,3,-1.0002295244321147
9458,3,-1.0008370840514946
9459,3,-0.998437725700491
9462,3,-1.0012705719954271
9469,3,-1.0027496153794582
9479,3,-1.0073180199956049
9484,3,-1.0069501530688525
9485,3,-0.9984740916490347
9489,3,-0.9952234684045727
9492,3,-1.0068687071519506
9509,3,-1.0011091060887745
9514,3,-0.999139187256568
9521,3,-1.002710811421869
9536,3,-1.0082603932278915
9550,3,-1.0006178892933058
9554,3,-1.0097920232544282
9557,3,-1.0025306671768806
9569,3,-1.0052554427992906
9577,3,-1.007008038215246
9578,3,-1.0057864755488481
9579,3,-1.0081433703235756
9590,3,-0.9943491217770257
9598,3,-0.9921370986335973
9601,3,-1.0094605964395256
9602,3,-0.9996746316064804
9603,3,-1.0051313165323146
9617,3,-1.0021301150598523
9624,3,-1.0243867571390317
9630,3,-1.0124090267191974
9642,3,-0.9979841456354561
9649,3,-1.0101693993895406
9667,3,-1.005871666749043
9669,3,-1.032031145132511
9670,3,-1.002203628887627
9674,3,-0.9973550513386655
9675,3,-1.0004049159549506
9678,3,-1.008318772067585
9681,3,-1.001916871441483
9694,3,-1.0088135848598359
9695,3,-0.9999993496128785
9700,3,-1.0035030561786817
9707,3,-1.0006182598325857
9714,3,-1.0043029510545303
9715,3,-1.019215281038802
9724,3,-1.0085096796599353
9742,3,-1.0024164315634676
9744,3,-1.012031835325551
9759,3,-1.0445616331862793
9764,3,-0.9934761760911608
9766,3,-1.0027512435222936
9767,3,-1.0132587712872172
9770,3,-1.0061411746377789
9777,3,-1.0205462663386435
9791,3,-1.0049962818356017
9792,3,-0.9983104827129649
9794,3,-1.0007914868520102
9795,3,-1.007976054707012
9804,3,-1.0127484299267502
9805,3,-1.030226116254869
9808,3,-1.0059540268232403
9811,3,-1.0016572832038837
9814,3,-1.0081251753943419
9823,3,-1.0086427410093712
9841,3,-0.9997543848948318
9850,3,-1.0021144644680948
9857,3,-0.9994479313144058
9865,3,-1.0095397158519015
9880,3,-1.0116012504014433
9881,3,-0.9822499848204295
9887,3,-1.0068214916676363
9896,3,-1.013166877417051
9908,3,-1.0154834393506142
9912,3,-1.00539521781719
9914,3,-1.0048786245900556
9918,3,-1.0046522171455625
9919,3,-1.0097286548111295
9926,3,-1.0046329900243913
9934,3,-1.0088710522659323
9943,3,-1.003405566082466
9955,3,-0.9991830178997118
9959,3,-1.0069992285170724
9963,3,-1.0191071247100099
9967,3,-1.0078703937114213
9970,3,-1.005586235778443
9975,3,-1.008225205254786
9978,3,-1.0113480354392221
9983,3,-0.9993771635711739
9989,3,-1.002284239894816
9990,3,-1.01355777552336
9991,3,-0.9906810852821413
10015,3,-1.0054803604709461
10017,3,-1.000832785727391
10029,3,-1.0042291293553738
10033,3,-1.0035004935506489
10037,3,-1.0603309247178534
10045,3,-0.9983304320162389
10047,3,-1.0008240134901125
10049,3,-1.0139224540566063
10069,3,-1.003266992801667
10070,3,-1.0143114919081602
10074,3,-1.006451919874301
10089,3,-1.002750662321889
10096,3,-1.0044783629202618
10099,3,-1.0054945648672298
10102,3,-1.0121958490146512
10140,3,-1.0020311251213534
10147,3,-1.004209916411831
10149,3,-0.9998956694946525
10151,3,-1.0010367864762408
10154,3,-0.9987784656772518
10162,3,-1.0390343542150982
10175,3,-1.0119474186983342
10177,3,-1.001288998933711
10178,3,-1.0080141435583192
10184,3,-0.9974618777441134
10185,3,-0.999796631630872
10187,3,-1.000218607210138
10219,3,-0.9841611990254728
10221,3,-1.0110802177563851
10243,3,-0.995285341911508
10248,3,-1.008410700111369
10250,3,-1.0000580987253447
10251,3,-1.0012707620116807
10259,3,-1.0037903699674042
10262,3,-1.021910834343986
10271,3,-1.0084339215026934
10283,3,-1.0245480432621223
10289,3,-0.9998009337174532
10290,3,-1.0043813304643943
10293,3,-1.002202337080886
10298,3,-1.0023036171687303
10299,3,-1.001698322990896
10311,3,-1.0049338955825866
10315,3,-1.0009421876572613
10317,3,-0.9951451466710024
10319,3,-1.0108768435937696
10328,3,-1.0077377940976588
10371,3,-1.012145143739438
10373,3,-1.0021895207463916
10387,3,-1.004616944763523
10393,3,-1.0027520432432024
10398,3,-1.0012523799519637
10407,3,-1.0078354988509914
10416,3,-1.0023587002691838
10419,3,-1.0120822134125844
10428,3,-1.0081052853100618
10431,3,-0.9848366277044666
10433,3,-1.0350371636391298
10435,3,-0.986641471660087
10442,3,-1.0131767097361892
10443,3,-1.002398579306214
10448,3,-1.002893723060702
10454,3,-1.0082396314587971
10455,3,-1.0490676590628019
10460,3,-1.0041315164523148
10470,3,-0.9851918464942993
10474,3,-1.0035080237781928
10490,3,-1.0002873545067288
10491,3,-1.001174811714694
10495,3,-1.0006130697588045
10516,3,-1.000453642193114
10520,3,-1.0003476144492955
10527,3,-1.0050794685978304
10528,3,-0.9989062140180172
10530,3,-1.0102139352296107
10538,3,-1.0036472870824138
10541,3,-1.0039776599334385
10551,3,-1.002101197387509
10563,3,-1.0016200081562325
10586,3,-1.0128553881340734
10608,3,-1.0004254312750174
10614,3,-0.9969758592801234
10619,3,-1.0013893743581708
10636,3,-1.0129065427415247
10647,3,-1.018041088073623
10659,3,-1.0094453437611577
10672,3,-0.9859537387073161
10675,3,-1.0144713048124085
10679,3,-1.0096023261081852
10688,3,-1.0057090796001869
10704,3,-1.012524127545704
10705,3,-1.008345740132799
10713,3,-1.0089962372035248
10726,3,-1.003365606357292
10727,3,-1.014226962255671
10729,3,-1.0019404515276173
10733,3,-0.9987128198976689
10734,3,-1.000049860835809
10735,3,-1.0112218091496137
10736,3,-1.0046594026186293
10738,3,-0.9907668695642151
10765,3,-1.0108910439269594
10766,3,-1.0215890354217771
10774,3,-1.0167412679152563
10778,3,-1.0097889218949534
10782,3,-1.0084016784311516
10784,3,-0.9920610586387406
10785,3,-0.9999841793463491
10792,3,-0.9870917550268079
10795,3,-1.0211614926464123
10802,3,-0.991740019099785
10810,3,-1.0190937842490473
10812,3,-0.9982199200279811
10815,3,-1.003978268930581
10820,3,-1.0009819358579093
10827,3,-1.0066145115721536
10838,3,-0.9880628952416148
10839,3,-1.0192823534067559
10843,3,-1.0036917926975586
10844,3,-0.9808680832723204
10848,3,-1.004402546078833
10860,3,-0.9992853313195929
10865,3,-1.0066523062449564
10866,3,-1.0085255916201836
10875,3,-0.9986921105901299
10881,3,-1.013669562294897
10883,3,-0.9940748576033869
10892,3,-0.9999026676556526
10905,3,-1.0050560292176107
10906,3,-1.000251688435252
10908,3,-1.0050560292176107
10910,3,-0.9985014303363146
10921,3,-0.9773925434587492
10922,3,-1.001510513770424
10924,3,-0.99973976845279
10931,3,-1.0039150314076233
10941,3,-1.003021351461638
10954,3,-1.007689002761304
10957,3,-1.0065828335622675
10965,3,-0.9995301054028475
10974,3,-1.004095838909227
10978,3,-1.0101995378043107
10981,3,-1.0026724437419101
10982,3,-1.001519186883106
10983,3,-1.0007013992955773
10984,3,-1.0023035947553705
11008,3,-1.0068602012692829
11009,3,-1.0179601239124016
11016,3,-0.9997190982453685
11017,3,-1.0005159514721784
11020,3,-1.0077921999504469
11029,3,-1.0077071081436189
11039,3,-1.007671921530767
11040,3,-1.0043308381373646
11046,3,-0.9997191551040918
11054,3,-1.0071341158436298
11055,3,-1.0143763913531239
11056,3,-1.0073985747206793
11063,3,-1.0014173680104672
11069,3,-1.0107222103534967
11075,3,-0.9874253865772582
11076,3,-1.000167255455675
11082,3,-1.0046393045032918
11093,3,-1.0057852673780292
11094,3,-1.004522087270446
11097,3,-0.9948825526848282
11102,3,-1.011508772744854
11109,3,-0.9983864151460458
11114,3,-0.9997848384303514
11116,3,-1.0075532310933601
11126,3,-1.0119837955611217
11127,3,-1.0056393207651788
11129,3,-1.0141307943676972
11130,3,-0.999987746442978
11137,3,-1.0107660356208246
11141,3,-1.0067746883418935
11151,3,-1.0030480557918793
11153,3,-0.9998207301340083
11163,3,-0.9995435570986582
11165,3,-1.002739700212045
11168,3,-1.0059280548296343
11176,3,-1.0140806333814523
11180,3,-1.0034696171453443
11204,3,-1.017104026981774
11211,3,-1.0075021675275377
11214,3,-1.0044094397573227
11226,3,-0.9982346684959381
11229,3,-1.0171932349955202
11230,3,-1.0001198255093986
11231,3,-1.0005937935023614
11239,3,-1.0034049345610079
11240,3,-1.005827183277788
11245,3,-0.9946695534157386
11247,3,-0.9980688839292863
11256,3,-1.0031442829673907
11270,3,-0.9983444609701883
11310,3,-1.0089923861673191
11324,3,-1.0028598762106187
11331,3,-1.0065630083126758
11336,3,-1.014206732219363
11338,3,-0.9830608876350203
11344,3,-0.996691713798844
11346,3,-1.004380459938497
11348,3,-1.0129496714449149
11351,3,-1.006242279981489
11362,3,-1.0054589222434656
11370,3,-1.004832748835224
11379,3,-0.9994795907830509
11390,3,-1.0055195563666104
11404,3,-1.0034654623325872
11405,3,-1.0042818919828105
11413,3,-1.0085497155108296
11417,3,-1.0079372614840632
11423,3,-1.000118455380985
11429,3,-1.0000847887614648
11434,3,-1.0004539885789199
11435,3,-1.0045117413982443
11436,3,-1.0007255980128624
11439,3,-1.0038103479914615
11446,3,-1.018636217677022
11452,3,-1.0168260086492016
11458,3,-1.0042425026261308
11459,3,-1.0072947731952322
11469,3,-1.0073409034755103
11489,3,-1.0131686702708145
11495,3,-1.0183091354620994
11502,3,-1.0029810809577557
11505,3,-0.9996767325159661
11509,3,-1.004032765696335
11517,3,-1.0023976129675845
11519,3,-0.9950782048946916
11525,3,-1.0098091358289503
11530,3,-1.001000805536375
11533,3,-1.0119041769992112
11540,3,-1.0011669795831408
11556,3,-1.0052399066043358
11576,3,-1.0024659938627263
11595,3,-1.0252418885759496
11601,3,-1.0139496545537559
11607,3,-0.9951125783199808
11612,3,-1.0002443626743525
11614,3,-1.0000227633353904
11630,3,-1.0182978094324246
11636,3,-1.0050651841848395
11637,3,-1.0010097304695977
11656,3,-1.0050021218980014
11665,3,-0.9951613172983735
11670,3,-1.003110582521816
11689,3,-1.01272598774381
11701,3,-1.000141126797983
11704,3,-1.001945752191013
11714,3,-1.0002739232739404
11722,3,-1.000502743097316
11731,3,-1.0272821270750274
11736,3,-0.9979766188353488
11753,3,-1.009129915225761
11766,3,-1.0145678630638693
11768,3,-1.0002443626743525
11769,3,-0.9186671889761073
11772,3,-1.0174247987478107
11773,3,-1.002743788401136
11782,3,-0.988967715954864
11784,3,-1.0063761444714805
11793,3,-0.9932161881346354
11794,3,-1.0240480866283308
11799,3,-1.0018282101237133
11806,3,-1.0060279564545513
11810,3,-1.0079063369378813
11823,3,-1.0014887192787378
11835,3,-1.0069218204468946
11843,3,-1.007044797128707
11845,3,-1.0001872197408033
11848,3,-0.9872613591560161
11872,3,-1.0094975367407757
11879,3,-1.0091984257849962
11886,3,-1.0111945816283874
11888,3,-0.9944407997189164
11889,3,-1.010714156027297
11894,3,-1.0042033175649543
11897,3,-0.9938585586237212
11915,3,-1.0074231957193718
11927,3,-1.0016256498145855
11941,3,-1.002906100632252
11963,3,-0.996695373902879
11972,3,-1.0002547273301519
11983,3,-1.0061523794617795
11986,3,-1.0013521527404707
11989,3,-1.0045615609437015
11999,3,-1.0015530890745847
12002,3,-1.0030449143344202
12019,3,-1.000248345945039
12023,3,-1.0036875983579043
12031,3,-1.0030735701118643
12033,3,-1.0041433574927028
12035,3,-1.0099885452931994
12039,3,-1.012749985269411
12041,3,-1.0014327801635434
12042,3,-1.0058950969158527
12047,3,-1.0005879954679988
12051,3,-1.0040762680308166
12052,3,-1.0020542516137354
12054,3,-1.0101400114402872
12059,3,-1.0086470283185358
12063,3,-1.0063913581586887
12064,3,-1.0058170680548821
12069,3,-1.0017401554173153
12072,3,-1.008321501948923
12085,3,-0.9988134240723888
12086,3,-1.0011884941610472
12089,3,-1.0026083711102054
12090,3,-1.0003360531403855
12103,3,-1.001209750466077
12105,3,-1.0015629308391603
12109,3,-1.0229863449356036
12117,3,-1.0050875188716941
12121,3,-1.0023281378764721
12129,3,-1.0062523472334712
12153,3,-1.0282544734404453
12155,3,-1.008552574617551
12162,3,-1.0113509808243057
12164,3,-1.024296491170233
12166,3,-1.0200974593329162
12173,3,-1.001109821707956
12177,3,-1.0111217109707251
12179,3,-1.014913120949005
12183,3,-1.0206944980649315
12184,3,-1.0210163130077596
12186,3,-1.0111756690253304
12196,3,-1.0283881770804997
12207,3,-1.0089104420390862
12210,3,-1.0047398612361835
12224,3,-1.012629412325523
12228,3,-1.016499611668909
12241,3,-1.0030123013555656
12248,3,-1.0078808737025802
12250,3,-1.0075620469306543
12257,3,-1.0299971018755585
12270,3,-1.029073483518081
12274,3,-1.0112459401371015
12277,3,-1.0292849923957283
12278,3,-1.0004280213405632
12280,3,-1.0118593217049237
12283,3,-1.0114365422583673
12286,3,-1.005647960436931
12296,3,-1.0017653886602644
12303,3,-1.0034999258598962
12313,3,-1.007227957564093
12317,3,-0.9975765657355466
12327,3,-1.0056473324485231
12357,3,-0.9994583129409931
12363,3,-0.9974830265531274
12365,3,-1.0128992416076654
12369,3,-1.00067036416487
12370,3,-0.9970683057694422
12372,3,-1.0034810590897072
12387,3,-1.0011054265372
12397,3,-0.9950007147316341
12398,3,-1.0041430259366093
12399,3,-1.0073894185043246
12404,3,-1.002951187855515
12406,3,-0.999468382516675
12420,3,-0.9957204786537768
12431,3,-1.0031675210092283
12434,3,-1.0019171839442373
12461,3,-1.0056461082770811
12468,3,-0.999364537449268
12470,3,-1.0033898988630714
12480,3,-1.005018173838311
12489,3,-1.0052858556169717
12494,3,-1.011031009007633
12505,3,-1.0022721286042602
12506,3,-1.00401880025104
12508,3,-1.0033421701087983
12513,3,-1.0002664302920128
12519,3,-1.0015858363789172
12526,3,-1.0049465022247666
12536,3,-1.0022921554230102
12537,3,-1.008101080822187
12542,3,-0.9997409336373908
12549,3,-0.9981263738777129
12550,3,-1.0021982206104108
12562,3,-1.002987542147979
12568,3,-1.0010014488788688
12572,3,-1.001909439044939
12573,3,-1.0002093847819542
12581,3,-1.010905059775522
12588,3,-1.0212361091881892
12601,3,-1.000754350711609
12605,3,-1.0095631549433248
12606,3,-1.0189643835396203
12611,3,-1.0086460383256641
12612,3,-1.0077869124177736
12617,3,-1.0008365255799279
12619,3,-1.0023849820116002
12636,3,-0.9931325968282316
12638,3,-0.9993510699177126
12650,3,-1.0004120984334695
12658,3,-1.0024927339773244
12660,3,-0.9988139804639498
12667,3,-1.00259596418277
12673,3,-0.9958230252877566
12681,3,-0.9978862978622325
12685,3,-1.0104538960285416
12691,3,-1.0031746665320354
12699,3,-1.0050084677067912
12701,3,-1.01599877188125
12702,3,-1.0074312203508355
12720,3,-1.014614728444211
12734,3,-1.008967852636751
12738,3,-1.0000883499355315
12748,3,-0.9998596925106342
12752,3,-1.0073582924726292
12758,3,-0.999148049025264
12762,3,-1.0057403318291405
12766,3,-1.0024083139598867
12771,3,-0.9913547385795071
12778,3,-0.9979582549818136
12801,3,-1.0060779866406013
12802,3,-1.0035016363928846
12805,3,-1.0201935131169673
12815,3,-0.9997010481742161
12821,3,-1.0000975764078293
12826,3,-1.0009368842531647
12830,3,-1.000361119911051
12831,3,-1.006164398093705
12834,3,-0.9999344482405366
12843,3,-1.001964760664173
12847,3,-1.0102827009537485
12861,3,-1.0061332712433773
12867,3,-0.9886201335325557
12888,3,-1.0011551845192643
12893,3,-0.9982066070387868
12900,3,-0.9919522020016351
12907,3,-1.0058539306702805
12910,3,-1.0020753619111133
12912,3,-1.0000870467321517
12925,3,-1.003035378950874
12933,3,-0.9916420044874668
12935,3,-0.9914383780333706
12947,3,-1.001067245290143
12957,3,-1.003244328304302
12968,3,-1.0120355435632862
12977,3,-1.0091903249754903
12981,3,-1.0060936755379397
12987,3,-1.0002068474497379
12989,3,-1.0020837441401116
12990,3,-1.0088917921420495
12994,3,-1.0151783008665212
13001,3,-1.0035998349351563
13012,3,-1.0029840389725817
13019,3,-1.0059775993345017
13020,3,-0.9999288291263888
13037,3,-1.0015024565615183
13038,3,-1.0006538379795393
13049,3,-1.0020837441401116
13051,3,-1.0039419925286148
13075,3,-1.0245457639394577
13078,3,-1.0045407636774961
13085,3,-1.0090543536950298
13098,3,-1.000821028329867
13103,3,-1.0090238030463392
13110,3,-1.0039342255720678
13112,3,-1.003644790367293
13115,3,-1.0016399147623094
13118,3,-1.002467678787537
13119,3,-1.0068325687087731
13124,3,-0.9993506470928223
13125,3,-1.0000423606121114
13130,3,-1.0038162787694365
13140,3,-1.0124734885780633
13151,3,-1.012220266956473
13152,3,-1.0113037198416364
13160,3,-1.0034895279858702
13161,3,-1.0062287280758584
13163,3,-1.0091453712229999
13165,3,-1.000466718588305
13173,3,-0.9932226177931257
13176,3,-1.0003052369387795
13180,3,-1.0051399105658319
13188,3,-1.0004270505463615
13194,3,-1.0007716471719152
13196,3,-1.0031411292178938
13210,3,-1.0121142398263605
13212,3,-1.0083387016696799
13218,3,-1.0131198132907886
13219,3,-0.9802731973874161
13221,3,-1.0051230922051566
13222,3,-0.9853277105703686
13229,3,-1.0036706171395617
13231,3,-0.9998651685775671
13247,3,-1.0086568535621754
13248,3,-1.015209893420956
13249,3,-1.0039659258530043
13259,3,-1.0052804285578367
13262,3,-1.0003479128484067
13266,3,-0.9998120575931888
13268,3,-1.0063476851953936
13279,3,-1.0025700100056423
13282,3,-1.0025700100056423
13284,3,-1.0005417609387117
13287,3,-1.0025023237381039
13288,3,-1.004747733955333
13290,3,-1.0009119494517007
13295,3,-1.001296400709141
13299,3,-1.00669560750531
13315,3,-1.000331035754041
13317,3,-1.000390687412493
13327,3,-0.9888530049010132
13333,3,-0.9989181459244523
13334,3,-0.9956791871410751
13370,3,-1.0063660553695366
13371,3,-1.0075221267736525
13382,3,-1.0226709615104848
13383,3,-1.0017652417701695
13388,3,-0.9919687369581438
13389,3,-1.0003659829061946
13390,3,-1.0113268411004528
13410,3,-1.0118188977164575
13411,3,-0.9912690827315871
13413,3,-0.9934170771648195
13418,3,-1.0083092560192897
13424,3,-0.9987306475384441
13428,3,-1.016752578845096
13440,3,-1.001043679303065
13446,3,-1.028277417220255
13448,3,-1.0390581186161851
13450,3,-0.9948901695261647
13452,3,-0.9959335042088573
13455,3,-0.9982973200922101
13469,3,-0.9994267967163308
13475,3,-1.0026501448067862
13476,3,-1.0019292040732313
13478,3,-1.0026501448067862
13480,3,-1.0026991751859087
13485,3,-1.0032051671611355
13490,3,-0.9993876773576094
13495,3,-0.998911101895058
13512,3,-1.0000460308819816
13520,3,-1.002123576062197
13522,3,-1.003554405658843
13524,3,-1.0046242865163206
13531,3,-1.0032983956901473
13536,3,-1.00808358208868
13539,3,-1.0017648929869565
13544,3,-1.0049236096857501
13566,3,-1.022132518642169
13567,3,-0.9999719326051548
13575,3,-1.0268347660227715
13580,3,-1.0018695616025237
13582,3,-0.9993829031740697
13583,3,-0.9995804302382598
13599,3,-1.0034280155026996
13615,3,-1.0106210740127648
13636,3,-1.0088124527141058
13639,3,-1.001690514317246
13647,3,-1.0182031960065179
13652,3,-1.001160161659094
13657,3,-1.0044499120953194
13661,3,-1.0017870168167642
13675,3,-1.0026981171321534
13676,3,-1.000893391479844
13681,3,-0.9994576160071906
13700,3,-1.0007013469717676
13704,3,-1.0005853933498792
13705,3,-0.9999060596919056
13713,3,-0.984128568630452
13726,3,-0.9989255577265713
13729,3,-1.020625017001207
13735,3,-1.0010417281128356
13738,3,-1.0005526332490633
13748,3,-1.0011671096897587
13759,3,-1.0035918103058217
13763,3,-1.007084379934433
13770,3,-0.9910329822879772
13777,3,-1.001283973202486
13778,3,-1.0017983014676353
13779,3,-0.9988651657691878
13780,3,-1.0127165478243172
13791,3,-1.0024838903534414
13797,3,-1.0007343760616392
13803,3,-1.0120416092413567
13831,3,-1.0000111738996584
13842,3,-1.0006882411341564
13844,3,-1.0010838237287976
13852,3,-1.0057080776911622
13861,3,-1.00116109319618
13866,3,-1.0005624738606689
13872,3,-1.0044550177560083
13875,3,-1.0005374636043953
13876,3,-1.0110756204236537
13882,3,-1.0199537145312423
13887,3,-0.9998193990163242
13889,3,-1.0253334870573494
13891,3,-1.0069248851096992
13894,3,-0.9996504522873197
13897,3,-1.008309789534587
13903,3,-1.0115624474672953
13905,3,-0.9997533532228153
13912,3,-1.0184681762680075
13916,3,-1.000023703532082
13939,3,-1.0165073127141504
13949,3,-0.9998882061965015
13950,3,-0.9937251198622624
13954,3,-1.0065240793243926
13956,3,-1.0358096579566025
13959,3,-1.0032810737971518
13963,3,-1.0049202707673743
13970,3,-1.000119067173459
13973,3,-1.006740512689858
13987,3,-1.0058533306894133
13995,3,-1.0221498519826508
13997,3,-1.0101225619992211
14001,3,-0.9999661040615997
14006,3,-0.9964725131042486
14018,3,-1.004300487468533
14020,3,-1.0097348899086365
14021,3,-1.0002680696327118
14023,3,-1.018770018079794
14029,3,-1.004300487468533
14034,3,-0.9981075695125763
14042,3,-0.9929895959871595
14057,3,-1.0071999351280805
14061,3,-1.0032292554221205
14063,3,-1.0002108614670688
14064,3,-1.0032423626629825
14073,3,-1.0004519531177116
14079,3,-0.99931666467642
14084,3,-1.0087303864033286
14091,3,-1.0006566772359715
14092,3,-1.0058864035825505
14102,3,-1.0044045653671632
14103,3,-1.0017893113615757
14109,3,-0.9990397373026154
14113,3,-1.004901201055235
14128,3,-1.000928639839266
14131,3,-1.0033311141632832
14141,3,-0.9964541419535442
14143,3,-1.0069884703545229
14145,3,-1.0059784545612225
14150,3,-1.0041855841449085
14152,3,-1.0060264376049717
14158,3,-1.0088978428776794
14175,3,-1.0014746869302573
14181,3,-0.9979459013432512
14182,3,-1.0012190069112479
14189,3,-1.000153923096402
14190,3,-1.0008758009875904
14192,3,-0.9999582450254898
14195,3,-1.0011611081613694
14197,3,-1.000839903795546
14199,3,-0.9997790661424995
14205,3,-1.0008758009875904
14226,3,-1.0041594084548087
14237,3,-1.0033951925161961
14238,3,-1.0035419151949743
14241,3,-1.0231578111093524
14243,3,-1.0050420831143176
14257,3,-1.0009077772755335
14265,3,-0.9991525281488216
14275,3,-1.011784136143954
14276,3,-1.0084859064837932
14281,3,-1.0089111411908587
14299,3,-1.0005286746343305
14300,3,-0.9970253401950614
14302,3,-1.0031560270193478
14305,3,-0.9993020382363327
14325,3,-0.9994099481292067
14337,3,-1.009096692949877
14339,3,-1.0011583560597854
14340,3,-0.9996388456718971
14351,3,-0.9870560658776428
14354,3,-1.0022136400844288
14355,3,-1.0075421439046273
14357,3,-1.0071650538247137
14363,3,-1.0079854795043
14364,3,-1.0052025490420193
14370,3,-0.9999284720680225
14375,3,-1.0044910663047966
14379,3,-0.9997788930726008
14382,3,-1.0129856640917774
14387,3,-1.0025613066549437
14395,3,-0.9993820378225109
14403,3,-1.004209723345268
14405,3,-1.0038307388649648
14410,3,-1.0044320970195306
14414,3,-1.0335240325451205
14419,3,-1.015939501140911
14423,3,-1.0016570619554508
14425,3,-1.0029123075269222
14432,3,-0.9975481773490895
14433,3,-1.0054875426554666
14445,3,-1.0029021931638953
14455,3,-0.9980130736095212
14465,3,-1.0012167653722719
14479,3,-1.0294135992742
14487,3,-1.005683065031405
14492,3,-1.0077989344664138
14493,3,-1.0067988132481398
14494,3,-1.0043071130869605
14495,3,-1.0060565042879626
14496,3,-1.0084254225164493
14513,3,-0.9943625244225924
14515,3,-1.02784642524837
14517,3,-1.0074468386528987
14543,3,-1.0002192020126028
14550,3,-1.0080458256004885
14552,3,-1.0027555030453827
14566,3,-0.9995947535224001
14591,3,-0.9871058738826861
14596,3,-0.9998101198384113
14597,3,-1.013096124408682
14605,3,-1.0012469515654818
14633,3,-1.0064875441732628
14646,3,-1.00937855816698
14675,3,-1.0176643054668455
14681,3,-1.0014110400055425
14693,3,-1.0138194152031663
14697,3,-1.003686622347027
14720,3,-1.0019685813902877
14727,3,-1.00114101132926
14728,3,-1.0076215541581548
14730,3,-1.0180917097846636
14741,3,-1.0001736820299536
14744,3,-1.004411411717323
14750,3,-1.0073249641810276
14753,3,-1.0074472821401483
14758,3,-0.9998669439669082
14761,3,-0.9979424925881532
14764,3,-0.9979424925881532
14768,3,-1.000431182091426
14770,3,-1.0051161128350774
14778,3,-1.0029359489508292
14788,3,-1.0017120639315527
14789,3,-1.0042628552592954
14796,3,-1.0096183137092427
14797,3,-1.0064715653789214
14824,3,-1.0032146126026074
14832,3,-0.9994470651744146
14836,3,-1.0016929055982446
14849,3,-0.9980504270666811
14865,3,-1.0011941664191957
14868,3,-1.0148651254817196
14871,3,-0.9992553772850283
14881,3,-0.9999605214242333
14888,3,-1.001884764565734
14892,3,-1.0056191255657394
14894,3,-1.004709623715193
14897,3,-0.9991570941589838
14914,3,-0.9954638579168337
14918,3,-1.0008037117243997
14920,3,-0.9988063908725093
14940,3,-0.998240272950008
14943,3,-1.0023341375118444
14947,3,-1.0088396079944317
14965,3,-1.0057422616783271
14977,3,-1.0233260379044482
14992,3,-1.0275615822816317
15005,3,-1.0027635593219868
15007,3,-1.005526006100176
15016,3,-1.0063387657259886
15023,3,-1.000860395372059
15030,3,-1.000481686116542
15031,3,-0.9987276672006637
15040,3,-1.0006962751945303
15048,3,-1.0312045383186679
15053,3,-1.0193056676437524
15060,3,-1.0077365142931212
15068,3,-1.0077365142931212
15069,3,-1.0040156157801796
15072,3,-1.0003819072216555
15073,3,-1.0003819072216555
15075,3,-1.001882657570941
15078,3,-1.0038571160369636
15084,3,-1.0145801836975519
15086,3,-1.0075730426957985
15091,3,-1.0145801836975519
15094,3,-1.0076797461822051
15096,3,-1.0076797461822051
15097,3,-1.002031742191582
15099,3,-1.0011846481587616
15101,3,-1.0076797461822051
15102,3,-1.002400190006953
15103,3,-1.0138907507867434
15109,3,-1.0000216527782864
15111,3,-0.9992149055719726
15115,3,-1.0102565975421611
15118,3,-1.0083943277798224
15122,3,-0.9998687117779453
15124,3,-1.0068312076704604
15128,3,-1.007041035868697
15142,3,-1.000432285488362
15145,3,-1.0016916336165016
15153,3,-1.002734841736582
15155,3,-1.0001725447966203
15157,3,-1.0003694611508038
15162,3,-1.000527118317978
15171,3,-1.005636001752123
15177,3,-1.0273309820918013
15183,3,-0.9935337486384537
15193,3,-1.014602429410845
15196,3,-0.9950729644969691
15203,3,-1.0015732606522398
15207,3,-1.0105463004068074
15212,3,-1.0001347559537237
15235,3,-1.0078986595212536
15237,3,-1.0038081068888036
15241,3,-0.9945118296600569
15243,3,-1.0175866747174647
15256,3,-1.0072852384848423
15261,3,-1.0365404827225229
15264,3,-0.998804666257715
15271,3,-1.0029664810392995
15283,3,-1.000843292472283
15291,3,-1.00391206342384
15323,3,-1.0132827683157193
15332,3,-1.0081367321519652
15341,3,-1.0048864753215874
15348,3,-1.0011216494404251
15351,3,-0.9997543785473397
15355,3,-1.023088109792743
15358,3,-1.001728252892769
15361,3,-1.0045904786620037
15366,3,-1.004336149380803
15370,3,-1.0043596029144213
15375,3,-1.0056391134735283
15379,3,-0.9997201723994948
15381,3,-0.9964444005195787
15382,3,-1.000042958878164
15386,3,-1.002431606943041
15387,3,-1.0027580624886856
15392,3,-1.0003670862924576
15393,3,-0.9964425506558883
15394,3,-1.000597226801215
15400,3,-1.0007828864115615
15407,3,-1.0038342956270117
15408,3,-0.9999781642434606
15410,3,-0.9999781642434606
15412,3,-0.9993113747130575
15414,3,-1.0008428291294296
15425,3,-1.00346375337062
15427,3,-1.0033905116343202
15428,3,-0.9999183474815307
15437,3,-1.0001328421077946
15438,3,-1.0046689368135364
15443,3,-1.0005023757411924
15448,3,-1.0050468640385497
15456,3,-1.0134266039381337
15459,3,-1.0028131560212443
15472,3,-1.00161520636733
15474,3,-1.0089510354754836
15476,3,-1.0099295017673877
15482,3,-1.0021292419540213
15483,3,-1.0040558245348592
15484,3,-1.0081697835332428
15490,3,-1.0003674727765848
15493,3,-1.001220736291634
15494,3,-1.0029268650984422
15507,3,-1.0049477507100115
15530,3,-1.0050647618277018
15532,3,-0.9929916735450117
15548,3,-0.9895189312003552
15549,3,-0.9971957008824455
15565,3,-1.0151133632055094
15568,3,-1.0008914659972343
15569,3,-1.0050949783094172
15573,3,-1.001389928523455
15581,3,-1.003806083752306
15582,3,-1.0045549562425558
15584,3,-0.9995561475411746
15591,3,-0.9854714883474898
15593,3,-0.9992688125765514
15596,3,-1.0180613670267773
15598,3,-1.0103795869738015
15600,3,-1.004833792776811
15604,3,-1.0031902985984615
15608,3,-1.0101255187083025
15615,3,-1.016757938456634
15622,3,-1.021286151515268
15623,3,-1.0019873993765644
15626,3,-0.9661886549704803
15629,3,-1.0107930058741266
15631,3,-1.0008207084818888
15634,3,-1.021687386609781
15641,3,-1.0015846310204917
15648,3,-1.0028495935879835
15651,3,-1.0094778159461213
15672,3,-1.0027844904368417
15674,3,-0.9999666747745284
15677,3,-1.0085026294030839
15685,3,-1.0046173862306502
15687,3,-1.0032289504059924
15689,3,-1.0033693924924418
15699,3,-1.000308530078038
15700,3,-1.0018150347907402
15704,3,-1.0025895909753104
15717,3,-1.001530699892289
15724,3,-0.9993426241193044
15725,3,-1.009387303266828
15730,3,-1.0050363272940397
15738,3,-1.0134605693409435
15744,3,-1.003826856124678
15747,3,-1.0038998132793764
15763,3,-1.015859222276374
15783,3,-1.0084463300829682
15787,3,-1.0090940555626537
15793,3,-1.0026441584712553
15799,3,-1.0021048260533802
15806,3,-0.9989636536686769
15811,3,-1.0014184387345748
15817,3,-1.0014006625818999
15820,3,-1.0089836706722273
15847,3,-0.9990257524437081
15849,3,-1.02847742564821
15850,3,-1.0023487262991204
15855,3,-1.0118295173804834
15861,3,-1.0102510598933072
15867,3,-1.016117846980881
15873,3,-1.002127548160072
15875,3,-1.001875267865584
15880,3,-1.0033686961260262
15881,3,-1.0030938301587455
15885,3,-1.0064478464956588
15889,3,-1.0012041956201794
15892,3,-1.0033637798497925
15895,3,-1.0014605029279948
15905,3,-1.0088430468615077
15911,3,-1.00443751876776
15921,3,-1.0019873993765644
15922,3,-1.0149399791967277
15925,3,-1.0116083562624945
15929,3,-1.0019896259709862
15960,3,-1.0110370654689724
15962,3,-1.0059935301021616
15971,3,-1.0011132955519197
15973,3,-1.0033618769968835
15980,3,-1.005653381532341
15982,3,-1.0032151462306094
15987,3,-1.0061508975759623
15993,3,-1.0053759355553598
16003,3,-1.0016362031854653
16009,3,-1.0322592442087
16010,3,-1.0101813357079652
16016,3,-1.0003704862556555
16017,3,-1.0057984691745068
16022,3,-1.0013925449327887
16031,3,-1.0023290435517138
16042,3,-1.0035865025823851
16044,3,-1.0215027574384383
16047,3,-1.0215027574384383
16057,3,-1.0057393261296832
16060,3,-1.0030547135645986
16061,3,-1.0034538395087609
16067,3,-0.999941896407704
16090,3,-1.0348873153086295
16091,3,-1.0091891557969366
16101,3,-1.0006202179525334
16106,3,-1.00311726351352
16107,3,-1.0121574589531677
16110,3,-1.0064520397502719
16112,3,-1.009652518788227
16114,3,-1.0048550480440634
16120,3,-1.0113029251570183
16130,3,-1.002894515098868
16136,3,-1.0025176184066682
16147,3,-1.0000869022554575
16150,3,-1.017336674419238
16177,3,-1.0029403575105804
16179,3,-1.0023302287591913
16181,3,-1.0023302287591913
16188,3,-0.9982747484415506
16191,3,-1.0207288532294214
16197,3,-1.009347111713456
16214,3,-1.000026318816324
16218,3,-1.0074639981549351
16233,3,-1.009824702049071
16244,3,-1.0052251177071836
16249,3,-1.0030132181287192
16257,3,-1.00664680246264
16266,3,-0.9964352948606738
16270,3,-1.0039203509405237
16274,3,-1.0112300774925076
16301,3,-0.9928205942423207
16302,3,-0.9974618362655638
16312,3,-1.007684630331465
16316,3,-1.012302566276135
16323,3,-1.0045989122420633
16327,3,-1.0051300235077134
16339,3,-1.0023326436235072
16340,3,-1.0023326436235072
16342,3,-1.0113788898536242
16343,3,-1.0023326436235072
16348,3,-1.0134176810350852
16354,3,-0.996612263953217
16356,3,-1.0044915345199446
16366,3,-1.000017969944166
16368,3,-1.005545914854804
16369,3,-1.0048440501279634
16374,3,-1.0030097587879123
16382,3,-1.0016118679742174
16386,3,-1.0185574680739329
16387,3,-0.9947138396417928
16392,3,-1.001032634881398
16394,3,-0.9998771587590707
16399,3,-0.9938262194742822
16421,3,-0.9995159954735888
16424,3,-1.0021355761688433
16432,3,-1.0004170739122342
16434,3,-1.006676911937952
16439,3,-0.9993245631634576
16444,3,-1.0021796078029965
16447,3,-0.9998125820452641
16450,3,-1.0016297217671764
16460,3,-1.001128243788794
16465,3,-0.9999250223138085
16467,3,-1.018485308634755
16468,3,-0.9922156982832036
16488,3,-0.995807391375475
16489,3,-1.0074644201026144
16494,3,-1.0016018499151134
16508,3,-1.0016635284775193
16522,3,-1.0058609881527198
16523,3,-1.004629801187432
16524,3,-1.0010107324295296
16528,3,-1.0146228933905252
16530,3,-1.005393055398198
16538,3,-1.0190267572655582
16539,3,-0.9822769146542032
16549,3,-0.9951499001673514
16550,3,-1.000622806595954
16551,3,-1.0110857485857483
16565,3,-1.0025080195322824
16570,3,-1.0072133550207503
16585,3,-1.0135124050926902
16598,3,-1.0037820177432613
16605,3,-1.0111594061578675
16608,3,-1.00075350687354
16624,3,-1.0034718887865874
16642,3,-1.0097270814872683
16646,3,-1.000841323985409
16655,3,-1.0037302900004432
16656,3,-1.0089501174807827
16662,3,-0.9982859266312739
16670,3,-1.0054390559704134
16676,3,-0.9998060207318904
16692,3,-1.0029994573836247
16696,3,-1.0063103525312636
16703,3,-1.0007368990082472
16706,3,-0.9879252502551694
16711,3,-1.0064023468169025
16712,3,-0.9994153437678064
16718,3,-1.004192491656007
16730,3,-0.9977341899927066
16735,3,-1.0071619852860119
16741,3,-1.0077803651394042
16766,3,-1.0051087274018184
16774,3,-1.0056249239017516
16776,3,-1.0041516381838722
16784,3,-1.0186502311826242
16790,3,-1.010829521666829
16802,3,-0.9964291321078638
16818,3,-1.0074623105797706
16820,3,-1.008367241402864
16827,3,-0.9987992206528876
16828,3,-0.9990332022473023
16847,3,-1.0102063840697653
16858,3,-1.0008024238071698
16884,3,-1.002546852480127
16886,3,-0.9968044572635302
16893,3,-1.0025990547628765
16894,3,-1.0021501216948503
16903,3,-1.0047612414247795
16909,3,-1.0033838267476407
16914,3,-1.000744714436913
16915,3,-1.0106603907135712
16917,3,-1.0036536292644487
16921,3,-1.0059249740211313
16924,3,-1.0001230444278546
16926,3,-0.9944905814591923
16938,3,-0.9892386920228682
16941,3,-1.0063444413077434
16958,3,-1.001825682737939
16959,3,-0.9910892950133342
16964,3,-1.0047089306379033
16968,3,-1.0100908482824973
16969,3,-0.9986814186443372
16970,3,-1.0005168556969684
16989,3,-0.999979658705275
16996,3,-0.9819402528342212
17004,3,-0.9992117147075874
17013,3,-1.0024683736268638
17016,3,-1.002779865599199
17019,3,-1.0298593050722555
17026,3,-1.0573020972179945
17027,3,-0.9980717232964735
17032,3,-0.9781732458139156
17040,3,-0.9947305377154283
17043,3,-0.9987761183727628
17046,3,-1.000269998081078
17049,3,-1.0066800062805363
17065,3,-1.021619777593652
17080,3,-0.9921108868975166
17084,3,-0.9998768992621381
17087,3,-1.0047378877926638
17090,3,-1.02054624612944
17092,3,-1.0047378877926638
17094,3,-0.9999494135182403
17105,3,-1.0016048973711404
17109,3,-1.0022225399915985
17110,3,-0.9978885391626756
17112,3,-1.0012822176522387
17113,3,-1.0011561575404653
17119,3,-1.0018662579239885
17130,3,-0.9976884960337615
17137,3,-0.9999256963830392
17138,3,-1.005081908274158
17152,3,-0.9956361558594617
17153,3,-1.010322033987956
17156,3,-0.998744837361983
17160,3,-1.0049233847398935
17162,3,-1.0011902014986813
17167,3,-0.9927526317964781
17171,3,-1.0090205745567327
17177,3,-1.000745033004847
17183,3,-1.0042838748476033
17196,3,-1.0066539677288244
17201,3,-1.0048981431105986
17203,3,-0.996518851335542
17211,3,-1.017421563993196
17218,3,-1.0134052949353192
17236,3,-1.0015472198398787
17244,3,-1.006899292050522
17246,3,-0.997235312382786
17250,3,-0.9988015332140521
17254,3,-0.9943906323194532
17259,3,-1.0263384282240238
17261,3,-1.0065655961811948
17265,3,-1.0000722066229617
17268,3,-1.0006565906699716
17274,3,-0.999715218399246
17278,3,-1.0075594102588683
17279,3,-1.0051685618681039
17281,3,-1.009778608218847
17290,3,-1.003975817054945
17295,3,-1.010368346409171
17296,3,-1.0032397464355074
17309,3,-1.0002892708669329
17313,3,-1.0008977155236818
17319,3,-1.0137945761924505
17334,3,-1.0049219683393944
17338,3,-1.0013165252209468
17345,3,-1.0013170672547638
17351,3,-1.0032419792351868
17366,3,-1.0077183557325675
17369,3,-1.004282053561901
17374,3,-1.006667465578198
17383,3,-0.9992312998428792
17385,3,-0.9946569491570101
17388,3,-0.9945757979500044
17390,3,-1.0082568161152046
17404,3,-1.0103147226545288
17405,3,-1.0126889660502623
17418,3,-1.0034700402789696
17421,3,-1.0066409243194694
17433,3,-1.0011703965757701
17438,3,-1.0088395085579123
17439,3,-1.000211355741178
17444,3,-0.9997036528974701
17448,3,-0.9991685846111467
17459,3,-1.0189778499094824
17478,3,-0.9982763493338627
17479,3,-1.0033026451015319
17481,3,-1.0064152844056147
17486,3,-1.0085935893057405
17491,3,-1.0007432364920859
17505,3,-0.9943271176949187
17507,3,-0.9999530038441038
17509,3,-1.0030947234431007
17511,3,-1.0059202490862191
17514,3,-1.0017145366305957
17522,3,-1.0021529599689956
17525,3,-1.0030427127408506
17526,3,-1.0017145366305957
17531,3,-1.0027437490495326
17539,3,-1.002904748052117
17541,3,-1.0007778819220623
17546,3,-1.0056725996576164
17550,3,-1.0058771377114066
17553,3,-1.0251743276787864
17559,3,-1.0056202767776925
17560,3,-1.0094262681851407
17567,3,-0.9999542909285382
17588,3,-1.0058525401565095
17589,3,-1.0218292473479806
17592,3,-1.0118214464045137
17603,3,-1.000723784654638
17606,3,-1.006891918942574
17609,3,-1.0107384200940943
17616,3,-1.0204488857026648
17632,3,-1.0401378791245186
17634,3,-1.0012283480130113
17636,3,-1.0015918984416263
17637,3,-1.0050805478266043
17652,3,-1.018253015883635
17654,3,-1.0020764502799535
17663,3,-1.0056830634242853
17682,3,-1.0107193960998972
17696,3,-1.0213255818447
17698,3,-1.0037870687925035
17705,3,-1.0106435519338546
17709,3,-1.0513671689281172
17721,3,-1.0070011467517408
17730,3,-1.0048724251755654
17732,3,-1.0021686196988355
17735,3,-1.0102269753353
17736,3,-0.9991760518389976
17737,3,-1.0315824297009213
17743,3,-1.0028698469481774
17747,3,-1.0084028124406637
17749,3,-1.0079412155855163
17750,3,-1.0031647368266647
17755,3,-1.020174455437488
17780,3,-1.002199355371578
17781,3,-1.0110894060706945
17785,3,-1.003341012106278
17788,3,-0.9970280339526643
17789,3,-1.0161448910725615
17796,3,-1.0031968560879796
17799,3,-0.9960397965644019
17804,3,-1.015275113820103
17830,3,-1.0585159404849351
17835,3,-1.0052854200741508
17841,3,-1.004904086662336
17848,3,-0.9994573400805754
17866,3,-1.0512609642349187
17880,3,-1.0094257452269504
17887,3,-1.0058962530597024
17908,3,-1.0006274654280585
17916,3,-1.0077397636230145
17917,3,-1.004900645261175
17924,3,-1.001264477752715
17930,3,-1.006945218821643
17931,3,-1.0106726911990584
17932,3,-1.0183061067499026
17935,3,-1.0019235191891345
17936,3,-1.0150872597451719
17940,3,-1.0135004758264359
17950,3,-1.0147116107929488
17951,3,-1.0187747971696488
17956,3,-1.0046860848715986
17964,3,-1.0034094457478462
17968,3,-1.0028497880317664
17979,3,-0.999727322887175
17994,3,-0.9854797436255749
18001,3,-0.9937770847106524
18012,3,-1.0302496816728643
18020,3,-1.0080830667318685
18021,3,-1.0037661107106441
18022,3,-1.0059607548215879
18023,3,-0.9994217786586188
18032,3,-1.0066502480488124
18034,3,-1.0009399533408827
18036,3,-1.00342329669441
18046,3,-1.0016969058506933
18052,3,-1.0017974467836002
18053,3,-1.015255429889151
18061,3,-1.0061062331698392
18062,3,-1.0204468871472334
18064,3,-0.9993381511823989
18079,3,-1.000530589001173
18091,3,-1.0105141434519893
18094,3,-1.0338139313391173
18097,3,-1.000364114652917
18117,3,-1.0017095934810594
18122,3,-0.9983953218364692
18128,3,-0.9997655408781382
18129,3,-1.0007488613844353
18135,3,-1.0070433784309705
18139,3,-1.0035010759231517
18145,3,-1.026065648993711
18146,3,-1.0041528998426679
18167,3,-1.0101428801069625
18170,3,-1.0012246904098991
18171,3,-1.0205307502435934
18183,3,-1.0107974516616374
18195,3,-1.0065755414668762
18203,3,-1.0207113483110395
18225,3,-1.000470902178261
18241,3,-1.0084237644351661
18242,3,-0.9998834325754544
18249,3,-0.999002521425296
18261,3,-1.0011294210216692
18265,3,-1.0150129507580188
18271,3,-1.0155941574219205
18292,3,-1.0088160458323876
18306,3,-1.0133124823248276
18316,3,-1.0152584945957472
18318,3,-1.0145538605691795
18319,3,-1.0254180446158299
18325,3,-1.0124817115313642
18334,3,-0.9996670400919716
18336,3,-1.002898337790305
18337,3,-1.0044826496892678
18340,3,-1.0036070424131376
18342,3,-1.0101313487120565
18344,3,-1.0058607216223199
18358,3,-0.9971455120179349
18361,3,-1.001136106050017
18362,3,-1.0016922088872842
18365,3,-0.9999945380171098
18377,3,-1.0072532635013287
18391,3,-0.9998414617177498
18402,3,-1.003091787623534
18417,3,-1.000042475828234
18429,3,-1.0040768097181176
18433,3,-1.00697504554328
18442,3,-1.0046533540617637
18445,3,-1.009373365200094
18449,3,-1.0001604854702169
18452,3,-1.000681995379744
18458,3,-1.030603699890586
18466,3,-1.0019413941013473
18477,3,-1.0021677478489812
18488,3,-1.0002974605912793
18490,3,-1.001620019232778
18492,3,-1.00501048996466
18493,3,-1.0019419783810108
18495,3,-1.0045148282070018
18496,3,-1.0081088303425476
18501,3,-0.9950379600066904
18509,3,-1.0247593096371481
18510,3,-1.00501048996466
18531,3,-1.0034656470595098
18536,3,-0.9989497875031461
18539,3,-1.00442706538144
18543,3,-1.0205511539974568
18547,3,-1.000266124630035
18565,3,-1.013952321715064
18567,3,-0.9940335820075632
18582,3,-1.008285201223428
18591,3,-1.0045446340879494
18594,3,-1.0206512434568977
18595,3,-1.0103153710232793
18602,3,-1.0087133027741644
18607,3,-1.0076133085577286
18613,3,-1.0003696895701464
18619,3,-0.9973346395701872
18626,3,-1.0016576364613217
18635,3,-1.0036963569876947
18644,3,-1.000988214244293
18673,3,-1.0017837138041616
18674,3,-0.9770308648097183
18676,3,-1.01089952778194
18678,3,-1.0050277772892513
18681,3,-1.0020851889809699
18690,3,-1.0131298687275712
18692,3,-0.9984468944870131
18701,3,-0.9999675913675954
18704,3,-0.9988663105009236
18722,3,-1.0288431975946812
18724,3,-1.0057735587585384
18728,3,-0.9210898842816978
18738,3,-1.0131189865542236
18742,3,-1.0303417512366848
18751,3,-1.005497408203015
18770,3,-1.0017753053518939
18777,3,-1.0023144715954966
18779,3,-1.0351359004289828
18780,3,-1.000324895848307
18785,3,-1.0002007966850994
18786,3,-1.0251880896664458
18790,3,-1.0452138180411341
18796,3,-1.0126050288538535
18807,3,-1.0097794441857904
18808,3,-1.031591182523487
18812,3,-1.01352403307328
18816,3,-1.01757659527926
18829,3,-1.0086725572591293
18830,3,-0.9978568041420594
18835,3,-1.004202558676801
18838,3,-1.004202558676801
18841,3,-1.0035717001660922
18870,3,-0.9988335592357014
18873,3,-0.9980413788575614
18877,3,-0.9985015270727874
18879,3,-1.0002220456425053
18881,3,-1.0025647731630931
18883,3,-1.0005690799433529
18894,3,-1.0009636256033114
18897,3,-0.9986128392246445
18904,3,-0.999519700189883
18907,3,-1.0006243951817988
18909,3,-1.002995836377748
18910,3,-1.0003016173732155
18912,3,-1.011087223448417
18914,3,-1.0046315103541008
18928,3,-1.0044404227772392
18934,3,-1.0033540407218027
18937,3,-1.003345628064654
18940,3,-1.0003016173732155
18967,3,-1.0075163412574548
18968,3,-1.0115578480019933
18982,3,-0.995573878290849
18984,3,-1.003732412507987
18985,3,-1.0149406430246797
18995,3,-1.0047648921025814
19004,3,-1.005212227231477
19006,3,-1.0083287929293394
19008,3,-1.0089873447033941
19015,3,-0.9999507340066329
19019,3,-0.9995330822025569
19021,3,-1.0054721423036401
19024,3,-1.0051381074036496
19029,3,-1.0003465965505804
19032,3,-1.002822803754413
19035,3,-1.0014472076064689
19038,3,-1.0070321375261653
19062,3,-1.0006050530184671
19066,3,-1.0105214370731603
19073,3,-0.9906340336439045
19074,3,-0.9931280255379837
19083,3,-1.0053705921439395
19087,3,-0.9979161498068043
19088,3,-1.004293177732467
19089,3,-1.0102688571889138
19093,3,-0.997680096920308
19100,3,-1.0054245071587171
19104,3,-1.0034685266367356
19106,3,-0.9997344479704768
19118,3,-1.0046158862356231
19140,3,-1.0055390895068723
19141,3,-0.9996627190996772
19142,3,-1.0037063964634687
19147,3,-1.0089873447033941
19148,3,-1.0089873447033941
19154,3,-0.9996852415626778
19164,3,-1.0077815838129078
19169,3,-1.0000915671735275
19174,3,-1.0015002160030537
19179,3,-1.0142464336973662
19195,3,-1.0095408356326252
19201,3,-1.0016422808631904
19210,3,-1.0008414190629695
19227,3,-1.0007353922873254
19245,3,-1.0023806726344728
19256,3,-1.0000399108996245
19259,3,-1.0028455868088348
19261,3,-1.0034952701711672
19272,3,-1.002492552726483
19273,3,-1.0072859195474182
19275,3,-0.9979456746805331
19285,3,-0.9997755487691851
19290,3,-1.0001705346118883
19291,3,-1.0001705346118883
19293,3,-1.0017408405644161
19294,3,-1.0010239541390216
19301,3,-0.9965040611830083
19302,3,-0.9997634649445822
19304,3,-0.9974071914854343
19309,3,-1.0047290421167223
19315,3,-1.0006045899251617
19335,3,-1.0009908748999075
19336,3,-1.0007841107065634
19341,3,-1.0008178301844604
19361,3,-1.0024254892384912
19372,3,-0.9997442891832444
19374,3,-0.9926645031805681
19376,3,-1.0018152226842258
19383,3,-1.0132661811810035
19385,3,-0.9998097961474239
19386,3,-1.0010741051481844
19388,3,-1.0018590687950442
19395,3,-0.9978489755330079
19424,3,-1.0030084377830302
19430,3,-1.0050518926422318
19437,3,-1.0094629601411567
19444,3,-1.0096616210909073
19446,3,-0.9987143425793165
19452,3,-1.0021543571418243
19470,3,-1.0071420321213935
19471,3,-1.0039737050556266
19473,3,-1.0004512498700087
19474,3,-1.0048512954318305
19487,3,-0.9987109440346649
19496,3,-1.0150731499316938
19500,3,-0.9992643632225664
19511,3,-1.005868041089895
19518,3,-1.016947677163749
19519,3,-1.0014977223038255
19525,3,-1.004140262627282
19527,3,-1.0173769307123433
19534,3,-1.0070328656086724
19536,3,-0.9999996086308107
19541,3,-1.0019437208219328
19544,3,-1.0075142765801695
19547,3,-1.0134484269272046
19548,3,-1.0067424468543145
19557,3,-1.0029106483531112
19558,3,-1.0010017049049404
19559,3,-1.001176294072304
19566,3,-0.9971545134245531
19581,3,-1.0072750374340689
19585,3,-1.001670782255761
19587,3,-1.0046699354136925
19589,3,-0.9985937200557176
19604,3,-1.0014949565832867
19610,3,-1.0173840991469008
19615,3,-1.0044748420287175
19623,3,-1.0019492567738562
19625,3,-1.0039815560060812
19626,3,-1.0060211777251595
19633,3,-1.0009476615149142
19637,3,-1.0005602739054684
19645,3,-0.9983736711626403
19658,3,-1.0123283909965726
19659,3,-1.0052474013808754
19671,3,-1.0025104807808636
19672,3,-1.0034106707302541
19675,3,-1.0109654759700069
19678,3,-1.0049125872579268
19680,3,-1.0013953102189705
19694,3,-1.0022624634595632
19705,3,-1.0035902574168798
19709,3,-1.0076392666929423
19724,3,-1.002453541474542
19733,3,-0.9985811648853342
19736,3,-1.0012553917062204
19737,3,-1.0021555771036375
19744,3,-1.0014823854432153
19748,3,-1.0049202006475
19750,3,-1.000015803813039
19752,3,-1.0101838494461173
19761,3,-1.0029597041339073
19764,3,-1.0198996795781006
19766,3,-1.0019296049442092
19771,3,-1.00352322578486
19772,3,-1.0108415010036997
19775,3,-1.0000566142338367
19776,3,-0.9999848268247243
19778,3,-1.00338770924734
19779,3,-1.000301965712568
19786,3,-1.004447503357064
19788,3,-0.999299989601113
19790,3,-1.002920860729141
19815,3,-1.0033705918062068
19830,3,-1.0019642111677247
19854,3,-1.0010834327386668
19865,3,-1.0030300753172228
19866,3,-1.0027715441785556
19877,3,-1.0061420595668977
19888,3,-0.9999848268247243
19902,3,-1.0060370703168422
19908,3,-0.9994799826260736
19912,3,-1.0024384861563327
19913,3,-0.9996536622917696
19916,3,-1.0054053807580214
19919,3,-1.0001202911232538
19924,3,-1.008493339436487
19930,3,-1.003209284170865
19933,3,-1.0030832514196426
19946,3,-1.0006109357227633
19952,3,-1.0021757401092688
19959,3,-1.0151226731132694
19963,3,-1.0030354714156564
19984,3,-1.0013698435302323
19989,3,-1.0206488709927053
19990,3,-1.004265714767698
19997,3,-1.0032526197571336
19999,3,-1.0080701766393383
20004,3,-1.0012977462468027
20009,3,-1.0008123380099088
20014,3,-1.016358218592912
20018,3,-1.0000658666487225
20019,3,-1.0027170389290414
20037,3,-1.0013426527593707
20044,3,-1.0047334144696871
20045,3,-1.0009705260416084
20050,3,-1.0003095759829699
20059,3,-0.9930418501191427
20066,3,-1.0004380967666413
20072,3,-1.0012868438276756
20081,3,-1.0023927050773422
20082,3,-1.0047391822670964
20089,3,-1.003488311403774
20094,3,-1.0011762866288068
20097,3,-0.9992488582370382
20106,3,-1.0047559538079474
20111,3,-1.000516146788626
20112,3,-1.0012868438276756
20115,3,-1.0002358101795135
20116,3,-1.0029260740982284
20123,3,-1.003735870216452
20124,3,-1.0010550433300447
20127,3,-1.0061035401565444
20131,3,-1.0020481940229247
20133,3,-1.003488311403774
20138,3,-1.0002512921410667
20139,3,-0.9998366014496731
20153,3,-1.003811273446541
20155,3,-1.0021402382088596
20164,3,-0.9998491191306929
20195,3,-1.0001195747314147
20201,3,-0.999807191825255
20206,3,-1.0019002363220435
20208,3,-1.0000017339849525
20219,3,-1.0033572835224813
20227,3,-1.0109970621971818
20233,3,-1.000771832279873
20235,3,-0.9993957615529272
20238,3,-1.000864468555159
20245,3,-1.0016643182871496
20264,3,-1.001414569655096
20271,3,-0.9979270706718968
20289,3,-1.0007081846770018
20290,3,-1.0024862562650632
20293,3,-1.0031061350670012
20295,3,-1.0085408274739458
20302,3,-0.9995420879456767
20310,3,-0.99937261021722
20311,3,-1.0010711600792737
20312,3,-1.003341701656547
20327,3,-1.0011354417638723
20333,3,-1.0019931659056578
20347,3,-1.0097667383838433
20348,3,-1.007768542569599
20352,3,-1.0064128465875213
20356,3,-0.9980076071001085
20358,3,-0.9999665459787461
20360,3,-1.0055330779179243
20362,3,-1.0068792518785803
20372,3,-1.003585612852779
20381,3,-0.9934896257651559
20384,3,-1.0070133107109258
20387,3,-0.9886962190048525
20418,3,-1.0000299898036449
20419,3,-1.0068895189977465
20420,3,-1.0002828891651334
20426,3,-1.0002455144937976
20437,3,-1.0084445177793206
20447,3,-1.0083900708073585
20448,3,-1.0081327629868726
20449,3,-1.0025860520418683
20450,3,-1.0091237351829019
20451,3,-0.9998372074401317
20462,3,-1.0011971883741546
20465,3,-1.0053968097754165
20467,3,-1.003125635305604
20475,3,-1.0027031160156619
20478,3,-1.0000381778161458
20520,3,-1.0009657854755079
20527,3,-1.0142880457105412
20528,3,-0.9999862982831496
20530,3,-1.0053968097754165
20553,3,-1.005611401148255
20559,3,-0.9999832711581558
20570,3,-1.0010757789574778
20583,3,-0.9978363325567042
20592,3,-0.9993607187712491
20607,3,-1.0084662076293958
20610,3,-1.0006554675908994
20617,3,-1.0008192919428307
20620,3,-1.0020201895706924
20632,3,-1.0043604272916145
20636,3,-1.0030598549003402
20637,3,-1.0014536410788528
20641,3,-1.003408513971397
20644,3,-1.0000159160311433
20647,3,-1.0018863198259726
20650,3,-0.9983061270959976
20652,3,-1.0032162767675081
20659,3,-0.9961007349788207
20661,3,-1.0012460766054285
20667,3,-0.9992178840315286
20699,3,-1.0010731027773838
20710,3,-0.9977681172734064
20713,3,-1.0022908481439012
20729,3,-1.003684358504137
20734,3,-1.0024668600993158
20736,3,-0.9998465489654
20745,3,-1.0018299768948498
20761,3,-1.007630596190318
20780,3,-1.0026991480149532
20784,3,-1.003471473403241
20788,3,-1.0004088825481015
20803,3,-0.9984586668088284
20811,3,-1.0027324332857797
20825,3,-1.000262666344367
20827,3,-1.0039056247122262
20836,3,-0.9998200537955922
20839,3,-1.0032025212130598
20844,3,-1.0102262492930987
20851,3,-1.0019018566852895
20858,3,-1.0077189245808298
20871,3,-1.0038822586209015
20875,3,-1.0121403074005835
20877,3,-1.0018919691672314
20884,3,-1.0050870508399887
20893,3,-0.9898145732553185
20895,3,-1.0031740504074202
20912,3,-0.9948032870362931
20917,3,-1.0018919691672314
20919,3,-1.0035905052654468
20920,3,-1.0040966604278225
20926,3,-1.0018919691672314
20930,3,-1.00942726428541
20942,3,-1.004465659957711
20955,3,-1.0014225915624881
20963,3,-1.009165016453077
20966,3,-0.9704380480327586
20975,3,-1.0066030437847147
20980,3,-1.004560546192152
20984,3,-1.0045155321322796
20989,3,-1.0078580329957056
21004,3,-1.005386010906168
21018,3,-1.0370350173393583
21023,3,-0.9996710479223032
21036,3,-1.004569257050195
21039,3,-1.0067953980895679
21041,3,-1.005600128007755
21042,3,-0.9842241053542973
21043,3,-1.0127487771065358
21063,3,-1.0050149812052713
21067,3,-1.0092932544106428
21072,3,-1.0031809334366997
21082,3,-1.0002153475793287
21085,3,-0.9999493588992364
21112,3,-1.0027140367548668
21115,3,-1.0044518758140881
21116,3,-0.9993346833715705
21122,3,-1.0024272321955359
21126,3,-0.9997260824372931
21128,3,-1.0097903944009523
21132,3,-1.0114127523679692
21135,3,-1.0013755628670784
21136,3,-1.0007635598657958
21146,3,-0.9936114651378531
21170,3,-0.9993346833715705
21175,3,-1.0033548781746489
21176,3,-1.0016633987987285
21178,3,-1.0001055513376436
21190,3,-1.005919547779858
21194,3,-1.0019215283087888
21200,3,-1.001629766536079
21202,3,-1.0014525631041282
21211,3,-1.0045108319644043
21216,3,-1.0021783218091622
21224,3,-1.0046932878686705
21225,3,-1.0034444411057564
21227,3,-1.0008417123173055
21237,3,-1.0048843243313272
21248,3,-1.0015070408609645
21252,3,-1.0089671115850924
21255,3,-1.00148189964866
21258,3,-0.9999379103173989
21265,3,-1.0017588060339202
21266,3,-1.0070382981194301
21270,3,-1.007216034164935
21281,3,-1.0209695155733198
21288,3,-1.0030664196895178
21294,3,-1.0020357480635644
21307,3,-1.0051074324838138
21309,3,-1.0012327120982394
21311,3,-0.9982860576567107
21315,3,-1.0007852881058543
21335,3,-1.0052741174040847
21337,3,-1.0087578621309652
21352,3,-1.001433780200105
21354,3,-1.0028200127752007
21358,3,-0.9994273796631181
21362,3,-0.9982389440343087
21366,3,-0.9992404949243592
21370,3,-1.0007239761350373
21390,3,-1.0006945289376747
21400,3,-1.0001705665990026
21411,3,-1.0086148179783792
21415,3,-0.9998581453069777
21424,3,-1.0004949711694457
21428,3,-0.9995022265321987
21429,3,-1.0005615530146703
21436,3,-1.0004804337385254
21438,3,-1.0006745110270463
21447,3,-1.0011559951014593
21451,3,-1.0012788299966018
21457,3,-1.0018404582578166
21459,3,-1.0018363646035298
21460,3,-1.0017026671390934
21463,3,-0.999580258622609
21467,3,-1.0154986076143542
21479,3,-1.0086188284074873
21492,3,-1.0005098392551535
21496,3,-1.003035918329314
21497,3,-1.0030783439150608
21499,3,-0.9973181080046929
21502,3,-1.0006363957253779
21516,3,-0.9884410727375456
21525,3,-1.0018628503424285
21528,3,-1.0006236026744237
21533,3,-1.0101928505461155
21542,3,-1.0070174549870532
21543,3,-1.0031469116611433
21546,3,-1.001205079301721
21547,3,-1.0059089629642997
21568,3,-1.0034465088239215
21569,3,-1.000376927159204
21574,3,-1.0096908128490814
21586,3,-1.0041006313852123
21588,3,-1.0031192857559699
21597,3,-1.0131477764049774
21599,3,-1.002179390808205
21600,3,-0.9972261085523313
21608,3,-1.0092638495986965
21615,3,-1.0046213225788034
21616,3,-1.0050077420958088
21635,3,-1.0087496610441755
21647,3,-1.023189115653393
21648,3,-1.0044581601949045
21650,3,-1.0011707391307416
21655,3,-1.0007124122274318
21681,3,-1.003719475725299
21701,3,-1.0127832385646165
21703,3,-1.0213124021865259
21743,3,-1.007222680090051
21744,3,-1.0060190298810006
21746,3,-1.0019319783420917
21759,3,-1.0067685099286332
21776,3,-1.0007951913150217
21781,3,-0.9997994369234311
21787,3,-1.0041461487942633
21795,3,-1.0018580939903188
21800,3,-0.9968690812483154
21802,3,-1.003476197117702
21804,3,-0.9998517906070636
21805,3,-1.0025031810823182
21812,3,-1.000778115892911
21819,3,-0.999706657513024
21826,3,-1.000324835429609
21829,3,-0.9994102705390877
21831,3,-0.9999006923836566
21845,3,-0.9995671749878373
21849,3,-0.9993500221940066
21858,3,-1.0036429474244877
21863,3,-1.0010647089340572
21865,3,-0.9998130695016054
21866,3,-1.002565977550085
21871,3,-1.0029317374803075
21881,3,-0.999583057372049
21882,3,-1.0019622277701692
21886,3,-1.0000272830978822
21888,3,-1.0005747544970656
21894,3,-1.0043137332946634
21895,3,-1.00016490600637
21904,3,-1.000493043525603
21918,3,-1.0015518224511295
21924,3,-0.9999796424097278
21925,3,-1.0001163755870266
21927,3,-1.00272688981582
21942,3,-1.0060468164820202
21951,3,-1.0006313421057134
21962,3,-0.9998517906070636
21983,3,-0.9995677362012436
21990,3,-1.0014214882888557
21992,3,-1.0005549648258882
21999,3,-0.999280690777814
22003,3,-0.9987967748854492
22013,3,-1.000209923685176
22015,3,-0.9996176048405025
22025,3,-1.0002510011909287
22034,3,-1.0052986332882436
22035,3,-1.00370382364954
22038,3,-0.999398075398876
22041,3,-0.9984414272057902
22042,3,-1.0002191147443502
22045,3,-1.0127242304410597
22048,3,-1.016702098541401
22057,3,-1.0002558688675849
22058,3,-1.0083638966499904
22059,3,-1.0018696770021298
22063,3,-1.002822568746921
22080,3,-0.9997151227063481
22081,3,-1.0099227501754369
22085,3,-1.004314481093918
22087,3,-0.993239189572622
22100,3,-1.0012450857771387
22108,3,-1.0043045749659267
22109,3,-1.0034156060791741
22122,3,-1.0049486988282188
22123,3,-0.9933490018287554
22128,3,-0.9921848507332045
22130,3,-0.9921848507332045
22133,3,-1.0060063877000194
22135,3,-1.0053991804599764
22137,3,-1.0016363881758794
22147,3,-1.002900617781517
22153,3,-1.0030826240641946
22156,3,-1.0031893042881714
22157,3,-1.0013125026945517
22160,3,-1.0042389055504068
22169,3,-1.001894424046244
22172,3,-1.0066684597337971
22185,3,-1.0035339085592052
22196,3,-1.0072192176388772
22233,3,-0.9991082582628298
22240,3,-1.0088866278929938
22252,3,-1.005413488342475
22254,3,-1.0006946342601115
22259,3,-1.0003750416034562
22261,3,-1.004675258756199
22267,3,-0.9938870291781133
22271,3,-1.0030941408939633
22273,3,-1.0056991557596295
22275,3,-1.0121290782071524
22282,3,-1.0028910153374415
22287,3,-0.9995919249075926
22295,3,-1.0018624610528262
22298,3,-1.000209003600935
22306,3,-1.0014316133512118
22316,3,-1.0061201310399455
22320,3,-1.0036252812933408
22323,3,-1.0037809333578225
22341,3,-1.0016796477947
22346,3,-1.004906808535475
22350,3,-0.9990049639216844
22360,3,-1.001999048863512
22363,3,-1.0075794091199048
22364,3,-1.0009112723148577
22370,3,-0.9666310353132558
22374,3,-1.0106805613592649
22376,3,-1.03875539758717
22377,3,-1.0189508993336325
22380,3,-1.0128841831237474
22381,3,-1.0065949587941225
22393,3,-1.00122857443352
22397,3,-1.0014810559270062
22398,3,-1.0119759254909255
22404,3,-1.0119871814959875
22408,3,-1.001729532414254
22417,3,-1.024770666518443
22420,3,-1.000051831696095
22423,3,-1.0011231226871788
22430,3,-1.002733849278372
22437,3,-1.0034244942955595
22450,3,-1.0049001958134487
22451,3,-1.0049001958134487
22454,3,-1.0080537047304632
22456,3,-1.0013563003912929
22466,3,-1.0106962485936681
22468,3,-1.0011343157571606
22470,3,-1.0019980327035551
22476,3,-1.0081528267988586
22484,3,-1.0248711249685019
22486,3,-1.0051909894443536
22496,3,-1.003113565442421
22500,3,-1.0014355061791853
22510,3,-1.004907770023408
22513,3,-1.0244053123536223
22517,3,-1.0020355704230208
22520,3,-1.0062431876693527
22521,3,-1.000051831696095
22523,3,-1.0006461060179221
22539,3,-1.0030715577255638
22540,3,-1.0030715577255638
22542,3,-1.0042379548718865
22547,3,-0.9999695825778186
22550,3,-1.002447686784178
22569,3,-1.0066708259983181
22574,3,-1.011191014517201
22576,3,-1.0247909850089434
22578,3,-1.0042379548718865
22581,3,-1.0000024015665527
22583,3,-1.0030954847149294
22591,3,-1.001835882732172
22598,3,-1.0051694344223248
22599,3,-1.0051694344223248
22600,3,-0.9989234090250031
22618,3,-1.0016366263762535
22620,3,-1.0036563644459828
22628,3,-1.006357388196747
22632,3,-1.0038096305080206
22637,3,-1.0104947858541877
22642,3,-0.9989012920166132
22657,3,-1.005262620426779
22658,3,-0.9998605189109567
22666,3,-1.0002808445688032
22672,3,-1.003229527231683
22680,3,-1.018006396669943
22687,3,-1.0045888795010045
22693,3,-1.0006437384660993
22703,3,-1.0042074546697504
22704,3,-1.0025467547000178
22713,3,-1.0028249203149624
22724,3,-1.010255876805964
22726,3,-1.0000598150935784
22742,3,-0.999975743071318
22753,3,-1.0150688402736794
22767,3,-1.0004215532286054
22771,3,-1.006915182834811
22775,3,-1.0001252933973328
22777,3,-1.0003116247404171
22781,3,-1.0009888553851978
22788,3,-1.001998080520035
22789,3,-1.000530587505366
22790,3,-1.0136278248696622
22793,3,-0.999570479338481
22794,3,-1.0011936574506115
22798,3,-1.008453310618664
22802,3,-1.0035550117812337
22812,3,-1.012040850623766
22815,3,-0.9999179384428638
22816,3,-1.0017297825325655
22821,3,-1.001748559519363
22822,3,-1.0002223823282859
22828,3,-1.0006094476938197
22831,3,-0.9992697818279923
22838,3,-1.000196004270283
22839,3,-1.0092422382102073
22842,3,-1.0023873222237905
22860,3,-1.0000198584281703
22874,3,-1.0006620950989906
22885,3,-1.0005946599585678
22888,3,-0.9999041736691443
22889,3,-1.0025586981383858
22894,3,-1.0074366166957527
22898,3,-1.0016269996432363
22916,3,-0.9997930037335123
22923,3,-0.999871586133985
22927,3,-1.0061086417164464
22932,3,-0.9998098364057918
22934,3,-1.0009599421517077
22937,3,-1.002629773220319
22938,3,-1.001364153515706
22942,3,-0.9997334686296107
22949,3,-1.0026431964058893
22953,3,-0.9985708454596306
22962,3,-1.0015458732569125
22964,3,-1.0029404315327821
22974,3,-1.0078191891299795
22975,3,-1.012433843504933
22977,3,-1.0050122289577874
22997,3,-1.005662941119858
23000,3,-1.0143725455208927
23008,3,-1.0126405486246268
23013,3,-1.000042014006177
23014,3,-1.0052937376853652
23016,3,-1.0040650730632135
23020,3,-1.0093343417507488
23022,3,-1.0127126903941557
23026,3,-1.0022002696034997
23028,3,-0.9996817334604261
23029,3,-1.0029703328848358
23035,3,-1.0108676490387953
23036,3,-1.0076905128981006
23041,3,-1.0264609901231208
23049,3,-1.0004684128653678
23055,3,-0.9992078537344476
23059,3,-1.0023320744943098
23070,3,-0.9998247435757098
23072,3,-1.0058019031811491
23075,3,-1.001113736512862
23087,3,-1.0031629312402537
23089,3,-1.0059334980389951
23095,3,-1.0017552664691391
23096,3,-1.0128760647617079
23108,3,-1.004617005202217
23110,3,-1.0007050406837894
23125,3,-0.9991711386320322
23127,3,-1.0129497522602238
23130,3,-1.006811995107772
23132,3,-0.9991711386320322
23133,3,-1.0044690691891467
23163,3,-1.0024894382060918
23164,3,-1.0067534630729384
23165,3,-1.0042458791839013
23166,3,-1.0027331140154154
23176,3,-1.0002509383201788
23182,3,-1.0085366067271362
23184,3,-1.0021699358897145
23185,3,-0.9676791318509952
23186,3,-1.0106266628766467
23196,3,-0.9996611116807381
23200,3,-0.9993204101194024
23201,3,-0.9988830839254531
23204,3,-1.0143583876886628
23208,3,-1.0059121100021575
23210,3,-1.0027996773648957
23224,3,-0.9806083712298177
23228,3,-0.9807625372314313
23236,3,-0.9991924735763238
23256,3,-1.0095520272683391
23261,3,-1.000084440712617
23271,3,-1.0002070100275402
23281,3,-1.0230053260757443
23289,3,-1.0206909674723128
23293,3,-1.0000805988933403
23296,3,-1.0159001813320585
23301,3,-1.0021077354282126
23305,3,-1.0018640673816963
23306,3,-1.0038684062417673
23316,3,-1.0017658830322758
23322,3,-1.011782840028592
23331,3,-0.9990409175853623
23332,3,-1.0158514262308178
23337,3,-1.00119846371351
23343,3,-1.0061998824675231
23347,3,-1.0096056957743111
23358,3,-1.0023638117737224
23361,3,-0.9999826000405074
23363,3,-1.019741691331471
23369,3,-1.004535983128012
23372,3,-1.0000505623108995
23379,3,-1.007803465700556
23397,3,-1.0142402967669417
23398,3,-0.9990438427611176
23404,3,-1.006203466834745
23406,3,-1.0090609132857777
23412,3,-1.0031762844937042
23413,3,-1.0031679726560523
23414,3,-1.0008939925654368
23418,3,-1.0037493200702938
23420,3,-1.0004571994872105
23421,3,-0.9998545734963384
23428,3,-1.0041240143332308
23430,3,-1.0003602607813535
23432,3,-1.0100923554493273
23433,3,-1.004535983128012
23434,3,-1.0042500866709863
23445,3,-1.0019579060372314
23450,3,-1.0054431604250413
23451,3,-1.000691039187243
23455,3,-0.9861925440893202
23456,3,-1.003840989722494
23480,3,-0.9967780739861828
23486,3,-1.0050881155001405
23494,3,-0.9998499989648588
23497,3,-1.0004903437797001
23513,3,-1.0010407940690398
23520,3,-1.007179817045351
23521,3,-0.9979136055457793
23528,3,-0.9760992491329692
23541,3,-1.0022537924481805
23553,3,-0.9995035609865648
23555,3,-1.0260020610175602
23560,3,-1.0052409781393417
23565,3,-1.0070598741424894
23569,3,-1.0027033137215144
23581,3,-1.003662358315221
23585,3,-1.0011670235361088
23586,3,-0.9981758048219993
23587,3,-1.0038279897847824
23593,3,-1.0043259381227991
23597,3,-1.000728772874612
23603,3,-0.9989892058855314
23608,3,-1.0051574745598764
23615,3,-1.0126263149567816
23616,3,-1.0227223884238186
23645,3,-0.9820197502951844
23648,3,-0.9974979617998622
23653,3,-0.996029591981447
23655,3,-0.9957973434253534
23658,3,-1.0009378423560036
23661,3,-0.994614033797136
23669,3,-1.0015638192045677
23674,3,-1.002538305021341
23676,3,-1.0058660975922056
23693,3,-1.0082102850998778
23703,3,-1.0014809407710064
23705,3,-0.9941404200759758
23716,3,-1.0031039356755578
23722,3,-1.0043956289674703
23731,3,-1.0116685282420883
23741,3,-1.0029657265497942
23755,3,-1.0030679331668995
23758,3,-1.0123362386604458
23768,3,-1.0025982070158654
23779,3,-1.0048063513402066
23785,3,-1.00375420025974
23789,3,-1.0080721544661324
23803,3,-1.001992717809728
23808,3,-1.0100252939623102
23820,3,-1.0217781919675186
23823,3,-1.0123837970996195
23830,3,-1.0023081740819346
23832,3,-1.003468766712413
23841,3,-1.0046521967798956
23847,3,-1.0079402139592837
23848,3,-1.0071281037204904
23860,3,-1.0051945255037809
23861,3,-1.0036797882446544
23866,3,-1.0036777301681792
23868,3,-1.0001425713506937
23876,3,-1.0028963423994122
23882,3,-1.005570049333874
23887,3,-1.0072229836784943
23888,3,-1.0061992787313565
23893,3,-1.0095927011056256
23895,3,-1.0026370521318908
23909,3,-1.0158552711542619
23932,3,-1.0015400696799146
23936,3,-0.9974189040802113
23946,3,-1.0003535989922545
23967,3,-1.0078861705921898
23970,3,-1.0170513056874226
23975,3,-1.009177816199115
23976,3,-1.0043858128681182
23981,3,-0.9994342765751351
24005,3,0.4559443105778742
24007,3,0.6111917734557151
24010,3,0.12689090119645197
24013,3,0.15502263512347392
24028,3,0.3868984807855256
24032,3,0.4181615464701782
24041,3,0.36622013220599636
24065,3,-0.9717876620140745
24072,3,-0.9422007239917656
24079,3,-0.9598885002849247
24092,3,-0.99451621870795
24098,3,-0.989366152574962
24101,3,-0.9794083509303498
24102,3,-1.024584574732946
24103,3,-1.0171877578241992
24108,3,-1.0299032260106489
24111,3,-1.0103824451865169
24112,3,-1.0176964924987977
24114,3,-0.9516143920888482
24121,3,-0.983837690189272
24123,3,-0.9474738664969424
24128,3,-1.0064082842964146
24132,3,-1.0157411653951414
24141,3,-1.002074699039897
24147,3,-0.9838210711069445
24152,3,-1.0350377131766058
24172,3,-1.0024839574533855
24185,3,-1.0170449153102172
24191,3,-1.022157686052049
24192,3,-0.9881752455268819
24198,3,-1.0238687718569826
24202,3,-1.0035415692499572
24212,3,-1.00927610567577
24223,3,-1.0058917667013387
24233,3,-1.0215944766736649
24240,3,-1.0015244940668744
24246,3,-1.0033576686786394
24248,3,-1.0045823841145602
24261,3,-1.0248240541981635
24276,3,-1.0017931706466212
24278,3,-1.011269294387468
24281,3,-1.0143622958621514
24286,3,-1.0178187241317873
24292,3,-1.0045762378942877
24293,3,-1.0023836138281923
24295,3,-1.0100110720820237
24327,3,-1.0059953359300655
24335,3,-0.9974021973296955
24349,3,-1.005975859882588
24352,3,-1.0050237351690823
24360,3,-1.0136678873023677
24361,3,-1.0099322064051854
24368,3,-0.9813195010545924
24385,3,-0.9596951769292676
24391,3,-1.0115189695785665
24404,3,-1.005350535647454
24414,3,-1.0106259433901295
24418,3,-1.0033048721875137
24419,3,-1.018079622474984
24439,3,-1.0071810359690392
24444,3,-1.0235273247280745
24454,3,-0.999684021331925
24455,3,-1.0158880178137883
24456,3,-0.999684021331925
24462,3,-1.0166351290982885
24463,3,-1.0228845388312326
24467,3,-1.0298624954927253
24473,3,-1.0090738194379951
24474,3,-1.0210585858209373
24477,3,-1.002153626731888
24480,3,-0.9970938467137385
24489,3,-1.0041759481798114
24493,3,-1.0054233933531647
24495,3,-1.0132807726887574
24497,3,-1.0078668429045592
24501,3,-0.9931563909730118
24503,3,-0.9827377154781478
24504,3,-1.040178424834156
24515,3,-1.013836748340807
24525,3,-1.04232185871984
24527,3,-0.9949691128564854
24546,3,-1.0084505397500252
24551,3,-1.008263818985386
24558,3,-1.0105151999759694
24563,3,-1.0296588183186683
24566,3,-1.005329259423303
24580,3,-1.0259303345446746
24588,3,-1.0176637418132106
24595,3,-1.034818512317781
24604,3,-0.9952261337144185
24607,3,-1.0143317042712303
24609,3,-1.0246423660950297
24616,3,-1.012081506564741
24622,3,-1.0073255260287528
24623,3,-1.0256303761332726
24629,3,-1.0028729156332463
24632,3,-1.01601697126634
24635,3,-1.0323127772537033
24639,3,-1.0007734075050077
24642,3,-1.0514208844171569
24652,3,-1.0162175931712807
24653,3,-0.9934930269031426
24654,3,-1.0110027515012563
24662,3,-1.0277474565626044
24668,3,-1.004081885077047
24669,3,-0.999566770484195
24672,3,-1.0037250035301926
24675,3,-1.0018996035060739
24678,3,-1.0120964122977987
24684,3,-1.00186587906961
24686,3,-1.0114718910950937
24689,3,-1.0033308109052586
24698,3,-1.0020704614549052
24699,3,-1.032802816538775
24700,3,-0.9924128554997035
24705,3,-1.0217796684212348
24712,3,-1.0195515204440038
24713,3,-1.0149490326957187
24714,3,-0.9989396791677749
24715,3,-1.0254519777824995
24717,3,-1.0546300655525587
24718,3,-0.9986472986470316
24720,3,-1.0445471404393574
24724,3,-1.0030112297162588
24729,3,-1.0105683158550463
24739,3,-1.0033833974054365
24743,3,-0.9999297927752376
24753,3,-1.000626027933888
24780,3,-1.026179450253275
24784,3,-0.990730575653213
24797,3,-1.0003513402463813
24801,3,-1.0154282121347746
24802,3,-0.9971635367322913
24803,3,-1.0052532443909556
24811,3,-1.0006829070645487
24814,3,-1.025530011022373
24815,3,-1.0274062278807312
24821,3,-0.9917809470766648
24829,3,-1.0069069182895871
24839,3,-1.0035773565146513
24842,3,-0.9988673522831943
24853,3,-1.0586495613769447
24865,3,-1.0137664102882784
24876,3,-0.9795120734402477
24877,3,-1.0232130437740696
24880,3,-1.0205102984406693
24895,3,-1.0094249114215281
24899,3,-1.0002035157498856
24909,3,-0.9931224427658444
24914,3,-1.007482874681079
24919,3,-0.9470776881014971
24925,3,-1.0108758596740466
24937,3,-0.9986269196786313
24942,3,-1.0109440392577849
24946,3,-1.0091460363473432
24956,3,-1.0189276084072398
24960,3,-1.0189716492678942
24965,3,-1.0102830275352044
24970,3,-1.0041740570947773
24978,3,-1.0164410734871212
24981,3,-1.004439978128959
24984,3,-0.9996997723851568
24985,3,-1.0227211038109372
25004,3,-1.0039133818845363
25006,3,-1.0014158557860362
25010,3,-1.0246228373813602
25018,3,-1.0169725954441198
25021,3,-1.0063629794434303
25022,3,-0.9992116664960151
25031,3,-0.9929634480094279
25034,3,-1.0008409314038142
25036,3,-1.0105153714732813
25039,3,-1.0059314680856672
25045,3,-1.0089162501759146
25049,3,-0.9929467953604587
25050,3,-1.0123923440973752
25056,3,-1.0207163120637068
25064,3,-1.0142695336931464
25067,3,-1.0017692304741284
25102,3,-1.021415897651663
25108,3,-1.0076977485211978
25120,3,-1.0000276902871437
25122,3,-1.0275325635615848
25124,3,-1.0148011509026773
25133,3,-1.0105714762524036
25142,3,-1.0051785250422625
25150,3,-1.0070671875636994
25156,3,-1.001198244643632
25172,3,-1.012395475739816
25177,3,-1.0227127803453793
25184,3,-1.0016826840000412
25188,3,-0.9951330683484958
25195,3,-1.029974508635117
25198,3,-0.9945284567495246
25203,3,-1.0068395182771512
25205,3,-1.0160174061361336
25209,3,-1.0094780425046983
25224,3,-1.004517278845098
25225,3,-1.004517278845098
25238,3,-1.0112569844921901
25243,3,-0.9769374533716453
25246,3,-1.0244869857918106
25257,3,-1.017868779650875
25266,3,-0.9961974359518688
25267,3,-1.0138356461012203
25288,3,-1.0141555441414796
25295,3,-1.0102848617909288
25302,3,-1.0118434332749815
25303,3,-1.0136819489760822
25315,3,-1.0011667717425399
25317,3,-1.0003929648119883
25318,3,-0.9956497285212867
25326,3,-1.0145487298436653
25327,3,-1.008952338694688
25328,3,-1.0028846964427083
25329,3,-1.020450917849261
25338,3,-1.043484375335852
25344,3,-1.016807083314958
25347,3,-1.0665330959580053
25349,3,-1.0143061710829033
25350,3,-1.0109361560237093
25352,3,-1.0305113241529946
25358,3,-1.021581937043701
25360,3,-1.000689379438866
25371,3,-1.0194914667163208
25372,3,-0.9610724636344252
25376,3,-0.9841155720069877
25382,3,-1.0374956724914834
25391,3,-1.0058037386311294
25397,3,-1.0265985238284607
25399,3,-1.0096082851950066
25400,3,-0.9985665564864747
25410,3,-0.994241571333958
25412,3,-1.0089595820502137
25413,3,-1.004403274790243
25414,3,-1.0133712085475823
25418,3,-0.9962158636981333
25419,3,-1.0077443690769745
25422,3,-0.9964493762659197
25444,3,-0.9993427527088881
25446,3,-1.0131117353861514
25448,3,-1.0006581601774573
25457,3,-1.0026854733846875
25459,3,-0.9946849291730715
25467,3,-1.0091644389657055
25468,3,-1.0273777563386237
25469,3,-1.0084684819972303
25476,3,-1.0091644389657055
25481,3,-0.991795470399405
25483,3,-1.0003255256424195
25484,3,-1.0059564366915477
25489,3,-0.9998809562109775
25516,3,-0.9997858655857224
25526,3,-1.0155141223344257
25528,3,-1.0016946942407705
25530,3,-1.0100797520920786
25532,3,-1.0138179754232244
25539,3,-1.0053308525841866
25541,3,-1.0127289702635056
25542,3,-1.0069771606949853
25546,3,-1.0253805215349412
25552,3,-1.008320757550312
25557,3,-1.0016946942407705
25560,3,-1.015084952805556
25563,3,-1.004693868358075
25565,3,-1.0033486589232075
25578,3,-1.0080870062001108
25586,3,-1.000452050433948
25598,3,-1.0077245721313646
25604,3,-1.0141981822292343
25611,3,-1.0209948037430465
25624,3,-0.9999984206811381
25626,3,-1.029369630608829
25633,3,-1.0190805872433146
25643,3,-1.0006649722682481
25645,3,-1.0101588955775362
25649,3,-1.007653422221669
25656,3,-0.9999083232205368
25665,3,-1.0063972210156709
25666,3,-1.0033015858667027
25675,3,-1.000391934151243
25682,3,-1.0166497450231167
25691,3,-0.9999650846437244
25697,3,-1.0118215577582668
25701,3,-1.013155796982124
25704,3,-1.0025841737492978
25709,3,-1.0083081651782133
25716,3,-1.0114504411981942
25726,3,-0.9924868178383791
25738,3,-1.0030693240135673
25749,3,-0.9963984165249712
25750,3,-1.0496982898931402
25755,3,-0.9836387881568497
25764,3,-1.0262231397237367
25765,3,-1.0008145800616488
25766,3,-0.9912359118335752
25771,3,-1.0541895694794505
25773,3,-1.0032194330623159
25777,3,-1.0052673158748728
25783,3,-1.0379392873258082
25786,3,-0.9944966510796724
25787,3,-1.011398533175619
25792,3,-1.0112987431048448
25799,3,-1.0128470674641192
25800,3,-1.013631843102985
25804,3,-1.010751954525547
25808,3,-1.0129556549467846
25822,3,-1.008956227522296
25824,3,-1.00439059472258
25828,3,-0.9898008106269405
25831,3,-1.0263674003278387
25834,3,-1.0065995948432203
25842,3,-1.0109905845769154
25848,3,-1.0048430141801892
25850,3,-0.9990949613255763
25863,3,-1.010502962844075
25864,3,-1.0063677890046645
25867,3,-1.021583102523374
25869,3,-1.0125589904918098
25870,3,-1.0001754223986592
25878,3,-0.9947981899453247
25885,3,-1.0066824094475249
25898,3,-1.0006344759779937
25911,3,-1.0089145176539773
25913,3,-1.0042740714800633
25915,3,-1.0048752424387772
25929,3,-1.0003752911219514
25931,3,-1.0122284646626536
25943,3,-1.001601192005177
25961,3,-0.9959928863292258
25965,3,-1.010985380031524
25970,3,-1.0038735025097851
25977,3,-0.9870991359189558
25991,3,-1.0327994106736869
25993,3,-1.0205652864215542
25995,3,-0.9821907896464142
26001,3,-0.9972853097817804
26004,3,-1.013827112259206
26027,3,-1.0002930664433012
26030,3,-1.0144970311160135
26032,3,-1.004422816699131
26033,3,-1.0058521158519411
26034,3,-0.9971631246792234
26037,3,-1.02092822408036
26038,3,-1.0050595782687615
26041,3,-1.0001805108663449
26045,3,-1.010642623461607
26051,3,-1.0313540419310616
26053,3,-0.9998696633618118
26063,3,-1.0102803047406457
26066,3,-0.9962504267962808
26072,3,-1.0197873304141059
26083,3,-1.0056688984590423
26093,3,-1.0261262521946195
26102,3,-1.0017613878229816
26113,3,-1.0314614509426456
26114,3,-1.0908409525144398
26149,3,-1.0211908005307133
26157,3,-0.999120503322315
26160,3,-1.015335339232116
26166,3,-1.0069968435881687
26168,3,-1.062072171728123
26171,3,-1.0050042761336582
26172,3,-1.0256805229164283
26174,3,-1.0140595360815419
26182,3,-1.0032924567594927
26184,3,-0.9998339557343774
26185,3,-1.022600936571574
26186,3,-1.0119901361435464
26189,3,-1.0285530193580472
26198,3,-1.0268941190592258
26199,3,-1.01117813662181
26204,3,-1.0059951072560744
26206,3,-1.0203749496367416
26213,3,-1.0044312873066554
26216,3,-1.0097463297429639
26217,3,-1.020516033716465
26222,3,-1.0050706314174562
26226,3,-1.0046050501479429
26228,3,-1.001278948528868
26229,3,-1.002137993677511
26232,3,-1.0101014763912453
26235,3,-1.020859315270782
26250,3,-0.9727583127713834
26251,3,-1.0102640340874294
26252,3,-1.0015872480950259
26254,3,-1.0009669853669714
26257,3,-1.0160632998435255
26267,3,-1.0022118989403739
26276,3,-1.00146111100764
26286,3,-1.0408949543512724
26300,3,-0.9937668502182705
26301,3,-1.0139045910285116
26303,3,-1.0126291500298097
26310,3,-1.0054947467320958
26313,3,-1.0003074049482028
26323,3,-0.9989512910465974
26330,3,-1.00455771602802
26342,3,-1.0042603078249237
26369,3,-1.0023733236839352
26370,3,-1.0432562638873413
26377,3,-0.9985339469761972
26380,3,-0.9985339469761972
26381,3,-1.005584656380408
26389,3,-1.0046866691955163
26406,3,-0.9945883425873236
26412,3,-1.0039437380579863
26417,3,-0.9987973632897078
26418,3,-1.0124261079334784
26421,3,-0.9921533198804982
26432,3,-1.00146111100764
26439,3,-1.0003339796437596
26440,3,-1.00086426177571
26448,3,-1.0137427234520386
26452,3,-0.9948841735262253
26454,3,-1.0143884781895751
26470,3,-1.0073166435474792
26471,3,-1.014028211876042
26474,3,-1.0147035915555174
26475,3,-1.0057353141606358
26487,3,-0.9980025606803881
26495,3,-1.0104081061016599
26499,3,-1.0181528287884785
26511,3,-1.0439758802708823
26520,3,-1.0026797731661494
26533,3,-1.0002576070524751
26547,3,-1.0039270781858978
26549,3,-0.8970234716112736
26550,3,-1.0121606089677642
26556,3,-1.001478158445142
26560,3,-1.0064989580696755
26561,3,-1.001145103446255
26568,3,-1.0196397085842146
26569,3,-1.006734039584272
26576,3,-1.001816998929975
26580,3,-1.002669770718763
26581,3,-1.0169996229520455
26586,3,-1.036247969213583
26602,3,-1.0050127225948644
26606,3,-1.0061422692439792
26620,3,-0.9934656129349784
26621,3,-1.0067066368985707
26625,3,-1.014773846373458
26649,3,-1.0339887104808507
26667,3,-1.0418061249951711
26679,3,-0.9836805465597205
26680,3,-0.9993204236481255
26691,3,-1.0109991892411958
26702,3,-1.0075237149466274
26711,3,-1.0011901378919932
26714,3,-1.0289668376065877
26715,3,-1.004379230729707
26737,3,-1.0018713601300404
26739,3,-1.0139045910285116
26745,3,-1.0025787564840585
26753,3,-0.9887690169902443
26754,3,-1.0071596463811885
26756,3,-1.0247420329329993
26764,3,-0.9952910004894966
26775,3,-1.0378396786415085
26778,3,-0.9984050248313195
26790,3,-1.0152286972677427
26793,3,-1.0055716807195063
26805,3,-1.0119163190884413
26824,3,-0.9977169862327713
26826,3,-1.0058380358892474
26832,3,-1.0089912276973247
26833,3,-1.0291061027498576
26840,3,-1.004010106553133
26845,3,-1.000370396115517
26850,3,-1.000289483839438
26855,3,-1.0072383665375593
26858,3,-1.001011658058837
26872,3,-0.9794772870767432
26880,3,-0.9998013729333423
26881,3,-0.9571900483059235
26885,3,-1.0183397849140423
26889,3,-1.013726081697183
26895,3,-1.0089158355832222
26899,3,-0.9989879830927711
26909,3,-1.006149687101604
26932,3,-1.0051241871321333
26935,3,-1.0005648672375653
26949,3,-0.9948499211657177
26951,3,-1.014135483282441
26973,3,-1.0348336099233588
26982,3,-0.9784116576286384
26985,3,-1.0142269655046334
26987,3,-1.011409477082174
26994,3,-1.0017809619189542
26998,3,-1.0024114707486749
27000,3,-1.0259509563725615
27006,3,-1.0274222807731703
27009,3,-1.007151330130088
27011,3,-1.0079437600801713
27013,3,-1.004319258372068
27024,3,-1.0145124877334943
27025,3,-0.9998493499004744
27027,3,-1.0129816906617246
27030,3,-0.9901963174232198
27037,3,-1.0039791005283505
27041,3,-0.9935469860485201
27045,3,-1.0005942098239333
27052,3,-1.062245269959436
27063,3,-1.039360828361939
27073,3,-1.006629215355927
27095,3,-1.0109769059853577
27097,3,-1.0034061072817715
27098,3,-1.0039859796087778
27103,3,-1.0067822119431091
27126,3,-1.0060239663843822
27130,3,-1.012021832645853
27138,3,-1.012653367942066
27139,3,-1.010313233996878
27142,3,-0.999794797388585
27156,3,-0.9859297738168268
27162,3,-1.0003114352070617
27189,3,-1.0437434174454305
27192,3,-1.0180910050112026
27197,3,-1.013895064686821
27204,3,-1.0218872842356101
27207,3,-0.9940041551770532
27214,3,-1.0345557548739883
27221,3,-1.0233092795557153
27222,3,-1.0215730093173807
27224,3,-1.026229035021867
27237,3,-1.012078672307342
27239,3,-0.9998483307174091
27244,3,-1.0292747864111305
27247,3,-1.0115380389511086
27249,3,-1.0249031020812676
27255,3,-1.0077552376920158
27256,3,-1.0413473685738528
27257,3,-1.0188654551851397
27269,3,-1.01550992548909
27273,3,-0.9856038006870911
27275,3,-1.0128681728534823
27280,3,-1.007977939696163
27287,3,-1.0009549716895756
27294,3,-0.9905573212033905
27300,3,-1.0048374083698828
27308,3,-1.0024480463958034
27310,3,-1.0000570152394834
27312,3,-0.987047526906669
27314,3,-1.0136931096909865
27317,3,-0.9929763286293699
27320,3,-0.99501558772459
27321,3,-1.0149502026509913
27323,3,-1.0220445722317435
27325,3,-0.9783561847585469
27335,3,-1.0093944867093825
27344,3,-1.0014767542795422
27353,3,-0.997553483133311
27356,3,-1.0415526187505844
27367,3,-1.0062473498213929
27378,3,-1.0128692668770631
27399,3,-0.9977740158860295
27410,3,-1.0254965727709033
27412,3,-1.0184947148761807
27414,3,-1.0200570351985565
27418,3,-1.002219317421115
27419,3,-1.0019992493926204
27421,3,-1.0091373992621595
27422,3,-1.0064723877697799
27430,3,-1.0098932945958423
27439,3,-1.0023121714988918
27450,3,-1.0049723100769168
27457,3,-0.9964239053544729
27468,3,-1.001580181067987
27476,3,-0.9977492779423369
27504,3,-0.9830494823802189
27517,3,-1.0064470004669603
27528,3,-0.9992477447026218
27533,3,-1.003754183365746
27535,3,-0.9958466065824281
27538,3,-1.0036929693911167
27547,3,-1.0182464755222376
27553,3,-1.0010300942734445
27557,3,-1.025246873626085
27559,3,-1.00903926072689
27563,3,-1.0095446120132396
27570,3,-1.0210812121411226
27572,3,-1.0229937061301624
27573,3,-1.0079742735809853
27580,3,-0.9952213029416126
27586,3,-1.0035693009465974
27588,3,-1.002280182059289
27605,3,-1.0147453452127704
27606,3,-0.9999459109367899
27607,3,-1.0143789807737966
27608,3,-0.9904041766051328
27613,3,-1.0059517214485272
27615,3,-1.0608696394050072
27617,3,-1.0001411508648892
27620,3,-1.0214133168033295
27631,3,-1.0098872192821875
27648,3,-1.0124142277908073
27649,3,-1.014985413074772
27661,3,-0.9992927870278683
27664,3,-0.9999477820145504
27669,3,-0.9987583258366165
27674,3,-1.0171093802336064
27678,3,-1.0225225189146907
27682,3,-1.060029986216857
27699,3,-0.9374793742284434
27708,3,-0.99428673810057
27713,3,-0.8887050507861339
27716,3,-0.9617688796766474
27718,3,-0.9929444596478207
27726,3,-0.882933815252264
27727,3,-0.9026540480193737
27732,3,-0.9437929339912046
27741,3,-0.990310888612555
27751,3,-0.8969739406890871
27752,3,-0.9364174545339337
27755,3,-0.9219607258316047
27760,3,-0.8258370527857511
27768,3,-0.4839268239005071
27773,3,-0.8472328686397197
27777,3,-0.863238581089342
27785,3,-0.8246555315468537
27791,3,-0.7878319537119887
27800,3,-0.5638610434298224
27802,3,-0.5197570229637107
27804,3,-0.7813973996377881
27813,3,-0.7226163814100646
27816,3,-0.60739109411318
27819,3,-0.9562637178797924
27821,3,-0.8817452163128043
27825,3,-0.8391481362023561
27830,3,-0.9540983148475437
27833,3,-0.9222232572883978
27834,3,-0.8730008746175073
27835,3,-0.8865649386177306
27839,3,-1.0508475400509454
27855,3,-0.8246597968590795
27860,3,-0.71185148449907
27868,3,-0.8482229066024971
27869,3,-0.8837725484626652
27871,3,-0.8366234386864403
27874,3,-1.0168509898688702
27886,3,-0.910930244124989
27892,3,-0.8753929428285424
27894,3,-0.6490346213678603
27900,3,-0.8625496318301262
27913,3,-0.9418315085256721
27916,3,-0.7978303928552307
27918,3,-0.8756434917197282
27921,3,-0.8584629119734892
27922,3,-0.862025910741047
27928,3,-0.7755006173540329
27929,3,-0.8280140520618247
27933,3,-0.7617562184642336
27934,3,-0.8936099193555791
27937,3,-0.8773100912901852
27944,3,-0.9133715200225576
27946,3,-0.9133715200225576
27947,3,-0.8403936671939298
27961,3,-0.8830690193372739
27964,3,-0.9529764031828463
27966,3,-0.9731585066758297
27969,3,-0.9893898629244847
27971,3,-0.8558165911151819
27985,3,-1.0029104781561962
27986,3,-1.0302673086840994
27988,3,-0.9734669315041848
27994,3,-0.8793108692978666
27995,3,-0.9997324642574407
27998,3,-0.9892001032164993
28000,3,-1.0052882323608832
28020,3,-1.0233323041668312
28023,3,-1.020196206139722
28024,3,-0.9991255222732869
28031,3,-1.0160362284882851
28043,3,-1.0003801848020615
28044,3,-1.0009392539320536
28052,3,-1.0043166096646805
28061,3,-1.0058158452800616
28064,3,-1.0342698714150032
28065,3,-0.956559999759526
28068,3,-1.0870057569196985
28078,3,-0.9981990781500514
28085,3,-0.9533272734872771
28091,3,-1.0001922907556329
28098,3,-1.0190633706656202
28114,3,-0.9863657783015662
28124,3,-0.999852445607978
28125,3,-1.03009123684076
28126,3,-1.0079460878664184
28151,3,-0.9946994507336094
28156,3,-0.9387534555853673
28164,3,-1.0277386490689073
28165,3,-1.045990313923256
28174,3,-0.9762388924753135
28182,3,-0.9957550744561539
28184,3,-0.9889153204145728
28193,3,-1.0165789758422905
28201,3,-0.9916863889386903
28204,3,-1.0361791667218339
28209,3,-1.027479932766023
28221,3,-1.0236151933071214
28223,3,-1.0038993866236934
28224,3,-1.0219851285115367
28227,3,-1.0453512064189208
28236,3,-1.0021769898653203
28244,3,-1.0108465348164342
28246,3,-1.011913534515973
28254,3,-0.9857216995647512
28259,3,-1.0028059267685543
28267,3,-1.0002234120871083
28279,3,-0.9763052150429061
28280,3,-0.9803655320142276
28283,3,-1.0068550317182967
28285,3,-1.014770445412423
28295,3,-1.074653258886947
28306,3,-0.9644446642730602
28316,3,-1.00603141899619
28317,3,-0.9847588237238445
28318,3,-1.0050932130900132
28331,3,-1.0186604653727696
28336,3,-1.0394420519743037
28341,3,-0.9433180144933108
28346,3,-1.006099719591178
28359,3,-0.9728457518655977
28367,3,-1.0039077460216577
28368,3,-0.9949506825918844
28396,3,-1.0003893806549478
28404,3,-1.0025322199402342
28406,3,-1.0301836770368904
28408,3,-0.9602496316096382
28414,3,-0.9836545668147828
28424,3,-0.9434171744621305
28430,3,-1.013803707060608
28433,3,0.2620510552654527
28434,3,-0.9965911080147495
28436,3,-0.976751807856628
28440,3,-1.0469667191024625
28452,3,-0.9801152408442111
28459,3,-0.997314761624617
28472,3,-1.004041579475397
28480,3,-0.9475822916982536
28487,3,-0.9415519823647248
28494,3,-0.9498227194781292
28496,3,-1.0352025659586648
28501,3,-1.0130381842239258
28502,3,-0.9999137216913319
28513,3,-0.9350720579677041
28515,3,-1.052139016194662
28517,3,-1.0360864902931066
28534,3,-1.036724466183029
28544,3,-0.9639858977545543
28546,3,-0.9336679626313027
28555,3,-1.0115806443193895
28556,3,-0.9652430398363196
28570,3,-1.013321434108521
28577,3,-1.0194932958418814
28582,3,-0.873516003315634
28591,3,-0.9901784423221569
28592,3,-1.0131912462344919
28594,3,-0.9663524531057088
28598,3,-0.9434340777366081
28602,3,-0.9903156469010936
28604,3,-0.9817352785755039
28606,3,-0.945275336776144
28609,3,-1.007801506106008
28613,3,-1.0208912096785843
28614,3,-0.9601031622075171
28627,3,-0.9727985420454213
28630,3,-0.9943223663239107
28639,3,-0.9695792703692572
28642,3,-1.0093331867463993
28656,3,-1.004427944726356
28662,3,-1.0300453275756896
28665,3,-1.0200868254755746
28666,3,-1.0200868254755746
28671,3,-1.0111739652441858
28673,3,-1.0200868254755746
28674,3,-1.024506421490497
28676,3,-0.15314183359055122
28678,3,-0.9813977393177712
28697,3,-0.9878407997991256
28702,3,-0.971346285105754
28706,3,-0.9921564893950322
28720,3,-0.8971707468260154
28728,3,-1.0164489166089055
28740,3,-1.00380164274934
28741,3,-0.9957907595674215
28742,3,-1.0076705686162002
28744,3,-1.0004657871961524
28751,3,-0.983375515119675
28756,3,-0.9930955108262359
28757,3,-0.993120368687898
28758,3,-1.0206884488378796
28761,3,-1.0141799636338116
28772,3,-1.054255922299954
28775,3,-0.9612682889576956
28779,3,-0.9934074998354896
28782,3,-1.0302766937535015
28784,3,-1.055802187614616
28788,3,-0.9386528839694079
28792,3,-0.9734685226477386
28803,3,-0.9583308370691739
28810,3,-0.984925976871277
28816,3,-1.0224354459447185
28818,3,-1.0017813790500611
28826,3,-0.9905401915811491
28830,3,-0.15304840863645153
28834,3,-0.9915163149960712
28837,3,-1.0438844510753456
28841,3,-0.9948090490621038
28844,3,0.029455323907798037
28849,3,-1.0153046895874258
28850,3,-1.0112572381754095
28858,3,-1.0153046895874258
28860,3,-1.010559961223068
28865,3,-1.0232659435346994
28867,3,-1.010559961223068
28877,3,-1.0001377770067923
28878,3,-1.059544927819826
28883,3,-0.9969969073174632
28895,3,-1.0237723241561802
28897,3,-1.0289980250925137
28898,3,-1.0322058874492912
28899,3,-1.0253663120388294
28900,3,-1.0234492110775981
28910,3,-1.0162632320594849
28911,3,-1.0224756184157124
28913,3,-1.0247655551399215
28918,3,-1.0191402106547875
28923,3,-1.013160980102911
28937,3,-0.9997119538183701
28945,3,-1.0142810521487777
28950,3,-1.0134489831757798
28963,3,-1.0158884991562624
28964,3,-1.0029608181358856
28987,3,-1.0321567089827877
28989,3,-1.0353414911729275
28991,3,-1.0067693742776576
29009,3,-0.9975683286139921
29010,3,-1.0335653390785466
29020,3,-0.9912041944742908
29021,3,-1.0037757087807737
29022,3,-1.0318229363831102
29059,3,-1.000915299585981
29066,3,-1.0163120938936512
29067,3,-1.0278981701553502
29071,3,-1.0655691927526338
29072,3,-0.9602549619266127
29074,3,-1.0190195819840395
29076,3,-1.0201479472076342
29087,3,-1.0012502807174704
29092,3,-1.024764164552122
29095,3,-1.0186218817332402
29102,3,-1.0622238743655084
29103,3,-1.014132481325606
29104,3,-1.0210647322427941
29112,3,-1.029433670243689
29116,3,-1.0381075506763404
29124,3,-1.0039643286017337
29135,3,-0.9216471352745845
29143,3,-1.0023354168663383
29149,3,-1.0361744220661955
29154,3,-1.0028628022606756
29156,3,-1.0028628022606756
29160,3,-0.9999904004653574
29180,3,-1.0889276440750693
29198,3,-1.0334223739392
29217,3,-0.9937919466423846
29221,3,-1.019741362292332
29224,3,-1.0318506890222148
29226,3,-1.0235719841067283
29236,3,-1.0184493036322275
29241,3,-1.062090251863388
29252,3,-1.0190379056219159
29258,3,-1.0408820538899621
29260,3,-1.027594570064449
29265,3,-1.036062614737829
29271,3,-1.0099049205056994
29276,3,-1.032231294828709
29279,3,-1.001015991922426
29293,3,-1.0244062704257257
29312,3,-1.0131427389192558
29314,3,-1.0005611275395014
29329,3,-0.9730412079786044
29330,3,-1.0180810379639964
29335,3,-0.9715383853323838
29341,3,-1.0022089302812411
29343,3,-1.0097644191367308
29346,3,-1.0201059535365604
29351,3,-1.0204426696279587
29354,3,-0.9785659621653675
29357,3,-1.0220947107001028
29359,3,-1.0365394280796727
29360,3,-1.0498582417728384
29363,3,-1.0508437577404108
29364,3,-1.027644298141793
29366,3,-1.0119083736633125
29369,3,-1.0552948459097147
29379,3,-1.011932310142858
29384,3,-1.0394445074232734
29389,3,-1.0348630452445537
29402,3,-1.0269197882306855
29404,3,-1.0099498861141636
29409,3,-1.015599150825135
29411,3,-1.0084353147636727
29417,3,-1.004565212730261
29420,3,-1.0308830775686149
29421,3,-0.9946315430131543
29425,3,-1.0292133227475158
29437,3,-1.0000945115246693
29439,3,-0.9898499242924188
29444,3,-1.0111745377999501
29462,3,-0.976967170531275
29472,3,-1.0268559513859694
29476,3,-1.023755568631039
29503,3,-0.40635676750245725
29505,3,-1.0336048098479012
29508,3,-1.0061633659504308
29526,3,-1.0481681763594017
29529,3,-1.0011701820469772
29553,3,-1.0100359757900697
29555,3,-1.0077530848052272
29562,3,-0.998302833347477
29575,3,-0.9850128141752781
29578,3,-1.0026980550164262
29582,3,-1.0117244006946253
29587,3,-1.072191627170577
29590,3,-1.0466418628788428
29595,3,-1.0217603448219537
29612,3,-1.0361437194279335
29617,3,-1.0143216821411791
29619,3,-1.0277624151935583
29631,3,-0.9997311624823405
29641,3,-0.9625912692042611
29664,3,-1.015491449681388
29666,3,-0.993485351907812
29667,3,-1.0068160130189474
29670,3,-1.030619911986955
29673,3,-1.0164092964419356
29682,3,-0.912845454787983
29683,3,-1.0116069634138236
29687,3,-1.0114162507816173
29693,3,-1.0150513783613557
29711,3,-0.9905875845281799
29720,3,-1.0005820349776922
29740,3,-0.9370111905423123
29749,3,-1.0017429773644013
29752,3,-1.0167367542048111
29763,3,-0.9510334139257994
29765,3,-0.9829354739616843
29778,3,-1.027589426832258
29791,3,-1.0057476775473368
29795,3,-0.9643853700720604
29799,3,-1.0319214406572494
29804,3,-0.9895234856968176
29809,3,-1.012945368993989
29811,3,-1.0137008367737954
29822,3,-0.9705110144957733
29824,3,-1.0278470541999916
29832,3,-1.0417786409801002
29841,3,-1.0331776544282452
29845,3,-1.02536442452364
29863,3,-0.9832054104076985
29879,3,-0.9713227221599741
29891,3,-1.025628427339779
29895,3,-1.0099221413297996
29901,3,-1.0756818750943458
29911,3,-1.0425126738389094
29912,3,-1.0135695195521475
29916,3,-1.0305168537037557
29922,3,-1.0059147636678616
29927,3,-1.0198449117262947
29931,3,-1.0062589238986313
29933,3,-1.007663173599798
29936,3,-1.012496005616804
29950,3,-1.0507264822872062
29951,3,-1.0034418799694964
29952,3,-1.0180177261431758
29954,3,-1.0998107638569539
29957,3,-1.0383790261970902
29965,3,-1.0210036861027243
29978,3,-1.0316836581458908
29980,3,-1.0667605255833523
29991,3,-0.9598616240169029
29994,3,-0.8596078513481928
30000,3,-1.0187826234687298
30011,3,-0.9860230180941312
30014,3,-0.9526360091056152
30015,3,-1.0033498629271018
30019,3,-0.9497787068472564
30020,3,-0.9497787068472564
30021,3,-0.9992497107011445
30024,3,-1.1041702776807107
30040,3,-0.8429255586214826
30047,3,-0.9880089974520937
30048,3,-0.9896784947938093
30083,3,-1.0294046859861765
30085,3,-0.9059737926769051
30087,3,-1.017880430220435
30088,3,-0.9330366534445051
30101,3,-0.9934245437404451
30105,3,-0.9965036675027115
30107,3,-1.0181029820540892
30108,3,-0.9691973753185998
30128,3,-0.9952114702357792
30152,3,-0.9871209603531752
30160,3,-1.0279194267700535
30161,3,-0.16461498781493972
30167,3,-1.000570422734926
30168,3,-1.0035142413280589
30173,3,-1.007688668697922
30175,3,-0.07733288432308016
30177,3,-0.9826420608022293
30181,3,-1.014809875752694
30182,3,-1.0153890964599215
30199,3,-0.9450911650864067
30207,3,0.3875918522415276
30211,3,-1.0150462018254596
30228,3,-1.0231378465051917
30230,3,-0.2608198327945611
30246,3,-1.003142378344092
30247,3,-0.22084873303251967
30249,3,-1.0735541996714173
30256,3,-1.0026692269949724
30258,3,-0.9946118690755626
30261,3,-1.0001396109147975
30263,3,-0.9946118690755626
30267,3,-0.984349290746611
30273,3,-0.9642768649802709
30276,3,-1.0011584273241914
30279,3,-0.9907968245424514
30280,3,-1.035378303687162
30283,3,-0.3769245293380122
30284,3,-0.9744536616866533
30285,3,-0.9865651995463723
30298,3,-0.9780826413462325
30304,3,-0.9839133848166361
30327,3,-1.0321419604424986
30342,3,-0.9999877584863572
30343,3,-0.9857818428809322
30344,3,0.10477342706857018
30349,3,-0.9799841293458381
30354,3,-1.0050992848241638
30365,3,-1.0279194267700535
30368,3,-1.0079467817997925
30381,3,-0.9794388814493407
30384,3,-1.0156541648567612
30392,3,-1.0329568992618654
30409,3,-0.9486062844106186
30413,3,-0.25332098971131217
30414,3,-0.9946118690755626
30432,3,-1.0056733137972769
30433,3,-1.017750313888334
30443,3,-1.0093201528067708
30446,3,-0.9835640168186367
30450,3,-1.0449498274578302
30453,3,-1.0072930280822334
30467,3,-0.9094426090218193
30468,3,-1.002055057332036
30480,3,-1.0044845272697278
30485,3,-0.998246571549397
30486,3,-0.9975122802650365
30487,3,-1.0117645799851376
30489,3,-1.0056395463161363
30497,3,-1.0038260929490832
30512,3,-1.0063102854457529
30522,3,-1.0050565766995185
30523,3,-0.9174970671859628
30524,3,-1.0022751668939527
30527,3,-0.9965021843560045
30531,3,-0.9976849019752551
30532,3,-1.000133420472857
30535,3,-0.9217358513714979
30537,3,-0.9938179716567196
30547,3,-1.0040967654245512
30555,3,-1.001747125666221
30557,3,-1.0102284608347278
30559,3,-1.0005224605533494
30560,3,-0.997209298891877
30574,3,-1.000133420472857
30577,3,-1.0054098145181025
30579,3,-1.0604149601683321
30587,3,-1.0087207422747628
30602,3,-1.0293762688216725
30607,3,-1.0156604222027126
30628,3,-1.0629572455249903
30634,3,-0.985709190989275
30638,3,-1.162027233890929
30640,3,-1.02559319692059
30642,3,-0.9988048611809706
30647,3,-1.0118298855527632
30660,3,-1.0349231787276008
30678,3,-1.0546270892348444
30679,3,-1.149190321123836
30686,3,-0.9956973579140365
30689,3,-1.0142894189604919
30690,3,-0.9978438999257327
30698,3,-1.012645890777963
30700,3,-1.0309495889100253
30707,3,-1.0322826445881432
30715,3,-1.1146583664022027
30725,3,-1.0114846803899251
30730,3,-0.9996107074652799
30735,3,-1.0167757111913875
30741,3,-0.995667191979182
30748,3,-0.9998808493756871
30755,3,-1.0265072122624925
30765,3,-0.9975343660598728
30767,3,-1.0014405317985908
30768,3,-0.990735432124996
30778,3,-1.0030288911990501
30788,3,-1.0183097151009488
30796,3,-0.996534765001397
30808,3,-0.9787447394992885
30809,3,-1.0067220090087425
30810,3,-1.0067220090087425
30812,3,-1.0155567692919023
30815,3,-1.0002897294698156
30817,3,-1.010798849653611
30818,3,-0.9988291218595621
30822,3,-1.012748757003224
30823,3,-0.9936646584775579
30829,3,-1.1263388361907969
30842,3,-0.9980810314688612
30843,3,-1.0092995018388544
30853,3,-0.9986853368585026
30858,3,-0.9667902712539737
30859,3,-1.0081232419724613
30868,3,-1.0002847190356294
30895,3,-0.9966882853197214
30909,3,-1.0144403951858543
30916,3,-0.9932938929963884
30921,3,-0.9814201681817568
30923,3,-1.0145991549721394
30929,3,-1.028650618999699
30934,3,-1.0079804134631012
30942,3,-1.0007738524670797
30948,3,-1.0229077658655163
30954,3,-1.0057197294347497
30955,3,-1.0035624800372038
30961,3,-1.009084590504857
30969,3,-1.0085554309993956
30970,3,-0.9957248562107206
30975,3,-1.0050796006777374
30988,3,-1.03566426895897
30989,3,-0.9959447418722069
30992,3,-1.0970128455543193
31005,3,-1.0321669246481093
31008,3,-1.0057190047674975
31009,3,-0.9884020660438917
31010,3,-1.0062544659038495
31020,3,-1.0020328610659646
31021,3,-1.002103099282553
31027,3,-1.0170666325534987
31040,3,-1.0422553267710477
31048,3,-1.0034819505539756
31056,3,-1.0231403688076606
31069,3,-1.007515692267417
31081,3,-1.0018166968931514
31084,3,-1.0013727321315502
31086,3,-0.9998038788371856
31088,3,-0.9877694470365881
31094,3,-0.9913469140620768
31100,3,-1.0100200936331691
31120,3,-1.010510915775541
31123,3,-0.9998628086157667
31126,3,-1.003882600955082
31127,3,-1.0048486309375209
31136,3,-1.0096323589426022
31140,3,-1.0096323589426022
31153,3,-1.0262286124776927
31158,3,-0.9871411865924882
31166,3,-1.0100994507206211
31170,3,-1.0324360861599977
31172,3,-0.9985984699426416
31185,3,-1.0158476611410254
31188,3,-1.008911660119608
31199,3,-1.0225550853552763
31213,3,-1.0563077753988641
31217,3,-1.0006225844866796
31219,3,-0.9972917491307318
31221,3,-1.0028762419107298
31230,3,-1.0434341996880034
31250,3,-0.9912923089778146
31256,3,-1.0044359414480315
31258,3,-0.9954119872673806
31260,3,-1.0481822323439551
31269,3,-1.029152178230147
31278,3,-0.9836639404296335
31279,3,-1.0069520690928677
31281,3,-0.9980385054448668
31294,3,-1.020156901426499
31296,3,-1.0422664706008216
31299,3,-1.0021525551491988
31302,3,-1.007497982989541
31314,3,-1.0210356802159952
31333,3,-1.0083251024501314
31338,3,-1.0089081132411966
31354,3,-0.9919935114653152
31366,3,-1.0206927038480038
31367,3,-1.0074036009281606
31373,3,-1.0011155817669393
31387,3,-1.0073472792632063
31388,3,-1.0381340954235094
31409,3,-1.0140442967259893
31415,3,-1.0053921602918292
31419,3,-1.0090889776436933
31420,3,-0.9988124933084559
31423,3,-1.0070981864294435
31430,3,-1.1188634613087716
31432,3,-1.0016201387144812
31433,3,-1.019356204361674
31447,3,-1.0173990412173217
31456,3,-0.9982449705548446
31461,3,-1.0654446164084497
31464,3,-1.0379400797245752
31472,3,-1.001448817357958
31473,3,-0.9955679033979836
31484,3,-1.048486690026178
31486,3,-0.9937928724116288
31500,3,-1.007049114759404
31501,3,-1.0510152145063845
31509,3,-1.0008808419275372
31525,3,-1.0109614628770256
31527,3,-1.006137677861236
31530,3,-1.000236671769117
31544,3,-0.9902285249863223
31555,3,-1.0497829725034724
31558,3,-1.0325034033965055
31563,3,-1.0193060782366035
31565,3,-1.0097389099513385
31566,3,-1.0090149399357626
31568,3,-1.0194657232463842
31572,3,-1.0141254059861415
31579,3,-1.0118793779060582
31583,3,-0.9872911984255897
31586,3,-1.0122651004355734
31587,3,-1.104429297842586
31591,3,-1.0159415114353896
31595,3,-1.0228266971157942
31596,3,-1.0159415114353896
31603,3,-1.0117425637372932
31609,3,-1.0127970955893009
31610,3,-1.0091833645524246
31616,3,-1.0024271988892268
31618,3,-1.0046721849048161
31627,3,-1.0174418730511405
31628,3,-1.0174418730511405
31630,3,-1.0243473013096909
31635,3,-1.0166464092756364
31638,3,-1.0975198235505765
31639,3,-1.0271787496724056
31651,3,-1.012350630468105
31656,3,-1.0096743477772572
31659,3,-1.000264008928987
31668,3,-1.0473094245215053
31671,3,-1.0134920476145102
31687,3,-1.004067808712187
31693,3,-0.968766966259155
31697,3,-1.0159030161150957
31699,3,-1.0104087708103546
31702,3,-1.017473347397015
31705,3,-0.9976643354881357
31707,3,-1.0142329754376327
31719,3,-0.9961433715838608
31725,3,-1.0098826813446662
31728,3,-1.0104139479720344
31734,3,-1.000982395184587
31735,3,-1.034332850277738
31759,3,-1.0015031161083723
31777,3,-1.0872729859884553
31784,3,-1.0130401257958659
31785,3,-1.0011015722078285
31791,3,-0.9912584796614949
31798,3,-1.0260223593853355
31799,3,-1.0037446349325743
31800,3,-1.0135496672935838
31807,3,-1.012445545721949
31812,3,-1.010008659073648
31820,3,-1.0103880430917926
31830,3,-0.9972254792523909
31835,3,-1.0055239291877796
31838,3,-1.0174715719420089
31840,3,-1.0279195868775135
31843,3,-1.004897543181477
31846,3,-0.7443388597988717
31859,3,-1.0110364692710507
31862,3,-1.0102141393136468
31868,3,-1.0769475760442857
31869,3,-1.0092187880046688
31883,3,-1.0255474792651567
31885,3,-1.0111435070941457
31893,3,-1.0413441953293203
31894,3,-1.0167624781926978
31897,3,-1.0232532705262911
31905,3,-1.0223796888684304
31906,3,-0.9790936445037572
31910,3,-1.007493461950329
31913,3,-1.0125610448944784
31921,3,-1.0100253904159697
31937,3,-1.0072783472015936
31944,3,-0.999041129557979
31951,3,-1.011868414808041
31954,3,-1.0194710685605286
31956,3,-1.0251825211404455
31960,3,-1.0017567430918208
31963,3,-1.0005312583963817
31975,3,-1.0276979732653082
31988,3,-1.000641928371785
31994,3,-1.0130345520027588
31995,3,-1.00691905321205
32002,3,-1.0054264965727182
32005,3,-1.0281458463882096
32019,3,-1.045031582757776
32026,3,-1.0160615711145087
32027,3,-1.0147046677992315
32028,3,-1.0161245567429456
32034,3,-1.0114185273646985
32036,3,-1.0566037048724206
32038,3,-1.0181691242925044
32044,3,-1.105187801398832
32059,3,-1.0307600698882384
32079,3,-1.0239026783773708
32091,3,-1.0240782075891754
32103,3,-1.0092981796199054
32111,3,-1.0269613973100071
32115,3,-1.0079899852715966
32119,3,-1.0106149625798686
32122,3,-1.0132991539943337
32134,3,-1.0115648094788305
32135,3,-1.0245150356453192
32148,3,-1.0061020004021204
32164,3,-1.008612750804905
32166,3,-1.0247692147269254
32167,3,-1.005970195456788
32169,3,-1.0205944189691856
32173,3,-0.9930706169001167
32182,3,-1.1146449880581897
32194,3,-0.9998306975731239
32203,3,-1.0306003694355492
32210,3,-1.005057397860486
32219,3,-1.0097730609820506
32223,3,-0.9982308823395355
32228,3,-1.0639877556993875
32237,3,-1.012808405267067
32238,3,-1.041945456751827
32244,3,-0.9614789899963532
32247,3,-1.067541598603875
32248,3,-1.000291113488987
32250,3,-1.0204563688750325
32251,3,-1.0110763609102533
32254,3,-1.0598991924167334
32260,3,-1.0021412703258026
32263,3,-1.008574344467529
32266,3,-1.0065804329626924
32267,3,-1.0355433296192014
32268,3,-1.0305769310259079
32270,3,-1.0012994043390542
32272,3,-1.0043432950479891
32275,3,-1.0454661120989086
32277,3,-1.0399954457345828
32297,3,-1.024075127233588
32299,3,-1.0037696951030883
32301,3,-1.0072831933886992
32305,3,-0.9768435249687599
32307,3,-0.9981451931802079
32312,3,-1.0060268589846149
32322,3,-1.0186057036378056
32332,3,-1.0162701033900037
32340,3,-1.0132557230697232
32341,3,-1.0284330457362154
32343,3,-1.004710109900157
32344,3,-1.0107176943215999
32355,3,-1.02982631739579
32356,3,-1.021793696808476
32357,3,-1.0057797045648869
32366,3,-0.9864797217715893
32376,3,-0.991018412615616
32399,3,-1.1414035376805443
32414,3,-0.9657959931681106
32420,3,-1.000064236899544
32434,3,-1.085327412724261
32435,3,-0.9964898037502541
32446,3,-0.9997366839513235
32449,3,-1.0433673632291778
32450,3,-1.0026466547268111
32463,3,-0.9924339913726836
32465,3,-1.0101345517047966
32466,3,-1.0020069913902019
32472,3,-1.056911308918063
32473,3,-1.0300337463030425
32476,3,-1.021537133954087
32479,3,-1.011467189793541
32483,3,-0.9710041738639514
32497,3,-1.0015669541812384
32502,3,-1.002293975558724
32503,3,-1.0139459934327775
32504,3,-1.0033201566391077
32507,3,-1.056292637175642
32518,3,-1.0442163901434913
32529,3,-1.030378186299775
32530,3,-1.0168048326273884
32539,3,-1.0266845164107297
32544,3,-1.1224834494329534
32548,3,-0.9988179316299396
32552,3,-1.034107309612411
32564,3,-1.0062350419407202
32565,3,-1.0299675256352467
32573,3,-1.0070695188706793
32582,3,-1.062004510508562
32589,3,-1.0805815863312802
32593,3,-1.0039043540529753
32603,3,-1.0094131964262023
32607,3,-1.0251432203126525
32608,3,-1.0091259482079216
32622,3,-1.0044556727719893
32630,3,-1.0108763789226234
32639,3,-1.0120617507515701
32654,3,-1.0188527195791206
32685,3,-1.0096148802914136
32694,3,-1.0060287531627714
32707,3,-1.0291254587886636
32719,3,-1.0125341168042814
32734,3,-1.007604961019136
32736,3,-1.0134949147263126
32739,3,-1.0031635955929092
32741,3,-1.0980079661671056
32746,3,-1.0025925050996376
32753,3,-1.0043294154501698
32756,3,-1.0236750955359142
32762,3,-1.0236271672222184
32766,3,-1.0352968408972316
32767,3,-0.9975617762578218
32775,3,-1.0123173231538933
32782,3,-1.015167056614929
32794,3,-1.0078019137224756
32799,3,-1.0138579258811293
32806,3,-1.0234507446220689
32807,3,-1.0081068118125514
32808,3,-1.0092627015637183
32809,3,-1.018128814930649
32813,3,-1.0062817201064167
32815,3,-1.0049047883051538
32816,3,-1.0090322510011571
32819,3,-0.9994588339840765
32821,3,-1.013535906096996
32822,3,-1.0277628778275822
32823,3,-1.0162376677703537
32831,3,-1.0050581403386964
32841,3,-1.0467533313363968
32848,3,-1.0009701666274773
32860,3,-1.0067128111489276
32862,3,-1.0341931638522666
32868,3,-1.0102887261503446
32873,3,-1.0334063858124343
32875,3,-1.0510649855250376
32876,3,-1.070847973031411
32883,3,-1.0841517435892443
32914,3,-0.9984140252678482
32922,3,-1.010004535541431
32937,3,-1.0056621486227932
32944,3,-0.9895220202346652
32950,3,-1.0010040894201346
32955,3,-1.0218134905826823
32965,3,-1.0099329711941643
32970,3,-1.0017642922625503
32982,3,-1.0022269346758468
32987,3,-1.0316786718765623
32989,3,-0.9989945979101653
32993,3,-1.0057014082303448
32994,3,-0.7856505031008
32998,3,-0.9857142078667099
33024,3,-1.0198548996424837
33025,3,-1.0095324185092625
33032,3,-1.1312864178867605
33033,3,-1.00646861967511
33047,3,-1.130495610165512
33061,3,-1.0222740440343436
33070,3,-0.9880382659813707
33073,3,-1.0159546849698846
33079,3,-1.1185540292039633
33087,3,-1.0143562487833289
33090,3,-1.0257454880414016
33109,3,-1.0023097316343916
33112,3,-1.0767321875777778
33114,3,-0.9670670416188928
33116,3,-1.0195236811661714
33127,3,-1.0252032240986781
33131,3,-1.088179446339176
33134,3,-0.9695047000815968
33148,3,-1.012980304753285
33150,3,-1.0203131354009318
33154,3,-1.007898979167994
33155,3,-1.040455410192628
33160,3,-1.0991283063410564
33163,3,-1.0001699697724185
33168,3,-0.9992406263779934
33169,3,-0.9728299207956876
33172,3,-1.0069424666206017
33175,3,-1.0302767943562934
33188,3,-0.9998047896667338
33199,3,-1.0341983764260667
33212,3,-1.0289170249619108
33222,3,-1.133614602828645
33223,3,-0.9972259945398237
33226,3,-1.0070382505668904
33230,3,-1.0316260317780892
33236,3,-0.9971001095249814
33251,3,-1.0019060346688091
33252,3,-1.0057743080092765
33253,3,-0.9493323101032012
33274,3,-1.0092605667323427
33281,3,-1.0034942141683572
33285,3,-1.004289933263204
33286,3,-0.9994829307719686
33292,3,-1.0231599348695397
33299,3,-1.0129068344974703
33301,3,-1.000515319583008
33308,3,-1.0072049438584756
33318,3,-1.0070394213448841
33319,3,-1.0017534737603941
33324,3,-1.0034117106612641
33325,3,-1.1927725698074019
33340,3,-1.0067266038859666
33345,3,-1.1676110483204138
33347,3,-1.003509385678504
33354,3,-1.007471008252248
33358,3,-1.0077958873204202
33360,3,-1.015432024538597
33363,3,-1.0075418535824499
33364,3,-1.0043371286738085
33365,3,-0.9843180244851921
33368,3,-1.0023183657370245
33369,3,-0.9833065051199777
33380,3,-1.0096422904353881
33381,3,-0.9880702526681366
33383,3,-1.2121969795258067
33387,3,-1.0048361418519633
33392,3,-1.0276783510561238
33393,3,-1.0131634945578716
33402,3,-1.0044257385356734
33410,3,-1.0137499756384467
33414,3,-1.029566718767001
33426,3,-1.0261715060408598
33447,3,-0.9954698012645784
33451,3,-0.9985218117884338
33457,3,-0.9904755129688255
33459,3,-1.0040467359827865
33472,3,-0.9975282370201467
33488,3,-1.0181769942754548
33491,3,-1.009759649257471
33495,3,-1.0033495685947074
33516,3,-1.0060468195334724
33528,3,-0.9997001155496202
33536,3,-1.0006782608629472
33540,3,-1.0075594203093003
33541,3,-1.0285097023055394
33544,3,-1.0059580484117037
33550,3,-1.0216531754298335
33567,3,-1.0125024816415729
33575,3,-0.9327365102597118
33579,3,-1.023841563002078
33580,3,-1.1128607451074277
33582,3,-1.0112708106101869
33586,3,-1.006548936524613
33589,3,-0.9995386524827929
33600,3,-1.1032725337856772
33606,3,-1.0068667168347827
33611,3,-1.1610346796747535
33616,3,-1.00110936756394
33620,3,-1.0039813044074926
33626,3,-1.0230547619400634
33631,3,-0.9973882683189546
33634,3,-0.9840911245987786
33637,3,-0.9981639139204816
33651,3,-0.988624431199874
33655,3,-1.00455864360872
33656,3,-1.0397854635044097
33659,3,-1.0198108811052835
33661,3,-1.037617425644628
33671,3,-1.0019413792384961
33674,3,-1.0087373917025921
33685,3,-1.0112770538648366
33692,3,-1.010372891303645
33693,3,-0.9894137675530765
33695,3,-1.007288331342335
33702,3,-1.0068642605658318
33705,3,-1.0338976261836197
33713,3,-1.0100515029182437
33730,3,-1.0187044127378666
33734,3,-1.0080028410538715
33736,3,-1.045829465395221
33739,3,-1.061279102089983
33740,3,-1.0715591720842292
33743,3,-1.0068094411688973
33763,3,-1.0359500438060363
33764,3,-1.0009171304642956
33767,3,-1.027159333111721
33771,3,-1.0043196423950809
33773,3,-1.0372738579042764
33775,3,-0.9880113534511432
33780,3,-1.001226375272033
33781,3,-0.996981013561665
33782,3,-1.0015686087119584
33783,3,-1.0142346302782466
33791,3,-1.0063646988548158
33794,3,-1.0380341074940116
33803,3,-0.9991823468357777
33808,3,-0.9975573484034477
33816,3,-0.9912698198086511
33817,3,-1.0083643074111552
33819,3,-1.0026732424750402
33833,3,-0.9979630399128413
33844,3,-1.0010438931191505
33846,3,-1.0006707856180914
33858,3,-1.0119868700147197
33864,3,-1.03654425488777
33869,3,-1.049336512207334
33875,3,-1.0177381443046556
33878,3,-1.0032212522734436
33887,3,-0.9993165710974494
33893,3,-1.0361819251555724
33901,3,-1.0063646988548158
33905,3,-1.0055276371502386
33913,3,-1.006503320616864
33916,3,-0.9928365102456226
33921,3,-1.0731416388534742
33925,3,-1.0150076406096007
33937,3,-1.0015686087119584
33940,3,-1.0032212522734436
33945,3,-0.9856211645565409
33956,3,-1.0051995396884015
33958,3,-1.0344040980614109
33968,3,-1.0186647469724162
33977,3,-1.0232158617503821
33979,3,-0.9952485259757617
33980,3,-1.0069511451117972
33986,3,-0.9903689232061945
33992,3,-1.00461806282772
34003,3,-0.9978690057918147
34028,3,-1.0231713107936116
34033,3,-0.9982505588521045
34050,3,-1.051452309239723
34058,3,-1.0428863270253128
34061,3,-1.0077673168671943
34071,3,-1.0337084847244877
34077,3,-1.088780410074337
34080,3,-1.0441381150983082
34081,3,-0.9982372923416415
34089,3,-1.0430494920978313
34091,3,-1.0054631016828697
34100,3,-1.0296070890171243
34102,3,-1.0417604805865515
34112,3,-1.096853632536664
34115,3,-1.0753070307582866
34116,3,-1.004785489625219
34118,3,-1.0010054088670932
34119,3,-1.0038012968063021
34139,3,-1.0003263757579042
34143,3,-1.0074327569640784
34144,3,-1.0017914119245468
34145,3,-1.0225095129482882
34152,3,-1.0083866028886104
34161,3,-1.0157276700217672
34171,3,-0.9848243392793186
34173,3,-1.0192624487255497
34174,3,-1.0069049417362392
34176,3,-1.0003071522615898
34179,3,-1.0064916902870582
34197,3,-1.1745331187930401
34201,3,-1.074822173050899
34203,3,-1.0663649377640143
34214,3,-1.0013055410069325
34218,3,-1.0072344370328832
34219,3,-1.0107592979103839
34226,3,-0.9996439203627445
34233,3,-0.9999330403397433
34239,3,-1.0294530204089254
34243,3,-1.0571501639124221
34245,3,-1.0169926843187396
34248,3,-1.0011266532037744
34255,3,-1.003347893249199
34281,3,-1.0024573136224206
34296,3,-1.0245418108549833
34305,3,-1.0320792888256412
34308,3,-1.129475728748864
34315,3,-1.0215400230914502
34325,3,-1.0152140488680481
34326,3,-1.0035148404358807
34334,3,-1.0297328002706114
34338,3,-1.0209954760802513
34342,3,-0.9996963601518811
34345,3,-1.0045431121185127
34348,3,-1.010295094152799
34349,3,-1.0119746682252821
34359,3,-1.043567985208864
34360,3,-1.0128449892067164
34371,3,-1.0003660958461222
34383,3,-1.0191785701595266
34384,3,-1.0128449892067164
34389,3,-1.0115900081312468
34397,3,-1.0086240875633692
34398,3,-1.0266010434432304
34407,3,-0.7697402239804682
34414,3,-1.0534250992735013
34424,3,-1.0084171771027357
34432,3,-1.019621911693404
34434,3,-1.0201136527431363
34451,3,-1.0229509517235749
34458,3,-1.0215868405274848
34473,3,-1.0127104389888064
34476,3,-1.0057056834020477
34490,3,-1.034188317947338
34497,3,-1.014043975328794
34512,3,-1.0122403198126788
34513,3,-1.0057792306508644
34521,3,-1.0519163029062821
34522,3,-0.994835559490872
34523,3,-1.0301358804613696
34533,3,-0.9990011467943775
34534,3,-1.0160535876328958
34539,3,-1.0377691815540233
34540,3,-1.016345562712743
34549,3,-1.0117738335235362
34551,3,-1.0238901922117347
34568,3,-1.0101538945228814
34576,3,-1.0227440303729467
34592,3,-1.0087354008779301
34596,3,-1.0025017877566225
34597,3,-1.0405327395400197
34605,3,-1.0121187370678981
34615,3,-0.9990011467943775
34617,3,-0.9990264736156573
34621,3,-1.015802688530853
34631,3,-1.0018284689964307
34636,3,-1.0196023224787545
34637,3,-1.014208183747919
34650,3,-1.0100651816067954
34653,3,-1.0029210749230497
34655,3,-1.0025173950239417
34664,3,-1.0191303427562792
34665,3,-1.1380445128610035
34666,3,-1.0015035213454289
34681,3,-1.0196837614325993
34684,3,-1.0148063714627824
34688,3,-1.027415260308361
34707,3,-1.0081291827027452
34709,3,-1.0109898107302018
34718,3,-1.0296742270562973
34719,3,-1.0051953310027026
34720,3,-0.9977122291495135
34722,3,-1.0020689023275802
34733,3,-1.0493626556438886
34738,3,-1.034226139578513
34744,3,-1.060978137550033
34745,3,-1.1411163191130174
34751,3,-1.0754017148298045
34760,3,-1.0186815592498313
34763,3,-1.0724118505376543
34764,3,-0.9991420895890846
34774,3,-1.016425607956268
34775,3,-1.0082891973214374
34779,3,-0.9969066358217527
34781,3,-1.014483973165732
34782,3,-0.9758562121470741
34783,3,-1.017653877851357
34791,3,-0.9992200653662177
34792,3,-1.0692332690548607
34802,3,-1.058969318477383
34805,3,-1.0150764446646052
34810,3,-1.006901424064428
34812,3,-1.0383154822605114
34822,3,-0.9773345910878353
34823,3,-1.0107070502518833
34825,3,-1.0256265509131524
34834,3,-0.996903486433051
34841,3,-1.009697453896932
34844,3,-1.0043386142851483
34850,3,-1.008961277286847
34863,3,-1.009835857553837
34864,3,-1.0016846145331981
34872,3,-1.0053939682534296
34878,3,-1.0687986403514271
34879,3,-0.9984268651508255
34896,3,-1.0131045327309773
34923,3,-1.00760792569643
34931,3,-1.010613625520789
34932,3,-1.01363044890565
34934,3,-0.9882893580067998
34945,3,-1.0177401644995572
34946,3,-1.0325686805538046
34951,3,-1.0321081311041198
34952,3,-1.0212931289944571
34962,3,-1.0849737931794383
34964,3,-1.044852048497717
34975,3,-1.0263570108109954
34976,3,-0.9981344795361691
34978,3,-1.0111942690702178
34979,3,-0.9998042582023254
34981,3,-1.0354122152346947
34991,3,-1.1193018416791274
34994,3,-1.009567074303829
34995,3,-1.0101580997166775
35000,3,-1.010778333122242
35004,3,-0.9978370881724419
35012,3,-0.9979696868892176
35017,3,-1.0305808357254875
35025,3,-1.0164812081878507
35038,3,-1.0052873914919045
35042,3,-1.1534439648414847
35054,3,-1.0313452360475859
35055,3,-1.019234916669077
35057,3,-1.0085959952445487
35061,3,-0.9953920093292158
35068,3,-1.015505964627685
35080,3,-1.0169649883153333
35082,3,-1.0133010600277492
35088,3,-0.9997134205498361
35111,3,-0.999804942871303
35130,3,-1.0286340552905278
35159,3,-0.9895298042518831
35163,3,-1.0190042829734327
35165,3,-1.0288641664383678
35182,3,-1.0251354395993275
35193,3,-1.0563498748679052
35204,3,-1.0457484801149524
35222,3,-1.0389411850171115
35232,3,-1.0147369530431307
35240,3,-1.0396721128996544
35241,3,-0.9948039103230923
35249,3,-1.0051178776356522
35256,3,-1.0006918897319808
35260,3,-1.0116363715469245
35269,3,-1.0065492310960047
35270,3,-1.0174590410708473
35272,3,-1.1014996511759572
35279,3,-1.0680544302763688
35286,3,-1.0576610274116949
35288,3,-1.007347826150463
35292,3,-1.2108807165337254
35299,3,-1.120900473719933
35311,3,-1.0016588475767056
35316,3,-0.9965346030183193
35329,3,-1.0301190807631726
35336,3,-1.0232959605759344
35343,3,-1.0700991276047387
35364,3,-1.0191433680312394
35366,3,-1.0397684793176225
35374,3,-1.0064632570192957
35377,3,-1.0135066642826915
35383,3,-1.0856313399758117
35396,3,-1.1831556306713424
35401,3,-1.0114126394214873
35406,3,-0.9832488197615405
35408,3,-1.0056517148887254
35409,3,-1.0013450102967636
35417,3,-1.0398912231266317
35429,3,-1.0228596101713396
35432,3,-1.052529994146029
35434,3,-1.0398447520651892
35439,3,-1.0712913805186355
35450,3,-1.1278936123324885
35459,3,-1.008261007747555
35471,3,-1.035185623894991
35477,3,-1.0767492264725433
35479,3,-0.9995868833521626
35481,3,-1.022242327961154
35485,3,-1.0191241763310899
35486,3,-1.0018059916764865
35497,3,-1.0158030389207362
35504,3,-1.0019253276654096
35515,3,-1.045568847040638
35523,3,-0.9973602481433552
35524,3,-1.009186707397327
35527,3,-1.0125446561518314
35530,3,-1.01326401991067
35532,3,-1.0072574792997022
35533,3,-0.9884280765648683
35538,3,-1.0122683646156116
35542,3,-0.9996389594375888
35557,3,-1.0108367719029903
35559,3,-1.0073571714949536
35562,3,-0.9952193460528782
35569,3,-0.9889268562196345
35577,3,-1.0279076722677827
35580,3,-1.027936711897117
35586,3,-0.9985723830789481
35590,3,-0.954860649862525
35598,3,-1.014359645216576
35605,3,-1.008093618335766
35609,3,-0.966169180778937
35614,3,-1.0013053135728571
35620,3,-1.0679032495737708
35621,3,-0.9976483106599108
35624,3,-0.9991125969305532
35628,3,-1.0034648513659725
35637,3,-1.0025123989426983
35639,3,-1.0007815012179064
35640,3,-1.002964117610285
35642,3,-1.006638684728274
35644,3,-1.0010899746990867
35645,3,-0.994680967678286
35646,3,-1.01602787656924
35663,3,-1.001881723201143
35666,3,-0.9908707858799244
35667,3,-1.0160509609378374
35674,3,-1.004319528283868
35678,3,-1.0614555441218734
35684,3,-1.0396950922219168
35694,3,-1.0110717112102345
35698,3,-1.0010903769495776
35705,3,-1.0021679529168939
35710,3,-1.0036621671547972
35715,3,-1.0006211844348183
35722,3,-1.0137815930346268
35725,3,-1.0170315874968305
35729,3,-1.0039075327135891
35735,3,-1.0254897872379136
35743,3,-1.0621434821149682
35750,3,-0.9995991657350604
35760,3,-1.0497788418996128
35768,3,-1.02474570083765
35774,3,-0.9935547832194864
35775,3,-1.0248732709549737
35778,3,-1.002917605733696
35779,3,-1.0066439977375177
35781,3,-1.0012336631925793
35788,3,-1.0156655315396805
35795,3,-1.0643195720101317
35798,3,-1.0098399611362272
35801,3,-1.0037325400163482
35802,3,-0.9970737095514034
35805,3,-0.9843206509263529
35808,3,-1.0438282897156044
35824,3,-0.9851223509285515
35831,3,-1.0293759587483167
35837,3,-1.005456844854724
35841,3,-1.0138922693513501
35842,3,-1.0046724221049277
35843,3,-1.0283894930137614
35854,3,-1.0374385329624087
35855,3,-0.9656141169158061
35860,3,-1.098205962389113
35864,3,-1.0210544649159938
35887,3,-0.9642911101438583
35889,3,-1.134095814788684
35893,3,-1.000112527851912
35896,3,-1.0093745794326985
35898,3,-1.011802929180076
35910,3,-1.0176782727843026
35913,3,-1.0036944803820234
35925,3,-1.0034672045164563
35938,3,-0.9775204832095322
35945,3,-0.9991523879583464
35947,3,-1.006416089902391
35956,3,-0.9866905305968334
35957,3,-0.9986606171908929
35965,3,-1.0039322675631799
35970,3,-1.0064142506954346
35971,3,-0.8170111286172153
35978,3,-1.0480403183493396
35981,3,-0.9735926670720634
35983,3,-1.0725498010826928
35985,3,-1.0020542911640506
35996,3,-1.0260321746227616
35999,3,-1.127022060574731
36003,3,-0.9998329103685542
36015,3,-1.0075914612115713
36024,3,-1.0284499566726872
36026,3,-0.7016674174506414
36039,3,-1.002059345439645
36044,3,-0.9962478691960642
36046,3,-1.0215912291361169
36047,3,-0.9906681450957526
36053,3,-1.0761498194299148
36058,3,-0.9999064071534043
36060,3,-1.0571095870552827
36071,3,-1.0202082965994659
36073,3,-1.0037030126026238
36081,3,-1.0016123929178578
36082,3,-1.0121968750241175
36085,3,-0.9986286143566119
36089,3,-0.8737702106679894
36090,3,-1.0044350026879287
36093,3,-1.0629483680273493
36095,3,-1.0015175584102294
36099,3,-0.9895784533493709
36104,3,-1.0228018080910863
36107,3,-0.988716497807707
36115,3,-0.9983525926263536
36123,3,-1.0418641317332942
36125,3,-0.9983172681605678
36137,3,-1.0591862229217281
36139,3,-1.0980475940711618
36143,3,-0.9952073065279209
36144,3,-1.0364974144010959
36145,3,-1.0489785437514476
36146,3,-1.0299835820705883
36159,3,-1.0063663349747602
36173,3,-1.0048387744685006
36192,3,-0.9813187117664004
36207,3,-0.9975414392486422
36213,3,-1.004154453316076
36214,3,-0.857961649333524
36217,3,-1.1157295788112207
36219,3,-1.0800652067965721
36228,3,-1.0224887539564325
36230,3,-0.9943874962888368
36238,3,-1.0156595082670763
36246,3,-0.9851627015729849
36247,3,-0.8535887495778121
36252,3,-0.9515282184795563
36261,3,-0.9788175105443521
36264,3,-1.0065318493580349
36268,3,-0.9933296515741128
36273,3,-0.8022015815865979
36292,3,0.7302993500838102
36295,3,0.5376729017409811
36297,3,-1.0070878398561276
36302,3,-1.0061325285745732
36303,3,-0.9893957118976329
36314,3,-0.9255787868731292
36318,3,-1.0108084648836135
36321,3,0.211934789536678
36328,3,-0.9320117615738546
36331,3,-0.957956403106071
36333,3,-1.0161755087619662
36339,3,-1.066018050365329
36344,3,-0.8279149342538004
36347,3,-0.9798548190609754
36348,3,-0.8677548177559182
36349,3,-1.004550298266791
36354,3,-0.9362449098811321
36362,3,-0.9978210901689273
36369,3,-0.9377056902687845
36377,3,-0.9774900327709666
36380,3,-0.9623807137003881
36385,3,-0.9762283429176863
36390,3,0.5668616919197424
36392,3,-1.1796012877975355
36395,3,-0.9052938910314234
36396,3,-0.9808965444735183
36400,3,-1.0216718669602198
36405,3,-0.948871333148533
36414,3,0.782069458900003
36416,3,-0.9730606232539811
36425,3,-0.9742140495307441
36429,3,-1.024741591189037
36430,3,-1.0375144716128555
36434,3,-0.9327820839647569
36441,3,-0.960584473078788
36445,3,-0.957966974826024
36446,3,-0.9788748753046093
36448,3,-0.9830932460378103
36450,3,-0.9282632786051461
36454,3,-0.7925737827834762
36455,3,-0.9499169525009703
36459,3,-0.9544611796215319
36483,3,-0.9701999705967066
36490,3,-0.9790496567301424
36491,3,-0.867800157973461
36496,3,-1.0690858527166294
36502,3,-0.9675520641191306
36513,3,-0.871510799624114
36523,3,-1.0221950432988378
36524,3,-0.9494684576662824
36532,3,-0.9227946368047897
36536,3,-0.8557484314868973
36537,3,-0.8924079686881872
36556,3,-1.0109247283417524
36559,3,-0.9547966831592469
36560,3,-0.8310227891131876
36567,3,-0.9474416653818114
36570,3,-1.0632271184408448
36576,3,-0.8424719504547244
36597,3,-0.9715979220590003
36610,3,-0.9389965397830036
36613,3,-0.9199505380212122
36617,3,-1.054536530694246
36619,3,-0.9231399415311707
36629,3,-0.8243041932343139
36634,3,-0.9419466788327013
36635,3,-0.9433216270623852
36638,3,-0.9427082922499956
36640,3,-1.0250144940412969
36644,3,-0.8973869196380269
36646,3,-1.1543214776426112
36655,3,-1.0072878159757832
36669,3,-1.064509222827326
36672,3,0.25716632700025777
36673,3,-0.9468688437811952
36675,3,-0.9443779477033446
36682,3,-0.9039533431138324
36689,3,-0.9526384794928515
36711,3,-0.9747722846742563
36712,3,-0.9861043593723477
36714,3,-0.9367420035949443
36715,3,-0.9994880640248769
36732,3,-0.9565008327269536
36737,3,-0.878691020862084
36738,3,0.40682660128613946
36749,3,-0.9498052876410786
36754,3,-0.963962537590131
36755,3,-0.9119102694175704
36762,3,-0.9635773849284376
36763,3,-1.0591831089488375
36764,3,-0.8384749616428198
36782,3,-0.9606614516419449
36785,3,-0.9294539587990818
36789,3,-0.991252608214044
36794,3,-0.9450745131990645
36796,3,-1.080555530641019
36803,3,-0.8609593043232101
36811,3,0.36569474434399996
36824,3,-0.8771847947933953
36826,3,-0.9660694890694772
36834,3,-0.832647258122727
36837,3,-0.9729972523471746
36844,3,-0.946868748027343
36848,3,-0.9592436625203026
36849,3,-0.9707654084931584
36866,3,-0.831936358969249
36871,3,-0.9672902425191051
36874,3,-1.0196499969822401
36875,3,-1.077621114011393
36892,3,-0.8809295329438085
36899,3,-0.98625780670261
36904,3,-0.7216129256868642
36908,3,-0.9657854413542971
36909,3,0.7617878565639349
36915,3,-1.0619834081926556
36922,3,-0.9730443173894638
36926,3,0.1389599428618845
36928,3,-0.9775984026425956
36946,3,-1.0396070869125578
36953,3,-0.942083608186149
36954,3,-0.8008129485204409
36957,3,-1.2147651037516556
36959,3,-0.9783800095912589
36963,3,-1.0574719314032064
36969,3,-0.9824069465560095
36970,3,-1.1621056002362349
36975,3,-0.9819885463373571
36994,3,-0.8940570741923418
36996,3,-1.0354137940782033
36997,3,-0.9208769039381763
37000,3,-0.8014212314526239
37002,3,-0.8682774830906115
37003,3,-0.9556054145283317
37013,3,-1.0492434949220828
37014,3,-0.9483057806239873
37016,3,-0.8878978401197135
37023,3,-0.9888020275891456
37026,3,0.752317190267773
37030,3,-0.8110672300527775
37032,3,-0.9033866514315438
37056,3,-0.8719124928052758
37070,3,0.8768954493141892
37087,3,-0.9858575400394056
37089,3,-0.9811321129002705
37094,3,-0.7986708715536336
37095,3,-0.7657810254705197
37101,3,-0.928163473296157
37106,3,-0.9927465984869264
37111,3,-0.9800374605005692
37124,3,0.9126518094415155
37132,3,-0.9178755256945242
37139,3,-0.9196294558736202
37150,3,-0.9676366425803032
37175,3,-0.9813659191317747
37178,3,1.1431669069148147
37191,3,1.0525944018105644
37193,3,-1.1133585158037143
37195,3,-1.054868754827645
37208,3,-0.8600660859076317
37213,3,-1.0563317746405825
37217,3,-1.077765983955008
37220,3,-1.055295348938642
37221,3,-0.9498128343143706
37224,3,-0.9171496008660222
37230,3,1.0099504370952421
37233,3,-0.9541970671232021
37262,3,-1.039377239411472
37270,3,-1.0434030025089602
37292,3,0.7333220486959207
37305,3,-0.9748428539145162
37312,3,0.9169399482674274
37313,3,-1.0377133452488194
37314,3,-1.0312020970240885
37317,3,-0.9656199582557814
37319,3,-1.0721475071327298
37323,3,1.009128979920948
37340,3,-1.0577896527103778
37352,3,-0.9212407202401776
37367,3,1.0261888601079103
37369,3,-0.9444601247843034
37380,3,-1.0008460535495027
37387,3,-1.0452719640170511
37390,3,-1.0251014286242528
37401,3,-0.9452687101256143
37404,3,-0.8671709632493931
37408,3,-1.081284378012496
37409,3,0.7549271176648162
37413,3,-1.019676789455147
37416,3,-1.0041061815336838
37419,3,-0.9375485587118944
37426,3,-0.9845669152593884
37439,3,0.998358414889964
37447,3,-0.8054555504219834
37452,3,0.7066326803539313
37454,3,-1.0612313806550877
37456,3,-0.9215140581681771
37462,3,-1.0148101118066641
37472,3,-1.089521444370208
37475,3,-1.057141878374309
37480,3,-1.1016193301705781
37485,3,-1.051596616792353
37503,3,0.8454206531859887
37505,3,-0.898314701403669
37510,3,-0.9676831556878627
37511,3,-1.039377994963598
37518,3,1.1229086980318874
37519,3,-0.9946922473637145
37529,3,-0.9722887097984141
37534,3,-1.031099534231409
37535,3,0.8338661263660307
37538,3,-1.0296814558540432
37539,3,-0.9584759295988521
37543,3,-0.9858004372706637
37550,3,-0.9108795688887086
37559,3,-0.8614188557798714
37561,3,-0.9469057879139864
37566,3,0.9755348807792108
37579,3,-0.9954647982031131
37580,3,-0.930856227299854
37618,3,-1.093222895576835
37620,3,0.9821371389166014
37623,3,-0.9647768540816036
37625,3,0.833024472961424
37629,3,-1.0238336706005875
37641,3,-0.8737689511921761
37643,3,0.6355868993773368
37648,3,0.9368639151926077
37654,3,-0.9017951229838947
37655,3,-0.9567716369266461
37659,3,-1.0465703418816084
37670,3,-1.0541069115028165
37691,3,0.9858370522144606
37693,3,1.1062730860314212
37697,3,-0.9461541937194213
37702,3,-1.0166598551111004
37704,3,1.0788359902372908
37711,3,-1.1389575172740358
37727,3,-0.9344839646995741
37728,3,-0.8998046547184384
37729,3,1.071200829446668
37741,3,-0.9536775104435353
37742,3,-0.7842513292474296
37758,3,0.7266987853282958
37764,3,0.7783992666865631
37778,3,-1.1047809470042305
37780,3,-1.1028801131870152
37799,3,-0.9455885884309914
37808,3,0.9812357745223879
37813,3,-1.061664444048894
37820,3,-0.9085460550152842
37824,3,-0.8978493692861024
37833,3,-1.1193063839270851
37834,3,0.9901247812502911
37835,3,-0.9971971495362295
37836,3,-1.0290298075115878
37845,3,0.6166138603574569
37846,3,-1.0192790540794519
37852,3,-0.8271064486403261
37873,3,-0.9661133756739637
37878,3,-0.9749341484996992
37881,3,-1.101474316738478
37897,3,-0.8533401243301953
37903,3,-0.7701085888177425
37906,3,-0.8997675426693141
37921,3,-1.1050637578086107
37948,3,-0.9678904657132967
37966,3,-0.8563239040083799
37980,3,1.0200069543859647
37981,3,-1.0560134005076403
37983,3,-1.0129225132504787
37999,3,-1.0328574520081637
38001,3,-0.7527558330347471
38012,3,-1.1301281078347545
38016,3,-0.9542605560110322
38052,3,-1.0325931098864283
38065,3,-0.9394971157334822
38076,3,0.7783715074616144
38091,3,1.0886709088909694
38103,3,-0.8748806960063715
38116,3,-0.9940784292956163
38117,3,1.0186133840536726
38120,3,-1.003731240694782
38129,3,-0.9553822596503034
38130,3,-0.984725759339139
38135,3,-1.0674508369792406
38139,3,-1.263158441581891
38149,3,-0.8473383305177011
38150,3,-1.017039442092531
38152,3,-1.1070990860244974
38161,3,-0.901684341138323
38162,3,-0.9949727033663714
38164,3,-0.9999170644822624
38174,3,-1.039651045717702
38181,3,-0.7255080953013837
38188,3,-0.632537993501862
38193,3,-0.9149729586207298
38194,3,-0.8797419829470571
38201,3,-1.02980798607936
38226,3,-0.9877362241116847
38227,3,-1.0341237490359816
38235,3,-0.9818925966797363
38237,3,-0.89245520277545
38240,3,-0.89245520277545
38245,3,0.8215696040150395
38252,3,-0.8888160638015897
38253,3,-0.48903908210822644
38255,3,-1.0098274204494126
38256,3,-0.5306627299043583
38259,3,-0.6748089724926051
38272,3,-0.47255402799671903
38277,3,-0.6198560295212276
38288,3,-0.8363876766685936
38294,3,-0.8816339935060794
38295,3,-0.8718489733661321
38309,3,-1.0522648691073269
38313,3,-0.8000022243231673
38318,3,0.37773739288681085
38336,3,-0.701001619029097
38342,3,1.1735895696466285
38343,3,-0.5101134573188689
38347,3,0.5750684684778953
38353,3,-0.8800193095990408
38354,3,0.9164187312300365
38356,3,-0.8377219141027287
38367,3,-1.1181090734336578
38369,3,-1.1336638630343783
38374,3,-1.1261145672468915
38378,3,-0.9745775683160491
38384,3,-0.8469694718785857
38406,3,-1.0409804826501055
38408,3,-1.0063679450476306
38409,3,-1.0055284470250494
38411,3,1.0062076620619527
38414,3,1.0286218507968505
38417,3,-0.8800585540896627
38419,3,0.9728186854158474
38429,3,-0.8099261796314834
38433,3,-0.5579463258617662
38442,3,1.1298540544578863
38443,3,-0.48730313547824566
38450,3,-0.6349562505588446
38463,3,-0.8443714159982901
38473,3,0.21056303134967347
38494,3,-0.38841816190988854
38496,3,0.8489862740689453
38498,3,-0.4987614192006751
38507,3,-0.9114014971147106
38509,3,-0.950915667342336
38512,3,0.9537345836812869
38519,3,-1.1886439913755655
38520,3,-1.0423445398098738
38532,3,-1.027635173422828
38540,3,-0.8040401428220035
38541,3,-0.48919419599385827
38548,3,-0.9218483102685175
38563,3,-0.8691935477612217
38590,3,-0.6516588536302593
38603,3,-1.033091324491815
38617,3,-0.844596947555105
38620,3,0.9167833199651796
38626,3,-0.7131227452459732
38628,3,-0.9424767269054692
38631,3,-1.0915180001750162
38641,3,-0.852429152631694
38642,3,-0.8426668312824834
38660,3,-0.8789296361627065
38663,3,-0.9074520833662615
38667,3,1.038543384576749
38669,3,-0.888823269280159
38672,3,-1.058078218650272
38687,3,0.9635663320339438
38691,3,-0.9321002719716763
38692,3,0.7857027852416043
38697,3,-0.330369685792219
38701,3,-1.1213246514082722
38704,3,-1.1131032393090479
38718,3,0.8211756837841906
38732,3,-1.1016612194938606
38737,3,-1.1821696462503923
38747,3,-0.7765215832065093
38751,3,-0.6995673937831702
38754,3,0.9060329648596319
38756,3,0.8634454088039369
38760,3,1.0151186276976907
38762,3,0.5955669999855835
38767,3,-1.1744688028990304
38768,3,-0.826859701888909
38773,3,-0.9117616734809946
38778,3,-0.8471763291492294
38780,3,1.1378066904842952
38784,3,-1.0563028875742873
38785,3,-0.9750183715179157
38787,3,-0.9417200113626621
38800,3,0.7253581017241986
38805,3,0.8510192664955429
38814,3,-0.7748926167225173
38827,3,0.681114496326455
38833,3,0.6862011363440337
38844,3,-0.9290120791146232
38858,3,-0.9849985718329758
38861,3,-0.8933420323348578
38868,3,-0.7781500929408887
38880,3,-0.7547255670575695
38884,3,-0.8462797998767208
38890,3,-1.0031975003893072
38899,3,-0.6753611890073753
38915,3,1.2353479971585564
38935,3,-0.7579876877917141
38944,3,-0.5856508856365201
38953,3,-0.7857676217500613
38958,3,-0.6364295366357867
38959,3,-0.5315100488771158
38973,3,0.9357314943379993
38974,3,0.6960731335607226
38975,3,-0.7091685014796478
38977,3,1.1456438658114703
38980,3,-0.49581791443201906
38990,3,-0.6116482427241714
38998,3,1.0784786335705758
39005,3,-0.35673641374705783
39006,3,-0.5500754328830407
39009,3,-0.3736304129091194
39015,3,-0.9882473136373794
39024,3,-0.8411498909496838
39035,3,0.9561334766156695
39052,3,-0.630412247232611
39056,3,-0.7060016189212256
39073,3,-0.8853787543796409
39075,3,-0.950294188687395
39088,3,-0.6044502197088868
39089,3,-0.4941819451595326
39095,3,1.0389244968348286
39098,3,-0.9580494237592633
39112,3,-0.595405800656337
39142,3,0.8682199603893239
39145,3,0.6821131135030045
39146,3,0.8139083899468924
39151,3,1.1088359892558186
39152,3,0.9300837114686178
39170,3,-1.05943448158648
39188,3,0.6447548657089233
39207,3,0.9518693777634095
39210,3,0.05842154771618746
39217,3,1.1804947709873244
39225,3,1.0042915061474926
39232,3,-0.35653464898885745
39234,3,0.6369049988524136
39236,3,-0.9073284525026316
39256,3,0.9513155079505191
39292,3,1.0119760827635604
39312,3,0.5985044985669055
39314,3,1.305544083802277
39327,3,-0.3139089002344587
39350,3,0.4488282174565281
39351,3,0.3265858729858281
39354,3,0.6646183472001599
39366,3,-1.0645822372078655
39368,3,-0.9415616943594811
39369,3,-0.85928411492222
39371,3,-1.0155983447181895
39382,3,0.5312326760693138
39385,3,1.0037084650459211
39394,3,0.8141547949739103
39399,3,-1.2820026556787056
39403,3,0.3301319069684201
39404,3,-0.3659447168747242
39422,3,0.5442466813342022
39425,3,-1.1125162182520014
39428,3,0.3796605609900092
39466,3,0.48934690694543304
39473,3,0.9461084657649435
39476,3,1.022217028294117
39485,3,-0.9103449258638292
39487,3,0.16302274488955937
39491,3,0.8802919438092431
39506,3,0.32306581885579055
39508,3,-0.3694784880167544
39522,3,0.5128687961992842
39526,3,-0.8942692152976188
39531,3,0.45175563748672043
39533,3,-1.1284476720755823
39536,3,-0.1958513831161139
39541,3,0.6502868797702512
39542,3,0.7467507502651194
39546,3,0.7830251479755954
39561,3,-1.077051943524498
39566,3,0.04981847724889621
39571,3,-0.7682711975146456
39588,3,0.8185403126270512
39591,3,0.4572065222979922
39593,3,-0.9030832052977132
39602,3,-0.32543120979360846
39617,3,-0.6485992665795596
39620,3,0.4137197837543851
39623,3,0.8698879829786386
39626,3,1.023651837999843
39628,3,-0.7045895548765823
39678,3,0.3096797080744411
39685,3,0.8898065970354325
39686,3,0.5792294230134971
39691,3,0.5179642865244043
39697,3,0.41603467204669564
39708,3,1.1590285010860393
39710,3,-0.9391339555273557
39718,3,0.20619011419551114
39724,3,-0.5968160094188313
39725,3,-0.11623978004475854
39732,3,0.7370010349209368
39752,3,0.00970948948292738
39757,3,-1.068477592209246
39761,3,-0.7635780639072762
39766,3,0.2967137958680244
39767,3,0.7032156014785076
39768,3,0.46415176768583666
39771,3,0.3363143989285593
39774,3,0.3362160651321868
39775,3,0.4228468071369704
39776,3,0.32766572544531614
39782,3,0.4208349413900072
39788,3,-0.82940158104711
39790,3,-1.0554276885366263
39795,3,0.3072253279538659
39811,3,1.0674122817137814
39818,3,-1.1169278849037554
39819,3,-1.0843516755966376
39827,3,0.8767959547771977
39830,3,1.1651182149558903
39836,3,0.43083224735666503
39845,3,0.7253036048685821
39852,3,0.37801004240584457
39853,3,0.25183993117613457
39855,3,0.21548755153070354
39864,3,0.1034566889436257
39867,3,0.8838335218225506
39873,3,1.1933675440120983
39874,3,1.0394188250435525
39883,3,1.2529848091581874
39886,3,-1.0798853907174686
39887,3,0.28778348242774854
39893,3,1.216178441556636
39900,3,-1.3600124816093695
39913,3,0.7434254128549243
39917,3,0.5720969383079753
39918,3,1.2957189221418577
39925,3,0.2792708881131676
39930,3,0.4041837963029884
39931,3,0.45260219964524273
39948,3,0.36197704764649985
39956,3,-0.6105711951070245
39976,3,1.2917670604201004
39986,3,0.36742308049871064
39995,3,0.46957317463537485
40001,3,-0.3336975916838454
40005,3,0.7607509430705666
40010,3,-0.8006580741271039
40018,3,-0.8134733208467171
40027,3,-0.2722411299370574
40039,3,0.4331099234873046
40043,3,-0.7089206261588544
40048,3,1.0386165821043591
40054,3,-1.518492008316462
40056,3,-0.545328724026989
40090,3,0.7659936359128314
40093,3,-1.0853818826576276
40098,3,-0.11181817283508011
40106,3,0.39459761414309935
40107,3,0.22776667388575578
40122,3,-0.6296071515450457
40130,3,-1.0232444072182867
40132,3,0.9712631217225152
40134,3,0.9831741037005626
40153,3,1.1098690065332704
40162,3,-0.14191435838480992
40168,3,0.8083691688890551
40171,3,1.1445745833381875
40177,3,1.0838633247509983
40183,3,1.094361526609291
40189,3,0.445117887214705
40190,3,-1.0046493291406131
40192,3,1.060510899829392
40194,3,0.5979271618937134
40201,3,0.9882255032885083
40209,3,0.6588581365979436
40211,3,-0.7993210592551653
40215,3,0.1950104079674877
40219,3,1.0434209299906103
40221,3,1.0816840758797583
40223,3,1.0069992167998618
40227,3,0.8908596672069777
40229,3,1.4817609193897014
40239,3,0.6456650324036917
40243,3,0.7676088421943954
40244,3,-0.7133060567752861
40255,3,-1.0746776952525092
40261,3,0.6489257393827794
40272,3,0.8396775616544505
40275,3,1.2653002408751832
40284,3,0.8357365778349513
40291,3,1.1297044577240178
40292,3,-1.2386585853644725
40294,3,1.3620888478291986
40297,3,-0.5437979287794539
40298,3,1.08635383332742
40301,3,0.6996237789337905
40304,3,0.5361460078484022
40309,3,1.131202717009741
40311,3,-0.5670498030182295
40319,3,0.8393585238580068
40321,3,-0.911003649280518
40323,3,0.32708115317049213
40327,3,-0.014726454157267477
40339,3,-0.600847824857529
40340,3,-1.2434214010348286
40363,3,0.6834369635502056
40376,3,0.6246634578698191
40377,3,0.8181279960170653
40382,3,1.2131621106855262
40384,3,1.1857874062835732
40389,3,1.3752699699543325
40398,3,1.0260690655607048
40412,3,0.7022630947552946
40420,3,0.660180965659261
40429,3,-1.2033564597365705
40430,3,0.6202089844400858
40431,3,-0.7411123566120935
40437,3,-1.1574822526748134
40438,3,0.7176860304478772
40451,3,-0.5660354874078746
40455,3,0.6338483871676674
40465,3,0.9668495914037534
40466,3,1.0689168438081829
40470,3,1.4198249922098956
40472,3,1.3394648437550118
40481,3,-0.0317840739738704
40492,3,1.067062972138978
40509,3,0.003469802059867688
40510,3,0.6737757936510071
40511,3,-0.637158286545285
40514,3,0.9201793728632042
40516,3,-0.8079938464327436
40520,3,0.6657882046299317
40529,3,-1.0882040219333544
40530,3,-0.4708690794815156
40545,3,-0.4772887622857817
40561,3,-0.6762331694141156
40564,3,0.611226424081369
40573,3,0.9887387290354519
40576,3,0.7384916515938016
40588,3,-0.46263654023940914
40589,3,1.2037191569295849
40591,3,0.7585992803015733
40596,3,1.0995016876421397
40599,3,0.18030142711899555
40601,3,1.0603610016074636
40610,3,0.9833128866660608
40618,3,-1.4065014036893324
40626,3,-1.0845691132280115
40641,3,-1.004390905106651
40661,3,1.3264152174079684
40665,3,0.7297061818498582
40673,3,0.37758751525320333
40674,3,1.0098292710156027
40675,3,1.0104540825595265
40695,3,0.3166495543887189
40705,3,-1.3125298657611766
40710,3,-0.7503707094326845
40718,3,0.65562390278442
40723,3,1.2398330475278028
40726,3,1.1315703552432865
40729,3,0.7863025897279707
40747,3,1.2265233950613141
40751,3,0.6621683257420594
40756,3,0.0034111704278246835
40759,3,0.5960777876339991
40761,3,0.5236607625461462
40766,3,0.859254886782465
40768,3,0.5341748056841291
40771,3,-0.7517491006107339
40782,3,-1.3216554341517464
40783,3,0.7421179338878399
40791,3,0.9516061507242524
40796,3,-0.7102984453190699
40809,3,-1.0033397469048073
40810,3,-1.0620346828867893
40819,3,0.9066342707935244
40820,3,-1.1262715382263402
40823,3,0.48953151318258015
40832,3,0.731183258058345
40837,3,0.6526097628469139
40842,3,-0.6102632846894335
40846,3,-0.9050282003259209
40851,3,1.1647384909964904
40854,3,0.9983195710078996
40859,3,-0.8375528042889909
40860,3,-1.035366348395386
40866,3,0.9164076246650634
40867,3,0.12996190160821752
40871,3,0.07258963162266263
40873,3,-0.960972826938303
40887,3,-1.1262089048199944
40890,3,-0.9453384864368582
40897,3,-0.8209162172058704
40910,3,-0.4661148282988987
40911,3,-0.4005910310142111
40926,3,-1.0584716962295209
40933,3,-0.6674623352731255
40935,3,-1.004792004698094
40940,3,0.4386646411137991
40968,3,0.546946476078982
40970,3,0.49278714758343
40974,3,-1.0966656184989234
40978,3,-0.5653650346487225
40985,3,-0.8541101192083014
40987,3,-0.8687098758636252
40996,3,-0.8238885673340027
41005,3,0.9144450974010594
41009,3,0.6837759215829791
41012,3,0.829359909617617
41013,3,0.7245201319662526
41015,3,-0.498266299621953
41023,3,-0.8872585638589322
41026,3,1.0798594600331326
41030,3,-0.36031457476510115
41035,3,0.9226659154613175
41039,3,-0.6671786783708387
41044,3,0.6357620599320366
41054,3,0.0542072750199708
41057,3,0.6587397188529027
41063,3,-0.08751740627858473
41067,3,-0.9816208981154307
41077,3,-0.006929363217765827
41083,3,-0.7652678291290018
41098,3,-0.04863453226376424
41125,3,-0.36769515136206776
41128,3,-0.4672344394891397
41150,3,-1.1250955575857933
41156,3,-0.8021164695080005
41160,3,-0.2420104897779239
41162,3,1.0357841234582503
41170,3,-1.0863809895564078
41178,3,0.42394322801706585
41179,3,-0.9041905995528392
41185,3,-0.6887103216104697
41186,3,-0.6989057468370279
0,4,-1.006400720442495
5,4,-1.0000272577710625
27,4,-0.9964029923681097
33,4,-1.0031071085161392
35,4,-1.0132111860702047
38,4,-1.008551986216201
49,4,-0.9997556907925711
57,4,-0.9997288058330307
58,4,-0.9946610441761279
61,4,-1.0007117097432927
87,4,-1.014858584322929
92,4,-1.0049041589949042
93,4,-0.9972294254214908
97,4,-1.0091131251527188
98,4,-1.0059940075295895
103,4,-1.0055413487472638
107,4,-1.002216036864982
116,4,-1.0033851570860879
119,4,-1.0033267454458743
131,4,-1.0019793180176209
132,4,-1.0249311561758099
135,4,-1.0040496044401657
144,4,-1.0117749113209544
147,4,-1.0048293135940058
157,4,-1.016662448043877
163,4,-1.0015671168438964
165,4,-1.0017948541182526
171,4,-1.0037632774172889
193,4,-1.0033704555946137
200,4,-1.0020754946682022
217,4,-0.9974110725715544
218,4,-1.006968938014538
224,4,-0.9995195118960888
230,4,-0.9995123529619874
233,4,-1.0072058701691537
237,4,-1.0059605553121949
242,4,-1.0114302578944279
248,4,-1.0105031320223565
249,4,-1.0084598195067471
253,4,-1.002029701819842
261,4,-1.031612579546806
262,4,-1.0014439092606549
272,4,-1.0049503526652055
277,4,-1.0094078134599878
280,4,-1.0082031000284442
281,4,-1.002640157378083
284,4,-1.002786631039087
291,4,-1.0037028793565281
295,4,-1.0044676906510417
297,4,-1.0084936382207346
298,4,-1.001531224572986
300,4,-1.0072901095744404
302,4,-1.020180745899249
307,4,-1.0102408652554435
311,4,-1.0107453745627524
326,4,-1.0125146243161631
340,4,-1.0116965847368995
350,4,-1.0047486949075741
355,4,-1.0019386766308545
362,4,-1.003169948521022
366,4,-0.9986514697676854
374,4,-1.003630160752964
377,4,-1.000422510515488
389,4,-1.001619500492321
390,4,-1.005001774989486
391,4,-1.0120603189472412
402,4,-1.008629078439132
408,4,-1.0014877508832782
417,4,-1.00429873586077
419,4,-0.999696948347216
459,4,-1.0032445221665147
460,4,-1.0130522110993778
461,4,-1.010092942121578
462,4,-1.0046067674868748
468,4,-1.0008504771179079
471,4,-1.017141586975887
472,4,-1.0036130549668465
479,4,-1.0018284820172862
480,4,-1.0121127882199277
482,4,-0.9964464451494564
512,4,-1.0063272692558132
517,4,-1.0092025894955565
520,4,-1.0239669357662367
528,4,-1.0033394135994784
530,4,-0.9998812344182605
536,4,-0.9998040418744467
539,4,-1.0027680491040813
547,4,-1.0081381842783907
548,4,-1.0012258202449846
549,4,-1.004366441168676
550,4,-0.9998447242879192
552,4,-1.003266235992581
555,4,-1.0010221556333003
556,4,-1.0049823265514664
562,4,-1.0025196005063723
571,4,-1.0302346514721568
591,4,-1.0094472257244662
594,4,-1.0024958427021518
598,4,-1.0095470592317843
607,4,-1.005013955250102
609,4,-1.0076373419559461
625,4,-1.010227914066696
635,4,-1.0085808028729577
639,4,-1.0094797379592357
647,4,-1.0039459454548563
660,4,-1.0025263858040743
671,4,-1.0089698345502631
672,4,-1.0001503176948758
681,4,-1.019126991690776
683,4,-1.013194655288375
691,4,-1.010104535492041
693,4,-1.0044334363166
695,4,-1.0048397314079016
696,4,-1.0012874117190722
704,4,-0.9946339988503877
708,4,-1.0031457861436393
715,4,-1.0008917144927867
725,4,-1.0008917144927867
737,4,-1.00248376183334
766,4,-1.0007941451356344
774,4,-0.9987668714847764
782,4,-1.0060612736826757
785,4,-0.9992488607418352
791,4,-1.0136257079611402
802,4,-1.0081782629974556
803,4,-1.004920431600767
808,4,-0.999748839712526
811,4,-1.0049564817992314
816,4,-1.0027318412465984
818,4,-1.0161179689203816
825,4,-1.004931478424209
831,4,-1.0037809231355703
833,4,-1.0047477393155957
834,4,-1.000790568589021
843,4,-1.0049155677203407
847,4,-1.0000549887830386
853,4,-1.0029259989642214
855,4,-1.0011543545166304
859,4,-1.0141657950596836
860,4,-1.0024745309716105
874,4,-1.0019008365314324
900,4,-1.0018183189163037
902,4,-1.0072977881894913
903,4,-1.0426136927244933
904,4,-1.0045682314773925
907,4,-1.019529415786454
908,4,-1.0159163244509142
926,4,-1.0041998865388946
928,4,-1.0005999391167804
931,4,-1.0011058046271968
945,4,-1.0018105401878772
947,4,-1.0064738530011967
955,4,-1.0021625575041533
956,4,-1.0128398593236905
964,4,-1.002077843546591
970,4,-1.005224909390171
981,4,-0.9990543800853148
982,4,-1.0250743683142258
986,4,-1.0016666962165066
999,4,-1.0176993449249323
1013,4,-0.9992757433657573
1018,4,-1.0007091286495242
1019,4,-1.0027840365943823
1022,4,-1.0047732003224719
1023,4,-1.0053732414168344
1024,4,-1.0419663223319457
1029,4,-1.004212719349688
1051,4,-1.0089977225426228
1055,4,-1.0026400484470273
1059,4,-1.0091325698471352
1061,4,-0.9977919014467764
1066,4,-1.0124062893353876
1068,4,-0.9956765409837129
1076,4,-0.9981583003938026
1083,4,-1.0045118401591293
1086,4,-1.0089706388741204
1107,4,-1.0054139018295847
1122,4,-1.0004261962085201
1127,4,-1.0016036578764487
1132,4,-1.0049197343753076
1133,4,-1.0034619862776513
1143,4,-1.0027921742351846
1145,4,-1.001957910490718
1148,4,-0.9999780268689629
1170,4,-1.0052813392084434
1171,4,-1.0056873841173626
1173,4,-1.005449286606317
1179,4,-0.9981431058174541
1180,4,-1.0027568996574816
1184,4,-1.0042422270284397
1187,4,-1.0071250860636418
1189,4,-0.9999527782878825
1197,4,-1.001450633619414
1198,4,-1.0011258981645035
1209,4,-1.0019439743513778
1213,4,-1.0046002152293894
1221,4,-1.0156831635918124
1238,4,-1.0054074766503007
1242,4,-1.0046255229435863
1255,4,-1.0014596264487639
1258,4,-1.004265113578896
1271,4,-1.0108992319256664
1273,4,-1.0162714000539201
1281,4,-1.0028334447554048
1282,4,-1.0043619632334808
1283,4,-1.002896842024772
1287,4,-1.0046608072241852
1302,4,-1.001669853084639
1306,4,-1.027352085427745
1310,4,-0.9992847204303357
1316,4,-0.9936922592821962
1324,4,-1.0013178709704986
1325,4,-1.0014699199785635
1332,4,-1.0096641602556495
1338,4,-0.9998651065184834
1350,4,-1.005271566046698
1353,4,-1.00143046802977
1361,4,-1.001830643020358
1362,4,-1.0042717847794331
1380,4,-1.0124637964680625
1394,4,-1.0032028242816675
1400,4,-1.0016919364067722
1409,4,-1.0057471131462012
1412,4,-1.018079573955708
1416,4,-1.006393514693167
1417,4,-1.008359902569463
1444,4,-1.0027967752209357
1445,4,-1.012863021303633
1447,4,-0.998932085371617
1448,4,-1.005131326172177
1465,4,-1.006469050540612
1471,4,-1.001031935837756
1473,4,-1.0185563816330339
1474,4,-1.0019045569532734
1475,4,-0.9996104223650885
1479,4,-0.9989405472704369
1481,4,-1.0047632877470334
1490,4,-1.004487880083047
1494,4,-1.0187339715934725
1495,4,-1.0034256691871775
1511,4,-0.9988521905520934
1523,4,-1.0042829963519155
1536,4,-1.0046875144079586
1541,4,-1.003096519133589
1544,4,-1.0124786215988444
1548,4,-1.0037594241998433
1552,4,-1.0010067642902014
1553,4,-1.0042807814527945
1566,4,-1.004243570234117
1578,4,-1.0006404941587452
1586,4,-1.00792513068704
1588,4,-1.0040157555765263
1593,4,-1.000395414524574
1594,4,-1.0001727161057627
1595,4,-1.0077318190997584
1600,4,-1.0141208447520955
1606,4,-1.0097950501801456
1612,4,-1.0064303494626916
1616,4,-0.9999005831522909
1628,4,-1.0006635141503173
1647,4,-1.0011771637952551
1648,4,-1.0012874374959209
1657,4,-1.0024316860099525
1658,4,-1.0091850207057136
1687,4,-1.0046032780777143
1692,4,-1.0028393933489477
1699,4,-1.00462334106172
1709,4,-1.0008899576002155
1714,4,-1.0028314792991
1721,4,-1.00212519025164
1724,4,-0.9999649432683525
1727,4,-1.0093697270510766
1729,4,-1.0000560253412145
1732,4,-1.0053789796893988
1736,4,-1.0039845138824908
1737,4,-1.018809818286353
1741,4,-1.0031511072960757
1750,4,-1.0046383591214374
1753,4,-1.0005740378129988
1766,4,-1.0015177778218056
1770,4,-1.0052252823019006
1771,4,-1.0147263995334168
1779,4,-1.0041307371871622
1804,4,-1.0006339732890983
1806,4,-0.9995868290763918
1818,4,-1.0042346023628184
1822,4,-0.9999919984749439
1831,4,-1.0027649445407412
1833,4,-1.0032185384158154
1834,4,-1.0080946594885223
1837,4,-1.0011021045699966
1839,4,-1.0310531053424068
1842,4,-1.0029719206570467
1848,4,-1.005919646867565
1859,4,-1.0139681887335183
1867,4,-1.0022924023685769
1878,4,-1.0065828725918324
1885,4,-1.0144758018299687
1894,4,-1.0001642336986751
1899,4,-1.0061006565446071
1901,4,-1.0149560367082473
1902,4,-1.0123503101983915
1916,4,-1.002242312740648
1921,4,-1.0190550965185947
1922,4,-0.9991071735641696
1927,4,-1.0144883578930695
1929,4,-1.0075716713961076
1931,4,-1.0184399538226665
1933,4,-1.001250121293425
1937,4,-1.0046975010386157
1954,4,-1.0002340496496442
1955,4,-1.000501691826511
1966,4,-1.0080061199633568
1973,4,-1.0051159984028273
1982,4,-1.0041078148404037
1983,4,-1.0052543040016042
1984,4,-1.0012110836404855
1996,4,-1.0021331774233906
2009,4,-1.0025039698222886
2017,4,-1.0023464619914124
2020,4,-1.0066802240750206
2025,4,-1.0075752582853417
2035,4,-1.005424027413499
2038,4,-0.9994467275916542
2049,4,-1.0057967911651748
2063,4,-1.0118137943256016
2071,4,-1.008101774552335
2072,4,-1.00807569490159
2074,4,-1.0101118250948575
2076,4,-1.0072585902193905
2086,4,-1.0044175620664375
2089,4,-1.000275031556257
2099,4,-0.9921402969840272
2101,4,-1.0113829411252429
2102,4,-1.0096568568433493
2106,4,-1.0055706604700811
2107,4,-1.0067194807732092
2110,4,-1.0029958132675891
2121,4,-1.0057239561499296
2132,4,-1.0381641572940659
2135,4,-1.0070311908777871
2138,4,-1.0019286317706022
2144,4,-1.0062684030811702
2149,4,-0.996900429605141
2155,4,-1.040883808240142
2158,4,-1.0026923562454146
2169,4,-1.0024045340686092
2171,4,-1.0030691232662683
2174,4,-1.0013932252529336
2179,4,-1.0049592013815531
2184,4,-1.004647596959746
2192,4,-0.9995553950788801
2214,4,-0.99998701291209
2215,4,-1.0009098140408477
2217,4,-1.0052227725887724
2241,4,-1.0038150131947452
2246,4,-1.0050303280014514
2259,4,-1.002345537049941
2269,4,-1.0286020521631016
2271,4,-1.0003130362493104
2276,4,-1.0018436668950275
2283,4,-1.0057966899534587
2291,4,-1.0075206420309804
2298,4,-1.0079139969971531
2299,4,-1.007511174373879
2300,4,-1.0039695996884266
2308,4,-1.002155977375832
2310,4,-1.0188622525865538
2312,4,-1.007397154737741
2324,4,-0.9999413009146291
2327,4,-1.0001643646660279
2330,4,-1.0070083533046996
2339,4,-1.0012954829391694
2340,4,-1.0035544741267606
2341,4,-1.007397154737741
2343,4,-1.007397154737741
2344,4,-1.0139859093336185
2348,4,-1.0032468881621646
2353,4,-1.0061308077544266
2357,4,-1.0024229000563052
2361,4,-1.0002718428207087
2362,4,-1.0020282687657294
2369,4,-1.0035601079761958
2371,4,-1.0017610446988021
2376,4,-1.0083183062251733
2378,4,-1.00640545742993
2382,4,-1.0041509054540905
2386,4,-1.0227196130092104
2388,4,-1.0021838542443395
2394,4,-0.9998162451960149
2402,4,-1.0092261630306476
2404,4,-1.0014142154585435
2406,4,-1.0037847430779263
2408,4,-1.0001265014740754
2411,4,-1.0037237618207682
2415,4,-1.0051422689659022
2420,4,-1.0077953271218907
2422,4,-1.0062781017122653
2434,4,-0.9997417447249629
2436,4,-1.0091531456879899
2437,4,-1.0285377969733407
2452,4,-1.0165126414318746
2462,4,-1.0054600695464713
2472,4,-1.0035223293851563
2480,4,-1.0040625528989027
2491,4,-1.0004088550891732
2492,4,-1.0135602746128707
2498,4,-1.004279105382663
2509,4,-1.0111873818287238
2510,4,-1.0027627770230036
2515,4,-1.00316757088517
2517,4,-1.0006070172851462
2543,4,-0.9929192118013825
2546,4,-1.0067159550908173
2555,4,-1.0018428020663321
2558,4,-1.0013267884650006
2564,4,-1.0135517635079268
2565,4,-1.0004707044215144
2568,4,-0.9984777385187171
2584,4,-1.0155501442062467
2594,4,-1.0029868731376936
2605,4,-1.024410757718719
2612,4,-1.001258717918814
2613,4,-1.0087991674418326
2621,4,-1.0096388596246797
2637,4,-1.0241581318943438
2638,4,-0.9996039415046578
2648,4,-1.0121833544935048
2649,4,-1.0051197208218214
2654,4,-1.0021008599433432
2657,4,-1.0009756080674048
2660,4,-1.0398492335953509
2666,4,-1.0118151291911082
2675,4,-1.0082197567166706
2683,4,-1.0023373387038017
2689,4,-1.0131910057480387
2691,4,-1.0030313273193807
2694,4,-1.0022145781702572
2699,4,-1.0029993297603363
2703,4,-1.0068937625611383
2712,4,-1.0007501531828342
2713,4,-1.004763595506121
2718,4,-1.0004953889283956
2727,4,-1.0049723312457193
2729,4,-1.0041192002583343
2735,4,-1.0144997694143445
2739,4,-1.000996666302236
2742,4,-1.006380886013486
2749,4,-0.9984632807452015
2763,4,-1.0052762532636044
2766,4,-1.0036048970426874
2779,4,-1.0182548782154628
2782,4,-1.0080308555357633
2785,4,-1.0250527640449052
2794,4,-1.0072670836169029
2807,4,-1.006546818734936
2812,4,-1.0011387686808373
2813,4,-1.004031006861523
2819,4,-1.0109597579409157
2829,4,-1.0017287802094368
2834,4,-1.005272554991958
2835,4,-0.9998768262502602
2836,4,-1.0047727621560611
2844,4,-1.0687610227451723
2853,4,-1.0053025299695661
2889,4,-1.0015437873005009
2892,4,-1.0080136871325733
2914,4,-1.010405120794782
2922,4,-1.0045575090391567
2923,4,-1.0002595827348089
2926,4,-1.0370120406331231
2928,4,-1.0083081653511785
2931,4,-1.0021145617950926
2937,4,-1.002825600876585
2948,4,-1.0077997604459363
2958,4,-1.0012829590874923
2969,4,-1.0018489408692521
2971,4,-1.0005905285787364
2978,4,-1.0004953889283956
2985,4,-1.0091581200012216
2996,4,-1.001873041585528
3004,4,-1.0036538583293548
3017,4,-1.0015492360052871
3018,4,-1.0074377369669274
3026,4,-0.9955510494859791
3030,4,-1.0251927681609883
3057,4,-0.9986559435533578
3059,4,-1.004624239579055
3062,4,-1.0101241305012625
3069,4,-1.000868985135861
3073,4,-1.0073579825697074
3085,4,-0.9996784627191271
3088,4,-1.0053997969121067
3089,4,-0.9998884267582947
3090,4,-1.005992852156467
3099,4,-0.9944869829374519
3108,4,-1.0043388133485507
3110,4,-1.0041663589325482
3117,4,-1.0076247640334812
3123,4,-1.008775368140155
3128,4,-1.0038567043066284
3129,4,-0.9997163753920194
3141,4,-1.006434827581163
3146,4,-1.0092530414783707
3148,4,-1.0031980261492133
3172,4,-1.0000879985502018
3173,4,-1.0135744506330664
3175,4,-0.9979416985048538
3176,4,-1.0064542778594059
3193,4,-1.0067361898797418
3194,4,-0.9992230421231765
3199,4,-1.00572329137773
3203,4,-1.009236609418533
3221,4,-1.0061312638099376
3222,4,-1.0044442016349149
3246,4,-1.0060099227172752
3249,4,-1.0077977780166443
3252,4,-1.009619905375575
3261,4,-1.002500783333347
3262,4,-1.0057744188313085
3265,4,-1.0321205274673426
3271,4,-1.0042551421023145
3275,4,-1.0043355910332474
3283,4,-1.0035339647547876
3288,4,-1.013705538446813
3299,4,-0.9994816220034762
3309,4,-1.0042381242702287
3316,4,-1.0033182166940824
3328,4,-0.9981658045915202
3330,4,-1.004004288129127
3342,4,-1.0027159877704757
3346,4,-1.0175433819287774
3348,4,-1.0264832161675002
3355,4,-1.007565706056482
3357,4,-1.002338163572451
3360,4,-1.0195114594749484
3362,4,-1.0000023128316593
3369,4,-1.004343057280125
3381,4,-1.0039441942641902
3382,4,-1.0083941058045438
3386,4,-1.0013173301156615
3387,4,-1.0084619433254267
3390,4,-1.0050022699323051
3393,4,-1.0023205176882795
3395,4,-1.0044310304580768
3398,4,-1.0114063099276398
3400,4,-1.0005383456704204
3404,4,-1.0083532275081468
3406,4,-1.002355322920262
3419,4,-1.0026813831658734
3421,4,-1.0145233708470978
3437,4,-1.0149523613943747
3441,4,-1.0034564815516522
3442,4,-1.0343224217072624
3444,4,-1.000648861677878
3448,4,-1.0105546953780191
3449,4,-1.0023931555253627
3450,4,-1.0005774029926975
3456,4,-1.0145049793331986
3459,4,-1.0203943099446493
3464,4,-1.009421395184337
3465,4,-1.001274848343236
3486,4,-1.00163665741122
3494,4,-1.026397419661591
3497,4,-0.99218680943986
3505,4,-1.0099349452988784
3512,4,-1.001856604993999
3514,4,-1.0408693617937714
3517,4,-0.9989665798654059
3518,4,-1.000245139815558
3523,4,-1.0039140972417948
3527,4,-1.01043899445407
3535,4,-1.0104098410242006
3543,4,-1.0145291342851084
3549,4,-1.0203512258351486
3550,4,-1.0010983220575553
3562,4,-0.9992304779075317
3566,4,-1.0005270362361154
3572,4,-1.0014374817433818
3575,4,-1.0030893404210164
3579,4,-0.9993189316112279
3584,4,-1.01213817400328
3594,4,-1.0030153500702832
3601,4,-1.0083516237010217
3602,4,-1.0090185677979515
3610,4,-1.0082010734929705
3612,4,-1.0105256867908519
3615,4,-1.0018850320464816
3622,4,-1.000001946247195
3626,4,-1.005738307525007
3643,4,-1.011359002491809
3652,4,-1.0104146999981058
3666,4,-0.9982218079004661
3668,4,-1.0040658867755483
3676,4,-0.9977764446507742
3678,4,-1.0018200541732099
3690,4,-1.0013553555291428
3707,4,-1.0043262461236049
3709,4,-1.0044446116321915
3716,4,-1.0083003226824543
3718,4,-1.011903646618072
3719,4,-1.0029101041101187
3726,4,-1.00086462876151
3733,4,-1.01228869173606
3747,4,-1.0137681543796382
3751,4,-1.0022134406774545
3782,4,-1.0175428273758154
3786,4,-1.0062699313455084
3791,4,-1.0003884536558671
3796,4,-1.0481337137121347
3821,4,-1.0056746817512783
3824,4,-1.0080186987535498
3837,4,-1.0102029812257007
3839,4,-1.0064533544522538
3857,4,-1.0029361763988311
3865,4,-1.0048211076408353
3882,4,-1.0110175167418012
3896,4,-0.9743110594535758
3904,4,-1.0113393380342535
3905,4,-1.002162930203057
3908,4,-1.0059644675934574
3909,4,-1.008472282802753
3916,4,-1.0051058023723107
3920,4,-1.0025982721891318
3926,4,-1.0000026940693005
3931,4,-1.0050527851990405
3941,4,-1.0065802589182749
3963,4,-1.0060063511534758
3966,4,-1.0032032591278446
3983,4,-1.0605577828936639
3985,4,-1.006295167570627
3987,4,-1.0085031499283454
3994,4,-1.0107707667693178
4000,4,-1.0197774087682074
4001,4,-1.0079810725566998
4006,4,-1.0094197286385163
4014,4,-1.0032653329143415
4017,4,-1.0049520790582354
4021,4,-1.0072187211530086
4028,4,-1.0047188832292846
4035,4,-1.015637546941073
4064,4,-1.0025802165914386
4073,4,-1.00238320871795
4074,4,-0.9994923187455381
4078,4,-1.0075482618464178
4087,4,-1.0065925412743864
4089,4,-1.0103124795280345
4090,4,-1.0327349144822235
4102,4,-1.0061836518289273
4104,4,-1.0059314394030041
4105,4,-1.0075194861258625
4109,4,-1.050492605443591
4116,4,-1.0059623184670117
4118,4,-1.0018517981284303
4122,4,-1.0502487630132433
4131,4,-1.0047254117273325
4135,4,-1.012135809322403
4149,4,-1.0055530956770515
4153,4,-1.0121929408908918
4157,4,-1.001982548281919
4181,4,-1.015173684798756
4186,4,-1.009728023421584
4189,4,-1.0040274429298086
4191,4,-1.015039163554718
4192,4,-1.005338610119381
4198,4,-0.9994105973378038
4205,4,-0.9998729427954078
4213,4,-1.0023139656175157
4214,4,-0.9995955144072588
4216,4,-1.017312660821351
4218,4,-1.0022624361180488
4219,4,-1.0178025624418408
4221,4,-1.0244802520374607
4229,4,-1.0221931487409497
4235,4,-1.0022658084625196
4239,4,-1.022557093204083
4244,4,-1.0044270499413956
4246,4,-1.004463615350612
4251,4,-1.0014412775373756
4265,4,-1.0108306730273062
4268,4,-1.015496567154297
4275,4,-1.0013793523738304
4289,4,-0.9983840420919614
4292,4,-0.9997937492692712
4293,4,-1.0009858635514721
4299,4,-1.0111338051848286
4309,4,-1.0042535809202753
4315,4,-0.9887856885687301
4320,4,-1.0155781661624985
4331,4,-1.009687254897536
4334,4,-1.0018175249620835
4335,4,-1.0119465367615637
4338,4,-1.0026442180792225
4342,4,-1.0072703954508342
4344,4,-0.9947744684715109
4345,4,-1.0117929966154362
4365,4,-0.9953750828249557
4374,4,-1.007907630977562
4375,4,-1.0285377969733407
4382,4,-1.003416630836547
4389,4,-1.002644742003566
4395,4,-0.9979068639088854
4406,4,-1.001816715848685
4411,4,-1.0114288612036177
4417,4,-1.000820800819226
4430,4,-1.0104098048333716
4434,4,-1.0183441324519111
4440,4,-1.0090598355812925
4442,4,-1.0116560801341152
4465,4,-1.0064252473489912
4468,4,-1.0088572067325294
4470,4,-1.0131100533964719
4481,4,-1.0186558379938218
4482,4,-1.0145444854751235
4492,4,-1.0079306036137747
4495,4,-1.0083755558843528
4500,4,-1.0067714538994135
4503,4,-1.0129564120638785
4508,4,-1.0039469498656504
4514,4,-1.0052039238779726
4524,4,-1.0065669804968183
4535,4,-1.0042328478619282
4537,4,-1.0045601638989567
4539,4,-1.0033866710589878
4575,4,-1.0241119791730025
4576,4,-1.0091370745662989
4581,4,-1.0008066418727193
4589,4,-0.997266706776523
4590,4,-0.9990465758423545
4592,4,-1.0001565038853393
4594,4,-1.0019957415397354
4604,4,-1.0015808846440373
4607,4,-1.0169204160474432
4630,4,-1.0015654550527406
4643,4,-1.0019205515846146
4650,4,-0.9757091530734202
4653,4,-1.002740544894834
4665,4,-1.0100871108377945
4672,4,-0.9974490882503662
4682,4,-1.0021193943335724
4691,4,-1.0085464550988263
4693,4,-1.0001894715405044
4715,4,-1.0042642487501743
4718,4,-1.0023014440509619
4722,4,-1.0009489290915479
4724,4,-1.0016614664379566
4727,4,-1.0074751702503977
4728,4,-1.0012125111424783
4731,4,-1.0011418465242115
4735,4,-1.0054683250861698
4743,4,-0.9991580013967024
4756,4,-1.0188600948547557
4760,4,-1.00151632353775
4762,4,-1.006402718595893
4769,4,-1.007495102271627
4781,4,-1.011204713699692
4785,4,-1.0009513858244472
4794,4,-0.9972256198680844
4812,4,-1.005455004531918
4813,4,-1.0003829998150089
4815,4,-0.9985499395062161
4817,4,-1.0014459336163046
4819,4,-0.9974906605782492
4821,4,-1.0213264289247477
4837,4,-1.0041960717142584
4838,4,-1.0032602436807574
4846,4,-1.0059245951196663
4849,4,-1.0102187010530495
4859,4,-1.000083085294189
4860,4,-1.005181778645725
4882,4,-0.9990684296536746
4883,4,-1.0019724442406381
4885,4,-1.0030314759661938
4892,4,-1.01669525212926
4893,4,-1.0011319696839693
4899,4,-1.0023896637203757
4903,4,-1.0079185384283995
4911,4,-0.9964683695098651
4915,4,-1.0044744035863484
4921,4,-1.006401421956769
4923,4,-1.001642342733413
4926,4,-1.008162707185917
4930,4,-1.002888455474958
4932,4,-0.9983664138334326
4938,4,-0.9985414206317058
4947,4,-0.9987072686407836
4948,4,-1.031896922359244
4952,4,-1.0041075986676533
4953,4,-1.0101545566939194
4966,4,-1.0020087005549574
4976,4,-1.0407881506977765
4981,4,-1.001785913970623
4991,4,-1.0003537000406444
4996,4,-1.0100478895635503
5002,4,-1.006013525946221
5017,4,-1.0500508766353929
5025,4,-1.0067831124709492
5026,4,-1.0106768653845815
5028,4,-0.9996557791585505
5029,4,-1.0001339109245733
5030,4,-1.0125251030385929
5037,4,-1.0100321327753972
5050,4,-1.0041585458712765
5053,4,-1.0023320898511612
5056,4,-1.0120417055236701
5068,4,-1.025753210616677
5080,4,-1.0028277262083964
5084,4,-1.0138326173850711
5106,4,-0.9950927042775712
5107,4,-1.0114698605869745
5109,4,-0.9989110283842083
5111,4,-1.002603878570614
5118,4,-1.0072297720596608
5136,4,-1.0012774709512935
5140,4,-1.0019784286064928
5146,4,-0.9991391063688417
5151,4,-1.0022256672191499
5161,4,-1.0157737198576
5166,4,-1.0068400435199991
5169,4,-1.0086344105801839
5170,4,-0.998265100218761
5191,4,-1.0002741905418668
5220,4,-1.0006108046142081
5221,4,-1.0007311876825797
5224,4,-0.9522783016905357
5231,4,-1.003971933941863
5234,4,-1.0089925135437539
5241,4,-1.0209787486833177
5244,4,-1.0072604053625136
5251,4,-1.0012996776638823
5270,4,-1.0032866949664587
5271,4,-1.0104580609044753
5273,4,-1.0058498468077675
5280,4,-1.0071931020846572
5287,4,-1.0066623440490086
5304,4,-0.9780341743073797
5308,4,-1.0042887668753555
5310,4,-1.0051971090215073
5312,4,-1.0013645545874457
5315,4,-1.0004096668828435
5318,4,-1.003963567827864
5319,4,-0.999634468828825
5321,4,-1.0242180720438803
5326,4,-1.001203957004626
5336,4,-1.003622026769118
5342,4,-1.008034241747461
5344,4,-1.0121308960219237
5349,4,-0.9943238950270147
5360,4,-1.0013616157761362
5364,4,-1.001511392547704
5365,4,-1.0050910069552113
5369,4,-1.0007940252647685
5385,4,-0.9849495176257511
5387,4,-1.0070775964148284
5389,4,-1.0107843635040028
5397,4,-1.0046084615576478
5401,4,-0.9997674603254814
5414,4,-1.011769438830976
5417,4,-1.0020021115443396
5432,4,-1.0030467950021054
5434,4,-1.005482625440445
5444,4,-1.0016727464765107
5464,4,-1.0015055523765493
5476,4,-0.9994352830181045
5483,4,-1.0072322685643296
5487,4,-1.0043134676427243
5496,4,-1.0085438693526514
5497,4,-1.0036551247636099
5498,4,-0.9944921963131271
5499,4,-1.0037581720407733
5503,4,-1.000260227871906
5512,4,-1.0043368764186127
5513,4,-1.0042975186745338
5515,4,-1.000028430197147
5519,4,-1.009326949630322
5520,4,-1.0102673169406777
5531,4,-1.008112179376632
5535,4,-1.0077245042478726
5537,4,-1.0077579921340596
5541,4,-1.0168699008571775
5543,4,-1.001526414700014
5544,4,-1.0109579690218489
5545,4,-1.0068942489411492
5550,4,-1.0021284509444945
5553,4,-0.9947698863084683
5562,4,-1.001686277156885
5564,4,-1.0364900799547978
5566,4,-1.0023903891584922
5570,4,-1.0034450083587996
5575,4,-1.005099484573251
5581,4,-1.0067972381383725
5584,4,-1.0225976036138311
5617,4,-1.019196360388622
5625,4,-1.0079340132457608
5633,4,-1.0146003213247698
5638,4,-0.984247838702035
5640,4,-1.009568940217251
5651,4,-0.9827817578241547
5657,4,-1.010771796846122
5668,4,-0.9999872403820003
5673,4,-1.0083666736580263
5676,4,-1.0077631965944216
5690,4,-1.0103338806933522
5699,4,-0.9955679894109573
5701,4,-1.0135469345349655
5702,4,-1.012010295534216
5705,4,-1.0061993209397162
5711,4,-1.0083614867944952
5726,4,-1.007568787585515
5727,4,-1.0044786080123693
5729,4,-1.0178536443133719
5734,4,-1.0119236107286063
5750,4,-1.0048617260385395
5753,4,-1.0102184693285692
5759,4,-1.0000555650826004
5779,4,-1.0085401369210052
5782,4,-1.0009165004555725
5801,4,-1.0064228579389856
5806,4,-1.0124512082590025
5815,4,-0.9969104595050964
5819,4,-1.0057156597347447
5826,4,-1.001028774684431
5833,4,-0.9974037228002405
5839,4,-1.0137425247212084
5851,4,-1.0105970641907362
5857,4,-0.9999487349558218
5860,4,-1.0197097467094172
5865,4,-1.0122797017037133
5867,4,-1.0033918123954964
5869,4,-1.001153432677806
5877,4,-1.0191704215467166
5892,4,-1.0065588682486775
5895,4,-1.026470046326022
5905,4,-1.0011520241833696
5908,4,-1.0029575294231168
5911,4,-1.0055452848254482
5923,4,-1.006939312550577
5935,4,-0.9962308108447193
5943,4,-1.0040709251801776
5948,4,-1.0050141598863183
5951,4,-1.0224620257704773
5965,4,-1.0103649571461302
5972,4,-1.0331481330791699
5982,4,-1.0037182207130058
5983,4,-1.0023776152063935
5985,4,-1.0035036379997617
5996,4,-1.0029694327894376
6004,4,-1.0253609631075764
6024,4,-1.0001593974909988
6035,4,-1.0110675969628793
6046,4,-1.0093813600317016
6047,4,-1.0048058003326696
6050,4,-1.0076924244023808
6064,4,-0.9983471053840779
6075,4,-1.005519722397922
6086,4,-1.0088433921551887
6099,4,-1.0043843170526212
6104,4,-1.001939655619287
6111,4,-1.0063530458913483
6132,4,-1.0004261160963221
6156,4,-1.0097806103181386
6164,4,-1.0136161457272488
6175,4,-1.0110072975439037
6179,4,-1.0032500485031848
6183,4,-1.0013272741110326
6194,4,-1.004982978060538
6197,4,-1.011572349669787
6202,4,-1.0015724526209762
6204,4,-1.0036032649125524
6205,4,-1.0061256291453358
6207,4,-1.0016993525117905
6211,4,-1.0055229980207465
6213,4,-1.0254331268367007
6223,4,-1.0061028302977009
6224,4,-1.0078510026787963
6228,4,-1.004962681837151
6233,4,-1.0020206459839733
6235,4,-1.0038218919144224
6238,4,-1.013429318733559
6246,4,-1.0156142232811254
6256,4,-1.0090738977005378
6257,4,-1.001545272176817
6258,4,-1.011909239852856
6266,4,-1.0013454373175052
6276,4,-1.0009989093511846
6277,4,-1.0010206974150333
6286,4,-1.0057219734002905
6296,4,-1.0012229040205491
6298,4,-1.0025017129863847
6301,4,-1.014317164274863
6305,4,-1.004251634695187
6308,4,-1.0127848336562761
6312,4,-0.9858540895631324
6313,4,-1.0041137806438465
6317,4,-0.9996069932258289
6318,4,-1.0131529731107392
6329,4,-1.0033459142255852
6333,4,-1.008469974856121
6343,4,-1.0051447264187972
6361,4,-0.9987194802869036
6366,4,-1.001137670872935
6367,4,-1.0026639643060575
6368,4,-1.006799580241542
6373,4,-1.0024153559290583
6386,4,-1.0069874349829764
6390,4,-1.0148251165216613
6392,4,-1.00312701113483
6399,4,-1.006919798368925
6400,4,-1.0041994437398467
6402,4,-1.006799571360925
6417,4,-1.003266636255386
6426,4,-1.0114780138709438
6432,4,-0.9957727285813165
6437,4,-1.002973005277208
6446,4,-0.9998839014240295
6448,4,-0.9999685619553003
6450,4,-1.0147946107440995
6462,4,-1.0038556557801546
6471,4,-1.0153823966181155
6474,4,-1.000057193860298
6477,4,-1.0018805309272416
6480,4,-1.0125197163728055
6481,4,-1.0052365616788292
6491,4,-1.007446514275927
6511,4,-0.9995583489412547
6518,4,-1.006464931491648
6525,4,-1.0087359927228472
6534,4,-1.024469610751468
6540,4,-1.0027593101040468
6548,4,-1.0129275993372788
6551,4,-1.0067648487151393
6558,4,-1.0075968893166232
6567,4,-1.0001482482051292
6568,4,-1.0070675106852922
6572,4,-1.0210281194818622
6576,4,-1.0034138523954357
6600,4,-1.0025632272657932
6606,4,-1.01027781527251
6613,4,-1.0078211843506555
6626,4,-1.0061616887764606
6627,4,-0.9994170553430157
6629,4,-0.9976922345338602
6638,4,-1.003966934748388
6640,4,-1.0098128100987165
6654,4,-1.0093381449744658
6664,4,-1.0146699483489479
6669,4,-1.0075750430935215
6672,4,-1.0009224822161356
6675,4,-1.0176069417197424
6677,4,-1.0057491239480618
6679,4,-1.0007121042563614
6680,4,-1.0139087286844357
6683,4,-1.003658298506838
6684,4,-1.0023009252437742
6694,4,-1.002942854524899
6700,4,-0.9998315380058298
6716,4,-1.0001419249413661
6722,4,-1.0096396056925947
6727,4,-1.0017177991802542
6734,4,-1.0025522677626224
6741,4,-1.003595140288112
6749,4,-1.0079406308707775
6751,4,-1.0045125196415547
6752,4,-1.0015865998347975
6781,4,-1.0071303941112033
6785,4,-0.9993338423204841
6793,4,-1.0027917419848262
6795,4,-1.0039672893022709
6798,4,-1.007883998789513
6801,4,-1.0025808935859073
6816,4,-1.0097143516751927
6825,4,-1.0074176192439852
6829,4,-1.0071151047050504
6835,4,-1.004813521085
6849,4,-0.997164540101855
6854,4,-1.0527996360431557
6872,4,-1.0002243393808103
6877,4,-1.0029297606366014
6878,4,-1.0188355859270606
6892,4,-0.9990898990216485
6894,4,-1.000774753098555
6897,4,-1.0184314322433676
6906,4,-1.0160578551552535
6909,4,-0.9997993732661945
6917,4,-1.0190529287625374
6921,4,-1.0103241918833648
6943,4,-1.0156631912957839
6944,4,-1.0002664861725419
6950,4,-1.015602167357461
6970,4,-1.0021587115339166
6972,4,-1.002809975784089
6994,4,-1.0011463336724216
6995,4,-1.0103612739911938
6998,4,-1.0113602288951309
7000,4,-1.0038471895516738
7001,4,-1.0036893466737897
7014,4,-1.002033797998999
7015,4,-1.0081848704298757
7017,4,-1.0034643557815386
7018,4,-0.9980901461562905
7019,4,-1.0051299656770614
7022,4,-1.030803795802502
7038,4,-1.0105813668378043
7039,4,-0.9998335874947683
7044,4,-0.997238868978672
7066,4,-1.00288426186397
7071,4,-0.9990537956483445
7073,4,-1.004934007122448
7074,4,-1.0085770309784983
7076,4,-1.021692566118159
7084,4,-1.0041668869491875
7087,4,-1.0016487684531399
7090,4,-1.0040173027880321
7109,4,-1.0071356732924175
7112,4,-0.9995670338764047
7115,4,-1.0181994259346268
7118,4,-1.0062946925046845
7123,4,-1.004750871364427
7124,4,-0.9991507515830778
7139,4,-1.0050668447155093
7146,4,-1.010590814132218
7156,4,-0.9994186585061251
7163,4,-1.002394689686581
7169,4,-1.0065034378654785
7174,4,-1.0094030354456123
7175,4,-1.0002789845548343
7177,4,-1.0017516361642222
7196,4,-1.0044713245174766
7198,4,-1.005415103920551
7212,4,-0.9942101878908474
7213,4,-1.0031413555068305
7215,4,-0.9990244171428719
7217,4,-1.000023654717061
7225,4,-1.003255511287666
7246,4,-0.9322218199797667
7247,4,-1.002362591665405
7249,4,-1.0211097278233736
7252,4,-1.0072581138369938
7256,4,-1.0073888024048094
7260,4,-1.0021051622200792
7262,4,-1.0058286836981083
7277,4,-0.9909760928272336
7281,4,-1.0011711405325285
7288,4,-1.0023809904017429
7301,4,-1.0031594424101824
7303,4,-0.9793646512528127
7305,4,-1.000198916796108
7310,4,-1.001405474549526
7311,4,-1.005839096191937
7312,4,-0.9999249659148481
7315,4,-1.0081037888895126
7326,4,-0.9666347731130793
7329,4,-1.0198232598831407
7348,4,-0.9991706067251518
7350,4,-1.0025047071301523
7353,4,-1.002168938009012
7358,4,-1.0004726942306514
7362,4,-1.0117671247544768
7365,4,-1.0027045315082312
7373,4,-1.0004383862371982
7375,4,-0.9999029596978606
7377,4,-1.0034461922079112
7378,4,-1.0007234256613922
7391,4,-1.0041589150817423
7400,4,-1.0000002108405455
7401,4,-1.0098003881999371
7404,4,-0.9993509879995468
7406,4,-1.0056829204105608
7408,4,-1.0159205790109636
7417,4,-1.0354613282842329
7420,4,-1.00324548479507
7425,4,-1.0079502546786905
7433,4,-1.0049218693642543
7444,4,-1.0032717665198896
7447,4,-1.0038326280412901
7449,4,-1.0030566097465698
7455,4,-0.9998530347340046
7458,4,-1.0110216673152896
7465,4,-0.9999790206350797
7468,4,-1.0031055556527984
7475,4,-1.0119678764770519
7481,4,-1.0230924966412491
7494,4,-1.0024007190551583
7495,4,-1.0262203485381582
7502,4,-1.0022422052434155
7508,4,-1.0055574749579281
7512,4,-0.9999430483613388
7513,4,-1.0107238939366445
7518,4,-1.00034248593362
7520,4,-1.0251720745828026
7534,4,-1.0083902361960315
7551,4,-1.0020315283766228
7554,4,-1.003253435381311
7557,4,-1.005639831627426
7558,4,-0.9992623478595566
7569,4,-1.003796174635689
7570,4,-1.0004176735517283
7571,4,-1.012504060107143
7584,4,-1.0073664049168596
7588,4,-1.007558601627545
7612,4,-1.001705905056029
7646,4,-1.0133067205169939
7653,4,-0.9993630798738626
7663,4,-1.0052528549891884
7669,4,-1.0041786381562858
7671,4,-1.01624068963093
7674,4,-1.0006878119713387
7698,4,-1.0183412181747176
7699,4,-1.011493566695819
7702,4,-0.9999316329998943
7703,4,-1.0043408115623818
7709,4,-1.00335800062423
7712,4,-1.0043495169060503
7715,4,-1.009346865788428
7721,4,-1.0126161951967891
7730,4,-1.008095608549311
7735,4,-1.006390110175638
7738,4,-1.0004054116755534
7756,4,-1.0120475907383015
7759,4,-1.0071407888406751
7763,4,-1.0117546458891202
7766,4,-1.0038252373432552
7776,4,-1.0035934790916567
7787,4,-1.008021115445439
7796,4,-1.0066809236120107
7800,4,-1.0087527209262064
7801,4,-1.0021671571502286
7805,4,-1.0076259240455705
7813,4,-1.0102413409499862
7818,4,-1.0042933827090923
7821,4,-1.0039218060009185
7828,4,-1.0124974862234963
7831,4,-1.0136824871259973
7832,4,-1.0184610251144348
7854,4,-1.0060332351934718
7860,4,-1.0086547383009155
7875,4,-1.0211861431875016
7878,4,-1.0040220260992057
7879,4,-1.0123754645952547
7892,4,-1.0054044720562052
7895,4,-0.9994720333798719
7896,4,-1.0131869951751573
7909,4,-1.0064330504218608
7914,4,-1.0081366749637461
7935,4,-1.0035289572074002
7939,4,-1.0057315182516113
7943,4,-1.017272992136136
7953,4,-1.0027190408739766
7956,4,-1.004225444619711
7963,4,-1.0100186082070348
7967,4,-1.0139262329719578
7991,4,-1.000522816834675
7993,4,-1.0075827569592817
7998,4,-0.9962840393522217
7999,4,-1.009875580496026
8015,4,-1.0071752791103807
8017,4,-1.0066238256892968
8020,4,-1.0095105017134314
8027,4,-1.003917895141637
8030,4,-1.0027492380466954
8032,4,-1.0334974740706824
8034,4,-1.0051638772103284
8043,4,-1.0178959771981053
8045,4,-1.0052871906107632
8046,4,-1.022455221142637
8051,4,-0.9991005519884273
8060,4,-1.0020671304483515
8071,4,-1.0070464135933146
8083,4,-1.001784803681533
8091,4,-1.0054778401802014
8092,4,-1.001981541563297
8093,4,-1.0065150626555726
8095,4,-1.0042337059647746
8102,4,-1.0246381810605074
8108,4,-1.0077218970508715
8109,4,-1.0201847310115237
8116,4,-1.0024264412267008
8118,4,-1.016601260445072
8126,4,-1.0108428995528014
8136,4,-1.0041880419010285
8146,4,-0.9974457753128458
8147,4,-1.0088653427073462
8153,4,-1.0100471506614719
8154,4,-1.0133432411804322
8156,4,-1.007966817240806
8157,4,-1.0081344509050707
8159,4,-1.0043720106293574
8160,4,-0.9840554671563405
8163,4,-1.0073974943764177
8178,4,-1.0014997270587733
8180,4,-1.0058656059629953
8181,4,-0.9970998935663198
8189,4,-1.0038701037611186
8204,4,-1.0046345287921785
8222,4,-1.024355666215612
8224,4,-1.0055722392290818
8230,4,-1.0036108642828991
8236,4,-1.0032943324163308
8238,4,-1.0054440658969435
8247,4,-1.010519696548364
8251,4,-0.999217982684537
8252,4,-1.0066560653914052
8258,4,-1.003566010869457
8281,4,-1.002604017102259
8286,4,-1.0093272507947277
8298,4,-1.0059041788929615
8315,4,-1.0031081040065575
8323,4,-0.9957731382054174
8328,4,-1.004903879448153
8330,4,-0.9999722707628736
8335,4,-1.0136746687568388
8340,4,-1.0056044234646575
8351,4,-1.0028025792501112
8352,4,-1.0060931974942389
8357,4,-1.0076133258910216
8367,4,-1.0017621801437149
8369,4,-1.0072755123063866
8373,4,-1.0003914962106961
8376,4,-1.0119384335762092
8382,4,-0.9874401370644078
8385,4,-1.0026037491332789
8389,4,-1.0080810442282644
8391,4,-1.0112528665009661
8396,4,-1.0127090972570647
8400,4,-1.0094499946594946
8401,4,-1.0057736383608513
8410,4,-1.0568565482654648
8413,4,-1.0198481440368385
8417,4,-1.0032996344109244
8418,4,-0.9941769584528888
8420,4,-1.013005736810286
8430,4,-1.0075439625006113
8435,4,-1.0026785891814551
8447,4,-0.9943890661820078
8450,4,-0.9968518539414971
8462,4,-1.0179698098032128
8468,4,-1.0048867200076566
8475,4,-1.0063838415483022
8484,4,-1.0090256735361054
8487,4,-1.0193716352269773
8491,4,-1.0047031165033768
8492,4,-1.010541101135865
8496,4,-1.004662153738517
8507,4,-1.0112477457312854
8511,4,-0.997267682596814
8520,4,-1.0078022058630278
8528,4,-1.0467615672553219
8543,4,-0.9995615200510988
8548,4,-1.0029279046012864
8551,4,-1.0016533842905722
8553,4,-0.9811226050339932
8554,4,-1.0120721767442307
8555,4,-1.0042021705064086
8558,4,-1.0105306421002278
8560,4,-1.0055797482507578
8562,4,-1.0036704460454056
8565,4,-1.0080204219628843
8567,4,-1.0013552500170375
8568,4,-1.0057102270326403
8571,4,-1.0124893666355212
8603,4,-1.0040068509864113
8605,4,-1.0057745679076446
8613,4,-1.0096857928193947
8619,4,-1.0054947296996388
8620,4,-1.0123276979493325
8622,4,-0.9961481403359831
8643,4,-0.9985342449810326
8646,4,-1.002557651731792
8651,4,-1.0096306525747625
8668,4,-1.0138442939382486
8680,4,-1.0125927150883451
8684,4,-1.011931139710695
8691,4,-1.0137510622355248
8695,4,-1.0062501557317232
8699,4,-1.0223830271656502
8706,4,-1.002271112704227
8707,4,-0.9986690863666966
8708,4,-1.0217716091252156
8710,4,-1.0243316638730766
8724,4,-1.009763334928082
8725,4,-1.0036286889920674
8727,4,-1.0162612123612247
8734,4,-1.0074852542102701
8741,4,-1.0027428998001593
8747,4,-1.0039570248672227
8751,4,-1.0112011840628325
8756,4,-1.0184294887470684
8759,4,-1.0071843683109765
8760,4,-1.0049169959021804
8768,4,-1.0088515529659867
8771,4,-1.0116533315361014
8777,4,-1.0161027457027063
8780,4,-1.006475642669904
8800,4,-1.009294637377838
8808,4,-1.0124230560051182
8819,4,-0.9996506032024292
8826,4,-1.0081418566189162
8828,4,-1.0059499769547815
8841,4,-1.00923329923928
8843,4,-1.0035943669242609
8849,4,-1.005564106790869
8861,4,-1.0113108437772842
8868,4,-0.9986195900378827
8870,4,-1.0073066670850017
8872,4,-1.014919673087674
8879,4,-1.0030319240791317
8883,4,-1.0091399001007797
8894,4,-1.0132738258020266
8895,4,-1.0186292669798174
8898,4,-1.0146901457050994
8904,4,-1.009204830503198
8906,4,-0.9984668206453309
8923,4,-1.0158967623260324
8932,4,-1.0201915387925793
8933,4,-1.009294637377838
8942,4,-1.0171156710407108
8946,4,-1.0044037004173103
8948,4,-1.0104646328866207
8953,4,-1.004083094509203
8954,4,-1.0088484142389127
8955,4,-1.0118093563811938
8960,4,-1.0147114916034086
8961,4,-1.0041817924035934
8970,4,-1.01018912587856
8971,4,-1.008494422149321
8973,4,-1.0085135693344114
8975,4,-0.9958272781597216
8994,4,-1.003941735470001
8995,4,-1.0025483551908079
8996,4,-1.0159432031877607
9001,4,-1.0072119317951471
9006,4,-1.0074966688249452
9007,4,-1.0031881536538945
9008,4,-1.0062638053372512
9021,4,-1.0098411031638488
9027,4,-1.0071409781669993
9028,4,-1.0011557811393175
9031,4,-1.0102476532479576
9043,4,-0.9880538562325989
9054,4,-1.0105475432083333
9073,4,-1.0214318398013953
9084,4,-1.0059148634763173
9097,4,-0.990725472606864
9100,4,-1.0013177872118237
9105,4,-1.0061736978145992
9109,4,-0.9984561973262736
9118,4,-1.0064988584086234
9119,4,-1.0070594075694257
9123,4,-0.9997508302485487
9129,4,-1.003080729258854
9132,4,-1.0016923815429428
9135,4,-1.0008805014559523
9139,4,-1.002533193658832
9143,4,-1.0024027614385524
9149,4,-1.002549759143326
9155,4,-1.0047503001238363
9160,4,-1.0030243735476396
9161,4,-1.0045134903284354
9163,4,-1.002547276653056
9174,4,-0.9965410468503038
9189,4,-1.014523586013162
9191,4,-1.015507542990791
9194,4,-1.0038247759201036
9205,4,-1.0008558976626325
9216,4,-1.0075513964330622
9225,4,-1.0021255585482152
9236,4,-1.0034323853564517
9241,4,-0.9868538525127606
9256,4,-1.0025134294696891
9269,4,-1.0059526747907301
9276,4,-1.013387004105841
9279,4,-1.0030468676378694
9283,4,-1.0114049121795663
9285,4,-1.01742096590044
9292,4,-1.0122174445464052
9294,4,-1.003913941293498
9302,4,-1.0400036352218254
9307,4,-1.0037592053591948
9323,4,-0.9987132678887838
9325,4,-1.0008842296925167
9328,4,-1.0123543980987597
9334,4,-1.0003822472953594
9347,4,-0.9995368144912977
9352,4,-0.9994386596726573
9354,4,-0.9993348919744838
9357,4,-1.0052319307775508
9371,4,-1.0086890545003009
9374,4,-1.0095698470388086
9379,4,-1.0477750475401115
9396,4,-1.0066007176972989
9397,4,-1.000175717619292
9408,4,-1.0038719711044026
9412,4,-1.0056109561972537
9413,4,-1.0106547389135052
9415,4,-1.0014204926987087
9429,4,-1.0049727931222223
9432,4,-1.0058638729247242
9434,4,-1.0047385387589771
9435,4,-1.0082380886752265
9444,4,-1.0036834256416651
9449,4,-1.0134165860649138
9451,4,-1.0134379918259577
9464,4,-1.0004781834547893
9466,4,-1.021223820772492
9468,4,-0.9971453169743307
9473,4,-0.9995716301641451
9478,4,-1.0009351517131546
9498,4,-0.9954985647803726
9500,4,-1.005952256321923
9504,4,-1.0025609926198564
9505,4,-1.0003684903934547
9511,4,-1.0184537073156932
9513,4,-1.0000810299938236
9518,4,-1.0012284887248528
9531,4,-1.0052240846699352
9532,4,-1.0188841156127533
9537,4,-1.0095450563199848
9543,4,-1.0014543942170926
9544,4,-0.9986250241967196
9551,4,-0.996862159709615
9563,4,-1.012597126664092
9567,4,-1.0034421585245652
9582,4,-1.00028694538252
9600,4,-1.0041530817263586
9608,4,-1.010676930041765
9610,4,-0.9998418270230591
9612,4,-1.0006047470345385
9621,4,-1.0013667498469916
9635,4,-1.0030710899971775
9665,4,-1.003455589647119
9683,4,-1.0107384814557037
9684,4,-1.0169463513479715
9685,4,-1.0065272081907701
9686,4,-1.0064175935064632
9698,4,-0.9900964934818093
9699,4,-1.0074961394413564
9719,4,-1.001077673589909
9726,4,-1.0038599489209725
9731,4,-1.0095034478419112
9732,4,-1.003297164734506
9736,4,-1.007739872568379
9737,4,-1.0082673780453266
9745,4,-1.0039457003935126
9747,4,-0.9982570191349277
9753,4,-1.0021982356156103
9758,4,-1.0017656458385418
9760,4,-1.0057675034336482
9761,4,-1.0153953314311381
9765,4,-1.0039888283627707
9788,4,-1.005097742028739
9793,4,-1.0004366434977614
9815,4,-1.008984903194149
9831,4,-1.018657779805606
9832,4,-1.0086502626838563
9840,4,-1.0001111359735693
9846,4,-1.0007058011597583
9849,4,-1.015038474871822
9854,4,-1.0151707814464244
9860,4,-0.9981363516945245
9874,4,-0.9978203497617031
9878,4,-0.9972776454129911
9882,4,-0.9980994636632184
9884,4,-0.9925110429380657
9888,4,-0.9990269708991348
9892,4,-1.0020192961842733
9899,4,-0.9979744868797311
9901,4,-1.009447721474058
9906,4,-0.994772134126517
9911,4,-1.0208605542765057
9932,4,-0.9929139706636754
9936,4,-1.0047241150385777
9938,4,-1.0113149972224422
9941,4,-1.0036752563928197
9942,4,-1.000990121046376
9952,4,-0.9999017206427149
9960,4,-1.0162414637065602
9982,4,-0.9991718021233404
9992,4,-1.0177778248026867
9998,4,-1.0014875049093572
9999,4,-1.006744818757951
10002,4,-1.0202819975835262
10004,4,-1.0017959819208524
10018,4,-1.0075929817223368
10019,4,-1.009409613621246
10025,4,-0.970020045371488
10031,4,-1.008242989194441
10035,4,-1.004991276862841
10048,4,-1.0122733891981013
10053,4,-0.9999458362659714
10060,4,-1.0065181146578892
10063,4,-1.0009850114206755
10067,4,-1.0001155525297591
10071,4,-1.0109300799449932
10092,4,-1.0015443448494796
10093,4,-1.0006647965778344
10118,4,-1.0019399858206115
10123,4,-1.0133359196801885
10125,4,-1.0036408107546213
10143,4,-1.0004686049252633
10167,4,-1.0066195014728636
10192,4,-1.0250534976747514
10196,4,-0.9894798583213847
10209,4,-0.9987615334734462
10216,4,-1.0049773784193636
10227,4,-0.997282121534419
10231,4,-1.0045415108576998
10234,4,-0.9988833923483369
10236,4,-1.0019300132460438
10242,4,-1.0690079040193403
10252,4,-0.9830753958876381
10256,4,-1.0059778297494526
10263,4,-1.0059763048049404
10264,4,-0.9781890199884091
10270,4,-1.0063492815932737
10279,4,-1.0047422429011084
10280,4,-1.0077008601592148
10296,4,-1.0089389569550447
10322,4,-1.014705335239762
10326,4,-1.003996819784497
10331,4,-1.0106848343980022
10335,4,-0.9960792742541582
10336,4,-0.9910430770178238
10339,4,-1.0109763958364049
10340,4,-1.0201482300036975
10341,4,-1.004598283753533
10342,4,-1.0023137453802038
10356,4,-1.0036349365980803
10357,4,-0.9950315067606612
10364,4,-1.002142759548097
10365,4,-1.012017536366977
10375,4,-1.0067730877495937
10376,4,-1.0091755599109513
10378,4,-1.007429696471572
10382,4,-1.0047462441187713
10385,4,-1.008315606100232
10386,4,-1.0025297875602401
10390,4,-1.0202287467773463
10397,4,-1.002069823032175
10400,4,-1.00197457163598
10402,4,-0.9994241920556941
10403,4,-1.0100033702823454
10405,4,-0.9999271479309996
10417,4,-0.9973784912828886
10429,4,-1.0153827595721254
10434,4,-1.0035481978231655
10439,4,-1.002551934920817
10447,4,-1.0007374807854599
10457,4,-1.0276380614801823
10471,4,-0.9991951228708327
10472,4,-1.0067426445228458
10475,4,-1.008109716061069
10484,4,-1.0001006355282147
10487,4,-1.0013134556220744
10489,4,-1.001555988908647
10498,4,-1.0015424832476896
10499,4,-1.010777333240274
10502,4,-1.0047630913335968
10513,4,-1.0073088211965757
10514,4,-1.018112676274039
10521,4,-1.0062234700705763
10532,4,-0.9988457791427765
10533,4,-1.0022813260701025
10543,4,-1.005893689529495
10549,4,-1.00320415587767
10558,4,-0.9992127215102214
10565,4,-0.9982490336142825
10567,4,-1.0036675345432375
10571,4,-0.9964513996553981
10573,4,-1.0047030525812974
10576,4,-0.9985483995715907
10579,4,-1.0018417198703249
10588,4,-1.0026973848913798
10601,4,-1.0050357348027334
10612,4,-1.000139621614147
10616,4,-1.0030794827693388
10625,4,-1.0101708670186529
10631,4,-1.0075619291649898
10641,4,-1.0224794389662146
10642,4,-1.0004343504679962
10652,4,-1.0070484204332035
10662,4,-1.0077164868700395
10663,4,-1.0052523827517161
10668,4,-1.002833854355434
10686,4,-1.000698489002846
10692,4,-1.0007798220524993
10714,4,-0.9959751569324802
10724,4,-1.0043560984592794
10737,4,-1.0017198347649576
10740,4,-1.0013918304709888
10764,4,-1.0062212852475048
10771,4,-1.003095129883976
10780,4,-0.9895904898833477
10781,4,-0.9933192264147601
10803,4,-1.0219122870257789
10805,4,-1.0008984516754384
10813,4,-1.015136507051695
10835,4,-0.99135467155788
10847,4,-1.0023350269084486
10850,4,-0.9986463569347971
10863,4,-1.0054434189388823
10864,4,-1.0051897590642833
10868,4,-1.0138036067195741
10869,4,-1.0132530458825348
10870,4,-1.004951006740611
10876,4,-1.0045229225661136
10877,4,-1.00412342725413
10880,4,-1.0009334363763431
10890,4,-1.0016543493020784
10898,4,-1.00723094370379
10902,4,-1.00149035270758
10903,4,-1.002640930561113
10909,4,-1.0010780096612084
10914,4,-0.9990886670092208
10918,4,-1.0206134300543397
10929,4,-0.9997606664478564
10934,4,-1.0152507611922803
10935,4,-1.0023224400627304
10939,4,-1.011804492519953
10942,4,-1.00004022888288
10953,4,-0.9982952830965566
10959,4,-1.0582468802988365
10976,4,-1.0150360443820037
10979,4,-1.0035851260516988
10985,4,-1.0067617407462288
10986,4,-1.0037007969102918
10988,4,-1.0237607191516531
10990,4,-1.0137597136810321
10994,4,-1.0091659266354662
11004,4,-1.002264918804626
11005,4,-1.0057696273039782
11015,4,-1.0030777172881198
11018,4,-1.0503684743337343
11021,4,-1.0055443061270144
11025,4,-1.0082132282226741
11028,4,-0.9869696488008417
11033,4,-0.9740451759844762
11035,4,-1.0121905872460273
11041,4,-1.0056162904854
11045,4,-1.019416751335977
11047,4,-1.0323621292399194
11051,4,-1.006281468163507
11053,4,-1.0051131765120238
11067,4,-1.009609670021994
11077,4,-1.0090363227170231
11083,4,-1.005396277217727
11084,4,-1.0118183933186438
11090,4,-1.0041685363432697
11091,4,-1.0055051719783874
11095,4,-1.001643546341394
11098,4,-0.9998985071454599
11104,4,-1.0058001772554466
11106,4,-1.0088572667220719
11110,4,-1.0003128400327468
11120,4,-0.9979920836196723
11125,4,-1.0073814411071376
11144,4,-1.0037747614959125
11145,4,-1.0162672518564362
11149,4,-1.0051464981247293
11150,4,-0.99979292525523
11156,4,-1.013421251418546
11158,4,-1.0248411217711584
11164,4,-1.0043948563498328
11166,4,-1.0036052759222578
11172,4,-1.0048312065907221
11173,4,-1.0087566313326488
11182,4,-1.0027639591466495
11183,4,-0.9950981444581921
11188,4,-0.9875233094586868
11191,4,-1.0005599851735054
11196,4,-1.0006612697688748
11197,4,-1.0052631314593747
11208,4,-1.0031312664772456
11215,4,-0.9996798898962441
11219,4,-0.9996863943921355
11220,4,-1.0008443758274188
11221,4,-1.0083927599052842
11234,4,-1.0119287915871986
11238,4,-1.0025365067811538
11241,4,-1.0027941632195525
11243,4,-1.0127986297786495
11249,4,-1.0051704448005254
11258,4,-1.007619775384839
11261,4,-1.0018202035558876
11266,4,-1.0124497972993172
11268,4,-0.9972178137345158
11272,4,-1.011291666167902
11274,4,-1.006360250009728
11275,4,-1.004811362752213
11284,4,-1.0075064116647363
11285,4,-1.0047049552081158
11286,4,-1.0127877556906617
11288,4,-0.9997053066609798
11293,4,-1.006998913728339
11304,4,-0.9967517270124678
11309,4,-1.0049560294934596
11311,4,-1.0063803898102157
11314,4,-0.999911357688551
11319,4,-1.0253345023250748
11330,4,-1.0049449918295987
11332,4,-1.0101395315530457
11333,4,-1.0161929310861924
11334,4,-1.0014414276876358
11340,4,-0.9957763575396836
11342,4,-1.0196053613597789
11345,4,-1.0154660190368676
11355,4,-1.0114625360760454
11356,4,-0.9886579572159182
11357,4,-1.024749561949027
11358,4,-0.9967500888061465
11365,4,-1.0038691560720676
11368,4,-1.0059920658650767
11372,4,-1.0094355950244276
11374,4,-1.0035253568027425
11384,4,-0.9733300726856033
11385,4,-1.0019267660252873
11386,4,-1.0006054090483336
11387,4,-1.0053221839943816
11389,4,-0.9910320664959513
11398,4,-1.0009014703405212
11400,4,-1.0010590507594257
11407,4,-0.9990798114214159
11412,4,-0.999395228685982
11415,4,-1.0220508500151126
11421,4,-1.0033873266888533
11422,4,-1.008430712138391
11424,4,-1.001307546007999
11430,4,-0.998943083402555
11437,4,-1.0228940381527205
11440,4,-1.0024694800817544
11442,4,-1.002540579341019
11443,4,-1.008607328542179
11447,4,-0.9968650161466921
11460,4,-1.0010095901967448
11463,4,-0.9987410861365548
11474,4,-1.0058878900570063
11480,4,-1.0074801512349707
11485,4,-1.0288991304389357
11488,4,-1.0064809713648706
11498,4,-1.0039029990354364
11506,4,-1.0023468982703472
11518,4,-1.0035087056058756
11528,4,-0.9996209323474085
11534,4,-1.0026127018656008
11535,4,-0.9990096605199323
11543,4,-1.006505199117964
11547,4,-1.0004516863109605
11549,4,-1.0019462957354612
11553,4,-1.0154219222117082
11558,4,-1.004723072338763
11567,4,-1.003900518907368
11568,4,-1.0107602677601073
11570,4,-1.0125160565329794
11572,4,-1.0019057512616842
11588,4,-1.0042293621234875
11591,4,-1.0110705216100913
11602,4,-1.0041052189090882
11603,4,-1.0083059109782844
11606,4,-1.0004313559593676
11609,4,-1.0151699331172457
11621,4,-1.007718285157067
11632,4,-0.9933248830624234
11633,4,-1.0131480261855892
11635,4,-1.0168632489614233
11639,4,-1.0009583556357238
11642,4,-1.0471218525964943
11651,4,-1.0082782979907614
11653,4,-1.010148708699314
11659,4,-1.00690653489785
11661,4,-0.9823053551198695
11667,4,-1.0056491684840416
11673,4,-0.9966711314422791
11677,4,-1.0006685468128054
11678,4,-1.0021707208248194
11685,4,-1.0054652190650768
11702,4,-1.0006810857058643
11709,4,-1.0069097520717554
11718,4,-0.9993014644654392
11723,4,-1.0064870075924588
11729,4,-1.0057058698445773
11735,4,-1.0163347652362282
11738,4,-1.003744937597273
11739,4,-0.9852427661324601
11741,4,-1.01033890510531
11747,4,-1.003844061830643
11755,4,-1.0127265527700784
11757,4,-1.0095206113217354
11760,4,-0.9931231058589424
11765,4,-1.0005723054899902
11775,4,-1.0169240354541769
11785,4,-0.9985484493697936
11788,4,-1.005249766424421
11792,4,-1.000380734721308
11803,4,-1.0076513235780649
11816,4,-1.0008213091494673
11830,4,-1.0080254434780722
11834,4,-1.0122120557264787
11847,4,-1.0028909183531072
11852,4,-1.0004738362142116
11853,4,-1.0021611690635543
11856,4,-1.0021501255432024
11858,4,-0.9752967209293295
11865,4,-1.0001167610970276
11866,4,-1.0195792993534887
11880,4,-1.0261083448297765
11882,4,-1.0152177567389977
11887,4,-1.0008236222480869
11892,4,-1.0019538491903808
11893,4,-1.0088137214886403
11902,4,-1.0200021949459155
11904,4,-0.9925952827046287
11905,4,-1.001914343836028
11907,4,-0.9983371384629991
11910,4,-1.0036769408343469
11912,4,-0.9882730325988824
11916,4,-1.0000064906544959
11917,4,-1.0013071429183187
11921,4,-1.0108072589360133
11925,4,-1.001887072178354
11934,4,-0.9991444058689671
11960,4,-0.999860326941314
11965,4,-1.004548317921952
11975,4,-0.9992224239465041
11978,4,-1.0049003902450722
11979,4,-1.000753734824022
11981,4,-1.0008665478490368
11987,4,-0.9982151904278613
11988,4,-1.0136030353832695
11994,4,-1.012592851563465
12004,4,-0.9978749849406755
12008,4,-1.0038895116394217
12014,4,-1.0044724890116237
12029,4,-1.014126512114623
12030,4,-1.0046514380248148
12032,4,-1.0239225392882265
12037,4,-1.006285555812863
12055,4,-1.00235282231677
12056,4,-1.0027513952014493
12075,4,-1.0059692933681965
12078,4,-1.0069237600458842
12080,4,-1.006584505018652
12088,4,-1.0036254879270794
12091,4,-0.986405052608232
12095,4,-1.004687831862462
12096,4,-1.0049780926382406
12108,4,-1.0021179320685447
12110,4,-1.0016992412512185
12112,4,-1.000965145082098
12115,4,-0.9991083770619851
12133,4,-1.0012100031795748
12138,4,-1.020342145485409
12139,4,-1.0045866942959931
12143,4,-1.016768962971142
12146,4,-1.0080134709135915
12148,4,-1.0235992283995323
12165,4,-1.0415058752846025
12170,4,-1.0045480475334907
12172,4,-1.0142827715151619
12178,4,-1.0224625175503357
12180,4,-1.023900805542933
12193,4,-1.0483434896852413
12202,4,-1.0053741662442977
12222,4,-1.0021625142997204
12230,4,-1.019602682133631
12232,4,-1.0273330352068841
12249,4,-1.0306003620442659
12253,4,-1.012838791284874
12255,4,-1.0257946403870253
12275,4,-1.006414701645307
12282,4,-1.0116040001927074
12287,4,-1.0217794770349757
12288,4,-1.0024450883494658
12289,4,-0.9931422815720116
12290,4,-0.9961018840538176
12291,4,-1.0202998801721157
12299,4,-1.0010901294617582
12302,4,-0.98664113350769
12304,4,-1.0003257192015473
12320,4,-0.9996713411825877
12321,4,-0.9996713411825877
12323,4,-1.0046182746819474
12329,4,-1.0097448951123233
12330,4,-1.0092557140121063
12332,4,-1.0094756220592007
12335,4,-1.0230590924219711
12338,4,-0.9996271039666482
12341,4,-0.9995535699861571
12346,4,-1.0073395964271832
12349,4,-1.0061623820947152
12356,4,-1.00582248353687
12361,4,-1.0034358665537035
12366,4,-1.0038459055727431
12368,4,-1.0011005164664248
12371,4,-1.000508156064126
12381,4,-1.002659969378127
12384,4,-1.001322735543532
12393,4,-1.002502826047875
12405,4,-1.0103736901560083
12410,4,-1.011932174839841
12411,4,-1.005421345346745
12412,4,-1.0052965348304062
12413,4,-1.001615908973321
12414,4,-1.003464214919546
12421,4,-1.0016300249571133
12423,4,-1.0112347613221742
12425,4,-1.0091307958463829
12435,4,-0.9987617292323663
12437,4,-1.0027645742736082
12441,4,-1.0030635550036793
12444,4,-1.0083138860840206
12445,4,-0.9992896476096209
12450,4,-1.023567938133747
12463,4,-0.999802235827423
12467,4,-1.0116561027583528
12472,4,-1.0022177584944405
12478,4,-1.0022330678417446
12479,4,-1.0054308157453062
12483,4,-0.9965904592884582
12490,4,-1.0033022578232456
12492,4,-1.000360510412131
12496,4,-1.004904493584567
12497,4,-1.00022324036504
12500,4,-1.0031441172737896
12507,4,-0.9998608946772938
12509,4,-0.9988680937797537
12512,4,-1.0014852276483848
12524,4,-1.0007113171699606
12538,4,-0.9939169256354832
12541,4,-1.0019711742487762
12544,4,-0.996819082465686
12545,4,-0.9951413834918135
12554,4,-1.0010848302724265
12555,4,-1.0028890652068287
12575,4,-1.003378008765217
12578,4,-1.0003064458902056
12587,4,-0.996362765288966
12589,4,-0.9938049675800241
12590,4,-1.00006532730111
12591,4,-1.014441939605339
12595,4,-1.000975410239725
12598,4,-1.0032888738476216
12614,4,-1.0120740676154125
12622,4,-0.9991729649546421
12628,4,-1.0271209024158656
12642,4,-1.002614439691723
12645,4,-1.0030380301450932
12647,4,-1.013434391231317
12663,4,-1.0120013814644724
12669,4,-0.9996054028904507
12672,4,-1.002367993167543
12675,4,-1.0063692499576538
12682,4,-1.0011284861328351
12684,4,-1.007156297350555
12690,4,-0.9959283457792
12696,4,-1.0258445065428017
12723,4,-1.0010506601168392
12729,4,-1.0038582137775134
12746,4,-1.0599169122331533
12755,4,-1.0009187553475085
12764,4,-0.9997598107146634
12765,4,-0.9997891767187974
12784,4,-1.0006959983381924
12788,4,-1.0036615950654109
12792,4,-1.009717134537377
12811,4,-1.0033879312507301
12823,4,-1.0054725229989017
12827,4,-1.0064906366218493
12828,4,-1.0051244476217893
12836,4,-1.0023413354732285
12839,4,-1.0005524652462134
12845,4,-0.9991101571524996
12848,4,-0.9996531229680319
12849,4,-0.9999165061087925
12856,4,-1.0051588418762054
12862,4,-1.0009630495388635
12864,4,-1.0055576917551448
12870,4,-1.0027131022043827
12872,4,-0.9976573885168907
12874,4,-1.0017260737183893
12878,4,-0.9991787650456747
12886,4,-1.0057874584424418
12889,4,-0.9980546320351956
12896,4,-1.0044868967252922
12898,4,-1.0093567298597752
12902,4,-1.0076526734600408
12904,4,-1.0011828399957805
12914,4,-1.0107595640955525
12915,4,-1.0067861988249123
12945,4,-1.0024221891292076
12953,4,-1.0036430441502198
12959,4,-1.0024436609179819
12965,4,-1.029497730345908
12970,4,-1.0194942708302848
12973,4,-1.0071458064509753
12976,4,-0.9991684400318748
12979,4,-1.0222341123315477
12985,4,-1.0142779901412318
12993,4,-1.0093875401623713
13000,4,-0.9998013993177945
13033,4,-1.0324770122693476
13041,4,-1.0048223701419732
13042,4,-0.9997554685518373
13059,4,-1.0050317638280246
13063,4,-1.000473173630938
13067,4,-0.9989678105282614
13073,4,-1.004942206780655
13093,4,-1.0062778948144953
13094,4,-1.0003029003949735
13095,4,-1.015317162890134
13105,4,-1.003499950406101
13108,4,-1.0101505551677685
13117,4,-1.0155297652565023
13122,4,-1.010439136594013
13123,4,-1.0033911199773424
13126,4,-1.0004609193273335
13127,4,-1.0042133954905696
13150,4,-1.0113658440494127
13154,4,-1.004205292207458
13156,4,-0.9985552285712358
13159,4,-0.9998880125307873
13162,4,-1.0167673795524867
13170,4,-0.9997346405171191
13172,4,-0.9997346405171191
13175,4,-1.0001165605375637
13177,4,-1.0038950715157644
13181,4,-1.0028364343855327
13185,4,-1.0046286451850615
13189,4,-0.9965805488001236
13192,4,-1.0059889018077917
13202,4,-1.0079960747861387
13217,4,-1.0022033462281774
13224,4,-0.9987334668323651
13261,4,-1.0104236618283533
13264,4,-1.0029949441025077
13269,4,-1.0035750086181172
13274,4,-1.0134389214358452
13276,4,-1.0035750086181172
13277,4,-0.9998321316614203
13283,4,-1.0001585626450356
13289,4,-1.0090106271851575
13291,4,-1.003708917482951
13293,4,-1.002182882253472
13296,4,-1.00200284117063
13300,4,-1.0088191011652556
13305,4,-1.000106291440047
13326,4,-1.0038950715157644
13335,4,-0.9992917994146977
13341,4,-1.0076445928981173
13343,4,-1.0001155663047885
13345,4,-1.0021926016788272
13352,4,-1.0048052527439584
13354,4,-1.0006303197178554
13357,4,-0.997521480884
13362,4,-0.9999368061683851
13366,4,-1.008503055091004
13372,4,-1.0054228511282277
13376,4,-1.0010231300191552
13392,4,-1.000410980428875
13394,4,-1.0169887509569253
13396,4,-1.0028274635490144
13398,4,-1.011078973806092
13401,4,-1.008823288839787
13405,4,-1.0014356953215344
13408,4,-1.0078877276067997
13415,4,-1.0062592613013
13427,4,-1.000196725015492
13429,4,-0.9998020988336039
13433,4,-1.0052799182067131
13435,4,-1.020005857790224
13438,4,-1.0069307589389458
13441,4,-1.005189751075169
13447,4,-0.9042360864554738
13451,4,-1.00201643932976
13464,4,-1.0021153779408198
13467,4,-1.0161023348396085
13473,4,-1.0023771125126317
13481,4,-1.0015870092494144
13486,4,-1.0015870092494144
13507,4,-1.005777283886201
13517,4,-1.0015956969680107
13519,4,-1.0019973193133216
13521,4,-1.0065919381754296
13530,4,-1.001543422889298
13533,4,-0.9993975316136593
13538,4,-1.0036445092477226
13540,4,-1.0010352083817624
13552,4,-1.0041625025001997
13554,4,-1.0000381200132835
13560,4,-1.0029167508393866
13564,4,-0.9997191746361673
13569,4,-1.0102681648126852
13577,4,-1.0039074009371594
13578,4,-1.0005375403444208
13584,4,-0.9998002335605931
13590,4,-1.0000381200132835
13598,4,-1.0137583246500101
13600,4,-0.9999299060183028
13605,4,-1.0116183791810904
13606,4,-0.9997143797516997
13609,4,-0.9997143797516997
13610,4,-1.001440673042357
13617,4,-1.01333869681934
13623,4,-1.001854577557905
13628,4,-1.0163740487314368
13633,4,-1.0106605741760535
13638,4,-1.0016615752768028
13641,4,-1.0078282586080962
13642,4,-1.02865965986599
13646,4,-1.0011599462039245
13650,4,-1.0028094505172391
13651,4,-1.0003571905443815
13654,4,-0.9920705796500549
13658,4,-1.0093567652112505
13669,4,-0.9971894438584749
13679,4,-1.0016618444330885
13684,4,-0.9988500417675004
13692,4,-0.9997145967417225
13695,4,-1.0220322710369765
13696,4,-1.0006749157992991
13701,4,-1.0113142439603968
13702,4,-1.022870341670036
13703,4,-1.0073952208966817
13706,4,-1.0001602102827265
13707,4,-1.0270323614424615
13714,4,-1.0000202095982709
13717,4,-1.002389334054231
13731,4,-1.0038363206735927
13732,4,-0.9996580754380954
13747,4,-1.0021931101403871
13761,4,-1.0005204778298822
13762,4,-1.003526164364306
13768,4,-1.00668038082049
13769,4,-1.0113442274950946
13773,4,-1.010881988354969
13774,4,-1.0000286266264797
13786,4,-1.029860263729578
13799,4,-1.0008497412899882
13801,4,-1.0139695014669874
13814,4,-0.9988701569493331
13818,4,-0.99939172226829
13820,4,-1.000553500468754
13826,4,-0.9974649577375538
13832,4,-1.0006656283242197
13833,4,-0.9985401814810929
13843,4,-1.0013305975649929
13849,4,-1.0132680691320692
13853,4,-1.0093879817015767
13864,4,-1.00189918176148
13865,4,-1.000070395305575
13867,4,-0.9943620661586641
13873,4,-1.0002707200486058
13874,4,-1.005956397255216
13884,4,-0.9998386095610126
13886,4,-1.0108911935005764
13906,4,-0.9998386095610126
13917,4,-1.0100273075347554
13922,4,-1.0006764094544642
13925,4,-1.0027980144494428
13941,4,-1.0023330859691904
13945,4,-0.9990246562249782
13946,4,-1.0067834495880124
13962,4,-1.0016262147282675
13964,4,-1.0026514477305204
13968,4,-1.0002632727129819
13984,4,-1.0051119220534137
13988,4,-1.0040966547480559
13999,4,-1.0022214444957536
14003,4,-1.006236730814833
14005,4,-1.0011368857406624
14007,4,-1.0004523339709983
14013,4,-0.9977866186034168
14014,4,-1.0049047750381999
14017,4,-1.008320170682696
14031,4,-1.000844418917992
14033,4,-1.0020024074542522
14035,4,-1.0273485619055838
14043,4,-1.0000759781729927
14056,4,-1.0021165640034708
14074,4,-1.0024632922714078
14080,4,-0.9988875589505274
14082,4,-1.004200549719159
14083,4,-1.0083683339713638
14095,4,-1.0204769746069426
14101,4,-1.0031648194262006
14106,4,-1.0001264748119416
14117,4,-1.0003851171584086
14120,4,-1.0022701625127095
14121,4,-1.04084213450132
14123,4,-1.0024373704416631
14127,4,-1.0064471085175348
14130,4,-1.0062411586783688
14132,4,-0.999607702004379
14134,4,-1.0040151701277527
14140,4,-1.0089519142197634
14161,4,-1.0188424350485519
14163,4,-1.0026222664467284
14166,4,-1.0016454140066535
14172,4,-1.0018601054661216
14180,4,-0.9999090630124903
14201,4,-1.0043370445990654
14216,4,-1.0016703386810932
14229,4,-1.0000799636817548
14232,4,-1.0344805907216932
14240,4,-1.0223753463314265
14242,4,-0.9985575811701495
14244,4,-1.002250932580988
14246,4,-0.9998180652059666
14247,4,-1.0096964162514555
14250,4,-1.0090024307721106
14256,4,-0.9941480595115376
14260,4,-1.0024242190294346
14270,4,-0.9994975753216613
14273,4,-1.0041577708880027
14278,4,-0.9994110186710152
14287,4,-1.0013535898826955
14290,4,-1.011239442276166
14297,4,-1.001178165680551
14303,4,-1.03048836980512
14307,4,-1.0218830363535318
14312,4,-1.0019869830118755
14317,4,-1.036168762388277
14329,4,-1.0041669392583412
14334,4,-1.01549725699418
14338,4,-1.0152448423724634
14343,4,-1.0015870436364283
14359,4,-1.0011232715186824
14371,4,-1.005846980162565
14374,4,-1.023288214242175
14383,4,-0.9958066149283231
14393,4,-0.9999454281850735
14394,4,-1.0182634040502787
14402,4,-0.9993999587017108
14412,4,-1.009938842145019
14413,4,-1.0037951158283753
14415,4,-1.0023066320917338
14439,4,-0.999166466681009
14441,4,-1.0060359100133252
14448,4,-0.9999686164404904
14449,4,-1.0196145580825067
14453,4,-1.010622227468641
14454,4,-1.0210369667738801
14462,4,-1.0023896470604943
14468,4,-1.0131144747545315
14472,4,-1.019062513410582
14484,4,-1.0050101310742643
14489,4,-1.014973772315421
14501,4,-0.9997441486405095
14502,4,-1.009652257792374
14506,4,-1.0062912502062802
14520,4,-1.0035450947922049
14521,4,-1.0025083550857374
14523,4,-0.9974067556010007
14530,4,-1.0013297776757857
14542,4,-1.0118524078236308
14555,4,-1.000982702571342
14556,4,-1.007555414746868
14560,4,-1.0074358118556708
14564,4,-1.0201530395042966
14568,4,-1.0033653302463188
14573,4,-1.013116356507891
14574,4,-1.0016708655657078
14577,4,-1.02647784030022
14578,4,-1.0001402052035508
14582,4,-1.0002176056563816
14585,4,-0.9987691272727464
14588,4,-1.0091789477885977
14592,4,-0.9855875119259463
14609,4,-1.000728604138126
14622,4,-1.0006760233685688
14624,4,-1.0005208064159588
14625,4,-1.0101655048021245
14626,4,-1.0201644196187736
14628,4,-1.0145508657873576
14636,4,-1.0001554180926178
14644,4,-0.9999928731902994
14648,4,-0.9979221702000387
14652,4,-1.0021651251335548
14655,4,-1.0059682684143287
14656,4,-0.9996487862598818
14662,4,-1.0113282179426388
14669,4,-1.0069884656194108
14683,4,-1.011906693009371
14698,4,-1.003764824451961
14703,4,-1.013760176541127
14706,4,-1.0018944394307616
14712,4,-0.9966753050482916
14721,4,-0.9992787795663656
14729,4,-0.9994721639901045
14734,4,-1.0292884491224406
14735,4,-0.9981756004270856
14743,4,-0.9989649189067324
14755,4,-0.9998862213573748
14763,4,-1.0202842747166472
14767,4,-0.999657548711384
14771,4,-1.005328735239055
14774,4,-1.0053081393079264
14783,4,-1.001607568760428
14800,4,-0.9913140472734
14810,4,-1.0001882684284638
14811,4,-0.9980625329387536
14812,4,-1.022530993260594
14817,4,-1.0017174193150626
14833,4,-1.0001009781877643
14834,4,-1.0050753886233383
14837,4,-1.0001069003379506
14839,4,-1.0011672865139651
14840,4,-1.0005406989150814
14851,4,-0.9915958953153359
14859,4,-1.0095188854328463
14860,4,-1.0008675893924024
14863,4,-1.0046251122527283
14873,4,-0.9913181329151066
14874,4,-1.0008337484398422
14876,4,-0.9968503883233085
14878,4,-1.0000511487624975
14886,4,-1.003234271834478
14901,4,-1.0057491650239656
14905,4,-1.0062988471030407
14906,4,-1.0145827792199764
14908,4,-1.0004172969849616
14909,4,-1.0044968249952342
14915,4,-1.002111769199103
14919,4,-1.0069501149342892
14925,4,-1.0003910144712107
14929,4,-1.0145827792199764
14931,4,-1.0105779201437717
14933,4,-1.0033000664595997
14934,4,-1.0108236085545865
14937,4,-1.0001220768218904
14941,4,-1.0033785783603477
14942,4,-1.0167165929076334
14946,4,-0.9967231851849836
14956,4,-1.0073453498174576
14960,4,-0.9958194822227706
14969,4,-0.9995486741240283
14978,4,-1.0017324398074916
14980,4,-1.0042712947542272
14981,4,-1.0068093624191174
14985,4,-1.0025089011671913
14987,4,-1.0043035839100392
14989,4,-1.0024422183264363
14998,4,-1.0006503810926242
15001,4,-1.0037273434265006
15008,4,-0.9996768399915175
15009,4,-1.003958788005007
15018,4,-1.0150836343278964
15020,4,-1.0139988883805624
15024,4,-1.0025242430834094
15032,4,-1.0025242430834094
15039,4,-1.000411799132687
15046,4,-1.0052787773536476
15050,4,-1.0131329531975422
15054,4,-1.0005153107721783
15057,4,-1.0033364038337487
15067,4,-1.0005153107721783
15071,4,-1.0008622749300056
15076,4,-1.0026483716948325
15081,4,-1.0001711822125334
15087,4,-1.0001711822125334
15095,4,-1.0078247688055937
15100,4,-1.0013818859577555
15104,4,-1.0297214918358595
15110,4,-1.0065714720878018
15117,4,-0.9924101130882569
15119,4,-1.0037611446146586
15121,4,-1.009875024791995
15123,4,-1.0002511109260217
15130,4,-0.9949286081491391
15139,4,-1.0155931804525644
15166,4,-1.0006147976275124
15169,4,-1.004189785086438
15170,4,-1.0041659263678202
15172,4,-1.0034256672596489
15174,4,-1.0074209008555872
15188,4,-1.0057247077225675
15189,4,-1.0065063340497715
15190,4,-1.0145682910578464
15192,4,-1.0065063340497715
15194,4,-1.0012717904423662
15200,4,-1.0012478953128863
15209,4,-1.0001101449208254
15216,4,-1.0105463855652577
15231,4,-1.0040451077098738
15233,4,-1.0056475956206397
15236,4,-1.002415884023673
15240,4,-1.001205343737468
15246,4,-0.9999115985086224
15250,4,-1.0193571691068457
15257,4,-1.0088224805549575
15262,4,-1.004943156131909
15263,4,-1.0043302099265974
15286,4,-1.0011178894021673
15293,4,-0.9995269553242943
15294,4,-1.002046712614972
15295,4,-1.0072985523981264
15298,4,-1.0013163217188983
15312,4,-1.0019246060605236
15329,4,-1.0026407396055237
15330,4,-1.0007645433999741
15333,4,-1.0056893861985539
15337,4,-1.0082579222461179
15338,4,-0.9996720896004914
15344,4,-0.9953224120862196
15359,4,-1.0012700567860806
15360,4,-1.000236225270141
15369,4,-1.0019184263082792
15372,4,-1.0008451782914245
15376,4,-1.0007504535660612
15384,4,-0.9997339801713714
15388,4,-1.0014451019506077
15390,4,-0.9937502768853979
15396,4,-1.0004963203224784
15401,4,-1.0086934953337687
15403,4,-1.0050983610576123
15406,4,-1.0005798946840607
15411,4,-1.000264818475599
15413,4,-1.0071352963770512
15420,4,-0.9968447927609067
15444,4,-1.0071931334136468
15449,4,-1.0005807326064464
15453,4,-1.002335519394251
15454,4,-1.00777994482082
15460,4,-0.9787038375028102
15465,4,-1.0000741399084645
15468,4,-1.0063765551886896
15475,4,-0.9995967746292861
15481,4,-1.0001502880345379
15492,4,-1.0008429408565025
15498,4,-1.0022449407880383
15499,4,-1.0024062207179918
15503,4,-1.0016612649547816
15506,4,-1.0081154993144552
15514,4,-1.0082176734893333
15531,4,-1.0019113867959573
15534,4,-1.00217310058169
15540,4,-0.9992947919979683
15542,4,-1.014234941669494
15553,4,-1.008074551515651
15561,4,-1.0021915104097818
15571,4,-1.0096955103591114
15574,4,-1.0064077259129367
15583,4,-1.007001990788097
15586,4,-1.0001343643293559
15587,4,-0.999851077702145
15609,4,-0.9996887332791432
15612,4,-1.0002100204918105
15613,4,-1.0001308009498158
15614,4,-1.0099352141249727
15621,4,-1.003486334240555
15628,4,-1.002624865043734
15637,4,-1.0112654163864974
15642,4,-0.9999193021433536
15645,4,-1.001900244380122
15646,4,-1.0021067640144534
15670,4,-0.9998357120724444
15676,4,-1.0046981113775124
15686,4,-1.001895010242936
15690,4,-1.0003200928587939
15698,4,-1.0024831197586803
15710,4,-1.0001007431628244
15719,4,-0.9824072364928678
15728,4,-1.0005596898950646
15729,4,-0.9984700170131646
15731,4,-1.0016050340856397
15755,4,-1.002412475582185
15756,4,-0.999263454522539
15765,4,-1.0164303694555
15773,4,-1.0032545239449353
15776,4,-1.0030398001368792
15780,4,-0.9988550175283541
15786,4,-1.0000363877148404
15801,4,-1.002406089814464
15807,4,-1.0039633424290075
15809,4,-1.0039633424290075
15830,4,-1.0241032390159008
15838,4,-1.002406089814464
15840,4,-1.0044271150996675
15844,4,-0.9952538064234093
15845,4,-1.0082934963730261
15853,4,-1.0015276176512247
15879,4,-1.0054472520948976
15886,4,-0.9949035391130786
15887,4,-1.001330828918766
15899,4,-1.0076665431670837
15910,4,-1.007182188851005
15914,4,-1.0018615880823991
15918,4,-1.008724845255263
15923,4,-0.9994020219017343
15924,4,-0.9994787871260604
15926,4,-1.010101484978151
15927,4,-1.000994708477529
15930,4,-1.0125719194806613
15937,4,-1.0015353376550256
15939,4,-1.0069075642538383
15940,4,-0.9987462531987658
15941,4,-1.001544340498918
15942,4,-1.0032191849689585
15945,4,-1.0046575326290053
15948,4,-1.0021535920149118
15961,4,-0.9877249748316822
15976,4,-1.0059495805793814
15977,4,-1.0147128896419204
15981,4,-0.9995551312088773
15983,4,-1.01137628293688
16018,4,-0.9997787437968436
16034,4,-1.000656462030751
16035,4,-1.000656462030751
16038,4,-0.9998653752558976
16041,4,-1.0081490315283617
16043,4,-1.0045937465548416
16045,4,-1.000914404837216
16058,4,-0.9944089903053563
16066,4,-1.005192692509304
16085,4,-1.0110807202303085
16087,4,-1.0017909664046654
16093,4,-0.997493800425405
16102,4,-1.004544436933248
16103,4,-1.0116370383602682
16104,4,-1.0064909865207825
16105,4,-0.9980878855326204
16109,4,-0.9997993753597681
16119,4,-1.000098230310995
16123,4,-0.9998688244354539
16126,4,-1.000444468511844
16128,4,-1.002600274518013
16133,4,-0.9967304380957775
16135,4,-1.002906325398692
16138,4,-1.0131307674988563
16142,4,-1.0043414462177787
16145,4,-1.0003600757429
16149,4,-1.0021697788412172
16152,4,-1.0002941639453446
16159,4,-1.0046556719195614
16168,4,-1.0019353829993387
16171,4,-1.0080314239673198
16176,4,-1.0002548149890311
16184,4,-1.0043884710507762
16186,4,-1.0223496720560334
16192,4,-0.9974601685192248
16194,4,-1.0001478322214274
16195,4,-1.0301457961494958
16196,4,-1.0044536368963337
16203,4,-1.005574367021477
16204,4,-1.0097864266493741
16210,4,-1.005029115825074
16219,4,-1.0039313192654191
16223,4,-1.0006112033749366
16229,4,-1.0019359802367473
16234,4,-0.9955200494329822
16263,4,-1.0029603246307073
16264,4,-1.0038057374712237
16282,4,-1.0063027789955652
16287,4,-1.0008418411377584
16289,4,-1.0050416210611872
16299,4,-0.9991314856903777
16300,4,-0.9846476128232373
16311,4,-1.005843648570385
16320,4,-1.0019128650023956
16325,4,-1.0080097865725488
16328,4,-1.002806340134893
16333,4,-1.0040986885157384
16346,4,-1.022377465941958
16355,4,-0.9988885872196175
16359,4,-1.0107159774905448
16360,4,-1.001691681131142
16363,4,-1.0042258627564373
16372,4,-0.9984970709948774
16376,4,-1.0003518677503513
16377,4,-1.00061137805274
16381,4,-1.0134430765256812
16383,4,-0.9990223149283823
16396,4,-1.0013962633143514
16401,4,-1.0013962633143514
16403,4,-1.0000722676822458
16406,4,-1.0144130944513354
16407,4,-1.0031432462077974
16410,4,-1.0027060144120665
16416,4,-1.0100431179119178
16419,4,-1.012909016244339
16425,4,-1.0022905999658844
16431,4,-1.0150114684585725
16436,4,-1.0008991683180892
16451,4,-1.0015034847768414
16463,4,-1.001769744931928
16473,4,-1.0022770916499264
16477,4,-1.001633560121799
16479,4,-1.0068341771394733
16482,4,-0.998946704578836
16484,4,-0.9998268622805795
16485,4,-1.0020733071225612
16502,4,-1.001349475775226
16506,4,-1.0025206806657034
16518,4,-0.9990343712091507
16525,4,-1.0031330660233282
16540,4,-1.00950111565448
16543,4,-1.011406107222966
16548,4,-0.985475093000499
16554,4,-1.0043521683876349
16556,4,-1.0034158604011663
16558,4,-1.0052621438620182
16564,4,-1.0033755064482148
16566,4,-1.0030520088087942
16569,4,-1.0058706343191233
16580,4,-1.0077495397499532
16586,4,-1.003290692750824
16596,4,-0.9964106893968729
16604,4,-1.020917773774583
16617,4,-1.016667649450354
16626,4,-1.0053032340108474
16630,4,-1.0068767069869813
16631,4,-1.0070896506822693
16635,4,-0.9979719262882824
16636,4,-1.0012305495374183
16639,4,-0.9999248605903683
16661,4,-1.0024877365683542
16672,4,-0.9991229771655938
16678,4,-1.0052412184068134
16687,4,-1.0044976128065395
16688,4,-0.9991377606820417
16690,4,-0.9971347416149522
16697,4,-1.0104296687842327
16700,4,-1.0251381066474157
16708,4,-1.0185977909882704
16720,4,-1.0068254900054174
16726,4,-1.0036896226658563
16729,4,-1.0001477337895972
16732,4,-1.0006397848068325
16733,4,-0.9938213356419238
16736,4,-1.0067396819616894
16739,4,-1.005227715365388
16748,4,-1.0119844704361025
16753,4,-1.0024659472550441
16767,4,-0.9998403440163428
16769,4,-1.005227715365388
16773,4,-1.000792365196903
16778,4,-0.9999945703413098
16783,4,-1.0031925013108591
16797,4,-1.0026097515220258
16799,4,-1.003176369603444
16800,4,-0.9987093976846084
16807,4,-1.0039522667024265
16813,4,-1.0020959787590464
16821,4,-1.0000625936530403
16824,4,-1.0057601199998158
16831,4,-1.012085821598364
16836,4,-1.0021174892556493
16837,4,-1.009005652440334
16840,4,-1.0065509377573354
16844,4,-1.0136185718055364
16846,4,-1.0005489223260153
16854,4,-0.9851974424852912
16856,4,-1.004915807488599
16859,4,-1.0002047634701547
16865,4,-1.012674532223366
16877,4,-1.0170713489037486
16878,4,-1.006561966569656
16883,4,-0.9962548895398854
16888,4,-1.011836617435895
16892,4,-1.000117798763787
16902,4,-1.0010879639143035
16904,4,-0.9968964219013443
16908,4,-1.0016022273112322
16911,4,-1.0008291834017435
16913,4,-1.0012158571787202
16922,4,-1.0089122654574656
16934,4,-1.0215447684986065
16943,4,-0.9991590187863817
16944,4,-1.0003691835096573
16947,4,-1.0094915215144153
16960,4,-1.0059594029236496
16961,4,-0.9997220653642405
16967,4,-0.9988039259354256
16982,4,-0.9995119650497896
16983,4,-0.9997337702788403
16986,4,-1.0025417702592128
16997,4,-1.00600543393191
16998,4,-1.0035562677284127
17001,4,-1.00816787351464
17006,4,-1.0065509377573354
17007,4,-0.9991755600036512
17012,4,-0.9929027675103932
17022,4,-1.0197091669082328
17024,4,-0.9982415139876837
17038,4,-1.0126210267775195
17047,4,-1.0134251159446486
17051,4,-1.008886516141267
17052,4,-1.003569943594007
17060,4,-1.0080898471076063
17062,4,-1.007788443761281
17063,4,-1.0111292069952968
17074,4,-1.0115903365202636
17075,4,-1.001017880898567
17083,4,-1.0022158649751454
17091,4,-1.0207404133083537
17103,4,-1.0306273550709721
17107,4,-1.004951415655984
17114,4,-1.0012329465907261
17132,4,-1.0014288708951287
17136,4,-1.0003152112712737
17150,4,-1.0071293274326374
17161,4,-1.0041848013728556
17170,4,-0.9998917124488365
17173,4,-1.0021127352073
17174,4,-1.00738425446216
17176,4,-1.0018686661322573
17179,4,-1.0043346605422916
17187,4,-1.001763812501368
17194,4,-0.9939997165788723
17197,4,-0.9977897346777373
17214,4,-1.0008142929752428
17225,4,-1.007742891216774
17226,4,-1.003380996648269
17228,4,-1.011480019683326
17231,4,-0.9950005597261978
17232,4,-1.0150873050129228
17233,4,-1.0040264956482814
17245,4,-1.0151282336108498
17251,4,-1.0025781582396502
17252,4,-1.0000423559024645
17262,4,-1.0024410151917615
17264,4,-0.9959683650091251
17292,4,-1.000959939884662
17294,4,-1.0030257603950181
17298,4,-1.0073516526586754
17302,4,-1.0031533574948306
17318,4,-1.0047714475812066
17325,4,-1.0059588288864494
17337,4,-1.0418327150323612
17361,4,-1.0132521831629744
17364,4,-1.0045404349727098
17367,4,-1.001191947304715
17391,4,-1.0281121992224216
17397,4,-0.9997333550078096
17402,4,-0.9973170842807828
17409,4,-1.0432334043931157
17411,4,-1.0138462925444316
17425,4,-0.9989013350178795
17445,4,-1.0169469136442961
17452,4,-1.0117660609174326
17457,4,-1.0722682761972213
17463,4,-0.998949560158058
17464,4,-1.0003882934054809
17465,4,-1.00192539612889
17467,4,-1.0003404660329267
17472,4,-1.0043533611909845
17477,4,-1.004021520939312
17483,4,-0.9999612008503915
17485,4,-1.0006832453842032
17492,4,-1.0017362832943
17517,4,-1.0001637557771965
17530,4,-0.9999941485119248
17545,4,-1.0022958215841646
17547,4,-1.0096304730394772
17568,4,-1.0092492662440078
17571,4,-1.0049449555062464
17574,4,-1.0003235689101804
17575,4,-0.9646319513665289
17576,4,-1.0292869877935025
17580,4,-1.0092378195799767
17581,4,-1.0658171629370954
17583,4,-1.006314451892143
17585,4,-0.9924078079504459
17594,4,-1.0134013127567092
17597,4,-0.9924043827839703
17608,4,-1.005719818585756
17612,4,-1.0062826230748225
17613,4,-1.0065210755855656
17625,4,-1.0093884866664524
17631,4,-1.0058363028254167
17643,4,-0.9961165973966688
17644,4,-0.9994743809664511
17650,4,-1.0060753545173091
17655,4,-1.0220417242838398
17662,4,-0.9994378871484908
17664,4,-1.006837709471212
17670,4,-1.0065384236119406
17671,4,-1.0039943736115313
17673,4,-1.034421684157587
17676,4,-1.0153879422915562
17678,4,-0.9986219109912464
17680,4,-1.0445377097644344
17681,4,-1.0023427897059385
17684,4,-0.9966326380960531
17691,4,-0.9952819034239345
17712,4,-1.0021152616791933
17717,4,-1.0006958954111262
17728,4,-1.0024003527631693
17731,4,-1.0006885986688676
17733,4,-1.017395717926265
17741,4,-1.0073682922793064
17752,4,-0.9996711407759098
17763,4,-1.0087389733648875
17766,4,-0.9974200886946465
17779,4,-1.0069504271788006
17784,4,-1.0034999466447152
17795,4,-1.0124503449213944
17827,4,-1.0053992931858264
17833,4,-1.0010523174826769
17836,4,-1.030845628150911
17837,4,-1.0064941759390447
17844,4,-0.9997773660039422
17849,4,-1.0010836945534516
17850,4,-1.0227220640633299
17852,4,-0.9971902441168246
17856,4,-1.0107786401104597
17857,4,-1.001615156065343
17869,4,-1.0080344713036724
17872,4,-1.0046997436914786
17879,4,-1.0187480618741243
17888,4,-1.04344114049828
17893,4,-1.0002471423946768
17903,4,-1.0023160352402714
17919,4,-1.0028000954691842
17925,4,-1.0010574317661418
17926,4,-1.0000142735235342
17933,4,-1.0078359189159387
17946,4,-0.9911262248549837
17966,4,-1.0114845722860173
17969,4,-1.0232982957811565
17971,4,-1.0190908325615178
17975,4,-1.0044799455204831
17976,4,-1.0129816289379465
17978,4,-1.0019202771218518
17982,4,-1.0533045819324591
17983,4,-1.0146542772228202
18000,4,-1.0067918156434188
18003,4,-1.010066689726536
18014,4,-1.0077586534693945
18015,4,-1.0022950923418366
18018,4,-1.0049823961479767
18019,4,-1.008347406236619
18027,4,-1.0155358645369228
18035,4,-0.9975445433084896
18037,4,-1.0009721204560325
18038,4,-1.0045245244416887
18044,4,-1.0004621583974576
18055,4,-1.0203113064087366
18072,4,-0.9955794946097686
18080,4,-1.0057580144018288
18085,4,-1.0003048484404262
18087,4,-1.0282074830197971
18095,4,-0.9989562805125223
18109,4,-1.0007458340209845
18113,4,-0.9984940613889663
18123,4,-1.0027131410943237
18132,4,-1.0051395736948676
18136,4,-1.0078040107174533
18137,4,-0.9984890237032371
18149,4,-1.0397188864215319
18150,4,-1.0078559071385453
18151,4,-1.0025164292294504
18159,4,-1.0015977917668
18165,4,-1.0001877562674149
18176,4,-0.9953603032461513
18178,4,-0.998339329141438
18190,4,-1.0067540539525612
18196,4,-1.0037955978012043
18198,4,-1.0131196308902415
18199,4,-0.9968025508712599
18201,4,-1.0104023304141494
18204,4,-1.0022470039247002
18207,4,-0.9978161453946938
18210,4,-1.0016798443000086
18228,4,-0.9973134965642028
18229,4,-1.0264954460113298
18239,4,-0.9920256944651438
18246,4,-1.0121535631844174
18247,4,-1.013633532589418
18250,4,-0.9952238448952956
18258,4,-1.0147018960497411
18278,4,-1.000530235985046
18281,4,-1.0118506530197997
18282,4,-1.0106897642214099
18283,4,-0.9988988220088961
18287,4,-1.0056793365453234
18289,4,-1.011104900848757
18296,4,-1.009949765496979
18301,4,-0.9975207343773309
18308,4,-1.010761475821525
18321,4,-1.0051306388275167
18327,4,-1.0239815650838209
18331,4,-1.012170159661329
18347,4,-1.0030285148675793
18364,4,-1.0130111472037715
18372,4,-1.0083580373395018
18380,4,-1.002114678285331
18386,4,-1.0204263430291438
18392,4,-1.0021555943664813
18405,4,-0.9996554191192099
18406,4,-1.0039262689623152
18408,4,-0.9996480611719769
18409,4,-1.0062920663871828
18411,4,-1.004848493311634
18413,4,-1.0007172044943584
18418,4,-1.0055364445514379
18423,4,-1.0191825079887402
18434,4,-1.0032951489216695
18440,4,-1.0226404608395598
18444,4,-1.0027889407909578
18456,4,-1.0016230854205175
18457,4,-1.025487603137393
18460,4,-1.0002121174178025
18467,4,-1.0068237613238593
18469,4,-1.0192478520846582
18482,4,-0.9999575504977828
18497,4,-1.0370190697431474
18508,4,-1.002452807581823
18512,4,-1.0015757950519857
18522,4,-1.0355830610225831
18524,4,-1.0180508019670143
18526,4,-1.0114164468797813
18527,4,-1.0028788824946866
18534,4,-1.007851200870891
18537,4,-0.9905974648498908
18538,4,-1.0021956613181728
18550,4,-0.9990364587052009
18554,4,-1.009195748434087
18555,4,-1.0113281805148624
18569,4,-1.0011025333607937
18570,4,-1.0002644892758643
18571,4,-1.0066099628982887
18575,4,-0.9996426869716937
18580,4,-1.0004941704739412
18583,4,-1.0001454260360467
18584,4,-1.0016613679073467
18590,4,-1.0014014599812682
18593,4,-1.012399600726542
18603,4,-1.0157952379835595
18608,4,-1.0078580356430273
18614,4,-1.003887908572241
18639,4,-0.9999037371052457
18641,4,-1.003672126948241
18643,4,-1.0035870679015446
18645,4,-0.9996379670477841
18646,4,-1.0010567757699715
18647,4,-1.00059393746273
18654,4,-1.003662071393304
18656,4,-1.0043707304673144
18658,4,-1.0102092159506646
18663,4,-1.01180302213592
18680,4,-1.0101382578774452
18698,4,-1.0305644277006754
18713,4,-1.002885346959738
18714,4,-1.001332983181334
18720,4,-1.0331442040427352
18723,4,-1.0417514961897254
18725,4,-1.000972656289578
18731,4,-1.0003603716265033
18732,4,-0.9999689085618083
18735,4,-1.0113654707420605
18761,4,-1.0160025731954196
18773,4,-1.000910697927699
18774,4,-1.0047057604415839
18784,4,-1.00578886152977
18787,4,-1.0171794848670248
18804,4,-1.0089416239037594
18815,4,-1.0032512940352676
18817,4,-0.9973377488413123
18820,4,-1.0134195853841248
18824,4,-0.9999898430505061
18831,4,-0.9997891472925124
18833,4,-1.0093486605625823
18840,4,-1.0003203476355704
18852,4,-0.9961356640196819
18868,4,-1.0025911007688508
18876,4,-1.0051516199441535
18896,4,-1.0073785582244505
18906,4,-1.0013825005301813
18921,4,-0.9999766384517075
18924,4,-0.9828571160520214
18926,4,-1.0023960630923914
18944,4,-1.0162158191546051
18953,4,-1.008451894535654
18955,4,-1.008451894535654
18957,4,-1.0043466603723328
18979,4,-1.0011949690807072
18988,4,-1.0089424117217556
19000,4,-0.9887995927477093
19011,4,-1.0166616920796014
19013,4,-1.007038290198636
19022,4,-1.0114436055877853
19025,4,-1.0049017459785734
19040,4,-1.0104445571658573
19043,4,-1.0036513298230916
19058,4,-1.0023930577769318
19069,4,-0.9994024347131933
19078,4,-1.000199146440207
19079,4,-1.0033568065218328
19086,4,-1.0007939874223806
19091,4,-1.0002298766004647
19094,4,-1.0031683972846035
19097,4,-1.0018296961895454
19102,4,-1.0005384366089585
19114,4,-1.0007587041478898
19119,4,-0.9994137231497471
19128,4,-1.0053599969138438
19133,4,-1.0063506467042336
19134,4,-0.9992242876629562
19149,4,-1.001444107519779
19170,4,-1.0099134987705443
19172,4,-1.0043871217039286
19189,4,-1.0025120434190167
19190,4,-1.0004643851605348
19192,4,-1.0059106684864165
19200,4,-1.0066357836333417
19203,4,-1.0096958263870075
19204,4,-1.024063641074364
19206,4,-1.0004467696073474
19217,4,-1.0023210502853934
19220,4,-0.9997439012047622
19221,4,-0.9996461942524826
19222,4,-1.014262520866348
19231,4,-1.0035395354696788
19235,4,-0.9996445800295962
19237,4,-1.0026268812275112
19240,4,-1.0059074392863112
19241,4,-0.9999486203786957
19242,4,-1.003496707767624
19249,4,-1.0111199405788829
19264,4,-1.0047082586616076
19269,4,-1.011048655224049
19271,4,-1.0004518274531158
19276,4,-1.0007661259142333
19283,4,-1.0086219086307144
19284,4,-0.9989494928601699
19297,4,-1.0020320587943767
19311,4,-1.0074754195755624
19320,4,-1.0065822130314421
19333,4,-1.0055800990753947
19334,4,-0.9999747359006539
19339,4,-0.9985256894611518
19343,4,-1.0045881769275842
19356,4,-1.0000415855400386
19367,4,-1.0006595456524807
19369,4,-1.0031236881016223
19377,4,-1.0043262536347028
19378,4,-0.999688691719383
19381,4,-1.0038545389173987
19387,4,-1.002323861402047
19391,4,-1.0016861648837536
19397,4,-1.0119256447419542
19402,4,-1.0025029230811733
19409,4,-1.0084195603886654
19412,4,-1.0023903705743997
19417,4,-0.9988703939864546
19428,4,-1.0008646395972653
19429,4,-1.0020036742903113
19445,4,-1.0024909469630559
19449,4,-1.009380587091295
19454,4,-1.0011204079503513
19462,4,-1.0037113625169365
19468,4,-1.0034507387996177
19482,4,-1.0002698253753206
19485,4,-1.003574469023735
19490,4,-1.0041340121269888
19499,4,-1.0019202029586134
19504,4,-1.0027859698541302
19505,4,-1.000535455945827
19510,4,-1.0018640053164256
19514,4,-1.0005641783188428
19520,4,-1.0026314763675757
19521,4,-1.0048385710797085
19523,4,-0.999933649523905
19526,4,-1.0172229178307557
19528,4,-1.0093585613214233
19529,4,-1.0009581326849066
19531,4,-1.0021594958269338
19543,4,-1.0011002179452624
19556,4,-1.0017734201432846
19562,4,-1.0015160752077918
19565,4,-1.0084345786308675
19579,4,-1.001321909166198
19592,4,-0.9867160068772587
19593,4,-0.9996022796149486
19595,4,-0.9991967332843368
19600,4,-0.9962238573433919
19605,4,-0.9876535697747906
19612,4,-0.9995272688263126
19614,4,-1.009112271303974
19616,4,-1.0024244311526234
19617,4,-1.0010047750537032
19622,4,-1.00322855612203
19656,4,-1.0030456353510655
19670,4,-1.000354168423366
19673,4,-0.9999411717136053
19683,4,-1.0047878399391479
19686,4,-1.0077997277306978
19687,4,-1.0000211898789064
19698,4,-1.00097567041537
19701,4,-1.0066496712458923
19703,4,-1.0006192336053457
19704,4,-1.0016649351085254
19707,4,-1.0030188033009924
19708,4,-1.0093799778613333
19711,4,-0.9945617137389702
19721,4,-0.9996483058507193
19725,4,-1.0006192336053457
19726,4,-1.000289566221979
19731,4,-1.0123546407873323
19732,4,-0.9988826804544185
19735,4,-1.0202496271177697
19738,4,-1.0068758725954912
19739,4,-1.0034040484470454
19746,4,-1.0030876788444663
19753,4,-0.9957747889069213
19757,4,-1.0004926556986633
19759,4,-1.0004926556986633
19760,4,-1.0057593176157194
19765,4,-1.0181849600770614
19768,4,-1.015286032610453
19769,4,-1.002212199056765
19774,4,-1.0024075172977491
19784,4,-1.000723027961799
19794,4,-1.0012126322542283
19803,4,-1.0047494758644102
19807,4,-0.999877149806913
19808,4,-1.0043045752570794
19818,4,-1.0036349025329903
19825,4,-1.000242349679634
19843,4,-1.022880192691359
19847,4,-1.0005737164599569
19870,4,-1.0023773226576926
19884,4,-1.0024075172977491
19891,4,-1.011282705824672
19900,4,-1.0039932501379294
19906,4,-1.0036969929949784
19907,4,-1.0067614649192067
19922,4,-1.0035248442048168
19928,4,-1.0030467951010005
19947,4,-1.00296144360982
19951,4,-1.0021943865945313
19954,4,-1.0008871373796002
19961,4,-0.9959200644670392
19972,4,-1.0009921238108561
19973,4,-1.002882229339496
19974,4,-1.0024499673416014
19983,4,-1.0098887396642637
19987,4,-0.999795583650438
20003,4,-0.9992015154178865
20011,4,-1.0052766335044856
20017,4,-1.0023777490429797
20028,4,-1.0003472941238019
20039,4,-1.003670054377459
20040,4,-1.001056244823474
20053,4,-0.997273215258355
20056,4,-1.0103662437054624
20057,4,-1.0033059202730112
20061,4,-1.001734821305138
20071,4,-1.0004090847544427
20074,4,-1.001663730317221
20075,4,-0.9993669029621434
20093,4,-1.0032537771498187
20101,4,-1.0136232133804879
20107,4,-1.00104980469089
20108,4,-1.0032464373551124
20109,4,-1.0176728590907687
20114,4,-1.0014709211220119
20126,4,-1.0004347800710798
20132,4,-1.0061665968706566
20156,4,-1.000768903185787
20161,4,-1.001734821305138
20169,4,-1.0107214766470265
20171,4,-1.0000276399117043
20175,4,-1.0025936778420195
20193,4,-1.0008954473960445
20198,4,-0.9998607634014247
20211,4,-0.9986071412809829
20215,4,-1.0003363221659987
20218,4,-0.9998370403968851
20225,4,-1.0014006172325085
20226,4,-0.9991805367043436
20236,4,-1.0004357227141343
20246,4,-1.0010350315983354
20251,4,-1.004990916784444
20267,4,-1.0023810199182646
20274,4,-1.0045445972721059
20276,4,-1.0004432332623305
20286,4,-1.0003975654686252
20299,4,-0.9851707603913868
20301,4,-1.0013577222793197
20307,4,-0.9994348111061071
20319,4,-1.0111344807669806
20320,4,-1.0047643187650857
20328,4,-1.0217488247319366
20334,4,-1.0088400458474767
20335,4,-1.0016791737582782
20341,4,-1.0073963595950182
20363,4,-1.0087268060489807
20366,4,-1.0006062197793593
20368,4,-1.0058634782941516
20370,4,-0.9998527782925686
20377,4,-1.0078099987923288
20382,4,-1.0075895108090216
20383,4,-1.0019425311719292
20390,4,-1.0003509139634965
20394,4,-1.0009292663105953
20398,4,-1.0066750900581607
20431,4,-1.005752734024456
20438,4,-1.0011967548674259
20439,4,-1.0250640268501137
20443,4,-1.006162528896089
20452,4,-1.0131143431927392
20457,4,-1.0016371632394285
20461,4,-0.9997658682545856
20473,4,-1.0005561795787472
20485,4,-1.0003745413034237
20487,4,-1.0063199646791992
20488,4,-1.008235351147711
20489,4,-0.9997338125202895
20498,4,-0.9997623481993438
20501,4,-1.0093393578003844
20512,4,-1.0055377144223636
20517,4,-1.0001193669975457
20519,4,-0.9952998291835888
20521,4,-1.0000585582531438
20522,4,-0.999750893096006
20525,4,-1.0024287559288565
20532,4,-0.9938553579588508
20540,4,-1.0057126259691784
20551,4,-1.001425002146906
20552,4,-1.0000898768563098
20554,4,-1.0016683349764377
20563,4,-1.008280327264582
20564,4,-1.0086965579141203
20574,4,-1.0228249320673641
20579,4,-0.9954240957572471
20595,4,-0.9920258075278647
20596,4,-1.0120929820836368
20604,4,-1.0031021312947992
20618,4,-1.0084346017497976
20625,4,-1.0002646875869834
20627,4,-1.0126490714698022
20628,4,-0.9997926435626483
20633,4,-0.9995444290824571
20642,4,-1.0050054835155964
20645,4,-1.009196484155069
20677,4,-0.9998535931345506
20678,4,-1.0039627113961436
20685,4,-1.0010904956785909
20701,4,-1.0189175094455847
20702,4,-1.000925257934055
20708,4,-0.9993208813385046
20715,4,-1.00028360411326
20716,4,-0.9999557866947559
20719,4,-0.9999183895405415
20720,4,-0.999923416880262
20731,4,-1.0080070368192744
20738,4,-1.005491502122463
20740,4,-1.0031441124392881
20747,4,-1.0027858766164168
20752,4,-0.9964937234334348
20757,4,-1.007263663102619
20758,4,-1.0067085953021797
20763,4,-1.0010001409699951
20764,4,-1.0162126068033903
20770,4,-1.0089051287384607
20774,4,-1.007592130900454
20786,4,-0.9968087047276426
20789,4,-1.0031179516962798
20792,4,-1.0018325811283395
20805,4,-1.0012341536002536
20813,4,-1.0016434254093
20816,4,-0.9952383111736606
20822,4,-1.00408668429468
20829,4,-1.0004985923041465
20840,4,-1.0058437024640843
20849,4,-1.002120139942942
20856,4,-1.000789021943197
20864,4,-0.9993791415135878
20876,4,-1.001075588586984
20879,4,-0.9994436451000104
20882,4,-1.000643714869323
20898,4,-0.9959040346101649
20902,4,-1.0006255433434466
20904,4,-1.0046969773232812
20906,4,-1.003676162122661
20915,4,-1.0006756968522872
20916,4,-1.0013566071552524
20933,4,-1.0012115706836577
20941,4,-1.0012770263450235
20943,4,-1.0040964269117583
20946,4,-1.0023617229010038
20956,4,-1.000788634882102
20967,4,-1.0010236845508658
20972,4,-0.9943682568395836
20979,4,-1.0041460547714507
20983,4,-1.0021960404814767
20991,4,-1.0065153985659734
20996,4,-0.9974646841722963
21002,4,-0.9991241216591535
21003,4,-0.9865658383794489
21010,4,-1.0046178298970898
21016,4,-1.0130670969559579
21021,4,-1.0032384802481527
21032,4,-1.000158806230503
21052,4,-1.002120139942942
21062,4,-1.001165799386135
21070,4,-1.0230151757835266
21074,4,-1.0036142518458657
21075,4,-1.0112286604206069
21095,4,-0.999316852899839
21102,4,-1.0009765058293199
21107,4,-1.0011650650737158
21110,4,-1.000117649129247
21113,4,-1.000378121356736
21119,4,-0.9993650684049629
21125,4,-1.0013109285395856
21131,4,-1.0012057451620997
21133,4,-1.0071458793275054
21141,4,-1.0004510239730726
21142,4,-0.997214049885377
21147,4,-1.0184634531257064
21159,4,-1.0123147012177074
21162,4,-1.012022451200862
21167,4,-1.0009567469282483
21177,4,-0.9993216609550699
21206,4,-1.012447509747758
21210,4,-1.0065141374387276
21217,4,-1.0004078434257888
21241,4,-1.0001669645586442
21249,4,-0.9984317988436053
21259,4,-1.004962118900822
21262,4,-1.002787790771794
21263,4,-1.0023655677725705
21267,4,-0.9994580875824814
21268,4,-1.0000185585338222
21271,4,-1.000630241741225
21280,4,-1.002168804925688
21282,4,-0.9997100928179794
21286,4,-1.0004974382061946
21290,4,-1.0043590104339484
21306,4,-1.0103666599730283
21317,4,-1.0103292152710237
21319,4,-1.0001533454112268
21320,4,-1.0128300211401957
21327,4,-1.0056794888374123
21338,4,-1.020367556565754
21347,4,-1.0007435947181815
21357,4,-0.995923882105352
21363,4,-1.0016096518220223
21367,4,-1.0228370157326383
21374,4,-1.0034157700805832
21383,4,-0.9996283191134894
21384,4,-1.000273097823037
21386,4,-1.0000057171415404
21388,4,-1.0007624322247306
21394,4,-1.0020446002451067
21398,4,-1.0019857485008203
21405,4,-0.9950099518424764
21421,4,-1.0075405234118306
21437,4,-1.0003447816083402
21448,4,-1.00463944033323
21452,4,-1.008027584176936
21453,4,-1.01165687656626
21462,4,-1.0010524975558117
21465,4,-1.0095283913864797
21470,4,-1.0077707226508688
21485,4,-1.008532265941384
21495,4,-1.0000999733294327
21501,4,-1.0039140734871868
21505,4,-1.0044636572519403
21519,4,-1.0048027886224344
21524,4,-1.0016362707512347
21526,4,-1.0126484329283543
21529,4,-0.9910194016246642
21544,4,-1.000121257272396
21556,4,-1.0062488093612407
21565,4,-1.0072589226803448
21567,4,-1.0063982478093647
21573,4,-1.0112117509639629
21581,4,-1.0040563332084314
21595,4,-1.0033573222233751
21601,4,-1.0003673997073945
21622,4,-0.9999007852189206
21628,4,-0.9999070158420817
21636,4,-1.0067453036733358
21653,4,-1.0066148019213466
21659,4,-1.0022109137130397
21662,4,-1.0020560734199884
21674,4,-1.001074432755142
21683,4,-1.0016581116791117
21692,4,-0.9953387749073872
21717,4,-1.009847977577393
21719,4,-1.0131686641401711
21728,4,-1.006862089819077
21735,4,-1.0045091229417733
21748,4,-1.0035386749158748
21749,4,-0.9988962659690821
21751,4,-1.003169448803077
21756,4,-0.9801498880875961
21758,4,-0.9976908815705257
21761,4,-1.0158623892990404
21766,4,-0.9996189427042403
21777,4,-1.002274606346829
21778,4,-1.0039970144140125
21784,4,-0.999797478534151
21797,4,-1.000883111661749
21798,4,-0.9989486729875882
21807,4,-0.9996473433925458
21808,4,-1.0005638975289384
21814,4,-1.0021325986480627
21823,4,-0.9997109898225696
21828,4,-1.0030991769396898
21839,4,-1.0023917036497694
21844,4,-0.9996041999723306
21847,4,-1.0007851608159948
21853,4,-1.005436728139022
21855,4,-1.000170727568308
21860,4,-0.9977176505402153
21864,4,-0.9994099511896211
21867,4,-1.0031571661307592
21869,4,-1.005830107754624
21873,4,-0.9999571764935551
21875,4,-1.0011373402136612
21891,4,-1.0017790725765074
21893,4,-1.0110978154347148
21900,4,-1.000170727568308
21902,4,-1.000962452949854
21912,4,-1.0020627702039397
21917,4,-1.0035642912354894
21921,4,-1.0242608913871925
21922,4,-1.0001050538893042
21929,4,-1.0034322776303948
21934,4,-1.000586345108965
21939,4,-1.0000215007120312
21940,4,-1.000467612520358
21941,4,-1.0009809199593112
21948,4,-1.0003099573622865
21950,4,-1.0085326306822586
21971,4,-1.0009574511612631
22009,4,-1.0013617898215466
22028,4,-1.008796385654584
22031,4,-1.0040597193526066
22033,4,-1.0018726123869426
22039,4,-1.000556773981887
22046,4,-1.0053035969206894
22056,4,-0.9998466945191586
22062,4,-1.0241812986739331
22070,4,-0.9998844184877077
22071,4,-1.0031757488635824
22076,4,-1.0040597193526066
22077,4,-1.0044745411563312
22079,4,-0.9956606134434085
22083,4,-1.0189827280541217
22084,4,-1.001925989173628
22088,4,-1.002237529666403
22093,4,-1.004388862119698
22099,4,-1.0028348705594503
22104,4,-0.9907198700620596
22125,4,-1.0035508926989127
22145,4,-1.0006528924994307
22146,4,-1.0010680162053989
22167,4,-1.0044454981900564
22168,4,-0.9997473681984134
22173,4,-1.004626107483403
22177,4,-1.002019345088402
22178,4,-1.003904469530652
22183,4,-1.0029641118135177
22184,4,-1.0008470855524534
22186,4,-1.0081037345300328
22187,4,-1.0010344513721026
22194,4,-1.003338690131471
22203,4,-1.0047706428577379
22208,4,-1.0013651747996455
22225,4,-1.0036120358009026
22232,4,-1.0012416317370425
22236,4,-0.9979061370099743
22242,4,-1.0035764451169125
22251,4,-1.002767069939763
22257,4,-1.0005441322339792
22265,4,-1.0009195224391036
22281,4,-1.0275434055608026
22291,4,-1.0067721306904398
22302,4,-1.0013039005043907
22303,4,-1.0032403866695438
22308,4,-1.0018003956401498
22322,4,-1.0030286235764292
22324,4,-1.0000185815242453
22325,4,-1.0171754433863534
22329,4,-0.9863203551632936
22331,4,-1.0004043807669212
22335,4,-1.0010748287290459
22342,4,-1.0048473866691259
22343,4,-1.0006331105247868
22352,4,-1.001980752770051
22366,4,-0.9999543571806588
22384,4,-0.9966480953686405
22386,4,-1.0042135173780251
22389,4,-1.0012823779044289
22394,4,-1.0086362747165292
22395,4,-0.9927167422565999
22400,4,-1.0002437202965824
22402,4,-1.0007180996409704
22407,4,-1.0034613571366369
22419,4,-1.019562360388648
22421,4,-1.0018018289114006
22422,4,-1.0038095640517093
22424,4,-1.0058107103036662
22425,4,-1.0104993614395923
22433,4,-0.9995833931802631
22436,4,-1.0069401357573744
22438,4,-1.0229606169921368
22443,4,-0.999345916626687
22444,4,-1.002140761665412
22446,4,-0.9996037383778404
22455,4,-0.9990751357071233
22461,4,-1.000123469430751
22463,4,-1.0082302684581887
22465,4,-1.0094660406298845
22469,4,-1.0042820748534462
22474,4,-1.0072074401431537
22482,4,-1.002037126958208
22489,4,-1.0039437252096572
22503,4,-1.002954543009734
22507,4,-1.0057874113320233
22511,4,-1.0068852673229434
22522,4,-1.0040819855374028
22526,4,-1.0004654346390436
22528,4,-1.008138260367208
22530,4,-0.9970429654175909
22531,4,-1.0013924414044884
22544,4,-1.003062781142198
22548,4,-1.02152543743663
22552,4,-1.0018359743357799
22554,4,-0.9992835540962822
22555,4,-1.001572118202736
22556,4,-1.0003702222550146
22560,4,-1.0040698968496442
22561,4,-1.000354565186472
22563,4,-1.001520266159688
22566,4,-0.9997923997925133
22570,4,-1.0068879465386678
22572,4,-0.9979543529157284
22588,4,-1.0175627967907
22593,4,-1.0041664427624744
22594,4,-1.0018346024265576
22596,4,-1.0021871528547917
22601,4,-1.0108388370374177
22602,4,-1.0033938473985071
22603,4,-1.0255850733740282
22606,4,-1.0014544277414599
22611,4,-0.9896096401143337
22614,4,-1.0202256432608388
22623,4,-1.005877702760525
22625,4,-1.0191870805890209
22629,4,-0.9945099869421026
22634,4,-0.993937055621724
22635,4,-1.0035245649184694
22645,4,-1.00464177444672
22648,4,-1.0007541405346134
22653,4,-1.0041491160360674
22660,4,-1.0018287546585416
22664,4,-1.00490745067904
22684,4,-0.9906243683433269
22686,4,-1.0082548640702902
22690,4,-1.001637402905861
22701,4,-1.0222402604327265
22702,4,-1.000010728855243
22711,4,-0.9975945891695095
22716,4,-1.0030319897570192
22718,4,-0.9998130176062661
22722,4,-1.014247279590225
22738,4,-1.0086263213824096
22741,4,-1.0030230949337482
22746,4,-1.0009942683403406
22748,4,-0.9955887797501983
22751,4,-1.001440459145273
22756,4,-1.0025588684809876
22759,4,-0.9986903453636407
22782,4,-1.0058884043750842
22783,4,-1.021523901996098
22792,4,-1.00139645994251
22800,4,-1.00030140504933
22801,4,-1.010752531950833
22819,4,-0.9998504774303288
22830,4,-1.0015129225310133
22835,4,-1.0029261482466012
22840,4,-1.0004256001264527
22844,4,-1.0060550901472245
22848,4,-1.000635051595301
22849,4,-1.0012264718326735
22852,4,-1.006988872051222
22882,4,-1.0210391072466984
22886,4,-0.9991274986995435
22895,4,-1.0014965063044876
22896,4,-0.9983831339965137
22900,4,-0.9998345477396442
22901,4,-1.0035898413578455
22904,4,-1.0007363086734418
22905,4,-1.003892009499883
22909,4,-0.9987933249031214
22910,4,-1.0153640679100087
22911,4,-1.013337396883172
22917,4,-1.0010554739041992
22925,4,-1.0017999676701133
22926,4,-1.0097276000849416
22936,4,-1.0049469180199335
22940,4,-1.0047168064867622
22944,4,-0.9983131680143291
22955,4,-1.0021749578066617
22967,4,-1.0034437951363806
22968,4,-1.0105406064727034
22970,4,-1.00495220737228
22979,4,-0.9997821243827532
22991,4,-1.0110794277749102
22993,4,-0.9996360921473499
23011,4,-0.9964311482194907
23045,4,-0.9989254173398414
23046,4,-1.0011216108733452
23047,4,-1.0011216108733452
23052,4,-0.9996286109253456
23054,4,-0.9998019671171883
23068,4,-1.016808105651548
23069,4,-1.0000960783183857
23074,4,-1.0080265643560056
23079,4,-1.00674286056273
23082,4,-1.0039625955687366
23097,4,-1.000903111378698
23100,4,-1.0107581261985588
23101,4,-1.0021989999636514
23102,4,-1.0084394540410626
23106,4,-1.006798770749114
23112,4,-1.0125837123408732
23115,4,-1.0001278873958117
23123,4,-0.9939505292280031
23150,4,-0.9690642800976996
23151,4,-1.0004952358583166
23155,4,-1.009255372879266
23157,4,-1.0075455231569295
23187,4,-1.0132388412830158
23189,4,-0.9993065567888161
23191,4,-1.0017786583884287
23199,4,-0.9837931792432226
23203,4,-1.001643404372299
23211,4,-0.9992761100921246
23212,4,-1.0011277824991582
23213,4,-0.9952069790351221
23215,4,-1.0038129761637267
23216,4,-1.005551019907151
23217,4,-0.999553441992243
23218,4,-1.001858876767075
23219,4,-0.9917302611320558
23221,4,-0.9999947160221827
23225,4,-1.0047758140957905
23226,4,-0.9974746771757802
23233,4,-1.0104377973652718
23240,4,-1.0064264923457393
23245,4,-1.0020712145939354
23249,4,-1.0048260921326633
23251,4,-1.0033921789898084
23252,4,-1.0078513104761802
23268,4,-1.0193930356144945
23270,4,-1.0030937480994928
23272,4,-1.0063025717090834
23274,4,-0.9982544772037374
23280,4,-1.0040818558841107
23294,4,-0.9978367253804539
23314,4,-0.9970866488610636
23318,4,-1.0124872937850182
23319,4,-1.0002091839502356
23324,4,-1.0115407726079582
23326,4,-1.0011373402136612
23327,4,-0.9945486746859993
23339,4,-1.006282892350679
23342,4,-1.0092546846168733
23344,4,-1.0006452395797372
23346,4,-0.9990242195453598
23354,4,-0.9996070037496564
23357,4,-1.009863393133056
23371,4,-1.0047508066759618
23375,4,-1.0229622190925973
23389,4,-1.0011311936869824
23392,4,-0.9989316125487703
23399,4,-0.9938679512797812
23401,4,-0.9843189750918775
23407,4,-1.0102791154535244
23416,4,-1.0018450620160382
23419,4,-1.0138525854629556
23440,4,-1.008862644379036
23447,4,-1.0019496931815233
23449,4,-1.0003601372082696
23452,4,-1.0002546498973308
23453,4,-1.0103268369443636
23458,4,-0.973848009248031
23466,4,-1.0054196856320479
23468,4,-1.0032858446027544
23469,4,-1.0084491196092404
23472,4,-0.9984524461510846
23474,4,-1.0031849151415715
23479,4,-1.0003920442091756
23481,4,-1.0123397595544583
23483,4,-1.008322099075715
23485,4,-1.0101355134209689
23487,4,-1.001505184887192
23503,4,-1.002011774498495
23506,4,-1.0004653466089146
23507,4,-0.9997081114725694
23508,4,-1.000835935401878
23511,4,-1.001131723829978
23512,4,-1.0069501966020447
23518,4,-1.0005184489184626
23524,4,-1.0032391636197333
23532,4,-1.0073409364169967
23533,4,-1.00220323393956
23552,4,-0.9998500721963959
23562,4,-1.0028031345067647
23573,4,-1.002507214927749
23575,4,-1.0037929485151007
23576,4,-0.9989951874448252
23592,4,-1.007840580108572
23601,4,-0.9968928171410876
23607,4,-1.0138634128795592
23612,4,-0.9737539260476367
23617,4,-1.0009330707103552
23623,4,-1.0008025999461716
23627,4,-0.9997902921718946
23652,4,-1.0083262064002354
23654,4,-1.0040199405842947
23656,4,-1.0032052967447427
23664,4,-1.000786839637649
23670,4,-1.0029747878505466
23673,4,-0.9737616809260354
23675,4,-1.0148078752963832
23679,4,-1.001476136033025
23680,4,-1.0006436492302833
23685,4,-1.0011729446317927
23687,4,-1.0114726070888618
23688,4,-1.0039556682179231
23692,4,-1.0001813693417911
23698,4,-1.0094371155076542
23699,4,-1.0134387562432317
23704,4,-1.0122712921963628
23707,4,-1.0058019669273919
23720,4,-1.0144887533361469
23721,4,-0.9995611747854078
23723,4,-1.0019237917781796
23730,4,-1.0030778807646288
23749,4,-1.0028085549337709
23751,4,-1.0001231416125396
23754,4,-1.0194782928522863
23764,4,-1.0044370331028403
23773,4,-1.0030538721724043
23780,4,-1.001288100431601
23787,4,-0.9970980483886998
23788,4,-0.9974458856648158
23794,4,-0.9982815266056253
23798,4,-1.0023557560957341
23809,4,-0.9974955927684654
23816,4,-1.0002587442676254
23829,4,-1.005318365267012
23835,4,-0.9993878497203041
23839,4,-1.0021387841039018
23840,4,-1.0250959923427498
23842,4,-1.0014123803761714
23844,4,-1.00095010724858
23862,4,-1.0109597839563436
23863,4,-1.002475948678693
23870,4,-1.0012736580625068
23871,4,-1.0030965442951003
23877,4,-1.0105412973008407
23886,4,-1.0006694604395723
23889,4,-0.9963889127299353
23894,4,-1.025742429033146
23897,4,-1.0009353152258162
23900,4,-1.0009209981806406
23902,4,-0.999210860235753
23905,4,-1.0013721686035648
23906,4,-1.002519168120319
23912,4,-1.000964974943404
23915,4,-1.000774951757824
23916,4,-1.0026907516489008
23920,4,-1.0144507440726314
23923,4,-0.998508488203453
23948,4,-0.998427436850774
23964,4,-1.00609460932387
23973,4,-1.0003909160372193
23977,4,-1.0010073558462655
23982,4,-0.9997516925459329
23990,4,-1.0025440851661922
23996,4,-0.9836740835418434
24004,4,-0.1594863683635493
24012,4,-0.3822276579052133
24019,4,-0.6140450863978426
24027,4,-0.14264116019917572
24030,4,-0.0704925791701006
24031,4,-0.06878784249950337
24042,4,-0.15472431089159921
24044,4,-0.09834361265943514
24045,4,-0.22358575162977723
24046,4,-0.3079704936808628
24047,4,-0.24685288583035225
24051,4,-0.19934331935893096
24067,4,-0.9681183900407481
24073,4,-0.9826963140267835
24085,4,-0.9788756291471205
24087,4,-0.9321674003009635
24089,4,-0.9575794657037553
24094,4,-1.0093743689725792
24110,4,-0.976888266989323
24113,4,-1.039619819262065
24118,4,-0.9948920065034706
24120,4,-0.9724658401128288
24126,4,-0.9913534198147667
24127,4,-1.0152227884080114
24153,4,-1.0085644645920293
24155,4,-1.0048263672004918
24158,4,-1.0080432742340595
24161,4,-0.96675568543391
24162,4,-1.0134707085936618
24166,4,-1.0420232920265975
24180,4,-0.9980271758039845
24189,4,-1.0086928304832
24195,4,-1.016213821430758
24206,4,-1.0048192213159508
24213,4,-1.0186186002670865
24219,4,-1.0074071735506005
24222,4,-1.0114667970035107
24226,4,-1.009605016055335
24249,4,-1.0026716603588932
24250,4,-1.029626481222901
24252,4,-1.0062498470025036
24254,4,-1.00051443833734
24255,4,-1.0243066857473955
24262,4,-1.0061223441921299
24267,4,-1.0019871926942998
24268,4,-1.0129317277823862
24269,4,-1.0070806899832139
24277,4,-1.0240819221090267
24282,4,-1.013197398252441
24283,4,-1.0638228182960776
24284,4,-1.039613876612147
24288,4,-1.0052314296483844
24289,4,-1.0142831958978928
24304,4,-1.0056819817376235
24307,4,-1.0170254934154168
24310,4,-1.0113115676430016
24320,4,-1.0146383206821772
24329,4,-1.0108334309610345
24334,4,-1.011153647517236
24340,4,-1.0266493586506493
24344,4,-1.0133656910230697
24351,4,-1.024284795064976
24358,4,-1.021736309866482
24362,4,-1.0284275724733156
24370,4,-1.0264198084105365
24373,4,-0.9973332057129187
24374,4,-1.0164697688169528
24381,4,-0.9791776851573936
24383,4,-1.0049299433805896
24384,4,-1.0233237944509583
24390,4,-1.0115399943737204
24394,4,-1.0174740211050501
24409,4,-1.0114501254392898
24425,4,-1.016640310034806
24427,4,-1.0142699979267702
24430,4,-1.0124064129343435
24434,4,-1.006807525707821
24442,4,-1.0154052200124608
24447,4,-1.0062498470025036
24483,4,-1.0032030232065363
24487,4,-1.0075794799838416
24508,4,-0.9999739075718082
24530,4,-1.0008869102647866
24535,4,-1.030361556496359
24540,4,-1.062618105175417
24548,4,-1.0158283547016016
24550,4,-1.0040175658344466
24562,4,-1.0183553166731647
24564,4,-1.010624625335765
24565,4,-1.0067134621150284
24575,4,-1.01441702800195
24579,4,-1.030260794824328
24581,4,-1.0186760372200165
24596,4,-1.0111574014205489
24598,4,-1.041648764559129
24605,4,-0.9969385244621443
24617,4,-1.0030796236103312
24627,4,-1.002247717587022
24630,4,-1.0050432599421335
24641,4,-1.0506796585078357
24644,4,-1.0394453345885795
24648,4,-1.0148921523625365
24650,4,-1.0129623214274561
24655,4,-0.9935903626176766
24670,4,-1.028884605982944
24677,4,-1.0053028554713996
24682,4,-1.0179205429723335
24683,4,-1.0165552293514115
24711,4,-1.0049543330530017
24716,4,-1.0122190755280047
24725,4,-1.0009250077863885
24733,4,-1.018334781753972
24754,4,-1.0134084760875055
24759,4,-1.0146149330121683
24762,4,-1.0204242873983298
24765,4,-1.0121075404011923
24779,4,-1.0178597878635804
24781,4,-1.0127136213545733
24782,4,-1.0320918144204965
24790,4,-1.002836067252534
24804,4,-0.9962243672680671
24813,4,-0.9944539248079258
24833,4,-1.0055120111253246
24838,4,-1.0165668605947311
24840,4,-1.0656881897576689
24843,4,-0.9970703618169607
24844,4,-1.0061745931433228
24846,4,-1.0427175674836922
24855,4,-1.0097521110289431
24857,4,-1.0017897742012765
24859,4,-1.0080974517163663
24860,4,-1.0017897742012765
24868,4,-1.0164355207929676
24879,4,-1.007903672624349
24891,4,-1.0135606626468667
24897,4,-1.0103214956655853
24902,4,-1.0041564831779137
24918,4,-1.027997754442093
24922,4,-0.9914995637469928
24923,4,-1.0188849950981633
24927,4,-1.0134322431519105
24936,4,-1.0081949064661253
24939,4,-0.9980950249771856
24948,4,-0.9995965404831242
24952,4,-1.0092483060775221
24961,4,-1.0581572472296137
24962,4,-1.0010721273875705
24967,4,-1.023509484718395
24972,4,-1.006788504981591
24976,4,-1.0195527332745913
24991,4,-0.9978042618602145
25005,4,-1.0137649727074984
25009,4,-1.0310023172877143
25026,4,-1.0068803402428301
25038,4,-1.0244579110867424
25046,4,-1.0042247765435623
25063,4,-1.0119478369049646
25066,4,-0.9979851904553222
25077,4,-1.0026532928816432
25084,4,-1.0158515443124512
25106,4,-1.0042640937570189
25112,4,-1.005444193318296
25113,4,-1.0140733421049442
25129,4,-1.0173619122408135
25139,4,-1.0006766523836041
25143,4,-1.0045239126019596
25153,4,-1.0002323600559937
25154,4,-1.0223853652689565
25165,4,-1.0028371529939002
25166,4,-1.0355105946228027
25173,4,-1.003217045341036
25176,4,-1.048024764236891
25180,4,-0.9970703618169607
25182,4,-1.0148406339357918
25186,4,-1.030731572702026
25187,4,-1.0293111160782742
25206,4,-0.9996461613592131
25215,4,-1.0482130570668817
25222,4,-1.0156896260770147
25227,4,-1.0164216033690439
25228,4,-1.033886342024351
25235,4,-1.0146614068744946
25248,4,-1.0168344400638891
25253,4,-1.0109169696148859
25254,4,-1.0145125523111687
25258,4,-1.0216309401690324
25260,4,-1.0283652597408988
25265,4,-1.0181649265029087
25270,4,-1.014216626364709
25282,4,-1.012083228102727
25284,4,-1.0051166693954514
25285,4,-1.0032388065375215
25286,4,-1.0244396170253598
25290,4,-1.0019847452918444
25292,4,-1.0376465899372622
25296,4,-1.0151998280998376
25298,4,-1.0163825351726232
25301,4,-1.0127082780919956
25306,4,-1.0102169433469788
25309,4,-1.013709539788695
25313,4,-0.998789813577842
25316,4,-1.0053810338249038
25320,4,-1.0417228653332022
25330,4,-1.002677787875939
25336,4,-0.9924974120167743
25339,4,-1.0024289764374112
25341,4,-1.0436238405056812
25342,4,-1.0347657802890828
25348,4,-1.006923710612897
25359,4,-1.0839048932695887
25363,4,-0.9988875425743853
25365,4,-1.0427290950984096
25369,4,-1.0363541494408794
25378,4,-1.029936678937484
25380,4,-1.0201104010863613
25384,4,-1.0398739528116878
25385,4,-0.998735477176075
25386,4,-1.0087083951777398
25394,4,-1.015763467341286
25395,4,-1.0558403747594336
25396,4,-1.0006697924294958
25404,4,-1.0078608052518563
25408,4,-0.9953936840624021
25411,4,-1.0081375134241202
25417,4,-1.0095167530408822
25424,4,-1.0468755485776073
25427,4,-1.0103522568525038
25431,4,-1.0262628293810854
25434,4,-1.004127935573394
25435,4,-1.0059001645032777
25463,4,-1.0149537585196022
25474,4,-1.038264378829715
25475,4,-1.0319705555713843
25486,4,-1.0159202335400495
25488,4,-1.0211544159002193
25492,4,-1.000911361293331
25496,4,-1.0327155580439262
25497,4,-0.738981209402197
25509,4,-1.0009794703352186
25510,4,-1.0235147760478214
25513,4,-1.002826805190069
25523,4,-1.0178035268278613
25524,4,-1.0088813786804254
25534,4,-0.9987517580011727
25536,4,-1.01103308239807
25537,4,-0.997316923738665
25547,4,-1.0018024157591454
25555,4,-0.9960341089404332
25564,4,-1.0001534582701899
25567,4,-0.9842880523804474
25568,4,-1.0253869226055008
25569,4,-1.0005046006350136
25583,4,-1.0064854567999881
25584,4,-0.9888948698432373
25587,4,-1.0190104606938613
25588,4,-0.9991439097235467
25592,4,-0.9929411998709208
25608,4,-1.0055818858155476
25612,4,-1.0102282128162425
25615,4,-1.0045854932803273
25619,4,-1.022603089816986
25620,4,-1.0081319953119414
25625,4,-1.0185897874941883
25630,4,-1.002592612664881
25638,4,-1.0061228068421193
25639,4,-1.0029246950626458
25651,4,-0.999902949237748
25652,4,-1.0004245106127785
25662,4,-1.0114015328652575
25671,4,-1.0205468737542736
25672,4,-1.0218077051327636
25679,4,-1.0054583513623152
25684,4,-1.0102782896980769
25686,4,-1.007631754454306
25690,4,-1.0018024157591454
25698,4,-1.0191522352250275
25713,4,-1.0134773688600847
25728,4,-1.0104248015184494
25729,4,-1.0166708584989472
25737,4,-0.999809701274972
25745,4,-1.0184125273250497
25746,4,-1.010651890266034
25752,4,-1.029175506763817
25760,4,-1.0174726540186658
25768,4,-1.0064893543983042
25776,4,-1.00433476827264
25779,4,-1.0237745728286423
25791,4,-1.0060649576034317
25809,4,-1.0182825006494394
25819,4,-1.0037022756664244
25827,4,-1.0033324197736353
25830,4,-1.0190414768339011
25836,4,-1.0298613610078546
25840,4,-1.0078095492109214
25849,4,-1.027177425659915
25858,4,-0.9850360193984005
25875,4,-1.0022419551370483
25876,4,-1.0008021504367988
25881,4,-1.007441947387651
25883,4,-1.0110636084500095
25896,4,-1.0023942361928704
25901,4,-1.0199641269556694
25908,4,-1.0004658224115017
25919,4,-1.0076937026628436
25928,4,-1.0253851686953672
25933,4,-0.9971252943696525
25937,4,-1.0111806854027463
25946,4,-1.0111219458541876
25949,4,-1.008578892975986
25955,4,-1.0312405652273107
25967,4,-1.0021209046233026
25968,4,-1.0072355597277176
25971,4,-1.0124162560546988
25973,4,-1.0245745028188384
25976,4,-1.0198583786255584
25978,4,-1.0162883995086749
25981,4,-1.006807743113522
25992,4,-1.0245623383137197
25997,4,-1.007857466593796
26007,4,-1.003488052722156
26017,4,-1.007106218005942
26026,4,-1.0154860646523647
26029,4,-1.0112775129846239
26031,4,-1.0094287809970433
26036,4,-1.0157928862987857
26044,4,-1.0198388282065134
26047,4,-1.0443708455181249
26048,4,-1.0242023601624484
26050,4,-1.013342073422295
26054,4,-1.0175144614862204
26057,4,-1.0186982745228517
26064,4,-1.0105911646712515
26081,4,-1.0059222276919342
26086,4,-1.0115058552855893
26087,4,-1.040164966149597
26090,4,-0.9960964636904752
26094,4,-1.008948675884723
26103,4,-1.0036454156115666
26121,4,-1.0022419551370483
26122,4,-1.01464560095999
26123,4,-1.0374625388829406
26134,4,-1.0430668749419605
26136,4,-1.0153912709401696
26141,4,-1.0132676393300697
26142,4,-1.027210791160651
26143,4,-1.0029414846049023
26146,4,-1.0282758851069922
26156,4,-1.0343033883218555
26162,4,-1.0126986196282168
26165,4,-1.0015082702389542
26169,4,-1.0300006886419388
26180,4,-1.0137187136819135
26181,4,-1.0001205889846392
26183,4,-1.0016272091279321
26188,4,-1.0063513194028868
26190,4,-1.0046357876154763
26191,4,-1.0138570209020599
26205,4,-0.9988092609437756
26211,4,-1.0076573520523628
26224,4,-1.0030828573280972
26225,4,-1.016006230226973
26233,4,-1.0384782122397693
26234,4,-1.0097882956632487
26263,4,-1.0051663024355268
26278,4,-1.0044892099099736
26284,4,-1.0072271670425752
26285,4,-1.0058888483850685
26289,4,-1.0364276823798657
26292,4,-1.0137187136819135
26298,4,-0.9987022176221337
26312,4,-1.018596934569076
26338,4,-0.9968936481007455
26340,4,-1.010358897727009
26341,4,-0.9985427464842245
26344,4,-1.0064781788890833
26349,4,-1.0282340013797944
26356,4,-1.0058888483850685
26360,4,-1.006797782149643
26362,4,-1.0016103983109612
26364,4,-1.002942475357897
26383,4,-1.0134989002084462
26390,4,-1.0003385320674365
26394,4,-1.0062243485932312
26400,4,-1.0058888483850685
26405,4,-1.0083829357294167
26408,4,-0.9959435895294408
26409,4,-1.0192640085740177
26414,4,-1.0069362414761902
26415,4,-1.0047073133679014
26422,4,-1.018717225816715
26423,4,-1.0051081255993655
26427,4,-1.0019269235156276
26451,4,-0.9927236290295731
26453,4,-1.0079907448617833
26458,4,-1.0011308937549226
26480,4,-1.0019384239229194
26481,4,-1.037111244877257
26486,4,-1.017521358416927
26498,4,-0.9962594281997832
26501,4,-1.001755237815007
26530,4,-0.9718424183623022
26531,4,-1.0003721728505648
26546,4,-1.0000478529483479
26553,4,-0.9961287234623534
26559,4,-1.0029413057852805
26571,4,-1.008088536936933
26588,4,-1.0148106602212148
26596,4,-1.0119589714701323
26601,4,-1.003713223984283
26604,4,-1.0417054708483013
26612,4,-1.0092781486351687
26617,4,-1.0011241717362798
26631,4,-1.008106753617927
26654,4,-0.9804608762032967
26660,4,-1.001780261821799
26673,4,-1.0032115244173154
26675,4,-1.0078113240786704
26677,4,-0.9978277477821129
26682,4,-0.9978733686543098
26685,4,-0.9978277477821129
26688,4,-1.0006885391600366
26701,4,-1.0141910852853433
26705,4,-1.0041643556454691
26706,4,-1.001287361380625
26709,4,-1.0015110755112255
26710,4,-1.004719348379687
26727,4,-0.9699282584127467
26746,4,-1.0015269096251143
26747,4,-1.0055170466568473
26749,4,-1.003402858607283
26751,4,-1.0154302724769853
26760,4,-1.0121170892243037
26770,4,-0.9893827997423114
26784,4,-0.9947216810852016
26792,4,-0.9979407663104054
26802,4,-1.0090245863614289
26811,4,-1.0088106194531334
26813,4,-0.9982898124289332
26816,4,-1.0050420764717678
26846,4,-0.9997965282129955
26861,4,-1.016214717314552
26871,4,-1.002754142711801
26874,4,-0.9734886864710655
26879,4,-0.985179297027353
26884,4,-1.0152066406140379
26890,4,-1.0029275478077921
26892,4,-1.009426373645728
26908,4,-1.012760056840411
26910,4,-1.019867383222632
26917,4,-1.0189986937914046
26922,4,-1.0239993121473456
26924,4,-1.005856455873361
26944,4,-1.004372667486979
26954,4,-1.0147466899316462
26958,4,-1.0088304488355386
26960,4,-1.0154106743985691
26963,4,-1.0048168328445208
26970,4,-0.995689345745325
26971,4,-0.9981154130481991
26978,4,-0.9882964286343988
26980,4,-1.0025855381966235
26992,4,-1.041732389787927
27015,4,-1.016188195702668
27023,4,-1.002399187695362
27028,4,-1.0004437078092376
27029,4,-1.006138923813977
27036,4,-1.0034358898589644
27048,4,-1.007735721309297
27053,4,-1.0002799469270995
27059,4,-1.0029734880948178
27061,4,-0.9984255559311617
27066,4,-0.9722522639125075
27088,4,-0.99993349517395
27096,4,-1.0187746364282806
27099,4,-1.0056431973933075
27110,4,-1.0021962714803339
27119,4,-1.014787664996745
27124,4,-1.024421396199494
27132,4,-0.9998996218225965
27135,4,-1.0029231700363916
27145,4,-1.0171521972375053
27149,4,-1.0048250213776961
27150,4,-0.9996956675716593
27152,4,-1.0156598368377034
27161,4,-1.016104039052848
27164,4,-0.9998141569352819
27169,4,-0.9881418655094318
27170,4,-1.0091467367674656
27177,4,-1.005473676551023
27179,4,-1.0109933165605356
27187,4,-1.0189391136937362
27193,4,-1.0050295377799698
27200,4,-1.004956251899959
27201,4,-1.0222562942679518
27203,4,-1.0004247138224216
27210,4,-1.0027335118659988
27211,4,-1.002872250573057
27212,4,-1.0028931881429777
27216,4,-1.0068878793366811
27217,4,-1.0024753485346372
27220,4,-1.0045617972848104
27223,4,-0.9850967988614024
27230,4,-1.0023688927826866
27231,4,-1.0034923799663398
27232,4,-0.9980018591665949
27236,4,-1.0058757368405575
27246,4,-0.9820196272018402
27265,4,-1.0021754334173103
27266,4,-1.0245930038043352
27286,4,-1.0011593917088129
27311,4,-1.0324854452630767
27313,4,-1.0129313757911944
27315,4,-1.023752277387005
27326,4,-1.0337294898664893
27333,4,-1.0213094748537004
27337,4,-0.9910809098385202
27346,4,-1.0152007222163237
27347,4,-1.0126085345580975
27357,4,-0.9992319737274529
27361,4,-0.9990573933473624
27371,4,-1.0096850538058542
27375,4,-1.0110448007542265
27376,4,-1.0062246064647242
27379,4,-1.0204833016035852
27397,4,-1.0593947598916698
27405,4,-1.0037441510369902
27408,4,-1.0103733662958476
27428,4,-1.0198983544944462
27433,4,-1.0146246558761765
27437,4,-1.0211277455519707
27442,4,-1.012397108972083
27444,4,-0.991106926802521
27465,4,-1.0439431797305994
27471,4,-1.016080129025954
27474,4,-1.025986052689553
27475,4,-0.9770420265232154
27478,4,-0.814547616101494
27486,4,-1.043655341440449
27493,4,-1.0037090157838924
27494,4,-1.012217011346646
27505,4,-1.0290391423820693
27507,4,-1.029885816878042
27510,4,-0.9957654498599167
27514,4,-0.9716615838532257
27515,4,-1.0105346020871715
27521,4,-1.0113710112759278
27524,4,-1.0252023592836799
27534,4,-1.0140966334557264
27541,4,-1.0088944324964897
27542,4,-1.041624698955152
27565,4,-0.9905441822687915
27571,4,-1.0108146151993964
27574,4,-1.002320305191895
27579,4,-1.0033320345790462
27587,4,-1.0125157034566445
27598,4,-1.0125272440908462
27610,4,-1.0122531937523669
27619,4,-1.027828974616559
27627,4,-1.014292349921908
27640,4,-1.003985102733059
27644,4,-1.0048074859825253
27650,4,-1.0066216241016281
27652,4,-1.0101057586997668
27667,4,-1.0338948596373976
27679,4,-0.9931366489544106
27680,4,-0.9143538763075822
27686,4,-1.057731288606522
27701,4,-0.8071368907059611
27706,4,-0.9189220243748574
27709,4,-0.7332251296685515
27712,4,-0.9209287848104042
27719,4,-0.9128571305713628
27720,4,-1.0009114050116659
27723,4,-0.8237622237977112
27724,4,-0.7070427376200227
27738,4,-0.9350279996995263
27756,4,-0.827573267149933
27778,4,-0.934461676872518
27786,4,-0.8583178180016426
27793,4,-0.8563361608597577
27795,4,-1.053315100429852
27799,4,-0.9476232510853453
27805,4,0.32001264106254834
27807,4,-0.9328827119512637
27812,4,0.5809176964086806
27814,4,0.3462674889601234
27815,4,0.336624834680185
27823,4,-0.8604612241249705
27853,4,-1.0248194476894041
27859,4,-0.9053976896059623
27866,4,-0.6115711385129519
27881,4,-0.8278378114948413
27885,4,-0.862126498397856
27895,4,-0.8977423521205123
27904,4,-0.7164376359059375
27906,4,-0.8976589253071536
27914,4,-0.7288384025724137
27924,4,-0.8344960056609685
27931,4,-0.9757876765747842
27952,4,-0.9712287511399273
27954,4,-0.7187106522243116
27955,4,-0.9810190786691815
27975,4,-0.9943151355437687
27983,4,-0.9831880969490364
28004,4,-0.8813937980422875
28006,4,-0.9992025762593264
28034,4,-0.9885943979831041
28047,4,-0.9925945447669378
28050,4,-1.0449877061931345
28066,4,-0.9795608645483271
28069,4,-1.0169193355072197
28077,4,-0.9938497145524408
28092,4,-0.9389601294381338
28094,4,-1.0398656492505722
28095,4,-0.959596062843708
28100,4,-1.0290109156258724
28104,4,-1.0117407311158013
28106,4,-1.019770491539664
28112,4,-1.0268701820238
28113,4,-1.0823180655780418
28118,4,-1.0407498355807847
28121,4,-1.0319694984986405
28140,4,-1.0104218353275645
28141,4,-1.0291612608251657
28161,4,-1.007204136617704
28173,4,-1.0115157033242332
28177,4,-0.7625687065611999
28178,4,-0.9785829233486818
28179,4,-0.9902024641333754
28183,4,-1.0308199060525944
28186,4,-1.0099144709085817
28187,4,-1.0219456180271462
28188,4,-0.9949872098101709
28191,4,-0.9762085024147736
28197,4,-0.9835866105455044
28222,4,-0.11300509428320032
28233,4,-0.9380555920945803
28253,4,-0.9986471389581525
28258,4,-1.0156027060095454
28263,4,-0.986428609645968
28264,4,-0.986428609645968
28275,4,-1.015111817875932
28277,4,-1.0111780176818541
28284,4,-1.0037363842787952
28287,4,-1.0131329583465856
28288,4,-1.053026347674475
28292,4,-1.0105924746177948
28293,4,-0.9638225136499903
28298,4,0.16518446313698487
28303,4,-0.949715870206246
28309,4,-0.9024520585302942
28313,4,-1.0253504138782807
28319,4,-0.9232730980885769
28322,4,-1.00503035952533
28328,4,-1.024463697882282
28330,4,-0.9589185394284683
28335,4,-1.034151288753483
28338,4,-1.002936300346475
28342,4,-0.9968583117314511
28349,4,-1.0142283356736361
28354,4,-1.0509953842596405
28362,4,-1.0166142796736415
28375,4,-1.0069589428493946
28376,4,-0.9838751730434543
28380,4,-1.0233004144676554
28401,4,-1.0119939071384054
28413,4,-1.0260413929266454
28417,4,-0.9932333137894032
28425,4,-0.9804925317509872
28446,4,-1.0228358609580264
28449,4,-1.0076846000998614
28458,4,-0.9848083289133195
28465,4,-1.0535075058192305
28469,4,-0.9893099951136222
28474,4,-1.0093254213654472
28476,4,-0.9861015229484931
28482,4,-1.0004088343329145
28490,4,-0.9715821580868844
28506,4,-0.9742317480194307
28514,4,-0.9472051439004687
28518,4,-0.9708597244770388
28533,4,-0.9932369722362899
28535,4,-1.0164795748655493
28558,4,-0.9996846689609957
28559,4,-0.994214752021523
28564,4,-0.9654516657874341
28568,4,-0.9979357339473882
28569,4,-0.8690689915625746
28573,4,-0.926636562834922
28583,4,-0.9764362581113022
28597,4,-1.0149438777066528
28622,4,0.3474505450441444
28633,4,-0.9943151203710616
28649,4,-1.0007820382964485
28653,4,-0.9949497885715778
28657,4,-1.0897501092270896
28663,4,-1.0027995597593027
28664,4,-1.0036928359136121
28675,4,-1.010475449045793
28687,4,-1.0208970035075793
28716,4,-0.9950154462562203
28717,4,-0.9768175700772722
28718,4,-1.038029271594878
28719,4,-1.0289558775402228
28721,4,-1.0329542782069057
28724,4,-0.9768375279100686
28731,4,-1.0254924174900912
28739,4,-1.0030574903089735
28747,4,-0.9069628088284114
28748,4,-0.9508931327758818
28749,4,-1.0275054211690526
28759,4,-1.0020352381965703
28764,4,-1.02531063505549
28765,4,-0.9965375387420844
28767,4,-1.0007405015123283
28776,4,-1.0187750270951046
28787,4,-1.017359509832978
28790,4,0.5633988693124488
28791,4,-1.009324582429037
28800,4,-0.9918478380164331
28809,4,-0.9428403313943152
28811,4,-1.0044680133118662
28821,4,-1.0381377591327894
28822,4,-0.9922946812692818
28831,4,-1.0271006329456462
28833,4,-1.0078836081686282
28842,4,-1.0082598255957187
28864,4,-1.0037483265874076
28873,4,-0.971034981472148
28882,4,-1.0132616938842662
28884,4,-1.00015566332414
28890,4,-1.0146141644011795
28904,4,-0.9977133655840624
28916,4,-1.0436028836247346
28922,4,-0.9949156213039401
28926,4,-0.9943964516318536
28934,4,-1.0444247086165666
28935,4,-1.0203671234850589
28940,4,-1.0273480912832649
28943,4,-1.0621708436890671
28948,4,-1.0482936867662114
28961,4,-0.9982120938920616
28967,4,-1.0127353964779562
28973,4,-1.0171812572570529
28974,4,-1.0304398992645356
28986,4,-1.016262222702649
29023,4,-0.9701184628750481
29025,4,-1.0108542221153174
29030,4,-1.0022128716623901
29064,4,-1.0150722446948082
29068,4,-0.9861551375126787
29082,4,-1.03188908583516
29096,4,-1.077449720698614
29097,4,-0.9423392307957277
29100,4,-1.0084260946188008
29105,4,-1.0215918364557426
29106,4,-0.9932383838498539
29107,4,-1.0113049210424194
29111,4,-1.0001089422546883
29123,4,-1.013867923198155
29136,4,-0.8500183625860177
29138,4,-1.0146698764823403
29147,4,-1.00626468715892
29159,4,-1.0271065036524996
29162,4,-1.0184532238759034
29166,4,0.30606099649182505
29172,4,-0.9901088354122832
29173,4,-1.0044103890858511
29184,4,-1.001161836344467
29187,4,-1.006496477054518
29189,4,-0.9778356883797545
29199,4,-0.9972357485657136
29201,4,-1.0548765781097782
29207,4,-1.0147910639656716
29208,4,-1.0078859486732632
29211,4,-1.012974090530943
29214,4,-1.0055208527982629
29223,4,-1.0347446398914824
29225,4,-0.7854511325067572
29232,4,-1.0138273614281803
29237,4,-0.991761708935885
29239,4,-1.0169782918655206
29240,4,-0.9667809084529052
29246,4,-1.0341854846087095
29249,4,-1.0092400378372322
29261,4,-1.019448416829606
29263,4,-0.6316698950770419
29268,4,-0.9990067444541955
29274,4,-0.9953619366768176
29285,4,-1.0293273762414685
29289,4,-1.0254776330954674
29300,4,-1.0152414114719388
29303,4,-1.0242086036194995
29305,4,-1.0224736394854255
29307,4,-1.0661807777698984
29310,4,-1.0214720256857273
29337,4,-1.01860635843753
29340,4,-1.0074416281805176
29355,4,-1.002908783214898
29362,4,-1.0092425158510583
29370,4,-1.0445230864662982
29376,4,-1.0189710489111266
29388,4,-1.0335916956199103
29407,4,-0.8727313317838361
29413,4,-0.992051785983224
29419,4,-1.0186591917924586
29422,4,-1.0186567991807316
29423,4,-1.0413935202582465
29440,4,-0.9886525030203789
29445,4,-1.0066366146319163
29451,4,-0.9748941059042113
29455,4,-1.0194195478763266
29457,4,-1.0452224352300066
29463,4,-1.012306378627696
29467,4,-1.0352177134116851
29471,4,-1.0193944918348519
29478,4,-1.0414774618071276
29483,4,-1.0000635287841164
29486,4,-1.0065723602445265
29487,4,-0.9845441991987229
29489,4,-0.9984683980409317
29491,4,-1.0284566691863968
29496,4,-1.0382308077455993
29528,4,-1.0176142860288
29537,4,-1.023889444616342
29539,4,-1.0264537039037323
29540,4,-1.010760103061172
29542,4,-1.0217749140075711
29543,4,-0.9684014435826083
29549,4,-1.027001558583838
29566,4,-1.087135209576637
29568,4,-1.004247518672233
29574,4,-1.0066440166096666
29580,4,-1.0183171902660235
29583,4,-0.8979835699924898
29597,4,-0.997514376189669
29600,4,-0.9793020991035618
29602,4,-1.014800726452381
29608,4,-1.0295094839842147
29610,4,-0.9941534216453426
29626,4,-0.9211909218440592
29634,4,-1.008346315778581
29637,4,-1.03880127990428
29639,4,-1.0460177610332018
29653,4,-0.9611697270673515
29659,4,-1.0136475809007526
29663,4,-1.0031614715701733
29672,4,-1.023747313483303
29675,4,-1.0342048950539553
29676,4,-0.9479940842421543
29679,4,-1.0350846025439875
29680,4,-1.0076827581103864
29696,4,-1.0231704661456935
29697,4,-1.0420243748759082
29698,4,-1.0583742964842782
29701,4,-0.965283917140932
29707,4,-0.9615203017799854
29709,4,-1.020631247556814
29716,4,-1.0112826771008934
29722,4,-1.034132084183345
29723,4,-1.034132084183345
29733,4,-1.0241411585478557
29745,4,-1.0390534400380784
29755,4,-0.9227453111446607
29758,4,-1.0101187767132167
29764,4,-1.0144061875740533
29770,4,-1.034797150083135
29772,4,-1.0026119122388297
29785,4,-1.01918345523767
29793,4,-1.014800726452381
29796,4,-1.0384217369802724
29802,4,-1.0228706276706916
29803,4,-0.8795197581106451
29808,4,-1.0123651928528383
29810,4,-1.0358919854170712
29825,4,-1.0161522693886365
29826,4,-1.000893389749819
29829,4,-0.7085715559411974
29833,4,-0.7095527602667784
29855,4,-0.9963656860991754
29874,4,-0.9397126446208054
29875,4,-1.0060523332426148
29889,4,-1.019493921275456
29892,4,-0.9695775050315758
29897,4,-1.0264471620488425
29900,4,-0.9840668763174263
29902,4,-1.0244069320348685
29909,4,-1.0132031610006014
29918,4,-1.038193918734079
29932,4,-0.9594365638106784
29940,4,-1.0372626735231085
29943,4,-0.9286922151777406
29944,4,-1.0625021029879567
29959,4,-1.0492602574815213
29964,4,-0.9651860905281728
29973,4,-0.7372609197249184
29975,4,-0.9684910794895771
29979,4,-0.9068175599931249
29983,4,-0.9847157663456456
29988,4,-0.9616326408158362
29995,4,-0.8642527605550018
30002,4,-1.0608262631744005
30025,4,0.1710248433456414
30035,4,-0.9982840712265847
30038,4,-0.965329220451726
30044,4,-0.9770485451244214
30046,4,-0.8185683144140337
30051,4,-1.0006680772138912
30059,4,-1.01328372756313
30065,4,-1.002263584248203
30068,4,-0.9935703952509121
30072,4,-0.8708792126860656
30080,4,-1.0992203895471142
30081,4,-1.082771171061875
30091,4,-0.9996773434394552
30104,4,-1.005634596166571
30106,4,-1.0113474720618216
30111,4,-0.8305952633089115
30114,4,-0.934198133467501
30117,4,-0.9650406534784843
30121,4,-1.0375831481121907
30127,4,-0.9986000788971882
30137,4,-0.9984446937091773
30144,4,-1.0002231996834434
30147,4,-0.9944865438221049
30151,4,-0.9998829434074339
30154,4,-0.9796696019962108
30158,4,-0.9941591043494483
30171,4,-0.7673019557199299
30174,4,-0.9920082667484257
30179,4,-0.9987776243747843
30191,4,-1.007205672167273
30203,4,-0.9846893413207427
30221,4,-1.0050193880926688
30223,4,-0.975386262918877
30231,4,-0.9639304814190973
30235,4,0.9989023848575258
30237,4,-0.9952539828040775
30241,4,-0.9084461254416918
30243,4,0.8829952091242701
30252,4,-0.9989609727639517
30253,4,-1.0445978012586261
30255,4,-1.0000382745369956
30260,4,-0.97429441999536
30264,4,-1.0000382745369956
30266,4,-1.0125557485863506
30271,4,-0.9967447245043202
30277,4,-0.9966071552676791
30286,4,-0.9594229637268468
30293,4,-0.997659518768833
30294,4,-0.9901343129757112
30300,4,0.7290666205406164
30301,4,-1.0002662895947878
30316,4,-1.024242320708708
30318,4,0.9605241110822758
30339,4,-0.987484343328334
30351,4,-0.9541091386243127
30363,4,-0.893078766784185
30369,4,-1.0503665239689746
30383,4,-0.9364464743405959
30391,4,-1.017504090557864
30396,4,-1.0014416774453103
30407,4,-1.0019968651269675
30408,4,0.3392008708730574
30410,4,-1.0753499136829399
30419,4,-0.9943497039074248
30425,4,-1.0048748782797252
30430,4,-0.750000214437157
30431,4,-1.2272837619646413
30437,4,-1.0068200475268339
30439,4,-1.033056848632076
30445,4,-1.0323098526692223
30451,4,-1.0097764264814093
30457,4,-1.101314757817161
30460,4,-0.88611513335797
30462,4,-0.19001957566639954
30466,4,-1.0661535726526923
30472,4,-0.8701010595746765
30473,4,-0.6975416527338363
30474,4,-0.9973592257870035
30481,4,-1.042629108479415
30482,4,-1.1076693162252358
30484,4,-0.9963347072656445
30488,4,-1.054845928870791
30498,4,-0.9978042525854762
30500,4,-1.0727506397538928
30502,4,-1.1111645314368233
30503,4,-1.0038902180494822
30504,4,-1.0211253804184266
30505,4,-1.0510315483792714
30511,4,-1.0288312479708006
30516,4,-1.0165223151725769
30526,4,-1.190401534510248
30528,4,-0.9896788988434035
30541,4,-1.0114748254730337
30548,4,-1.0427637081436028
30549,4,-0.9988015502956844
30556,4,-1.0112340458196116
30562,4,-1.1033869063877857
30584,4,-0.9959149342762961
30590,4,-1.0000899428898342
30596,4,-1.0141077016847486
30603,4,-0.9928364456567786
30604,4,-1.06768179273626
30618,4,-0.9924526763497352
30624,4,-1.0126011490180682
30632,4,-1.0117001391801437
30639,4,-1.003305952563307
30651,4,-1.057361557139536
30654,4,-1.0244336700164616
30657,4,-1.002145560393945
30662,4,-1.0194024456496835
30681,4,-1.0015304091822441
30682,4,-1.0014258713069177
30685,4,-1.0015304091822441
30687,4,-1.0793899749375027
30688,4,-1.1131726896333345
30695,4,-1.001437277619131
30699,4,-1.001437277619131
30702,4,-1.010567107484993
30712,4,-1.000933478155088
30718,4,-1.0132826300077526
30724,4,-1.0351797959682223
30726,4,-1.0167412550284984
30731,4,-1.028075986520138
30738,4,-0.9789736902635595
30744,4,-0.6691709230301345
30750,4,-1.0010586106989212
30760,4,-1.0054204476762978
30761,4,-1.0247230342091238
30762,4,-0.9926233231958831
30777,4,-0.9903004310781677
30802,4,-1.1314849103675217
30814,4,-1.004650502750029
30830,4,-1.0078765741039963
30834,4,-1.003100116127901
30836,4,-1.0268978316065018
30837,4,-1.0094294349978985
30845,4,-1.0304460628063823
30850,4,-1.00651672026182
30851,4,-1.0133313937322264
30863,4,-0.9952032519035828
30865,4,-1.0145645128240366
30870,4,-0.9953172961658701
30871,4,-1.0336307183084852
30877,4,-1.0223168477449605
30885,4,-1.001022717448218
30899,4,-1.0067466467975381
30900,4,-0.9959817180646307
30902,4,-1.0154241713803052
30908,4,-1.0383473473367721
30927,4,-1.04776788613419
30941,4,-1.0029935474560987
30956,4,-1.0016495144206319
30962,4,-1.007477234505582
30965,4,-0.9998070453901532
30967,4,-0.9825028295845443
30971,4,-1.0083941337201423
30983,4,-0.9983128317751969
30986,4,-1.0272746162947242
30991,4,-1.0150549713553962
31007,4,-1.0247249918994532
31011,4,-1.0083873973629913
31013,4,-1.003239709967187
31016,4,-1.0069304911775305
31025,4,-1.071418592126165
31028,4,-1.0114724591671553
31043,4,-1.018052437666623
31045,4,-1.0201059574584062
31046,4,-1.0135814724857513
31057,4,-1.0056567826738019
31059,4,-1.0085258430330615
31060,4,-1.0042867544159964
31077,4,-1.0145732505148786
31092,4,-1.0061253882108985
31099,4,-1.0048878270727057
31106,4,-1.009180018081608
31108,4,-0.9912016717110685
31111,4,-1.0118150048469665
31115,4,-1.016936293065977
31125,4,-1.0384458784687456
31143,4,-1.0038758558910983
31149,4,-0.9958315148421145
31154,4,-1.0187789255037019
31169,4,-0.999830220462297
31178,4,-1.0106443620993881
31186,4,-1.0279452272321903
31192,4,-1.0152938898924226
31202,4,-0.9929163888915619
31209,4,-1.091519005417827
31211,4,-1.0269192849026125
31222,4,-1.009893116152274
31224,4,-1.0504279087668
31231,4,-1.023540854804991
31270,4,-1.0168986300020102
31273,4,-1.113104332368983
31297,4,-0.9953854874285524
31300,4,-1.0032480495262643
31301,4,-1.0075581368061817
31304,4,-1.0026835884820662
31305,4,-0.9999447747519656
31328,4,-1.0189695000344168
31358,4,-1.0044423984514073
31368,4,-1.0542409691928132
31382,4,-1.03516405476851
31389,4,-1.0028406066481441
31404,4,-1.0325174691190497
31410,4,-0.9919091959700855
31411,4,-1.0076313620373756
31413,4,-1.0085581177281147
31414,4,-1.0237861962048183
31418,4,-0.950341737980119
31421,4,-1.0228733445317002
31424,4,-1.0178075380057123
31431,4,-0.9995199208512704
31436,4,-1.015566470110189
31438,4,-1.008166217622645
31444,4,-1.0092636946477889
31445,4,-0.9897107772444468
31448,4,-1.0450073885758395
31465,4,-1.0105673705676896
31466,4,-1.0479268091247025
31468,4,-1.0028255844979328
31492,4,-1.00764367604243
31503,4,-1.0416828163029157
31504,4,-1.0086388833781854
31506,4,-1.006487549025839
31513,4,-1.0047645582146272
31514,4,-1.0360963289220426
31518,4,-1.008931684809819
31519,4,-1.005831218981312
31526,4,-0.9958417448094556
31533,4,-1.0445032745306646
31540,4,-1.0511950440417526
31541,4,-1.0325596843427982
31546,4,-1.0065305914364309
31551,4,-1.012306036046584
31569,4,-1.0179226764072182
31571,4,-1.0150008570360818
31581,4,-1.0364120369630143
31593,4,-1.0224137828792554
31597,4,-1.0066441320750843
31614,4,-1.028181085560429
31617,4,-1.0108152638560355
31620,4,-0.9987934672341053
31621,4,-1.0109389511916667
31624,4,-1.0055549177073142
31631,4,-1.0132560495901792
31637,4,-1.0063809313623526
31640,4,-1.0720135600545388
31642,4,-1.0046793532994462
31643,4,-1.0303457238317346
31645,4,-0.9907121534023885
31655,4,-1.0897514367521746
31662,4,-1.0381551291276456
31663,4,-1.0000110577774322
31665,4,-0.5039197949670162
31673,4,-1.0030935500806046
31674,4,-1.0047631827819723
31676,4,-1.001035994579309
31677,4,-1.0101624170388703
31678,4,-1.0018333728486972
31679,4,-1.0243727885327893
31704,4,-1.0507635905965267
31706,4,-1.00796172477098
31713,4,-1.0666369698928095
31718,4,-1.0285747471215716
31720,4,-1.0043965424241872
31722,4,-1.017086676041723
31729,4,-1.0325798283766483
31732,4,-1.0193333408857232
31733,4,-1.0194044790515688
31736,4,-1.0193333408857232
31742,4,-1.0007591978716808
31746,4,-1.0173386483002962
31756,4,-1.0183277918554747
31758,4,-1.000379287653283
31774,4,-1.0017345657204455
31776,4,-1.0045105207778071
31780,4,-1.040214164278156
31786,4,-0.9982697195049554
31803,4,-1.0431135339161113
31809,4,-1.0008829220170083
31811,4,-1.0114332122218066
31832,4,-1.004890220316223
31836,4,-1.0730021274684711
31849,4,-0.5680933421955935
31851,4,-1.0502438214345795
31853,4,-1.0620474808501426
31860,4,-1.0220931054625424
31864,4,-1.026326509377159
31873,4,-1.01284861312991
31874,4,-1.025911771927821
31884,4,-1.0108520864392956
31887,4,-1.0080145742207118
31892,4,-0.9956815887429527
31895,4,-1.0174306340207482
31896,4,-1.029293225261708
31899,4,-1.0199439462886206
31900,4,-1.002976520799642
31915,4,-0.9974254503834921
31917,4,-1.0682442138620867
31918,4,-1.0014371732052232
31938,4,-1.0013302676992126
31943,4,-1.0238990487571114
31946,4,-1.0144187221526306
31948,4,-1.002922013770932
31949,4,-1.040334410440284
31957,4,-1.0040754934214964
31968,4,-1.000021007090763
31970,4,-1.002548653105583
31972,4,-1.0072090062445451
31974,4,-1.004631205602843
31987,4,-1.022980402530587
31989,4,-1.0161478359777651
31993,4,-1.0152723588549655
31996,4,-1.0196636249238207
31997,4,-1.0308128347950567
31998,4,-1.0015458530492318
32011,4,-1.0330082108511824
32015,4,-1.0040357527733534
32029,4,-1.025782543651941
32037,4,-1.0413396620853532
32050,4,-1.0258448974606758
32053,4,-1.0028901598352382
32056,4,-1.0163854724370682
32061,4,-0.9999659562509994
32064,4,-0.9812934802571839
32097,4,-0.9968683777734555
32109,4,-1.0215628135255526
32113,4,-1.0088167019775112
32120,4,-1.0037394237008666
32123,4,-0.9991183896594781
32124,4,-0.9944313424827927
32140,4,-1.001915733290915
32147,4,-1.0000227855791706
32153,4,-1.0021343324476284
32154,4,-1.0063797508423216
32161,4,-1.0005411583027755
32184,4,-0.9935205012518642
32193,4,-1.0054033038676762
32207,4,-0.9983611741526229
32216,4,-0.9919580568816417
32218,4,-0.9803943975677065
32220,4,-0.9671297945989912
32224,4,-0.9903123272229625
32236,4,-1.0007257170787036
32243,4,-1.0485556802397569
32257,4,-1.0046758779766642
32258,4,-0.991656157778145
32264,4,-1.0164037587398171
32271,4,-1.008685973362226
32278,4,-0.448139335940157
32292,4,-1.0101658494646224
32295,4,-1.0076072295615974
32313,4,-1.0837161208409962
32318,4,-1.0465979210417635
32321,4,-0.9981530529709525
32323,4,-1.011841912254049
32326,4,-1.048705035484378
32327,4,-0.9950175815211488
32330,4,-1.0124107921165708
32339,4,-1.0815914160162419
32364,4,-0.9926732808923432
32369,4,-1.0509160517053828
32371,4,-1.0046117545066329
32372,4,-1.002894306914719
32373,4,-1.0097810434214303
32379,4,-1.0020001873344964
32381,4,-1.0085506577385697
32385,4,-1.006264190856546
32406,4,-1.007784900931537
32408,4,-1.0177652717956807
32409,4,-0.9995483682767266
32411,4,-1.0025523513143484
32412,4,-1.0008072718709142
32441,4,-1.0036223476580908
32442,4,-1.0133983157895519
32443,4,-0.9996787890795219
32451,4,-1.0135389089625504
32459,4,-1.0003464784694793
32461,4,-1.022983719432526
32474,4,-1.0007862662157336
32478,4,-0.9994257563225443
32482,4,-1.0005541319134683
32486,4,-0.9955253457774318
32499,4,-1.0021685746286166
32501,4,-1.000993377813535
32509,4,-1.0598431810693207
32513,4,-1.0081430616540992
32514,4,-1.035368170160582
32515,4,-0.9969087809091626
32517,4,-0.998257637770549
32520,4,-1.0581388461319015
32521,4,-1.0195566590638365
32523,4,-1.0025426662214585
32527,4,-1.012710037451619
32531,4,-1.0088167019775112
32545,4,-1.0691444731486008
32547,4,-1.0083173787420239
32549,4,-1.0099861849949492
32550,4,-1.0240541783116386
32561,4,-1.0078542288692922
32562,4,-1.0358931086436654
32566,4,-0.9958741740846999
32567,4,-1.003208409602367
32575,4,-1.0075145049301373
32578,4,-1.04819628829004
32583,4,-1.020989399541997
32585,4,-1.0194896229497035
32587,4,-1.039151703331598
32590,4,-0.9993239972656305
32600,4,-1.0129856791590601
32616,4,-1.0053207593948656
32618,4,-0.9943999472615399
32626,4,-1.0068838426010815
32628,4,-1.0198537763428999
32629,4,-1.005343472623867
32635,4,-0.9999624716976563
32640,4,-0.96264892909364
32649,4,-1.0084952919804977
32650,4,-1.0069417204689446
32659,4,-1.0022628284864519
32663,4,-0.9993348574489189
32680,4,-0.9932473093555135
32681,4,-0.9995769973050341
32682,4,-1.010952375599179
32689,4,-1.000679191346652
32715,4,-0.9807298533850768
32723,4,-1.0086117409608186
32729,4,-0.9899026741030584
32742,4,-1.0128077769732542
32747,4,-0.9938271178247878
32750,4,-1.0091320123316199
32754,4,-0.5986343587592289
32758,4,-1.0215008032037152
32761,4,-0.9996435812943482
32763,4,-0.9990014133625819
32765,4,-1.0491154796243107
32769,4,-1.0099897572428413
32772,4,-1.0059711111542824
32774,4,-0.9481427505413633
32776,4,-0.9934837805029586
32790,4,-1.014997728895419
32795,4,-1.002087918444012
32801,4,-1.0369463593669117
32820,4,-0.9831321846912335
32828,4,-1.0126149630958605
32832,4,-1.0109083290036867
32854,4,-1.0110596908243086
32861,4,-1.0003416235260367
32866,4,-1.0035659481731427
32871,4,-1.0107943372248975
32877,4,-1.0274925871628815
32878,4,-0.9958090164924505
32881,4,-1.0280261762386709
32888,4,-1.0081645006498174
32890,4,-1.000298789310544
32892,4,-1.0262739403372745
32902,4,-1.0118903180626846
32906,4,-1.0095058722250594
32909,4,-0.9974895883147147
32910,4,-1.0199222791670652
32916,4,-1.0059487669596856
32917,4,-1.0032072234871232
32929,4,-1.0074877498784818
32931,4,-1.0237141433995796
32934,4,-1.0007246273020138
32940,4,-1.0036639474556017
32941,4,-1.000679590732217
32942,4,-0.9965516509615219
32943,4,-1.0065802097054057
32947,4,-0.9873002305641082
32948,4,-0.9942727753122791
32952,4,-1.0569290547339922
32954,4,-0.9788873142592955
32960,4,-1.0005644968936598
32961,4,-1.0076842625483016
32966,4,-1.0302995380442952
32978,4,-1.0051590881885017
32986,4,-0.9743171501238043
32988,4,-1.0125057044307457
32995,4,-1.0090679972431174
33013,4,-0.9976847231876458
33020,4,-1.0836260333617362
33023,4,-0.998306658254632
33030,4,-1.0163175158545372
33043,4,-1.014895935808588
33053,4,-1.0626962578413994
33057,4,-0.9893509114568297
33059,4,-1.032138423847615
33062,4,-1.014821776712754
33064,4,-1.00709582666247
33067,4,-1.0141165179361387
33085,4,-1.0166805199514717
33095,4,-0.9978890186133105
33104,4,-1.023500134528879
33106,4,-1.0373607128043922
33119,4,-1.0714305981770664
33120,4,-1.0111490306096416
33121,4,-1.0095053303393788
33125,4,-1.0123998979239168
33128,4,-1.0142479673515434
33129,4,-1.037210218949458
33130,4,-1.0006631986797898
33136,4,-1.0020917041979343
33137,4,-1.0290919866420218
33139,4,-1.0106449701151958
33142,4,-1.0102590072213675
33145,4,-1.0215027679755244
33146,4,-1.0704961221023974
33149,4,-1.0681483088253532
33151,4,-1.019431693493894
33165,4,-1.0327378955290958
33167,4,-1.0177119385685205
33171,4,-1.0354413305135781
33174,4,-1.065622543198967
33178,4,-1.0013740823555883
33179,4,-1.007350413062419
33182,4,-1.0173216707407473
33191,4,-1.0100158557512133
33195,4,-1.1258636349504794
33196,4,-0.9931570059845256
33198,4,-1.0606649601278735
33203,4,-1.0026590627758711
33211,4,-0.9979947106618902
33218,4,-1.0409547402117676
33220,4,-1.015907614382383
33225,4,-0.9955246727733424
33227,4,-1.0121297685201918
33232,4,-1.0248127447071012
33233,4,-1.008548550689838
33235,4,-1.0202397359167914
33244,4,-0.9984409707336592
33247,4,-0.994084249199628
33248,4,-0.9991029136321052
33250,4,-0.9096076434419698
33256,4,-1.0013663075760242
33272,4,-1.0197269422024038
33273,4,-0.9664955716517024
33275,4,-1.007835271922837
33279,4,-1.0346545163153573
33291,4,-1.0006772871688927
33293,4,-1.0346077903743616
33298,4,-1.010638946342621
33304,4,-1.0066662028772406
33316,4,-1.0199386490816023
33332,4,-1.058707130958116
33334,4,-1.0954495782290645
33339,4,-1.024261448418403
33342,4,-1.0441146057867696
33344,4,-1.0187817893636602
33346,4,-1.024875320423516
33349,4,-1.0281354518502306
33353,4,-1.0049529732546927
33374,4,-1.0004528276342943
33378,4,-1.0342875361337558
33379,4,-1.0092574849537068
33386,4,-0.9623373422024357
33398,4,-1.0158762272543662
33405,4,-0.9852904934328789
33422,4,-1.0266587402805811
33428,4,-1.0250644171237644
33436,4,-1.0327249252352226
33439,4,-1.00967231337704
33446,4,-1.0052157757782179
33461,4,-1.0173988420334528
33464,4,-0.9998651162139532
33466,4,-0.9886638606612378
33478,4,-1.0040375714630891
33480,4,-1.1018348826769013
33490,4,-1.0619575081848989
33492,4,-1.0455280954339277
33494,4,-0.9832714240862799
33502,4,-1.0053235066207835
33508,4,-1.0273318510566043
33518,4,-0.9983884072911775
33533,4,-1.0113216831107317
33539,4,-0.9988640007753643
33546,4,-1.0551087269798927
33547,4,-1.0183955755296636
33551,4,-1.003632330347258
33552,4,-1.002435392892193
33553,4,-1.1464695131426654
33556,4,-1.0276386286484405
33559,4,-1.064104245986882
33562,4,-1.0336707045561808
33565,4,-1.0035008225090793
33569,4,-1.0110119340310229
33571,4,-1.0246409925556248
33590,4,-1.0278780937674292
33591,4,-1.0032563334529225
33594,4,-1.0228567499131764
33597,4,-1.0226653631486742
33598,4,-1.027818823500325
33601,4,-1.0843196334137475
33607,4,-1.0582032894950313
33608,4,-0.9655983165864118
33622,4,-1.011245350008841
33635,4,-1.0480858182211763
33639,4,-0.9613236260772199
33645,4,-0.9986881479416676
33648,4,-1.012184466226974
33654,4,-1.049484775725129
33657,4,-1.0736140771773077
33660,4,-0.9954028229083879
33666,4,-1.008976632572515
33667,4,-1.0233880016269925
33669,4,-1.0200031674241266
33673,4,-1.0250347025451139
33678,4,-1.0010300586497596
33681,4,-0.9955744590649087
33690,4,-1.0016992010628605
33697,4,-1.006872048755403
33704,4,-1.0026764955605956
33714,4,-1.0543260744611795
33716,4,-1.0326135024936913
33722,4,-0.9910090096068613
33726,4,-1.0319123380622208
33727,4,-1.0080218617776278
33731,4,-0.8290023516651152
33732,4,-1.010800117542597
33733,4,-1.0141215456165553
33735,4,-1.1591622035114342
33737,4,-1.0045963206188047
33752,4,-0.9938384497350521
33753,4,-1.0067273074969632
33755,4,-1.0404618550622078
33770,4,-1.028677603656698
33776,4,-1.0089184842727734
33778,4,-1.0231350405615802
33785,4,-1.011259390776412
33793,4,-1.039650414323214
33797,4,-1.0001739096180937
33798,4,-1.012730846644747
33800,4,-0.9979566758587979
33806,4,-1.0415939873129119
33811,4,-1.0123203074558873
33820,4,-1.0080010556454653
33823,4,-0.9401108132203029
33825,4,-1.0000966162341351
33827,4,-1.0114961261386077
33829,4,-1.0000966162341351
33842,4,-1.0148292477680823
33853,4,-1.002971703774288
33856,4,-1.0145420605277564
33868,4,-1.0239376498153117
33870,4,-0.9995093518014752
33892,4,-1.012188835544325
33902,4,-1.008761229217246
33927,4,-1.011678654123279
33929,4,-0.9858393613233074
33932,4,-1.016914011539463
33935,4,-1.0104224241406887
33939,4,-1.0171376213513355
33948,4,-1.0090344463041803
33949,4,-1.0182834061967987
33963,4,-1.00528291690482
33964,4,-1.0480831069130123
33966,4,-1.0091095919437114
33967,4,-1.0034693992252421
33971,4,-1.012814779560077
33974,4,-1.0016789349400157
33989,4,-1.0107062297580058
33990,4,-1.0120090675079405
33996,4,-1.0179803912097418
33997,4,-1.0061845851783322
34006,4,-0.9931368709049797
34011,4,-0.991758379835253
34014,4,-1.0088378965438567
34015,4,-0.9992060300710734
34020,4,-0.9904911466027498
34039,4,-0.9965089026403818
34042,4,-1.0046507520987613
34046,4,-1.0113157941860238
34054,4,-1.003604682969846
34055,4,-1.0397175761530213
34062,4,-1.033711183764523
34068,4,-1.0124291907909881
34069,4,-1.0045154692709277
34072,4,-1.0352560463289273
34103,4,-1.0054027024803633
34106,4,-1.0143938735498932
34117,4,-1.0281681114642174
34125,4,-0.9668246491210672
34127,4,-1.0154908976802703
34132,4,-0.9924140236498846
34134,4,-1.0168076106134838
34135,4,-0.991793910020739
34150,4,-0.8612772528546602
34160,4,-1.0157400055458221
34172,4,-0.9988518843205554
34183,4,-1.0511684533379568
34192,4,-0.9970026533745571
34193,4,-0.9763926278656547
34200,4,-1.0087244363577623
34211,4,-1.0842701845048364
34221,4,-1.0096282317836016
34227,4,-1.0317298626982916
34228,4,-0.9862640423786337
34230,4,-1.0030572562076832
34232,4,-1.0190358482355406
34238,4,-1.0814734249428255
34241,4,-1.0015951020563547
34244,4,-1.0532394276235246
34256,4,-1.005179592317444
34257,4,-1.0003099920303478
34260,4,-1.036761326258163
34267,4,-1.0118619061667156
34279,4,-1.0010151198931028
34287,4,-1.0008318183802904
34289,4,-0.9278107562591535
34299,4,-1.0534616569663662
34311,4,-0.49056156668178136
34316,4,-1.0330701313061301
34318,4,-1.022508135579324
34335,4,-1.014553631661177
34336,4,-1.0392793626662602
34351,4,-0.9968046616466448
34355,4,-0.9958366093584048
34361,4,-1.0781005920167208
34369,4,-1.0490999602818638
34373,4,-1.0326072871802245
34374,4,-1.002432359597714
34380,4,-1.0110019809093145
34388,4,-1.0024222271225574
34395,4,-1.0173508253059356
34402,4,-1.0270810569302602
34403,4,-1.0190972755113186
34410,4,-1.021424958908887
34423,4,-1.0162034198420056
34427,4,-0.4923963794122466
34437,4,-0.9819727966760426
34439,4,-1.0013809119863022
34440,4,-0.9797262904090454
34445,4,-1.029829951721188
34448,4,-1.0084890811620084
34459,4,-1.0208986464611167
34460,4,-1.015039260009417
34464,4,-0.9974676139232919
34467,4,-1.0072143548111496
34472,4,-1.001085935282637
34475,4,-1.0071049522752415
34478,4,-1.020339742116105
34481,4,-1.0216934967714044
34482,4,-1.0003099920303478
34491,4,-1.0099442147377793
34504,4,-1.0103864054451162
34515,4,-1.0276383084537375
34528,4,-1.012333148603167
34535,4,-1.0019218132193388
34536,4,-1.0034630699418177
34545,4,-1.0193331807631503
34548,4,-1.0464745905942472
34552,4,-1.0202823369499376
34554,4,-1.0217864706703061
34565,4,-1.0024133923601735
34569,4,-1.052204783604516
34578,4,-1.0106036499458435
34580,4,-1.0288093075190172
34584,4,-1.0164586449926176
34587,4,-0.9998131582961444
34588,4,-0.16214479580781765
34590,4,-1.012003132091781
34601,4,-1.0055404255450346
34603,4,-1.0205247085197677
34610,4,-1.007261500141821
34623,4,-1.0244068489714833
34630,4,-1.007661172908019
34639,4,-0.983771115191618
34651,4,-1.0000536618655231
34654,4,-1.0150979826441433
34683,4,-1.0163383542169655
34686,4,-1.0428573912675592
34697,4,-1.0072143548111496
34698,4,-0.9998987884131851
34699,4,-0.9908520559945225
34700,4,-1.0037739949152922
34703,4,-1.0135427803076749
34714,4,-0.9904944172100397
34724,4,-1.0187161587821325
34725,4,-0.9959387726755915
34728,4,-1.0003287054637522
34741,4,-1.012207515046407
34749,4,-1.0170054103478774
34771,4,-1.0135415483585377
34776,4,-1.0057161829311445
34789,4,-1.031547347861022
34790,4,-1.0117697378116761
34803,4,-1.0748811130092744
34814,4,-1.0010177492406833
34826,4,-1.0910437393267354
34833,4,-1.0008320014313545
34839,4,-0.9967778167397365
34848,4,-0.9977365855599151
34851,4,-0.9872172315577048
34854,4,-1.0066883189903009
34881,4,-1.0141845173543065
34882,4,-1.00349709341321
34888,4,-1.0033034734839257
34895,4,-1.004587207067193
34898,4,-0.9984431806627798
34899,4,-1.0223442997178496
34906,4,-0.9948165729237001
34916,4,-0.9993465319575747
34927,4,-1.0222906155297955
34929,4,-0.9939419718460863
34933,4,-0.9841138620253306
34941,4,-1.0043070257389919
34947,4,-1.000433139948791
34963,4,-1.00278175770628
34966,4,-1.0030887547773364
34985,4,-1.061360926043958
34986,4,-1.0303139484414825
34990,4,-1.0337034799854754
35005,4,-1.001893146251514
35010,4,-1.004148674394923
35016,4,-1.035931244064571
35024,4,-1.0175690089409664
35027,4,-0.9756017935232166
35031,4,-0.9986599860171058
35032,4,-1.0013472175599767
35059,4,-0.9901209028363989
35062,4,-0.994659509502905
35075,4,-1.001338616252172
35078,4,-1.0343050742547435
35085,4,-1.0272890790381948
35090,4,-1.004281224244098
35099,4,-1.02265478544848
35101,4,-1.018913931284879
35117,4,-1.0061156655494032
35120,4,-1.0966514034362487
35122,4,-1.0129314631450896
35125,4,-0.9995041293893946
35127,4,-1.0482362829038516
35132,4,-0.9923758137251191
35140,4,-0.9922590850338584
35141,4,-1.0191664545616883
35142,4,-1.0021658306403654
35150,4,-0.9917645370813741
35160,4,-1.00270887356203
35168,4,-1.0269251144052665
35172,4,-1.0055763054948232
35174,4,-1.0166233200838284
35176,4,-1.0038490347220983
35180,4,-1.0240680741352954
35194,4,-1.05635396208071
35201,4,-1.0004196013387183
35213,4,-1.0077455577780392
35214,4,-1.0112225418818799
35216,4,-1.0123762055824617
35226,4,-1.0063484234486066
35230,4,-1.018211292523917
35238,4,-1.0144077268049814
35244,4,-0.9986797767435371
35245,4,-1.0016337513064881
35255,4,-1.0047697240055227
35257,4,-1.0388448870424833
35258,4,-1.0141789687219855
35264,4,-1.03526572107265
35265,4,-1.0036553602663374
35266,4,-1.0409428818964428
35287,4,-1.0066438786451821
35294,4,-0.9908611551540116
35307,4,-1.0032371146332884
35313,4,-1.0448210189495655
35319,4,-1.0352045802411127
35332,4,-1.0030652131840538
35340,4,-0.9929555539455045
35353,4,-0.9993164733359854
35357,4,-0.9980442386445636
35362,4,-0.9870086492649036
35363,4,-1.0008170970741714
35367,4,-1.0371098664643208
35373,4,-1.0281959934380374
35376,4,-1.0344575294372094
35378,4,-1.107166325990545
35385,4,-1.0051481362063286
35389,4,-1.0106945583970721
35390,4,-0.9718707605067501
35397,4,-1.0017138668913412
35399,4,-1.005583865909411
35402,4,-1.0746419836103114
35421,4,-1.020004400512174
35422,4,-1.1036259787633251
35436,4,-1.0643578694181566
35442,4,-1.0119423966197947
35445,4,-1.0642900436263008
35469,4,-1.051662107829367
35476,4,-1.036519786380087
35488,4,-1.0140956039974343
35493,4,-1.0291158415083301
35495,4,-0.35159788260885744
35498,4,-1.014355725113485
35500,4,-0.9986693109236987
35507,4,-1.0022037116035953
35509,4,-1.002620784699534
35534,4,-1.001567551259542
35535,4,-1.0000200572763784
35551,4,-0.9983773889414287
35554,4,-0.997760044472336
35558,4,-0.9983240176652841
35563,4,-0.9801125836762011
35571,4,-1.011425592217273
35573,4,-1.018468617039452
35578,4,-1.0071207866379264
35583,4,-0.9854315542227736
35592,4,-0.9879703527453954
35594,4,-0.9849043532179355
35599,4,-1.004740452954069
35612,4,-0.9961466137390944
35613,4,-1.0002203112772357
35616,4,-1.0211765985588315
35617,4,-1.0058246289078532
35623,4,-0.9931502044731058
35650,4,-1.0009739863496412
35653,4,-1.0324934439170703
35668,4,-0.9801273938508547
35677,4,-1.0127621982478412
35679,4,-0.9943420837210297
35691,4,-1.0169920213823949
35706,4,-1.0013231532740154
35712,4,-1.0158702118754248
35723,4,-0.9994704839433373
35733,4,-1.0111588667162201
35757,4,-1.0373909945265196
35758,4,-1.0064260976421162
35761,4,-1.0107980270146466
35783,4,-0.9846947967321578
35796,4,-1.0173244497947616
35797,4,-1.0117070794557286
35803,4,-1.000496972698531
35810,4,-0.9782255257906878
35836,4,-0.997295174215153
35853,4,-1.0070802137835657
35868,4,-0.9866831967840772
35870,4,-0.9919620513432239
35881,4,-1.0018077788892579
35899,4,-1.0645514892428347
35904,4,-1.0092204584057802
35906,4,-1.0116715297888423
35908,4,-1.014459520353812
35909,4,-1.0039805797718255
35912,4,-1.003337359107379
35928,4,-0.994046289592005
35932,4,-1.0085824252651105
35942,4,-0.9590910637071685
35959,4,-0.9921518965477115
35964,4,-1.0006376910219414
35972,4,-1.0242757991089093
35973,4,-0.03363469153407883
35974,4,-1.0124532718453985
35982,4,-1.0003109989165184
35984,4,-1.0089399217411628
35987,4,-1.0006753648981377
36011,4,-1.0006838651065988
36020,4,-1.0022742144576247
36028,4,-0.7982592947814002
36031,4,-0.9288263075282817
36034,4,-1.0012196680933816
36036,4,-1.0331175827898647
36038,4,-1.0350621194324252
36041,4,-1.0035365774728224
36042,4,-1.015084581441545
36045,4,-1.0253283509637652
36054,4,-1.001772087120357
36059,4,-1.006240665357054
36091,4,-0.9982115589076378
36113,4,-1.0421173405917097
36116,4,-1.0117286731552255
36122,4,-0.9338229319375058
36126,4,-1.0245317077739369
36129,4,-1.0040632033383257
36131,4,-1.0040632033383257
36133,4,-0.9849850843488904
36136,4,-0.9987750563704616
36150,4,-1.0630694917670174
36151,4,-0.8905422739430786
36160,4,-1.0105781255603477
36164,4,-1.0133765016080383
36180,4,-1.0102215306113598
36187,4,-1.0128816230396502
36190,4,-1.059444918105489
36200,4,-1.0236469129901873
36210,4,-1.047780393051514
36216,4,-1.006989702003374
36220,4,-0.994190359315096
36222,4,-1.029037433950272
36233,4,-1.0198948915730217
36242,4,-0.9384279843203671
36255,4,-0.9403222585896074
36256,4,-1.0457539865957841
36274,4,0.6397669996980222
36276,4,-0.9255280218880305
36280,4,-1.0329182593533472
36285,4,-0.7230194983286209
36289,4,-0.9785532531078717
36291,4,-0.8965025601262819
36304,4,-0.8924193916905245
36313,4,-1.198193600824322
36329,4,-0.9327971097403542
36332,4,-0.9750353981876815
36335,4,-1.086098100308523
36337,4,-1.0094428403362397
36346,4,-0.9575367340931586
36367,4,-1.0136923085825895
36370,4,-0.9734282103559221
36373,4,-0.7620683452254369
36383,4,-0.8326336289565017
36386,4,-1.004684373736746
36389,4,-0.9712208223730361
36401,4,0.9545931072401155
36402,4,-1.1614034558586874
36409,4,-1.0915422175016265
36410,4,-1.027397807273136
36415,4,-0.9588909344810463
36419,4,-0.9058751239372016
36420,4,-0.9506264448341413
36422,4,-0.9898591841360618
36424,4,-0.9500551422157195
36427,4,-0.9034059490564486
36428,4,0.9731367762842675
36431,4,-1.0093647679647124
36451,4,-0.9856711944727451
36469,4,-0.9583401205997204
36477,4,-0.7921218427029373
36482,4,-0.9649581147845296
36487,4,-0.879944169609636
36489,4,-0.8982763469441168
36498,4,-0.9459668728579917
36501,4,-0.9459668728579917
36504,4,-0.9001100576255758
36511,4,-0.9770331408582973
36516,4,-0.9985772947503683
36519,4,-1.083484966666092
36530,4,-0.919380512962215
36540,4,0.7982864701807699
36548,4,-0.9894590139696626
36562,4,-0.8420956331715411
36565,4,-0.8916043449441013
36579,4,-0.9361026373840257
36586,4,-1.0283028453095135
36590,4,-0.9948976822294189
36591,4,-0.9964672477749308
36595,4,-0.9524103474720869
36598,4,-0.9488071645234494
36601,4,-0.9483563107452104
36604,4,-1.0598483870159137
36612,4,-0.9276730460182632
36620,4,-0.9399121621948147
36622,4,-1.0354583569715878
36636,4,-0.897759558565732
36639,4,-1.0596441502573897
36645,4,-0.9958469684596776
36647,4,-0.9683254033594588
36648,4,-1.026693198061364
36651,4,-1.0349157905493438
36654,4,-0.9062362617106611
36663,4,-0.9388112528859729
36664,4,-0.9704431878719797
36668,4,-0.9997720147176329
36674,4,-0.9385089503433268
36679,4,-0.9704431878719797
36681,4,1.1193323294764355
36683,4,-0.9435939354240813
36692,4,-1.0682736897865173
36693,4,-1.1325060851579756
36706,4,-0.9615890623577765
36719,4,-0.9359315926018573
36725,4,-0.8641249164618466
36736,4,0.8340271656237055
36739,4,-0.9589500437112357
36747,4,-1.0104277419599241
36753,4,0.6960280173947833
36758,4,-0.9872015519254793
36768,4,-1.0911951297000688
36773,4,-0.9481636028819488
36783,4,-0.9078568029346399
36784,4,-1.156377470033324
36786,4,-0.8399739417740459
36799,4,-1.0289179603550789
36800,4,-0.9938496296902151
36809,4,-1.015135061114817
36812,4,-0.9555781670680554
36818,4,-1.014203525444932
36828,4,-0.9556565074853741
36831,4,0.6891812937944664
36833,4,-0.9541060801632375
36836,4,-0.972637571602487
36840,4,-0.9026469675760752
36846,4,-0.8703370655922864
36847,4,-0.9688483723852263
36852,4,-1.0123561100077887
36856,4,-1.0174880431440982
36869,4,0.9099450357360939
36878,4,0.6628488820920457
36888,4,-0.9795865271104216
36914,4,0.702705171534503
36918,4,-1.2315868280472586
36925,4,-0.9321232685356277
36929,4,-0.9658642058365281
36939,4,-0.9805049057424142
36948,4,-0.9449887823546832
36949,4,-0.8890505322498212
36962,4,-0.9882756092400544
36977,4,0.9538094373381882
36986,4,-0.9799026335261762
36989,4,0.9030415608413416
37025,4,-0.8969293892285279
37037,4,-1.0182413979045926
37044,4,-0.9957007629205421
37045,4,-0.9182326019954563
37049,4,0.8983692140778097
37051,4,-1.0320948564391519
37053,4,-0.825903502670193
37057,4,-1.0142181046471526
37059,4,-0.8657392101388286
37067,4,-1.0339313298981503
37093,4,-0.781392397742424
37103,4,0.45249561586290443
37105,4,-0.9292160542175725
37107,4,-1.0484097757344384
37110,4,-1.0454991815980477
37117,4,-0.9675621317596039
37123,4,-0.9220645662501608
37133,4,-1.0001935111962583
37140,4,0.8342759989216719
37141,4,-1.018788541962924
37142,4,0.9932992760884451
37147,4,-1.0128212896877151
37158,4,-0.88610494981807
37159,4,-0.8854055689008206
37163,4,0.7754434666980434
37166,4,-0.9242911797543341
37168,4,-0.9665924236099666
37173,4,-0.8666227026834264
37180,4,-0.9487913169108159
37182,4,-0.8933028873328696
37187,4,-1.005358041969691
37204,4,-1.105355967451299
37207,4,-0.8460315103467049
37232,4,-0.9210029632861685
37239,4,-0.8517087250498425
37241,4,-1.0146450623141718
37244,4,-0.9933258395990034
37247,4,-0.9059410189524563
37248,4,-1.0286639165642242
37260,4,-1.0284161771555547
37263,4,-1.0522435660735225
37264,4,1.0375149166241808
37267,4,-1.0194481941777898
37269,4,-1.1791158294620563
37271,4,-0.991969580895381
37275,4,-1.0847744239975667
37276,4,0.6119042366558758
37278,4,-1.1512982448755822
37280,4,-1.0777097584432707
37306,4,-0.9085233414028208
37316,4,-0.9675768068174273
37325,4,-1.0364259792311543
37330,4,-1.1083474628532366
37336,4,-0.997471909714842
37338,4,0.47706000807729265
37345,4,0.8009859845658793
37348,4,-1.0686370446285096
37349,4,-0.94094709855817
37350,4,-0.8977891808617001
37351,4,-1.0237030121278101
37354,4,-1.0434695448520168
37362,4,-0.982920800898061
37375,4,-1.0083890300076148
37379,4,-1.082133635170989
37384,4,-1.0059161053750967
37386,4,0.7775002203884587
37391,4,-0.9599678313101236
37397,4,-0.902073054768592
37398,4,-0.9833872552211564
37403,4,-1.0567405875212796
37417,4,0.8765792176081473
37418,4,-0.8073275682052652
37420,4,0.5087442678198597
37428,4,-1.0167654272528894
37429,4,-0.8548468329291821
37432,4,-1.000694494223466
37433,4,0.5668703293420678
37436,4,-1.1037602565550064
37438,4,-0.907540185820171
37442,4,0.8323338644103639
37443,4,-1.0090277007702066
37460,4,-0.8126262392068051
37464,4,-1.040969578407842
37468,4,1.039500019955093
37469,4,-1.0377595207576675
37474,4,-0.9618931457297994
37481,4,-0.9931016795123383
37487,4,-0.9498885224474071
37500,4,-1.0761612727075676
37506,4,-0.9182507755704129
37509,4,-0.9736792493038722
37514,4,-0.9998295842431355
37520,4,-0.9875326763686907
37525,4,-1.0518540447818476
37541,4,-0.9753641911657729
37542,4,-0.8443506757782744
37545,4,-0.9788312720950094
37551,4,0.860474638253282
37556,4,-0.9997830636503727
37569,4,-0.9202388115337752
37573,4,-0.8620250434523499
37575,4,-0.9122675433948203
37582,4,-1.0533200096325603
37585,4,-0.9606978099869381
37603,4,-0.9997434363313772
37606,4,-1.0018670082075747
37609,4,-0.9831789158267852
37611,4,-1.0653248595323264
37614,4,-1.0382244134798277
37616,4,-1.0767872067097919
37619,4,-1.1266081931485155
37632,4,-1.0481919423728199
37633,4,0.7132302691109025
37638,4,-1.0010590712946899
37642,4,-0.9079599191154599
37644,4,-1.0226736777244507
37656,4,-0.9861005933136516
37661,4,-0.930434474686752
37667,4,-0.9520701929671829
37676,4,-1.0163653920794928
37700,4,-0.974252087967622
37710,4,0.8659347441608471
37714,4,-0.760870184692161
37718,4,-0.9347163264471616
37720,4,-1.0322227184792807
37722,4,-1.019795020750675
37723,4,-1.0000845405717291
37724,4,-0.8828334322304805
37750,4,-0.960799244578638
37754,4,-0.9765419811553719
37755,4,-0.9312258058133995
37775,4,-1.1935107522105635
37784,4,-1.0274150155750295
37789,4,0.9022176173270586
37807,4,-0.9865382268383893
37822,4,-0.7815221594499077
37827,4,0.6830579907393342
37829,4,-0.9832425606016268
37847,4,-0.8831197039571478
37851,4,-1.0214691309184705
37857,4,-0.9439738214932557
37869,4,-1.105847591276755
37870,4,-0.9524240596258882
37879,4,-1.029256852371622
37888,4,-0.960535203109308
37901,4,-1.0011865765987338
37904,4,-0.9164898006965845
37911,4,-1.0266303566204846
37914,4,-1.023312139654956
37919,4,0.7615114374535192
37920,4,-1.0792203477933735
37924,4,-0.9941152140536789
37928,4,-0.7447682116185645
37929,4,-0.9653279546053367
37932,4,-0.8801260015548004
37933,4,0.9953254157280171
37941,4,-0.9364707329536863
37945,4,-1.0867732625762336
37947,4,-0.7664743236871221
37956,4,-0.7190912868055247
37959,4,-0.8810121042543755
37960,4,-0.968973423433029
37962,4,-1.002945030867487
37971,4,-0.99085637482037
37979,4,-1.0763622251467608
37985,4,-1.2771025940121854
37993,4,-0.9800658303558476
38002,4,-0.8744781355884614
38003,4,-0.8575615084252425
38009,4,-0.8718711927418857
38013,4,-1.1291309019713107
38018,4,-1.0444973205460157
38022,4,-0.8617337562143947
38024,4,-0.9525358216948374
38030,4,-1.0349166659909723
38037,4,0.8573111324496712
38038,4,-1.1644458900257597
38040,4,-1.2712809281997388
38051,4,-0.8734018005000955
38054,4,-0.9012186496129284
38069,4,-0.9441286651107456
38073,4,-0.9752207824191533
38074,4,-0.8942972700808298
38075,4,0.89277951185627
38077,4,0.7271692662242335
38083,4,-0.9194415534654898
38097,4,-1.028916255885608
38102,4,-0.9148829790063295
38110,4,-0.8095929739175634
38115,4,-0.782817310504145
38119,4,-1.0542970041298978
38121,4,-0.8254099126096044
38123,4,-1.1090419007762047
38158,4,0.9104229195285032
38159,4,0.825857818777042
38163,4,-1.0000004004950878
38171,4,0.5257231307893346
38173,4,0.6288490375218254
38178,4,-0.8689729695177824
38198,4,-0.9002621971538345
38203,4,-0.9939475427762721
38207,4,-1.0037056555262844
38211,4,-0.8656756729653625
38212,4,0.962030743968876
38217,4,-1.0349700733335738
38231,4,-0.7927524053937044
38236,4,-0.8244536846552639
38238,4,0.5085484756913123
38246,4,-1.0247076628718759
38250,4,0.8750541565954717
38258,4,-0.8458723991902037
38262,4,-0.6622103766146318
38274,4,0.9840234501237484
38282,4,-0.7797085010767083
38301,4,-1.109559554991535
38302,4,-1.0193623082950642
38312,4,1.1653641003299726
38319,4,0.6712198301569887
38328,4,-0.5570122996524783
38331,4,-0.9031700340113105
38334,4,0.8578942667288461
38335,4,-0.5152218496726784
38338,4,-0.9376040518449404
38348,4,0.9377358922287187
38349,4,-0.5148720023467087
38372,4,-0.9997681801717726
38373,4,-0.5137765383815671
38376,4,-0.9653693831388961
38381,4,-0.8710282867207266
38382,4,-1.1660067351168624
38383,4,-1.1457749684495437
38385,4,-1.0377835704034646
38386,4,-0.5736080123663333
38391,4,-1.0466454592538001
38392,4,-0.9562825940453933
38397,4,-0.9098760431013442
38399,4,-0.8653372877098626
38403,4,-0.8508389305603172
38404,4,-0.730590351348899
38413,4,-0.8047611886189083
38415,4,0.5777336620845956
38416,4,-1.069787183744551
38424,4,-0.9319241384575947
38428,4,0.9301340999267882
38445,4,0.8511822763754602
38449,4,-0.76821194182015
38464,4,-1.0079436543797984
38466,4,-0.7591564736247038
38470,4,-0.9501000583184525
38481,4,-0.9559785498176945
38488,4,-0.9518404563616618
38502,4,-0.813800090376036
38503,4,-0.9980767241960626
38514,4,-0.9518404563616618
38516,4,-0.8573035942608217
38518,4,-1.1224212227915151
38543,4,-0.8230876309713366
38544,4,-0.9963484999779637
38549,4,-0.979909450939062
38555,4,-0.5747306638357542
38559,4,-0.9390240741294835
38560,4,-0.9411230450014281
38574,4,-0.8702638819285263
38579,4,-0.9275723619885878
38585,4,-0.7973835766090123
38588,4,-0.7086983098313354
38595,4,-0.4913090091838232
38598,4,-0.7691246200646699
38609,4,-0.8052180096998918
38623,4,0.723130332567431
38632,4,-0.9646087633062822
38634,4,-0.9342652680498653
38637,4,-0.7064768452479571
38638,4,-0.9150051415299942
38647,4,-0.898139076913119
38650,4,-0.7854609870897675
38655,4,-0.9512672147358701
38682,4,0.9807832638405218
38684,4,-0.8154626710196196
38688,4,-0.9895621260920372
38689,4,0.5550205266824983
38695,4,-1.157561244523501
38702,4,-0.9423746014217875
38705,4,1.0552875891753928
38707,4,-0.9040376031274018
38709,4,-0.8185437178005119
38710,4,0.9512603108335083
38720,4,1.0005845858576978
38726,4,1.0903697912293697
38730,4,-0.9838128889973673
38738,4,-0.865084623829157
38755,4,1.0742717383019011
38757,4,-0.7978329506809279
38770,4,-0.7805607983769217
38775,4,0.8995333376219921
38783,4,0.9884624069010628
38791,4,-0.7820556937596722
38793,4,-0.8386389963450535
38803,4,-0.960379738240331
38812,4,0.9023555472199702
38815,4,-0.8524952902458098
38820,4,-0.7210360541793878
38824,4,-0.7116177574338222
38825,4,0.9537805422320016
38832,4,0.8348552357652805
38843,4,0.751345048710153
38850,4,-1.0245636419471142
38854,4,-1.1627191664088605
38862,4,-0.9765719061701521
38863,4,0.8945842278776799
38876,4,-1.0016893987137785
38879,4,-0.8925748993839892
38882,4,-1.1875744026224688
38889,4,-0.7952017821453071
38900,4,-0.6543894238872686
38908,4,-0.6475203419962714
38911,4,0.9533641112562723
38913,4,-1.0844899111903317
38917,4,0.9538235686118808
38930,4,1.027812458982106
38931,4,0.9797789580766507
38933,4,-1.0047919103775849
38939,4,-0.8596013621142097
38942,4,-0.965580424289671
38950,4,-1.2612144297310777
38956,4,-0.9040183581276428
38968,4,-0.7199129885306526
38969,4,-0.3960551750135744
38983,4,-0.19680364241453396
38988,4,-0.5256890389641482
38997,4,-0.4475485470385693
38999,4,-0.478915775274417
39012,4,-0.6207037624633419
39014,4,0.9727544151033951
39019,4,-0.4989669879500206
39030,4,-0.3214508337102537
39043,4,-0.47613395826770855
39048,4,0.8841987518045618
39058,4,0.9093767184974779
39060,4,-0.4037536903337028
39062,4,-0.9765445537618868
39063,4,0.6200749738295945
39070,4,-0.6144175403669155
39072,4,-0.8415591933269757
39084,4,0.8523095880634297
39090,4,-0.789807813362224
39100,4,-0.7891535123442205
39103,4,0.7595845398697207
39104,4,0.895505163331503
39105,4,0.7534438545238564
39106,4,0.9311940125584839
39109,4,-0.8277567232789413
39115,4,-0.3694584448292634
39133,4,-0.6244048041539931
39155,4,-0.7098712735330271
39165,4,-0.9172413739400698
39169,4,-0.9094018152273393
39172,4,-0.9413198685372531
39173,4,-0.1192663471235289
39176,4,-1.2196854103266581
39185,4,0.07579957303961282
39187,4,0.6853246159624526
39190,4,-0.385326695632231
39192,4,-0.6929317551666878
39195,4,0.12069163496794522
39197,4,0.3887514137259057
39205,4,-0.37625190650599133
39208,4,0.9460837848832075
39216,4,1.0519068941732133
39223,4,0.3687539134115654
39231,4,1.0312956644465472
39239,4,-0.8143152506771862
39245,4,0.552378422086502
39258,4,0.9257438664697892
39259,4,0.09647909069564109
39263,4,-0.992531373393762
39265,4,-0.5571577203626965
39266,4,-0.19458084228325567
39267,4,-0.061443022409433334
39268,4,0.8074823538476461
39270,4,-1.0031788217419306
39272,4,0.9998618033753865
39280,4,-0.07089703286200943
39285,4,0.10424281139494318
39289,4,0.09353404852863145
39291,4,1.0631262133335366
39298,4,-0.7395698710027141
39301,4,1.0082023101117843
39304,4,-0.08335794519651696
39317,4,0.30848791364235406
39320,4,-0.27094439942934556
39326,4,0.979379443369466
39328,4,0.7905588237771075
39336,4,1.3807686243494146
39342,4,-0.39318382042859007
39362,4,-0.9213573858686118
39363,4,-0.24036158628858262
39372,4,-0.32825144898505954
39373,4,1.0505757332577292
39375,4,-1.4517417423772963
39379,4,0.39897064865949905
39388,4,-0.5340538180335233
39389,4,1.0039480623940753
39393,4,-0.7300478730646422
39402,4,-0.8729428627311207
39416,4,0.5713702469319095
39417,4,0.796155658601202
39427,4,0.12042093292747758
39430,4,0.162521037654061
39441,4,0.12679807228549422
39448,4,0.7642832074259751
39471,4,0.7302071233537701
39474,4,-0.7559268938676322
39475,4,0.5409300109383544
39479,4,-0.37778988252154233
39486,4,0.9782942533207037
39498,4,0.9238608693824397
39509,4,0.7142571860342573
39511,4,0.6857909185363025
39520,4,0.6606331055836931
39527,4,-0.03486010667251338
39529,4,0.35820974604043354
39530,4,-0.2503047570917866
39534,4,-0.6964133808169841
39544,4,-0.1286195305803836
39559,4,-0.7946822401728932
39576,4,1.0299623912175986
39579,4,0.825379589131134
39581,4,0.9024497108148117
39583,4,-1.1048487559865507
39585,4,-0.3679350145454149
39589,4,0.9360410460677899
39592,4,0.8982436658174442
39597,4,-0.5823331113216084
39601,4,0.1326692671706704
39615,4,0.4295757701640883
39616,4,0.7789519347043368
39619,4,0.8159988839046723
39621,4,-0.5047742186890776
39630,4,-0.13091602544206477
39631,4,-0.9828746144955258
39637,4,0.9421836767990119
39638,4,1.2889379721638765
39639,4,1.2565288694159265
39642,4,-0.5394482461699718
39652,4,1.0319714256593886
39655,4,0.8077177150203672
39658,4,1.136624884162783
39659,4,0.9663324450098185
39666,4,0.9909100888410256
39674,4,0.8291802689259442
39679,4,0.39721094131151236
39682,4,1.060520681270525
39689,4,0.7336545485977466
39690,4,0.6273796864772552
39693,4,0.7693089656085297
39705,4,0.4063648553753505
39709,4,0.23605944251209632
39714,4,0.8413101649175165
39717,4,0.357204277434616
39722,4,-0.7760634359820089
39737,4,-0.38250242318114946
39738,4,0.6635895844609263
39746,4,-0.6990798389863149
39749,4,-0.6408954044727833
39759,4,-0.6028351696340928
39772,4,-0.64865654426011
39773,4,0.5430309921602692
39784,4,-0.31162737355323356
39793,4,-1.13537120678065
39801,4,-1.2251935507645226
39816,4,-1.2382602563741607
39823,4,0.9774311461890599
39841,4,1.2560676323784767
39847,4,0.35011724426017743
39851,4,0.2145786389415345
39865,4,1.012172527730033
39866,4,1.1807571293174093
39869,4,-0.7956433832337226
39870,4,0.6885647763241667
39872,4,1.0752192960815616
39880,4,0.6642148347472423
39882,4,0.35285873879106955
39884,4,-1.07284102378675
39901,4,0.8410140852259609
39909,4,-1.3369113950320548
39910,4,-0.9537488555839944
39915,4,1.0300348738348206
39919,4,1.0903739568343311
39921,4,-1.1097149740866252
39928,4,-0.0591853885864263
39935,4,-0.9124000456517758
39936,4,-1.2335622199145104
39939,4,0.31579546866634833
39947,4,0.19470376844348014
39965,4,-0.0438786363216942
39966,4,0.4725818107141937
39971,4,-0.6271709938019278
39974,4,0.875479373540446
39981,4,1.0792718077396573
39987,4,-1.1051437954357377
39989,4,0.13302122336486
39990,4,-1.7026460596650936
39993,4,0.6977957162535744
39998,4,1.107980339730134
40015,4,1.0558081982779772
40022,4,0.9442568303759855
40023,4,0.5697782345414133
40036,4,0.415650471505593
40038,4,0.9863657492595743
40041,4,0.01052131049996774
40047,4,-0.9305869241437492
40055,4,1.1068832186861828
40063,4,0.275936473585329
40064,4,0.2678498526478731
40066,4,-0.21660144782504576
40077,4,-1.0519632197309643
40080,4,-0.6770910032425668
40082,4,0.45717966153323375
40099,4,0.732040563598914
40103,4,0.9014993143802927
40105,4,0.5699524725233962
40113,4,0.8156686174597501
40119,4,0.9831976385832668
40125,4,0.8827227314780646
40128,4,-0.47813327859007193
40138,4,0.7511641765411954
40140,4,0.7643191303194234
40175,4,-0.5348854503126725
40186,4,0.8768901845784973
40191,4,-1.1238021667444265
40195,4,-0.08516852053589907
40202,4,0.3306036458019781
40210,4,1.2291680711280721
40213,4,-1.1059493586098708
40217,4,-0.9864817981865881
40218,4,1.07432872618547
40226,4,1.3222654904717832
40241,4,0.25040002916651316
40251,4,-0.37238707303345386
40252,4,-1.1117419144207124
40256,4,-1.4548276382257734
40258,4,-0.14843526426626796
40265,4,-1.017780911507275
40266,4,1.270563895441051
40267,4,-0.944634677950028
40270,4,1.2091223848172197
40271,4,1.2762777203476496
40283,4,0.7875344697290945
40295,4,-0.7074508215321446
40310,4,-1.0390591373286777
40314,4,0.25326793762287236
40316,4,-0.51563529264039
40332,4,0.5430439233476283
40336,4,0.8934990300510122
40338,4,-0.4373041391537511
40345,4,0.2973472318932382
40350,4,-0.9932852252319929
40351,4,1.0974350520970206
40354,4,0.34869758480067437
40364,4,1.2717018319528888
40366,4,1.08790145239821
40374,4,0.8261615568941874
40375,4,0.6670623643776514
40381,4,1.2208689595298947
40386,4,1.1828426788505986
40387,4,1.2594685010159827
40395,4,0.22068800681542033
40400,4,0.6090089069500122
40405,4,0.07109668784570777
40406,4,0.33746169326389397
40408,4,0.3497652961662785
40413,4,1.2603754942257215
40416,4,1.179112380113719
40417,4,1.0913071375013987
40424,4,0.14571870354972738
40440,4,0.018088476432762013
40442,4,0.5298661698827134
40443,4,-0.8488365684056871
40445,4,-0.48625298970392616
40447,4,0.9572953833091287
40449,4,-1.0025656451821197
40452,4,1.1382408752198268
40457,4,0.7296005116745452
40463,4,0.7418295375620552
40477,4,-0.9962513923514784
40488,4,-0.6055237282807073
40489,4,1.2306496805747291
40495,4,1.102071369397612
40497,4,0.21275789388291733
40504,4,1.074260361076889
40521,4,-1.5070349424718747
40523,4,-1.0217575548386164
40528,4,-1.3402730692857632
40537,4,-1.0951279152996112
40543,4,-0.08374037599179929
40549,4,-0.7823343675323615
40554,4,-0.2749586343609234
40560,4,0.513792584056864
40568,4,-0.5084149863708481
40569,4,0.8968893702115501
40570,4,0.6391001175195099
40578,4,-1.106037436775293
40585,4,0.536842370802644
40586,4,1.0670022052003343
40605,4,0.7754159157968368
40612,4,-0.7043754824693765
40613,4,1.001313544568382
40614,4,-1.272280041230651
40620,4,-1.0426474345257974
40623,4,-1.4992278022479117
40624,4,-0.5430421154549602
40627,4,0.42285843102379483
40629,4,-1.197514025187349
40650,4,0.4310424183320567
40655,4,-0.9013533994610126
40656,4,0.8016843162798031
40666,4,-0.9803250807700774
40690,4,0.791744618774125
40694,4,-1.491233767212665
40700,4,-0.9814011348025324
40702,4,0.8024383997762499
40709,4,0.44468545029882833
40732,4,0.3453629998137123
40736,4,1.115490080985405
40745,4,0.7877192002499984
40750,4,-0.9362737198434458
40754,4,-0.9518776200035417
40758,4,0.8568026496893493
40765,4,0.5046370017675281
40770,4,-0.6200788520067387
40775,4,-1.3942914156808137
40776,4,-1.1891217549887847
40777,4,-0.6424363839861891
40788,4,-0.940750387297373
40793,4,0.7332084595339654
40794,4,1.1969760063629173
40798,4,0.5874540449930266
40800,4,-1.131653873251806
40807,4,-1.0806735710787017
40814,4,0.4593301208856533
40818,4,-1.0405086043821437
40821,4,-0.5523511769361427
40822,4,0.7745368465080731
40827,4,-1.3477262967833044
40828,4,0.7060039621259511
40829,4,-1.1190104017332552
40840,4,-0.14181388904698922
40845,4,1.1012366597144831
40852,4,0.9180739799594173
40855,4,1.1630151471845052
40856,4,-0.5784823732910922
40865,4,-0.8252449086699759
40868,4,0.41257860199503626
40879,4,-0.3016096578901356
40881,4,-0.569141847172856
40884,4,0.8703577159361553
40895,4,0.5758454452068651
40905,4,-0.5481636690091956
40915,4,-0.8898339878095762
40925,4,-1.172000247326574
40930,4,-0.07147496233891415
40944,4,-1.3044126606877031
40947,4,-0.48727339485838406
40951,4,0.8381631599322852
40952,4,-0.3065059305242706
40973,4,0.3582118124335455
40986,4,-0.2260152528462655
40993,4,0.3543356373049724
40994,4,0.6564660495168555
40995,4,-0.7736678052883454
41003,4,0.4996017881712427
41006,4,1.1081024493391696
41017,4,1.1500366764635288
41022,4,0.7063187017994221
41029,4,0.6092176605099702
41031,4,0.2609568224613278
41042,4,0.5376639856052032
41046,4,-0.5036546720565902
41066,4,-1.0115359108669448
41075,4,0.04343191846201999
41078,4,0.61842057242832
41086,4,1.0917465816266136
41088,4,0.3758369351774409
41090,4,0.038744781447555776
41097,4,0.9582431999334831
41101,4,0.6633732488943616
41105,4,0.21620244505183905
41120,4,0.36643083355076134
41121,4,-0.9489827110853998
41129,4,-0.6260561875712307
41137,4,-1.1225642758687688
41140,4,-0.4497050529695058
41145,4,-0.11893689422948439
41146,4,-0.2601252064884976
41148,4,-0.07404404940455239
41151,4,0.6881928647752829
41167,4,0.2720630233728183
41176,4,-0.7889387542348236
41180,4,0.1812768875862406
41181,4,-0.020707808335072464
2,5,-1.0015842376748796
7,5,-1.0123372730914233
8,5,-1.0089417070951696
10,5,-1.0123372730914233
23,5,-1.0103766816943933
28,5,-0.9942335978015978
29,5,-1.0246764750431565
31,5,-1.0006475733838438
34,5,-1.0133529477715526
36,5,-1.0014698075976876
37,5,-0.9975994883971893
39,5,-1.0015975338434266
41,5,-0.9973121176052613
43,5,-1.0021944524589457
45,5,-1.005379588895193
46,5,-1.011168962942672
53,5,-1.0006038588769948
54,5,-1.001657994076314
72,5,-1.0076969748610913
73,5,-1.014137635741641
76,5,-0.9978819588968453
96,5,-1.0070174354533228
99,5,-1.0089815454781705
113,5,-1.001373638207904
114,5,-1.0111637114452647
123,5,-1.0008260889835006
125,5,-1.0130577129843465
126,5,-1.008552870164047
129,5,-1.0010230433198881
142,5,-1.010517061845075
149,5,-1.0034132932693116
152,5,-1.0073279453873054
173,5,-1.0055891240680017
175,5,-1.0000137011693493
176,5,-1.0044657587471197
178,5,-1.0036529290606815
183,5,-1.009325475256603
185,5,-0.9965648279543005
201,5,-1.0143886585083248
206,5,-0.9943920959191273
219,5,-1.0008743874875912
220,5,-1.0019518238541736
229,5,-1.0062020545382284
243,5,-1.0059746379188343
251,5,-1.0059923111730544
259,5,-1.0054113309403876
266,5,-1.0305277460476583
267,5,-1.0225906056905125
269,5,-1.0027176344937585
270,5,-1.0109967775306918
271,5,-1.0024605775974216
273,5,-1.0065321388255084
276,5,-1.0014698075976876
279,5,-1.0443418977648646
285,5,-1.0128412592833764
292,5,-1.0261205801136428
329,5,-1.0013412979991738
331,5,-1.0018079524128332
334,5,-1.000250327100776
338,5,-1.001373638207904
342,5,-1.0018623841209706
346,5,-1.0221760594448053
348,5,-1.0006633208247309
354,5,-1.0065863334067058
358,5,-1.0025802399531676
359,5,-1.0071110597663735
363,5,-1.0018440096223737
364,5,-1.0032015519389577
375,5,-1.0109023490325684
379,5,-1.0024383181559497
380,5,-1.0171093224035004
387,5,-1.006893878008494
392,5,-1.0028018544169703
403,5,-1.0047976605752424
409,5,-1.0049701873136792
412,5,-1.0011076499561837
423,5,-1.0087349289574905
424,5,-1.0006661773510277
431,5,-1.0021286236687663
432,5,-1.0146961202071496
437,5,-1.0098265428365267
441,5,-1.0284923674586666
444,5,-0.9994377141522044
445,5,-0.9998683070811478
451,5,-1.0188082332106365
454,5,-1.0030974450300756
457,5,-1.0091729519432415
463,5,-1.0009038657012586
470,5,-1.038804166296846
473,5,-1.0025190357726999
489,5,-1.0069509755849908
493,5,-1.00433529571847
494,5,-1.024966235649801
496,5,-1.0030720624216074
497,5,-1.0077242719651665
498,5,-1.0005524869170825
502,5,-0.998938421054758
506,5,-1.0019813365641117
513,5,-1.0098299902281571
518,5,-1.0022314708735163
521,5,-1.0024611325518729
524,5,-1.0003741776879544
542,5,-1.0168819637897173
543,5,-1.0047001359602223
544,5,-1.0140318814129805
554,5,-1.0009511160039877
565,5,-1.0015996946195216
567,5,-1.020786990735088
568,5,-1.002687201653845
592,5,-1.0035271676938222
597,5,-0.9998795240600044
601,5,-1.006959281234098
606,5,-1.0008547303167221
610,5,-1.0003035246892344
611,5,-1.0009445697574053
618,5,-1.0035592727104075
623,5,-1.0007867363235716
631,5,-1.0003272194207187
645,5,-1.0093274724510872
648,5,-1.0002279341688785
654,5,-0.9990894054288053
657,5,-1.0012110790328224
669,5,-1.0015516828438868
677,5,-1.0035595521493248
682,5,-1.0064872071899675
686,5,-1.0003463449607919
697,5,-1.0007704120050687
702,5,-1.0078950112356577
709,5,-1.0280089029541692
711,5,-1.0054907819089927
717,5,-1.016847032147476
721,5,-1.0106019752433273
727,5,-1.0008286785193012
739,5,-1.004206359572981
743,5,-1.0191474382100583
747,5,-1.0006575071970194
748,5,-1.002137678545312
761,5,-1.009247631465258
762,5,-1.0025047285124997
768,5,-1.0134434549730265
771,5,-0.9847000054229902
778,5,-1.0041710093273284
779,5,-1.0035004895393262
780,5,-1.0012640720241495
781,5,-1.0058005591586985
807,5,-1.0046359088547139
810,5,-0.997843206475011
815,5,-1.0062321579370601
817,5,-1.0072988557309746
819,5,-1.0053038150310436
832,5,-1.0018434549336683
836,5,-1.0025696011967185
840,5,-0.994696056033464
846,5,-1.0078663565575605
848,5,-1.002057190706376
854,5,-1.0055766452921489
861,5,-1.0046441465687324
862,5,-1.0013051318805504
865,5,-1.004055513927832
875,5,-0.9991448295397116
876,5,-1.0035821279548842
882,5,-1.002481153927576
891,5,-1.0027306904429094
894,5,-1.0062636896707295
897,5,-1.0021381545780546
898,5,-1.002698468640643
899,5,-1.0017822007869512
914,5,-1.0008678654999672
925,5,-1.0024708989081477
932,5,-1.0018877848164889
967,5,-1.0065598819615138
973,5,-0.9999191019864426
983,5,-1.0039102160251572
989,5,-1.0078873188756594
992,5,-1.0015119562622725
1003,5,-1.0018376469946295
1005,5,-0.9982956617211117
1006,5,-1.0020778332023972
1009,5,-1.0071954638441318
1010,5,-1.006129939086622
1021,5,-1.0053249318815742
1025,5,-0.9986883701501359
1031,5,-1.0100380380636147
1038,5,-0.996028081045855
1045,5,-1.0013721042145227
1046,5,-1.0027751311348423
1060,5,-1.0006535517815889
1072,5,-1.003033777875705
1080,5,-1.0014957536663955
1084,5,-1.0020169042012244
1089,5,-1.0055195487588635
1097,5,-1.0042953456960453
1102,5,-1.0103471193677305
1103,5,-0.9998603281770944
1116,5,-1.0175798651633412
1124,5,-1.0309373542511122
1128,5,-1.0066501424540462
1129,5,-1.000008525347086
1152,5,-1.0075095832417826
1158,5,-1.0076011976614188
1169,5,-1.0041885158831934
1185,5,-1.0065705244497405
1202,5,-1.0039179930354862
1203,5,-0.9996444125646605
1205,5,-1.0066405256002193
1206,5,-1.0021138297078882
1216,5,-1.0405224207887644
1229,5,-1.0072548920491458
1234,5,-1.012101005928637
1250,5,-1.0164638589698904
1268,5,-1.0019251978154913
1269,5,-1.0016330184589142
1270,5,-1.0163427510198815
1274,5,-1.002652425156547
1275,5,-1.0048491953733472
1284,5,-1.0074817941109608
1297,5,-1.0037684000904827
1298,5,-1.0021437285721824
1311,5,-1.0015552028542694
1319,5,-1.0059054050951215
1329,5,-1.0082624307822852
1336,5,-1.002190222848092
1341,5,-0.9997837941313132
1342,5,-1.0007915927563051
1345,5,-1.016886866447098
1355,5,-1.0239331768435793
1356,5,-1.0080214423290885
1358,5,-0.9993873442020296
1367,5,-1.0018589245059704
1381,5,-1.007881691215446
1382,5,-1.0066703195372773
1385,5,-1.0071714351262466
1386,5,-1.0011729638817917
1390,5,-1.0090761083294348
1403,5,-1.0068345565173005
1406,5,-1.0012647550242086
1418,5,-1.003252319836904
1427,5,-1.035751428070993
1429,5,-1.0079328143740243
1434,5,-1.006950785866781
1437,5,-1.0050577755530519
1449,5,-1.0021262514178035
1452,5,-1.002128358555229
1459,5,-1.0020719820171466
1461,5,-1.0088100768793715
1464,5,-1.0087494026549948
1469,5,-0.9999824978372496
1477,5,-1.0185282491380974
1482,5,-1.018209029157824
1484,5,-1.0150771589243641
1496,5,-1.000192004581086
1499,5,-1.0002609443983206
1500,5,-1.0001542802367465
1502,5,-1.0186353441719036
1505,5,-1.0031748643440026
1506,5,-1.0022517413980148
1515,5,-1.0017773468743996
1516,5,-1.0032063525503478
1517,5,-1.001971860216289
1521,5,-1.0003124088729138
1528,5,-0.9999126754839456
1529,5,-1.0127264134297533
1535,5,-1.0013027791498044
1554,5,-1.0086439089220616
1559,5,-1.0052562073746993
1568,5,-1.0062396334770498
1575,5,-1.0107429501642335
1579,5,-1.004338936424587
1585,5,-0.9977993675580348
1590,5,-1.0031370154761197
1597,5,-1.0192550171906154
1601,5,-1.0287829839406928
1607,5,-1.0116222813970372
1622,5,-1.0110786820649378
1635,5,-1.0082153885178085
1638,5,-1.0228796914677205
1655,5,-1.0144626120358868
1663,5,-1.0200544766478865
1684,5,-1.0021916371087132
1685,5,-1.0055374441963865
1691,5,-1.0119411090534265
1694,5,-1.0003848422887
1698,5,-1.008076284092854
1702,5,-1.0103179114263288
1706,5,-0.9976082056797093
1711,5,-1.002927335655727
1713,5,-1.0010445790371798
1731,5,-1.001238252065925
1733,5,-1.0010618331238847
1746,5,-1.0055399415075474
1751,5,-1.0017711612392972
1752,5,-1.0016517467483288
1772,5,-1.0002165659221587
1784,5,-1.0115870810674237
1785,5,-1.00870363813298
1810,5,-1.0037282983356606
1814,5,-0.9994500226517886
1815,5,-1.007979959516154
1816,5,-0.9991042459475121
1821,5,-1.0029417630252346
1828,5,-1.0006646442995648
1832,5,-1.006390895815013
1836,5,-1.0027789498595516
1850,5,-1.0005494894069615
1870,5,-1.002738524058964
1896,5,-1.0022781978411919
1907,5,-1.010157358467395
1908,5,-1.0073541821505467
1912,5,-0.9974199381438262
1913,5,-1.015392821066473
1914,5,-1.0075425698129836
1934,5,-1.0032184015809853
1945,5,-1.0038968603390936
1952,5,-1.0114550897613586
1958,5,-1.0046013082798588
1961,5,-1.0226150442115145
1969,5,-1.0073379935084539
1981,5,-1.000400470794308
1987,5,-0.9990181414379362
1991,5,-1.0032323072838452
1993,5,-1.0058798296568265
2002,5,-0.9974267129667356
2003,5,-1.0030707708359865
2007,5,-1.001083614080609
2019,5,-1.0065469967464464
2023,5,-0.9986198430910916
2026,5,-1.0010360482454752
2027,5,-1.0010883456963053
2028,5,-0.9997895693885647
2033,5,-1.0059081124736753
2044,5,-1.0018592912375492
2046,5,-1.0055232697014547
2050,5,-1.0096282663861587
2058,5,-0.999030750370195
2060,5,-1.0095046573563413
2066,5,-1.0096190985057714
2067,5,-1.0043674786508205
2070,5,-1.00672232202893
2075,5,-1.0130414718845864
2092,5,-1.0007831220139436
2113,5,-1.0083226721852088
2119,5,-1.011101588280316
2129,5,-1.0251713849692718
2136,5,-1.0076899091093199
2146,5,-1.0221145611012918
2151,5,-1.0011182560905434
2182,5,-1.002690864073434
2185,5,-1.0234533780235533
2194,5,-1.0159361007728558
2197,5,-0.9996103359780621
2201,5,-0.999878791895793
2205,5,-1.0025931784825866
2209,5,-1.0246874093558076
2212,5,-1.0232746006386229
2222,5,-1.0002289592631182
2224,5,-1.006454575156148
2235,5,-1.0248251743845722
2237,5,-1.007326791744126
2248,5,-1.0015049515313525
2252,5,-1.008642251530579
2254,5,-1.0136790268007085
2255,5,-1.0243624386762458
2258,5,-1.0040140740723307
2266,5,-1.003380465400474
2273,5,-1.002040139998332
2281,5,-0.9999319430006505
2284,5,-1.0060857215493264
2289,5,-1.0009261270571632
2290,5,-1.013138280170721
2304,5,-1.008192692061097
2305,5,-1.022662414464492
2319,5,-1.0000030068521188
2328,5,-1.0140828706910492
2345,5,-1.0081342844161643
2349,5,-1.00304065959377
2351,5,-0.9991795745316671
2355,5,-1.0150490821623537
2364,5,-1.0188381360036298
2365,5,-1.0009575386769773
2373,5,-0.9974995961500341
2375,5,-1.0110778462783052
2379,5,-1.0001636949856005
2384,5,-1.0129129767130975
2387,5,-1.0081344378593902
2390,5,-1.0027801950331034
2396,5,-1.0008827107488314
2397,5,-1.0035746664055396
2400,5,-0.9980605883864678
2413,5,-1.0002164215136782
2416,5,-1.0005807099280561
2423,5,-1.002530317228064
2445,5,-1.0030629833924831
2448,5,-1.0092656566969715
2457,5,-1.0154749268164978
2467,5,-1.0185405818474638
2477,5,-1.0033942241247338
2488,5,-1.006873492537946
2494,5,-1.0107863163031494
2495,5,-1.0042552026297793
2502,5,-1.0050835530086393
2518,5,-1.0100400560949299
2526,5,-1.0005866472208886
2531,5,-1.0022369789184915
2540,5,-1.0053172691269618
2548,5,-1.0249880471781965
2556,5,-1.016696981787226
2573,5,-1.0002603451016814
2583,5,-1.019265023232392
2590,5,-1.0173788642553394
2598,5,-1.009162637219157
2603,5,-1.0135600183831197
2606,5,-1.0036947447650364
2616,5,-1.024746289518753
2618,5,-1.0017020199255495
2624,5,-1.0084135797765703
2626,5,-1.0009021946876144
2643,5,-1.0004728834975145
2645,5,-1.0002031352685834
2647,5,-1.0035847670317066
2651,5,-1.0173497702976357
2661,5,-1.0013803065043012
2667,5,-1.045951112477979
2668,5,-1.0027784478371338
2670,5,-1.0039836335734957
2673,5,-0.9979536513568033
2676,5,-0.9998006365743564
2679,5,-1.0221938511280315
2692,5,-1.0018612468117056
2704,5,-1.0046099477394388
2709,5,-1.0003503167664018
2716,5,-1.0058283989413657
2720,5,-1.019199406485741
2723,5,-1.0024622029540233
2725,5,-1.005996047602343
2726,5,-1.0024240453583606
2738,5,-1.0037241889982347
2750,5,-1.0001764174992362
2751,5,-1.0046742555964294
2753,5,-1.0068422104946286
2755,5,-1.0025448049451446
2758,5,-1.011081283295368
2761,5,-1.0095179694336187
2771,5,-1.001107410414599
2796,5,-0.9986019558212785
2804,5,-1.0022335337390589
2806,5,-1.00557694976606
2808,5,-1.0084738885032043
2816,5,-1.006688788983943
2818,5,-1.0010972829186668
2822,5,-1.0003538406157784
2823,5,-1.007091777045684
2826,5,-1.0023814602365557
2828,5,-1.0000726698376494
2831,5,-0.9999692759540577
2852,5,-1.0076337124855046
2855,5,-1.0018593896417953
2859,5,-1.000060247275825
2863,5,-1.0022912006296276
2867,5,-1.0002499805639233
2877,5,-1.0027416250594758
2878,5,-1.0055193369963211
2888,5,-0.9978834931543222
2893,5,-1.0043612538719133
2894,5,-1.0051984299799883
2896,5,-1.0012260590049944
2897,5,-1.0012068328474295
2898,5,-1.0024546806024182
2907,5,-1.0139152339282955
2908,5,-1.0054446862942379
2910,5,-1.0033474583221522
2912,5,-1.0019824328519087
2925,5,-1.004883787443746
2929,5,-1.0041479295949742
2932,5,-0.9983944571122825
2934,5,-0.9945458603592974
2935,5,-1.0050687102545317
2936,5,-1.0226448222323035
2939,5,-1.0090309025412476
2940,5,-1.0038858129427632
2942,5,-1.0093957974013634
2945,5,-1.0130085479941104
2951,5,-1.006457530848051
2954,5,-1.0046093438748793
2956,5,-1.0065776464316243
2957,5,-0.9999642070360151
2968,5,-1.0043336628583166
2972,5,-1.013225502665354
2980,5,-1.0000514049425773
2982,5,-1.0010469547001382
2988,5,-1.0106237575241914
2993,5,-1.0049412573179777
2995,5,-1.020238290333059
2999,5,-1.00855073833976
3025,5,-1.0028523641120657
3041,5,-1.0129783541986597
3051,5,-1.0156799291680945
3053,5,-1.0027165511933966
3054,5,-1.0018221804529333
3066,5,-1.0084761349742637
3072,5,-1.0121531361292635
3078,5,-1.0015155620580294
3080,5,-1.0014691567943714
3081,5,-1.0015451155385813
3084,5,-1.0123965212751473
3086,5,-0.9832697126257469
3095,5,-0.9981722936629329
3096,5,-1.0128032196093908
3112,5,-1.0176498281035002
3121,5,-1.0074798024971163
3125,5,-1.0085113508482153
3127,5,-1.0086316858462896
3131,5,-0.9995155821557635
3135,5,-1.0016201059923793
3138,5,-1.0036124785045395
3143,5,-1.0068377733216514
3150,5,-0.997823047290254
3154,5,-1.0035801348347266
3180,5,-1.0006164319771975
3186,5,-1.001121179902304
3197,5,-1.0006545959039395
3202,5,-1.0261726588821758
3213,5,-1.0003412507105427
3214,5,-1.0073281448256646
3216,5,-1.0047824979284061
3217,5,-1.000978752826865
3228,5,-1.0077362945074868
3232,5,-1.008079406989595
3251,5,-1.0074348080974593
3255,5,-1.0088304485934116
3267,5,-1.020458690906703
3274,5,-1.0130694495136485
3278,5,-1.00299312762826
3286,5,-1.0409375170904311
3290,5,-0.999310366814219
3291,5,-1.000467470581296
3294,5,-1.0000178999948557
3295,5,-1.0038201439081924
3297,5,-0.9926508571457631
3301,5,-1.003759482020697
3314,5,-1.0000578080163662
3315,5,-1.0106935708674902
3320,5,-1.0015598844092213
3336,5,-1.0122497132455435
3341,5,-1.007818047104319
3344,5,-1.008989728215313
3349,5,-1.0051566219442098
3352,5,-1.0025778917346209
3358,5,-1.0052352289892097
3365,5,-1.005769211026693
3367,5,-1.0117154508167159
3368,5,-1.0025837519944822
3370,5,-0.9650775219666805
3372,5,-1.0198605116138206
3373,5,-1.0056343217605894
3422,5,-1.003948618600326
3434,5,-1.0068728952497477
3438,5,-0.937009152013081
3443,5,-0.9973358649486873
3467,5,-1.0057971740628362
3470,5,-1.0043652064651283
3475,5,-1.0069552992887538
3476,5,-1.0012422537763053
3483,5,-1.0063674176575934
3498,5,-1.0025030423307308
3501,5,-1.0143169376029437
3504,5,-1.0058559006648573
3511,5,-1.0138088840982962
3513,5,-1.0083841003140988
3530,5,-1.001455802624197
3539,5,-1.028651132716198
3568,5,-1.0296954133862264
3574,5,-1.0113533592754766
3576,5,-1.0004999067258378
3585,5,-1.0023505802572483
3589,5,-1.0000907237106889
3593,5,-0.9824229676294919
3598,5,-1.0042333998018076
3605,5,-1.0030221038544518
3607,5,-1.0164809669278405
3629,5,-1.0151661592490941
3634,5,-1.0228586086297384
3646,5,-1.0069619600034758
3647,5,-1.0016593163276337
3659,5,-1.0069711737731613
3679,5,-1.0501219846362047
3680,5,-1.002809966035959
3689,5,-0.9955982802604879
3698,5,-1.0063344794664
3705,5,-1.0024430576147663
3721,5,-0.9999752169421808
3732,5,-1.0013545758604665
3740,5,-1.0034558267898348
3741,5,-1.000344445191165
3761,5,-1.0169853118584282
3771,5,-0.9996725416569849
3790,5,-1.0051005226111502
3797,5,-1.0016808138620363
3798,5,-1.0007445261046193
3801,5,-1.0006560049837288
3812,5,-1.0028404393741035
3814,5,-0.9951805318583933
3830,5,-1.0065124974478046
3832,5,-1.0108261538054395
3834,5,-1.0015715366067433
3835,5,-1.0064155520399276
3841,5,-1.0042940809182939
3843,5,-1.0138771744125488
3844,5,-1.0074776666418612
3855,5,-1.0004435774815612
3875,5,-1.000659770377578
3881,5,-1.0077610222445414
3884,5,-1.0041936494541448
3891,5,-1.004598866419808
3893,5,-1.0287203860466845
3898,5,-1.0372933646653215
3907,5,-1.0031812713112158
3922,5,-1.0061915367970329
3927,5,-1.0149310430931866
3935,5,-1.0031201773213905
3938,5,-1.0047747896968657
3940,5,-1.0134216824192157
3945,5,-1.012004029750525
3946,5,-1.0092299945672312
3948,5,-1.0110728929009256
3949,5,-1.015743268026665
3951,5,-1.0021383479499495
3958,5,-1.0199506755593828
3965,5,-1.0070346906969783
3993,5,-1.013162940304356
3996,5,-1.0007206886173776
3997,5,-1.008864480091054
3998,5,-0.9993598935832463
4003,5,-1.018323152161484
4012,5,-1.0074433186710463
4024,5,-1.0067771818458162
4039,5,-1.0000639054286078
4042,5,-1.009430121423529
4043,5,-1.0012284445582031
4048,5,-1.0180190807276603
4060,5,-1.0060598238562881
4065,5,-1.0122701232786393
4069,5,-1.0007694856859193
4098,5,-1.0141011161672475
4100,5,-1.0078837825192088
4107,5,-0.6629070545319248
4113,5,-0.9865921332191321
4119,5,-1.011481391545924
4123,5,-1.031752025987355
4127,5,-1.0156814052068255
4130,5,-1.0123923798280166
4134,5,-1.0050404485938782
4136,5,-1.009213563306571
4139,5,-0.9940541598491874
4141,5,-1.0137128361419667
4147,5,-1.0114938322178375
4155,5,-0.9999129750482836
4156,5,-0.9981024553755429
4160,5,-1.0060027104362435
4162,5,-1.004637316043111
4163,5,-1.0088536769950072
4170,5,-1.0052164858197914
4177,5,-1.000864516411578
4182,5,-1.0103875338585562
4195,5,-1.001524922635996
4201,5,-0.9921417013500213
4207,5,-1.0096059664281538
4209,5,-1.0187799024552187
4224,5,-1.0228486993858756
4234,5,-1.0058342025937344
4245,5,-1.001139685013686
4259,5,-1.0039759051909516
4261,5,-1.024972870974934
4281,5,-1.0202723480666251
4282,5,-1.0020936672341803
4283,5,-1.001459634309072
4285,5,-1.000974336981243
4286,5,-1.0027777128171236
4291,5,-1.0077177187228479
4304,5,-1.0019179596367596
4312,5,-0.999801652463262
4313,5,-1.003519079769461
4314,5,-1.0035281829749365
4325,5,-1.0059543520200394
4326,5,-1.0045036132088903
4328,5,-1.0053932896468014
4333,5,-1.0004488782699434
4343,5,-1.0278461510489434
4349,5,-0.9989672711410219
4350,5,-1.0044913893506107
4352,5,-0.9993528502563412
4354,5,-1.0112061709196274
4366,5,-0.9996284608561901
4368,5,-0.9996493730909022
4377,5,-1.0005483867294123
4378,5,-1.00835922329158
4381,5,-0.9999141446370452
4383,5,-1.002330981308886
4384,5,-1.0022449639184876
4392,5,-1.0154685221035096
4393,5,-1.0018654695750695
4410,5,-1.0056756693425122
4416,5,-1.0013506998948303
4419,5,-1.003538219849819
4427,5,-1.003286574651348
4438,5,-1.0021191475699842
4439,5,-1.0216513353376808
4451,5,-1.0071712696268627
4453,5,-1.003558711696422
4460,5,-1.0010305259890502
4469,5,-1.005583973293426
4474,5,-1.0041993967565563
4477,5,-1.0032860136276813
4484,5,-1.0081017354211934
4485,5,-1.0041562671392539
4489,5,-1.0131968620169038
4491,5,-1.0058479422725717
4493,5,-1.0015585310854724
4497,5,-1.0013587426272217
4501,5,-1.0012877006859495
4510,5,-1.0022612316061688
4517,5,-1.012557804269428
4521,5,-1.0104976103713135
4523,5,-1.0096120994376148
4529,5,-1.003592513137336
4538,5,-1.0059795467729455
4540,5,-1.0034040576860357
4541,5,-1.0424466428793726
4543,5,-1.0003506593983607
4544,5,-1.0143819156674714
4549,5,-1.0268472832850348
4550,5,-1.005806040189702
4557,5,-1.004780532041357
4565,5,-1.0005141547387795
4569,5,-1.0051654902288334
4572,5,-1.003368681070984
4573,5,-1.0005791431960729
4574,5,-1.001785663814192
4579,5,-1.0008700584288046
4582,5,-1.022385947044381
4596,5,-0.9997344505533151
4612,5,-0.9999631691254078
4635,5,-1.0037156705101737
4645,5,-1.0018730705202104
4646,5,-1.0028586648098985
4648,5,-1.0037581528919792
4649,5,-1.0021688145255672
4656,5,-1.0226147132388688
4657,5,-1.0034095255156106
4659,5,-1.0000426850451252
4663,5,-1.0032210726268402
4677,5,-1.0333408645369007
4684,5,-1.0036522816389375
4686,5,-0.9999304730592407
4692,5,-1.00577949519612
4698,5,-1.0008627999690738
4700,5,-1.0046663400778537
4702,5,-1.0087727587461357
4705,5,-1.0013078141878626
4706,5,-1.0207740414009732
4714,5,-1.0019306105043917
4736,5,-0.9958506504946805
4751,5,-1.0027405338671838
4754,5,-1.0038466210051753
4755,5,-1.0023767950714841
4766,5,-1.0195193453723779
4773,5,-1.0010104137458309
4779,5,-1.0003187368692128
4780,5,-0.9999062922160409
4782,5,-1.0304170734579499
4793,5,-1.0039357525420376
4795,5,-1.0042063896658786
4803,5,-1.0033967760294105
4809,5,-1.0059794756259697
4820,5,-1.015690775016502
4827,5,-1.0000848726168232
4834,5,-1.0092181521024721
4836,5,-1.0179648852953918
4840,5,-1.00590354326829
4843,5,-1.0201333048182142
4845,5,-0.9999960617105337
4853,5,-1.0072094418714945
4856,5,-1.0010516275869883
4858,5,-1.0013487616689785
4861,5,-1.0012268672565567
4868,5,-1.001064211025691
4870,5,-1.0014124699895846
4871,5,-0.999020089544766
4872,5,-1.0016220854773805
4880,5,-1.006571332882964
4887,5,-1.006304612588747
4894,5,-1.0034457637230594
4898,5,-1.0143331875255903
4931,5,-0.9865529788369519
4933,5,-1.0052687240360285
4934,5,-1.0007710823947789
4941,5,-1.0023389308384183
4956,5,-1.003008148268933
4958,5,-1.0066328489312661
4967,5,-1.0017052619835352
4973,5,-0.9989137481002804
4977,5,-1.0030042752798658
4978,5,-1.0342543065528624
4984,5,-1.0250546070246753
4985,5,-1.0100819788650632
4990,5,-1.0005454257317286
4992,5,-1.009245733610677
5005,5,-1.0012984722652427
5006,5,-1.0030386493916224
5010,5,-1.0018286256863362
5012,5,-1.0027018429351973
5018,5,-1.0023733357034845
5021,5,-1.0076025216140447
5027,5,-1.0123069663561228
5032,5,-1.0019462241948467
5036,5,-1.0083420384325876
5051,5,-1.0054201335360307
5058,5,-1.0118168335322126
5060,5,-1.0125512504563183
5062,5,-1.0021032484661587
5079,5,-1.0100728296508796
5086,5,-1.012353371570702
5099,5,-1.0046838408370842
5100,5,-1.0035802939161333
5126,5,-1.008875456574642
5135,5,-1.0049952198906658
5137,5,-0.9905885896823335
5143,5,-1.00209296804868
5148,5,-1.0000783471226184
5152,5,-1.0003022165270223
5156,5,-1.0104896259207496
5157,5,-0.9962155380412304
5159,5,-1.0219998550118155
5172,5,-1.02102857268075
5174,5,-1.0320111033350035
5185,5,-1.001169391827374
5190,5,-1.0118649974411493
5202,5,-1.0042119939919323
5204,5,-1.023690080148084
5209,5,-1.003775875184206
5226,5,-1.0097145968983603
5242,5,-1.01591954949802
5248,5,-1.0018769884699443
5257,5,-1.0072932271449457
5274,5,-1.0027182136394746
5276,5,-1.0054546092141072
5279,5,-1.0496171621847517
5290,5,-1.0010209331492201
5299,5,-1.0017501565141842
5306,5,-1.0137637426697232
5325,5,-1.0265101002254533
5351,5,-1.0014399073695337
5355,5,-1.0006265676111985
5362,5,-1.003309647353976
5363,5,-1.0025545131208717
5368,5,-1.0004524036049212
5370,5,-1.0097549812278168
5372,5,-1.0073519065875667
5373,5,-0.9977045855509559
5376,5,-1.004736246845844
5379,5,-1.0143832247127318
5382,5,-1.0002725108998745
5390,5,-1.0008260296876963
5393,5,-1.009633023492958
5412,5,-1.0262835043907594
5415,5,-1.0080067771737355
5421,5,-1.0097691787829834
5424,5,-1.0030764238433887
5425,5,-1.0624732448589185
5442,5,-1.0032394768308968
5452,5,-1.0007152068732328
5454,5,-0.9999958092982493
5455,5,-1.0128307463890682
5456,5,-0.9958672463295424
5462,5,-1.0024799149989259
5471,5,-1.0011777422415085
5474,5,-1.0029650421403906
5491,5,-1.0083213754934983
5502,5,-1.0139437204856034
5505,5,-1.0000855047233996
5510,5,-1.0094840469245323
5518,5,-1.0057975815945248
5524,5,-1.000185846246753
5533,5,-1.0089686117617276
5534,5,-1.00742812351485
5547,5,-1.0058404309617344
5555,5,-1.0096452901797957
5559,5,-1.0095378898253424
5560,5,-1.003145575499892
5567,5,-1.0017952545510462
5568,5,-1.0009356712967363
5576,5,-1.0112365534888395
5577,5,-1.0112137612284875
5583,5,-1.004101202860616
5586,5,-0.9955216886606277
5600,5,-1.0122709553131894
5604,5,-0.999863072095757
5606,5,-1.0013292838867693
5607,5,-1.0026801029189718
5623,5,-1.0027241301640402
5636,5,-1.0066117367981553
5648,5,-1.006107443524444
5653,5,-1.0061408506797673
5662,5,-1.0114446672656365
5664,5,-1.0010277433748485
5669,5,-1.0074689567447508
5682,5,-1.0010159277538215
5686,5,-1.0137067520407177
5692,5,-1.023481069528216
5695,5,-1.0011911200479164
5700,5,-1.005334393669258
5714,5,-1.0078573896762193
5716,5,-1.0013929327382707
5723,5,-1.0044910902778932
5731,5,-1.0100426840819234
5732,5,-1.006868194633365
5739,5,-1.0050576326403018
5745,5,-1.0017761348122467
5747,5,-1.0081462890148116
5748,5,-1.0078987223475884
5755,5,-1.0146444940368733
5768,5,-1.0128697147463723
5769,5,-1.001049928472818
5775,5,-1.0137155634573722
5793,5,-1.010242154457878
5808,5,-1.0120545778419439
5816,5,-1.021440221034057
5818,5,-1.018613567955047
5821,5,-1.0117057599774364
5828,5,-1.0028055235522317
5854,5,-1.007906169451084
5855,5,-1.014262348238351
5878,5,-1.0033405901123968
5880,5,-1.006771129110122
5888,5,-1.0001372211021675
5891,5,-1.018222089770223
5893,5,-0.999786134516259
5897,5,-1.006845569435892
5900,5,-1.0167190328559728
5903,5,-1.002032691850593
5912,5,-1.0039100069858242
5916,5,-1.004386134586954
5922,5,-1.0062456847133385
5924,5,-1.0095169122437104
5928,5,-1.0037975702294437
5933,5,-1.0067551836149495
5959,5,-1.0006603863376256
5964,5,-1.0175184323398012
5967,5,-1.0081635704505307
5974,5,-1.0044613089674934
5977,5,-1.004993871495865
5984,5,-0.9980072824331729
5986,5,-1.001573210428605
5990,5,-0.9988723911186072
5994,5,-1.0006544026866089
5995,5,-1.0192437457218841
5998,5,-1.0007503484757094
6013,5,-1.0836835626000278
6018,5,-1.001573210428605
6028,5,-1.0117042885044096
6032,5,-1.001527313839276
6033,5,-1.0035673820263409
6040,5,-1.0008915348681506
6043,5,-1.0033361235363416
6044,5,-1.0043320683876376
6049,5,-1.0018707537133547
6059,5,-1.0008033187378897
6062,5,-1.0075524624071814
6071,5,-1.004507639038654
6073,5,-1.0006080358747187
6077,5,-1.0000834068916484
6096,5,-1.0111854929214636
6101,5,-1.0051098469382043
6103,5,-1.0185171668027904
6105,5,-1.0053940654266176
6107,5,-1.0090375834253749
6109,5,-1.005359215503993
6139,5,-1.0125972821237552
6147,5,-1.0013400463497772
6154,5,-1.000076368097216
6155,5,-1.007925189540369
6163,5,-1.0050907108056972
6165,5,-1.0034376734172985
6169,5,-1.0038416333372253
6170,5,-0.9892197169997088
6174,5,-1.0124906700261749
6176,5,-1.0052993830250487
6182,5,-1.0081461803679703
6188,5,-1.0028336907898734
6198,5,-0.9996602041204073
6201,5,-1.0084766917193875
6208,5,-1.0005908851584704
6212,5,-1.0028393644009888
6220,5,-1.001515088231946
6221,5,-1.0063337855841472
6227,5,-1.0002291728333008
6232,5,-1.0007755387508468
6241,5,-1.0101460738109747
6243,5,-1.0053427879767436
6245,5,-1.0030607010376684
6259,5,-1.0101119441788113
6261,5,-1.0029389254450471
6270,5,-1.0091275613045065
6278,5,-1.0000961806239497
6290,5,-1.005768812803976
6291,5,-1.012703427644756
6292,5,-1.0048048146151305
6294,5,-1.0003222392077837
6295,5,-1.001640596142983
6297,5,-0.9962229385550943
6304,5,-1.0067396239642918
6307,5,-1.0015819101374983
6314,5,-1.0174530704528897
6326,5,-1.001670962577166
6327,5,-1.0148066248328764
6339,5,-1.0046352570952095
6347,5,-1.0115706249666858
6349,5,-1.00592444188677
6350,5,-1.0061465194564594
6351,5,-1.0064148466858471
6356,5,-1.0047273696828538
6365,5,-1.0005328711953363
6382,5,-1.0136145433559323
6389,5,-1.0019541777510539
6393,5,-1.0018362557143632
6394,5,-1.006022738973272
6401,5,-1.0136455271001072
6404,5,-0.9993251640847196
6405,5,-1.007444786502583
6411,5,-1.0083751218650285
6419,5,-1.0032320651128441
6431,5,-0.9997403874751625
6441,5,-0.9968047863010256
6443,5,-1.0016102130027567
6451,5,-1.0066624662217063
6460,5,-1.0001976681044837
6466,5,-1.0064702058617485
6468,5,-1.0080897134447626
6469,5,-1.0083423254766184
6476,5,-1.0017634900829946
6479,5,-1.0022714236913437
6483,5,-1.0031981913097296
6492,5,-1.011394609414202
6495,5,-1.0084906417111386
6501,5,-1.0070924135474875
6509,5,-1.0022452927873569
6510,5,-0.9991158224669776
6516,5,-1.0009511549313295
6522,5,-1.0225350997107805
6536,5,-0.9974034487348806
6539,5,-1.000732869009466
6541,5,-1.00034443066578
6542,5,-0.9997681078093965
6543,5,-1.0061214303804171
6552,5,-1.00191861990529
6553,5,-1.0037382944546147
6573,5,-1.0005643066459518
6575,5,-1.0018472064196002
6577,5,-1.0011134694805794
6578,5,-1.0000450781085561
6586,5,-1.0006013163150622
6596,5,-1.0011717758869199
6607,5,-1.0114451620644265
6614,5,-1.000212200549039
6615,5,-1.0053358191231647
6618,5,-1.004276478321816
6619,5,-0.9855729312299768
6620,5,-1.0017496165711082
6622,5,-1.0072690789321845
6630,5,-1.012550953535312
6632,5,-1.000205690504873
6633,5,-1.0120117240612956
6695,5,-1.009678200220424
6697,5,-1.0052757835455828
6699,5,-1.0037222609335372
6705,5,-1.0063782271203994
6706,5,-1.0013595450908959
6713,5,-1.0068003482328556
6715,5,-1.0014937273401183
6735,5,-1.0052891763760616
6736,5,-1.0025836968002664
6747,5,-1.0030047820427037
6760,5,-1.0164336264753604
6778,5,-1.0348499141392864
6787,5,-1.0182313046091482
6791,5,-1.0055917104010996
6794,5,-1.019157634428404
6796,5,-1.0017735665895233
6797,5,-1.0048196181940512
6800,5,-1.000139698875362
6803,5,-1.0017853809934238
6808,5,-0.9997726791353575
6809,5,-1.009643301200855
6814,5,-1.0015946204032113
6817,5,-1.013495554390253
6833,5,-1.0157189038979855
6834,5,-0.9997510618761217
6842,5,-1.0056991320141693
6848,5,-1.0047242615273433
6857,5,-1.011918855099384
6860,5,-1.0545061168747214
6863,5,-1.005482343860766
6864,5,-1.0018523246309337
6870,5,-1.0017532607385111
6871,5,-0.9878620368530313
6874,5,-1.001187817582732
6875,5,-1.0106236974657834
6880,5,-1.0039480887209338
6886,5,-1.0055790072070194
6889,5,-1.004092845255456
6895,5,-1.0006210968799052
6899,5,-1.0067673730032354
6900,5,-1.0228173954914794
6901,5,-1.007028038860072
6902,5,-1.0184520503998438
6905,5,-1.0036432296012445
6920,5,-1.009639157571998
6931,5,-1.0038147444725454
6932,5,-1.0036388494366628
6936,5,-1.0066916843817002
6939,5,-1.0089894901534135
6948,5,-1.0077604627685945
6949,5,-1.0005185158663366
6954,5,-0.9966950522457475
6957,5,-1.002521107492895
6960,5,-0.9965120842221042
6976,5,-1.0134011257649338
7004,5,-1.0030740743504396
7010,5,-1.0080648213926344
7011,5,-1.0240077226096564
7029,5,-1.0042233787483563
7033,5,-1.0020709365436673
7037,5,-1.0051228399243595
7040,5,-0.988113419141635
7042,5,-1.0204650139219391
7047,5,-1.0016231342187323
7048,5,-1.0015794101936568
7050,5,-1.001276001832977
7054,5,-1.0097078341684795
7057,5,-1.002530388502329
7058,5,-1.0005357230356595
7070,5,-0.9987409243224009
7075,5,-1.028853966272627
7077,5,-1.0075793281319487
7086,5,-1.001230591534485
7089,5,-1.000803252870475
7095,5,-1.0011111824382728
7097,5,-1.006149206397319
7102,5,-1.0029790096099873
7122,5,-1.0109617738714147
7127,5,-1.0198189249537803
7128,5,-1.014001978550146
7137,5,-1.0069938355817751
7141,5,-1.0221992750626554
7144,5,-0.9932625055947654
7145,5,-1.0051582195028805
7165,5,-1.011138980092789
7171,5,-1.0230346558313645
7176,5,-1.0044448285860281
7182,5,-1.0138719501695348
7201,5,-1.0030867749137604
7204,5,-1.0017837487580639
7206,5,-1.0247693433233442
7220,5,-1.002959769312837
7230,5,-1.010118192683807
7231,5,-1.0102686940638936
7240,5,-1.0015451155385813
7245,5,-1.0017197799734388
7248,5,-1.0036334301055279
7255,5,-1.0064402988116552
7259,5,-1.001121179902304
7261,5,-1.0046624852791048
7272,5,-1.0090509732475277
7286,5,-0.9968737240084108
7294,5,-1.0068005100659954
7295,5,-1.0044300632021024
7308,5,-1.0249018980941254
7321,5,-1.0061460943652596
7322,5,-1.0041717927452283
7323,5,-1.0082165342220564
7328,5,-0.9989448822773613
7334,5,-1.0062106676462856
7345,5,-1.0105523169665875
7349,5,-1.0066567957063772
7357,5,-1.009364060950297
7364,5,-1.0012134853767818
7367,5,-1.0015937709553224
7371,5,-1.0025539500502538
7383,5,-1.0025334579028142
7386,5,-1.0009212414398578
7388,5,-1.0118881038195262
7392,5,-1.011128616837548
7403,5,-1.0026245900301074
7405,5,-0.9987590354740563
7411,5,-1.000485234816075
7414,5,-1.006017552087595
7428,5,-1.0016444343528592
7436,5,-0.9999432876953398
7437,5,-1.017090841522416
7440,5,-1.0140855997794165
7441,5,-1.001148599782955
7446,5,-1.0013529101695213
7448,5,-0.999771328120639
7464,5,-0.9999878185496351
7471,5,-0.9999928274674692
7476,5,-1.0081957952866492
7477,5,-1.0109179828353057
7478,5,-1.0082921111861844
7482,5,-1.0017108682779738
7483,5,-1.0057036088227154
7485,5,-1.022229854978611
7492,5,-1.012145515687608
7496,5,-1.0014002985465074
7498,5,-1.009313094086263
7499,5,-0.9988688822569626
7506,5,-1.0318945919906983
7509,5,-0.9987703045765208
7536,5,-1.0019023882333484
7537,5,-1.0003311009135
7548,5,-1.0009781488174618
7552,5,-1.0073123871554979
7559,5,-1.004048674200001
7564,5,-1.0111579951054321
7567,5,-1.0090795868387064
7568,5,-1.0017116424496888
7573,5,-1.0055135751525683
7574,5,-1.04284307929025
7577,5,-1.030136238242153
7589,5,-1.0108119440782422
7594,5,-1.0031741770182645
7598,5,-1.0050966509886083
7608,5,-1.0096111105821155
7620,5,-1.010782307634292
7630,5,-1.0115550078035618
7634,5,-1.0196565750874613
7643,5,-1.0028887928280132
7647,5,-1.0162186981495505
7658,5,-1.0014661666220563
7667,5,-0.9998610975511273
7675,5,-0.9961207382692565
7677,5,-1.0044681770180903
7680,5,-1.0153722426852156
7685,5,-1.0026961214835275
7686,5,-1.0137749287196396
7689,5,-0.9973651617088943
7695,5,-1.0012092517506688
7696,5,-1.0022390926813491
7705,5,-1.014038679640115
7714,5,-1.0222960643468666
7718,5,-1.0084084660649206
7733,5,-0.9952958224019233
7743,5,-1.0025042062571112
7754,5,-1.0081371142648337
7758,5,-1.0237280206449086
7760,5,-1.0079645809100608
7761,5,-1.0047697976706425
7764,5,-0.9973888539059571
7768,5,-1.0191727600853737
7780,5,-1.0146550833623815
7782,5,-1.0249948009166214
7783,5,-1.0077255861746948
7791,5,-1.0026174479898364
7792,5,-1.0232250764400632
7793,5,-1.004878841310879
7808,5,-1.0215195601238665
7812,5,-1.0068007396526424
7822,5,-1.0091668589876712
7824,5,-1.0091411720192287
7829,5,-1.0121964454611896
7846,5,-1.0075787574443806
7847,5,-1.0049175007068833
7849,5,-1.0098076115940215
7850,5,-1.0047309365563992
7851,5,-0.997461955710879
7853,5,-1.0142807410147892
7868,5,-1.0018974102354818
7871,5,-1.0092756410366648
7874,5,-1.006539440175298
7880,5,-1.0297284799035764
7885,5,-1.0099946399684154
7889,5,-1.0163896718346168
7893,5,-1.0241209525270114
7898,5,-1.0033875588677963
7902,5,-1.0108301621177147
7911,5,-1.022950039629789
7913,5,-1.0232134753838533
7915,5,-1.0063521975818879
7919,5,-1.013506219104766
7927,5,-1.0022503840532258
7930,5,-1.0079575169071306
7933,5,-1.0213665486406818
7951,5,-1.0146036421385187
7969,5,-1.0104850603812359
7972,5,-1.0081660288543641
7973,5,-1.0023428739331575
7974,5,-1.0121600047981243
7985,5,-1.0054002040808037
7994,5,-1.0055102481221352
7995,5,-1.0130214022596458
7997,5,-1.0108054850943444
8006,5,-0.9983020928716965
8011,5,-0.9924075606042304
8013,5,-1.008874119594542
8018,5,-1.0188994623761203
8024,5,-1.0150019952104379
8037,5,-1.006333182934782
8038,5,-1.0113336096448902
8044,5,-1.0073723459969788
8059,5,-1.0119848704313232
8061,5,-1.002470052684719
8067,5,-1.007870516465195
8069,5,-1.006785013352057
8070,5,-1.0130828204703066
8073,5,-1.0144476939736524
8077,5,-1.0246004150568497
8087,5,-1.0101987043096192
8094,5,-1.0040565301753603
8123,5,-1.0013786035667656
8129,5,-1.0115259448879335
8143,5,-1.005725602051924
8144,5,-1.013987162321055
8149,5,-1.0099332025822958
8151,5,-1.003704045114032
8158,5,-1.0097603092236647
8171,5,-1.0150103848098784
8192,5,-1.004434465155153
8195,5,-1.0161533622434855
8203,5,-1.0091075132707223
8207,5,-1.0186941000764484
8246,5,-1.0197799689187486
8259,5,-1.0124481462310135
8272,5,-1.0137167464583665
8275,5,-1.022691890155541
8288,5,-1.0028122183419923
8290,5,-1.0226857589528349
8297,5,-1.015871820412983
8300,5,-1.005567843139877
8303,5,-1.0278575181227418
8305,5,-1.0069451909463738
8306,5,-0.998774163714852
8310,5,-1.0006391976230868
8311,5,-1.0053497194334693
8317,5,-1.0173310458655547
8318,5,-1.022017249183656
8322,5,-1.005400418983647
8331,5,-1.005901347511096
8333,5,-1.0034782284802097
8343,5,-0.9988789491938195
8345,5,-1.0084437762423157
8356,5,-1.0136853639792947
8361,5,-1.0040975926863562
8365,5,-1.0060923626012506
8379,5,-1.0061357880389121
8390,5,-1.003608472447348
8392,5,-1.0163012668896083
8395,5,-1.004835084056939
8403,5,-0.9953044993651374
8408,5,-1.0103131857396872
8414,5,-1.0061883125383024
8422,5,-1.0056876507401271
8428,5,-1.0179970714188182
8434,5,-1.0038483389196997
8445,5,-1.0209128661613196
8448,5,-1.0139000660698625
8456,5,-1.0035498313116848
8458,5,-0.9967956262202107
8459,5,-1.0191695902280966
8461,5,-1.01096576178795
8476,5,-1.0058187461502273
8479,5,-1.006112314926448
8481,5,-1.016794624319115
8495,5,-1.0023272172150444
8505,5,-1.0129456305949414
8515,5,-1.02573771248563
8523,5,-0.958564392493127
8556,5,-1.00455821758657
8559,5,-1.006491697406549
8579,5,-1.0032830181481849
8581,5,-1.002651223206747
8582,5,-1.0029278780814606
8594,5,-1.0085957420116562
8598,5,-1.0035622394889963
8604,5,-1.000506230549665
8607,5,-1.0025024794614614
8608,5,-1.0135739005137556
8612,5,-1.0106579743621826
8625,5,-1.0068419758752865
8635,5,-1.006955005276703
8638,5,-1.0057794956042976
8642,5,-0.9996055000450327
8649,5,-1.0046610847484168
8654,5,-1.0280133732063643
8655,5,-1.0028574455192198
8665,5,-1.0018724988408652
8673,5,-1.0064120869735522
8674,5,-0.9940781924402804
8694,5,-1.0072398843294306
8709,5,-1.0080318271069746
8713,5,-0.9944785891494781
8716,5,-1.0086072774897379
8729,5,-1.0100498380842264
8732,5,-1.0115496394266392
8748,5,-1.0099623422623978
8753,5,-1.003775229438706
8754,5,-1.003775229438706
8758,5,-1.0098505377907758
8763,5,-1.0089427946777558
8772,5,-1.005082630267383
8779,5,-1.0334249251028456
8781,5,-1.0241329436144921
8790,5,-1.0147938249691233
8811,5,-1.00366031679662
8827,5,-1.0012975152907486
8830,5,-1.0142838382601456
8840,5,-1.0041497112230946
8844,5,-1.01546641280613
8847,5,-1.008652557135422
8853,5,-1.0051368922619652
8859,5,-1.0086575278201395
8862,5,-1.00620599392504
8871,5,-1.013452643475149
8874,5,-1.0082558120118583
8877,5,-1.0095755986388588
8893,5,-1.0024756533517531
8897,5,-1.0149661886841863
8908,5,-0.9972133594735886
8914,5,-0.9948768933649941
8916,5,-1.0048973876706142
8917,5,-1.013356422246503
8924,5,-1.0017041895610945
8925,5,-1.0053548308046545
8929,5,-1.0044199291683604
8939,5,-1.0100395558703863
8944,5,-1.0269851018871394
8947,5,-1.011370723153955
8956,5,-1.00499073548373
8959,5,-1.0071861914119133
8974,5,-1.010209127465122
8985,5,-1.0333488762382548
8987,5,-1.0036598392133769
8997,5,-1.016232236466618
9000,5,-1.0008242441538657
9012,5,-1.0113945853903283
9020,5,-1.0084135229773863
9023,5,-1.0053005421000105
9024,5,-1.0094237731046263
9026,5,-0.9955135260448933
9030,5,-1.0026214676488574
9038,5,-1.015380063971362
9040,5,-1.0022096071584428
9041,5,-1.0090372020978264
9048,5,-1.0154130509176404
9056,5,-1.0052746881691066
9093,5,-1.0103397544145005
9101,5,-1.005046929613783
9103,5,-1.0184300183166093
9113,5,-1.0107663144000187
9115,5,-1.0167361713397183
9127,5,-1.0070375847512811
9133,5,-0.9996209693271536
9150,5,-1.0097209535259535
9151,5,-0.9967141687540556
9152,5,-1.00041136069788
9153,5,-0.9999646257449545
9162,5,-1.0062349249781082
9168,5,-1.0057771999023624
9173,5,-0.9992258148175991
9180,5,-1.0142667555789622
9185,5,-1.0056333105206785
9190,5,-1.0042053304853813
9192,5,-1.0069549594766702
9200,5,-1.0007526319972282
9203,5,-1.0001549176059665
9204,5,-1.0073430844054916
9215,5,-1.004145593086038
9218,5,-1.0043053878547772
9219,5,-1.0153562870104467
9237,5,-1.0015000402298648
9238,5,-1.0047076980657494
9243,5,-1.0087947872341967
9247,5,-1.0001493003316602
9268,5,-1.0029907413525858
9274,5,-1.0043206686769954
9287,5,-1.0042022002500834
9289,5,-1.0025701572542047
9296,5,-1.0033498988603085
9304,5,-0.9949375407130188
9312,5,-1.0024436050781043
9317,5,-1.0006567219778448
9329,5,-1.0038418092174697
9333,5,-1.0136172762092814
9339,5,-1.0051676892378736
9356,5,-1.0194279159183992
9360,5,-1.0014617009618292
9361,5,-0.9982511904142225
9369,5,-1.01026294840033
9370,5,-1.0082123880755864
9378,5,-1.000250695615995
9382,5,-1.0099167405136296
9401,5,-1.0064737906697268
9403,5,-0.9999324989183791
9407,5,-1.000177154593681
9409,5,-1.0070423043854146
9422,5,-1.0046758413108432
9425,5,-1.0015278495580924
9440,5,-0.9972413022562228
9447,5,-1.009968619028052
9455,5,-0.9992488556474626
9460,5,-0.999732588149741
9461,5,-0.98962634217043
9471,5,-1.0190464401724721
9477,5,-1.0066400052236415
9481,5,-1.0083340610304898
9499,5,-1.0062571965215252
9522,5,-1.0086514906751443
9535,5,-0.9715995908824449
9539,5,-0.997175802267793
9548,5,-1.011029256526275
9562,5,-1.0071023375283428
9581,5,-1.0056216806871625
9585,5,-1.0047850013657813
9611,5,-0.9965948186562066
9614,5,-1.0048891453872049
9615,5,-1.0075136906666446
9616,5,-1.0098142049441046
9619,5,-1.0049209494151752
9634,5,-1.0041752490025107
9650,5,-1.0109055147147363
9651,5,-1.0170479517108482
9663,5,-1.0110209825686702
9672,5,-1.008710982424811
9690,5,-1.0044041556509853
9693,5,-1.0062900549159415
9704,5,-1.0030270486487527
9705,5,-1.0010518789921234
9708,5,-1.001617858035677
9710,5,-0.9989023295600341
9718,5,-1.0087534588942384
9720,5,-1.0011270420062746
9735,5,-1.0030320021636125
9740,5,-1.0034487242953851
9743,5,-1.0046568003118685
9749,5,-1.0089590393245143
9752,5,-1.000277361512213
9755,5,-1.001401872118263
9769,5,-0.9883932486886005
9772,5,-1.0095155985832482
9773,5,-1.004534385218431
9774,5,-1.001886334886551
9775,5,-0.9992611530786832
9789,5,-0.9960912093320229
9796,5,-1.0010002278572707
9797,5,-0.9982136168968936
9802,5,-1.0015855990580096
9803,5,-0.9985187900996577
9807,5,-0.9475007841031405
9809,5,-1.0106164892996827
9816,5,-1.0071771307042805
9817,5,-1.0148001591744982
9826,5,-1.0078230360305738
9844,5,-1.0022793534040966
9863,5,-1.0011604085770804
9870,5,-0.9998784961286384
9872,5,-1.0139948835226749
9875,5,-1.002351108084436
9889,5,-1.000086004124152
9894,5,-1.0095039034567619
9897,5,-1.0010079529626945
9900,5,-1.0055146691867018
9902,5,-0.9970619709859707
9920,5,-0.9988067615111776
9925,5,-1.0029773336325438
9935,5,-0.9985853384440844
9939,5,-1.010587268263535
9944,5,-1.0001447538912924
9953,5,-1.0139220118383014
9958,5,-1.0080571785504686
9962,5,-0.9993316059110741
9969,5,-1.0040927265729878
9974,5,-1.0187023267233242
9976,5,-1.0061750041900257
9986,5,-1.024241139555069
9987,5,-1.0057997639295866
10001,5,-1.0036045233532587
10007,5,-1.0133156348760028
10011,5,-1.011895725375377
10013,5,-1.0135461415542615
10026,5,-1.0041824799438668
10032,5,-0.9938408506230278
10036,5,-1.0015701998960123
10055,5,-0.9955940162888458
10075,5,-1.0059400431154404
10079,5,-1.0057718176976616
10084,5,-1.0056293227280397
10085,5,-0.9960541430268413
10098,5,-1.0077228795612048
10109,5,-1.0010018853585425
10115,5,-1.0043896303283981
10129,5,-0.9988596241407368
10131,5,-1.0006001335341534
10136,5,-1.0058847570657583
10137,5,-1.0013129925173094
10138,5,-1.008415833641925
10142,5,-1.0021298868640514
10144,5,-1.0029022457625403
10146,5,-1.0048677311865224
10160,5,-0.9959881942659845
10165,5,-0.9999272881649347
10188,5,-1.0046400059090916
10189,5,-1.0076218454164838
10197,5,-1.0015069098596188
10200,5,-1.002996899033503
10201,5,-1.0000896081771522
10202,5,-1.0047497117531412
10210,5,-1.0033834643459605
10222,5,-1.0097243877183448
10223,5,-1.003453307719271
10229,5,-1.0019960894853783
10237,5,-0.9970212448077276
10240,5,-0.9992612183899727
10244,5,-1.002940397707154
10246,5,-1.001188874331751
10249,5,-1.0057004659629198
10260,5,-1.000100698784502
10269,5,-1.0119543287928998
10272,5,-1.0002085761821888
10274,5,-1.017999374986979
10275,5,-1.0036091155093572
10276,5,-1.0054837938132817
10281,5,-1.003115139116938
10285,5,-1.0071204714361965
10287,5,-1.0107465889487028
10303,5,-1.005193922357539
10305,5,-0.9990689963130854
10306,5,-1.011641678804822
10307,5,-1.0129388944555249
10320,5,-1.0030169628864714
10323,5,-1.0035270119205761
10324,5,-1.0009882674000739
10329,5,-1.0023587323327918
10330,5,-1.0028708609097616
10332,5,-1.0094847529390483
10333,5,-1.0127540027568627
10346,5,-1.005320176236569
10351,5,-1.0165342557343955
10366,5,-0.9989772829454697
10368,5,-1.0139303273597453
10377,5,-1.0189193845980644
10380,5,-1.019422261344996
10392,5,-1.0092329263514161
10395,5,-0.9987025126160669
10396,5,-0.9998120892548576
10404,5,-1.0062107060290977
10408,5,-1.0162548629749928
10412,5,-0.9930723993033724
10413,5,-0.9699255474177669
10418,5,-1.0037529949291997
10420,5,-1.0006376788775553
10438,5,-1.0075348018387886
10446,5,-1.0036657067918109
10458,5,-1.0024560060083587
10465,5,-1.004636115945999
10466,5,-0.9919718977047146
10478,5,-1.0219118347723235
10496,5,-0.9996133956812508
10503,5,-0.9978982138334278
10504,5,-0.9977422013878936
10506,5,-0.9968555678456663
10508,5,-1.011988569510873
10512,5,-1.0048379384256956
10524,5,-1.002623471470623
10545,5,-0.9937870877189388
10547,5,-1.0169932634472465
10550,5,-1.001453275010697
10552,5,-1.0000539069368888
10555,5,-0.9929874181690538
10557,5,-1.0013631616611889
10559,5,-1.0002956817456397
10560,5,-1.0050558630825552
10564,5,-1.001758531379588
10577,5,-1.0011857843932486
10580,5,-1.018695843345313
10582,5,-1.0048354087775135
10583,5,-1.0105021971933252
10596,5,-1.0005739944064231
10602,5,-1.0220256260630767
10603,5,-1.0155666298175305
10604,5,-1.006688220280306
10606,5,-1.0282816163528345
10611,5,-1.0140033293415156
10620,5,-0.9911802388024955
10623,5,-1.025034278527054
10630,5,-0.9909526503406721
10633,5,-1.0080123666940541
10634,5,-1.0003675628584663
10637,5,-1.0020781647559425
10648,5,-1.0049681266135115
10654,5,-1.0044839890534714
10664,5,-0.997344137904203
10665,5,-0.9977265269215598
10669,5,-0.9845649328232866
10674,5,-1.0209624995857882
10680,5,-1.0129896631753286
10682,5,-1.0021827401969596
10685,5,-1.0187666537141307
10690,5,-1.0045296508956145
10693,5,-1.019109442672422
10702,5,-1.0038449721916927
10707,5,-1.018315125299278
10709,5,-1.0123982973096126
10716,5,-1.000902412585523
10730,5,-1.0226277853085108
10743,5,-1.0069848035761813
10746,5,-1.0015314482905395
10748,5,-1.0092845170057323
10751,5,-1.0029476173518135
10754,5,-1.0058362404066927
10756,5,-1.0035176333554694
10761,5,-1.0095291966753916
10769,5,-1.0063395723297193
10777,5,-0.9925192364783182
10788,5,-1.0054852748068928
10791,5,-1.013422253885877
10794,5,-1.0141784643968497
10797,5,-1.0133372050087344
10798,5,-1.0090678130367707
10804,5,-1.0046972315462877
10808,5,-0.9934336151522771
10811,5,-0.9998967592645318
10819,5,-0.9990542811240073
10829,5,-1.0000418749636935
10836,5,-1.0023614154371996
10842,5,-0.9908116138104638
10845,5,-1.0072659570511069
10851,5,-0.9934454873568779
10852,5,-1.011356496864698
10853,5,-0.9997224853370523
10862,5,-0.9999794173619344
10867,5,-0.9966786729708526
10885,5,-1.0049030563622183
10888,5,-1.0000008943642005
10893,5,-0.9968220627796753
10895,5,-1.0052547733612747
10899,5,-0.9998858539101039
10911,5,-0.9958594449249898
10917,5,-1.0024383765209819
10928,5,-1.000466887839269
10932,5,-1.0121398806617494
10944,5,-1.0002215680761235
10952,5,-1.0188180776816067
10956,5,-1.0015137967958445
10970,5,-1.0029633830813298
10971,5,-0.996235373737741
10972,5,-1.0059891070059812
10980,5,-0.9913037616049821
10987,5,-0.9875744229593899
10989,5,-1.02356125274963
10997,5,-1.006252541048993
11000,5,-1.018180701930412
11006,5,-1.0159781935232615
11007,5,-1.0178615103780773
11012,5,-1.0158854204444707
11013,5,-1.0018903292553012
11038,5,-1.0070741720483993
11043,5,-1.0130976555366233
11049,5,-0.989768806219524
11064,5,-1.0141220584580788
11071,5,-1.016506505467385
11092,5,-1.0028134986482564
11096,5,-1.0025866462467934
11101,5,-1.004937057782715
11122,5,-1.009912412804451
11134,5,-1.002848092624502
11136,5,-1.0095175448042761
11139,5,-1.0073997746164944
11148,5,-0.9928758120976451
11152,5,-0.9985706391943703
11181,5,-1.0063045695270005
11186,5,-1.0133551172753479
11199,5,-1.002355739338891
11200,5,-1.0005184154117603
11202,5,-0.9998804602597431
11203,5,-0.9970863837963189
11206,5,-1.018200960351649
11207,5,-1.0068554760103792
11209,5,-1.0088632435810851
11228,5,-1.003922109907886
11250,5,-1.0075185669364104
11257,5,-1.007313464825206
11262,5,-1.0125012902362784
11273,5,-1.0055701062970357
11277,5,-0.9990949712573198
11280,5,-1.0016617369101746
11282,5,-1.0017677461960757
11292,5,-0.999821747341453
11296,5,-1.0063147476508476
11297,5,-1.0048338403064017
11300,5,-1.0062823654175872
11301,5,-1.0208881013365931
11315,5,-1.003099400379223
11322,5,-1.0052392163433719
11339,5,-0.9986849178339603
11352,5,-1.0088843589056522
11363,5,-1.0048564488604637
11364,5,-0.9967289998788673
11378,5,-1.0138622283500764
11380,5,-1.0148352740861553
11388,5,-1.0168053681910214
11403,5,-1.0061596154099104
11406,5,-1.0396704974929625
11409,5,-1.0030514318067931
11414,5,-0.9991724494098989
11419,5,-1.0069953411730987
11420,5,-1.0015665156756859
11425,5,-1.002868971163237
11427,5,-1.0003576067697437
11431,5,-1.0053808982254915
11433,5,-1.0127875798732022
11438,5,-1.0087012175269578
11449,5,-1.0011019033125999
11456,5,-1.016889440937232
11464,5,-0.9999017856683533
11465,5,-1.0113029165624208
11471,5,-1.0009882537753227
11477,5,-1.0179095631316477
11478,5,-1.0079815034359836
11479,5,-1.0249611260920752
11481,5,-1.0053808982254915
11490,5,-1.0004874160405561
11492,5,-1.0002949887460697
11496,5,-0.9975430370188099
11507,5,-1.0057665269307499
11523,5,-1.0188309177465529
11545,5,-1.0026106634908944
11566,5,-1.020076122790052
11569,5,-1.003031903935744
11585,5,-1.0068716326809004
11589,5,-1.0360361728823908
11599,5,-1.005934920636794
11610,5,-1.004658453203538
11618,5,-1.0007744849354765
11620,5,-1.01041070671155
11622,5,-1.040994137710504
11626,5,-1.0105157048169522
11631,5,-1.0183774907054002
11647,5,-1.0222874452667337
11657,5,-1.003442164987425
11664,5,-1.0009377219036657
11666,5,-0.9984045840227377
11680,5,-1.003682494095385
11684,5,-1.0057214958783212
11695,5,-1.0295216127364641
11696,5,-1.0146257214393652
11699,5,-1.0063380520495175
11700,5,-1.0010678916410267
11705,5,-1.00607840948052
11706,5,-1.0122026671568332
11711,5,-1.0022829023585804
11727,5,-1.0051622381368635
11733,5,-1.0000609397678146
11734,5,-1.0056671776149524
11740,5,-1.0274799425875332
11744,5,-0.9819833820077712
11777,5,-1.003506736748151
11778,5,-1.0016073922492268
11781,5,-1.0250576983633461
11787,5,-1.0120206253672184
11791,5,-1.0002498637917738
11807,5,-1.006416114734186
11813,5,-1.0008410434772073
11815,5,-1.0375838343578978
11820,5,-1.011592631879933
11829,5,-1.0004039689903874
11831,5,-1.0184647382199423
11838,5,-1.00818281675531
11846,5,-1.0017794383975456
11861,5,-1.0007351100859463
11864,5,-1.0053237756827247
11873,5,-0.9964220364763028
11874,5,-1.0008079984515872
11891,5,-1.0046532877325842
11895,5,-1.002907778898467
11896,5,-1.0205797109624015
11908,5,-1.0011056157163325
11918,5,-1.0188449954652834
11924,5,-1.0018825108368632
11928,5,-1.0056001745571552
11929,5,-1.0116858167410716
11935,5,-1.0065327245241547
11937,5,-1.0062365820518344
11955,5,-1.0151359907184365
11957,5,-1.006798718231683
11961,5,-1.0203043323245955
11962,5,-1.0076535981289045
11966,5,-0.9888683876643427
11967,5,-1.0035210660145912
11968,5,-1.0007378068190995
11974,5,-1.0012593332921016
11985,5,-0.9976317717488563
11997,5,-1.0043016439987258
12003,5,-1.0031616333954665
12012,5,-1.016748363873129
12015,5,-1.0001360338631393
12018,5,-1.000274548918842
12020,5,-0.999761545149868
12036,5,-1.0009487703592364
12040,5,-1.0055987941380335
12044,5,-1.0016593952463526
12060,5,-1.0200527280004739
12062,5,-1.0018921782638883
12070,5,-1.0136960590940114
12076,5,-1.022926064548147
12079,5,-1.0051346775115237
12087,5,-1.0115044646929725
12093,5,-1.0038545456692882
12094,5,-0.9976220518696488
12102,5,-1.0018289587181652
12113,5,-1.00215589327335
12144,5,-1.0126699806360877
12149,5,-1.0243123308772122
12151,5,-0.9989772094602873
12158,5,-1.0071560991901023
12160,5,-1.0081578031778118
12161,5,-1.0081578031778118
12171,5,-1.0349582774764043
12174,5,-1.0175873746696449
12176,5,-1.0110226981426438
12182,5,-1.0132484590711808
12189,5,-1.004461133987895
12191,5,-1.0172596707046255
12197,5,-1.0049951492804143
12198,5,-1.0084398764089144
12200,5,-1.015286128811383
12206,5,-1.0063338696704403
12208,5,-1.038761366684232
12211,5,-1.009630222963886
12215,5,-1.0059132722510415
12220,5,-1.0082221617685698
12223,5,-1.024417501003842
12229,5,-1.0162097176367841
12234,5,-1.0338209541634424
12247,5,-1.017153731038054
12254,5,-1.0035943783713632
12262,5,-1.0260587149993794
12263,5,-1.0196075239940237
12284,5,-1.0153592399995521
12292,5,-1.0087990824439288
12311,5,-1.0089642100434384
12319,5,-1.0120616106484361
12322,5,-1.0069838531343174
12331,5,-0.9921338583322619
12333,5,-1.0010763025909293
12334,5,-1.017161367786857
12339,5,-1.0139332565682209
12342,5,-1.0094904137789182
12344,5,-1.0063724024427563
12345,5,-1.0138172783057502
12352,5,-1.0149166146699058
12355,5,-1.0030608095574298
12360,5,-0.993977755578525
12367,5,-1.0126116189194345
12376,5,-1.0005676655014701
12380,5,-1.0007296569701403
12390,5,-0.9999659939295191
12396,5,-1.0053150945107319
12402,5,-1.0154003080643434
12403,5,-0.9959720322628205
12429,5,-1.0062189542531474
12440,5,-1.0037963677696078
12447,5,-0.9988062671206308
12454,5,-1.0227819394088258
12458,5,-0.9964292179167716
12469,5,-1.003772878410387
12476,5,-1.01579835078845
12482,5,-1.0081224435085288
12488,5,-1.0009693213686346
12491,5,-1.0075659287125187
12493,5,-1.0008545760962844
12498,5,-1.0127354001097313
12504,5,-0.999755433952544
12511,5,-1.0020344466497155
12518,5,-1.0048618731924697
12523,5,-1.0007068651177327
12527,5,-1.0059966020838345
12528,5,-0.9986375636512226
12529,5,-1.0019876119856983
12531,5,-1.0009105275219197
12539,5,-1.0027558144097917
12565,5,-0.9987049373643289
12569,5,-1.0005440025233339
12570,5,-1.0005709131530023
12577,5,-1.0124445165625457
12583,5,-0.9997869991325028
12585,5,-1.0100606912555465
12586,5,-1.0108834764808319
12603,5,-1.011889855735644
12615,5,-1.0006906561442204
12620,5,-1.0009930957584272
12631,5,-1.0003500742226197
12633,5,-1.0052900241407636
12640,5,-1.0376224392304563
12643,5,-1.0021631130297446
12648,5,-1.0309989208340515
12656,5,-1.002918976901284
12676,5,-1.0001485496542375
12687,5,-1.0103154208890421
12708,5,-1.0068570460249255
12710,5,-1.0005710730998987
12713,5,-0.9990283046484485
12714,5,-0.9988224932010787
12717,5,-1.002359106635966
12722,5,-0.9998950148834425
12725,5,-1.0039846764519234
12726,5,-0.9969426855663639
12727,5,-1.00803419360566
12733,5,-1.0075261831696563
12735,5,-1.0010531467584198
12737,5,-1.0015277799487283
12740,5,-1.0154783514464392
12747,5,-1.0012219814493355
12749,5,-1.0038967797802505
12753,5,-1.0033640725003112
12761,5,-1.0010589395647376
12769,5,-0.99998045284592
12783,5,-1.0069579611558854
12785,5,-1.0009628768835879
12794,5,-1.0005086072687157
12795,5,-1.0008400666762078
12796,5,-1.006762950932732
12800,5,-1.0061435458270318
12809,5,-0.9996343735927548
12817,5,-1.0077144331324317
12818,5,-1.0000604623610867
12819,5,-1.0283064531030361
12829,5,-1.0076493862803395
12837,5,-1.0143979449941183
12842,5,-1.0116340670875386
12850,5,-1.0007450400955757
12857,5,-0.999643342571732
12858,5,-1.000122198974175
12879,5,-1.001032157877816
12883,5,-1.0132879761808913
12885,5,-1.00107729633872
12890,5,-0.9998459697838852
12897,5,-0.9998574244352592
12911,5,-1.001421759433009
12920,5,-1.005509931835915
12923,5,-1.0037631039221737
12924,5,-1.0037631039221737
12930,5,-0.9969270209337777
12934,5,-0.9957698206512571
12937,5,-0.9783457282499439
12938,5,-1.0012990386639427
12941,5,-1.005407634390986
12943,5,-0.9998949582628753
12951,5,-1.005374152454545
12952,5,-1.0234426194446888
12954,5,-1.0057994157484806
12960,5,-1.0051313267541262
12969,5,-1.00024839781465
12971,5,-1.0048052155243283
12974,5,-1.00442350337251
12984,5,-1.0017231651085488
12986,5,-1.0035856794339064
12998,5,-1.0029943441744162
13002,5,-1.008158354744733
13005,5,-0.9998574244352592
13007,5,-1.005671033006276
13011,5,-0.9960526127613567
13024,5,-0.9889592290450873
13027,5,-0.9997978605508542
13030,5,-1.0006817881086416
13050,5,-1.004200685859098
13054,5,-0.9999967452600375
13061,5,-0.9993462951330976
13064,5,-1.001464064970588
13068,5,-1.002712227399801
13069,5,-0.9924198273479947
13081,5,-1.0074764770617244
13089,5,-0.9983501322986097
13097,5,-1.0036825025324894
13104,5,-1.0032509773261382
13111,5,-1.0063887689178783
13129,5,-1.003954677354943
13131,5,-1.004137019740918
13134,5,-1.002491886354424
13139,5,-1.0134048342202113
13153,5,-1.004357187540468
13171,5,-1.0077330443199721
13182,5,-1.0046324947081322
13209,5,-1.0153192860915687
13214,5,-1.0035019066226902
13215,5,-1.0015012799269993
13216,5,-1.000031468544102
13223,5,-0.9975262942589009
13234,5,-1.0094824548726615
13242,5,-0.9949100136541329
13245,5,-1.0005871056950437
13250,5,-0.9988122508349387
13251,5,-0.9998624094423498
13253,5,-1.0176301228276527
13271,5,-1.0068945006101684
13272,5,-1.001205724875427
13286,5,-0.9987809325236885
13309,5,-1.0001372105353463
13319,5,-1.0001351565029715
13339,5,-1.0066038048734718
13344,5,-1.0055809612828823
13348,5,-1.0100637084875748
13350,5,-1.0084857321765932
13359,5,-1.0137968515973699
13365,5,-1.00248973539356
13373,5,-1.0161537022068707
13375,5,-1.0042842068428885
13378,5,-1.001563614461505
13381,5,-1.0018227131542359
13386,5,-0.9999893895657439
13409,5,-1.0050072799394778
13425,5,-0.9858838917619223
13426,5,-1.009560518025955
13432,5,-1.0350456387802285
13442,5,-1.00484547066702
13444,5,-1.023466018398426
13449,5,-1.0095260725106325
13454,5,-1.02778244218518
13459,5,-1.0062804087020656
13471,5,-1.003049027032345
13489,5,-1.00090744408326
13501,5,-1.0001639255466452
13503,5,-1.0032636092571563
13505,5,-1.0019950460249252
13523,5,-1.0001745407677176
13525,5,-1.0016111970556556
13537,5,-1.0023012068203345
13559,5,-1.0015576122438465
13568,5,-1.0053440596169763
13571,5,-1.0009847673702872
13585,5,-1.0011435281293068
13586,5,-1.0012583806484043
13591,5,-1.0100854882920538
13592,5,-1.0028631541396598
13594,5,-1.027972252499737
13611,5,-1.010645789672424
13619,5,-1.0075985147999977
13621,5,-1.0000473352019812
13627,5,-1.0076715322843115
13632,5,-1.003082922741036
13634,5,-1.0092130352784796
13635,5,-1.0107807778704092
13643,5,-1.011273859200753
13662,5,-1.0036111524556501
13671,5,-1.0052203384756346
13673,5,-1.0024600927399692
13682,5,-1.0015903266079085
13687,5,-0.9983684667994026
13690,5,-1.0199302549586702
13691,5,-0.9959248253900963
13693,5,-1.006441099787684
13698,5,-1.0150478427585736
13709,5,-1.015950614088189
13719,5,-0.9999028829585304
13721,5,-1.0029375530834108
13744,5,-1.0001383899452496
13745,5,-1.0061382339589509
13751,5,-1.0004752491495157
13755,5,-1.0019722243859839
13756,5,-1.000230321293711
13757,5,-1.0031590767177305
13771,5,-1.027573910213547
13772,5,-1.0003418626325815
13783,5,-1.0023874750579145
13787,5,-1.0005603822637466
13815,5,-1.0139886574868484
13823,5,-1.0024230815255457
13827,5,-0.9901298614372662
13838,5,-1.0034027369961294
13840,5,-0.9982684604612637
13846,5,-1.0000168752907634
13848,5,-0.9998396374530198
13860,5,-1.004321885874412
13868,5,-1.012823645702277
13870,5,-1.005922589585888
13879,5,-1.0005389563319087
13883,5,-1.0026255690758352
13885,5,-1.0006108864212755
13892,5,-1.0048813696916774
13893,5,-1.0071976885169964
13898,5,-1.0020781060278428
13899,5,-1.0016101479752881
13909,5,-1.0029973071813352
13919,5,-1.002026840662271
13924,5,-1.0004800568673942
13927,5,-1.0032266587405119
13928,5,-1.0034634932212008
13931,5,-1.0046502386388316
13934,5,-0.9999933461912446
13936,5,-0.9969836980335595
13937,5,-0.9999456459668339
13967,5,-1.0008214908525146
13969,5,-1.0036243832312035
13975,5,-0.9961157321347935
13976,5,-0.9955308146557803
13981,5,-1.0058475902766815
13983,5,-1.0016101479752881
13985,5,-1.0013793582328734
13989,5,-0.9999122185055671
13990,5,-0.9919433429824873
13991,5,-1.0044200733200235
13996,5,-1.0001717211964862
14010,5,-1.0029734508086987
14011,5,-1.0041598199720583
14015,5,-1.0015648942029571
14022,5,-1.0038529206974403
14032,5,-1.0038529206974403
14038,5,-0.9904620201525285
14047,5,-1.0027462327771308
14051,5,-1.00333821112875
14052,5,-1.0007119080417668
14060,5,-1.0049601511870336
14066,5,-1.000417061708899
14067,5,-1.0019756439063296
14071,5,-1.0019534362536295
14075,5,-1.0050267083868623
14076,5,-1.0000221394405342
14081,5,-1.011046963224194
14090,5,-0.9983754502160647
14098,5,-1.0038038196676606
14104,5,-0.9980205709532097
14122,5,-1.0034798479410965
14129,5,-1.0042163819161567
14133,5,-0.9988002927107805
14135,5,-1.0063188888031644
14137,5,-0.9999834232820165
14147,5,-0.980103986303746
14156,5,-0.9999037632053647
14162,5,-0.999653304083773
14164,5,-1.0195652558658574
14165,5,-1.0263045328111247
14167,5,-0.9979059826136418
14169,5,-1.0006348383826724
14176,5,-1.0048204297960104
14203,5,-1.0004848861123876
14204,5,-1.0105460366731291
14210,5,-1.001565942577428
14217,5,-1.0107267203669739
14218,5,-1.0050792870997154
14224,5,-1.0117847159898814
14231,5,-1.0039768020227722
14252,5,-1.0085475311782537
14271,5,-1.0086363703015055
14282,5,-1.0042092321571636
14291,5,-0.9998266784386896
14296,5,-0.9995298901058625
14310,5,-1.00361672347671
14316,5,-0.9967507326040363
14318,5,-0.999853141547425
14324,5,-1.0041808304649578
14327,5,-1.006984211083365
14330,5,-1.028443696460492
14336,5,-1.0086143605698106
14344,5,-1.0045145278874148
14346,5,-1.00424300958081
14358,5,-1.0027650057223554
14365,5,-1.0014658040226112
14369,5,-1.0142212958768515
14373,5,-0.9987739592134439
14380,5,-1.012214135241705
14391,5,-1.0182651820033932
14401,5,-1.0024519912061831
14406,5,-1.0024544370847122
14442,5,-1.0024822165175389
14446,5,-1.0028535317108225
14450,5,-1.0091502503691858
14452,5,-0.9991441236127245
14456,5,-1.0064843515458546
14459,5,-0.9989499351451082
14460,5,-1.0053715152143772
14463,5,-0.9999401692217944
14470,5,-1.0017634529313715
14482,5,-1.0025844094758662
14497,5,-1.0028111930849741
14498,5,-1.0033084143104982
14503,5,-1.0163653607977445
14518,5,-1.0024842323148704
14525,5,-1.0010669412251505
14534,5,-1.0316112683654048
14541,5,-0.9985130502261844
14546,5,-1.0200222978755482
14547,5,-1.006496207429
14549,5,-0.9999829728422872
14558,5,-0.9951663695672371
14559,5,-1.0013710877858755
14562,5,-1.003628216223265
14569,5,-1.0069610155579034
14571,5,-1.0022024458813237
14580,5,-1.0059461613380647
14581,5,-1.0066258819773735
14587,5,-1.006636937013707
14589,5,-1.009247953871356
14595,5,-1.0112144082804102
14598,5,-0.995600955220505
14602,5,-1.0091500496949974
14603,5,-1.0045132754295631
14607,5,-1.0285713801279308
14629,5,-1.006353637393415
14630,5,-1.010270835216279
14638,5,-1.0014115618864088
14643,5,-1.001743696455176
14649,5,-1.0027840350069908
14650,5,-1.0034228001103869
14653,5,-1.0105315614889236
14660,5,-0.9994504306298099
14666,5,-1.0075867087865311
14668,5,-0.9975447648275211
14671,5,-0.9991735527756147
14672,5,-0.9999341274404366
14682,5,-1.0064223659100162
14684,5,-1.000044020754741
14687,5,-0.9683339630535281
14688,5,-1.0180660407314945
14692,5,-1.0289040205813031
14694,5,-1.000235639263903
14702,5,-1.0007805768282059
14707,5,-1.010268032059964
14710,5,-0.9992722632107867
14715,5,-1.0042160541453815
14717,5,-0.9997646219056289
14718,5,-1.0071054582514287
14731,5,-1.0065533687743247
14746,5,-1.0192099286069776
14757,5,-1.0017563227957142
14760,5,-1.0078881269558064
14769,5,-1.0021709873182112
14775,5,-0.9972226810385842
14777,5,-1.0059453054231362
14784,5,-1.0053264152880463
14785,5,-1.0068733754408368
14787,5,-1.0114058525298855
14791,5,-1.0067389980375565
14793,5,-1.0148283251172887
14803,5,-1.0055691696307978
14816,5,-1.0057320305876358
14818,5,-1.0110038041124823
14823,5,-1.0090475787839766
14826,5,-1.0001203587578216
14830,5,-1.0023984061883262
14835,5,-1.0090475787839766
14847,5,-1.0045546276493889
14848,5,-0.9998556308501243
14866,5,-1.010776459318705
14882,5,-1.0058516395803938
14885,5,-1.0042248562813216
14896,5,-1.0012090563847245
14898,5,-1.0082499383747718
14903,5,-0.9982602242128917
14917,5,-1.0036580662848205
14924,5,-1.0017833763782467
14928,5,-1.0105060018249095
14936,5,-1.0053588393130892
14944,5,-0.9988109591817876
14955,5,-1.0087419147144474
14959,5,-1.0039698465439904
14964,5,-1.0026834987494038
14974,5,-1.0002479781929505
14976,5,-0.9963852986620289
14983,5,-1.006645668429831
14991,5,-1.0014633994141084
14999,5,-1.0000613818954145
15002,5,-0.9986736729588046
15006,5,-0.9993774082646136
15028,5,-1.002458294051328
15034,5,-1.0016317166141955
15037,5,-1.008585727316369
15045,5,-1.005766984086693
15049,5,-1.0034331413437094
15055,5,-1.0034390839864136
15063,5,-1.0079701091200755
15070,5,-0.9948015480315043
15083,5,-1.0152963909610788
15093,5,-1.0012281283732762
15106,5,-1.012115558357038
15114,5,-1.0024583147857156
15126,5,-1.0022733909168238
15129,5,-1.0027750796487984
15131,5,-0.9933968643841715
15137,5,-1.0167809009548092
15148,5,-1.003343837048223
15151,5,-1.0167809009548092
15158,5,-1.004339386290353
15159,5,-0.9998247678863399
15168,5,-1.0100758318327958
15182,5,-0.9969186649188045
15197,5,-1.0177883682283428
15198,5,-1.007280192037399
15202,5,-0.9970627276933853
15206,5,-0.9974225017930891
15224,5,-0.994440234614026
15229,5,-1.0025758467019654
15230,5,-1.0015369642891851
15232,5,-1.0084995704747781
15234,5,-0.9988158531077229
15239,5,-1.010596754631516
15242,5,-1.0084995704747781
15245,5,-1.0028034430874184
15253,5,-1.0039290199357898
15259,5,-0.9789860344739132
15267,5,-1.0065337304644375
15269,5,-0.9998103137229182
15275,5,-1.005379892240704
15280,5,-1.000648240155201
15281,5,-1.003579903357655
15284,5,-0.9998583651983357
15297,5,-1.0035689577892786
15299,5,-1.0000086839025872
15306,5,-1.0005297014690366
15307,5,-1.0027348179733326
15309,5,-1.0242499872334443
15311,5,-1.0007445031749969
15314,5,-0.9952434199324617
15316,5,-1.0078127442344875
15322,5,-0.994163155461378
15331,5,-1.010075072742874
15339,5,-1.0068217007009919
15346,5,-1.0001624417134507
15356,5,-1.0029212205680462
15357,5,-1.0047048133923366
15367,5,-1.0077030542446597
15371,5,-1.0024929919547136
15383,5,-0.9993378679815623
15391,5,-1.0013825543018973
15398,5,-1.0020047368288205
15399,5,-1.007690319478359
15402,5,-1.0155464289773708
15405,5,-0.997015471328202
15415,5,-1.0072559644011099
15419,5,-0.9990282221201483
15426,5,-1.0016193597674108
15429,5,-1.0046651600817182
15430,5,-1.0042374480921075
15434,5,-1.000213385864192
15442,5,-1.0046350518451426
15445,5,-1.0061572277843556
15455,5,-0.9939375887431405
15457,5,-1.0022246820567355
15462,5,-1.0176472014684896
15473,5,-0.9924044523980433
15486,5,-1.006060296940964
15488,5,-1.0007769196158258
15497,5,-1.002040169111811
15502,5,-1.0003429506107109
15505,5,-0.9962401087507333
15515,5,-0.9988462835200835
15520,5,-1.000273735288232
15522,5,-1.0042080837611087
15524,5,-1.0052426946378823
15539,5,-0.9999848748790566
15541,5,-1.0074374637464232
15544,5,-1.0013673541101253
15554,5,-1.0042280201356033
15560,5,-1.0007435387249715
15562,5,-1.0093719876353513
15579,5,-1.0194971600387932
15589,5,-1.007475869664551
15590,5,-1.0036263416194375
15592,5,-1.00243024352018
15594,5,-1.0028924958780814
15597,5,-1.0016245273185318
15599,5,-1.0020348820982046
15601,5,-1.005015253401272
15602,5,-1.0034245813939773
15603,5,-1.0112956579615344
15610,5,-1.005431388706508
15616,5,-1.0074939829581413
15635,5,-0.9993189993075798
15636,5,-1.0113018645575358
15639,5,-1.00945933040129
15640,5,-1.0026901033993258
15643,5,-1.0169075410212502
15650,5,-0.999276852270133
15652,5,-1.0007596324435322
15657,5,-0.9946911001044879
15658,5,-1.0122890691264725
15665,5,-1.0010507626060514
15667,5,-0.9980517100761082
15668,5,-1.0009246575443795
15669,5,-1.0125454044934215
15671,5,-1.0025365371747073
15675,5,-1.003475118562761
15678,5,-1.0107063688830025
15679,5,-1.0083293264527784
15680,5,-0.9967294621098128
15681,5,-0.9971227248288508
15694,5,-1.0031869946559089
15709,5,-1.0001433673550095
15718,5,-1.0025740679413044
15721,5,-0.9997715481110133
15722,5,-1.0101948955510789
15743,5,-1.0029348957612791
15753,5,-1.0058251059108614
15759,5,-1.0006468207251928
15769,5,-1.0192408792863297
15774,5,-0.9997936116477861
15800,5,-1.01006402436025
15803,5,-1.001841515658728
15814,5,-1.0117058213590258
15837,5,-0.9994000897023918
15839,5,-1.003214262939752
15842,5,-0.9931933934257668
15866,5,-1.0000577356118319
15890,5,-1.0125892398679666
15900,5,-1.000201821175099
15904,5,-1.010186092350323
15906,5,-1.0075653641031288
15919,5,-0.9999077937166042
15931,5,-1.015528002967988
15935,5,-1.0020540148945611
15938,5,-1.0076781928227967
15943,5,-1.0006310368656608
15946,5,-1.0011870002589325
15950,5,-1.0026456247213293
15953,5,-1.0058069173647222
15957,5,-0.9942644265443557
15967,5,-1.0064473290673495
15970,5,-1.0554909594312583
15988,5,-1.0222085015325568
15990,5,-1.0236661747571298
15992,5,-1.0034926452936714
15999,5,-1.0065129514582187
16006,5,-1.00177450931792
16007,5,-1.0029449481557027
16014,5,-1.0025249888993217
16033,5,-1.002652941773812
16051,5,-1.013099255631997
16052,5,-1.0007519968575596
16053,5,-1.0015897241653917
16056,5,-0.9981587638194214
16071,5,-1.0110518633022814
16072,5,-0.9979859451452531
16077,5,-1.0110518633022814
16079,5,-0.9979859451452531
16082,5,-0.9979859451452531
16086,5,-0.999983332917094
16100,5,-1.008858969744439
16111,5,-1.0074347172742573
16117,5,-1.0023557947969262
16121,5,-1.0013688422554554
16127,5,-1.0168675622713679
16132,5,-1.0015360172297336
16140,5,-1.0082068645728488
16148,5,-0.9999734016541896
16151,5,-0.998956988870404
16156,5,-1.0071358222822122
16160,5,-1.0079221057416945
16165,5,-0.9958501283210683
16182,5,-1.022756816801774
16183,5,-1.0040029504387804
16202,5,-1.0032255053003627
16213,5,-1.0001191316413967
16215,5,-1.0093969600978951
16217,5,-1.0095307564753746
16227,5,-0.9909301973571679
16228,5,-1.0059401608596688
16232,5,-1.0025972814464241
16241,5,-1.0010749575651006
16245,5,-1.0187248267360212
16247,5,-1.0033317622554518
16253,5,-0.9929885680254024
16254,5,-1.001686679900621
16262,5,-1.02297454795188
16268,5,-1.0006822898262977
16280,5,-1.0043247578396728
16283,5,-1.0103539855604622
16291,5,-1.0019447151654184
16297,5,-1.0054851036389856
16303,5,-1.0036875902713467
16310,5,-1.0030564671801012
16314,5,-1.0016797673860816
16317,5,-0.9998787001293429
16318,5,-1.0012416485863873
16321,5,-1.0077219338283425
16341,5,-1.0020762567402057
16352,5,-0.9917882289171935
16361,5,-1.0003022744475845
16370,5,-1.0138983713396093
16373,5,-1.0138006341856638
16375,5,-1.0020543915733424
16384,5,-1.0017810812767125
16388,5,-1.0000525995795275
16389,5,-1.0049546806405907
16390,5,-0.9978150716831077
16391,5,-1.005562291906623
16409,5,-1.0057798740343478
16418,5,-1.0015763822919774
16426,5,-0.9913715605547564
16430,5,-0.9928132977148789
16433,5,-1.0019305800961618
16452,5,-1.0022912808866467
16453,5,-1.001259066956321
16455,5,-1.0055291228248884
16456,5,-1.0009456341880936
16459,5,-1.0057969014137043
16461,5,-1.0017227256814822
16471,5,-1.0001417323212953
16478,5,-1.0017502945825112
16483,5,-1.0082963145965178
16486,5,-1.0021262532653794
16495,5,-0.9919550820704985
16500,5,-0.9998843559603636
16503,5,-1.0115488714709733
16507,5,-1.0050744128272453
16509,5,-1.0095776716302398
16510,5,-0.9963250339229245
16512,5,-1.0032993366899972
16516,5,-0.9991834770916435
16517,5,-1.0060679724753006
16526,5,-0.9965589532930079
16527,5,-1.0009886719682002
16535,5,-1.0073691977554233
16542,5,-1.0004729656763318
16546,5,-1.0040969909227013
16552,5,-1.0079467476785222
16584,5,-0.9999376522254854
16587,5,-1.0091954775725611
16591,5,-0.9993102704059768
16597,5,-1.0018046266405167
16603,5,-0.999272954128807
16609,5,-0.9950332954922891
16621,5,-1.008470708599522
16623,5,-1.0135727650163224
16633,5,-1.0196170059888932
16641,5,-1.0013602888318076
16643,5,-1.0137367877641226
16654,5,-1.0007757473147678
16665,5,-0.9995506246851593
16674,5,-1.002746233297318
16691,5,-1.0063494433700422
16698,5,-1.007210544594163
16709,5,-1.0085849683481989
16713,5,-1.0040589644941877
16716,5,-1.0041595571374473
16725,5,-1.000324731354567
16731,5,-1.0020696836671035
16737,5,-1.0281766467007474
16743,5,-1.0083402024200452
16747,5,-1.0169491169224145
16750,5,-1.001185500857316
16752,5,-0.9896429089798789
16758,5,-1.0042254141513336
16765,5,-1.0004186457421342
16779,5,-1.0021554252272102
16786,5,-1.0030387773983387
16791,5,-1.0151625924519656
16793,5,-1.0047944062460772
16794,5,-1.0027434957450088
16795,5,-1.0085965111933617
16801,5,-0.9990537339037225
16804,5,-1.0058474656818168
16808,5,-1.0018374093892224
16810,5,-1.0051991303848284
16826,5,-1.0016579871602405
16830,5,-1.0018374093892224
16832,5,-1.0045501255787856
16835,5,-1.0121686257445865
16842,5,-1.0018016369604326
16845,5,-1.0168134981081525
16851,5,-0.9997703884975844
16864,5,-1.0018989109656116
16869,5,-1.0012386775512558
16882,5,-1.0118484861074073
16891,5,-1.0171592012229365
16898,5,-1.001973270529536
16900,5,-1.0010214821082182
16910,5,-1.0011927889489458
16923,5,-0.9962233292703373
16939,5,-1.018613342716438
16949,5,-1.019119811025306
16950,5,-1.0069239981641742
16963,5,-1.0040479897816263
16976,5,-1.0182946827281676
16995,5,-1.0166031976562682
17010,5,-1.0014962422965703
17014,5,-1.0144958950997012
17028,5,-0.9933070852628305
17030,5,-1.0025020190537166
17034,5,-1.0220081744364506
17037,5,-0.9965545677950006
17041,5,-1.0079947904590996
17048,5,-0.9744442098846676
17050,5,-1.0033350317702305
17057,5,-0.9970929079641289
17058,5,-1.0035699814204109
17059,5,-1.0241427879866536
17064,5,-1.00148128615263
17072,5,-1.001038363609459
17077,5,-1.0085008037971257
17081,5,-0.996403227537817
17085,5,-1.0149622222933916
17106,5,-0.9961945432716514
17125,5,-1.0067109757075976
17131,5,-0.9995799883011534
17154,5,-1.013766587018245
17165,5,-1.0039335675573846
17166,5,-1.0067233334218169
17180,5,-1.0073192160190279
17185,5,-1.0051463410911903
17186,5,-1.0029252801651358
17199,5,-1.0014119938126909
17204,5,-1.0091067142908687
17221,5,-1.0254993554540517
17222,5,-1.0142785921511397
17224,5,-1.0068414093630889
17237,5,-1.000880845217949
17239,5,-0.9995227366947793
17240,5,-0.9995037522693765
17242,5,-1.0058527811251523
17243,5,-1.003145845664469
17248,5,-1.003222712996299
17253,5,-0.9996157216247673
17257,5,-1.0013239127912246
17286,5,-1.0087617726782845
17300,5,-1.0101470030042998
17305,5,-0.9987218663356292
17306,5,-1.0046091862410564
17323,5,-1.0031618208509188
17328,5,-1.0058713997564765
17330,5,-0.994500107631101
17344,5,-1.0220492413043116
17355,5,-1.0041572628460986
17356,5,-0.9994150023525217
17370,5,-1.0027332016528732
17375,5,-1.0008242465942212
17379,5,-1.0001239218621873
17381,5,-1.0127334296239865
17384,5,-1.0090478603258792
17401,5,-1.0004559049689035
17413,5,-1.0035778277902723
17415,5,-1.0064040559710072
17432,5,-1.0088920936536598
17434,5,-0.9976802710747681
17446,5,-1.0076101288805444
17450,5,-1.005560669029487
17460,5,-1.0047461381786449
17480,5,-1.0045304953842198
17489,5,-1.0083433372620754
17494,5,-1.0022635121480201
17495,5,-1.0053845721490173
17496,5,-1.012731351158083
17497,5,-0.9964598533463602
17500,5,-1.0031277558608631
17501,5,-1.0045575090222152
17508,5,-1.0035998416293301
17515,5,-0.9988267767704984
17516,5,-1.0083614758376998
17527,5,-1.0204582839039609
17533,5,-1.0231323724365364
17542,5,-1.0108626105672365
17563,5,-1.0037442608405063
17565,5,-1.0094947465182804
17570,5,-1.0020401198538955
17578,5,-0.9977123688751687
17584,5,-1.0068295874366107
17587,5,-1.0007203729898313
17591,5,-1.0050953920426027
17595,5,-1.0230257506340545
17598,5,-1.0080726007684633
17601,5,-1.0088113307909408
17607,5,-1.0063249909503342
17618,5,-1.0110638473095572
17622,5,-1.0016181459209799
17629,5,-1.0202203172571653
17638,5,-1.0122737664615478
17639,5,-1.0086256124202901
17640,5,-1.0070830647461526
17642,5,-0.9979384865930702
17649,5,-1.001062245060171
17672,5,-1.0356113132598477
17675,5,-0.9996650177694887
17685,5,-1.0104100378906942
17687,5,-1.0048518983894912
17703,5,-1.0055370964397918
17713,5,-1.0041994669537824
17726,5,-1.0049057093866498
17727,5,-1.0024483142366778
17746,5,-1.0020109450691055
17756,5,-0.9986823663008533
17765,5,-1.0032093478981627
17768,5,-1.0161475368762865
17770,5,-0.995204772696864
17787,5,-1.0120548753421286
17797,5,-0.9946130745630701
17801,5,-0.9957424953034537
17803,5,-1.0021188049709404
17808,5,-1.001208022966499
17811,5,-1.0022818061389387
17813,5,-1.014854668235155
17816,5,-1.0056914436271958
17825,5,-1.026489653808179
17828,5,-1.0039645671271953
17834,5,-1.0032364755238623
17840,5,-1.005086216324186
17842,5,-1.004830586775221
17847,5,-1.0131099261660552
17853,5,-1.002217343910777
17854,5,-1.0067268244456775
17864,5,-0.9960080296313278
17873,5,-1.0179043961638363
17875,5,-0.9999789531310889
17890,5,-1.0087139543150536
17909,5,-1.0042676843479157
17910,5,-0.9965353230300489
17911,5,-1.0100182290503656
17915,5,-0.999042463714588
17929,5,-0.9942863449691988
17937,5,-1.0021358390063597
17945,5,-1.006165703496979
17949,5,-1.0046979060392949
17955,5,-1.0100894943954146
17961,5,-1.0427722223602074
17967,5,-1.0051347927555485
17972,5,-1.0065174529961574
17984,5,-1.001302273072161
17987,5,-1.0253323484781576
17988,5,-0.991172502254354
17993,5,-1.0124381745667579
18002,5,-1.0230002197904526
18006,5,-1.0049326298293393
18009,5,-1.0050515701455138
18010,5,-1.0085520822939162
18024,5,-1.0053588974301908
18026,5,-1.004032954737941
18042,5,-1.0029219863566177
18045,5,-1.0016406142223069
18048,5,-1.008710332582202
18050,5,-1.0149246059152137
18054,5,-0.9993489097843826
18059,5,-1.007734825989043
18060,5,-1.0021773984550566
18066,5,-0.9989603020242623
18081,5,-1.001779917540634
18082,5,-1.0040672537883266
18084,5,-1.000377671912335
18090,5,-1.0026196631185524
18093,5,-1.00335349285186
18105,5,-1.0028140619604355
18110,5,-1.0048972990179328
18114,5,-1.000982173625381
18125,5,-1.0026356022321015
18131,5,-1.0041316590734153
18133,5,-1.0045768949745124
18138,5,-0.9951100991898747
18153,5,-1.004847382264049
18154,5,-1.0078784199008957
18158,5,-1.0012519826524104
18161,5,-1.0051895228703127
18162,5,-1.0011628788613243
18164,5,-1.0111880253520154
18172,5,-1.0069820467655637
18177,5,-1.013019230754126
18179,5,-0.9997676397033726
18182,5,-1.0065953323775567
18185,5,-1.0091022397787597
18192,5,-1.0039770289479395
18197,5,-1.0014702347909652
18211,5,-1.0196954542417727
18212,5,-1.0153220766966173
18214,5,-1.0128927880737753
18217,5,-1.0087923645884167
18220,5,-1.0231133821837128
18221,5,-0.9982959551435469
18222,5,-1.0065607082981218
18223,5,-1.0020100775093974
18224,5,-1.0105573125928793
18232,5,-1.0077714666835327
18233,5,-1.0054942784184036
18237,5,-1.0031398753313105
18259,5,-1.0067689480892414
18275,5,-1.001474826214747
18280,5,-1.0012034762154087
18288,5,-1.004761464790674
18293,5,-0.992331592000782
18297,5,-1.0191111313629713
18299,5,-1.0028134867485097
18304,5,-1.0033587173331464
18307,5,-1.008797724851016
18315,5,-1.0048351646279157
18317,5,-1.0000439957967844
18320,5,-1.0048812645824508
18323,5,-0.9951433403611412
18324,5,-1.017791772699264
18333,5,-1.0056592373321953
18349,5,-1.0044869604719204
18351,5,-0.9985888655407436
18353,5,-1.0176342511036087
18356,5,-0.9950555665452551
18366,5,-1.0036801947907008
18373,5,-1.0267659813731287
18375,5,-1.02761445934418
18378,5,-1.0002715406147475
18382,5,-1.005658089213037
18388,5,-1.000961541830989
18389,5,-0.9996458492856702
18390,5,-1.0030249782050285
18399,5,-1.0014205531198026
18401,5,-1.030058206533837
18410,5,-0.9975330249462839
18424,5,-1.0038137768270272
18425,5,-1.0052047289260464
18438,5,-1.019690170927813
18441,5,-1.010239265843019
18448,5,-1.0044162592357007
18468,5,-1.0006918286068032
18478,5,-1.0113624965214263
18487,5,-1.0038571459450036
18491,5,-1.0021290993812713
18500,5,-1.0442356998196027
18507,5,-1.0216906223944107
18513,5,-1.0065969825576306
18535,5,-1.0212015385527282
18544,5,-1.0000939448870156
18549,5,-1.0114637027135949
18557,5,-1.0039457490827461
18563,5,-1.0051664197111967
18568,5,-1.0013920672835286
18572,5,-1.0002473318295528
18578,5,-1.0051426070230134
18596,5,-1.0319390391732797
18599,5,-1.0183899152988072
18618,5,-1.0018007554440542
18625,5,-1.0009215515248353
18627,5,-1.0001568740789646
18628,5,-1.0158652217423547
18629,5,-1.0027643542209852
18630,5,-0.9988551581289992
18633,5,-1.016935864586616
18637,5,-1.0092488790840901
18650,5,-1.0092167871009927
18655,5,-0.9965183012402452
18660,5,-1.002484600708867
18661,5,-1.0055724491797937
18667,5,-1.0473639910709553
18668,5,-1.0046351919055363
18670,5,-1.001063191944752
18672,5,-1.000059375633485
18684,5,-0.9843068874094326
18691,5,-1.024906614969551
18694,5,-1.0448697618937237
18705,5,-1.0033533335174711
18710,5,-1.0006300465572302
18717,5,-1.0364487042626276
18718,5,-1.002414675679895
18741,5,-0.999778121039878
18748,5,-1.0206324187015676
18753,5,-0.9923031752348912
18763,5,-1.0100413253790623
18764,5,-1.002442609265167
18772,5,-0.9917251492389318
18776,5,-1.0124641471236502
18788,5,-1.0127562256207518
18792,5,-1.0238998534813548
18793,5,-1.002621806094461
18794,5,-1.0310342236945251
18802,5,-1.0043104660202766
18806,5,-0.999578852809559
18809,5,-1.0078047510298098
18813,5,-1.0057811778141137
18826,5,-0.9698370254594597
18834,5,-0.9999324630298392
18836,5,-1.0009281504958532
18843,5,-1.007658037616511
18850,5,-1.009071317956722
18863,5,-1.0102190046725137
18867,5,-1.0063270223224547
18880,5,-1.0078239216277483
18884,5,-1.0018833202175226
18885,5,-0.9992970662245613
18886,5,-1.0002281126180381
18892,5,-1.0059928909305809
18898,5,-1.0148819340981396
18931,5,-1.0001894682268908
18936,5,-1.0278102689302515
18947,5,-1.0063404384075678
18954,5,-1.0016431836851698
18958,5,-1.001276467855821
18960,5,-1.0127570068734482
18961,5,-0.997874978535896
18969,5,-1.0011415181151244
18976,5,-1.0136869548824767
18978,5,-1.0160386622558526
18993,5,-1.0013717968200588
19014,5,-1.0043568097777322
19017,5,-0.9998955672184797
19030,5,-0.9999075816752456
19033,5,-1.000002236754927
19034,5,-1.0090495045223575
19042,5,-1.0012791214127144
19044,5,-1.0000519701136126
19048,5,-1.0003256435626184
19055,5,-1.0065681264844528
19059,5,-1.0041633721195549
19067,5,-1.0048986486063765
19075,5,-1.0060606400354724
19080,5,-1.003442279523567
19090,5,-1.0016497990843267
19092,5,-1.0071170694748175
19112,5,-1.0001947446312376
19115,5,-1.0000576277959334
19122,5,-1.0006114863003912
19124,5,-1.008241083049385
19127,5,-1.0044929072158595
19156,5,-1.011094183285512
19165,5,-1.0019537118310349
19182,5,-1.006811866484968
19183,5,-1.001045292815725
19212,5,-1.0021403442506553
19213,5,-1.002956951603348
19225,5,-1.0038058929646199
19228,5,-1.000433452127491
19230,5,-0.9998047559435133
19243,5,-0.9997893761125378
19260,5,-1.0077663290685681
19263,5,-1.00123950821858
19265,5,-1.005350015182668
19277,5,-0.9999667709079785
19280,5,-1.0014802857436005
19281,5,-1.0108411471234167
19286,5,-0.9998409360539589
19296,5,-1.0101397247302575
19298,5,-1.00294382212201
19306,5,-1.0045375019735818
19312,5,-0.9998824188180323
19318,5,-1.0103353883603567
19324,5,-0.9997936030171175
19325,5,-0.9997936030171175
19330,5,-1.007038379442251
19337,5,-1.0015167743769198
19342,5,-1.012368963929271
19344,5,-1.0092761004188124
19345,5,-1.000006278606075
19348,5,-1.0122058241103908
19352,5,-1.0009879369744272
19357,5,-1.0001753392111483
19358,5,-1.0107380219228568
19364,5,-1.000249985416521
19371,5,-1.00744446889478
19375,5,-1.0082578249948928
19380,5,-0.999875830107315
19393,5,-1.0021759207274807
19396,5,-0.9996569041446091
19407,5,-1.0026136148495333
19408,5,-1.0008384805624377
19410,5,-0.9957444263045117
19433,5,-0.9998616354885856
19436,5,-1.0019449216549448
19443,5,-1.013394839023146
19461,5,-0.9972570100369352
19463,5,-1.0001789689048233
19467,5,-1.0036251440350303
19481,5,-1.0023647138431069
19494,5,-1.0003066900003095
19502,5,-1.0001924253039371
19506,5,-1.003494083758536
19508,5,-0.9997908067868333
19512,5,-0.9974951722363465
19545,5,-1.0005357585374683
19552,5,-1.007664814270413
19567,5,-1.0008376980836633
19570,5,-1.0026157117814878
19578,5,-1.0011964977656154
19588,5,-1.0041333313824305
19591,5,-1.001127145381916
19594,5,-0.9949132517530557
19597,5,-1.0027347159976605
19598,5,-1.0108528281837958
19602,5,-0.9997072057799199
19630,5,-1.0150264151631543
19631,5,-1.0003318973370419
19639,5,-1.0055720608374297
19649,5,-1.000567245605581
19653,5,-1.0112442831222215
19660,5,-1.0094751445609653
19663,5,-1.0064954999019171
19669,5,-1.0030799074999108
19677,5,-1.0067090897792135
19682,5,-1.0001631067102457
19699,5,-1.0035129284760065
19702,5,-0.999462402550296
19706,5,-1.0037854486356295
19717,5,-1.0107063630633206
19718,5,-0.9972220175255371
19719,5,-1.0040414707834877
19720,5,-1.0004229221511227
19734,5,-1.006483546321563
19762,5,-1.002477268472092
19770,5,-1.000999507990055
19777,5,-1.0010635453439996
19781,5,-1.010977794725621
19782,5,-1.0017594203954387
19787,5,-1.0008374579137587
19797,5,-1.0096442830859913
19799,5,-0.99756293641995
19801,5,-1.0123629259821458
19804,5,-1.0062334587545205
19805,5,-1.0013577974200603
19809,5,-1.0034182717246944
19813,5,-1.0046255038008272
19814,5,-1.0035148894005372
19816,5,-1.0068193204632383
19817,5,-1.001280870718987
19822,5,-1.001881501594048
19827,5,-1.0015094290624709
19838,5,-0.9995515223315835
19839,5,-1.0040075177212557
19845,5,-1.022859607127197
19846,5,-1.0095264339144592
19850,5,-1.0035492802542252
19860,5,-1.0058791805139977
19861,5,-1.0058791805139977
19863,5,-1.0220739341646943
19881,5,-1.0009174762191257
19882,5,-1.0007318768711062
19885,5,-1.0004635600978067
19887,5,-1.000400144430581
19893,5,-1.001660180065038
19897,5,-1.0013211866243636
19915,5,-0.9990808339556285
19920,5,-1.0062480481371805
19925,5,-1.0081121482931843
19926,5,-1.0003949064233792
19927,5,-1.0071894685457052
19935,5,-1.0015534813444122
19937,5,-0.9999509322201632
19943,5,-1.0075047386746636
19949,5,-0.9990624730405053
19955,5,-0.9990624730405053
19957,5,-0.9990624730405053
19965,5,-1.0082013151301674
19967,5,-1.0159702260601746
19969,5,-1.0047462382408803
19970,5,-1.0003883079002438
19996,5,-1.002145976725575
20012,5,-1.0081073469101003
20021,5,-1.0012764792308524
20026,5,-1.0009103104394228
20033,5,-0.9998773523183027
20046,5,-1.0042707086103826
20047,5,-1.0003474142216082
20054,5,-1.00385206706791
20062,5,-0.9995497873584132
20067,5,-1.0004545661381532
20068,5,-1.0008006561094287
20086,5,-0.9919360579825142
20098,5,-1.0106623606297016
20100,5,-1.0125404772996693
20104,5,-1.016092323719122
20118,5,-0.9997537637700548
20143,5,-0.9965781557416262
20144,5,-1.0017190308130228
20151,5,-1.0104902565033758
20152,5,-1.0005665189272368
20162,5,-0.9996656356739673
20166,5,-1.005066851598433
20167,5,-1.000880903974928
20181,5,-0.9999738752397902
20186,5,-1.0037212065161716
20187,5,-1.0035779483501512
20199,5,-0.9999895911971984
20203,5,-1.0006015472836038
20205,5,-1.0007983081155138
20213,5,-0.9997126092324121
20214,5,-1.0003339934173943
20217,5,-1.0018356510258792
20223,5,-1.0001395092883025
20224,5,-1.0004162254289692
20232,5,-1.011642751500798
20239,5,-1.0023823283278328
20241,5,-1.0080002778383323
20243,5,-1.0050419895852734
20247,5,-1.0038334547667818
20249,5,-1.011642751500798
20256,5,-1.0082751887183066
20262,5,-1.0124908757640256
20263,5,-0.9944538746369571
20272,5,-0.9998245212801784
20275,5,-1.0002083870611351
20279,5,-1.001125506921877
20281,5,-0.9956772186914765
20285,5,-1.008825466139234
20308,5,-1.008694826221079
20309,5,-1.0060005727115884
20313,5,-0.9996876297757542
20315,5,-1.0058312385644248
20318,5,-1.0159864825088714
20321,5,-0.9999579148770812
20324,5,-1.0084615365673324
20326,5,-1.0080076567447018
20330,5,-1.00156871694189
20336,5,-1.006962540807707
20342,5,-1.001351490571552
20344,5,-1.013784773591241
20353,5,-1.0022192781195012
20354,5,-1.0132453506628458
20355,5,-0.9993695985875577
20357,5,-1.0001077377107164
20359,5,-1.0001077377107164
20375,5,-1.0018322891190636
20376,5,-0.9998705504998455
20380,5,-1.0015106376859177
20388,5,-1.0064384851668455
20396,5,-1.0036372617247171
20408,5,-1.0102833064966026
20421,5,-1.0036509240255924
20422,5,-1.0001932084991028
20423,5,-1.005603470247899
20425,5,-0.9912831012570318
20430,5,-1.0095193825234587
20432,5,-1.0001223917896322
20435,5,-1.0049785171889272
20459,5,-1.0098794086909897
20463,5,-1.0031475650270116
20468,5,-1.0106703687166574
20471,5,-1.0059947892595933
20477,5,-1.0100687680513423
20480,5,-1.0021028027461023
20497,5,-1.0167326555144758
20505,5,-0.9998681105379964
20514,5,-1.0013083879308278
20515,5,-0.9998560337626566
20535,5,-0.9998357857663805
20536,5,-1.0007072328482933
20541,5,-1.0010215741348827
20544,5,-1.0018755620814845
20546,5,-1.0228284752109964
20555,5,-1.0016804391756193
20558,5,-1.0074564627952978
20572,5,-1.0010689014423302
20581,5,-0.9966039294685286
20582,5,-1.0001358730872982
20588,5,-0.9999806480432737
20590,5,-1.0066472181573762
20601,5,-1.0064719334903725
20602,5,-1.007706542865912
20616,5,-0.9997903480717255
20623,5,-1.0000694695804575
20630,5,-0.9999085991954386
20631,5,-1.0017988487561698
20639,5,-0.9977778828905962
20646,5,-1.0007186868524394
20649,5,-1.0010834121220729
20657,5,-0.9936152870288084
20658,5,-1.0012483715732037
20660,5,-1.00183303468001
20662,5,-0.9999163107613371
20664,5,-1.0010293093329556
20676,5,-0.9937613173211604
20683,5,-0.9998930856085778
20689,5,-1.0066499920182475
20693,5,-1.006566560348161
20695,5,-1.0012219206717998
20696,5,-0.9999696292813378
20697,5,-1.006566560348161
20703,5,-0.9995452691122363
20706,5,-1.0006881649945092
20714,5,-1.0077850969767135
20724,5,-1.00214316444722
20728,5,-1.0022488702068515
20741,5,-1.0059160854330491
20742,5,-1.0108934852701217
20744,5,-1.0014721959940505
20749,5,-1.0075294010241036
20771,5,-1.005374546549443
20775,5,-0.9922394109436725
20779,5,-0.9996808332258023
20782,5,-1.0055416130605097
20783,5,-0.9999309349614194
20796,5,-1.0091845031049076
20797,5,-1.0112054257824838
20808,5,-0.9899274515346482
20809,5,-1.0020131270627368
20812,5,-1.0022926300070778
20824,5,-0.9991706464661168
20832,5,-1.003082232032683
20833,5,-0.9987421910514658
20835,5,-1.0104433499885335
20843,5,-1.0063400827701325
20845,5,-1.0080758365280418
20848,5,-1.0018635355136971
20852,5,-1.0076101091267322
20853,5,-1.0017073756297319
20854,5,-1.007550669486809
20857,5,-1.0021866985167194
20860,5,-0.9966906911456462
20885,5,-1.000009734585166
20896,5,-1.0094390028532119
20897,5,-1.0094390028532119
20900,5,-1.0028485479305072
20908,5,-1.0048289783266702
20918,5,-1.0001428193322803
20923,5,-1.0080717687239933
20928,5,-1.004244857250706
20929,5,-1.0026450759088414
20937,5,-1.0173031694140968
20940,5,-1.0032992211119658
20948,5,-1.0001717394757503
20951,5,-1.0036760416623625
20953,5,-1.0018754358812276
20954,5,-1.0122346378884146
20960,5,-1.0009453597331286
20961,5,-1.0005089788484778
20964,5,-0.9998152204011095
20969,5,-1.0058362645542764
20976,5,-1.0068546191542214
20977,5,-1.0043010454458734
20981,5,-1.0014447073295574
20982,5,-0.9999765070306168
20998,5,-0.9900083874269845
21000,5,-1.0087444598960187
21006,5,-1.016120698923867
21015,5,-1.0020686189459247
21020,5,-0.9997035656690877
21033,5,-0.9994066496291851
21035,5,-1.0057439444726424
21037,5,-1.0052280478500295
21050,5,-0.9967439957306408
21053,5,-1.0060578604081853
21054,5,-1.0041697950838058
21065,5,-0.9996901843149718
21068,5,-1.018938935653019
21069,5,-1.0023223775772077
21079,5,-1.0101866445249423
21088,5,-1.015297097817479
21090,5,-0.9999711036801199
21100,5,-1.0004316253332912
21104,5,-1.0000195331089259
21105,5,-1.0046753756511864
21108,5,-0.9947115066762197
21120,5,-1.0040130843747668
21124,5,-1.0159160063734403
21137,5,-1.0009577222017934
21145,5,-1.0013172339308727
21168,5,-1.0004147738288676
21173,5,-1.001475542175613
21181,5,-1.0010053904593712
21182,5,-1.0098096561367855
21187,5,-1.0000186802803777
21196,5,-1.0007954239360735
21197,5,-1.000505941564377
21201,5,-1.000509442531253
21205,5,-1.0041521437042862
21213,5,-1.001880509424191
21214,5,-0.9996490819564892
21219,5,-0.9990642334959807
21220,5,-0.9999662138939674
21223,5,-1.000099115041054
21231,5,-1.008885855408205
21233,5,-1.0002259822018802
21242,5,-1.0116753728783152
21243,5,-0.9906073217201617
21261,5,-0.9997479402767006
21274,5,-1.0101974129465179
21277,5,-1.0089457029821018
21279,5,-1.002510490674104
21283,5,-1.0045337900808278
21293,5,-1.0012021490583516
21296,5,-0.9984944785392742
21298,5,-0.9998765896668121
21302,5,-1.0096361267604914
21312,5,-1.012376650704388
21318,5,-1.0087714477349041
21336,5,-1.0067339337258203
21345,5,-1.0076911713274275
21351,5,-0.9934230499778478
21353,5,-1.0104206299673706
21378,5,-1.0155297361503024
21381,5,-1.006405894546486
21389,5,-1.0005229933323574
21391,5,-1.0046634396712968
21397,5,-1.005789225361508
21399,5,-1.000217349006555
21401,5,-0.9980668976982592
21416,5,-1.0124705504358062
21418,5,-1.0074008600824391
21419,5,-1.0060266339798527
21425,5,-1.0079321573377853
21427,5,-1.0033359372064508
21430,5,-1.0202558095981025
21434,5,-1.0085702646351382
21442,5,-0.9999183963647025
21444,5,-1.0020520672761413
21450,5,-1.005446986494152
21469,5,-1.0032513561709275
21478,5,-1.0092311831010337
21488,5,-1.0010057654411495
21493,5,-1.0020751953304594
21500,5,-1.0021518936634561
21507,5,-1.0010340071767476
21510,5,-1.0013243486048564
21515,5,-1.00711726790114
21517,5,-1.00187122791274
21518,5,-1.0054331300810355
21520,5,-1.001988464278937
21521,5,-1.0088356679877566
21523,5,-1.008474024087833
21530,5,-1.011042927075296
21531,5,-1.0164052910115058
21534,5,-1.00829191256413
21545,5,-1.0073746239853578
21549,5,-0.9999792082038721
21554,5,-0.9998734635744064
21560,5,-1.0048778722744787
21570,5,-1.0002300402639859
21571,5,-1.006405894546486
21576,5,-1.0141045851473973
21578,5,-1.0020807180110771
21580,5,-1.0069942960060638
21583,5,-1.0050309224050893
21591,5,-1.011773724134492
21592,5,-1.002419201484738
21593,5,-1.0073339504711563
21605,5,-1.0085707748108295
21618,5,-0.9998566647673994
21626,5,-1.0113303064797612
21631,5,-1.0100577837598153
21644,5,-0.99965338618529
21645,5,-1.01354215212787
21651,5,-1.004406318957119
21654,5,-0.9998610682302965
21658,5,-1.0158147235971273
21660,5,-1.0169638098824503
21665,5,-1.0085488404235843
21667,5,-0.9994279434268409
21675,5,-1.0091803112552
21682,5,-1.0033837785245803
21686,5,-1.015195945755251
21697,5,-1.0294189637323536
21698,5,-1.0002373122755017
21700,5,-1.0081657917317415
21706,5,-1.0038939747457178
21718,5,-1.0088179874647953
21723,5,-1.0028280983902798
21725,5,-1.0024911982285585
21734,5,-1.005647308621358
21741,5,-1.0010426305180404
21747,5,-0.9971554191135005
21764,5,-1.0001214565143088
21765,5,-1.0026583620151472
21769,5,-1.0004923485344308
21775,5,-0.9906024228630077
21779,5,-0.9997594950959015
21780,5,-1.0074871067449631
21782,5,-1.000096943399082
21789,5,-1.0015838281434863
21791,5,-0.9999707875908591
21792,5,-0.9998253055702802
21796,5,-1.002932391476769
21803,5,-1.0120208915310678
21811,5,-1.0052619819218762
21816,5,-1.0026148365937162
21820,5,-1.0144937046492468
21827,5,-1.0002800880893725
21837,5,-1.004641430570306
21848,5,-1.0063333707873756
21852,5,-1.0054774890561566
21854,5,-1.0063309167315846
21870,5,-1.0072692680511195
21876,5,-0.999844712471881
21879,5,-1.02222135240407
21887,5,-0.9998548167516746
21889,5,-1.0052539092203507
21892,5,-1.006229960776139
21899,5,-0.9998537617274075
21905,5,-1.0042689354325478
21908,5,-1.0017067512943711
21923,5,-0.9999974150129274
21954,5,-1.000426967400381
21966,5,-1.0065160475822976
21968,5,-1.0003354181407087
21969,5,-1.0000014219365765
21975,5,-1.001751828530081
21976,5,-1.010230259847924
21980,5,-0.9998587534682453
21998,5,-1.007103617354133
22001,5,-1.0090511388044265
22006,5,-1.0065057926090932
22010,5,-1.0120294440994635
22011,5,-1.0094323975642183
22012,5,-1.0046423021763622
22018,5,-1.0005496369389086
22021,5,-1.0137546270773108
22036,5,-1.0202678437091182
22055,5,-1.0076957775312634
22068,5,-1.0005024335298236
22074,5,-1.0008471779125192
22094,5,-1.010681510631883
22103,5,-1.002643986474037
22113,5,-1.017437106210307
22119,5,-0.9976598887644287
22134,5,-1.014839549247923
22138,5,-1.0061011568850386
22142,5,-1.0076322208702835
22148,5,-1.0008137039803342
22149,5,-0.997210770815166
22162,5,-1.007765676733863
22170,5,-1.0040492548020337
22175,5,-1.0031933208941888
22191,5,-0.9972105583118431
22193,5,-1.0071271057464786
22200,5,-0.985639122792344
22205,5,-1.0071743344118707
22207,5,-1.0050758859798865
22209,5,-0.9998384029185272
22218,5,-1.000160678681836
22219,5,-0.9849579531242107
22224,5,-1.000230562763472
22228,5,-1.0110449966569315
22231,5,-1.003476303983822
22243,5,-1.0051029489252339
22244,5,-1.0092054842228522
22245,5,-1.008148094317144
22258,5,-1.0023561452646503
22263,5,-0.9999564112952546
22264,5,-1.0094424090359273
22269,5,-1.0053628940255688
22270,5,-1.000230562763472
22277,5,-1.0015176953256135
22279,5,-1.0050725369800686
22284,5,-1.0084320858521818
22292,5,-1.0057787839015457
22293,5,-1.0052418009308726
22294,5,-1.0015204193712912
22296,5,-1.0067226002188114
22309,5,-1.0003251890241884
22315,5,-1.0126266936405426
22317,5,-1.0012126773056143
22332,5,-1.000422196766168
22334,5,-1.0130065803581036
22349,5,-1.0241531015639667
22353,5,-1.000230562763472
22355,5,-1.007538824315204
22358,5,-1.0006653615332546
22365,5,-1.0145644566640595
22371,5,-1.0087704154211636
22375,5,-0.99167430025588
22379,5,-1.000787905718902
22382,5,-0.9997831154789414
22387,5,-1.0007063600609785
22390,5,-1.0005940448947368
22403,5,-1.0003299864467718
22406,5,-0.9997822318113054
22409,5,-1.0064885273979363
22412,5,-1.0034955703738504
22413,5,-0.9985665280987275
22415,5,-0.9999884006201294
22418,5,-1.0229295749964114
22428,5,-1.0011611107187322
22457,5,-1.0073135895567589
22458,5,-1.0070510517524935
22471,5,-1.001819037970555
22473,5,-0.9962987995800294
22475,5,-1.0010594806967912
22480,5,-1.0012518099102936
22488,5,-1.0046732994184233
22498,5,-1.0109498694554748
22501,5,-1.0006897715958432
22508,5,-1.0039817237457374
22509,5,-1.0172742995647055
22512,5,-1.0014020800642194
22516,5,-1.0041483322366926
22524,5,-1.0138249527363945
22525,5,-1.0016485449296062
22527,5,-1.000638264927453
22534,5,-1.003836896302648
22536,5,-1.0110366021227648
22537,5,-1.0069490497622744
22549,5,-0.9999165573375871
22565,5,-1.01049029497489
22573,5,-1.0013860992257806
22575,5,-1.0152555114543682
22582,5,-1.0083352894107862
22586,5,-1.0133417469053918
22592,5,-1.0113396068991392
22597,5,-1.0042095632398007
22646,5,-1.001805555427893
22650,5,-1.005388277545879
22663,5,-1.003290324631342
22673,5,-1.0026110043875955
22674,5,-1.006271281348099
22688,5,-1.0001605163765181
22692,5,-1.012942313758025
22699,5,-1.003635820952736
22700,5,-0.9999725990106694
22714,5,-1.0201910934763878
22719,5,-1.0088628877737613
22725,5,-1.001904486454921
22728,5,-1.0112618180845325
22730,5,-1.0001175936987905
22732,5,-1.000983030169158
22733,5,-1.0004162254289692
22755,5,-0.9979450931813078
22758,5,-0.9998846913305272
22795,5,-1.0001182151674726
22804,5,-0.9914031662165617
22808,5,-1.008027914460585
22811,5,-1.004025763864689
22823,5,-1.0009836420530582
22825,5,-0.9997557369333474
22834,5,-1.0075281197779355
22858,5,-1.0071770676370615
22859,5,-0.9995669312896274
22869,5,-1.0063835837746304
22870,5,-1.0004562295618329
22876,5,-1.011422939092038
22878,5,-0.9989185265805929
22893,5,-0.9998102502929201
22899,5,-1.0130354885356563
22902,5,-1.0044351451664664
22906,5,-1.0002947884520859
22924,5,-1.0090064742093094
22928,5,-1.0057392097922198
22929,5,-1.0004345589367196
22941,5,-1.0035611852047395
22943,5,-0.9975839348740088
22952,5,-0.999293521963415
22960,5,-1.0348536689749865
22981,5,-1.0044823737845137
22982,5,-1.0042233401174094
22984,5,-1.0042588653269624
22996,5,-1.0136681677485129
22998,5,-1.0000883955276096
23006,5,-0.9974048593219156
23015,5,-1.0005782889260333
23019,5,-0.9902369733004752
23023,5,-1.0012451871818484
23024,5,-1.007415394857205
23025,5,-1.0016348652595717
23034,5,-1.0069570186599213
23037,5,-1.0045140309826794
23050,5,-1.0111754392926555
23056,5,-1.0117956154841758
23060,5,-0.9994184467975094
23071,5,-0.9997817283271724
23077,5,-1.0009153679216485
23083,5,-1.0143681404456624
23084,5,-1.0088766104684883
23093,5,-1.022303057735056
23103,5,-0.9996567711547673
23105,5,-1.0102893867927043
23109,5,-1.0100851570508622
23114,5,-1.0127606244559915
23116,5,-1.0125238723241972
23119,5,-1.0087413077237726
23135,5,-0.9998208188551743
23138,5,-0.9998089485264764
23139,5,-1.0047372695417303
23144,5,-1.0069211862190897
23154,5,-0.9931413366751172
23158,5,-0.9953699427588552
23160,5,-1.001132922523828
23168,5,-1.0053770819681793
23170,5,-1.022631298052667
23175,5,-1.0117575025258267
23181,5,-1.0062678862989491
23202,5,-0.9999012836631538
23205,5,-1.0011560752396829
23227,5,-0.9822811453403623
23234,5,-1.0002304409041682
23241,5,-0.9932735160045036
23242,5,-1.0003538268352556
23244,5,-0.9768819209310025
23246,5,-0.9820763466726435
23248,5,-1.0008396111689712
23253,5,-0.9995882248116983
23257,5,-1.0003891053554297
23258,5,-1.0367583573109638
23260,5,-1.0041798294086526
23264,5,-1.0012133592094778
23265,5,-1.000078670510995
23275,5,-1.0027231085974275
23278,5,-0.9898063742551769
23279,5,-1.0010972757722327
23282,5,-1.0004177438517465
23284,5,-1.0026746604129348
23285,5,-1.0001693691522173
23302,5,-0.9998370786040148
23307,5,-1.021454452413415
23308,5,-1.02940424579452
23310,5,-1.0193603832055032
23311,5,-1.0024296391374998
23312,5,-0.9992357112137461
23315,5,-1.0038010405187805
23317,5,-1.0017456858754943
23323,5,-1.0000392985373985
23328,5,-1.0100079921488345
23330,5,-1.0021112955377323
23338,5,-0.9960919074942702
23345,5,-0.9997776757693049
23348,5,-0.9999012070847397
23352,5,-1.0015829897705486
23356,5,-1.0113310883009905
23374,5,-1.011011402491986
23376,5,-1.0014140850784141
23385,5,-1.0008471779125192
23388,5,-1.0228662676107194
23396,5,-1.0005812897458939
23409,5,-0.9948927421776126
23410,5,-1.0353891867079486
23424,5,-1.0164905987618817
23426,5,-1.002817959159882
23438,5,-1.0023172442924988
23442,5,-1.004100337437807
23446,5,-1.0057334826289326
23471,5,-1.0051705173167529
23473,5,-1.0025271969946037
23484,5,-0.9992962273203394
23500,5,-1.0002401395002405
23502,5,-1.0006539120560616
23514,5,-1.0262502130328381
23516,5,-0.9996522370914943
23535,5,-0.9996235764093748
23544,5,-1.0000880459421413
23545,5,-1.0243521539320075
23549,5,-1.0008742860932762
23559,5,-1.0245916338739764
23590,5,-1.0009222371227822
23591,5,-1.003926223161674
23598,5,-1.0052910675643383
23604,5,-1.0008587429009443
23611,5,-1.0070611925997557
23618,5,-1.0044699917113475
23625,5,-1.006320255314634
23630,5,-1.0111340304223404
23636,5,-1.0044553920627364
23642,5,-1.0039014213815791
23643,5,-1.0003693925637587
23667,5,-1.0097677321521588
23672,5,-1.0053601546585538
23677,5,-1.0025711176077088
23678,5,-1.0128641037100508
23681,5,-1.0100875454429734
23689,5,-1.0006408727086824
23691,5,-1.0007583236337223
23695,5,-1.0051115587416195
23697,5,-1.003890172298299
23702,5,-1.0081733829047743
23710,5,-1.014965315878394
23718,5,-1.0208612782024706
23735,5,-1.000093553944467
23740,5,-1.0107909979099998
23742,5,-0.9896938857296539
23743,5,-0.9946974039353357
23757,5,-1.010426257020475
23763,5,-1.0133520246699066
23767,5,-1.0026783984354055
23774,5,-1.0006849203719275
23793,5,-1.0022120999143427
23802,5,-1.0015306964269515
23811,5,-1.0010395856450773
23814,5,-1.000268272065008
23826,5,-1.000232194613178
23828,5,-1.0003214210263174
23831,5,-0.9998085660344722
23850,5,-1.0003342289390038
23854,5,-1.0011427795084784
23856,5,-0.9825798193147006
23874,5,-0.998142179945827
23875,5,-1.0002176082898064
23880,5,-0.9907226090124426
23885,5,-1.0032581878723208
23903,5,-1.003872492983433
23918,5,-1.005864047621673
23922,5,-1.005484193437379
23925,5,-1.0175293310588562
23933,5,-1.00742854874535
23941,5,-1.0268780220047038
23942,5,-0.9845183396902781
23952,5,-1.0001707892620206
23955,5,-1.0029544723701365
23957,5,-1.0080765330460737
23959,5,-1.0239817741747848
23961,5,-1.003310257157123
23966,5,-1.0010528983220728
23969,5,-1.0190754029399574
23972,5,-1.0175293310588562
23983,5,-1.0031016174489886
23988,5,-1.01095915532909
23989,5,-1.005488985074256
23991,5,-0.9873056894301052
23999,5,0.030519754779731123
24000,5,-0.3548653988750325
24001,5,0.22768904635079634
24017,5,0.2735282673175804
24021,5,-0.35293312000024385
24026,5,-0.3203328754739934
24029,5,0.3085629593301483
24036,5,0.2162368682885185
24043,5,0.1398360345131059
24057,5,-0.25999720251264247
24061,5,0.056462703721441576
24064,5,-0.9663982454406119
24069,5,-0.9643889331946061
24076,5,-0.9422221307995466
24078,5,-0.9400751421482935
24082,5,-0.9602487413145052
24090,5,-0.9965095693240695
24096,5,-1.0289157709853032
24104,5,-1.0003035619897234
24106,5,-0.988672684657626
24109,5,-1.0106680244675097
24116,5,-1.0076790957383939
24119,5,-0.9949719321635759
24124,5,-1.0191553671340343
24146,5,-1.018338861609855
24149,5,-1.0064936162184783
24157,5,-1.0298843030298317
24159,5,-1.014031950965423
24163,5,-1.0135599742010069
24167,5,-1.0054662462320287
24168,5,-1.0149240380199591
24171,5,-1.003409599485018
24178,5,-1.0122883570853531
24179,5,-1.0162950222805345
24182,5,-1.0002729359470555
24183,5,-1.0054192757557006
24184,5,-1.0002729359470555
24190,5,-1.0307635127132728
24199,5,-1.017588189249324
24201,5,-1.013099271764025
24205,5,-1.0125928932198875
24208,5,-1.0099044800288925
24210,5,-1.0124119642474791
24216,5,-1.004485627977887
24225,5,-1.002686532564196
24234,5,-1.0081692736539285
24237,5,-1.0112145666494567
24239,5,-1.0147600464967341
24257,5,-1.0023244506751476
24259,5,-1.0257500169523328
24260,5,-1.0023341034402036
24263,5,-1.0033715556670337
24274,5,-1.0059016745850595
24294,5,-1.0241013076441765
24300,5,-1.0033790973564765
24308,5,-1.0065244935735342
24311,5,-1.0290170371149445
24317,5,-1.007700921125883
24321,5,-1.03807666650962
24323,5,-1.0041014096600522
24324,5,-1.0076476578030864
24330,5,-1.0106519040029815
24331,5,-1.023267068187815
24339,5,-1.0055807460953599
24342,5,-1.0051918743585349
24350,5,-1.0023556127573023
24357,5,-0.998690539326397
24364,5,-1.012440712881737
24366,5,-0.9991831448392137
24369,5,-1.0058833908948595
24379,5,-1.0187920200854754
24387,5,-1.0070957903493243
24402,5,-1.005900437436152
24403,5,-1.0001294832586658
24412,5,-1.002065969065364
24413,5,-1.0077232636516014
24416,5,-1.0098052433346458
24422,5,-1.0091995929614395
24426,5,-0.9972645755731643
24428,5,-1.0008843502055416
24443,5,-1.0166713968424477
24446,5,-1.015651020071356
24451,5,-0.9976068452387427
24458,5,-1.0057849414227067
24469,5,-1.0047329600612913
24479,5,-1.0163432382789073
24485,5,-1.0045354416451473
24492,5,-1.0147439191639434
24506,5,-1.0209098044675158
24518,5,-1.0148615841047561
24523,5,-1.0056287688107592
24524,5,-1.0220043086714958
24531,5,-1.013840650617055
24532,5,-1.0092680783653016
24545,5,-1.0094832756719292
24555,5,-1.0034533207916194
24559,5,-0.9979602188619345
24561,5,-1.0035113372734545
24569,5,-1.0037778314403158
24571,5,-1.0213674767621634
24578,5,-1.0142901271111575
24583,5,-0.9999466740190867
24586,5,-1.013184575192512
24590,5,-1.002517890477504
24592,5,-1.0051562096249163
24597,5,-1.0066914151749884
24612,5,-1.0131822313500845
24613,5,-1.038720346252276
24619,5,-1.0050253012793249
24628,5,-1.0104890420108057
24634,5,-1.0133808909479372
24638,5,-1.0042679389213607
24640,5,-1.0003608711094798
24647,5,-1.012833759337173
24656,5,-0.9969824159770151
24660,5,-1.0114649063820493
24661,5,-1.007403667049733
24664,5,-1.014647763437948
24690,5,-1.0032358602219196
24693,5,-1.0112264869549057
24696,5,-1.0175178633570892
24707,5,-0.9887363975408215
24709,5,-1.0055041546141648
24723,5,-1.0054730685913156
24738,5,-0.9423785538577087
24747,5,-1.0277909334766817
24752,5,-1.0268264793756032
24761,5,-1.0033566374532485
24768,5,-1.0043001814362822
24769,5,-1.0147312704094924
24775,5,-0.9989320882621286
24783,5,-1.0267794626125273
24785,5,-1.037431590400816
24794,5,-1.0005696471069476
24798,5,-1.013728393692298
24807,5,-0.9925649552479155
24809,5,-1.0040089596410868
24819,5,-0.9998762665258358
24823,5,-1.0019202235703473
24827,5,-1.0077360449645802
24831,5,-1.006311029958209
24854,5,-0.9997763897554616
24863,5,-1.005558850356667
24874,5,-1.0056462575911986
24884,5,-1.009112141872928
24892,5,-1.0069114180956509
24894,5,-1.0095551939803915
24898,5,-1.0258687883983713
24901,5,-0.9988662130277512
24921,5,-1.0045512338289186
24945,5,-1.0075207132683683
24949,5,-1.0164505530468855
24950,5,-1.0200429275625473
24951,5,-1.023508410239644
24953,5,-0.9796942646851883
24964,5,-1.0050559225547877
24969,5,-1.0241205229170893
24971,5,-1.0045130219093896
24977,5,-1.0317950577677586
24987,5,-1.0149788433897207
24994,5,-1.011676957984569
25012,5,-1.0016599872156489
25013,5,-1.0066900114263104
25030,5,-1.0159245084208521
25035,5,-0.9780884589801859
25040,5,-1.0128133853286245
25043,5,-0.9933006579980059
25047,5,-0.9890533300600963
25048,5,-1.011790295133997
25053,5,-1.0394391742147828
25054,5,-1.0030744731535517
25055,5,-1.018218924710082
25058,5,-1.015671210942411
25079,5,-1.0418444994108444
25081,5,-1.0326236634673087
25083,5,-1.0052202810116802
25085,5,-1.0066900114263104
25086,5,-1.014546371145994
25090,5,-1.0031386166760474
25093,5,-1.0087031594314058
25095,5,-0.9950871775816181
25098,5,-1.0201616410137166
25099,5,-1.014365847927165
25100,5,-1.0157776765516755
25101,5,-1.008984526599491
25109,5,-1.0102100190978685
25110,5,-1.008832682107346
25111,5,-1.0152094343569709
25121,5,-1.020060996518156
25125,5,-1.0010161426070825
25127,5,-1.0016223841409426
25148,5,-0.9829471127786441
25163,5,-1.010519388860043
25169,5,-1.0379875446440026
25175,5,-1.0206593037433174
25190,5,-1.0088949993402174
25193,5,-0.9955122385257666
25202,5,-1.015128675366991
25204,5,-1.0137261216640463
25210,5,-1.0686088504503681
25211,5,-1.0255628568877808
25221,5,-1.0029725347253586
25230,5,-1.0093133586583036
25240,5,-1.0128551036490676
25249,5,-1.0285571207693445
25250,5,-1.0067347046837167
25261,5,-1.001484645564421
25276,5,-1.0025998429272116
25278,5,-1.016833578524974
25304,5,-1.0076345326902727
25325,5,-1.013185426406892
25332,5,-1.0265611699949266
25346,5,-1.0047939103071097
25367,5,-1.013673827640161
25374,5,-0.9996691046477136
25398,5,-0.9917305609611338
25401,5,-0.9975021878574594
25405,5,-1.004046670553927
25407,5,-1.0125807966395923
25415,5,-1.0392627792212341
25416,5,-1.0286897165211197
25421,5,-0.9939864337385446
25423,5,-1.0185448435134064
25437,5,-0.9857796445782517
25438,5,-1.0348193288968794
25440,5,-1.0236893753907523
25441,5,-1.01022726133531
25449,5,-1.0048860322133353
25454,5,-1.1307412335475338
25465,5,-0.9979634162276512
25466,5,-1.016655384381215
25487,5,-1.0001884921503175
25498,5,-0.9988244706497326
25505,5,-1.0097699007438226
25506,5,-1.03492819154153
25511,5,-1.012688507982723
25514,5,-0.9990156948966118
25520,5,-1.0013889221714094
25533,5,-1.0127393590623488
25535,5,-1.0153353751270682
25538,5,-1.016096210274819
25553,5,-1.0043664790749542
25554,5,-1.001859592711381
25562,5,-1.007084891230051
25573,5,-1.0199451757834195
25576,5,-1.0126146436415278
25579,5,-1.040218400715912
25589,5,-1.013845687340384
25596,5,-0.9999371652392676
25607,5,-1.045954578907991
25610,5,-1.010808810915917
25614,5,-1.0013996299754546
25617,5,-0.999887834411874
25627,5,-1.0134192418129462
25632,5,-1.031579592858668
25640,5,-1.0025628055835256
25648,5,-1.000556087783915
25650,5,-1.0000453037560533
25655,5,-1.0239314858564603
25670,5,-1.0035983632624128
25673,5,-1.0058546538974493
25678,5,-1.0005757226508423
25683,5,-1.0050594451052157
25687,5,-1.0160306221903252
25689,5,-1.007679877748679
25692,5,-1.010893424985023
25696,5,-1.0087398709055464
25711,5,-0.9990894238555004
25718,5,-1.0075332544494506
25719,5,-1.0047022906924856
25721,5,-1.0072873830433846
25724,5,-1.0072873830433846
25730,5,-1.0603623940557856
25731,5,-1.0001540145388206
25732,5,-1.0251058273612874
25748,5,-1.0040520722100297
25751,5,-1.0272889440570037
25756,5,-1.007986597801925
25762,5,-1.0140208263338868
25770,5,-1.0056406223059395
25811,5,-1.0225516155459264
25817,5,-1.0088233764454098
25825,5,-1.0165997898734473
25838,5,-1.0057160956200741
25844,5,-1.0295688964595655
25847,5,-1.0052710335348614
25851,5,-1.00254812861412
25854,5,-0.9695250152426681
25856,5,-1.0288494671443147
25865,5,-1.0089395051841556
25866,5,-1.0116278829032737
25868,5,-1.0102502083261418
25872,5,-1.0419542952533714
25874,5,-1.0212159234118463
25877,5,-1.0170440031089436
25879,5,-0.9995602715489293
25884,5,-1.0097653619547344
25886,5,-1.0255516084555016
25897,5,-1.0113465537098763
25907,5,-1.0165527484387966
25917,5,-1.0229941490392904
25918,5,-1.0134357122402142
25920,5,-0.9990578627519202
25939,5,-1.0025366910699272
25941,5,-1.0057587727896373
25948,5,-1.0230437208487366
25957,5,-1.0039155887950884
25963,5,-1.0137527722624475
25966,5,-1.0135150253301972
25969,5,-1.0201527227523928
25975,5,-1.0226103267614264
25983,5,-1.0178416555034175
25986,5,-1.000556087783915
25988,5,-1.0007991390216016
25990,5,-1.0144511173854212
25999,5,-1.0090815158471704
26006,5,-1.0230747500674209
26008,5,-1.001455013893116
26011,5,-0.9997330110211435
26013,5,-1.0063377944928025
26021,5,-0.9979758123786254
26022,5,-0.9978901373659607
26024,5,-1.000771004893616
26040,5,-1.0005078968603884
26055,5,-1.0104922867500725
26059,5,-1.0294736478735027
26062,5,-0.9891785903815526
26068,5,-1.0305698610762688
26079,5,-0.9977984464679002
26088,5,-1.0046983017484608
26105,5,-0.9928499999814682
26111,5,-1.009120535433964
26116,5,-1.0279836380979903
26124,5,-1.0128459395119094
26128,5,-1.0315303353600247
26130,5,-0.9862708673787651
26131,5,-1.028173155324014
26150,5,-1.0074382570600773
26152,5,-1.0230145025454331
26155,5,-1.0027569060349033
26158,5,-1.0171594817966836
26170,5,-0.9991384543914266
26173,5,-0.9982968508603148
26187,5,-1.0250770624992915
26208,5,-0.9986396983106598
26212,5,-1.0413438888824205
26220,5,-0.9908359175855856
26221,5,-1.0141187454851837
26237,5,-0.9970595725180269
26238,5,-1.0071949748018834
26243,5,-0.8883567236721107
26244,5,-0.9978086419531449
26246,5,-1.0091701658540986
26259,5,-1.0039088827523863
26270,5,-1.0045284446887672
26273,5,-0.9963550335360459
26277,5,-1.011929555520437
26282,5,-1.01069948280055
26294,5,-1.0012343665122947
26296,5,-1.0073554772056033
26297,5,-0.9996724620068378
26309,5,-1.0027471664714351
26317,5,-1.0009918246585738
26324,5,-1.014057571508618
26329,5,-1.0259136004292837
26345,5,-1.0000577189114372
26346,5,-0.9873563320723354
26347,5,-0.9999387091756031
26351,5,-1.0046208708184263
26358,5,-1.0071902484580864
26372,5,-1.0051412340209123
26374,5,-1.0028080420495398
26382,5,-1.012147455329505
26387,5,-0.999409182218921
26402,5,-1.0169356661915245
26403,5,-0.9881637890262788
26413,5,-1.013089977574348
26425,5,-1.0016278190577697
26428,5,-1.0018350661468785
26429,5,-0.9999225209518325
26430,5,-1.0205886442263072
26434,5,-1.0010001565718953
26438,5,-1.000517091847636
26443,5,-1.004918616406052
26446,5,-1.0057514215392864
26449,5,-1.0162638731941072
26456,5,-0.9969625059918028
26461,5,-1.0060077941321213
26468,5,-1.0177534129418322
26472,5,-1.000064889238274
26483,5,-1.0154771502856308
26484,5,-0.9978395089625562
26488,5,-1.0018793379521624
26491,5,-1.0006903943958911
26500,5,-1.0129851468976265
26507,5,-1.0005991472524676
26515,5,-0.996037921888121
26524,5,-1.0038189428243753
26528,5,-1.003399793682673
26540,5,-1.0187793774429919
26545,5,-1.0055723571431407
26551,5,-0.995691706196541
26554,5,-1.0111911855828792
26565,5,-1.006130750065024
26589,5,-1.0105680576294502
26594,5,-0.9985372799229464
26605,5,-0.9968653612859781
26609,5,-1.017397993404547
26611,5,-1.0002151369786076
26639,5,-1.0137158824714536
26640,5,-0.9984820488078392
26641,5,-1.0114426591797425
26642,5,-1.0118411298645946
26644,5,-1.0060805221942266
26653,5,-0.9923487041352902
26657,5,-1.0068856997105533
26658,5,-1.0146552350254303
26661,5,-1.0011091584464102
26672,5,-1.01803793131137
26684,5,-0.9982902901677235
26686,5,-1.00406166880801
26697,5,-0.9994375876317501
26700,5,-1.0097264837544224
26712,5,-1.016903786709894
26717,5,-1.0292063557753395
26720,5,-1.0111695609108495
26725,5,-1.0079556663547329
26726,5,-1.0010589405349997
26730,5,-1.0085222203119972
26733,5,-1.0055199263802366
26734,5,-1.0045449014980241
26781,5,-1.0095119985603147
26795,5,-0.9972081163399925
26803,5,-0.9978424675104297
26804,5,-1.0021001804602225
26806,5,-1.009836525390511
26808,5,-1.0234848169296806
26809,5,-1.0109096511772773
26812,5,-1.0011833526378657
26814,5,-1.00350735958147
26828,5,-1.0476768850470752
26836,5,-1.015615780289533
26839,5,-1.0017664745620039
26841,5,-0.9952980401254754
26848,5,-1.0016783772041016
26862,5,-0.9951021770232839
26875,5,-1.023449787132423
26900,5,-1.001951392945895
26907,5,-1.0035675255804104
26912,5,-0.999285380521215
26925,5,-1.0112154851005137
26929,5,-1.0058731878124982
26934,5,-0.9929669982149186
26940,5,-0.9891843309579204
26941,5,-0.9992231218062416
26956,5,-0.9961899599492398
26959,5,-1.0060971453189949
26962,5,-1.000025107048157
26966,5,-1.0196165908203414
26968,5,-1.0159308331801222
26977,5,-1.0156695476261077
26979,5,-0.9902998574972779
26981,5,-1.0053054203427516
26989,5,-1.0133015110483963
26996,5,-1.0128502065436513
26997,5,-1.0105975542623895
26999,5,-1.0239105993725364
27004,5,-1.012396930898937
27005,5,-1.0072252156176538
27010,5,-1.0093591904107706
27019,5,-1.021295648970864
27034,5,-1.0078702578502639
27039,5,-0.9870291838449887
27054,5,-1.0062903928318754
27055,5,-1.0058024500446783
27056,5,-1.0030464305369517
27065,5,-1.0470096171351577
27076,5,-1.0180619093817107
27080,5,-0.995554293612545
27086,5,-1.0001812599031372
27091,5,-1.00645090334902
27094,5,-1.0093075287808033
27101,5,-1.0047315066806592
27106,5,-0.9974737227925476
27118,5,-1.0199534816568527
27120,5,-1.0099182648328127
27122,5,-1.0037969517042615
27128,5,-1.006958273998301
27133,5,-1.000914524864354
27134,5,-0.9938202693203765
27136,5,-1.002275525987677
27144,5,-1.0005600295398214
27148,5,-0.9995864176860172
27158,5,-0.9969980274132009
27166,5,-1.0039094301659421
27172,5,-1.0174944775322152
27188,5,-1.0038904853710737
27195,5,-1.0089274193583466
27196,5,-1.00342836530556
27206,5,-1.0036914919426334
27215,5,-1.0259283526132117
27219,5,-1.0080175768433597
27226,5,-1.0183053568471259
27242,5,-1.0238940442897257
27253,5,-1.000371711779469
27259,5,-0.9981122675164482
27271,5,-1.0045597961883996
27290,5,-1.0002714426460646
27293,5,-1.0003882813466163
27296,5,-0.9923910983599264
27297,5,-0.9997191914763752
27302,5,-1.0041041618059585
27307,5,-0.9985252529625774
27328,5,-1.0017716222053556
27334,5,-0.9948348439910681
27338,5,-1.006799565929739
27341,5,-1.0065347331098498
27343,5,-1.0183679061572408
27364,5,-0.9912632675830013
27365,5,-1.0082214228072233
27366,5,-0.9895411225162143
27370,5,-1.0044516839314523
27381,5,-1.0010845564555544
27382,5,-1.0180738996993086
27386,5,-1.0263080743820658
27387,5,-0.9987491035200466
27389,5,-1.0078930064714688
27391,5,-1.000463367779235
27398,5,-0.9935216488371992
27400,5,-1.0133351398534773
27401,5,-0.996081608167851
27406,5,-1.0031405473251036
27407,5,-0.9897041820586804
27409,5,-0.9970081797163821
27411,5,-1.0004885020141163
27413,5,-1.0062851803981214
27415,5,-1.0041511992078056
27425,5,-1.011142474217825
27427,5,-1.0019645951929625
27432,5,-1.0059676050686148
27438,5,-1.0089781575476062
27448,5,-1.0261101356511209
27452,5,-1.014806825735302
27453,5,-0.9906915081494171
27456,5,-1.0036456352419356
27459,5,-1.0125099552995696
27466,5,-1.043171513312046
27470,5,-0.9921312297871385
27472,5,-0.9998853853700561
27503,5,-1.0060670973304044
27519,5,-0.9908664991126533
27520,5,-1.0009884950629577
27526,5,-1.0005829118143719
27530,5,-1.0133093618557159
27540,5,-1.0001436982229834
27545,5,-1.0194576709834688
27546,5,-1.0086095907987258
27551,5,-1.0079235879723265
27567,5,-1.0250553102876778
27575,5,-1.0062346490652623
27581,5,-1.0045574439080716
27590,5,-1.0039437595068272
27603,5,-1.0000857482402465
27612,5,-1.005145359855908
27625,5,-1.0013455797272757
27629,5,-1.0267534318566183
27642,5,-1.0273413516643681
27643,5,-1.0106095462111535
27646,5,-1.048829219144791
27651,5,-1.0056665971195973
27654,5,-1.025019739961777
27657,5,-1.003928274284806
27671,5,-0.9974823749568117
27676,5,-1.057708458969089
27684,5,-1.0283629603398134
27689,5,-1.0484084383010495
27695,5,-0.8876210288003783
27698,5,-1.0510929818495929
27702,5,-0.9572183362275422
27703,5,-0.9693961363575166
27715,5,-0.8542304397721491
27721,5,-0.9237134275214559
27725,5,-1.0358017571835838
27733,5,-0.9548591276859819
27739,5,-0.9728914473185202
27745,5,-1.0197254663514062
27747,5,-0.9876115956417211
27749,5,-0.9289663874643402
27753,5,-0.9996870623767508
27754,5,-0.9760079134304269
27757,5,-0.6501440363381646
27758,5,-0.9529064284618177
27761,5,-0.8745518135254364
27764,5,-0.06350109289901218
27769,5,-1.0205600446846754
27771,5,-0.9774058417045095
27772,5,-0.9154512408997868
27783,5,-0.9774633898354904
27788,5,-1.0189918998842078
27806,5,-0.9194235724922785
27822,5,-0.9805096846027759
27824,5,-1.0091683837666272
27828,5,-0.9461456140788755
27829,5,-0.8993254772857524
27832,5,-0.9207310748044821
27837,5,-0.724562758014567
27842,5,-0.9849822549916156
27856,5,-0.9418353442672536
27863,5,-0.863661171451553
27865,5,-0.8780647653771649
27875,5,-0.6409724188230989
27888,5,-0.9907599175878077
27897,5,-0.8406890371445834
27898,5,-0.9702199565110102
27907,5,-0.8419837886476766
27912,5,-0.9674183491444274
27915,5,-0.9658536380987915
27923,5,-0.9421882229811914
27930,5,-0.7740050868332548
27932,5,-0.9263190885844491
27939,5,-0.9496053154583677
27942,5,-0.9298553135211151
27948,5,-0.9277729658135347
27956,5,-0.9451119421226165
27962,5,-0.914324738296904
27967,5,-0.9076240268623174
27968,5,-1.0002505413942693
27973,5,-0.9927638619206403
27977,5,-0.9936942937235698
27978,5,-0.9749316061040273
27982,5,-0.9989074559017508
28007,5,-0.9967483910983029
28009,5,-1.0143017528116554
28013,5,-0.9862729168024076
28022,5,-0.9946065064492092
28025,5,-1.0003768260195747
28030,5,-1.0417161589222697
28038,5,-0.9857531920396123
28048,5,-1.013717513261212
28053,5,-0.9793795780133139
28057,5,-0.9998148876730405
28067,5,-0.9997613346666748
28070,5,-1.0253667440926904
28072,5,-1.0209915832161476
28081,5,-1.03030817271067
28082,5,-0.9938239811332712
28084,5,-1.0070014117639694
28088,5,-1.010259590083982
28090,5,-0.9898809716399789
28097,5,-1.0299833117087316
28107,5,-1.0167397643152158
28116,5,-1.0183123217827514
28136,5,-0.9498326486470843
28137,5,-0.9685119632631132
28138,5,-1.0065596439062288
28144,5,-1.0094814417793228
28146,5,-1.0059141596337589
28152,5,-1.0148449445488608
28160,5,-1.005626101954637
28162,5,-1.0207904922055349
28200,5,-0.99763498347241
28210,5,-1.0155132850370978
28216,5,-1.0245559474383608
28218,5,-0.33139706155143217
28234,5,-1.0345254465496354
28235,5,-0.9901466322677025
28247,5,-1.025371099094948
28249,5,-1.0189825506339047
28250,5,-1.012656885754748
28255,5,-1.0580621027543113
28256,5,-1.0190435670874016
28261,5,-0.9862697737885985
28265,5,-1.0035275865996218
28266,5,-1.0171765973306925
28270,5,-0.9831766910762234
28274,5,-0.9937526062508087
28276,5,-1.0031713639112665
28278,5,-0.9844253540088131
28289,5,-0.9950676750254281
28290,5,-1.0328881489611477
28291,5,-0.9873393320933092
28299,5,-0.9608959064639948
28311,5,-0.9960469540572003
28314,5,-0.9917142067125713
28320,5,-0.8900381414921366
28329,5,-1.0372250037364164
28332,5,-1.0034230547350695
28333,5,-0.9630119149848583
28345,5,-1.0310858554499078
28348,5,-1.000851973137993
28363,5,-0.9955403053495696
28369,5,-0.9990668571937535
28374,5,-0.9676226056140693
28379,5,-1.010447596602263
28381,5,-1.0067183312037329
28385,5,-0.9914189276686219
28386,5,-1.025087881494895
28388,5,-0.9483592380341203
28412,5,-0.9881003251628001
28427,5,-1.0085296784707452
28428,5,-0.9968392805202679
28431,5,-0.9668251724968293
28435,5,-0.9803170460589723
28464,5,-1.0170932546064368
28467,5,-0.9814179400942961
28473,5,-1.0110809758650334
28488,5,-0.9972110146277179
28507,5,-1.0115666169992106
28521,5,-0.9968826014634209
28528,5,-0.9536093903130427
28538,5,-0.9661502034269233
28548,5,-1.001017594700004
28549,5,-0.9989270903429268
28550,5,-0.9867777562255868
28557,5,-0.85403091125368
28567,5,-0.9360649469268314
28579,5,-1.0005483216689188
28581,5,-0.9735275124939153
28584,5,-0.9793912907651767
28585,5,-0.9967361667624538
28596,5,-0.9739548246440284
28605,5,-1.0130141579572072
28610,5,-0.9403571482015496
28611,5,-1.0010331271466373
28612,5,-0.9597922921442592
28616,5,-1.0336254055795626
28621,5,-1.0273537170955465
28623,5,-0.9387688077481811
28625,5,-0.992284581909944
28629,5,-1.0006367043295692
28634,5,-1.0186174774201846
28636,5,-1.0342269891974518
28643,5,-1.0008525685571068
28648,5,-1.0047425383046709
28651,5,-1.0072447857206857
28669,5,-1.0086557737196111
28670,5,-0.9815120983850891
28680,5,-1.014568091066596
28681,5,-0.999358772163078
28689,5,-0.9707224250081696
28692,5,-0.9942177884453014
28694,5,-0.9680802511042961
28704,5,-0.9983851308375418
28711,5,-1.0231022004171093
28712,5,-1.037050300631917
28713,5,-0.9875565492668943
28732,5,-0.9220177861128666
28733,5,-0.9963581496688241
28746,5,-0.9762973834192392
28760,5,-0.9957784371553485
28769,5,-1.0115598626627706
28774,5,-1.0122561608070426
28785,5,-0.9785471608659836
28796,5,-1.0015961737541916
28799,5,-1.0133495876324612
28801,5,-1.021064978600499
28802,5,-0.9993898795240973
28808,5,-0.9832851084690948
28819,5,-0.9903689734549888
28827,5,-1.052047992601384
28835,5,-0.9950563605179209
28861,5,-0.9819535683299989
28876,5,-1.000968063407136
28893,5,-1.0139701630463378
28901,5,-1.0355670292405643
28902,5,-0.9246138979913612
28905,5,-1.0225852434311564
28915,5,-1.0360555532738258
28921,5,-1.0306263069652042
28925,5,-0.9888321553549339
28930,5,-1.042597043897741
28939,5,-0.9922812095946932
28944,5,-1.002804026879292
28955,5,-1.0228947997007407
28956,5,-1.0048749622454034
28966,5,-1.002112128003108
28968,5,-0.9952163330370294
28975,5,-0.9973881212785147
28978,5,-1.0129267949849512
28990,5,-1.0019697128545562
28993,5,-1.0130317553959043
29000,5,-1.0115617407149766
29013,5,-1.0153082514963065
29017,5,-1.0075431467271518
29018,5,-0.9995178639145388
29033,5,-1.016389702836051
29036,5,-0.9947269717484606
29043,5,-1.034698091086531
29047,5,-0.9889574109968187
29048,5,-1.0203823430376788
29058,5,-1.0004179995692741
29063,5,-1.013698634274498
29065,5,-1.1261844633668514
29070,5,-1.0149363201881363
29079,5,-1.0206022493706808
29083,5,-1.0159488850129603
29084,5,-1.0688655338324735
29088,5,-1.0004818478563262
29093,5,-1.0263723021340336
29114,5,-1.022476486238839
29117,5,-1.000936913171778
29120,5,-1.0082209656318264
29127,5,-1.0258261735377237
29134,5,-0.9901394239774595
29137,5,-1.0100081657193982
29145,5,-1.0049429028772632
29146,5,-1.0095507151223146
29164,5,-1.0226973938106232
29169,5,-1.0146167407109403
29177,5,-1.0037191602219822
29181,5,-0.9932182593541383
29191,5,-1.0156750895760587
29229,5,-0.9906533487519684
29230,5,-0.997353581082527
29231,5,-1.0023355915339915
29233,5,-1.0121136729254772
29242,5,-0.997081883635508
29248,5,-0.984716103263598
29250,5,-1.0149860467457053
29255,5,-0.9746633726668693
29264,5,-1.0117026069836375
29267,5,-1.0044587973740136
29270,5,-1.0061588125350325
29283,5,-1.0177591049329433
29288,5,-0.9737336472360106
29290,5,-1.005173549667128
29296,5,-1.0092868197897873
29311,5,-1.0004850086416606
29313,5,-0.9912003582573155
29316,5,-1.0229223012766584
29320,5,-1.0151961229057411
29321,5,-1.0293851739560471
29336,5,-1.0128366137357312
29344,5,-1.0272178738620812
29345,5,-1.0116163941597955
29348,5,-0.14998639497235544
29358,5,-1.0176594316439693
29361,5,-1.0111451056903866
29365,5,-0.9860014529667093
29368,5,-1.0032999315887436
29381,5,-1.0106691674530714
29387,5,-1.0469194335014524
29390,5,-1.0053885846903698
29396,5,-1.0568178217440694
29401,5,-0.9517857461944956
29403,5,-1.065116417165656
29405,5,-1.0257093528665515
29416,5,-1.0255199986836296
29431,5,-0.9851324854617348
29452,5,-0.9998067725333639
29453,5,-1.0093781296670135
29464,5,-0.992773578708099
29479,5,-1.00301826227119
29481,5,-1.0089695821140818
29498,5,0.045871163659216285
29499,5,-1.0193843475807347
29502,5,-1.0274138894196607
29507,5,-1.005152235460959
29509,5,-1.0043146640042049
29510,5,-0.17931716103146855
29517,5,-1.0634595880833972
29524,5,-1.0243373332021979
29525,5,-1.0037752292407724
29533,5,-0.9952445465094912
29558,5,-1.037299164312639
29571,5,-1.0434877254244554
29581,5,-1.0182682346023217
29584,5,-1.0063743483246714
29586,5,-1.017418538334094
29593,5,-1.019952257924501
29598,5,-0.9882862737414483
29599,5,-1.0231372369432266
29609,5,-0.974841237646256
29611,5,-1.0438048900867172
29620,5,-1.0144983767895304
29628,5,-1.012074103428536
29640,5,-1.0014955744525034
29646,5,-0.9465223704503114
29651,5,-1.0143182141254241
29654,5,-1.0047647871611889
29658,5,-0.9992309421825356
29668,5,-0.9261766354738603
29669,5,-1.024117402771491
29674,5,-1.053652847138769
29677,5,-0.9977356054538089
29685,5,-0.9847508697388329
29706,5,-1.0159798241438809
29710,5,-1.0140471005662401
29714,5,-1.045194537977213
29726,5,-0.9612888954790937
29727,5,-0.9983664404158105
29732,5,-1.000217642339369
29736,5,-0.9814676592438399
29738,5,-0.9920824597776337
29747,5,-0.9674988363195389
29750,5,-1.0005200149715923
29762,5,-1.0223259570944951
29776,5,-1.0201294475583507
29780,5,-0.9925971429097197
29782,5,-1.0113551828375114
29792,5,-0.9961659003238672
29794,5,-1.0292377161134005
29805,5,-1.0328595502356976
29815,5,-1.009747406751753
29816,5,-1.0320670798631628
29842,5,-1.0234009207340535
29848,5,-1.0146011383514875
29850,5,-1.011808586398001
29865,5,-1.0331108338975206
29866,5,-0.9743268911589691
29869,5,-1.0250067053142446
29873,5,-1.008174068197003
29884,5,-1.0010376047265894
29905,5,-1.0118130825953224
29908,5,-1.0086907922917365
29919,5,-1.0094055017079295
29928,5,-1.0431135051826894
29958,5,-1.0624300770678834
29961,5,-1.0229826345754534
29967,5,-0.9987885024436477
29972,5,-0.9903195359412176
29976,5,-0.9598243534827614
29985,5,-0.946365544910912
29987,5,-0.9363023524182456
29998,5,-1.0341442290667588
30009,5,-0.998779203073516
30036,5,-0.9337134071024108
30037,5,-0.9849667438628267
30041,5,-0.9610511453695892
30042,5,-0.9807851453250882
30045,5,-0.9385407561805093
30049,5,-0.985833751003601
30054,5,-0.9453328745210353
30055,5,-0.9940762107715465
30056,5,-1.0168735591200462
30063,5,-0.995274837139728
30064,5,-1.0400842651816304
30066,5,-0.95665427471853
30082,5,-1.0252993802414754
30092,5,-1.0022934270595862
30093,5,-0.9973026090306409
30094,5,-0.9973026090306409
30095,5,-1.0226169448743407
30096,5,-0.9903300775890129
30099,5,-1.0154344969577287
30113,5,-0.993778325177801
30115,5,-1.0132610276006209
30122,5,-0.9692695370558045
30123,5,-0.76367519677165
30124,5,-0.8501485752669976
30126,5,-0.9803794149319534
30139,5,0.2673702025390535
30140,5,-0.9956243071631017
30146,5,-0.9844094417053583
30156,5,-0.9924399059354341
30157,5,0.7170010568697336
30159,5,0.3490651307979573
30169,5,-0.9905276089627348
30172,5,-1.002254179049208
30176,5,-0.9910445907204456
30178,5,-0.9992442755531505
30186,5,-1.0141236906198507
30189,5,-1.0113163392436868
30198,5,-0.9844094417053583
30204,5,-0.9919593554453441
30206,5,-1.031785923604243
30213,5,-0.9973173374884993
30214,5,-0.9030505260076531
30239,5,-0.9928347347256345
30240,5,-0.9802671765140768
30287,5,-1.0061434445014512
30292,5,-0.9835354695193417
30295,5,-0.9694490562937887
30297,5,-1.0170680929313676
30309,5,-0.9959424260741128
30310,5,-1.01941039697742
30313,5,-0.9676339748135867
30319,5,-1.0314365306667022
30320,5,-1.0089693376754194
30328,5,-0.9319215533167506
30338,5,-0.995689435384993
30340,5,0.031298355497903385
30345,5,-1.0145614473999585
30347,5,-1.0074019676913426
30348,5,-1.0166250011646807
30358,5,-1.000020569454698
30361,5,-0.995639078724496
30364,5,-1.01815192562397
30366,5,-0.9812390767306934
30371,5,-1.0136824347621847
30376,5,-0.9894243475220343
30379,5,-0.9162142705844215
30385,5,-1.0044763016674192
30394,5,-0.9961764850918523
30395,5,0.43650504648675836
30398,5,-0.9924188542870487
30438,5,-0.8194108652054933
30448,5,-0.32645855646635513
30449,5,-1.0216856927983293
30456,5,-1.0446459030252457
30458,5,-1.011432776715857
30461,5,-1.0085251493703882
30463,5,-0.516482040303954
30465,5,-1.0073853597092417
30477,5,-1.0043370160812237
30493,5,-1.056598064278272
30495,5,-1.0612119846743893
30509,5,-1.0618554685845394
30515,5,-1.0417539838875953
30518,5,-1.0025478736768383
30520,5,-1.0164251676407794
30525,5,-1.0110172655312595
30529,5,-0.9920673310144832
30540,5,-0.9893845469062204
30542,5,-1.0057091937352984
30550,5,-1.0322346231508788
30568,5,-1.0535956567194316
30569,5,-0.9669179584824544
30570,5,-0.9832433840873419
30591,5,-1.0102414393526802
30592,5,-0.9650894209876179
30595,5,-0.4736574636148221
30609,5,-0.7230676252514482
30615,5,-1.0620886469580326
30617,5,-1.0088805129012481
30622,5,-1.0083511414491428
30623,5,-0.98318875573429
30626,5,-0.6700218500616701
30629,5,-0.9688356324874641
30635,5,-1.0358558491596792
30645,5,-1.02642475123988
30652,5,-1.0014036229255843
30659,5,-1.035694191098298
30677,5,-1.0025433482535175
30693,5,-1.002639245134032
30711,5,-1.007979757038778
30714,5,-1.0037824980682641
30717,5,-1.0037419221181243
30719,5,-1.0037419221181243
30727,5,-1.0038200054501885
30728,5,-1.0037721821416983
30729,5,-1.0205950954836773
30732,5,-0.9979938707975156
30734,5,-0.998752520418913
30754,5,-1.0009713473703394
30756,5,-1.0271715938444368
30757,5,-1.005634795115446
30759,5,-1.0108133471050929
30763,5,-1.0160563805265004
30773,5,-1.0122591416620932
30774,5,-1.0093941961234032
30776,5,-1.0267599134500252
30785,5,-0.9998438330542132
30786,5,-1.031067412755117
30797,5,-1.0030131976011565
30798,5,-0.9990292850451326
30813,5,-1.027360656901176
30825,5,-1.015536238508639
30831,5,-1.0259663377032433
30832,5,-1.0028806412271163
30833,5,-1.0382990081349113
30841,5,-0.9903353387605317
30844,5,-0.9992618312907036
30848,5,-1.0226037320229084
30852,5,-1.0184554029449935
30857,5,-1.0605783289320694
30861,5,-1.002059575131451
30879,5,-1.0035578792536148
30882,5,-1.0018412549352713
30884,5,-1.0143426250163
30886,5,-1.005267129542755
30891,5,-1.001386886613866
30896,5,-1.0033352080933269
30901,5,-1.0516579522697078
30914,5,-1.0439729304942889
30925,5,-0.9967580543779168
30932,5,-1.0079479262130244
30937,5,-1.0195623482372422
30943,5,-1.0577330482558753
30950,5,-1.0066621575611228
30957,5,-1.0053051419526484
30958,5,-1.0216012392952944
30966,5,-1.0145812389536673
30968,5,-1.0107140634178275
30972,5,-1.0121525955293023
30978,5,-0.9910081889841864
30984,5,-1.0011318133662273
30994,5,-1.0028445088195073
30996,5,-1.0021918534145646
30997,5,-1.0090445386181015
30999,5,-1.0087605289675814
31000,5,-1.010768494288217
31003,5,-1.002059575131451
31014,5,-0.9912463321286339
31017,5,-1.023839861675084
31019,5,-1.002364440783804
31024,5,-1.0754469069557229
31033,5,-1.0372494618896277
31036,5,-1.0484630924229992
31039,5,-1.01359558579376
31042,5,-0.9934835681701613
31044,5,-1.042521731733316
31065,5,-0.9979699674640217
31071,5,-1.0055192723346562
31075,5,-1.0079783017956947
31082,5,-1.0108039092684327
31089,5,-1.0006114682868492
31117,5,-1.0001556409356211
31118,5,-1.0104929235642008
31132,5,-1.0114427400558283
31142,5,-1.0405560735504058
31150,5,-1.0042355006819648
31151,5,-1.0313451713234154
31157,5,-1.000013367104383
31159,5,-1.0046328402195173
31162,5,-1.0265703296072908
31164,5,-1.027897908421148
31167,5,-1.005951765323056
31168,5,-1.001665355243591
31176,5,-0.6592383649290079
31181,5,-0.996707474704152
31183,5,-1.001024398913592
31184,5,-1.0046452007699895
31187,5,-1.009204390654185
31191,5,-1.006218249481111
31195,5,-0.9625039178523247
31214,5,-1.0305012838187628
31215,5,-1.007073894646274
31216,5,-0.9359673512466713
31225,5,-1.037338914025613
31232,5,-1.005458160995659
31235,5,-1.009903694032164
31236,5,-0.999757322297931
31241,5,-1.007949064188458
31245,5,-1.0028361669681296
31247,5,-1.0007018617834316
31248,5,-1.0254617451848316
31249,5,-0.9983847726373318
31252,5,-1.0045560555922386
31255,5,-1.001559797567885
31268,5,-1.0121229793327435
31272,5,-1.0069210211396782
31276,5,-1.0023768002133238
31288,5,-1.0275459312808646
31289,5,-0.9985871189032902
31290,5,-1.0139028605385958
31291,5,-0.9347859827129361
31313,5,-1.0119659969150727
31320,5,-1.0578061170989428
31331,5,-1.0316797115391283
31337,5,-1.0030837141970812
31342,5,-0.9999070652507296
31344,5,-1.0103752934609158
31345,5,-1.0140565126231993
31348,5,-1.0033099236939527
31349,5,-0.7215141359809208
31369,5,-1.0160309700199444
31370,5,-1.0222528306424334
31374,5,-1.0018435432616442
31376,5,-1.0091287799062219
31377,5,-1.0047966082856192
31379,5,-1.0030525687623566
31380,5,-1.0087790664501124
31381,5,-1.0171549653041785
31393,5,-1.015234242699247
31395,5,-1.0028554311619196
31402,5,-1.0016557975055493
31403,5,-0.999441381782434
31405,5,-1.002607547749886
31425,5,-0.9891496807943059
31429,5,-1.0028266149725709
31441,5,-1.01147256653096
31442,5,-1.0272141052463064
31454,5,-1.0145657696688533
31458,5,-1.0097102811217815
31467,5,-1.0225298206762474
31478,5,-1.0085503709511723
31479,5,-1.0301343287725482
31480,5,-1.0019208398919253
31483,5,-1.0346715254547725
31488,5,-1.0103479082851698
31489,5,-1.0355443378802975
31490,5,-1.0366308882039699
31493,5,-0.9738724285633394
31495,5,-1.0081458752374823
31499,5,-1.0197986842775169
31520,5,-1.0102602213894833
31532,5,-1.0267929363064723
31537,5,-1.0421168650438202
31538,5,-1.0078734879430746
31539,5,-1.011881939222568
31545,5,-1.00880095240105
31548,5,-1.005297184763698
31549,5,-1.0067686002027167
31552,5,-0.9907865434031424
31556,5,-1.0101758273028385
31560,5,-1.004474650983692
31561,5,-1.0262373324878324
31562,5,-1.025171931010538
31564,5,-1.0100331223264185
31575,5,-1.0034289036101816
31588,5,-1.027483101645329
31590,5,-0.7394426471934559
31602,5,-1.0055381813913769
31606,5,-1.0053713239705746
31607,5,-1.0040609079947247
31608,5,-1.0121299552364411
31613,5,-1.0445702302822584
31629,5,-1.0074293536271977
31633,5,-1.0421861002493789
31634,5,-0.9935419289344156
31647,5,-1.0073109934472657
31650,5,-0.9983737349266539
31653,5,-1.0210891712413583
31666,5,-1.0036074299002635
31670,5,-1.0057934886240858
31690,5,-1.0370801566402195
31692,5,-1.0200150077069152
31696,5,-1.0008505280554822
31708,5,-1.0121319501604176
31710,5,-1.0186774400327239
31711,5,-0.9945613620952025
31724,5,-1.002979502236795
31738,5,-1.022317188312663
31740,5,-1.0189728966340987
31743,5,-1.0541816022589203
31748,5,-0.9997514036228305
31750,5,-0.9868499221989594
31754,5,-1.010764669624458
31763,5,-1.0096413243141855
31769,5,-1.0103669627242784
31779,5,-1.028372100690681
31782,5,-1.0121299552364411
31793,5,-1.0031518062502207
31796,5,-1.0073721469734787
31806,5,-1.0073721469734787
31813,5,-1.0120533090485435
31817,5,-1.007384050573939
31819,5,-1.0070514059996891
31823,5,-1.0203468540541585
31833,5,-1.045102866967359
31845,5,-1.0035471162170007
31852,5,-1.0024945002741497
31866,5,-1.0226644287049655
31875,5,-1.0790547550079985
31876,5,-1.0287294478517852
31877,5,-1.0077354502859315
31880,5,-0.9994197254678318
31888,5,-1.0272388708128481
31889,5,-0.9922338616476195
31890,5,-1.026609876188536
31904,5,-1.0267513203108476
31920,5,-1.0308627996941502
31928,5,-1.0015356849504142
31932,5,-1.0061892120276708
31947,5,-1.0089732774105382
31958,5,-1.009241088356432
31961,5,-1.0181516130771509
31962,5,-1.0267513203108476
31965,5,-1.0056071174122299
31984,5,-1.0048649088867756
31985,5,-1.0039254620473663
31986,5,-0.9930112854222057
31999,5,-1.0466255537047462
32001,5,-1.01114458411319
32007,5,-1.0070404127539876
32013,5,-1.0059989431064347
32018,5,-0.9982148367083835
32020,5,-1.005180911028143
32021,5,-1.0048934380085577
32040,5,-0.9998971774531378
32041,5,-1.0202642853559167
32046,5,-1.0047579020427604
32047,5,-1.0048296830414123
32054,5,-1.0167592923723676
32058,5,-1.0571701047731208
32067,5,-1.0134149763021387
32068,5,-1.0459191439799858
32074,5,-1.0026168356590828
32095,5,-1.0023710491056317
32096,5,-0.9979198617726331
32098,5,-1.0195121036204644
32118,5,-0.9993093733352155
32132,5,-1.0028980051270195
32136,5,-1.0156497004164942
32139,5,-1.0046729942573345
32143,5,-1.0147648456022933
32151,5,-1.010039956404575
32155,5,-1.002428743477639
32163,5,-1.0242122969652971
32170,5,-1.0276186557933191
32172,5,-1.0009914771142272
32176,5,-1.0239042654053034
32177,5,-1.0068182089393347
32183,5,-1.0091634209767222
32186,5,-1.0366774338738232
32191,5,-1.0294828730389296
32195,5,-1.0688607796179368
32198,5,-1.010854045554269
32206,5,-1.0173037666989146
32208,5,-0.999721091043944
32211,5,-0.9992474788660962
32217,5,-1.0008076680468136
32227,5,-1.0290292786668935
32231,5,-1.0170802815348794
32233,5,-1.0457858158923188
32234,5,-1.0010166290957079
32235,5,-0.9941302150419438
32241,5,-1.0251709585070716
32249,5,-1.0148991514344612
32255,5,-1.0070007569918284
32265,5,-1.0019135511520485
32280,5,-0.9937971285376569
32285,5,-1.0018630290967403
32293,5,-1.0031707762770892
32309,5,-1.000444810987361
32316,5,-1.007679997599891
32320,5,-1.043467583282148
32328,5,-1.0047508002346757
32338,5,-1.0054031872527565
32370,5,-1.0142151743113321
32377,5,-1.0502202153606541
32380,5,-1.0130793742154565
32382,5,-0.6523055977694419
32404,5,-1.0243561641825167
32405,5,-1.0108682733627328
32410,5,-1.0157095727541414
32419,5,-1.0012674291312749
32423,5,-1.0036289149619657
32431,5,-1.0001859021660924
32433,5,-1.0454360837314902
32436,5,-0.9993836536357488
32448,5,-1.007814958829253
32452,5,-1.0027887050056512
32453,5,-1.021527706238693
32458,5,-1.0702321573875615
32460,5,-0.9989645060776968
32464,5,-1.0207109176888716
32468,5,-1.0362342693309023
32469,5,-1.013925801678723
32481,5,-1.015031200877829
32493,5,-0.9905426499059697
32496,5,-1.0053080293309917
32500,5,-1.0033584841183054
32511,5,-1.0380159111283178
32522,5,-1.038105833885932
32525,5,-1.0109850161275686
32526,5,-1.0118227288470247
32538,5,-1.0164583496410637
32543,5,-1.0170593668760797
32553,5,-1.0206201601258513
32556,5,-0.9777006771525261
32571,5,-1.006196004406646
32576,5,-0.9973682120074223
32580,5,-1.0048486105701908
32594,5,-1.0019465273165418
32596,5,-1.0081876709889814
32597,5,-1.044562475739466
32604,5,-1.0051190201308609
32620,5,-1.0124413488344461
32623,5,-1.0008521785536615
32631,5,-0.9983216817034863
32638,5,-1.0311907943868523
32641,5,-1.0570031603177443
32651,5,-1.000301658508354
32656,5,-1.0734167966228454
32664,5,-1.010232122381285
32667,5,-0.9982719878339699
32686,5,-1.0138334881039943
32695,5,-1.0037197588554445
32696,5,-1.0001446571648307
32698,5,-0.9993783046324204
32701,5,-1.0057816143737894
32702,5,-1.0124896046247476
32703,5,-1.0001473116844293
32712,5,-1.042032042871536
32722,5,-1.0053716682461817
32725,5,-1.0215928357942774
32726,5,-1.012037114897669
32731,5,-1.0016726417605437
32732,5,-1.026814611582815
32737,5,-0.9941291790093902
32740,5,-0.9920791165273897
32743,5,-1.0153831145785364
32748,5,-0.9996192544637347
32751,5,-1.0111237789827368
32759,5,-1.0161149379753946
32778,5,-1.002599691990869
32781,5,-1.0036657257675459
32785,5,-1.008267201592123
32788,5,-1.0306850859363914
32792,5,-1.0195369103771605
32793,5,-1.0123172283363742
32798,5,-1.0019442827472478
32802,5,-1.0036462254141036
32803,5,-1.0420151593502631
32804,5,-1.0023371303938795
32818,5,-1.0071477467042718
32836,5,-1.0204961430076935
32844,5,-0.9960799086558575
32845,5,-0.9980671091548803
32849,5,-1.0034037545523575
32855,5,-1.0071200521550299
32857,5,-0.9863290262153621
32859,5,-1.001290775617301
32869,5,-0.9985786944980499
32874,5,-0.9986082096317812
32882,5,-1.0419561073489112
32884,5,-1.0185463112266222
32887,5,-1.0268583817881936
32893,5,-1.0111385141400828
32897,5,-1.008705863912243
32900,5,-1.0339194275645758
32903,5,-1.0050437210788132
32904,5,-1.0102058950575452
32911,5,-0.9804964379315788
32912,5,-1.0036402306760763
32924,5,-1.0009552116066271
32927,5,-1.017859019001483
32932,5,-1.017424387012627
32939,5,-1.0072694491123508
32953,5,-1.0171636637297001
32962,5,-1.0161422739145867
32973,5,-1.0176365547575579
32974,5,-1.0279919882383761
32975,5,-1.0240946997035607
32976,5,-0.9991467334433489
32980,5,-1.0365416382238293
33000,5,-1.0258428465298661
33004,5,-1.0038378659951621
33010,5,-1.0654739763917584
33011,5,-1.0059902364437334
33014,5,-1.002289188519389
33015,5,-1.007106775302572
33016,5,-1.023959601262104
33017,5,-1.049895464280579
33026,5,-1.0124429709945484
33036,5,-0.9989271139153184
33037,5,-1.0298358020146368
33048,5,-1.0279196073923356
33051,5,-1.0104291879242875
33056,5,-0.9393693684411034
33069,5,-1.005701302084496
33075,5,-1.004684207947273
33083,5,-1.0124547098908183
33084,5,-1.0239879153636369
33097,5,-1.000467292154712
33099,5,-1.000145112199156
33108,5,-1.0142721631440472
33117,5,-1.0101183450966253
33118,5,-0.9965645158706584
33123,5,-1.0226108702488934
33158,5,-1.00504302305159
33162,5,-1.0046287263066018
33164,5,-1.0366458544548642
33177,5,-1.1070965022678658
33181,5,-0.9969253368372881
33185,5,-0.9971620847841995
33189,5,-0.8439645385121253
33192,5,-1.0830510464438576
33202,5,-1.0109957215728298
33213,5,-0.9991046385065419
33228,5,-1.0778846963451425
33231,5,-1.053178376911179
33234,5,-1.007523387592813
33255,5,-1.0024395777221593
33261,5,-1.0057225510470087
33263,5,-1.0090140062835817
33267,5,-1.044566161159949
33269,5,-1.0035914108162796
33280,5,-1.032048474769557
33282,5,-1.028005313506331
33296,5,-1.00245044094369
33307,5,-0.9937431540131638
33309,5,-1.018697354727561
33312,5,-1.0091193132717517
33314,5,-1.0297642006719496
33321,5,-1.1214037770021026
33323,5,-0.9964083913983763
33338,5,-1.0237125718276574
33341,5,-1.080635527020326
33351,5,-1.0131777418608214
33352,5,-1.0098914534959726
33357,5,-0.9827737130505336
33366,5,-1.007602231549987
33376,5,-1.0014947805409018
33385,5,-1.0356629193118576
33397,5,-1.0205391241756276
33399,5,-1.0008080657438265
33403,5,-1.0085564261706226
33408,5,-0.9966046097765431
33412,5,-1.040357625221899
33415,5,-1.0427168198746086
33427,5,-1.0557401504839101
33431,5,-0.9265752081140501
33441,5,-1.0384089821662035
33445,5,-1.0043565186439483
33454,5,-1.0095279263588472
33456,5,-1.016231893274108
33458,5,-0.9765196124786526
33474,5,-1.0329702100944804
33476,5,-1.0159279038546438
33482,5,-1.0492082475397229
33485,5,-0.9926626315495983
33487,5,-1.075512524977241
33498,5,-1.021804629061493
33499,5,-1.0001236332318237
33503,5,-1.016105340266733
33505,5,-1.0307343561459432
33511,5,-0.9977231778859788
33519,5,-1.0020635277001515
33521,5,-1.000570850077185
33531,5,-0.9977231778859788
33535,5,-0.9987249875444015
33537,5,-1.0275887075170487
33538,5,-1.0444589956464765
33542,5,-1.0204604344938533
33558,5,-1.0110352337609738
33563,5,-1.0423884674094304
33566,5,-1.0065860310406811
33595,5,-1.0025887013558141
33596,5,-1.0527073055164218
33605,5,-1.0523149356478714
33609,5,-1.0076699084230532
33612,5,-1.0400738214951901
33614,5,-1.0589231636671592
33628,5,-0.9833651077554785
33643,5,-1.0043091967677462
33647,5,-1.0355277926006752
33649,5,-1.0363466960534373
33664,5,-1.0201816510043917
33668,5,-0.9913396993391268
33670,5,-1.0684800641316348
33689,5,-1.0214987688023822
33707,5,-1.0022252666594753
33717,5,-0.9968191625520955
33725,5,-1.0033546497578123
33748,5,-1.0040002388830684
33749,5,-1.0248084794118708
33757,5,-0.7409750496710121
33758,5,-1.0213069825552714
33761,5,-1.0002585546044143
33774,5,-1.0196913825082294
33784,5,-1.0180972545065887
33786,5,-1.0105735764242325
33795,5,-0.9813538950019917
33796,5,-1.00740435661034
33802,5,-1.0279148788850963
33810,5,-1.006641718100012
33814,5,-1.0198376373690767
33815,5,-1.005293077222844
33818,5,-1.0163876417184237
33826,5,-1.014196708310323
33838,5,-1.012073841523655
33839,5,-1.0082468644807685
33850,5,-0.9957947790031738
33854,5,-1.0272670170538278
33862,5,-1.0232946583510836
33863,5,-1.0005976851852814
33867,5,-0.9951261045381543
33876,5,-0.9941490393353171
33877,5,-1.0111377749420103
33894,5,-1.0081758251348865
33903,5,-1.0023072209603077
33904,5,-1.0236541997333768
33907,5,-1.0001806011769097
33918,5,-0.9812167007640189
33919,5,-1.0073432002952583
33924,5,-1.0050393358391814
33931,5,-0.9978168709252353
33938,5,-1.0798675195124972
33942,5,-0.9711679493247557
33947,5,-1.0319848217051155
33951,5,-1.0064222431834338
33953,5,-1.0152774840494783
33954,5,-1.029290996325324
33955,5,-1.0243908237971084
33970,5,-1.0138657293753723
33983,5,-0.9946856070377755
33995,5,-1.0167455257016853
34000,5,-0.9198178740860031
34007,5,-1.0153223830455769
34019,5,-1.0082355536400445
34025,5,-0.9996360683632736
34029,5,-1.0016712139590132
34031,5,-1.0342638971593205
34051,5,-1.0149367390209019
34059,5,-1.0118930520485305
34065,5,-1.024863980064079
34073,5,-1.030880531631393
34074,5,-1.021009241862291
34082,5,-1.0102481354228492
34083,5,-1.0112593064824167
34094,5,-1.0223670854978866
34099,5,-1.0207846263652742
34105,5,-1.0095188724670123
34131,5,-1.033884991738402
34137,5,-1.0076724128521848
34138,5,-1.047118686471126
34147,5,-1.0100204984575547
34151,5,-1.0108920867163513
34156,5,-1.0223768565991578
34157,5,-1.041192032527737
34164,5,-0.9911177290787289
34165,5,-1.0104556247344587
34167,5,-1.0145550757105275
34169,5,-1.0039475702138403
34182,5,-1.0014681598758257
34186,5,-1.0279931155638975
34187,5,-1.0237294562009909
34188,5,-0.901873354043065
34190,5,-1.0181591109253816
34195,5,-1.0003471640535984
34202,5,-0.9900468868580078
34206,5,-1.0119490625457552
34209,5,-1.028834017155546
34212,5,-0.9937621577546536
34229,5,-0.9916714596713924
34236,5,-1.0036780295126726
34240,5,-1.0554391193813435
34242,5,-1.0270844441471934
34254,5,-1.010097043120588
34262,5,-0.994305168434367
34266,5,-0.993150245686785
34268,5,-1.0221930400469454
34271,5,-1.0176122643864083
34276,5,-1.0244296856098867
34280,5,-1.0184482336909033
34290,5,-1.0441875640455947
34312,5,-0.9938792502910924
34313,5,-1.0066166417337237
34322,5,-1.0075528388993713
34327,5,-0.9994874866607383
34332,5,-0.9877566239257755
34337,5,-1.014787679180002
34352,5,-0.9758206621216745
34357,5,-1.0062826123630026
34358,5,-1.0062826123630026
34365,5,-1.009251206970676
34367,5,-1.0217549070681728
34368,5,-1.0009745240546524
34378,5,-1.013738836612052
34385,5,-0.9894792452555174
34393,5,-1.0266533259313249
34401,5,-0.9818137406899966
34418,5,-1.0129022929186253
34442,5,-1.0218155832439961
34443,5,-1.011606089093291
34449,5,-1.0016209837629033
34461,5,-0.9967298961546778
34462,5,-0.5706499502326374
34468,5,-0.9917453540742469
34469,5,-1.0024628572687782
34477,5,-1.0097690644250554
34485,5,-1.0000201268343565
34487,5,-1.0260453680245971
34503,5,-1.0497798912397607
34510,5,-1.0014868676712085
34516,5,-1.0067980364475149
34517,5,-0.9985971807925841
34544,5,-1.0082083757033762
34553,5,-1.0013050210259653
34557,5,-1.0000197771255772
34564,5,-1.0266169096770625
34570,5,-1.0137447632181822
34571,5,-1.0229055886358174
34574,5,-0.9984502868717562
34575,5,-1.0018157845905789
34577,5,-1.0682165613722174
34579,5,-1.0191898132927852
34582,5,-1.0337505615270752
34585,5,-1.0136846928523144
34594,5,-1.0071357174238211
34595,5,-1.0149954341396816
34598,5,-0.9972485113489501
34599,5,-1.003055760532443
34602,5,-1.0033657992462355
34607,5,-1.004988103429667
34608,5,-1.0059572519368358
34609,5,-1.0237021369978756
34612,5,-0.9958939210489839
34613,5,-0.9936381854287021
34619,5,-1.0375121090633526
34625,5,-0.9958623054766218
34643,5,-0.994238031037652
34656,5,-1.088863039379826
34675,5,-1.0044276453055005
34677,5,-1.0063859723159643
34679,5,-0.9958658821469858
34680,5,-1.0174258723159932
34687,5,-1.0052953542027294
34691,5,-1.044503208704982
34694,5,-1.0242468642065519
34696,5,-1.0452887741286458
34701,5,-0.9974883318653622
34708,5,-1.0008354170736105
34712,5,-1.0025198545091096
34723,5,-1.0214323173511013
34727,5,-1.009353383234303
34729,5,-1.0010111017253125
34746,5,-1.0413630861074856
34748,5,-0.9973970033437385
34757,5,-1.059163002192434
34761,5,-1.0113093031388907
34767,5,-1.0434318316465228
34777,5,-0.9955011163449243
34784,5,-1.0262856084532388
34794,5,-1.002867362510825
34798,5,-1.007842831409891
34806,5,-0.9959559080048325
34808,5,-0.9975503978833679
34809,5,-1.03420500273877
34824,5,-1.0031682875869574
34829,5,-1.0084590771881308
34832,5,-0.998416345838131
34835,5,-0.9916562227909917
34845,5,-0.9941102147044082
34846,5,-1.0338396389777
34847,5,-0.9474481775673453
34859,5,-0.9938480021510243
34873,5,-1.004926426859154
34875,5,-1.0141469361940891
34876,5,-1.0886582055416723
34880,5,-1.023931472182368
34885,5,-1.0002479303845124
34889,5,-1.0038579136326193
34890,5,-1.0205835623744008
34914,5,-1.0064812517975876
34917,5,-0.998307884709369
34918,5,-0.985295987261166
34921,5,-0.9790818189460067
34924,5,-1.0276533923024287
34926,5,-1.0030657077923482
34935,5,-1.029970437982012
34940,5,-1.0181986080185705
34942,5,-1.0101595546279136
34943,5,-1.0473830277975877
34949,5,-1.054121801390278
34950,5,-1.0032185714105228
34954,5,-1.0010821292297596
34955,5,-0.9984874629179732
34957,5,-1.021739303028558
34961,5,-0.9744920676376929
34965,5,-1.0158299152872767
34974,5,-1.000974108304978
34992,5,-1.001621721555422
34993,5,-1.0115908400264848
34997,5,-1.0089795282037866
34998,5,-1.003366017107639
35009,5,-1.009831755449869
35014,5,-1.0136649971469014
35015,5,-1.0289630949858035
35018,5,-1.0060414695409077
35020,5,-0.9863767218907442
35026,5,-1.0277192374087585
35029,5,-1.000993209787109
35033,5,-1.010796492823308
35041,5,-1.0009010630247337
35047,5,-1.0362746756067016
35051,5,-1.0019990554696272
35065,5,-0.11893741649444373
35066,5,-1.0639021103522341
35067,5,-1.0228747805704879
35079,5,-1.0531960319708473
35083,5,-1.0007230224109938
35084,5,-0.9995774311956992
35089,5,-1.0061326407355031
35092,5,-1.023042812910632
35093,5,-1.0187060357904796
35094,5,-1.0140775424854023
35095,5,-1.007940974900241
35096,5,-1.010591723319561
35097,5,-1.0127561297852123
35098,5,-1.0180710809192097
35100,5,-1.038600230253823
35102,5,-1.011821808350281
35104,5,-1.006715859612348
35113,5,-1.0124869339547982
35115,5,-0.9989484233975524
35124,5,-1.0026027712002787
35128,5,-1.00079379892468
35129,5,-1.0265426355229976
35135,5,-1.0119393426397747
35139,5,-1.0127466847771895
35143,5,-1.0017457762459931
35156,5,-1.018481630206881
35158,5,-1.0025968814543593
35161,5,-1.0145066111262375
35164,5,-0.992031061651865
35166,5,-1.0057913035579977
35167,5,-1.0107209871643101
35169,5,-1.031171171311034
35175,5,-1.0181114087308365
35185,5,-1.021286938905454
35197,5,-1.0084997908837303
35199,5,-0.9734629278982652
35200,5,-0.9893214024403651
35205,5,-1.0036242319514939
35206,5,-1.051260722311913
35227,5,-1.0330391248794009
35237,5,-1.0904326070237382
35252,5,-1.0001362931366817
35261,5,-1.0295795513902117
35274,5,-1.036374558167395
35281,5,-1.0610310596209107
35282,5,-0.999301750075942
35293,5,-1.0349083754774147
35298,5,-0.9912439455139153
35304,5,-0.9983405354059453
35308,5,-0.9941046937132796
35322,5,-1.009906057340035
35323,5,-1.0028867914801454
35324,5,-1.0245785485070111
35327,5,-0.9972026505068572
35328,5,-1.00118534441558
35335,5,-1.0521183808119703
35342,5,-0.9903420889597692
35346,5,-0.884741876855277
35351,5,-0.9882226411475822
35354,5,-1.0284276872058202
35356,5,-1.0021095251764351
35359,5,-1.0338888385873095
35361,5,-1.0160387400217261
35368,5,-0.9997955774298575
35369,5,-1.014304372688817
35382,5,-0.9993536774086408
35387,5,-0.990838184783714
35388,5,-1.0202685407552
35391,5,-1.0071874031551449
35400,5,-1.0057352575615568
35407,5,-1.0126783830320358
35411,5,-0.99822944836296
35414,5,-1.0408936888064173
35415,5,-0.9950135257287289
35424,5,-0.9956577013446883
35425,5,-1.0012708421897907
35426,5,-1.0270850758991072
35427,5,-1.0183565425241043
35435,5,-1.0076256204566503
35438,5,-1.0029258414645958
35443,5,-0.9827298901676069
35446,5,-1.008847797859486
35451,5,-1.0110946124250304
35453,5,-1.0143690513353105
35455,5,-1.004125660442387
35458,5,-1.0320743558226384
35461,5,-1.0171801329300514
35465,5,-1.0231838655888423
35473,5,-1.0095600296296252
35475,5,-1.0093570294485694
35487,5,-1.0531743193981518
35490,5,-1.004096582112902
35494,5,-1.001266409728394
35501,5,-1.0191744494264512
35508,5,-1.0782805586098276
35511,5,-1.0667702607407277
35518,5,-0.9974239464618846
35519,5,-1.0373301763165221
35520,5,-1.0016355597935005
35539,5,-1.0104251546614353
35545,5,-1.0121989685144785
35546,5,-0.9994789681425852
35564,5,-1.0025156686548158
35565,5,-1.000417965296275
35572,5,-1.021736483531513
35576,5,-1.0138599116524891
35579,5,-1.006700203345675
35587,5,-1.012918537024021
35593,5,-1.0176771350668758
35597,5,-0.12903389583889857
35600,5,-1.0087181929031042
35625,5,-0.9945298287544344
35633,5,-1.0481018774907238
35654,5,-0.5653059359914495
35656,5,-1.0469074734864439
35659,5,-1.0026098598680067
35660,5,-1.0002589675322193
35661,5,-1.0168323182573875
35669,5,-1.0003668827182395
35687,5,-1.0080610507697472
35696,5,-0.9940746922018266
35697,5,-1.0442940896666033
35713,5,-1.049510359224649
35718,5,-0.9994526026321563
35720,5,-0.996213747038579
35724,5,-0.9999231431028988
35734,5,-0.9484253896199348
35741,5,-0.9956577013446883
35752,5,-1.0536625364118444
35753,5,-1.062581310081919
35759,5,-1.0008552997577307
35765,5,-1.0482435501434761
35770,5,-0.9881475803738664
35777,5,-0.9988442860773232
35782,5,-0.980869657154835
35790,5,-1.0314447929677657
35791,5,-1.0022733970829614
35792,5,-1.0336031650502253
35794,5,-1.0001467476179169
35806,5,-0.9841170885568635
35807,5,-1.0236885727220697
35817,5,-1.017299308676793
35821,5,-1.0055489492672125
35829,5,-0.999251750524352
35849,5,-1.0228408032118514
35857,5,-1.0118010745927992
35859,5,-0.9990348485009535
35872,5,-0.3942583087838484
35873,5,-1.0067711172648428
35890,5,-0.9981299433673823
35891,5,-1.0147724583744973
35892,5,-1.0176049998569718
35901,5,-0.9775476868749527
35911,5,-1.0051749175808569
35923,5,-1.0164246973655373
35927,5,-1.116218674514318
35936,5,-1.0136283155598824
35943,5,-1.005437326136955
35944,5,-1.0484693900277227
35946,5,-0.7745129642283968
35954,5,-0.9870974954022789
35961,5,-1.0198319884970515
35977,5,-0.9976541055764285
35980,5,-1.0105675978949877
35988,5,-1.0412573006669006
35992,5,-0.9989829575639249
35993,5,-0.9998778558375818
36018,5,-1.066843480364249
36030,5,-1.0791762018424498
36035,5,-0.34756934235368414
36048,5,-0.9996344009646192
36050,5,-1.241126073249819
36051,5,-1.0385998764328783
36055,5,-1.0111432036154675
36064,5,-1.0247887121122363
36070,5,-1.033711153113467
36074,5,-1.0195885425508286
36080,5,-0.7375468793450823
36084,5,-1.005870044300832
36087,5,-0.9969186356864715
36100,5,-1.0267262077364387
36101,5,-0.9989468586584196
36103,5,-1.0033336386057963
36114,5,-0.9974285329826903
36119,5,-1.0126165823581335
36130,5,-0.9924214284313656
36132,5,-1.0074225879492558
36135,5,-1.009441930593817
36149,5,-0.9943879265272615
36154,5,-0.9462480891188301
36157,5,-0.9993530574639194
36161,5,-0.9359989925665696
36165,5,-1.0048777395431974
36166,5,-1.0707857902143074
36170,5,-1.0138969909866034
36172,5,-1.0223811161946998
36174,5,-0.985581792021351
36176,5,-1.0038861897387124
36181,5,-1.046917285077471
36183,5,-0.21885310227736543
36185,5,-1.026670209255804
36186,5,-1.0072988664806017
36189,5,-1.0122744070231733
36194,5,-1.0359051090709834
36198,5,-0.7810669522902354
36199,5,-1.0228754981256087
36201,5,-1.0019467941994404
36202,5,-1.0070752113497916
36212,5,-1.0111909288119612
36218,5,-1.0004487110299702
36234,5,-1.0216289621424277
36237,5,-0.9878359458045318
36239,5,-1.087690496615524
36248,5,-1.0468516847782237
36249,5,-1.0044021833696095
36253,5,-1.0218180930913638
36257,5,-0.9115967000632583
36275,5,-1.1717671971741996
36278,5,-1.0338804888169884
36282,5,0.8114290722226007
36286,5,-1.007149909216725
36287,5,-1.1843835933952818
36290,5,-0.9935577735995758
36296,5,-0.9225597136707013
36298,5,-1.0057773783925075
36301,5,-1.0542098883160538
36308,5,-1.0036659499847693
36309,5,-1.001771809510541
36310,5,-0.7852581711874892
36317,5,-1.0368039223593914
36327,5,0.5795521219190969
36338,5,-1.014851762673784
36364,5,-0.9500728917764872
36365,5,-1.0174753917795556
36372,5,-0.9520270968931538
36374,5,-0.9827122798949735
36376,5,-0.9319394606599533
36378,5,-0.9957592233137488
36381,5,1.0459469285319678
36384,5,-1.27207760617202
36432,5,-0.9742638601647768
36433,5,-1.0548370998592675
36440,5,-1.0982961010416996
36444,5,-1.0144257300547652
36447,5,-0.9183434280546168
36453,5,0.7413680997281031
36458,5,-0.9377403661185291
36461,5,-1.0574783695533503
36472,5,-0.9488051889204658
36473,5,-0.9734507484026149
36475,5,-0.9638143858028254
36478,5,-0.8193435164705893
36479,5,-0.9546538890461259
36485,5,-0.9779329234138482
36494,5,-1.0974698566051595
36500,5,-0.9263354443725534
36505,5,-0.9160184257052228
36518,5,0.8953125532442205
36522,5,-0.9571622341601451
36527,5,-0.8073503208054458
36531,5,1.0101371557000873
36533,5,0.6493255592430192
36544,5,-1.0301094358243315
36546,5,-0.9140779599664491
36566,5,-0.8649422193423832
36585,5,-0.9458262121859807
36593,5,-0.884850779951091
36603,5,-0.9147552014095361
36605,5,-0.8959059165925165
36609,5,-0.9650160577089689
36621,5,0.8162342968665919
36630,5,-0.9458387005436664
36633,5,-1.0827564503909173
36657,5,-0.8444305472546368
36659,5,-1.0079580519999858
36666,5,-0.9818861439987854
36671,5,-1.0022344084091617
36684,5,-1.0558053088904127
36687,5,-0.9974349360301891
36691,5,-0.9087100453493246
36701,5,-1.0406772581123969
36718,5,-1.1127797555417054
36751,5,0.95127489403949
36756,5,-0.9742315364672172
36767,5,-0.9116048481402209
36774,5,-0.9944409654696189
36776,5,-0.9277526021743425
36780,5,-0.8793012193601109
36790,5,-0.9516886913763597
36792,5,-1.0295722269937897
36802,5,-0.9234149470851565
36806,5,-0.9241736465202416
36807,5,-1.011916417087463
36808,5,-0.9723553150471744
36810,5,-1.0056554721143358
36813,5,-1.0321993821125441
36817,5,-1.0244588965747858
36820,5,-0.9938692571001044
36822,5,-0.8669635945307776
36823,5,-0.8157317409737418
36825,5,-0.9491010213020097
36865,5,-1.2098593619557874
36868,5,-0.9677992645848683
36872,5,-1.049792075995075
36880,5,-0.9287068598754337
36881,5,-0.8529593217663309
36885,5,-0.9051855727555718
36889,5,-0.9586444397402946
36893,5,-0.9218405990060423
36894,5,-0.9743325751084049
36897,5,-0.8844667375986328
36898,5,-0.9904950022828738
36902,5,-1.1345445150955695
36903,5,-1.0554817596899229
36910,5,-1.0160191994698093
36911,5,-1.013206454028427
36912,5,-1.025851932671206
36920,5,-1.0850779198585982
36932,5,-0.9907733875913406
36933,5,-1.1927083180238465
36942,5,-0.9038651812013635
36945,5,-0.9301937979945232
36958,5,0.7790273231708034
36964,5,-0.7352643952249163
36966,5,-0.6903091630637945
36979,5,-0.7528210426699238
36984,5,-1.0595330834810457
36988,5,-0.7622570961522056
36990,5,-0.7370254803247669
37001,5,-0.9407181854159161
37006,5,-1.102149291621142
37015,5,-1.0135911487150018
37019,5,-1.002394569299927
37020,5,-0.8947671577604126
37024,5,-1.0193930602675694
37033,5,-0.9985701516382127
37035,5,-0.9217388301345248
37036,5,-0.8514964810274561
37040,5,-0.9496383976452862
37041,5,-0.9111313699020216
37043,5,-1.1652517127952957
37055,5,-0.780636467086576
37069,5,-0.6270615757532212
37075,5,-0.879683430768806
37077,5,-0.8616018933278772
37078,5,-0.8553171430802609
37086,5,-1.0254558326025016
37090,5,-0.9457763418484928
37091,5,-0.9261577812534836
37092,5,-0.9804934388708896
37098,5,-0.9825821154853543
37099,5,-1.0434977402103216
37102,5,-0.8881463357744542
37104,5,-1.1442778618943492
37108,5,-1.110787297803141
37114,5,-0.9133618783453402
37126,5,-1.221828419259972
37129,5,-0.7636087224617552
37131,5,-0.9499746491499894
37135,5,-0.8986510521841238
37137,5,-1.0756322290063947
37153,5,-0.8733129068451466
37156,5,-1.042663147357794
37164,5,-0.8915025662274707
37174,5,-1.044140565401861
37176,5,-1.1558224770155654
37179,5,-0.9744494829581173
37183,5,0.7622214089507076
37189,5,-0.9600463070566689
37205,5,-0.9987644346766401
37209,5,-0.9997837103765537
37215,5,-0.9998038998550209
37216,5,-0.7119318231003253
37227,5,-0.782971782404619
37236,5,0.9913116471671892
37238,5,-0.9909462217711783
37240,5,-0.909067583070828
37251,5,0.9438607300865662
37252,5,-0.7816401596845288
37254,5,0.3942718963166765
37255,5,-1.0563853815137783
37257,5,-0.8074645460004022
37259,5,-1.0197576546670062
37261,5,-1.0060949409574669
37268,5,-1.08960418524214
37279,5,0.8135788534282322
37281,5,0.7307560047445889
37282,5,-0.9405846440627637
37288,5,-1.1264542727435432
37290,5,0.49135082093294513
37291,5,0.9033145617533835
37294,5,-1.0846181378556081
37301,5,0.4159977958919794
37302,5,-0.9795437636198696
37307,5,1.065275038467533
37308,5,-0.9341620539490822
37309,5,0.8204381150253643
37324,5,-1.0512276245814052
37327,5,-0.9662539169015634
37328,5,0.9559753087419813
37332,5,-0.8450515270199339
37334,5,-0.8884211360742557
37335,5,-0.899009535759878
37337,5,-0.9360532882933811
37341,5,-0.9797481775890584
37343,5,1.031102586140742
37346,5,-0.8361717742685104
37357,5,-0.9516491525238684
37360,5,-0.7905220696796653
37368,5,-1.1085513938284617
37382,5,-0.904141936082316
37389,5,-0.9730784947492936
37392,5,-0.7857039861759463
37394,5,1.112780887439957
37396,5,-0.9639258842325398
37406,5,-0.8664101840945982
37414,5,-0.9312732244053363
37421,5,-1.088746191277778
37424,5,-0.9657699163992819
37448,5,-1.0597500826163921
37453,5,-1.022175892831303
37457,5,-0.9918112040571181
37461,5,-0.17454742825837982
37483,5,0.8543985841714747
37484,5,-1.0507386044093991
37493,5,0.7867288994052726
37501,5,-0.7925557023697818
37507,5,-0.985347937525568
37513,5,1.0579622255060146
37515,5,-1.0053683440169991
37540,5,-0.7742214250716447
37548,5,-0.8241270535772851
37553,5,-0.9909023310865986
37558,5,0.5713512728626982
37572,5,-0.8394006565454144
37576,5,-0.9371164636598431
37583,5,-0.8223250205291532
37584,5,-0.9390499385960687
37586,5,-0.9287582421453348
37592,5,-0.85933550987108
37595,5,-0.7908873238378155
37598,5,-0.8847845569828667
37615,5,-1.0662347316423557
37626,5,-0.820442618487025
37662,5,-0.9810853967793878
37663,5,0.9237512136404158
37668,5,-1.006146946417247
37677,5,-1.0806313050818348
37678,5,-0.7920485879888067
37683,5,-1.0186243237965882
37688,5,-1.2212773552072496
37692,5,-0.9519441045377633
37703,5,-0.8609897459134834
37709,5,-0.9734283914652864
37725,5,-0.7623724352852245
37735,5,-0.7670694891598335
37737,5,-0.834813895137066
37749,5,-0.9833448550397752
37762,5,-0.9215712650257727
37767,5,-1.0777312968642314
37768,5,-1.085166010928443
37769,5,0.9261389605761958
37777,5,-1.0910872478540115
37783,5,-0.9828863073491763
37785,5,-1.038228080280111
37794,5,-0.9247376740232318
37795,5,-0.8159634467231668
37797,5,-1.1172514372487197
37800,5,-0.951851770742241
37803,5,1.0827528036123637
37804,5,-1.0138776502086067
37812,5,0.6989855923857966
37817,5,-1.021994943161955
37823,5,-1.1089094333146092
37828,5,-0.8298205890901436
37832,5,-1.0533886570718929
37840,5,-0.8937721380613604
37856,5,-0.9636448014560448
37860,5,0.21654298053010868
37861,5,-0.8732903892838064
37866,5,-1.0051109731998173
37867,5,-1.0015999427227735
37871,5,0.6965349565884644
37872,5,-0.8372649367709742
37880,5,0.4737350542813519
37882,5,-1.1519945290829012
37887,5,-0.917107478879389
37890,5,0.9805851250001703
37905,5,-0.9950619394702993
37910,5,-1.053537616789392
37913,5,-1.1683085498122139
37915,5,0.950470032549313
37916,5,0.9925767498534066
37923,5,-0.8454876061918213
37927,5,1.115047460255779
37930,5,-0.7933818173235433
37939,5,1.0353485055128733
37943,5,-0.8932964519668876
37954,5,1.0725490401953401
37974,5,-1.0444274105168132
37978,5,-1.0724702161086026
37984,5,-1.0001313086184087
37986,5,-0.9572294885877479
37987,5,1.0836438683340484
37991,5,-0.9983200460340518
37995,5,-0.7906678613176983
38007,5,-0.9340862977839248
38008,5,1.131690871428891
38014,5,-1.045751723545138
38015,5,0.8352051907048121
38020,5,-0.8039555745336233
38031,5,-1.1210926287047842
38048,5,-0.9528729426740751
38064,5,-1.1789223294588016
38068,5,-1.1937853185399587
38086,5,0.7522184906525147
38106,5,1.065198888959804
38108,5,-0.9755534622845025
38112,5,-0.8852614865804054
38118,5,-0.9863789506742329
38132,5,-0.9688871727961428
38140,5,-0.6849556589801798
38141,5,-0.7673788417136498
38143,5,-0.9025075075915288
38146,5,-0.9909449907392434
38147,5,-0.9315465305982964
38166,5,-0.9826939014999644
38172,5,-1.0332936712270528
38175,5,-1.0561248471351319
38180,5,-0.9078193729349227
38192,5,-0.8061844124077477
38196,5,-0.5518276033023974
38197,5,-0.35641556080001857
38199,5,0.6142986105176611
38204,5,0.06583741765495632
38205,5,-1.0052154338829655
38210,5,-1.0626462287936813
38213,5,-0.9977310099213015
38218,5,-0.932674913875369
38219,5,-0.9856025462090228
38220,5,-1.1382967053132544
38221,5,-0.8070615013974066
38222,5,-0.8070615013974066
38224,5,-0.7752755838382808
38241,5,-0.9640701670769432
38257,5,-0.46967937947875915
38261,5,-0.9881629734780628
38266,5,-0.9189788591556316
38267,5,-0.9116717625249411
38268,5,-0.4696163264346105
38270,5,1.1362500794111126
38296,5,-0.9990608763065973
38297,5,-0.8962083254312035
38303,5,-0.9387455181970668
38305,5,-0.6951150335811158
38322,5,-0.8640359517130363
38323,5,-1.0494444449078273
38332,5,-1.1326549987104237
38345,5,-0.901094794790092
38350,5,-0.6129486071387988
38355,5,-0.8361525452358387
38358,5,-0.9583855485630262
38371,5,-0.6654783624871373
38375,5,-1.1665928903405365
38395,5,-0.8842756864627721
38398,5,0.8680491992655812
38400,5,0.7954318452985611
38401,5,-0.849819415831312
38410,5,-0.6721450495042718
38418,5,0.7459065491949515
38420,5,-1.1319240264815247
38430,5,-1.035370496011598
38447,5,-0.59250046736003
38452,5,0.4358944981419648
38456,5,-0.6383609388008089
38457,5,0.839537875101841
38459,5,-0.8741940147567463
38467,5,0.0032610620880821894
38468,5,-1.029762095357698
38482,5,-0.8407836438478629
38490,5,-0.9021883422691033
38492,5,-0.9953864969639467
38493,5,-0.4643587681106015
38500,5,-0.4041798364537724
38501,5,-0.8181361714982452
38508,5,0.8574357449367083
38511,5,-0.3244255870954797
38535,5,-1.1473954563132227
38539,5,0.8011248992849185
38542,5,-0.5962013761333269
38550,5,-0.7032882347556899
38552,5,-0.9236665920431568
38556,5,-0.8802843716946025
38557,5,-0.8633008594079321
38569,5,-0.9331105498285868
38572,5,-1.1321139405947023
38575,5,0.753893992999844
38577,5,-0.8633008594079321
38587,5,0.8955455395774303
38589,5,-0.7994927093617352
38604,5,0.8476928749585917
38605,5,-1.0344372188654867
38606,5,-1.1991116148212553
38622,5,-1.160471882799645
38624,5,-1.3290066539858225
38651,5,-0.36074290597347153
38653,5,-0.5638639702267992
38654,5,-0.7658832812107731
38656,5,-0.7325776483511741
38657,5,-1.0237310903237655
38665,5,-0.8740789626233493
38670,5,-0.9144271854437802
38674,5,-0.9547724522718055
38676,5,-1.0398583431142125
38677,5,-1.1313253381912356
38685,5,-0.873988684850603
38690,5,-1.0347208765052742
38698,5,0.1627734838982431
38699,5,-1.0284915089326976
38700,5,-0.367770242623728
38731,5,-1.0080808378135022
38743,5,-1.0702477739800802
38752,5,1.140599498532004
38753,5,-1.1152242767703113
38769,5,-0.8250648249673749
38776,5,0.2730541395513064
38781,5,1.1830450758633078
38806,5,1.055926084331452
38808,5,-1.2068515793194918
38810,5,0.710708251177226
38826,5,-0.9462786801896012
38829,5,0.9595962087187557
38831,5,0.8572823530702314
38837,5,0.54236356727618
38841,5,0.8411258682155516
38847,5,0.9574061634768776
38848,5,-0.9649512698312259
38849,5,-1.1316870265747054
38855,5,-1.222611206846607
38859,5,-0.9524803783326248
38864,5,-1.2226477901498052
38867,5,-1.0022006927512557
38870,5,-0.9799556272488437
38871,5,-0.9282354236788072
38873,5,-1.1062534777411266
38875,5,-0.9846372656580062
38888,5,-0.941888388619034
38895,5,-0.9718675552439893
38896,5,-0.6654762810481507
38904,5,0.3185105083576518
38921,5,-0.5965860987371858
38923,5,-0.9103127016427845
38924,5,-0.5976026578958813
38928,5,-0.7550836334960316
38929,5,-0.9135539233629364
38932,5,-1.0230879364701826
38934,5,-0.8475521501953347
38947,5,-0.9811742925771016
38960,5,-0.22193364848413505
38966,5,-0.7557833531739886
38982,5,1.0134796719370551
38985,5,-0.39313341188501016
38986,5,-0.8791476902133974
39001,5,-0.5526626383059426
39008,5,1.0063473207120988
39010,5,-0.2625079881933715
39013,5,-0.6019779158971564
39022,5,-0.07025573550929831
39023,5,1.1624315626964483
39027,5,-0.17626007068916633
39041,5,0.6045959848049827
39045,5,-0.3411849845318948
39055,5,-0.9573004044040846
39059,5,-0.8829691872110274
39064,5,-1.117166734667332
39066,5,-0.47802198691025244
39068,5,1.0674713528506856
39069,5,-0.5996158733532626
39074,5,0.7443979741775777
39076,5,-0.4109558055976854
39078,5,-0.7679875095789296
39080,5,-0.055378512923403345
39081,5,-0.0807807556510427
39085,5,-0.055378512923403345
39086,5,1.0081058473476372
39087,5,-0.33406245215365343
39092,5,-0.0840834241480537
39093,5,-0.2698867448540274
39099,5,-0.22414617719218471
39110,5,-1.0140433958160588
39113,5,-0.058991683032527664
39116,5,-0.16855125264124787
39118,5,0.9941555817461123
39121,5,-0.0988916499079402
39122,5,-0.5484044411100949
39124,5,0.8345842428202597
39131,5,-0.09136825222438294
39135,5,0.9789452293351846
39136,5,1.0334560915899897
39140,5,-0.06375023040085925
39141,5,-0.2443480604506134
39148,5,-0.10313252289415475
39157,5,0.6227271639068774
39159,5,1.0395319891406734
39161,5,0.4440986517409955
39162,5,0.1389230307971442
39168,5,-0.6477810858368922
39174,5,-0.40254029732933316
39177,5,-1.0333535684711386
39179,5,-0.9275066594396213
39191,5,0.5044243363923486
39194,5,0.6547343740188074
39206,5,-1.003507025700169
39213,5,0.5236465137713222
39214,5,-1.0958194864741955
39219,5,0.578387665705592
39221,5,1.0592613406439086
39227,5,1.119009136699388
39240,5,-1.1411544964218199
39247,5,-0.4885363274395497
39251,5,-0.9091971478160323
39252,5,-0.39024298339885183
39257,5,-0.8516865936324842
39261,5,0.8587786415768799
39269,5,-0.7390583806547666
39274,5,0.9610694525478347
39278,5,0.3250895483583337
39281,5,0.21100334625630268
39287,5,0.8902066319133366
39293,5,0.13000192098928687
39296,5,0.7496707636471196
39300,5,1.1555874672377824
39310,5,0.5037114416795969
39321,5,1.048661624772575
39324,5,0.1376234939088149
39325,5,0.8755015992394648
39330,5,-0.4958204238958739
39340,5,1.1609763318779158
39345,5,-0.6001589926520524
39347,5,0.6913019213756486
39357,5,0.3711128757189124
39365,5,-1.0651139800410383
39378,5,0.9588868133399007
39390,5,-0.5464971661156589
39398,5,-0.06361653930118216
39405,5,0.38254975513817724
39406,5,-0.5539919070860999
39407,5,0.9570026538814722
39420,5,0.15397659478529746
39421,5,-0.7211893605270354
39423,5,-0.2884738104353254
39435,5,-0.10470732751278333
39436,5,0.26356786399718246
39437,5,0.9306922438980121
39439,5,-1.1953468496237203
39449,5,-0.20940606563764197
39453,5,1.230712148977907
39455,5,1.0233287900855288
39456,5,0.740295722931027
39467,5,-1.0560272646045543
39470,5,0.8416631981008831
39494,5,0.6508640848079734
39495,5,-0.28178890088596764
39496,5,-0.2909519271575625
39512,5,0.007838744322530511
39514,5,0.992899366547755
39515,5,-0.8840339765750922
39516,5,0.786864131899981
39519,5,-1.1328135140417663
39521,5,-1.0446869448094327
39532,5,-0.2286671339332631
39537,5,1.2308801204960982
39538,5,1.075003818000408
39540,5,1.0125478491178086
39547,5,0.1604142105594224
39556,5,1.0413427189786983
39560,5,-0.2784614410140488
39567,5,-0.058389616034691505
39578,5,0.2655895514748695
39587,5,0.811783425719445
39590,5,-1.0797235272024386
39595,5,-0.6880822523304416
39596,5,-0.43623578691298204
39599,5,-0.5589674441603327
39612,5,-0.44960188981413984
39624,5,-0.7817207462343836
39634,5,-0.5640987138747124
39640,5,1.0337854683459489
39645,5,1.3980838479068598
39647,5,-0.5333652425647463
39651,5,0.8910002411642626
39661,5,1.4810999044445088
39663,5,1.3043435383802673
39668,5,0.8693060022804016
39673,5,-0.943615515103716
39676,5,0.8244916414907661
39680,5,1.1630080239170852
39700,5,-0.26189185905469725
39701,5,-0.8063565260840608
39704,5,0.4225844718629186
39726,5,0.456453126477391
39727,5,0.9484826526230805
39733,5,0.9943453803407769
39734,5,-0.20435597164122354
39742,5,0.7436576870620044
39745,5,1.2948043901431971
39750,5,-0.20771128463060595
39751,5,-0.25675607968552644
39754,5,0.5763825612254931
39755,5,1.0572503331607126
39763,5,-0.7673627564698621
39769,5,0.9357657207456553
39789,5,-0.5866318083537543
39799,5,-1.1788293146503437
39809,5,-0.8542913111118284
39810,5,-0.7253182664065855
39813,5,-1.0097638680259802
39824,5,-1.3176489714684134
39825,5,-1.2179770010206084
39826,5,-0.9808948369271598
39837,5,0.5326368702919757
39844,5,0.910921735373073
39848,5,-0.2875141523105522
39856,5,1.0209074332699088
39857,5,0.5253249477456974
39859,5,-1.2922443117468208
39860,5,-1.0655856805419388
39863,5,-1.3383041771225699
39888,5,-0.3668942288703183
39890,5,0.08412146051614733
39892,5,0.23412011441503588
39907,5,1.036163185670308
39908,5,1.2013727699430825
39916,5,0.2793089647287865
39920,5,-0.920866407775544
39924,5,-1.3046787799072779
39932,5,-0.7569496715254106
39938,5,-0.7083431603719321
39950,5,-1.0240268190276767
39951,5,-0.821155782462287
39955,5,1.1307721896342111
39961,5,-1.1135342233459258
39969,5,-0.7187917106458075
39975,5,1.1177142184588738
39992,5,-0.16526877865690992
40002,5,-0.2337416567672348
40007,5,-0.8755247921896607
40008,5,0.01138706883424101
40019,5,-0.8210290544551638
40025,5,-0.5030023343421575
40033,5,-0.19374793013946146
40042,5,1.0911544813671272
40049,5,-0.16065057997157528
40057,5,-0.4767324721924193
40065,5,1.1684684871115683
40069,5,-0.08051711816874385
40074,5,-0.9189240522870181
40084,5,0.45359377460156036
40096,5,1.1384028118351814
40102,5,-1.069068175709361
40104,5,0.8308774033187998
40116,5,-0.4047377543650453
40126,5,0.8671602469799959
40135,5,-0.8029399785342001
40137,5,0.32172261610766095
40141,5,0.8545507297342099
40147,5,-0.21523045745021807
40148,5,-0.887323505238087
40154,5,0.7396509985614916
40158,5,1.1877871672747244
40163,5,1.1384293168956867
40170,5,0.22575145646442363
40178,5,0.8317061355977826
40179,5,0.6511304480916047
40184,5,1.1317089143138004
40188,5,1.2279487534363107
40197,5,-0.0718727832998276
40199,5,0.13695881054872805
40234,5,0.7390846562359292
40236,5,-0.13266188143954977
40246,5,-0.27999993473582196
40250,5,1.1160279319414836
40259,5,1.0715489840901433
40260,5,-0.1953020131663945
40262,5,0.8276968711852419
40268,5,-0.9491218120765816
40280,5,1.130752072378358
40282,5,0.2815642726204537
40285,5,-0.6576978668594264
40293,5,0.9431870253468695
40299,5,-0.5999026904663068
40302,5,1.2255561179287846
40306,5,0.9862739669132747
40307,5,-0.6241851094669641
40326,5,-0.09760199931320246
40328,5,-0.15998680112853964
40330,5,-1.4122596340067164
40331,5,-0.3031480231866811
40341,5,-1.3214722164312267
40344,5,-0.197900501265507
40352,5,-0.5460377622862087
40356,5,-0.8445952215010493
40362,5,0.8315819801255031
40365,5,1.1218334820953415
40370,5,0.9916672284903485
40371,5,0.47299888915007493
40373,5,1.40973585462953
40401,5,-0.311020719840464
40403,5,-1.0553549449542559
40404,5,0.16214011016780727
40409,5,0.23811618606936868
40418,5,1.1411816953911786
40423,5,1.4282422434939803
40426,5,-1.1906946135140974
40427,5,-0.844468970662591
40433,5,-1.2458736455552164
40436,5,-0.5829762882701379
40439,5,0.8717852289038193
40444,5,-0.9771115314549553
40446,5,0.4267407611829577
40450,5,0.8102101610206027
40469,5,0.8486961854903698
40482,5,0.23608460616167837
40483,5,0.3242383449136058
40484,5,1.2912504963445124
40496,5,-0.3796617976006782
40498,5,-0.44507093343399284
40506,5,-0.10637206921304632
40507,5,0.9214424146226625
40512,5,-0.5729170551698552
40519,5,-0.4835677024919145
40525,5,-1.1262112522463141
40526,5,-0.9746846159098983
40533,5,-1.1990101407346352
40541,5,-0.017121403026156168
40542,5,0.01726820349301672
40544,5,-0.07483560730693173
40553,5,0.5377280994542524
40562,5,0.9655042150352477
40566,5,1.012921791827749
40567,5,1.089088022782236
40577,5,-1.0388112359554469
40582,5,-1.1682250015328726
40593,5,0.15994327428276556
40597,5,-1.208295674553515
40602,5,1.017355465503358
40603,5,0.5081771548485623
40608,5,-1.0242448248494946
40609,5,-0.9351479195084645
40628,5,0.0708841377739986
40630,5,-0.020335469908901116
40631,5,-0.2513326144951475
40644,5,0.8153349510480841
40653,5,1.26645734084647
40657,5,-1.0042260140209325
40664,5,0.3373803363951575
40667,5,-0.5080527645961977
40668,5,0.9618708473337942
40678,5,0.8240002618171085
40682,5,-0.7971399771699134
40684,5,0.9469621541269981
40687,5,1.0290037087530008
40689,5,0.9938362624724879
40698,5,0.4019535534967562
40701,5,-0.8974024438964185
40706,5,-1.225965945536064
40717,5,-0.5072669675994945
40727,5,-0.045292947255144655
40731,5,0.8789052023005026
40749,5,-0.12661337982618792
40757,5,0.6305329187008244
40763,5,0.022448928485476194
40787,5,-0.8744713806811182
40804,5,-0.8018615899230945
40811,5,-0.27118351368596194
40813,5,0.8707245170060907
40815,5,-1.0821502167660901
40816,5,-0.21166895017703308
40817,5,0.3963392376304191
40831,5,0.2256785726870747
40835,5,-1.4077613067413406
40838,5,0.22274830878552077
40841,5,-1.1462449455769816
40849,5,0.6847624186644312
40858,5,-0.7449467700057297
40864,5,-1.4438602124888518
40869,5,-0.6168700702654006
40872,5,0.15491221699499347
40877,5,-0.44121373615055526
40880,5,-0.3936380072623843
40883,5,-1.4652336865993
40888,5,-0.6586373004353044
40898,5,1.1210780705816659
40899,5,-1.1282616025349042
40900,5,-1.4046119782961113
40903,5,-0.1723265729728331
40909,5,-0.9070998090526757
40914,5,0.5934218248885164
40919,5,-1.5923073163437942
40928,5,-0.5830496347406959
40939,5,-1.2894519828070434
40941,5,0.5320380641423008
40946,5,-0.8774727347775678
40948,5,-0.9743001323148076
40953,5,-0.21008222046621283
40956,5,0.5533911444712647
40957,5,0.9456670713788764
40961,5,-1.0098037085242946
40964,5,-1.0114417643578577
40980,5,-0.9773289841075765
40990,5,0.6287346804105383
40997,5,-1.0667931064738438
41001,5,-1.0161327175578903
41004,5,-1.00876515053799
41010,5,0.7952595829989328
41011,5,0.2703326903089103
41016,5,0.9495964267947068
41021,5,-0.5907012353430072
41024,5,0.7564092467722392
41028,5,-0.2600798039226222
41036,5,-0.09540252657068538
41037,5,0.9312442783627157
41038,5,-1.328961868009372
41043,5,-1.5708724674764052
41047,5,0.3420752136776757
41068,5,0.812388376377317
41081,5,0.13314841805543876
41094,5,-0.9990634631633168
41095,5,-1.1658242880025815
41103,5,-0.8654555780734171
41106,5,-1.139855833228225
41108,5,0.6977640985281948
41116,5,-0.6847599530503545
41117,5,0.4009317942827011
41118,5,-0.8280620344657137
41124,5,-0.1509057162020337
41127,5,-0.6050459523289546
41132,5,1.015322397434074
41139,5,-0.12963234597480655
41152,5,-0.96795324407031
41157,5,-0.8640522495093318
41171,5,-1.1124627705914016
41187,5,-1.0073528729031869
